PC1,PC2,gene,cluster,membership
0.019263154751838873,0.05962779226959314,MMP24OS,C3,0.9997906516825584
-0.01634639009345027,-0.008470694545288102,ESYT2,C2,0.961053023897504
-0.002508140868611052,-0.012233580142086002,ILVBL,C2,0.8479264887064927
0.020138968613053834,0.0018303935301130696,FSD2,C1,0.995374274559766
0.006653364710043002,0.03558514518428811,TARS3,C3,0.9983438751416616
0.0031241133349701423,0.028513755898828496,VWA8,C3,0.9996330649337608
-0.004616528532304314,0.00317317897262658,CARNS1,C2,0.8175261670935805
0.014754126061347822,0.001998056561405094,MAP1LC3B2,C1,0.9942017093275188
-0.007049298645018025,0.006500152802608345,PGP,C3,0.7410358730825224
-0.018269897161745676,-0.0020784101237216576,DHRS7C,C4,0.6459434238134778
0.02033573963552816,-0.03128500668656303,SMTNL1,C4,0.8838572321211766
0.0027961571036435933,0.031194438864669775,NUDT19,C3,0.989461451909665
-0.012361952511599151,-0.012650478746199859,NACA,C2,0.9999832399651452
0.013407778942892742,0.003467207294413137,SLC35A4,C1,0.8878802335785677
0.022136959837793603,0.023139219885005884,PDLIM1,C1,0.8492050749800668
-0.01467879916504111,0.007465095466205993,MYO1C,C2,0.8164499292436042
-0.01040759616955796,0.002411927715720714,FXYD1,C2,0.6431906659625528
0.008586005612106857,-0.015918685867502932,STXBP3,C1,0.6013559405720119
0.011137379042228515,0.051793213941608955,NDUFS8,C3,0.9998843967832564
-0.005565670849517677,-0.013373452559898726,PSMD11,C2,0.9493335082521238
-0.013064544725831385,-0.016934005827681047,PSMD12,C2,0.9915794054644884
-0.001291202598218072,-0.009499055486847784,PSMD9,C4,0.6366079370720356
-0.020679983777032312,-0.030722645968532105,PGRMC1,C4,0.7623739874876988
-0.0036902537541000763,-0.013306249697973805,CLIC1,C2,0.8663193310091076
-0.008402161193039343,-0.0035483452103291842,EIF3F,C2,0.9679875785591088
-0.0018209238858397394,0.024621479523065124,PDHX,C3,0.999998192327016
-0.010792070819402042,-0.022549088783143108,DCTN6,C2,0.9980511373568504
-0.009766156237345513,-0.016295711738825634,IPO5,C2,0.9124820017368688
0.006007160095527919,-0.008206225232807179,EEF2K,NA,0
0.001845631438618743,0.002468669293377123,EML1,C4,0.9811708767412074
-0.006958549465558905,0.013671515959748116,DNM1L,C3,0.9671372550732218
-0.006769048361317073,0.014712788516202361,RTCA,C3,0.936719395323056
-0.005521465725007141,0.02775689152113496,NDUFA4,C3,0.999808095816364
-0.007340784203603341,-0.012617178521446308,PSMD14,C2,0.996984530028591
-0.008864865617930203,-0.023020893042637238,BIN1,C2,0.998558044122894
-0.0026228047390335595,-0.029745135133757254,KPNA3,C2,0.997411959433452
0.015417476067334752,-0.010235897200012688,DDX3X,C1,0.9946021825470744
-0.0037355864429971025,-0.015116956529497072,KPNA4,C4,0.6966321027171561
0.0014093009793825185,0.01978045878381689,CES2,C3,0.9052561115949226
-0.005122724509296611,0.005349646304281748,FBP2,C4,0.9667592903028032
-0.003173751761186082,0.0010426809622862633,PDXK,C4,0.9730558467902596
-0.017975758700034525,0.02697232384301579,SDHD,C3,0.9883691939187066
0.009831582969276472,0.03167351948423318,COX7A2L,C3,0.9977083418403936
0.007930822275485035,0.022638437354839128,GAPDHS,C4,0.5916202493729243
-0.01770004779999788,0.020018537620077898,HSPB6,C2,0.5795261306272561
-1.0999032411531096e-4,0.03597160045708703,NDUFAB1,C3,0.9997725775127216
0.005405102730252199,0.001366137903405252,IMPA2,C4,0.9991452614909464
-0.006806464602771051,-0.004680172115152268,PDCD5,C4,0.6798806045489757
-0.012611760563861266,-0.018501316914846425,PRMT5,C2,0.806574085463815
-0.0049336520367729625,-0.017856916771158502,PSMA7,C2,0.7233081306937111
-5.592752355403005e-4,0.017939770957785647,OPLAH,C3,0.8685649208644829
0.006007834960461253,0.01716904483186309,MGST3,C3,0.7201266143902031
-0.0012153814346199633,0.012915444422305055,RGS12,C3,0.6851061283503278
0.005593917476144661,-0.04900177307972454,HAT1,NA,0
0.0052751541864029415,0.041379504905924805,UQCRQ,C3,0.9999963512439316
-0.0014490927699628263,0.01586227977096501,MYL12B,C3,0.5389666732659587
0.009033950760439887,0.05500350644314723,UQCR11,C3,0.9998072201992868
-0.010064697549164815,-0.011509512310554281,CASQ2,C2,0.9983817802044032
0.003263524744198722,-0.028879683421016388,HGS,C2,0.8727291574298358
0.005806965898937129,-0.009148261882344858,HNRNPDL,C1,0.6974096082316885
-0.005117717819075636,-0.005474634973248051,XPO1,C4,0.9967039330290032
0.0012202096446747269,-0.03762617335813147,ATP2A1,C4,0.998170686195822
0.010450997062130214,-0.01692189328340449,SYNJ2,C4,0.9949916714790304
0.049202727807808856,-0.023729167115346853,SYNM,C1,0.98967482110177
-0.016025598877140175,6.134401195771565e-4,ARPC1B,C2,0.9806459703216334
0.008684046084395615,0.004580828940954538,ARPC2,C1,0.8465504241063104
-0.019016190328043057,0.005692774334584543,PGRMC2,C2,0.946820773120446
0.004149330934623205,-0.0019026905276729156,PFDN6,C4,0.5303328824691927
0.025586868858206043,0.054187488232588454,NDUFA1,C3,0.9299932998515736
-0.018083465633537545,-0.023650072568583525,SURF4,C2,0.9983864669191896
-7.130924804031391e-4,-0.01929125307019127,MAPK13,C4,0.9797510684845062
0.04514298179281465,-0.004878470877200633,TCAP,C1,0.998786296281418
-5.123085371690102e-4,-0.006746317781365864,PMM2,C2,0.6520958427853246
0.0112872784475328,-0.0058069915395803995,EIF3D,C1,0.9852647201816052
-0.0036571875598592467,-0.030931795646407315,EIF3H,C2,0.5694539924204183
0.008185819801730613,0.03144853600078562,BCAT2,C3,0.9978428924335908
-0.015869203863170353,-0.021534300534472323,STX7,C2,0.9974858915452142
-0.003710003152022332,0.02315458982878264,SLC16A3,C4,0.671902948087546
-0.00172114287964843,-0.008644814807292168,YKT6,NA,0
-0.008626034008699983,-0.007116464177825234,ARPC5,C4,0.7295101096271442
0.009638816070421203,0.011200887599914803,TAPBP,C1,0.5140049390599015
-0.008216955785459865,-0.0022641281437464963,DHX15,C4,0.8878531732878625
-0.009988498007097705,-0.008593304678243237,CYB5B,C2,0.6010212601362103
0.020150779312572593,0.028478142313582526,NDUFS4,C3,0.7454813174738069
-0.00676433875191539,-0.0017751659907336021,DYNC1LI2,C2,0.7323492025754592
-3.9973280066580224e-4,-0.02476338584695673,PSMD3,C2,0.5106938171259255
0.014411010604410919,0.018744931230660077,RASA4,C1,0.6267517649700067
-0.0014751970198489308,-0.009940076633872603,HNRNPR,NA,0
-0.005818938541462726,-0.011303034212855162,TXNL1,C2,0.6119303695375782
-0.0029995932112256555,-0.005694488817550072,TPD52L2,C4,0.9019970575018964
-0.009119054880789266,4.903303028394752e-4,ERI3,NA,0
0.0018418955846309613,0.024146829010260377,AKR7A2,C3,0.9994018213060406
0.007951879539396831,-0.007362256627570528,LAT,C4,0.983245574098097
0.006474122286973745,-8.650785224466211e-4,DENR,C1,0.9231496787560975
0.0038283148270580555,0.01273812400475739,DNPH1,C4,0.7504417786065287
-0.009991749020140467,0.037989644628579504,TIMM44,C3,0.9999950817564452
-0.005003306200656905,-0.006057156527068269,TRAPPC3,C2,0.7995190511417692
-0.010779829041791592,0.008330933728744258,CHMP2A,C3,0.5480649973036196
0.01721532559652572,0.03900679418875926,NDUFB5,C3,0.993792788212842
0.008563792248427068,0.04573504111049168,NDUFB3,C3,0.9991789578690295
0.0047086541565163195,0.032887327613869054,NDUFA2,C3,0.9970522596601872
1.9970977144433388e-4,-2.886413000489561e-4,BUB3,C4,0.59517848413462
0.14606718596409715,0.011942700090483385,ACTN4,C1,0.999938131632332
-0.024027563437391878,0.00934229505997424,GSTZ1,C2,0.8809256628314875
5.505941992556804e-4,4.358919440241765e-4,PRKAB2,C4,0.7562148031145283
-7.738936369149945e-4,-0.012032374633463641,AP1G1,C4,0.7926104769420692
0.00493720586488148,-0.010575915447129781,SYNGR2,C2,0.7036905019329366
-0.010520964035551581,0.010508081880849852,SGTA,C3,0.6678222201749044
0.012296637787580373,0.008810397857781224,ENSA,C1,0.8012988365252485
0.0016143082533408464,0.05510740239709067,SLC25A20,C3,0.9999919835459288
-0.004930220447706157,0.00204082551188814,NARS1,C2,0.9820277720992152
0.007743104056080923,0.011921431506903321,LANCL1,C4,0.5111229787714545
0.005285205700932755,-0.01660313811435949,SLC37A4,C4,0.9515165560580514
0.008930840987090809,0.03297631672382155,IDH3B,C3,0.9999038707095596
-0.008500205991936032,-0.004170772018487932,CALU,C2,0.9775705197978504
-0.02151170375326845,-0.005672261732463914,AHCYL1,C2,0.917535900455978
0.02794219516783581,0.04769978467634752,NDUFS5,C3,0.9741763391196137
0.042482452667659425,0.05630214330210647,TIMM8A,C3,0.6449518975700346
-0.016630284020070493,0.0013881927022496507,PPP1R12B,C2,0.9538896246948652
0.00523109478225913,-0.0386612783015705,PRPSAP2,NA,0
-0.005027687503636504,-0.03486983675517152,SPAG9,C2,0.9990384731204242
0.005263568566451112,0.03025307660182782,OPA1,C3,0.9999254767409992
0.0018709497973317737,0.007993668646395684,TBC1D4,C4,0.6474350284696292
-0.0017110982277073162,-0.006818417442211498,SNX3,NA,0
-0.0029436512465703217,-0.011023253262810982,SYNCRIP,C2,0.8901315721522941
0.0034899530336809617,-0.00675651920600593,SELENOF,C1,0.6264469354418797
0.013300086681435157,-0.025286719994965665,KLHL41,C2,0.801821914814702
-0.00817710098457405,-0.00930394478040259,PLIN3,C2,0.9989506614579924
-0.006429580060151861,-0.007118691127032731,KPNA6,C2,0.9073344643778328
-0.0052343590667254785,-0.009383736499012457,SNX2,C4,0.9454177960898044
-0.003381795034308122,-0.019360318691538182,USO1,C4,0.9998081481324804
-0.002279524775065676,-0.005941871352646293,TOM1,C4,0.9444589642915534
-0.010101574938900605,0.03940782157128899,PFKFB2,C3,0.9999844193783036
-0.010158435946052716,-0.0106061180760106,EDF1,C2,0.9867011847891348
-0.011439498000342682,-0.0013727913862766662,DNAJA2,C2,0.9990509836207434
-0.018056216275618233,-0.0173475921337677,CUTA,C2,0.5513630001670058
0.010538316112912437,-0.008937165475497685,PFDN1,C4,0.6301420259638856
-0.005921458909954216,0.016179930260571015,NOL3,C3,0.973113558786765
-9.903890077588057e-4,-0.017632825535928494,WDR1,C2,0.7302729852508154
0.0286791620929159,-0.003624535568131941,LDB3,C1,0.9999988428375276
0.008321840689037274,0.03351662607120618,CLASP2,C3,0.9725632949529368
-0.009260674402483614,0.003613058867410057,COBL,C4,0.5582629259299606
-0.01199726682791171,-0.007981816677823337,CPNE3,C2,0.5464982282086532
0.0015522147763456491,0.03017241122934674,CLUH,C3,0.9994436436102404
-0.006706615428194373,-0.006914491145243806,CAND2,C2,0.9774817989467836
0.006195447847196817,0.02296948617582053,COQ9,C3,0.9918988962630696
-0.008876937997647157,0.003238157958277964,GGCT,C4,0.970893248989046
0.024649746641159185,0.04627842241861085,NDUFS7,C3,0.8975437705627525
-0.006008444558042424,-0.02494560028256447,RTN2,C2,0.9757946211649912
0.021568004058669644,0.04014768574481493,NDUFS2,C3,0.904113345875428
-0.004905356309293224,0.029997196604939026,NIPSNAP2,C3,0.9999815340026212
0.019142573447431168,-0.006067457044415473,CILP,C1,0.9945568192252932
-0.012808417109998483,-0.0019812790853115415,TBCA,C4,0.5045845735685147
-0.010698552351877496,-0.01298795475083061,ATP6V1G1,C2,0.9918507332301992
0.0014988845298998328,-0.0022183592770151995,VPS4B,C4,0.630685672264108
0.004878399376863061,6.769510209157244e-4,MACROH2A1,NA,0
-0.0034284299360836093,-0.005484827290442033,SH3BGRL,C4,0.9650698621128632
-0.01563563261988263,-0.02374090339825236,FLNB,C2,0.9988475831629938
0.016731940662452774,0.03826337739683555,NDUFS6,C3,0.975340352268839
-0.008410460545734235,0.03285505001182076,CS,C3,0.9999996539385752
-0.014888519805002678,-0.01689679244415535,SEC22B,C2,0.9954493955585948
0.01802734541157149,0.020860417838744035,MTX2,C3,0.6422728603906782
0.001530222662584693,-0.015732014246000618,VPS26A,C2,0.7717356237795335
0.003138593505054527,0.028329362583975226,NDUFB1,C3,0.9755391758756063
0.005752247880698922,0.02535741555448933,PMPCB,C3,0.9977221536692
0.010324122706665547,0.035542634265152154,NDUFS3,C3,0.9970520545778256
0.007308163717398694,0.03127724270258569,ECI2,C3,0.9998527481542838
0.035593147652865885,-0.008830594954114002,BANF1,C1,0.9801211676013064
0.008898816229430371,-0.0235319727228325,CSDE1,C1,0.8492011984751484
0.0194224955843052,-0.03265607837241448,PRKRA,C1,0.9875234334019536
0.0014074325025544157,0.018637353073471943,LYPLA1,C3,0.994859698916926
-0.00123333005765767,-0.008904289831554413,TIPRL,C4,0.7088568090649963
0.0034497583840357557,-0.006170066496770599,PPM1B,C4,0.6922730859179559
-8.822003912862281e-4,0.027658622143283868,SLC25A12,C3,0.9999135932762832
0.010246186278302084,1.4031892885528694e-4,TCEA3,C1,0.9844106216106614
-0.008196250838907416,0.001727292846633614,EIF3G,C2,0.9864211926301576
0.0016551871456304463,-0.006261190221306974,EIF3J,NA,0
0.004259226862866534,0.005524232604677687,PSMD10,C4,0.9839505050090256
7.514428016678851e-4,0.004793060327626228,IDH1,C4,0.9961313533251792
-0.001930049919425345,0.027820974088404837,SCO1,C3,0.9766589225245552
-0.006909809911774776,0.013349837283902525,ALDH1L1,C3,0.9809404561607756
-0.015004229717262464,-0.021678477688650537,ARL6IP5,C2,0.9977145593867216
-0.010057026122554486,-0.026602328631535457,DYSF,C2,0.9999788927641864
0.013794660909282382,0.0052617816088301765,PIAS2,C1,0.9483864582126716
-0.002665187095209786,-0.00671169509497911,DCTN3,C4,0.9961307252758624
-0.006177109622246709,0.02575534165218033,ATP5PD,C3,0.9999930650101724
-0.0036482749809184814,-0.011991680221726886,FLOT1,C4,0.9786008726893944
-0.014322241281881242,0.028821108838548735,ATP5MG,C3,0.9999423096763476
-0.0025859102911055063,-0.018450509870418054,GLRX3,C2,0.8541573810566745
0.011537324739719615,-0.004141249054518483,SNCG,C1,0.7028016879940884
5.354677276309898e-4,-0.014570014015617527,DDAH1,C4,0.636337311223064
-8.941663415635786e-4,0.009920565760993804,TPPP,C3,0.856719886095287
-0.001426902277121674,0.03303240411257939,BAIAP3,C3,0.9993733541735697
-0.011855080307224264,0.01718542262303612,TOMM70,C3,0.9589054674283836
0.015621466317477628,-0.01625799028509792,UFL1,C1,0.967015382866332
-0.00609438730134111,-0.024019146220751676,TMEM63A,C2,0.9957318323111178
-0.0026391663378342125,-2.595920259540681e-4,PLPBP,C4,0.9999419206815624
0.019230982651332943,-0.018944078802941106,ERLIN2,C1,0.9974816636309516
4.374432968424536e-4,-0.006338864553996748,ENDOD1,NA,0
-0.014920554621018323,-0.003977631291928067,SEC31A,C2,0.9929408473545054
0.012448067616719561,0.060605615104583094,NDUFB6,C3,0.999634226812998
-0.010034772939111711,0.005647597602400211,MFN2,C2,0.5592515510155835
0.0212320615284006,0.05079185315466104,NDUFA3,C3,0.9958817871046184
0.011602427166207864,0.04787448277603432,NDUFB4,C3,0.9987189041075116
0.020839087362704373,0.035949517467108026,NDUFB8,C3,0.9622150877873348
0.020842232095018728,0.04341430396994718,NDUFA7,C3,0.980309444965336
-0.02302272942673899,-0.010103852584000116,RTN3,C2,0.9643358024069631
-0.009689090594787668,0.03342125631603091,LETM1,C3,0.9999718172895988
-0.005985713051245494,-0.021236641456231137,STBD1,C2,0.9669152127581832
0.0019915355012355323,-0.014364641709906898,ZRANB2,C4,0.9961549903317618
0.019381125915737686,0.018677957844890052,EPM2A,C1,0.5620479837374397
0.007420352914065199,-0.009463139210744155,VAPB,C1,0.9833219862420166
0.02415915679721427,0.0608513433349656,NDUFC2,C3,0.9966959841112784
0.02718282362300514,0.037192359523889475,NDUFA10,C3,0.7307712848732874
-0.014163590827974713,0.017300732330757563,PGLS,C3,0.8106109728700335
-0.006543001965040076,-0.00509224559371557,TACC2,C2,0.7904320714856136
-0.009148977749573501,0.002517705257092777,LYPLA2,C2,0.8048772127187713
-0.009229446252264815,-0.008598640562442918,IPO7,C2,0.8811241329836688
0.026010341906510036,0.007684307823746811,ARIH2,C1,0.99612959904546
-0.015368102367669455,-0.01786668054887809,PGM3,C4,0.9783604683376618
0.007712839685718794,-0.02106910849572644,SVIL,C1,0.5037394524169956
-0.008766136366838869,7.549849114267118e-4,AHSA1,C2,0.912518323644254
-0.004822968869040482,-0.01153672581905619,H6PD,C4,0.9986146209979548
-0.016780243389616478,0.033549609881238646,MPC2,C3,0.9999064122730584
-0.006460896437815602,0.025481915909191775,ETHE1,C3,0.9998807043261292
-0.012876875413827003,0.005335647513106246,ACSL3,C2,0.9813927398283964
0.007624578541031684,-0.0121390390016725,ASMTL,C4,0.5887843495336339
-0.001986877829048976,-0.01732532564966794,CDS2,C2,0.9732911690098276
-0.01703643725761718,-0.001982840062382944,SNAP29,C2,0.7823003294661636
-0.0029950452299013393,0.002085044748496126,OXSR1,C4,0.9981809639122828
0.014016700809316699,0.004864659637735444,LSM8,C1,0.7964881281333799
-0.019114200985617804,-0.0055835661423154805,AP2A1,C2,0.9961750317995796
0.0018958081520864202,0.01584650992314977,CAVIN2,C3,0.6835814763309335
-0.004637823885647462,-0.008783520002340311,BAG2,C4,0.8941170018024825
0.014268864148232396,-0.023690930124777614,BAG3,C1,0.9310631225747258
0.009325601409259731,0.06462521846561706,MLYCD,C3,0.999991608725862
-4.673225009711567e-4,0.022519902027317292,AIFM1,C3,0.9999934011172024
-0.007135762062533056,-0.008706405482122233,EML2,C4,0.5634948523852059
0.0104061003809281,-0.005334012645706693,BPNT1,C4,0.8120483834432468
-0.01532842261809639,-0.019376073024635142,DDAH2,C2,0.9984141245408352
-0.009801673022873441,0.005884005237836485,ABHD16A,C2,0.7327524019959979
-0.03505021270783257,-0.02966788272386715,TXNDC12,C2,0.740875908299607
-0.00803027696319642,0.0072869851827579895,NUDT3,C3,0.5886293071981551
0.007564153253155749,0.03783028252138392,NDUFB10,C3,0.9981760818099988
-0.009485787965377995,4.593310239120878e-4,CLPTM1,C2,0.987678598129328
-0.0017932249846358036,0.002013420338192689,MOCS2,C4,0.9859338565605916
0.010322887210784162,0.024792826922561812,TOMM40,C3,0.9145188806422604
-0.0064176107252621895,0.022316389326786958,PEX11B,C3,0.8896667401881463
-0.006982911680264774,0.004045076134390524,CYB5A,C4,0.8991257490474395
-2.499423751606166e-4,-0.018885888337360577,ADH1B,C4,0.9860173440160732
-0.008732579619619842,-0.017375330313883552,LDHA,C4,0.9072551650472463
0.007594571345654457,0.009239946526712728,ALDH1A1,C4,0.6024794435705135
-0.0074431382388195355,0.023867898770429892,GLUD1,C3,0.9970186453939036
-0.007661102767244783,-0.019988992487060996,CYB5R3,C2,0.9999600492196462
-0.008936708007846983,-0.008462942854210828,GSR,C2,0.9774391175889894
0.03602034733538064,0.030003500791002006,MT-CO1,C1,0.7638290003175384
0.004023969481699471,0.03286588455580717,MT-CO2,C3,0.9965467270230436
0.02956903669896221,0.03799627228990511,MT-CO3,C3,0.7801443650205644
-0.0024988821406448205,-0.023163955655727535,SOD1,C4,0.999234731637101
-0.017121431554834855,-0.02170782149309805,CP,C4,0.9942001176596248
-0.011265204551428301,-0.021816402796603657,F13A1,C2,0.9550785922809766
-0.01551693049255383,-0.018794407814629908,HPRT1,C2,0.9089980309620737
-0.003614890761443381,0.03800777127201771,GOT2,C3,0.9999997752137706
-0.0034618113383710404,-0.013506368474734165,PGK1,C4,0.9997468609939526
-0.010288622439617045,-0.023073868081933253,AK1,C4,0.97379514199346
-0.02124077442409873,-0.05592294480882642,HP,C4,0.999762075180914
-0.01657601034605631,-0.014064851857657148,CFB,C4,0.9783172687787116
-0.007192112841462543,0.0075345483236741615,MT-ATP6,C2,0.7634839937761481
0.006379989107747638,-0.004023870894751513,CA2,C4,0.9965465345842832
0.007733113679363048,0.018321211780256037,ASS1,C3,0.8079063949593376
-0.01642864314230104,-0.02786933761229406,SERPINA1,C4,0.9655731930258672
-0.018200144538037567,-0.030892772767935974,SERPINA3,C4,0.9818316521957986
-0.012529906031383115,0.011014111550627996,AGT,C4,0.7588824023751837
-0.021502590462174606,-0.021382881896427012,A2M,C4,0.9715125585564072
-0.020893856912049178,-0.030852647070847467,C3,C4,0.996302082066832
-0.0015764086595445146,-0.026560395527204777,CST3,C2,0.5251494267950352
-0.010097813546918036,-0.015252003968483129,CSTA,C4,0.6211403530194645
-0.038577715190392034,-0.008366981409033629,JCHAIN,C4,0.9159481322396336
-0.017837599035637013,-0.033623381391059984,IGKV3-20,C4,0.8123698320321139
-0.0151985654455041,-0.041223254221650636,IGHV3-7,C4,0.9920091221571844
-0.0029015766833558557,-0.04337597509245282,IGKC,C4,0.9984947082871268
-0.016161445503760224,-0.04172195279236223,IGHG1,C4,0.994425771990736
-0.013634931010805974,-0.03030335184474442,IGHG2,C4,0.9810366151112886
-0.01932573653789318,-0.017699259951407594,IGHG3,C4,0.7235035237756076
-0.02026196109531791,-0.021742183054503546,IGHM,C4,0.9886576988245224
-0.01685364797939695,-0.021386694309343448,IGHA1,C4,0.983488499201328
0.02388257444132539,0.008877861621842993,HLA-B,C1,0.9850614118523752
-0.0037558939811412153,-0.006082058113312009,HLA-DRB1,C4,0.768607883449095
-0.015412274290214422,0.0036842613534872437,MB,C2,0.9359450424576924
0.0953459466281638,-0.032202305546169145,COL1A1,C1,0.9959788985958664
0.11052741188889618,-0.009622261661780254,COL3A1,C1,0.999517855920841
0.0897175053249796,0.018662556902742017,COL4A1,C1,0.9956406252494112
-0.018435847557693896,-0.01279568413170293,CRYAB,C2,0.9997337004186712
0.0010081089968431278,0.009328646760137546,KRT14,C4,0.7283978239179553
0.03703875674251733,-0.010248116098216995,LMNA,C1,0.97817011976583
0.08720334675998814,-0.04317035256636394,TNNC2,C1,0.9999741914318058
-0.012497635303411015,-0.0010639714373645369,APOE,C4,0.8315585251735885
-0.009174540896901192,0.001227723084781606,APOC2,C4,0.920691877131098
-0.005384581328725422,-0.0128635300708882,LRG1,C4,0.9073206880689494
-0.0019555593793917476,0.020006977649768002,FN1,C3,0.839093312081186
-0.0183137633915326,0.009039081133867867,RBP4,C4,0.8881214967024952
-0.011868337762275704,-0.03781588820852547,ORM1,C4,0.9993242195712668
0.00434376512494492,-0.008041482934804833,TTR,C4,0.9931697489961644
-0.015046068566177075,-0.023695639257361956,ALB,C4,0.8255341666228784
0.012680469976713953,-0.029786994764135818,PPBP,C4,0.9301423690162146
-0.030664234920813785,0.009192482782951716,TFRC,C2,0.8920545251068798
-0.008836069488711738,-0.025857353666824998,TF,C4,0.997409702208412
0.0060997928563036475,-0.04177452011408871,FTL,C2,0.7311224923611742
0.007175051978596919,-0.01761651857914561,FTH1,C4,0.6021176211190807
0.003224872493473281,0.010454351856813341,MT2A,C4,0.9464080158965844
0.024258432973925378,0.046091094218397265,MT-ND1,C3,0.98162874867853
0.018901093938731038,0.035199830795249056,MT-ND2,C3,0.9223048998435046
-0.0018770548773433377,0.04121649510551426,MT-ND3,C3,0.9990026482154803
0.010837239763557407,0.030347168214770508,MT-ND4,C3,0.9792965663401776
0.021190703310126256,0.03889265659605711,MT-ND5,C3,0.7339963516204918
-0.016283706281121732,0.04545718655078903,MT-ATP8,C3,0.9999552603461686
0.0017429003427002607,-0.016256422286707522,CAT,C4,0.9992570790206567
-0.010563061057796254,-0.004403183572375901,ALDOA,C4,0.9987013171688248
-0.004187341685481308,-0.00829809254167645,CSTB,C4,0.7842508301732788
-0.039622327245383955,-0.01984297898344806,ANXA1,C2,0.99714086216425
-0.011802698761996092,0.018749949216548645,SOD2,C3,0.9829290454936278
0.005600032660409572,0.01935213331577588,KRT1,C4,0.5606817825791571
0.021232404343492075,-0.015239373663801127,VWF,C1,0.9491021585761522
-0.010313474884347563,-0.012507847559737093,GAPDH,C4,0.7046540003535544
-0.017911059531186078,-9.353106108378453e-4,HLA-A,C4,0.6807844731388043
-0.0017807729959225939,-0.008055018472869676,CAPNS1,C2,0.7286779716810428
-0.009467806007677852,-0.02359928888075541,HSPB1,C2,0.9987079767093126
-0.0014881629492941762,-0.014383072451489507,RPN1,C2,0.9378636445600206
-0.01228673516034871,-0.016097901363633333,RPN2,C2,0.7889250975148799
-0.011920999504325666,-0.013668989537569896,GNAI2,C2,0.9994767293729492
-0.007523714206796088,0.00464067622891373,ATP1A1,C2,0.9509313408964868
-0.009349640918810513,0.005156655252723234,ATP1B1,C2,0.9200871538995476
0.004767981588593656,-0.002522009828704626,APOD,C4,0.94436792532556
-0.009663615263525554,-0.0018756912907553838,ALDH2,C4,0.833262834796317
-0.035538972928218164,0.009367337756887856,S100A8,C4,0.6913417600269585
-0.006189486206472671,0.03408987602809393,SLC25A5,C3,0.9999995625362172
0.0010311959392785676,-0.011371894081563366,SERPING1,C4,0.9741413089272842
-0.005828353441395178,0.03333728343930964,PCCA,C3,0.9998683664188472
-0.009178448788602517,0.04050786404248315,PCCB,C3,0.999994862199957
0.005573122355876363,-0.011579224583721598,EIF2S1,C1,0.8924286824322442
0.014336990184682779,-0.016502961941279388,RPLP1,C1,0.9609855888808336
0.027067977069045023,-0.021839036511117436,RPLP2,C1,0.9996588564673492
0.024283051849092758,-0.018346513492695758,RPLP0,C1,0.9997253998570932
-2.824341375888963e-4,0.020130776842331298,FABP3,C3,0.9848430744897776
-0.01844104876535566,-0.022652518030741343,CLEC3B,C4,0.9570466678007732
0.016016050657835137,-0.011093095892417287,SSB,C1,0.8807679041489329
-0.005681582509408666,-0.002378913034627293,ITGB1,C2,0.6741646931522095
0.036375522008632574,0.011472621154714643,KRT18,C1,0.9809356087144449
6.547834488388343e-5,0.023751446860542907,KRT8,C4,0.5816244565693738
0.08257837857587684,-0.01688596770792179,MYL1,C1,0.9999966237997334
-0.014396526977207122,-0.030735083120702698,GSN,C2,0.9994406688344192
-0.010396691606171685,-6.88011809059292e-4,PTMA,C2,0.6359144225707355
-0.009623618054455746,0.02902265846734362,ATP5F1B,C3,0.9999991070323042
-0.008739619358343893,0.015327674872868164,S100A9,C4,0.5330632508987028
-0.0426078339515465,-0.06934521118879834,S100A6,C2,0.999726895618994
-0.002790149230577399,-0.016009009014345824,EIF4E,C4,0.6953032619591167
-0.016569929493952435,0.0020451347543940885,CKM,C4,0.7429264100276335
0.009453218108040496,-0.016383647306045405,ENO1,C4,0.8930268773166173
0.016282364235059726,0.01984326990711543,PYGL,C1,0.7300443853348855
-0.007755872195381482,-0.008911627548141147,GPI,C4,0.9974014605762892
0.0130616255422158,-0.024204459701632385,NPM1,C1,0.9677613084640412
0.12096150809754351,-0.011874406469527319,TPM3,C1,0.9999925035677376
-0.01938424928266675,3.651581234301045e-4,EPHX1,C2,0.9938915076771336
-0.004553252465705946,0.009600247946986698,DBI,C4,0.7693412663302158
-0.010492147174819057,0.0011964607120607568,LDHB,C2,0.941433816031774
0.0038762449458604295,0.010860899162201782,GPX1,C4,0.898774562738417
-0.010234140804009952,-0.022271259478820003,P4HB,C2,0.9009114590466482
0.028243832872029678,-0.010848551705827672,H1-0,C1,0.942873717140878
0.004417964424693235,-0.009062518471756943,CTSD,C4,0.8081705505264579
-0.018083624775959886,-0.02372922866089241,ANXA2,C2,0.9999827234071994
-0.007059711083304849,-0.0020834931942483206,CAPN1,C2,0.7751946217336831
-0.0058858038158988565,-0.030464749050393876,TUBB,C2,0.99973051374499
-0.010124789436764415,-0.008585847004272625,CA3,C2,0.9992320153807954
0.026324073059533395,-0.03503743843446856,DCN,C4,0.6276141485509834
-0.0026827436510117836,-0.013279656774954861,PSAP,C4,0.86463784525179
-0.007441709205762987,-0.024878726640502086,PFN1,C2,0.9988429437263192
-0.0011169749446329042,-0.009413422585464773,BPGM,C4,0.9998127192672328
0.008209196033493446,0.0024596669408306062,APRT,C1,0.8968006152467821
-0.009935481755980748,-0.0037380956921184423,EPRS1,C2,0.9995744598948724
-0.0034845966102251625,0.006289340929299166,CTSB,NA,0
-0.0041177783362297184,-0.027315924944026,HSP90AA1,C2,0.9983773807331864
0.006369312954563873,0.03195108924029338,UQCRH,C3,0.9999321346758472
0.11165517666158378,-0.024297157077566512,TPM2,C1,0.9999974075909625
-0.00393267391230463,0.022979160191822664,FH,C3,0.9999985198188832
0.12708118359780146,-0.020332970852430986,COL1A2,C1,0.999015686743459
-0.0028923303893085882,-0.018517497056024918,ANXA6,C2,0.6188822440279865
-0.0172978222464832,-0.03313072333878085,PFKM,C4,0.6633128729706705
6.734160801484853e-4,-0.027217373801384618,HSP90AB1,C2,0.9595850752758662
-0.0051998032901882565,0.023776686252287415,SOD3,C3,0.583100458188574
0.030294175162681406,0.04137405478589079,CTSG,C1,0.6149092024568998
-0.002065739998420043,0.015473519904568201,PDHA1,C3,0.9999250811378716
0.09671213199961573,0.008102972072567131,COL4A2,C1,0.9989834590168252
0.016641803326046988,0.031587168271415576,CYC1,C3,0.9851522101417208
0.11038523073291223,0.01176229310561708,MYL3,C1,0.9999894841296448
-0.005795475377479859,-0.012651686802905095,CFH,C4,0.9863707363520956
0.004070897959292019,-0.019922161786110313,SNRNP70,C4,0.7607177613478052
0.018860021120750588,-0.00979587994049326,NFIC,C1,0.9653428146260382
0.03194788973006371,-0.036586903618775965,VIM,C1,0.9170487871220282
0.007650209546304496,-0.01658485057669007,SERPINF2,C4,0.966615086834924
0.005541465504319338,-0.003379240844107301,RPS17,C1,0.701805877369993
0.006310377862316859,0.006137595006325519,KRT19,C4,0.5690765883531194
-0.008947539702792386,-0.02206865904697545,ANXA5,C2,0.9998025581237936
0.004863871257285674,-0.0025089027484234633,RPSA,C1,0.8738667236950386
0.015217374092131284,-0.006587716322308441,SNRPA,C1,0.9962954579867054
-0.009341321115567201,-0.010882017488821887,ENO2,C4,0.9980051195478836
-0.0016128644312357466,0.019575468807092978,ACAA1,C3,0.941265070917862
-0.005207151742700135,-0.022022615381098034,GSTP1,C4,0.9618468054736168
0.024221132696220397,-0.01026863776019671,LGALS1,C1,0.998420448070332
0.0031402778936775485,-0.010474708350977966,QDPR,C4,0.999858822578434
0.0013873389836442905,-0.0018189049545702333,HMGB1,C4,0.953057641238773
-0.004229566287195577,0.013807621351888363,RBP1,C3,0.5187299900265079
-0.015938329566815557,-0.0025174612237797316,FBP1,C4,0.9459132403264694
0.03150769450038553,-0.02615866079072185,GSTM1,C4,0.6321491640798387
0.11146649107223489,-0.029420626485946927,TPM1,C1,0.9999971681948648
-0.00919888495771787,-0.017458329724553214,CLTB,C2,0.9993117725180358
7.568519747434107e-4,-0.008184073724497629,ANXA4,NA,0
0.018282364412852685,-0.00891708881262479,HMOX1,C1,0.7496694257297408
-0.006934233531668776,0.0031544176140819113,DLD,C2,0.6478521291135257
0.0030142996213580794,-0.03740372438537324,HNRNPA1,C2,0.6379228793353239
0.012758074759455656,0.03335768489731276,COX6C,C3,0.9603063112968292
0.006985182253256139,0.012941965288684522,PARP1,C1,0.5098350720592807
-0.025427803938557387,-0.01337855343481466,IFIT2,C2,0.9405239312048572
-0.02786501168153546,-0.04038236739062954,UCHL1,C2,0.999501855814372
-0.011118427165719999,-0.013006554573090646,LTA4H,C4,0.9363868326891251
-0.041121008018225005,-0.028996274253187015,ALDOC,C2,0.9665540434766824
0.02111262395158791,-0.005480857665754863,LIMS3,C1,0.9997774963644268
-0.007704840436567628,-0.020860590866242087,HSPA1A,C2,0.9985648093145166
0.016730627720810645,-0.04417162766547239,IGLC2,C4,0.9928438665489157
-0.015583250333301697,-0.03770970722527655,IGLC3,C4,0.9478357182728104
0.010052950508456495,-0.033133933856269705,CALM1,C1,0.8059644993096922
-0.004217899225835632,0.023043568125338924,FDX1,C3,0.9430863771804594
0.016471212907416228,0.04828630284293341,COX8A,C3,0.9996591699150504
-0.006211649292410712,0.015859931545290046,GAA,C3,0.8724541988703369
-0.008094339247187167,-0.006884151665019614,RRAS,C2,0.915324781995577
-0.015170166727825198,-6.662319600835783e-4,ARAF,C2,0.5500898291515806
-0.006156912323941443,0.022350751876648135,DLAT,C3,0.9999903622533294
-0.01184689424830032,-0.019911401428868127,TXN,C4,0.7180854010219352
0.01877200480202269,0.03928781914100174,COX5B,C3,0.9730621285035151
-0.007814897872698756,-0.03422033294139969,MAPT,C2,0.9979549601177596
-0.0039872121244051975,-0.012839525313702676,PRKAR1A,C4,0.98812080025155
0.012924722742023399,-0.017287407110365024,ESD,C4,0.996700833946836
-0.007228860821022276,0.024850991045314033,HSPD1,C3,0.9999937742224216
0.10657178037579068,-0.004849351179451462,THRB,C1,0.9999694430574764
-0.01077320530469058,-0.022734458921064255,CLU,C4,0.9976780341662088
0.08644476387629896,0.034389377986509984,MYL2,C1,0.9997779114060892
-0.009709263376169586,-0.021403009791313148,HSPA5,C2,0.9999397691907876
0.07455962683066912,0.0017228968562300452,LAMC1,C1,0.999487807940632
0.08718325250456743,-0.03777989548971492,MYH3,C1,0.9771304934403268
-0.0012666232928360357,-0.025421570630143372,HSPA8,C2,0.9979046825311734
-0.008422230018119911,-0.015110291134467052,EPB41,C4,0.9934037334979792
-9.040105266974613e-4,0.014596187040529132,PDHB,C3,0.9995237762901024
0.0029648708877709797,0.0033112477350451647,DBT,C1,0.5046538609767597
-0.0022598790416994566,0.011619082640188131,PYGB,C3,0.953496758697553
-0.012049986046750127,0.0034490148796870487,PYGM,C2,0.6018479873981213
0.012430507792381279,0.018459768017971237,RALA,NA,0
0.010062551153752512,-0.03303228043308288,SPTB,C4,0.9751550596758202
-0.004523367911074163,-0.012183692550730143,LAMP1,C2,0.9944142712721152
-0.0021663591397619096,0.014342105470905779,ACADM,C3,0.9782913971629776
-0.013418712237881419,-0.021808393344439153,UBL4A,C2,0.9972993284211994
-6.969162047880693e-4,-0.012087463876942947,DMD,C4,0.5444690355241388
-0.00736662726975509,-0.009809053895975197,MTHFD1,C2,0.9738352143834714
-0.0016409068316227116,-0.02113812973747695,ADH5,C4,0.996028719372444
-0.005100666387765307,0.006061157979639862,PABPC1,C3,0.6229105825049873
-0.007619673765601231,0.0023082541853460194,HARS1,C2,0.8192485728398091
0.09178110028347256,8.719390454179115e-4,COL6A1,C1,0.9992569523932312
0.07679223707395676,0.006709555862053295,COL6A2,C1,0.9961272698205343
0.08379898812184843,-0.005150294503568963,COL6A3,C1,0.9995373359715188
-9.788326487176495e-4,0.03193422113920785,SLC25A4,C3,0.9999852004185334
-0.008303938394633868,0.02464983646700484,SLC25A6,C3,0.994247131856096
-0.008923599866710208,-0.02071850827591517,IMPDH2,C2,0.6428908370258408
-4.6617491800790935e-4,6.868040404536207e-4,CKB,C4,0.9330946847234995
-0.00932227552238013,-0.008573337171841342,ANXA3,C4,0.8459147041979599
0.005764259767388998,0.023244791439963237,BCKDHA,C3,0.962738189909198
0.17795406006580408,9.837552841680038e-4,ACTN1,C1,0.9999695318529522
0.08231720572576082,-0.03854823123188719,MYH1,C1,0.9989015954177284
0.10786532248369524,0.003938003129562553,MYH7,C1,0.9999899237130774
-0.012924504874995007,-0.0034797647229494154,PEPD,C2,0.5671642384433316
0.005417597546472147,-0.005757781115877723,XRCC6,C1,0.8852773897409235
9.22177157649783e-4,-0.01723995279249448,XRCC5,C4,0.840618852646509
0.0043730314637947165,0.037821969658325676,COX4I1,C3,0.9997599293971924
-0.01395278541535059,-0.010755766190092036,IFITM1,C4,0.9548517484437024
-0.0014167133753621953,0.01910431555689661,LAMP2,C4,0.6979821410992617
-0.009488654165290045,-0.017882116213535287,RNH1,C4,0.7506275057353714
0.05813080254598151,-0.023508537575747904,MYH8,C1,0.9999031875216818
-0.006774629020369741,-0.008939009961772739,VCAN,C4,0.8712839446607122
-0.003134741135593534,-0.014056478366860576,EEF2,C2,0.9580619966909072
0.015972239464590143,0.024250577861513866,KRT10,NA,0
-0.005435850168340703,0.02455489234812817,KRT5,C4,0.6390940792916625
-0.011945155038211499,0.005111141440823041,PDIA4,C2,0.5780219794363523
0.013490803460680953,-0.010804811474324511,TPT1,C4,0.8781850244632584
0.012630464941526197,-0.017827669529775995,ALAD,C4,0.913546065036358
-0.006819133674771733,0.004115005458492872,LCP1,C4,0.6493560099959171
-0.0066949317247984655,0.011411458744697114,PLS3,NA,0
-0.001370085643905366,-0.008289896729853656,APEH,C4,0.997485148769863
-0.007440683228215429,0.0409327814506643,ETFA,C3,0.9999998426950676
0.11894022048654543,-0.009599967650535285,TNNT1,C1,0.9999946538608796
-0.008498463946260292,-0.008717049068087911,GYS1,C2,0.9961908125831372
0.0036211073468644566,-0.007120066358346013,PRKAR2A,C4,0.9656227766876182
-0.009522423389527307,-0.005707454130253067,ENO3,C4,0.6414861976694496
-0.0010334712400033737,-0.018245879896519587,CD59,C4,0.8870005891734092
-0.011162666596317069,-0.018835415302944164,MIF,C2,0.7839102502531017
-0.007740535694845724,0.0039124510037729906,CD99,C2,0.9899183450036496
0.0021451365886292345,-0.018223749686930642,PRKCSH,C4,0.6894184648849561
0.004929796397973693,0.007289046469600819,FDPS,C3,0.5536687043114419
0.009524109912411169,0.0421374070032937,COX7A2,C3,0.9982837282115664
0.058941691729216754,-0.009039789177943252,NID1,C1,0.9960061574853946
0.0011478863271363931,-0.023640420268527935,AKR1A1,NA,0
-0.011317058816838779,-0.0033255895390683714,PKM,C4,0.9721451997883032
-0.005363731610625349,-0.01804642722377785,ACYP2,C2,0.9901156058841384
-0.009397514421158873,-0.027019021892474987,HSP90B1,C2,0.9993123061759948
0.09258412606550671,0.00977633739781658,MYL6B,C1,0.9997649299833316
-0.012046167780253842,0.01827346690262939,SLC2A4,C3,0.952500943210383
-0.005305874550396178,0.0029470211330112515,IDE,C2,0.8086396478711682
0.021989494067711262,0.04646447359601559,COX6B1,C3,0.9860428025269304
0.013676175813303562,-9.009819129696885e-4,HNRNPL,C1,0.9970539794757096
-0.0308066779626105,-0.009877705631597143,DARS1,C2,0.9999231977986272
0.0019871075611099264,0.02727836095438639,JUP,C3,0.9181507231485546
0.0125340941675544,0.02142590669829722,UQCRB,C3,0.9560084770822852
-0.008665598891349761,0.015858000082860774,CPA3,C4,0.8375828051708147
-0.005185627619581485,0.015246303520895293,FABP4,C3,0.91452517016206325
0.004963081061973217,0.02918359293231812,GLUL,C3,0.9858045567127024
-0.00957837375358728,-0.01602627296424271,AKR1B1,C2,0.6539533913897587
-0.008192488977745742,-0.003926185081194818,GSPT1,C2,0.622922593584198
-0.008417769433984383,0.0026707650942512733,PGAM2,C4,0.9653133505526196
-0.033960754264949274,-0.02444513399298014,EZR,C2,0.9991988348318358
2.98544499374761e-4,-0.010117728525359155,UCHL3,C4,0.9775060180660992
-0.0014859797964639047,-0.0047234468658596245,NME1,C4,0.755263651836811
0.005170315502240876,-0.010242651138954333,RPS2,C2,0.5403593601267898
0.024787596156377635,0.015168366741225346,RPA2,C1,0.9537417993755318
-0.003234721295456884,0.043935195117875976,COX7C,C3,0.999783551194945
0.010727421737844845,0.012513336285837924,NQO2,C1,0.803321447128896
0.018014139627882238,0.01960138633076806,PFKFB1,C1,0.7668760834141184
-0.009856157691224223,-0.01772864441568012,CBR1,C2,0.999195959266361
-0.003800822575442335,-0.014219431148950908,ANK1,C4,0.9990597201655032
-0.008918318459652031,0.03948433692598566,ACADS,C3,0.9999890785372154
-4.758520433487646e-4,-0.007172236222252139,PPP3CB,C4,0.8513329366540895
-0.0065660757502208,-0.007433434865333005,ATP2A2,C2,0.5074064513544133
0.009201808524669182,0.017342920383897027,CD36,C3,0.8698562178492704
-0.0022160520097131878,-0.004991624935955647,FAH,C4,0.9837590635149572
-0.00526299139246435,-0.0072955005208565115,YBX3,C2,0.9798870423658834
0.006690367806414132,0.03915967889806642,TMEM11,C3,0.9999842120707082
-0.003781329200924617,0.0254304806965813,GOT1,C3,0.9999853344547616
-0.00827126286265018,0.04476063539924386,CKMT2,C3,0.9999997731078148
0.021404548116891242,0.040937449456895106,NDUFB7,C3,0.9863130496479456
-0.0026567103168326305,-0.004357052485974184,PRKACA,C2,0.8482212640940209
-8.324365275717605e-4,-0.02047114784883552,CAPN2,C2,0.992777448685995
0.0806505661837342,-0.03694757218694076,DES,C1,0.9998376862240024
-0.022035473250763424,-0.03410008732835319,PFKL,C2,0.5315462167741968
-0.013526952396112922,-0.02656342541489032,LGALS3,C2,0.993331462677962
0.1307057156056653,-0.02541432258441986,FLT1,C1,0.999516315965336
0.0010776413400803257,-0.009528916187338645,PSMC3,NA,0
-0.00930576614126493,-0.013281071351086499,TCP1,C2,0.999975461783112
0.0018868243664294376,-0.03571918462142615,RPL35A,C2,0.8405554356230044
0.02091546449110183,-0.03472638655773813,ARF4,C1,0.8367145311839579
0.032525770935382364,-0.028271925349034648,RPL7,C1,0.9992247681383004
-0.002253075895376473,-0.010849566800760902,VCL,C2,0.9934122662530104
0.020526570055813726,-0.012201109044970163,RPL17,C1,0.9997613860247668
0.00362805693200623,-0.006374030570768101,PGAM1,C4,0.99187535922059
0.0068764368578427435,0.028466893101478125,ATP5PF,C3,0.9999242585245554
0.010679496715992866,-0.02856522808856292,TSPAN8,C4,0.8864232472678748
0.10661677274258514,-0.0037875915294839912,TNNI1,C1,0.9999900325387826
0.01984788327019534,-0.016660767922519273,NCL,C1,0.9995956845924928
-0.0029503832880966407,0.014706625093145546,HK1,C3,0.999333563485071
0.013825310947075816,0.04087264259281185,NDUFV2,C3,0.9945607998262675
-0.03780214210493655,0.0014052701178826643,SRM,C2,0.9917146862711252
-0.0012279788775686662,-0.013725777701293204,TYMP,C4,0.799209385383344
0.0016936545521887764,-0.006648824967603218,ATP2B1,C4,0.5867799041969136
0.010275017662574588,-0.02175474020310243,EIF2S2,C1,0.8993240946927451
-0.0021040526575635678,-0.01736581721539528,ANXA7,C4,0.9990567768616035
0.02295202338360189,-0.009165103760620212,TPSB2,C1,0.9314634676363662
0.0034609005854691595,-0.019893523712731603,BTF3,C4,0.9220566295065138
-0.005804618533194637,-0.01827182224736865,RAB6A,C2,0.9566954280804444
0.017226670808966768,0.0158124687604276,PVALB,C1,0.7534969270983934
-0.0032157022170210513,-0.017804184025105158,PSMB1,C4,0.9531522971649218
0.015869037481764426,0.04090358642077201,COX5A,C3,0.9948943269954508
0.00458628645782124,0.004726307524856482,CAPN3,C1,0.6845549244975788
-2.928796378570644e-5,-0.02694909996677782,CAST,C2,0.9613987422473684
0.058634986427846,-0.02202236400849213,NEB,C1,0.9990268856251152
-0.01595508728185652,-6.642246429642051e-4,PTMS,C2,0.9958706940056784
-0.01120888025446663,-0.041827899789515136,GSTM3,C4,0.959764816745742
-0.003573231884962571,-0.009199450053533226,ATP6V1B2,C4,0.9740025946809066
-0.02382130559401257,0.004641978247913758,CSRP1,C2,0.9853001122084336
-0.007432003363174439,-0.018095041598383706,FLNA,C2,0.9982016218917656
0.014080950487699294,0.047378105520204675,MAOA,C3,0.9994779179648522
0.0029117360563901172,0.010017075718038275,ACO1,C3,0.7304903060760801
-0.0072649321735698555,-0.02674747731214076,GPD1,C4,0.9997293267633784
0.011005062190503507,0.021587715470289183,VDAC1,C3,0.9537807735824244
0.03175097206220361,-0.036737359313475444,BGN,C1,0.9153590692539904
0.004546870059087664,-0.02724911416026787,RYR1,C4,0.8430926434990313
-0.007942137941556626,0.02635804732871301,SDHB,C3,0.9999632991367244
0.0024612061984263913,-0.009634321616140674,COMT,C4,0.9863556909352232
0.04615743136378793,0.03517873060050477,TGM2,C1,0.7945155370609462
-9.50808759459113e-4,0.029728990050361902,MMUT,C3,0.9685618220715948
0.008009570123499045,0.0032276443418239064,OSBP,C4,0.6681441005625554
0.006243270539175803,-0.0173694985923775,PCMT1,C4,0.635532290941029
-0.010877649462116643,-0.00894152057614123,GART,C2,0.9991347128235714
-0.010492309177798635,-0.002441951527198109,PAICS,C2,0.9440430700735682
-0.0035572478984430746,0.003310100276939591,SCP2,C2,0.8435066265723342
-0.0023802024987465698,-0.020649434129475654,UBA1,C4,0.9929804802702032
-5.184414551658727e-4,-0.010759413264972161,GPX3,C4,0.9870164979013956
0.0022767168258454543,-0.0027117037559662278,NME2,C1,0.6580224052603526
0.014516352557000418,0.00893932681571465,FDXR,C1,0.987410087392794
0.024930982291861685,-0.012938570469541093,HNRNPA2B1,C1,0.9478748648167163
0.006811445403822502,0.03520153555133297,UQCRC2,C3,0.9999967423852396
0.010650938189390075,0.013337835517479595,FECH,C1,0.6285882488382137
0.014892745413227338,-0.0181822133883887,AMPD1,C1,0.9383343792661394
-0.014933552533934826,-0.039253756756112326,FBLN1,C4,0.5017075753347384
0.017299410246296085,-0.0019819829084963586,SFPQ,C1,0.9962800889432316
-0.00293440125838012,-0.020274186230401007,PPIB,C2,0.7685253832467772
-0.012844506377773124,-0.03328697051128376,S100A1,C4,0.6345696852286031
-0.005699728796185313,-0.016229488280507628,HRC,C2,0.652396039817963
-0.018046815957398817,0.017665169383765302,ME2,C3,0.7162570115982219
-0.0044701740879659,0.0017194613888967438,WARS1,C2,0.8680779288047336
-0.002776293837583433,-0.02440811110794154,RPS3,C2,0.9954310194959916
-0.012370458288577533,0.026599044473719736,GCSH,C3,0.9823874970886974
-0.008033730332372055,-0.02357925070392222,AHCY,C2,0.997935899042616
0.0022882350240719727,-0.019315129668557647,CFL1,C4,0.7907845895172663
0.0021548782145862414,-0.010290892754087263,EIF4B,C2,0.6841261883838418
0.0020014740100234847,-0.013721273348305996,ATP2B4,C4,0.9865574712642838
-0.004233657694406735,0.028681118303161935,CPT2,C3,0.9997270468944452
0.06168834251926406,-0.00993380111107832,LAMA2,C1,0.9999555531514368
0.0033463417040635276,0.04180371620130853,GPT,C3,0.9999753699225776
0.01685770502369482,0.03599716237719795,COX7A1,C3,0.9576183313584846
0.03988134898036082,0.05766256070162696,COX7B,C3,0.9261884491584096
-0.0040042147316930315,-0.01545792409400031,EEF1B2,C2,0.9655479398317128
-0.007432347974285456,0.021453365862923676,ATP5PB,C3,0.9997651574176064
0.007174880748690655,-0.010347727367208555,ACP1,C4,0.9875901270548468
0.003214515579620219,0.02809712013868499,ACAT1,C3,0.999996335403498
0.013771851235314245,9.290146515357873e-4,MYL9,C1,0.7755886570093977
-0.005009630842766676,-0.0042310060322976305,AZGP1,C4,0.9854149833471738
0.0022641881364605693,-0.005010337921291417,MPST,C4,0.9853084858502014
0.002027340570036683,0.0017335501911242591,RPS12,C1,0.5745677901973846
-0.009470530275184276,0.001350197905861478,DNAJB2,C2,0.8086883936209323
-0.012792180130413203,0.02738747136001442,ATP5F1A,C3,0.9999925257068693
-0.003361186885959645,-0.013948755198305532,PSMA1,C4,0.9741199466267554
-5.904858897257682e-4,-0.013385413335067186,PSMA2,C4,0.9992722744487088
-0.010177602681202148,-0.01709038566782559,PSMA3,C2,0.9602235651486344
0.00414448117964871,-0.015412855024312794,PSMA4,C4,0.9816159762734958
-0.010136653310722827,-0.023410396649034774,MSN,C2,0.999931326628686
-0.012572600988897198,-0.00399766692892148,DDX6,C4,0.9401493561069502
-0.002652717858593095,-0.010906945038562257,U2AF2,C4,0.9006221120483803
0.030899331230056573,-0.014270828508414237,RPL13,C1,0.9997066293247668
-2.1615977562542453e-5,0.02188020738026195,IVD,C3,0.999082131046416
-0.028515231287495207,-0.07133678803533948,S100A4,C2,0.9978557249143748
-0.006836989568736144,0.015304873828092648,HMGB2,C3,0.8928212297611088
-0.00918034401455561,-0.015604852383105694,TARS1,C2,0.980976659026076
-0.009482107231657043,-0.03127228519079947,VARS1,C2,0.9999147620312564
-0.0032540966576843767,-0.020247974326966466,EEF1G,C2,0.7781958691596106
-0.004336892907654933,-0.024788839336586217,PLN,C2,0.9655741616499518
0.016003277537691558,-0.007937529043189798,FKBP2,C1,0.9330188838696902
-0.0027940984747771894,-0.011128977220837426,STOM,C4,0.9994016172616064
0.0032310010140011412,0.04200846003577325,MAOB,C3,0.9999817534133388
2.5709303100435823e-5,-0.009369820531837464,YWHAQ,C2,0.9490052500151368
0.011195799195259109,0.009429881138341114,MAPK3,C1,0.816916154573197
0.033609170133347785,-0.009854928962091874,RPL10,C1,0.999944921185045
-0.008949484115324926,-0.002233298145612995,RPA1,C4,0.7726891613995653
-0.0020779989488179254,0.003509592333817321,APEX1,C2,0.8130914773565567
-0.005527045600975137,-0.01062567570573877,CALR,C2,0.9863371503083708
-0.006828317453365545,-0.029076287322364617,MAP4,C2,0.9998171370154052
-0.008673397075153192,-0.013580477200077858,CANX,C2,0.9950005136656798
0.001887548992571353,-0.01631619970662342,PSMA5,C4,0.9940713223392696
-0.006830459981797399,-0.010711291705413026,PSMB4,C2,0.5245758152133628
-0.0030556472428194363,-0.02649382348358404,PSMB6,C4,0.6832038253842093
-0.014021740624812594,-0.02815710754789971,PSMB5,C2,0.7708069849051704
0.0011942703612076043,-0.03977047809461243,GSTM2,C4,0.999554974698021
0.06871691660357927,-0.03804217716438378,TMOD1,C1,0.999974898381766
0.016581810485594185,0.037567360356752455,NDUFS1,C3,0.9925175651214488
-0.0021259036575576045,-0.005663843569439781,MAPK1,C2,0.6400791000841172
-0.0023175532676496255,-0.003394970029031329,RBL1,C2,0.6835765528540163
-0.0020194488472308862,0.0035457748483488307,LAP3,C3,0.7544244096555187
0.004109906986290714,-0.010320270627277393,CD38,C4,0.986153793624033
-0.012415493412413586,-0.0073396368297747325,TPP2,C2,0.5918453851716079
-0.0017585817326060795,0.006894333544057141,IMPA1,C4,0.6599345678670907
0.001704008304151586,-0.038253953515415676,EPHA2,C4,0.9879717000982312
0.03361733363308834,-0.024329986760745253,COL4A5,C1,0.9798252386504442
-0.005685345201825428,-0.018767086422479158,TKT,C4,0.9081654910237388
-0.00726625384558509,-0.01972928785443581,EEF1D,C2,0.9964953254902092
-0.02853196227068684,-0.01640892907473123,MARCKS,C2,0.9984340067041908
0.001027973303430578,0.009223283086034742,GNA11,C3,0.5361449578072709
-0.015541087235321153,0.017803181573260714,ALDH4A1,C3,0.9852866339882628
-0.0016650322428250796,0.014045888528184796,ERP29,C3,0.8727812108080314
4.8455734624658304e-4,-0.010363086601166747,PRDX6,C4,0.9994393605082976
0.00228877280076453,-0.02004705690807977,BLVRB,C4,0.9998775472545304
-0.012666552177277373,0.0056809466231024465,PRDX5,C2,0.7000437048414849
-0.015120266589172426,-0.014833234303527376,DDT,C4,0.9964094177004532
-0.006983749268561977,0.015017217602262682,PRDX3,C3,0.985671079364662
-0.005358258233610414,0.0180743747410113,ATP5F1D,C3,0.9956063635263556
0.022901563611896426,-0.015462575348559151,RPL12,C1,0.9823544751104504
-0.007006853447154114,0.025401375003686326,ECHS1,C3,0.9999844031593212
-0.01613095345848192,6.127450783540354e-4,CMPK1,C2,0.6552187161490073
-0.0073988886867914815,-0.012769153838911322,PEBP1,C4,0.9968404267909609
-0.005831317630335132,-0.021682196466242882,PDIA3,C4,0.9373615877842204
-0.00429300255073652,-0.009884210200303223,PPP2R1A,C2,0.9993801769331226
9.053659550517731e-4,0.05832959472578495,PPIF,C3,0.999999924602722
0.00400318507148871,0.001143011359726828,NMT1,C1,0.8190861832714819
-2.3376463057029392e-4,0.013172456078187025,ADSS2,C4,0.9368597412610762
0.003687147149196616,0.0032955710181471988,LRPAP1,C4,0.9358045270672956
0.008385749297179466,0.019589073725415095,TSPO,C3,0.9936300764374362
-0.006345779353601136,-0.005123458111466359,ADSL,C4,0.9999165488053408
-0.01179788374049896,-0.024989118633607216,CLIP1,C2,0.9875166718110604
-0.008597086100549538,-0.008863751030962139,SRI,C4,0.8172525991560686
-0.013712940630784097,-0.013371331996251786,SERPINB1,C2,0.6519274169263574
-0.04223651313559436,-0.014557043665654124,ALDH1B1,C2,0.9989735240778485
-0.0017550333921650654,0.018513303485003005,SDHA,C3,0.9995795098114032
-0.0025662825392794904,-0.0022932934142232994,GDI1,C4,0.980756852677935
-0.006820104440153911,-0.0017742936155109724,MAT2A,C2,0.7193836981996228
0.00983017420668577,-0.021467507583352325,CASQ1,C4,0.9167651983474108
-0.003938832043774269,-0.011261826383435721,DNAJA1,C4,0.5796005217361127
-0.009499315255144981,-3.299929284530858e-4,AKT2,C2,0.9751863715572194
0.01313393692335201,0.032222644304728175,UQCRC1,C3,0.9998208170688904
0.0019456974060592124,0.017923025125287834,HIBADH,C3,0.9965611753247358
-0.002969854750622185,-0.01171259142246542,ATIC,C2,0.983237696484575
0.032006145773341876,0.005477665103823981,HNRNPH3,C1,0.999620190316186
0.01023549026125635,0.015018350962025475,HNRNPH1,C1,0.6101664398704354
-0.005270513203079415,-0.023968491389375218,YWHAB,C2,0.99576436551970815
-0.0026027775543693145,-0.008751485493553217,STIP1,C2,0.5324923745217944
-0.03398233912976755,-0.006245661918468168,S100A11,C2,0.9990947672257896
-0.011022669655332927,-0.007921848371418176,PRDX2,C4,0.9940523641134228
-0.009510719239267667,-0.01925141651973346,GBP2,C2,0.9988069249336222
-0.005369856352320222,0.03199771879562906,ACSL1,C3,0.9999979457108156
0.006361458104598023,-0.022994365278850036,KIF5B,C2,0.7078251846975618
0.013525950439439945,-0.047730463811323544,MCM5,C4,0.8227847852922346
1.0082962453429852e-4,-0.003119573276589792,SHMT1,C4,0.998632642118784
-0.0071352532938372855,0.039964090229207744,SHMT2,C3,0.9997955124279312
-0.006172678176673343,-0.011304289656446665,HSPA4,C2,0.998802788238908
7.52195458742808e-4,8.418810560007163e-4,MPI,C4,0.9828163628098026
0.00460292211941228,-0.054241509121563905,GPC1,C4,0.8791484575779686
-0.00519214945522081,-0.02452751753946232,PFN2,C2,0.9996623830656064
-0.007674338813373162,0.0352289327540269,CTNNA1,C3,0.9960247561232176
6.554828804617132e-4,0.001815942731761848,SERPINB6,C4,0.9505649204625612
0.0024026114344427273,-9.460034985874495e-4,RDX,C4,0.9751902400421892
-0.005265851103002002,-0.015579806334191341,RPA3,C4,0.9979657939817808
0.01980500595168702,-0.009306459426529386,RPL22,C1,0.9922254757403453
0.01190797245552292,0.036196549679975966,SPR,C3,0.979373890258914
0.0031110888167473986,-0.029700974929294757,THBS4,C2,0.905793843040022
0.05401541742856255,-0.004928131841634252,FBN1,C1,0.9713473478314476
-2.788055552401722e-4,-0.014634823139877967,AGL,C4,0.9699491474731284
0.004468432944753727,0.0016767739149042868,MYH9,NA,0
-0.005513809725471593,-0.017695671538178484,COPB2,C2,0.7860152214790675
0.1755557898703132,0.0069256645367140246,ACTN2,C1,0.9999658936894912
-0.007799123093449135,0.007244771104040893,ADD1,C3,0.5003124449157242
-7.250361660318908e-4,0.009112006012308431,BSG,C4,0.504830493042967
0.013077211987748614,-0.012176419219548694,FUS,C1,0.9887084792594968
0.011830086623556824,-0.005599467062011809,DEK,C1,0.981831393846796
0.019708220330508067,-0.004316932136273306,MYH11,C1,0.648151213839518
0.00611153800752522,-0.009241126812586854,GLRX,C4,0.9872581349150592
-0.013422662520469315,-0.004187716720143126,PPM1A,C4,0.5687889592810769
-2.162064303388249e-4,0.03231574565535643,KRT2,NA,0
-0.0043753189216724645,0.03792102149614004,HMGCL,C3,0.999980656943814
-0.005825110736283511,-0.017500565375335737,PSMC2,C2,0.9993365800336084
-0.002565198446365581,-0.008353868342533662,ARL3,C2,0.8093970134612228
0.002466470166085865,-0.013897536489178887,MAP2K2,C4,0.8386571512141846
-0.007901062758715658,0.025938424389638004,ATP5F1C,C3,0.9999513419243932
-0.013288900183662305,-0.011426836024081812,ATP6V1E1,C2,0.5297308994064266
0.03055034123265469,-0.008316072350016551,RPL4,C1,0.9986147687299938
-0.005178296399461139,0.0414273621942905,LONP1,C3,0.9999900033993344
-0.005693549126735128,-0.01248788036350661,PGM1,C4,0.9998418774554448
0.01001995951168629,-0.007470012904787926,PPP1CC,C1,0.9358515119135824
0.002944449913221108,-0.03076891180280521,SERPINF1,C4,0.5907944779990832
-0.002216347051783702,0.02229342719394748,DLST,C3,0.9999887371980364
0.004071009788836286,-0.020570385179700643,GMPR,C4,0.997248867957886
-0.005936840206461195,0.002309883332912472,GPX4,C4,0.886351636815892
0.011028961475318967,0.0028199914543767437,SRP14,C1,0.8922350020073592
-0.003203465091937256,0.00798722978433,TAGLN2,C3,0.74301775540773
-0.005248799990276752,-0.012277519553544874,TALDO1,C4,0.9944316611670456
0.006136108899546788,-0.04301495246524473,SNCA,C4,0.998015829111062
-0.009981084588187635,0.04564337643843463,ETFB,C3,0.9999999340660568
6.371476098114213e-4,-0.0127719042598977,ATP6V1A,C4,0.9878033561809524
-0.002249970234093063,0.01224610729252985,HSPA9,C3,0.9974321277984288
0.003694871411476169,-0.00655220927642306,RPS19,C1,0.584802653547319
0.0031437274645848465,-0.030611116104309367,RPL3,C2,0.5796451117010863
0.035534981709163284,0.007182801683305949,COL15A1,C1,0.9846608850456255
-0.001960631304267658,0.00674032486286872,COL18A1,C4,0.8431112444910612
-0.0037159830035579924,-0.008241217369083953,DDOST,C2,0.9074137031287126
-0.007247388622316966,0.001998080037702504,ANP32A,C2,0.5186286397287343
-0.0017871168342943281,-0.0337199388563553,CAPG,C2,0.8893734211489452
0.024988421232827566,-0.00725191239834872,CAP2,C1,0.9997968917017706
-0.006142426269171559,-0.023227195296491907,CCT6A,C2,0.9941758202690086
0.03458644186172469,-0.04393512932093009,RPL13A,C1,0.9971643004084176
-0.0252106537668745,1.1173471277496162e-4,ARL1,C2,0.5072377941749499
3.9406516918323435e-4,-7.729778063462715e-4,STAT3,C4,0.8577090341927859
-0.008925691380822018,0.011625308733032353,MDH1,C4,0.595093521894478
-0.010212930182542011,0.026628953063266524,MDH2,C3,0.999997187917276
-3.6157924053103503e-4,0.0215621843384194,HADHA,C3,0.9998892274349548
-0.019592817587597674,-0.02277234811677371,EIF2S3,C2,0.999754275948666
0.001190519843990295,-0.01581064946022847,NAA10,C2,0.963798684164992
-0.002191514195802763,-0.01665768297079309,PPP1R2,C4,0.981507310339215
5.34020489016153e-4,0.00283597279013372,GARS1,NA,0
-0.005784181246814854,-0.006711744675696721,IARS1,C4,0.5572729238907859
0.014146125384127618,-0.007761668439241432,EIF1,C1,0.964827066210812
0.004467083400943138,0.029158264986725482,ECI1,C3,0.999972331491284
0.008880597932183846,-0.004350583424327415,TMPO,C4,0.8545243903820017
-0.04077002907880269,-0.024285107570051808,AKR1C3,C2,0.9999379344893184
-0.009026666950353672,0.0012379823183893783,RPS27,C2,0.8523531546535604
-0.006618527954208263,0.020652002318242376,LRPPRC,C3,0.9997016780887118
-0.002630017879960216,0.03459577780358443,ACAA2,C3,0.9999986447379104
0.021904243761776604,0.00685060326492778,RPL35,C1,0.9971376371665716
-0.003384922999798125,-0.016308529512847995,SLC1A4,C4,0.9938902787613556
-0.007141380611226573,-0.022455505752512865,PAFAH1B1,C2,0.9460882973245665
5.813147275938841e-4,0.039142974510018934,CRAT,C3,0.999999892522342
-0.0036710698724173726,-0.01113739262678906,GPD2,C4,0.9999250885617288
-0.015347722025274835,0.04543459947011542,NAMPT,C3,0.9986953927003268
-0.010598712000848224,-0.010615481378533846,PSMC4,C2,0.99909136438644
0.007276771470152611,0.04214656676080849,TSFM,C3,0.9992421639149354
0.11065329145279998,-0.03875221409055982,TNNT3,C1,0.999990895890836
-0.005557827379378781,0.036444310920226444,ASPA,C3,0.99978752883017
0.002591718560640029,0.007973894699425646,PPIC,C3,0.5837963551401816
0.013196169306158547,0.02653288812607714,VDAC2,C3,0.9615656833103956
-0.005371408955320886,0.032138219429109716,ACADSB,C3,0.9999971039451656
-0.013617946533270663,-0.022417488785293226,USP5,C2,0.999101903897654
0.008246354320573919,0.010006599292836047,MAP2K4,NA,0
0.011639955002753978,0.016027852751107373,PHKA2,C3,0.6471221502035974
0.0012138111499782808,5.187248610076325e-4,PHKA1,C4,0.7972273593887578
0.00618171330019228,-0.0037638745582073193,CRKL,C1,0.9655796726852494
-0.0024035402423084953,0.006437303845563474,MTIF2,C3,0.9254799100955404
0.002621806157021188,-0.014216896475947972,BAG6,C2,0.7651151711648712
-0.014462730040415773,-0.012954153615468934,NSF,C4,0.996681811493912
-0.007311490370402235,0.004899447776708758,MAP2K3,NA,0
0.008124422720074612,-0.02356574926658794,RPL27A,C1,0.7916596046051358
0.03178420017376188,-0.02747156312290962,RPL5,C1,0.9996374998533768
0.022764340021630948,-0.015527052283727041,RPL28,C1,0.9963684944671356
-0.007124429208319144,-0.004136351602385766,RPS9,C2,0.9958382861882086
0.007738412659757787,-5.174671952061832e-4,RPS5,C1,0.8708224237221563
-0.004558908957725389,-0.006424280260859832,RPS10,C2,0.6137807832300419
-0.015441629370898088,0.005067423783988861,GNPDA1,NA,0
0.008018654070982536,-0.006989281802232093,UTRN,C4,0.8172608071921825
-0.0030410317107851495,-0.007626230462832387,IQGAP1,C4,0.6821886330793008
-0.007800105701985357,-0.014673094940558521,GYG1,C2,0.9090185533803786
-0.004426294953714728,-0.005298543149725886,STT3A,C4,0.9149056847351252
0.0367774549685041,-0.0018811553179576333,CAPZA2,C1,0.9993554210576984
0.04699245384115434,-0.005374037667624978,CAPZB,C1,0.9998200074280452
-0.007869638884617596,-0.020803089956702814,EIF1AX,C2,0.9810507886682256
-0.004450998539832038,0.008249643645701663,QARS1,C3,0.9525422475947448
0.02804188451386815,-0.026085744629387408,RPL29,C1,0.99760970316193
0.0076520194191347195,0.037403288524292116,UQCRFS1,C3,0.9999828982499488
-0.013615448720438982,0.03302884839621369,ATP5PO,C3,0.9999971536866684
-0.004075829549162625,0.006321273092880086,LIMS1,C4,0.5091400939992031
-0.0014118937815208257,-0.013406519732706524,PREP,C4,0.9996265699065108
-0.004007586143756677,-0.006161051375718161,ME1,C4,0.9910275646660738
0.005733966564580784,-0.00502518453714273,PIP4K2A,C4,0.9851308235434
-0.011599874447058983,-0.03040249776254221,ARCN1,C2,0.999766653587085
-3.855705977414917e-4,0.013144670430277167,LSS,C3,0.941974135100083
0.006830987704765686,-0.018387390271892068,GCLM,C4,0.9934945322789582
-0.019733602638782054,-0.02122093561285998,CD151,C2,0.9040968746370488
-0.007906344070984317,-0.007652466382802976,PSMD8,C2,0.9973222103468838
-0.01489108223513993,-0.0042455178970062886,GSS,C2,0.9755609754458195
-0.010569196817676992,-0.012988900896228917,CCT5,C2,0.9999231010269968
-0.01799724639400206,-0.05916445621937959,NES,C2,0.998560878562432
-0.007133974215540913,0.03277989053214416,IDH2,C3,0.9999999016601048
0.09094012163492414,-0.04392612983851669,TNNI2,C1,0.9999771832819182
-0.008685395824713739,0.003974016574198957,PXN,C2,0.524722689154545
-0.0068924428688127365,-0.017730915219453917,ALDH9A1,C4,0.9743415316684896
0.024337343026401535,-0.02685440829988593,RPL34,C1,0.94568623601064306
-0.0030922894900314627,-0.011435917737885897,LMAN1,C4,0.9835132619725836
-0.004518177247319229,0.006992447685734727,FNTA,C4,0.9486445539589902
-0.008485194756714304,-0.011230227930733468,CCT3,C2,0.9999530892339092
-6.802610742674878e-4,0.024247585616213627,MRPL19,C3,0.9978364954739312
-0.003559334038818563,0.02507730962917571,TUFM,C3,0.9999489787283732
0.002400655710114289,0.012309564810703317,ALDH7A1,C3,0.9442718829724548
0.016373892851261233,-0.020869237458761975,CDC34,C4,0.9923330486193656
-0.00344786871295803,0.006905185068734187,PCYT1A,C4,0.9877112657131476
0.009421601256691774,0.001788292460400431,AARS1,C1,0.8899820044524226
-0.0011869786664723502,-0.01800530376055799,CARS1,C4,0.9715310521525516
-0.01274470372357496,-0.022021781152761186,SARS1,C2,0.9966777952271983
0.004819773404225574,-0.01435161643312412,PSMB3,C4,0.984334862315448
-0.008994729656808472,-0.009070083284672587,PSMB2,C4,0.8014125539429405
-0.0028696621407495694,0.024643912547848694,ACADVL,C3,0.9999933629019538
-0.0026673849499165223,0.022791355919965502,ACOT2,C3,0.9999068408740498
3.6635685277812863e-4,-0.020811834080229467,TMED10,C4,0.9959213165523488
0.004114478620894841,-0.02607473658089542,HINT1,C4,0.9996362161173082
0.01695737380249345,0.03685747505439082,NDUFV1,C3,0.9918670785072908
-0.0020780444747648423,0.00857840728816913,GSK3A,C4,0.9358028347838157
0.002588670386766994,-0.0012758811982032602,GSK3B,C1,0.5904390674078106
-0.004048230756913456,0.024693756486792288,IDH3A,C3,0.9999569942790169
-0.005821962935598525,-0.016702170391463524,SULT1A1,NA,0
-0.010113087670977768,-0.01741403432624759,GDI2,C2,0.9934223226887506
0.008800737234019671,0.013364510803940799,EMD,C1,0.5195280066765436
-0.0013461326939529894,0.029351797423841468,CPT1A,C3,0.9769444971087938
0.005859034020945376,-0.018023082114762296,SERPINH1,C2,0.855432208307646
-0.00906121313335812,-0.005423210916254891,CSRP3,C2,0.9824056000410344
0.0023165422893172177,-0.013972166080225546,ST13,C4,0.975372010328422
-0.02251719799892544,0.005747362267514793,DNM2,C2,0.9615887607212658
0.003020134986447147,-0.0028726365770272034,METAP2,NA,0
0.010103211415683632,-0.008901505259334162,NUDT2,C4,0.8228427558159679
0.12595332800075576,-0.018481618555058216,LRBA,C1,0.9990521932045324
0.02381821282495172,0.012506911365690179,BCAM,C1,0.9444278691261432
0.01470071393064924,-0.024810600420462504,RPL14,C1,0.9488464734238984
-0.0068150490653138855,-0.014836487398233178,CCT8,C2,0.999944906850914
-0.010163485291389641,-0.01084907794778448,CCT4,C2,0.9999928460599992
-0.003997089077353562,0.011235143415459127,ATP1A2,C3,0.9491061282450188
-0.004848704039793937,3.6222955855034803e-7,ANXA11,C4,0.9912203744590196
0.038328206204099574,-0.003771873327128087,FXR1,C1,0.9998534043941426
-0.0031864082767283143,-0.01416447922331393,RAB5C,C2,0.8244470668728766
-0.0066173101489988605,-0.0037471533552376397,RAB7A,C2,0.986809911422512
0.008378626228100159,-0.0027861608464720042,DUSP3,C1,0.8323336726047659
-0.010438237314303751,0.04096581929680375,IDH3G,C3,0.9999992003391818
-0.0019313096887484552,0.01940867097586578,GALK1,C3,0.5618985730103095
0.004157761155637676,-0.015654946094997665,SSR4,NA,0
-0.0033251270362358687,-0.008607922947748897,BCAP31,C2,0.9984867834371656
0.0011585621927956836,-0.01648757185638253,MECP2,C4,0.8740527604825055
0.019829897552043268,0.008169394488009579,CAV2,C1,0.9803918556682168
0.008913099252516508,0.001470352243073535,ALDH3A2,C4,0.6432980314341082
-0.0010510621613853105,0.03657811671956799,ALDH5A1,C3,0.9999993323056524
0.03818772528111371,-0.007262408853882105,HSD17B4,C1,0.9935882374577808
-0.0015410571574106034,-0.01197435704263655,PSMD7,C4,0.9853552524498624
-0.018092145197953234,0.010521155686443469,UBE2D1,NA,0
0.008774804858329441,0.0308678647394944,SUOX,C3,0.9967516876652914
-0.0048442848188297765,-0.016528994724931884,STAT5B,C4,0.8238045783077956
0.0077506944600180434,0.002651696436807579,RPS6KA3,C1,0.7640678815447909
0.008903479441253555,-0.01037338900812697,HDGF,C4,0.7449303477800737
0.01578169105629386,-0.021925165281121616,LUM,C1,0.6427563896401239
0.014864923250348333,-0.010555116606939098,PRELP,C4,0.9237265529540828
0.02250262204936623,0.03641054427779078,NDUFA8,C3,0.8849883622203285
0.02800044719239612,0.004949398074741868,HNRNPA3,C1,0.9892064761951964
0.04547769689824054,-0.00921007043962225,MYOM1,C1,0.9999791890986568
-0.001685307732242164,-0.005066920221895657,PGD,C4,0.9917236010187152
0.02554755765739547,0.0073824802599832115,HNRNPM,C1,0.9955582307318576
-0.004251076695883738,-0.018490477903906063,KPNA1,C2,0.9436071496706488
8.961799875612659e-4,0.02890401405872538,MAP2K6,C3,0.9997302718813522
-0.013954032793179484,-0.020192968800104176,ARHGDIA,C4,0.6184955358403985
-0.019261051521113768,0.003612636786593978,ARHGDIB,C2,0.9031879348409716
0.0015795459092264295,0.0052618225867786025,RIDA,C4,0.9796391217139232
0.01722731557034641,0.060492322836196766,MRPL12,C3,0.9993520060787404
0.0014192301770486254,-0.001602604858480774,THOP1,NA,0
-0.00506061918618565,-0.027472412129789497,AKR1C2,C4,0.9636812567896584
0.04257330964354833,-0.010142390485108404,CAPZA1,C1,0.9994391658087884
0.019376620973299393,0.013631620889830118,CRIP2,C1,0.8806458816714154
-0.01893871838474319,0.0017593781496454658,BLVRA,C2,0.9185515758791098
-0.0015139183920601779,0.008761521338246026,PPP5C,C3,0.8958551547847471
0.0033760185949273385,0.012268003197987567,NUBP1,C3,0.9106656122870692
-0.008469274805386858,0.03568344070659836,SUCLG1,C3,0.9999998938949922
-6.655064866187651e-4,-0.008717673232622406,COPA,C2,0.9739232856341054
-0.002903276774405891,0.03475147906108297,HCCS,C3,0.9999987733117468
0.007968687489285349,-0.004548162224705976,MAPK12,C4,0.9987289957650276
0.0016641193266290558,0.03360135500993847,TTC3,C3,0.9999972582754928
0.008929442830308052,0.02160633006301793,SMTN,C3,0.9662847796566552
0.0019802779652444372,0.026561480782789686,SLC16A1,C3,0.9753187878732223
-0.004727731305991688,0.020440866817820418,IST1,C3,0.9996986185408464
-0.013917610075380154,-0.013916466467762798,SEC24C,C2,0.9998394701985192
-0.002336352098577458,2.747752177632808e-4,SUB1,C2,0.7493671749700692
-0.01770482023132179,-0.0027370491461805478,RARS1,C2,0.9958838786055628
-4.140542668266263e-4,-0.013169858425305138,CACNB3,C4,0.9233687322361808
0.0034776814964769063,-0.019406726155510895,CACNA2D1,C4,0.9936828550676452
0.03495627263279333,-0.01994257681639272,MYOM2,C1,0.9981967551602914
0.010173053665510226,-0.0123881404377054,YARS1,NA,0
2.3466985947688619e-4,-0.011473160435070929,USP14,C4,0.9943906398539298
-0.00927214919960534,0.0014563117583230793,PRKAG1,C2,0.9884162990838288
-0.0173072673390835,5.922796022036828e-4,PRKAA2,C2,0.9821253692504728
-0.011274914195731688,-0.04453654847509391,HSPA2,C2,0.9474117741267606
-0.004656743879648954,-0.0026497866938216814,RAD23A,C4,0.7270742774854376
-0.00230846940827348,0.005051551556157777,RAD23B,NA,0
0.003606457619896248,0.031987315098039634,AK2,C3,0.9999884438202324
-0.006834177242968398,-0.00677894170439696,NAPA,C2,0.983135933559315
-0.0042712392917341295,-0.009667603257264972,EIF5,C4,0.891798433178535
-0.009200005353463608,-0.020241751256082543,PSMD4,C2,0.989819821439797
0.004300776822713263,0.005236266862903898,DRG2,C4,0.5033365931632932
0.020675787415875696,-0.05281730113970326,RRAD,C1,0.7791379527209047
-0.010647173450834485,-0.014338813416538974,CSE1L,C2,0.9951504222263612
-0.005073269217593893,-0.02330883991105947,VCP,C2,0.9981900675238872
-0.0010470683133652879,0.024415292134025435,HADHB,C3,0.999985647142388
-0.01493381577875313,-0.01977710167753645,NAP1L1,C2,0.9999510518625294
0.001229953877613829,9.93287574341998e-4,ADK,C4,0.8145893847023747
0.07220434460894697,-0.009087266156373295,LAMB2,C1,0.9993857063975956
-0.011815328299113049,0.007768797991668469,CDH13,C4,0.7034718065666292
-2.246859730539134e-4,-0.01990532971601487,TPD52,C2,0.6430941355554338
0.012526923228420304,-0.02596133518849797,SEC13,C1,0.7640760194745575
8.224712791268371e-4,0.012203231321804892,SNU13,C4,0.7448699949886419
-0.002331476173792601,-0.018049006259792662,NPEPPS,C4,0.9999869402285996
0.01275119241473065,0.0038307829506554992,HNRNPH2,C1,0.9865355107513666
0.013107427365794188,0.03307141715293396,OXCT1,C3,0.987878273200564
0.02984588824997402,-0.011446991368042201,SH3BGR,C1,0.9992580215109323
0.0030976433848603577,-0.009532265103327841,EIF3B,C2,0.5282966872999074
-0.017677237102684686,0.021100887810379353,ATP5MF,C3,0.8368888960306494
0.016567546891513605,0.0678736385864162,NDUFV3,C3,0.999851540621909
-0.0012996465812882719,-0.018489953160424868,MARS1,C4,0.6865231554515192
-0.022141015411156872,-0.021392080555281787,ARPP19,C2,0.7906773762770114
7.876996614391533e-4,0.038167972373465406,ATP5F1E,C3,0.9999761068398654
-0.014434789465825338,0.03394691956720109,ATP5ME,C3,0.9998767970766964
0.005483522222851876,-0.007524758826568972,EIF6,C1,0.579449269430812
0.01956098093497648,0.04391194857128874,NDUFA6,C3,0.9751813833481962
0.009447309561881919,0.030152730869469322,SYNJ2BP,C3,0.9989058719504208
0.01296994020968427,-0.011981388620097207,EEFSEC,C1,0.9392767541796776
-0.004391757617418722,-0.01675451436879579,MTPN,C4,0.9997731142433356
-0.006622298566390187,-0.003030113266823168,DEFA3,C4,0.941437544345371
-0.010803797607288603,-0.015981406561938968,ARPC4,C2,0.990973636236934
-0.004450522762883681,0.015067782985785922,CD81,NA,0
-0.0019259178691012316,-0.005666555582039891,TPI1,C4,0.99997709436261
0.02019551152303279,0.003318011204669606,EIF3E,C1,0.999048340142353
-0.02931620659983623,0.01939085346431476,SEC61B,NA,0
0.02321181349009092,-2.2706868736250136e-4,GABARAPL2,C1,0.9987511220493716
-0.02828782209933749,0.022915843875735295,ROMO1,C2,0.5460380715871832
0.06114081049000026,-0.002371430968875802,MYL6,C1,0.9999423392227684
0.09194360903457433,-0.01865015630845991,ACTB,C1,0.9999991862331142
-4.977742912692138e-4,-0.012974375773824848,EIF4A1,C4,0.9893582075566246
-0.00424453014043392,-0.012850009478304432,RPS20,C2,0.978343308482399
-6.31501297714975e-4,-0.031489526175998914,PRPS1,C4,0.9551499511196536
0.002299055328763275,-0.024407886107202473,PSMA6,C4,0.9618314436554288
-0.01627127553870491,-0.006697320402462304,S100A10,C2,0.9982592970042304
0.0015841031054351707,6.015855433396894e-4,CDC42,C4,0.9727921671797018
0.016342566938705786,-0.01137589184938355,DSTN,C4,0.6029159570432554
-0.007023662650948252,-0.015663440933128665,RAB2A,C2,0.6016757508590275
0.0048412118234697635,-1.4935775091661667e-4,RAB5B,C1,0.7664430351165307
-0.004960054641369289,-0.010281635620462868,RAB10,C2,0.9706851548972816
-0.012553566601574626,-0.002631603123194649,UBE2D3,C4,0.929088233210599
-6.422633083597381e-5,5.827590287642006e-4,UBE2M,C4,0.7592373091412583
-0.0010717326383531773,0.01197309024523683,UBE2K,C3,0.5207429330935818
-0.005850414040980676,-0.014100697237618923,UBE2N,C4,0.980190063731794
-0.0068941066984774145,-0.012691707070998554,RAB14,C4,0.9165834403149404
-0.005027466890363176,0.007362261182207979,ACTR3,C3,0.6688545096795026
-0.013070003691111809,0.0018915389920955113,ACTR2,C2,0.9815369249166596
-0.00815534890341287,-0.012356395946498037,ACTR1A,C2,0.9992018433770814
-0.007445936804045767,-0.010583462096661223,COPS2,C2,0.6981423221010442
-3.3135545704789235e-4,0.005335799835444489,ABCE1,NA,0
-9.470000939785549e-4,-0.00974789395327537,RAP1B,C4,0.7099357857853023
0.006017818200873764,-0.009330003016017925,RPS3A,C1,0.5098995708936034
0.008016636781325323,-0.048089241148445615,RPL26,C2,0.539614091472804
0.02061349603612391,-0.01810328520739516,RPL15,C1,0.997405636347113
0.008258303984781381,-0.02060845223020265,RPL27,C2,0.6906853277301175
-0.008930690239197379,0.0016492925743587363,PCBD1,C4,0.7774217318728862
0.021734316308377705,-0.011875525780819407,RPL37A,C1,0.9972840843620996
-0.004934198860793124,-0.013604753434533778,RHOA,C4,0.8392579886739868
-0.0073687159130059856,0.024295449813685026,HSPE1,C3,0.9997890506944478
-0.008485964695487657,0.006707089679828071,SEC61A1,NA,0
-0.006746104002027938,-0.006222860713842314,VBP1,C4,0.5866021280315437
-0.01482032800250562,-0.008951342819883886,B2M,C2,0.8382776085295397
0.0050763479254792255,-0.01534833401593748,DAD1,C1,0.6527134141542748
-0.008532786712945259,-0.007160196214354437,NPC2,C4,0.5513192634890721
-0.0014333654946696215,-0.004552720638193621,PKIA,C4,0.9896278931245543
-0.01088505714922368,-0.01658427822274747,SUMO2,C4,0.937149916929105
-0.010523020169711505,0.0037361950516219917,UFM1,C2,0.5616137737395244
-0.007221422164623905,-0.01396990469856493,NUTF2,C4,0.9994739520344196
-0.0016243185826310452,-0.008413682442174917,HNRNPK,C2,0.8265381878718532
9.41644315863029e-4,-0.01934230784319708,YWHAG,C4,0.7224236501638549
0.007714057625967265,4.903941935080829e-4,RRAS2,C1,0.87215410866624965
-0.0062722064753592995,0.02554333616249827,TIMM10,C3,0.9864512610610352
-0.018601223402700387,-0.01437138687256517,RPS7,C2,0.9597560635549424
0.014356248516374643,0.001953603440865936,PPP1CA,C1,0.9964529506591736
0.020203925600729145,0.0018015846507848244,PPP1CB,C1,0.9951410879364506
0.00234168942789964,-0.019808161887249872,PSMC1,C2,0.7692259230357962
-0.007445613273103359,-0.012746945994644193,PSMC5,C2,0.9802796518446026
0.003955062846965782,-0.00797169143742724,RPS8,C2,0.7251998571589274
0.002233054610206145,-0.005654766705745514,RPS15A,C2,0.7984936479792724
0.0026506332382225666,-0.013290925785375763,RPS16,C2,0.8025233588124087
0.00632045816133662,-0.003196643009462359,UBE2G1,C1,0.600460804260213
-0.00929762999658397,-0.01969536860370959,YWHAE,C2,0.986333837763026
0.0020005406680673543,-0.004407820932664849,RPS14,C1,0.6416256392823273
0.001164726773118116,-0.017288141759841502,RPS23,C2,0.7879777492315301
0.011053175284146557,-0.0052165345095844876,RPS18,C1,0.9707989463704928
-0.0037630634653319415,-0.015590406739411889,RPS13,C2,0.9897987449187946
-0.01186105947130287,-0.01883000308853072,RPS11,C2,0.9956574175743634
0.012278391793767432,-0.0014856171315401766,SNRPD2,C1,0.9844915644164292
0.006020440407605426,-0.008108364811219375,SNRPD3,C4,0.91079199589954285
-0.02269115039615346,0.002903130609055506,TMSB4X,C2,0.9181740027961104
-0.00647717609254029,-0.019299072723299632,PSMC6,C2,0.7670407010657108
0.0057389413946359775,-0.030213260390177927,RPL7A,C2,0.8670361770566012
-1.2167079453486824e-4,-0.030085816356810194,ETF1,C2,0.9882250585696224
0.018809569268634047,0.0012513317057858502,CNBP,C1,0.974285171885279
-0.0010147627359160252,-0.0015311132285184088,RPS4X,C2,0.8845102359012436
0.018736125326007082,-0.013291011795827609,RPL23A,C1,0.9984804333183568
6.111329167981261e-4,-0.007187520214993318,RPS6,C2,0.8905367983434163
0.05675404155309268,0.0023249842515231265,H2BC4,C1,0.984583460890762
-0.0036598833622568405,-9.659527134820165e-4,RAB1A,NA,0
-0.013855732800903823,-0.022264703662717652,RAN,C2,0.9985901255720762
0.005563225724323707,-0.006978949691474486,RPL23,C1,0.8318443824539721
-0.0026492907383840365,-0.01236779005400712,RAP1A,C4,0.812132118716243
0.02016498143281269,4.7124232318249755e-4,RPS15,C1,0.9939958253158016
-0.011604712906402154,-0.01911679953622835,RPS24,C2,0.9856866971724236
-0.0030404585706598816,-0.0056403166657311475,RPS25,C2,0.936550141537344
-0.010013201649035582,-0.005170128847612806,RPS26,C2,0.9483641199998804
0.016659204267880305,-0.005074549871175152,RPS28,C1,0.987006301108158
-0.003589255622483006,-0.014528727483357842,GNB1,C4,0.9022938077850118
0.0028435648439258466,-0.013257278889199807,GNB2,C4,0.9505976383544892
0.021870000170355525,-0.028804833528750014,RPL30,C1,0.9307023782343752
0.012857900533022461,-0.0067771122298938245,RPL31,C1,0.982850476485939
0.037630860044205454,-0.03237353153731484,RPL10A,C1,0.9998639263868832
0.023489851100223978,-0.04142276482400865,RPL32,C1,0.9654155234716706
0.007765555325231386,-0.01799082321361564,RPL11,C2,0.5326573443405348
0.048092990551110576,-0.02617949100926303,RPL8,C1,0.9999334470742328
-0.015098831612100494,-0.0301588109770379,PPIA,C2,0.5946340952952662
6.162797402700791e-4,-0.008100621299381095,FKBP1A,C4,0.999256701365559
-0.02458612991946597,-0.043092627169935706,RPS27A,C2,0.99891513400317955
0.009318509941044772,0.004555709808921288,GRB2,C1,0.9628090752356688
-0.0022281710208450762,-0.011308741198761456,RAC1,C4,0.6022314140049472
-0.011760817489383223,0.0010696342490643495,AP2B1,C2,0.9929758591531512
-0.012078550052438096,-0.010190181954363496,VAMP2,C4,0.707539543379095
0.0016289685202850784,-0.0213282334332025,PPP3R1,C4,0.9994782788339894
-0.007211301131466012,-0.011310837840034707,YWHAZ,C2,0.5914032849267834
0.0017336202218538133,-0.007129068861143175,UBE2B,C4,0.9377683925102628
0.007619390033791908,-0.0065319105517967985,PPP2R2A,C4,0.9109978341408737
-0.011244404053397081,-0.007188122512402156,DYNLL1,C2,0.9986949367636422
-0.011500636475009521,-0.00997742982831708,DYNLT1,C2,0.9646199621499256
0.0016514636254990158,-0.00560810665051127,RPL38,NA,0
-0.009724566519923835,-0.012253094147500278,SKP1,C4,0.5438638680170763
0.013069310878663058,-0.0076891671058025085,RPS21,C1,0.9900775060678868
-0.007299912383930905,-0.015183714708056137,EIF5A,C4,0.952886848760491
0.010326339213401937,-0.007804837862365166,RACK1,C1,0.9945829254108464
0.009849402460410467,0.037610661384084226,UBE2I,C3,0.9067500787002492
-0.01534473002154993,0.02131633769058833,SELENOW,NA,0
0.10480863626815848,-0.008552187752445659,TNNC1,C1,0.9999947008142912
9.53015376061984e-4,-0.008194338573227922,PPP2CA,C4,0.8020747393121855
0.0026141657959071287,-0.019727613540828432,YBX1,C2,0.8837355919736724
0.001270666067148824,-0.010020623173598316,CSNK2B,C2,0.8045034273931003
-0.01754569505554496,0.014005039810079048,TPM4,C3,0.5351800882745346
0.0010674008064043734,-0.0015329310284360074,UBE2L3,C4,0.7524356393726778
-0.024621141196184724,-0.0300258724323283,EEF1A1,C2,0.9999781295092346
0.1052952456726275,-0.011337678979818707,ACTA1,C1,0.9999990175372976
-0.013381736990393887,-0.03172206446140469,TUBA1B,C2,0.9999748227872428
-0.01207566997951508,-0.024806846020363697,TUBA4A,C2,0.9992830344058652
-0.010852143888154631,-0.028568969124665288,TUBB4B,C2,0.9997132866230828
0.017780620106470326,-0.019985949640843013,CSNK2A1,C1,0.9963798349773164
-0.00894929311089889,0.007466190255289684,PAFAH1B2,C4,0.8916087767903735
-0.008961975949040404,-0.023313722065054283,HBB,C4,0.9905228253139418
0.0032035561425278317,-0.02203844868493196,HBA1,C4,0.9955584197923752
0.0065976147570220795,-0.014537655873561076,EIF4G2,C1,0.5661535689238798
-6.365489497997579e-4,0.0071215316185644535,PIP4K2B,C4,0.90507640406805
-0.00830148450966381,-0.022768034653813104,CCT2,C2,0.9995263843710208
-0.00802939675990079,0.017382844645789253,GSTO1,C3,0.9717608115249108
-0.010995592546271558,-0.004348902592595298,PRKDC,C2,0.9994130923138328
0.004993383539385127,0.021431380656215346,DCD,NA,0
0.0037573337024836705,0.021295205170806266,MRPS25,C3,0.9962993630180188
0.008292545886623056,0.022080897788054943,MRPS5,C3,0.7908911446536071
-0.01170022672639389,0.014522086829885301,MRPS36,C3,0.6208996181805818
-0.0012399808342709153,0.0015610178598018795,MRPS15,C2,0.7953224271329488
0.013326227904999283,0.012079182474514174,MRPS21,C3,0.502440690911315
-0.001202349859008214,-0.03358568871341459,SARNP,C4,0.7710804198839347
0.008125504267020248,0.02656256098188617,LACTB,C3,0.9987283730725296
0.03128476417929544,-0.008642334574157785,RPL24,C1,0.9999266799642714
0.0011238936601984312,-0.007976372657307466,ARF1,C4,0.5636946712147745
-0.006203352199662761,-0.006822521967489853,ARF5,C2,0.99583773128201
0.02653401269171979,0.0024975246413054485,ERH,C1,0.986593782746962
-0.0022548235877827495,0.021324890677654893,RHOG,C3,0.9884961079957928
0.02192058226797334,-0.0011099883276065932,RPL19,C1,0.9986406445748408
0.007571712533342396,0.013896764577982036,SRSF3,C1,0.6054566271425885
0.0036079438934301083,-0.010105351286283704,MXRA7,C2,0.582733701415132
0.039297830858717554,0.007673048696374752,H3-3A,C1,0.6309690173021598
0.025190958418518233,-0.012908656983849855,FBLN2,C1,0.9777727781145646
0.06160828011019091,0.012140212304196141,HSPG2,C1,0.998423024730809
0.01713221839207551,-0.006225637925305706,RBM3,C1,0.935301782153636
0.005951981938638374,0.040065039416171004,CYCS,C3,0.9998185211389752
0.014564788546487252,-0.009464762954764621,MPP1,C1,0.6305690126033204
0.01924387080725626,0.03748891976101732,TFAM,C3,0.9936144183787688
0.004238688320021325,-0.01075604358146581,PITPNA,C4,0.8807515628880441
-0.012794904573785359,0.028926544421905648,SLC25A3,C3,0.9999507199415698
0.005088213197814469,-0.003623171090314806,HDLBP,C1,0.9253333342370974
0.021862235780004614,-0.009639657617808618,PURA,C1,0.9971935892267736
-0.020763575558962518,-0.021710885576880497,CLTC,C2,0.9999941691936396
0.003422905892988604,-0.0028135300306099424,FKBP3,C4,0.9268816155763474
-0.014862528105342042,-0.03649565909245811,REEP5,C2,0.9999845096802468
0.015431652094963062,-0.005931423893593935,SORD,C1,0.735468470181365
-0.0037186757869188724,-0.01862396748836779,HNRNPU,C2,0.8612233407354158
0.10195400219549797,-0.026431197605412148,MYBPC1,C1,0.9999924118225576
0.010026519932480864,0.04187518261097487,PLIN5,C3,0.9942595925448808
0.0011008093532818865,-0.007180227726598785,SPTBN1,C2,0.9082872177233416
-0.005785063283143569,0.00739980195777244,TIAL1,C2,0.5210739514326611
0.020238284328122014,-0.0030396625340068134,SET,C1,0.9579846782404736
0.011028361892349388,-0.01020192679344489,AMPD3,C4,0.5169882529232147
0.004579033961367244,0.0020273811672394926,FABP5,C4,0.987727618777572
0.0016664232904665902,0.014924128138273507,ANK2,C3,0.8242438729385972
0.005903637200416326,-0.008999529569012043,CAP1,C1,0.5536114733735825
-0.002041491337096693,-0.008058870488339464,EWSR1,C2,0.9735138442152124
0.026718186179819532,-0.01675877330358776,TAGLN,C1,0.6940193707138335
-0.008052553926223593,0.020050411555901718,OGDH,C3,0.99998155330160865
9.405189146447399e-4,0.0647671676576248,COX6A2,C3,0.9997007960189844
-6.483616134262982e-4,0.014338148631059354,ALDH6A1,C3,0.692987752376444
-0.01230893144813218,0.05515464680164762,BDH1,C3,0.9999914094808628
-0.012795976720027007,-0.01016579589665202,COL7A1,C2,0.6221533337296502
0.011572007559508673,-0.014786843954696488,RPL18A,C1,0.9230721341709588
0.0029299599888749587,-0.013167377212860949,CACNB1,C4,0.9896056166944582
5.13768856253177e-4,-0.005263261243458593,MAP2K1,NA,0
-0.0018099416411692375,3.070220966977488e-4,FKBP4,C4,0.5908680613445673
0.03054383326500654,-0.021330285596239854,RPL6,C1,0.9974997176158128
-0.012631533408556262,-0.015124593888658147,AKAP12,C2,0.9566423234330502
-0.006616918984080118,0.01356368067077763,SLC25A11,C3,0.8994579216573874
0.018943335915329623,0.009737218161930478,CAV1,C1,0.8511488202348647
-0.01673529015627213,0.03232853267204287,ACY1,C3,0.9999172449918732
0.04268894773621782,-0.008008493323805457,LMNB2,C1,0.957583948049117
-0.003132721561460498,0.006362253107916378,UBXN1,C4,0.807786311566731
-0.010087762331205266,-0.013388343944488349,GBE1,C2,0.9982307180804374
-0.0061714673362604205,-0.01055792345110568,EIF4G1,C2,0.7882485733407849
0.007664652878919988,-0.0024258316671761757,PRKCQ,C1,0.7334393768692496
-0.005755710708352556,-0.01730450330168588,GLO1,C4,0.9998924146719644
-0.00723522515072531,-0.0358447613117855,AKR1C1,C2,0.9595163550463454
-0.006188092676017647,0.01694241253754745,SSBP1,C3,0.9988717248037712
0.00579134048691492,-0.013938895617695934,YWHAH,C1,0.7342760445063957
0.0014712309697831746,-0.012092781658285943,PLP2,C2,0.8157367402534305
-0.011379797209266504,-0.01309134832629971,UBE3A,C4,0.9955722250603232
-0.0022212901161511056,-0.008871398158196354,SRSF11,C4,0.90409430469858
-0.021424068195495437,-0.028621085374591,EEF1A2,C2,0.9990206207254289
0.01603377772964828,-0.016079427894422075,CALD1,C1,0.681602573500577
0.05202440505110282,-0.038552489784836504,COL14A1,C4,0.9499903391118348
0.002336620456010704,0.0014396713734370595,PTPN11,NA,0
-0.015936234165300833,-0.01027398735640187,PSME1,C2,0.9999360817363214
-0.0048886886589179415,-0.04212650620028067,CACNG1,C4,0.5834704288805405
-0.06097618201281586,0.0025722436162820632,ZNF33A,C2,0.6136766372132464
-0.0039305932783114846,-0.03393079619638945,PRDX1,C4,0.9949350443329746
0.014236281476742552,-0.028535778646816064,RPL18,C1,0.8572602460150702
-0.011631566661271209,0.023663910563253523,C1QBP,C3,0.9849620519928644
-0.0074208213177639724,-0.009288720205836251,CKAP4,C2,0.9965519696134234
0.048022508120065116,-0.012367687003137106,DPT,C1,0.9996940636328522
-0.00107046220392465,-0.025605408629208664,KLC1,C2,0.9888294823575512
0.01880759949743954,-0.005918579546377017,SRSF1,C1,0.9981257839582858
-0.0029104266620885765,-0.031418220090249006,ARHGAP1,C2,0.9747955676523312
0.15224802589578595,0.003373170302665935,ACTN3,C1,0.9998895060612064
0.012931474237361072,-0.01905469664658985,PPP3CA,C1,0.7352241759058386
0.003241449826454498,-0.015249586324813828,DHX9,C2,0.6549725183094317
-0.00246058453862598,0.0031715922076865385,CRYZ,NA,0
0.11035624479964744,-0.01977783332138652,SLC20A2,C1,0.999329179504214
0.008574823859031846,0.007408823782934555,PUDP,C4,0.9899270303422694
-0.009228999919709158,-0.02654339360943704,CD47,C4,0.9748353567334184
-3.3471790557802766e-4,-0.01326572808721892,PPID,C2,0.9231140233236336
-0.011059738835543875,-0.033077144989560624,AHNAK,C2,0.9999193201918036
0.02379206003699887,-0.027820603057393978,LMOD3,C1,0.8877912911420324
0.001852637003166981,-0.019817359951275683,HSPA14,C2,0.807219065597861
-0.013913450590466942,-0.004542702143121716,SCRN3,C4,0.7829930449962844
0.04040955199432021,-0.023225975343795138,NEXN,C1,0.9999158488182344
-8.917582290364953e-4,-7.039182520420454e-4,AP1B1,C2,0.915869199287046
0.018880239554646704,0.00958624920415687,BST2,C1,0.958854741485024
0.014107311465223834,0.030283766807045986,PMPCA,C3,0.9788393663179372
0.01556868341059233,0.005963342807025068,ASPH,C1,0.7987840689352977
0.006858167102967394,-0.011506978486138754,EFEMP1,C4,0.6093623860916676
-0.006459162773584348,-0.0023483538954994104,STX4,C4,0.985211216551599
8.907748482710628e-4,0.019805925646214497,GRSF1,C3,0.9566846615503302
-0.0028935078075324337,0.00580441185346156,AIMP1,C3,0.5342835534666698
0.0054342713296669206,-0.025220815172266233,ILF3,C4,0.9387192084169966
-0.012265738052366517,0.0332951801636691,TRAP1,C3,0.9995909413968516
-0.014574856052118066,-0.009020721255393608,ANK3,C2,0.955384775196178
-0.018031642587045912,-0.024713700805222633,HSPB3,C2,0.9999849685827426
-0.002512004282132407,0.04163542499859307,ECH1,C3,0.9999979229024488
-0.005594105025578708,-0.009394363930034053,STRN3,C2,0.9879169552267734
0.00126943130967732,-0.003404792132213804,COASY,C4,0.952167561693021
0.041206838568551604,-0.021167429710852646,TRDN,C1,0.9999843865136466
-0.020391573889383334,-0.015564420234147698,ACACA,C2,0.9996374987500636
-0.0064378953513851865,-0.01099859183219875,GPS1,C2,0.8175171966422203
0.021739353957815167,-0.0148232833969063,MTAP,C4,0.6366987251387277
-0.006839333146241082,-8.12832977610113e-4,PRKAA1,C2,0.6329111593046036
-0.003008110046546386,0.008740399842281532,TARDBP,C3,0.620237265338416
-0.0040064904441657525,-0.014303732731706577,PAK1,C4,0.9955207224023191
-0.005509011580454174,0.0019986083053047474,AIMP2,C2,0.947141476690634
0.004704828786496008,-0.01382485461390712,PRDX4,C4,0.7873349632812081
-0.008068463244831231,0.004240687089885869,PAK2,C2,0.7007019027654432
0.001078223281373246,-0.007555138788580735,CBX3,C4,0.8461127604412189
0.005868280473335443,-0.019990971876750332,PSMD2,C4,0.9051604670470546
0.08233782879370001,-0.07060072523729442,MYBPH,C1,0.9920346972656364
5.26053681309493e-5,-0.005953768935190685,SELENBP1,C4,0.9990171220606144
-0.009920375217109522,-0.009552660249816646,TRIM28,C2,0.9779399572258948
0.028491027808290766,-0.027514930475960032,G3BP1,C1,0.997769277246951
-0.0031278845841499216,0.031493204886711465,PABPC4,C3,0.9904904321175846
-5.226707385023758e-4,-0.009506944206281816,SGCG,C4,0.9774248596346912
0.013519888692949808,-0.016687818200912214,EIF3I,C1,0.9809631427493576
0.006073290648431607,0.003345741496408388,CTBP1,C1,0.5151993065615283
-7.793361966715529e-4,-0.0021252234899329986,UBE2V1,NA,0
-0.00187642065617899,-0.024614987337146895,DYNC1I2,C2,0.9967550273967009
-0.008960522602473323,4.776023472672319e-4,ILK,NA,0
-0.005342722358240673,0.029093310387706878,NNT,C3,0.9999996964530102
-0.0051878192080427555,0.004326242533686366,SNTA1,C4,0.9920140682016622
0.007142279962374503,-0.004320842065022374,SNTB2,C1,0.9042837048851046
0.010987524525132866,0.018766450553222177,SF3B2,C1,0.5111824310556302
-0.003009257834869923,-0.01433526181418713,PDAP1,C2,0.9689703648536936
-0.007454707481239898,-0.02024828336705616,TMED1,C4,0.655296269967191
-0.0016590482423045573,0.005802608657312076,FKBP5,C4,0.6199451244243885
-0.00548569770232027,-0.002776971925837193,PICALM,C2,0.7647388939732903
0.01295465633024865,0.011675455833931928,MTM1,C1,0.797369707845331
-0.0017063842078392163,-0.01500580749259861,SQSTM1,C4,0.7516957686240555
0.00984244365832535,0.011265588722283783,MTX1,C3,0.5472501631698746
0.029351608633945623,0.004490522621235773,ART3,C4,0.8837954411961104
-0.005805105903816649,0.008812433585788686,ASAH1,NA,0
-0.0037513865879247044,0.0012500627266650488,PIN1,C4,0.9943967185192072
-4.1191014588491665e-4,0.0015286395645311313,CAMK2B,C2,0.6213755398957693
0.01090097942911164,0.004405301886362192,CAMK2G,C1,0.8436780922117278
0.0023980397595713228,-0.01804158152292538,CAMK2D,C2,0.9531223329067106
-0.007718124221640737,-0.004185628065665416,DCTN2,C2,0.997423945138177
-0.0066950441026242145,-0.008170938342079694,NAE1,C4,0.8757737793661066
0.003141993872775424,-0.013987729138628368,STIM1,C4,0.7866911030581708
0.005417191726068324,-0.010236789675141402,CUL1,NA,0
0.0010879111588371335,-0.004003447040495405,CUL2,C2,0.7272473793417146
0.0010888220012407763,0.003036835975119017,CUL3,NA,0
-0.009890955654183659,0.002873035678528262,CUL4A,C2,0.7875849258928507
8.52999511726334e-4,-0.01418974722047436,FHL1,C2,0.8684342866801574
0.015188668909658469,0.004703053282163523,FHL3,C1,0.9401955928157578
0.01674112603992237,-0.01839512129423259,ITGA7,C1,0.714047570223436
-0.00884791879290051,-0.018546355280154907,AAMP,C4,0.906092946352266
0.00419216099385512,-0.02278601342529243,CACNA1S,C4,0.6496769092686646
0.02088918531213265,-0.002164537655612973,MOGS,C1,0.992070502065496
-0.004820554537126423,-0.011607668010615775,SPTAN1,C2,0.9967737651031124
0.01432935951783299,0.048878439542508166,AUH,C3,0.9998795607001126
0.013321081937091767,-0.013417752178811448,DDX39B,C1,0.9239995601449092
-0.0031727241195199526,0.010946796093440056,BLMH,C4,0.8264414574424251
0.005359994163712456,-0.012875281830907099,SNTB1,C4,0.9994314487637116
0.008789845484653686,-0.028168611756758274,TUBB2A,C2,0.5022914655953378
-0.001795925537689166,0.032499450105663644,IDI1,C3,0.9984674316953804
-0.0018351059450086844,-0.01699166518052089,PRKG1,C4,0.9751104164483064
-0.013855309502771524,0.024562358796381065,COX17,C3,0.9378089752978832
2.279108543153523e-4,-0.009318578398977477,HNRNPD,C4,0.8810948507055837
-0.018602933376888047,-0.028185501116195597,SCARB2,C2,0.8109402050407031
0.04064949053101739,-0.005164621337164567,NID2,C1,0.9904357701979868
-0.016377275629249177,-0.007962047056340061,IL18,C2,0.9904739221772084
0.0063835285988772215,-0.010389709955529758,DAG1,C4,0.9486357360227312
-0.0010872839426585305,-0.0019468709316726287,EIF3A,C2,0.9161037012394396
0.010217586283495972,-6.209665470517973e-4,UBAP2L,C1,0.981700648572286
-0.012953112219316174,0.002321470807205751,MLEC,C2,0.8464708091710605
0.005972900190194129,0.004349406935900057,DPYSL3,NA,0
-0.0029624652072045847,-0.014743875831822522,DCTN1,C2,0.9924023144516936
-0.013306448114432226,-0.02002470817688845,DYNC1H1,C2,0.9999966811227766
-0.003365893337978248,-0.023318995269401545,EIF2B1,C2,0.981356636451557
-1.2086940124811908e-4,-0.00402900370066923,EIF4A2,C4,0.9169962847798953
0.002372993377343555,-0.020658272396270293,CTTN,NA,0
-0.011709648022746988,0.05843828575816854,ENDOG,C3,0.9998358672428224
0.0017686325433106567,-0.0036536021082335507,FLOT2,C1,0.7019954871394153
0.007536844956783535,0.015420118807694626,TRIM25,C3,0.7262111654799939
-0.019645556231578036,-0.02127725281374401,FLNC,C2,0.999800154785429
0.09114336448781872,-0.058507197290756326,MYBPC2,C1,0.9999669338720142
0.002213510977826691,0.005180248626839068,GAMT,C4,0.9164854695151052
0.03695290337875098,-0.011427446848807019,CAPRIN1,C1,0.9996515583890808
-0.006709961861544953,-0.011844355300003497,PRPSAP1,C4,0.988746142454194
-0.01439381609388298,-0.024329332395612295,ITIH4,C4,0.9719589078418734
0.003732828781096302,-0.007299241933996211,CLINT1,NA,0
-0.011070500319807067,-0.012744569424841107,GANAB,C2,0.9318407760861884
-0.002301297303012171,-0.012346926107565104,SSPN,C2,0.7496333270494717
0.011246844845854226,-0.016755679604577932,MVP,C1,0.5418037219933153
-0.0021774266204625027,-0.009209471705407148,LTBP3,NA,0
0.015113529751086471,-7.56864927628053e-4,LASP1,C1,0.986592732318562
-0.0031532324331636622,0.023282996523109986,PTGR1,C3,0.8262738892010107
-0.010477272828694869,-0.025087242042282333,KPNB1,C2,0.9997298239701232
-0.005596087954813644,0.006080358750909834,NUMA1,NA,0
-0.014627541904738615,-0.012239429889375554,PSME4,C2,0.9989117757914588
-0.01612384217942808,-0.025354253874791923,SLMAP,C2,0.9999949351143366
0.013932254662556596,0.011797954935892675,EMC2,C1,0.9290901161075892
-0.022190413142596434,-0.026670452074171753,PSMD6,C2,0.9979662243205882
-6.26936616460572e-4,3.9559962941041263e-4,ABRAXAS2,NA,0
-0.008742214240564091,0.0019413923812975455,SEPTIN2,C2,0.9147638555352372
-5.62128332751146e-4,1.726327126864978e-4,KARS1,C4,0.7173643825181715
0.004775313413005698,-0.002051661123718484,EIF4H,C4,0.6667600100040605
-0.012922465396555552,-0.02681876407483525,EEA1,C2,0.9998699398083806
-0.0029532978687627203,-0.014604799435478948,PDIA6,NA,0
-0.006282641838021155,0.010064106815567716,PAFAH1B3,C4,0.9884811017307248
0.012529628513859494,0.0051952909923161875,PLCL1,NA,0
-0.008065484468846773,0.04714951365937828,PDK1,C3,0.9999063818317544
-0.0012846677061861436,0.045645422597947856,PDK2,C3,0.9987558825207234
-5.648983352985312e-4,-0.02510232204193842,PEA15,C2,0.8403976308803817
0.03154175230710757,0.01761770295502128,PGM5,C1,0.992442922670511
0.00949724214931098,-0.028805216271281273,PLEC,C2,0.7351024461288354
0.00698876850927764,0.0059378924979040315,PPP2R5A,C4,0.8175683494084901
-0.005393796059319191,0.008813929549688557,PPA1,C3,0.6710545491395866
0.007438253792564051,-0.013230926219160943,PTGES3,C4,0.8007665974836217
-9.189600188653797e-4,0.015183537351374765,STK38,C3,0.6692509424234776
0.050158681659270656,-0.03976805273807053,NECTIN1,C1,0.9463414609862196
0.010167239201701796,-0.015558963053429364,NONO,C1,0.9846933032753568
-0.014094007096277091,6.155349012435267e-4,PTPA,C4,0.5355732241569995
-0.004240851147499304,-0.011173549333308243,RABEP1,C2,0.9666339473016108
0.010240441642932474,-0.014197698389200712,RAB35,C1,0.8976869712981059
-0.010576989145197106,-0.007910212723726604,TMED2,C4,0.9944953129754812
-0.005972909972487252,-0.007392534371392425,PCBP1,C2,0.9958365613104422
0.003857279728793398,0.002149510984949575,PCBP2,C1,0.8983225162458212
0.0046743395962108225,5.0081043139220756e-5,ELOC,C1,0.570636635764852
0.012168054423104315,-0.016239294579580378,ELOB,C1,0.5589057623699206
-0.01292630322722908,-0.003991599599663854,UBE3C,C2,0.965338385761394
0.003006556150382698,0.0019971589157506226,DHCR24,C4,0.5377089090867538
-0.00471394642206886,-6.621653952489237e-4,RSU1,C2,0.5730704058990026
-0.013332383097138746,0.001722006265788476,PPP1R7,C2,0.8509243656186033
-1.0034134244854118e-4,-0.011320854823773253,SEC23A,C2,0.6938465669620101
0.0027365075377749582,-0.012116779063039033,MAPRE2,C4,0.9442382869088944
0.012529312663571494,-0.028267628303424015,TGFBI,NA,0
-0.003079107693367832,-0.014908328506980668,TSN,C4,0.9993269586312954
0.024174896754870327,0.010317762659900356,SF1,C1,0.8587046374407088
-2.6159060705467e-4,0.004644131044490424,TRIP10,C4,0.7345573499989078
-0.005777782407699476,-0.016917426193991465,MAPRE1,C2,0.9753135123242817
-0.0010934071451122775,-0.020379235219189717,TSC22D1,C2,0.5716070331002919
0.00449773260435427,0.005605053170107688,ELAVL1,C3,0.6229738072686407
-0.014427596652244605,-0.019518837588486108,MYLK,C4,0.9846585908591928
0.010109573679397845,-0.0041610764471368845,SPEG,C1,0.8096964726283007
0.0025391006856998553,-0.002983660374072929,TBCE,NA,0
-0.004037923859399935,-0.008378292659340595,UBE2V2,C4,0.999933703045938
0.015482320034349118,-0.004707817795617308,NEDD8,C1,0.902832244257936
-0.012325874982736297,-0.019115909535145754,ADIRF,C4,0.9928532289557976
-0.015179031087226586,0.008559286744103495,ADIPOQ,C3,0.5324739443458512
-0.001990557443357839,-0.007785667585427668,RAB11B,C2,0.8651424932326296
0.0035704792554940965,-0.010992779163803545,ZYX,C2,0.8263580084716321
-0.008458565568331869,-0.04030569770936348,HSPB2,C2,0.9990278801671502
-0.007738485885516775,0.022004241239353146,ETFDH,C3,0.999768739165494
-0.015162633526725379,-0.008207601817947049,SEPTIN7,C2,0.969998418097636
0.0051244660977526,-0.026817930165778017,ADRM1,C4,0.9673875319188204
-0.010584224370150861,-0.01453270158365117,DDB1,C2,0.9997680074376708
-0.008753034316423627,9.108376605441379e-4,CDC37,C4,0.8733439629774177
-0.0033215071612939383,-0.0030719714369227945,DPYSL2,C2,0.6632599656820769
-0.0031223648134757914,0.005369541267714123,SYPL1,NA,0
0.012823197722741344,-0.005648027825483663,RBBP7,C1,0.9424337943160166
0.006311079577634251,-0.009631318142637275,SGCB,C4,0.9618949684051704
0.004105738781236241,-0.0012608597140993847,SGCA,C4,0.8532551055699507
-0.003206344827150191,0.04278013735866057,FXN,C3,0.9999979477199478
-0.019804661091894882,0.017963563433476187,FSCN1,C3,0.7518220270335413
-0.004501446485108008,0.03685207175252815,DECR1,C3,0.999999164187462
0.011557222488258806,0.031329494551974306,NDUFA5,C3,0.993717737374755
-0.0058414870300441835,0.008026451651354896,CLPP,C2,0.5519640694894302
-0.01205963599667303,0.04567324590652018,TST,C3,0.9999998209724702
0.009282147334173294,0.02053300877676451,KYAT1,C3,0.838126733393916
0.0028625425213358218,0.004719656974177607,GUK1,C4,0.9794875880009828
0.0028986818255111796,-0.0054705501670092955,HAGH,C4,0.9979704389909316
0.014816319810131363,0.03645592499146708,NDUFA9,C3,0.9788104879179684
-0.008150030285420681,0.0016482772842504733,PHKG1,C4,0.5169290163672189
-0.005979718411993291,0.007838981215061347,PPP1R3A,C3,0.548790236321721
-0.005206451960446134,0.02256086432740346,HADH,C3,0.9993407409519216
-0.016868676993295435,-0.009933890945329265,UGP2,C2,0.9667184318035746
0.0010807454367668615,-0.007206905735289393,TXNRD1,C4,0.9992308483805706
0.010941501274850903,0.02155888905780211,IMMT,C3,0.991717614101361
-0.01221578408801318,0.012744807062946513,IAH1,C3,0.7544670747401865
-0.002859354252091918,-0.02563291806475304,KLHL40,C2,0.9854774528234316
-0.008814634507936446,-0.0036478156823101992,TKFC,C2,0.5462471849741994
-0.008149750360674515,0.03255341848203631,TIMM50,C3,0.999846861146654
-0.0021072222681796328,0.04394106606572931,NADK2,C3,0.9998577709129812
-0.005894089646336859,-0.008710269000673045,FAM98B,C2,0.8878623748319673
-0.0014282991382909623,0.0032673158731299783,HIKESHI,C4,0.8044252770371014
0.0027316824548251828,-0.05348277193029726,PDLIM3,C2,0.9891362756370984
2.2931221712631776e-4,0.009498615458221416,HSD17B12,C3,0.699454985657497
0.004717259815983924,0.03056110555648348,AGK,C3,0.999131188054832
-0.00414535782006439,0.014314874284666082,LACTB2,C3,0.9612213469449712
-0.0025789556821205913,-0.002522968819942269,DCAF6,C4,0.9901387791657114
-0.018347301081298173,-0.033567206473460585,CAVIN4,C2,0.9882752041050136
0.0280411760732214,0.020986668211860425,FLG2,C1,0.7178829181168723
-0.005403603807167593,-0.029258521289448666,RABL3,C2,0.9865227435480498
0.007063977295141404,0.04540461253725976,COQ5,C3,0.9999668182637538
0.010497729024174543,-0.004265216742793413,NOMO2,C1,0.810967339975385
0.009451884602015263,0.018505725984576192,PITRM1,C3,0.6974655444286876
0.006972169430526771,-9.339839428253583e-4,WDR44,C1,0.889403922034053
0.007250724232423023,0.048303215813745394,COA6,C3,0.999999205978602
0.013377733098522467,-0.01914286782697987,TOR1AIP1,C4,0.8153566360400962
0.015694258487647272,-0.02288272324724961,GNAS,C4,0.6759030577413193
-2.4966768147802955e-5,0.009208912368346877,TTC38,C3,0.7087074557219897
-0.01986551828075747,0.055465210188173464,C6orf136,C3,0.999565522906756
0.006903556065129229,-0.005846103337217741,HP1BP3,C1,0.5544133122489008
-0.011269648068518922,0.040653996492449156,IBA57,C3,0.9987002523176324
-0.006188306324632538,-0.0240034579144578,UBR4,C4,0.5128031636421613
-0.009233572619180334,-2.1541998040914076e-5,DCAF8,C2,0.863632082791851
0.09040140141665863,-0.02808352125940743,DDI2,C1,0.999996349646779
0.008257183547698294,-0.026814418277418654,MICOS10,C4,0.974113610866606
-0.007837156210447963,0.032660734295176366,LYRM7,C3,0.9995861851101012
0.01810066291665343,-0.027336098627953467,OBSCN,C1,0.8619406334743903
0.07801654021086829,-0.03078621621940731,MYOM3,C1,0.9999589668933112
0.02032605904820211,-0.012523975062470959,PDE4DIP,C4,0.9567075260911492
0.011222945685381368,0.0027364404835102806,BROX,C1,0.525134111335367
0.0016992130479025018,0.017910888113272003,LYPLAL1,C3,0.9999340882242036
-0.003575983623324199,-0.013785643193567393,SYPL2,C4,0.9791285908841828
-0.009231798761341723,-0.018131919535368673,ECPAS,C2,0.999513907099771
0.001244228468828397,0.029760009365890766,MICOS13,C3,0.9537815328150124
-0.002434428660805851,-0.004631505484023266,RNF123,C2,0.8201534003357847
-0.012791255047901457,-0.03555185283533966,TMEM198,C2,0.8624207560673004
0.09304410368837077,-0.009468988966222716,CRYBG3,C1,0.9998391365107347
-0.010651440861796292,-0.0045910823355820645,NXN,C2,0.8539089434581804
-0.009812618709784952,-0.004641246169359387,PTRHD1,C4,0.6368647529514624
0.024266480275082263,-0.017251105727780727,ABLIM2,C1,0.9817779870195388
-0.012689876884081628,-0.008531722012622017,LAMTOR1,C2,0.9645064384700732
-0.009069524288691438,-0.02056661607353986,DHRS7B,C2,0.7474620874499347
0.02850200623205076,0.018392605900740613,TWF2,C1,0.9964152374555336
0.014657239772332718,0.02927358064139825,ETFRF1,C3,0.985150376104054
0.0066692617349733505,-7.027839201123834e-4,RAB12,C4,0.5065346624213056
0.0069621404647195835,0.003183168166972073,DENND5A,C4,0.9338045719998224
0.005577465042810036,0.0033107193532898854,RCSD1,C4,0.8951786676687143
0.011779418201776644,0.004472662395153365,SLC25A24,C1,0.8780505995946909
-0.006065791312060491,0.03312618761622498,HIBCH,C3,0.9996814269057708
-0.0035175506634468425,-0.022298425377229605,CAVIN1,C4,0.9429238139976328
-0.0064488469994591355,0.008019614913782818,MRPL54,C3,0.7445908474452054
0.008572466576402257,0.014660426345146799,LPCAT3,C1,0.6592784118994814
0.004626067790047984,0.026993155492642577,TATDN1,C3,0.9482376962722744
0.021646943022617982,0.018224915401498322,SFXN4,C1,0.6528954892184622
-0.012026081802552473,0.038175093104114426,FAHD1,C3,0.9999947459724016
0.05020196608060974,-0.014472663976885163,LMOD2,C1,0.9141658313556308
-0.0056008937198711055,0.019715287854890427,SLC27A1,C3,0.9913485211922266
0.12944350186458944,0.0016225572665330074,CCDC137,C1,0.9997036261037696
0.027964506439509557,-0.015345584628798009,CORO6,C1,0.9738226946833264
1.681249580516475e-4,-0.016281590624527106,TMEM205,C4,0.9371688842112598
0.01281094265223353,0.0012102865615560515,DHRS11,C4,0.878479775676732
0.010448389787132147,0.021418876846357043,APOOL,C3,0.996600811561081
0.0258002033028582,0.006242340723382368,NAPRT,C1,0.6909491989867151
5.613283145256701e-4,0.03428075220624023,HSDL2,C3,0.9999717404098978
-0.004041049530574125,0.001779578967196064,KYAT3,C4,0.9869156273341926
-0.0017515872960767976,-0.013811135458822503,TRIM72,C2,0.9589377783556264
0.13122762507101302,0.021314121628167742,UBN2,C1,0.9999746538757772
-0.006642754409501914,-0.011479424226856574,TOM1L2,C4,0.9607375811740608
0.015917896755943864,0.002164048296151769,XIRP1,C1,0.8601204444800757
0.008303209932671508,0.005177810841881193,VPS13C,NA,0
-0.004778956052360532,0.027899762946166376,UBE2R2,C3,0.9675908269843568
0.004923336633039446,-0.01467692162303745,SND1,C1,0.6536386550324234
-0.005641725997457182,0.022256294299110458,TRMT10C,C3,0.999524901100203
-0.03051148993090092,0.002242695505159108,BZW1,C4,0.8576415936422863
0.006859552304021857,0.003439456842228596,EIF3M,C4,0.549995712245941
-0.01994535366167866,-0.004898022972235757,COPS6,C2,0.9419797198637134
0.008881937902949442,-0.035279037329810276,CHMP1B,NA,0
-0.006619450081831122,-0.006052341290365773,RRM2B,C2,0.800969948658437
-2.688421912992892e-4,0.014451157975643083,ERMP1,C3,0.8878729142812185
-0.007475418394621355,0.03629251613245397,MRPL21,C3,0.9919593204531844
0.002160555969803112,0.014035621205714395,DGLUCY,C3,0.6801439809690586
0.002285146923142428,-0.010080969289118285,MYH14,C2,0.6384020906672312
0.023786682000077584,0.012620734274548573,SZRD1,C1,0.9529866971958424
-0.0023177834277131166,0.013424976982893905,MAVS,C3,0.9819600224292044
-0.015126532638857187,-0.028572245908542078,COMMD6,C2,0.997715591650452
-0.013630433741028687,0.011227286463698697,HDDC2,C3,0.6196582838010031
0.012692459899195723,-0.014329243514096418,HDGFL2,C1,0.9059590062932036
0.010203943612976728,0.02780627648099782,DCXR,C3,0.9972037523246128
-0.005590351733667906,-0.03379986198719422,SPRED2,C4,0.9952979886375996
-0.01439172827753879,-0.028359047634182302,HUWE1,C4,0.9803401888773634
-0.008554583423214022,0.031366161696702866,GLRX5,C3,0.9994662547151516
0.0377346500362047,-0.017738552531883424,MYPN,C1,0.9992461830384748
0.0070291830351780805,-0.009786704863070612,SRL,C1,0.9090396449411212
-0.0024940430747294,-0.005205569608070041,PRUNE1,C4,0.6855866922933253
0.0376075461596733,0.013855549052384238,ACOT1,C1,0.9754285587270312
-4.031625629742931e-4,0.03568784426522806,ISCA2,C3,0.9993490228705014
-0.0010574314118953457,-0.023209552091536412,MTDH,C2,0.9046376576129708
-0.0036112696334098843,-0.030971825936554936,KTN1,C2,0.9937997855885968
0.0016665310107440386,0.04702619224266508,NLRX1,C3,0.9999984583404926
0.002179013878113678,-0.00175117499834422,ALYREF,C4,0.909189986735924
0.014028344981070829,0.016683631089206934,MDP1,C1,0.6014759217814803
0.0012708390902508098,0.038310542442092775,SLC25A42,C3,0.99947943818839
-0.0054210881772952186,-0.03439635156774283,NRAP,C2,0.9923981091693752
-0.006123796286554615,-0.0052868114942994475,VPS36,C4,0.9385453815479008
-0.01897992715319358,-0.006798042250973805,CAND1,C2,0.9896101730532164
8.978731214788418e-4,-0.01596486698035839,COMMD7,C2,0.7385201274384702
-0.012578746643498465,0.017864915204169753,LDHD,C3,0.8758305778157135
-8.877920323037822e-4,-0.0029727223446131225,CARM1,C4,0.675878053832835
9.962580892358738e-4,-7.714540465464934e-5,NIT1,C4,0.9253529948246868
-0.021007463970642057,0.00986576985335295,NDUFA11,C2,0.7350196457792301
0.018511853150962525,0.0356495558962726,ECHDC2,C3,0.985420612303568
-0.021869183270094097,-0.021681691158898987,PHYKPL,C2,0.94156085760324
-0.0025788746113642063,-0.015322456767364077,MUSTN1,C2,0.5433124453778453
0.007614041184843814,0.017237598356308965,NAXD,C3,0.6458259309797546
0.0038861251012160696,0.009366245530594557,MFN1,NA,0
-0.001069035607067558,-0.0017907772619686418,SLC44A2,C4,0.9616229035946868
7.743153427012655e-4,0.01281593805546993,HSCB,C3,0.90490170758227
-0.009191047204918201,0.043029530256442405,ADHFE1,C3,0.9999383399829096
-0.008445678268810743,-0.014157753629711084,UNC45B,C2,0.9947687130575078
0.0027953754129366936,0.015213895330197942,MSRB3,C4,0.5853663819361671
-0.014401065303983666,-0.01786402118548237,KLHDC8B,C2,0.7198979447603348
0.024227197015427165,0.0319668891493656,SUPV3L1,C3,0.8453841221311481
0.006111545502126253,0.024883737731541684,THNSL1,C3,0.991844026705854
-0.020409808984163162,-0.04625804941325687,PM20D2,C2,0.9443024848847402
0.007660749807653125,0.034652111109785444,MICU2,C3,0.9988352456333034
-0.004130418489022509,-0.00862923306699902,ELMOD2,C4,0.9249671196604492
6.833928505861757e-4,-0.0023606615861566545,ALDH16A1,C4,0.8286630772575366
-0.0013386638752254762,0.05832392080313571,FAM185A,C3,0.9999961429085268
-6.346508180965247e-4,0.004619365156165031,ADSS1,C4,0.9432658432763978
-0.0051700643088259226,0.03496285333511489,NDUFAF2,C3,0.9998954194284028
-0.007024886855304917,-0.0032249177200113764,LRRC47,C2,0.9819783255734534
-4.1339056557045253e-4,0.009134172217039849,GPD1L,C3,0.9753837237062192
-0.003584219768009872,-0.026046414724571733,EHBP1L1,C2,0.9426549925690344
-0.007031949968894779,0.022069020235257582,CMYA5,C3,0.9977124072255916
-0.008824683979577036,-0.01839813655211112,TXLNB,C2,0.9931803514120572
0.047260712846464784,0.010533314345008921,SYNPO,C1,0.9990761664450584
0.006993358466623194,0.03170192769706888,TOMM5,C3,0.9979736245495544
0.006878552017814809,0.02347651980088723,CHCHD4,C3,0.9830505128609454
-0.013023274273215264,0.04228353096606452,CBR4,C3,0.999579618101574
-0.0016048242466034743,-0.011805165827782692,MMGT1,NA,0
-0.0047707895924553765,0.045664314370491135,SMIM20,C3,0.999979294607533
-0.002667297296194235,-0.008764643276654603,CISD2,C4,0.9972510086620854
-0.001561481266302356,0.04258691578449667,ATPAF2,C3,0.9999742735674444
-0.002374714148331762,-0.007296431883729577,JAGN1,C4,0.9968930110592196
-0.004092069162835303,0.02796713207339461,MRPL50,C3,0.9959685719677154
-0.003855069862605132,-0.008252104842735045,EMC1,C4,0.8078915926014097
0.0030574938435300797,-0.01266146110982738,PTGR2,C4,0.9995252406877736
0.042916370397956725,-0.008904720741173386,SMYD1,C1,0.9999163314028828
-0.018357466546401077,-0.008987848259262058,NHLRC2,C2,0.9993973440408364
0.0020149803917005418,0.016023359623891436,RDH13,C3,0.9448439917623126
-0.0166042505158289,-0.007994550515819083,TXNDC5,C2,0.9988872947653604
0.004745691220458791,0.03271207796703708,ATAD1,C3,0.9996837334351858
0.0022266611314318923,0.017357273568761083,SCCPDH,C3,0.9876154445691948
0.012289746849272797,-0.00942106828007519,SERBP1,C1,0.9236170894813436
-0.00431190059064971,-0.011071416136653408,FAM98A,C2,0.6093671181196294
0.0071748119302886965,0.033163170959285726,PDPR,C3,0.9951121416885342
-0.0032362379573835772,0.010470474758966153,NAXE,C3,0.9630550891714852
0.0016553165883600909,0.004750610817992217,NPEPL1,NA,0
-0.0033258904561050268,-0.010542633857268311,ADPRHL1,C2,0.9944845876505664
0.0030365304678196467,0.04659994879836131,CHDH,C3,0.9967788040964848
-0.005362462948047915,-0.01361242388572626,ABCF1,C2,0.9688244140662552
0.018531032854951793,0.034641086942289616,MCU,C3,0.7816118741222647
-0.0037492983105463606,0.06260811317952034,ABHD11,C3,0.999972110849037
-0.02470090818758757,-0.02807481952758932,ATL2,C4,0.9227023478508914
-0.007544897159660947,0.0433836014161774,PPTC7,C3,0.9999200903799156
0.0030037898890698024,0.03596063683360711,COQ8A,C3,0.999999214370978
0.007806089176831791,-0.010073125973144026,NPLOC4,C1,0.5800900396493375
0.03792488960509818,0.004639186200370207,SPATA20,C1,0.945570493958338
3.405375544403995e-4,0.021277532740930135,NUBPL,C3,0.9169756454132078
0.025409329744731313,0.0012981191339992903,DEPTOR,C4,0.5281321687339124
-9.049663171859736e-4,-0.016628648164003626,RDH11,C2,0.6260604239150966
0.004399328145977095,0.0067728466078469584,LRRC20,C4,0.9694185201313396
0.015156950566708035,-0.004634288763763327,NT5C,C4,0.9652523923364388
0.003022286606585773,0.013537313802318759,PNPT1,C3,0.8698050216437958
0.01366584304161839,-0.006561095240603763,SPPL2A,C1,0.7909747370998759
0.01133259013322197,-0.010690469959728464,PREX1,C1,0.6181329911744994
-0.020176149760002704,-0.02196828956258035,NEK9,C2,0.9418465745693336
-0.010080237209811297,0.03972480519024935,GPT2,C3,0.9987405181138164
0.035436296845030434,-0.001428159857574608,MYOZ3,C1,0.9992073101886926
0.012807642141242822,-0.002239008490571176,NEK7,C4,0.6916898109366824
0.003084925168113828,0.0041290577390556745,DTD1,C4,0.976516673423114
0.08932174902742372,-0.01828950814745528,UTP15,C1,0.9999950494605508
-0.005001204913428546,-0.018956578862227763,SETD7,C2,0.8850724217181178
-0.009460502742960994,-0.03903504965985604,NUP133,C4,0.9937097750633298
-0.009179631394546226,-0.01219949558383064,PDCD6IP,C4,0.8459335189668443
-0.00630173587170311,0.0038589292108819396,THEM6,NA,0
-0.003563821069549823,0.01877659269344211,SMIM4,C3,0.9807852559860618
0.009025055524150066,-0.01293360353831754,NUDCD2,C4,0.8621883361662642
0.003002842600253065,0.01641832733994657,SCFD1,C3,0.6482169792896185
0.007160569605682354,-7.988081645978929e-4,PCNP,C1,0.8638232608696609
-0.012470877730320346,-0.004823962037179176,DNAJA4,C2,0.9966670175112364
-0.026257036356061077,0.03459042930203844,SPRYD4,C3,0.9933659629446696
-0.02363200305849682,0.044167069809724534,RTN4IP1,C3,0.9997786018244728
0.038820022817726986,-0.012175932682695486,PALLD,C1,0.9996807844071705
-0.005511083703544498,-0.007659927392325037,SYNE2,C2,0.9744550795577048
0.0076016309580553875,0.0217722964039104,THAP4,C3,0.9892809478983244
0.00760386707862568,-8.730787135470786e-4,IFT81,C4,0.9885140833352912
0.06813773263219262,-0.028127563161778953,TTN,C1,0.9998387416595916
0.0031482908397078217,-0.004318969425954,DDX1,C1,0.6351406544064009
0.0012036829908082791,0.03192600924704448,HSD17B8,C3,0.999147189665434
9.23240247292207e-4,0.03701866793784285,CPT1B,C3,0.9999350536677408
-0.013366671282879527,-0.002557397074761517,PSMF1,C4,0.7227158849734183
-0.01635299919820611,-0.006729070337154123,UBXN4,C4,0.7122273500147835
0.1140074973041129,0.07412651720866306,HSPH1,C1,0.8352991051107934
0.031593352215529405,-0.039134120774899125,MYO18A,C1,0.997856143483942
-0.013413837167040995,-0.015537706527489037,GCN1,C2,0.9997966970844788
-0.0038894787606739826,-0.014921925058127958,SGCD,C4,0.99920287556877
0.00954725746158098,0.028383411465331642,AKAP1,C3,0.9111609066741266
0.008620701027673837,0.009443044968116342,RABGGTA,C1,0.660457496035855
0.012304433120819098,-0.01625860064810988,TFG,C1,0.7340826956479658
-0.008901682507561867,-0.003017171622631694,ARPC1A,C2,0.9784292336385304
0.005332878218253593,-0.026822512742724878,P3H4,NA,0
-0.004702591442208994,-0.009722983350935546,DDX17,C4,0.9856624053598652
0.009941506197218812,-0.003710359137140312,CELF1,NA,0
-0.014367546282855869,-0.008056547790735747,UFD1,C2,0.8781405350554399
0.051199551580708685,-0.030085054915405408,RPL3L,C1,0.9999212323015176
-0.022073013355009895,-0.0034455773684639594,COPS5,C2,0.984625290706328
-0.003910621773413641,-0.0055077902123886625,KHSRP,C2,0.5498430080214312
-0.0056705693894467096,0.020703840288041613,GCDH,C3,0.99318370280105
-0.01687887536536641,-0.01370150475616889,TNPO1,C2,0.9997053049838428
0.0012998140399146372,0.010991076728469391,USP13,C3,0.9297815249184632
-0.010267570661876613,-0.012913980890401544,USP9X,C2,0.5711775105139949
0.007183897528389443,-0.007698583874304449,CUL5,C4,0.5788676189585031
-0.002795102938123415,0.015714697023240336,LPP,C3,0.5439675780369321
-0.00587956568460799,-0.04853261134140084,ATP2A3,C4,0.9954155013719748
0.00188114767329149,0.0067707066974209565,PHKB,C4,0.740762770613668
-0.005553538235670042,-0.001512217456830114,UBE2F,C4,0.984089579368558
0.00797241617333778,-0.004003583630810528,RPL36AL,C1,0.8975138371948679
0.006373166971986149,-0.00711814841317902,WBP2,C4,0.985765568445827
-0.023239743813483798,-0.015022321505939629,ERGIC1,C2,0.92757032882418
0.018803968859685428,0.015506908550044364,MTARC2,C1,0.7867582274862013
-0.011911383218196825,0.03281833402094431,FAM162A,C3,0.9999880518973524
0.009803131879523821,0.0024838633840479967,CCDC47,C1,0.978585700480739
4.416966992761708e-4,0.012436059469925046,TMEM230,C3,0.71839718146424
-0.005665538495310737,0.025542208286664793,ISOC2,C3,0.9999774803389332
-0.020050308667205332,-0.00609519401220042,FERMT2,C2,0.9976302521765352
-0.0050625765394235606,-0.0034282771216539113,FUBP1,C2,0.9318343706346922
-0.009369099049100747,0.018025061588923953,SLC25A46,C3,0.9375055696620742
0.034443818045071406,0.0501133184221104,TMEM143,C3,0.8658674365625848
-0.0022964725754014673,-0.02019215158106961,PBXIP1,C2,0.9041425509411244
0.0010669815993357514,0.005440725809909648,PTER,C4,0.8007102712362794
0.00548457280776576,0.008754348670380963,ZBTB9,C4,0.9777870072530062
0.0021405137380754212,0.015635354344796452,FAM136A,C3,0.7897401047417815
0.0025907485308458026,0.013037287027118876,FGGY,C3,0.6690245589960093
-0.005852022973210905,-0.00946071833420362,GALM,C2,0.8060793230284883
-0.005208576252115597,-0.0027744416556880263,DCPS,C4,0.8857810687700229
-0.02291246624509684,0.007575014531027029,PPP1R14B,C2,0.7245349453671457
0.002080577162239939,0.04615547178395676,ACSF2,C3,0.9999916903494772
0.007632586085287882,0.011810670253329235,ISOC1,C4,0.599460370533775
-0.008581880185816801,-0.0010187942663645515,CCDC124,C4,0.7042339303647196
-0.014579152492803732,0.019808314293068445,OPTN,C3,0.92982363733071
-0.0104148339990202,-0.01499596093307027,AP2M1,C2,0.998946640836355
0.005281761930046872,0.003953531010270832,KCTD12,NA,0
0.006279665460217643,0.02239916364983896,RMDN1,C3,0.9686958474376332
-0.006582080901311758,0.07499569816373707,ECHDC3,C3,0.9999969652432044
0.011425421409268548,0.015696293165622124,NUDT16,C1,0.5124323595741592
-0.00786678182453754,-0.01641419302176188,CMBL,C4,0.9993276054466856
-0.0018420744284266496,-0.006641830844919944,MSI2,C2,0.8541064031455727
-1.1201664833871725e-4,0.03669486419089079,MRPL38,C3,0.999184995580447
0.023405533687960594,0.02235929629162031,MRRF,C1,0.5569117733326251
0.019413343123265737,0.03731032299502693,MRPL53,C3,0.9704314760004996
-0.003959222197777759,0.013387433404396123,DAZAP1,NA,0
0.00842369049917738,0.03926749371387093,DNAJA3,C3,0.9969665194846548
0.0016188936402548066,0.02556054052374259,PTCD3,C3,0.9984685119805
-0.0066842257010063955,0.0030677087775302114,MMAB,C2,0.9148845465277268
0.006958993794565958,-0.015735816790905414,DYNLL2,C4,0.9270184634859848
-0.02558209164695997,-0.05775811657756147,S100A16,C2,0.9951088134428197
0.0019196288917005164,-0.007197848418060906,SCRN2,C4,0.9987567121415432
-0.008132779259961274,-0.00572542547882978,OTUB1,C4,0.9300504372366888
-0.007467497667609619,0.026028260063548875,CHMP6,C3,0.9905110211022964
-0.002705652734625189,-0.008516392129882663,PDXP,C2,0.6199676464737444
-0.003315168021000859,0.0014337175911753087,DCUN1D1,C4,0.7480035686237471
0.008698706867337033,0.03365039759248327,FAHD2A,C3,0.9719970264701816
0.0022653772127566047,0.004194514775706627,SNF8,NA,0
0.02779027065169714,-0.02617431003219506,PDLIM5,C1,0.998079848283256
0.0024967889108290634,-0.002950824250464553,CRELD1,C1,0.7256780332114192
-0.004826340073301134,-0.008375728050099786,ERO1A,NA,0
-0.005509382197440475,0.0023040821356092407,AHCYL2,NA,0
0.008580207309522298,0.004312082022658285,PGAM5,C1,0.6177700781656351
-0.012118146255983071,-0.001997153869940753,DDRGK1,C2,0.9804412027313344
0.011370901206467174,0.012134463654779151,PYURF,C4,0.6852406736956554
0.00375779766043275,0.052905443089850915,SUCLG2,C3,0.999996837763385
0.007528860005957747,0.0026838199899996825,ABHD14B,C4,0.9509060392016988
0.016428490458847467,0.0037476212330871395,NGLY1,C1,0.9465967955632208
-0.01405114670964051,-0.015797932977212135,TMX3,C2,0.7560045846186819
-0.0024734617757730367,-3.5840485873084657e-4,BTF3L4,NA,0
5.66660675141272e-4,-0.02002846977930357,USP47,C2,0.5069486271249718
-0.003340814593955233,-0.021464613052311104,CNDP2,C4,0.8973431721600715
0.0074330799790852595,-0.01871803468640892,ALPK3,C2,0.7746434028043458
0.004128241881524649,-0.026906057726828487,STAC3,C4,0.9954788461869736
-0.00552663063381953,0.0619864250996428,COQ10A,C3,0.9999982329088356
-0.007939289423173698,-0.03656708100854399,JSRP1,C2,0.9847689096274151
-0.004473832881987669,0.04419761616856354,MCEE,C3,0.9996283859757652
0.0010810388497216714,0.010505258932508404,QKI,NA,0
0.009289149667415975,0.0011231272036347374,PLIN4,C4,0.99174655090644
0.004049358126861117,-0.009701916638958917,ALKBH3,C4,0.5085812419059181
0.006501653763668258,-0.006892307099897565,VPS35,C4,0.7563433572334146
0.02421320634957065,-0.022633846519639147,PURB,C1,0.99507892085996
0.008255623302753158,0.0013883252679960858,BBS4,C4,0.5122128782326117
-0.0017730169910466196,0.007756301738549891,VPS13A,C3,0.6370144312177509
-0.0019586838330718837,0.0025013521953805686,GFM1,C2,0.8384106083623013
0.007668803439421388,0.03562728313004821,MCCC1,C3,0.9977392336972948
-0.008301114669898753,0.020479928994930764,METTL26,C4,0.5660501171517215
0.001459450762296958,-0.0022017094459342483,CLCC1,NA,0
-7.369683423456298e-4,-0.012801500018974137,PEBP4,C4,0.8521348679431854
0.013253644651274434,-0.004554772696187847,PLEKHF1,C1,0.8279156863731941
0.01357470850374421,0.006689062661245742,MYCBP,C1,0.9702158296684796
-0.005479447649441739,-0.018586496752072433,TBCB,C2,0.9949033369526432
-5.369692852167826e-4,-0.01367231130452316,PSMB7,C4,0.974807367138873
-0.011339126012297288,0.027709194003785468,PCYT2,C3,0.988957519556431
0.002033523714318822,-0.019549053498111004,PSMD1,C4,0.7089501399940129
0.0014494507309813557,-3.856318290959174e-4,PFDN5,C2,0.6085488845473406
0.0012576811213418219,-0.010932690147111426,PAFAH2,C4,0.9750434234915424
-5.37851063941408e-4,-0.012637059107994116,PARK7,C4,0.999677673513053
-0.011032517915156515,-0.018981575139032862,VAT1,C2,0.9233492441482628
0.006850079856605799,0.03688706998772314,PLIN2,C3,0.9711831415469948
-0.03287011870149587,-0.06945995461394874,S100A13,C2,0.9999845287297554
0.0013096604679655682,-0.009129347362878047,TSNAX,C4,0.9981021116584512
-0.01418751017386819,-0.005891484611834485,EIF3C,C2,0.9895357625223052
-0.004652743982864337,0.01880741402599223,PHB2,C3,0.9970864261437848
-0.003920601174508802,-0.008285560817516833,COPS8,C4,0.964075115145124
-0.02836138335901844,0.019738196420872177,SDHC,C3,0.6581472942295502
-0.0035135865881434094,-0.013841916889162437,CHP1,C4,0.9944027115610214
-0.01585367097236834,0.01795286535063418,HSD17B10,C3,0.9690118966524004
-8.292144216268007e-4,-0.0061837929542114195,NAP1L4,C2,0.9870688310798332
-0.014195634480398971,-0.009094164862026638,MGST2,C2,0.8421806639256876
0.016563990316327014,0.010295488302711098,TXN2,NA,0
-0.0048734014308164575,0.02179044803747119,DMAC2L,C3,0.8894107932645018
-0.006129709211899431,0.022445384838571537,ACO2,C3,0.9999924721356486
-0.005987521806899643,0.022214102727888707,COQ7,C3,0.9999076370213236
-5.074146034137266e-4,0.010874527866810145,SLC29A1,C3,0.6844713820713493
-0.008195082076521034,-0.007333050087107671,TSG101,C2,0.6034774353857683
-0.00893721863740999,0.0023006906610673217,CPNE1,C4,0.9091084396727508
-0.0117199865083605,-0.013827171743863213,CCT7,C2,0.998893312673106
-0.013640028131002492,-0.02261919087726684,PRMT1,C4,0.7793019146251925
0.011177484530878239,0.06146914958931907,NIPSNAP1,C3,0.997103398078374
0.009064033325057194,0.014113630544125077,ARPC5L,C1,0.722462840909138
-0.008883700052523983,0.03964473919308903,MICU1,C3,0.9974942525152064
0.007273817149587853,0.004533598069780554,MACROD1,C1,0.757722343445363
-0.012869868015747075,-0.011263866335096672,WDR77,C4,0.9285410757518884
-0.007755477906003501,-0.02857230198040137,APOL2,C2,0.9992704618625238
0.002297694055239355,-0.010224439443456542,FYCO1,C2,0.7760086434524244
0.00860700966751607,-0.0011393467173281232,JPH2,C1,0.5613187473685973
0.012988227543341545,0.00292732699458536,CORO1B,C1,0.9888336152055256
-0.00575646657519116,-0.0011444616496441322,TXNDC17,C4,0.8823791418607879
-0.006256780584163605,0.008009784285021568,PLCD4,NA,0
0.004988628310636681,-0.06331693500016194,CPPED1,C4,0.7707299234443364
-0.012320369925495754,-0.014425310626458576,VPS25,C2,0.7665403935491231
4.994836331591551e-4,3.8605518721954586e-4,MIEN1,C4,0.650404101043778
0.012364595430873856,0.004932921374900998,PELO,C1,0.9672693421463175
-0.013534661037303516,0.03549601041196652,PRXL2A,C3,0.9906774059074472
-0.035506419937516714,-0.004146818198742861,ERP44,C2,0.5042534788470768
-0.006439415482408977,-0.004574357333933104,LXN,C4,0.9959092833986516
-0.011496413233771518,0.014955484507478915,NIPSNAP3B,C3,0.8808004511569082
-0.013392510124211854,0.031843111608919165,NTPCR,C3,0.9987105086852762
0.01532502491458026,0.02306319663871704,AGMAT,NA,0
-0.006954084336836401,0.045559912208842965,TACO1,C3,0.9999858380077924
-0.019406650123511265,-0.03085907641766115,ESYT1,C2,0.987101349812731
0.011031759857571431,0.013666024527835993,UBAC1,C3,0.8609370075894666
2.8969427454258355e-4,-0.005727104704905573,COPS4,C4,0.7680301147359302
-0.03420401844326424,-0.01016854121437247,DCTN5,C2,0.9897644122330148
-0.009957747956541817,0.011990204686687498,AARSD1,C3,0.6456526475825758
-0.011739567358419543,-0.005895851908846042,TMEM43,C2,0.9966619174268851
0.011051325462215737,0.020374010197805978,DHRS4,C3,0.7732564015701403
5.206304767153153e-4,0.031059752464896877,TMEM70,C3,0.997052070926032
-0.0134519402872652,-0.0274783007799061,TUBB6,C2,0.9999055491308012
0.01911316437715715,0.04844679151434171,CHCHD7,C3,0.9995411435500958
-0.0034590337172174736,0.031637315458431306,APOO,C3,0.9999848620607696
6.971398421779822e-4,-0.025023627191553075,MRI1,C4,0.7660876976920056
-0.0035016915809437496,0.01535079133630573,ABHD6,C3,0.9387986253290452
-0.01010984986820751,-0.01504690845289114,ADI1,C4,0.9942616802388696
-3.993238851381223e-4,0.042095954816731104,MECR,C3,0.9999994292728004
0.018037725645792407,0.006805589413812349,NTMT1,C1,0.9766179833677184
-0.014988028909240067,-0.008300985801002846,TMEM109,C2,0.5982342842508918
-0.012610805167607136,-0.017600813740630324,TMED9,C4,0.987490487023856
0.017779428790617325,0.04719412194959146,TIMM21,C3,0.9999482572194032
-0.0031901856656545943,-0.022209846810017725,TPPP3,C2,0.98032721932563
-0.0020442945546819903,0.019447409845827573,NUDT9,C3,0.995815549571864
-0.01951225954344159,0.009600245477499453,FUNDC2,C2,0.9031352278331932
0.0033969378846216104,0.013757036679597458,SORBS1,C1,0.5931187312186831
-0.02133087853218651,0.040836789878739975,HINT2,C3,0.9999063790851862
-0.007824345453837903,0.007149959585399234,OSBPL11,C2,0.5555103471415777
0.015083599571926365,-0.05281709941928374,NT5C1A,C4,0.9037244334770024
0.010559169888366787,0.04621201168417338,TMEM120A,C3,0.9995337367194904
0.004899513869189741,-0.0013110008815079067,NAA15,C1,0.6944022240501009
-0.006201750113340795,0.017614480353606566,BCL2L13,C3,0.9975001299946444
-0.01748476415840402,-0.013107260784144092,AP1M1,C2,0.8086479839930986
0.01084029045727553,0.0024092337562283193,OSBPL1A,C1,0.9802741288428304
0.010359170303700885,0.04188403540997878,HDHD5,C3,0.998225394327542
0.00827426898632778,-0.014353385477957248,EIF2A,C1,0.6566345222060193
0.0025941671359619987,0.02600598875115323,MRPL13,C3,0.9976447339518152
0.00987064795816234,0.032634722273925866,MRPL9,C3,0.9594433367085629
0.022222842423678894,0.030456327415847046,MRPL4,C3,0.5457469460475817
0.0029821058360147866,0.02145074983058495,MRPL1,C3,0.9751700784100604
-0.016104083973845162,-8.944353250885177e-5,NLN,C4,0.9356837232273312
0.0252562627337545,-0.012950746371418461,TRIM54,C1,0.997575290259164
0.003823507317015994,0.038728240115966754,BCO2,C3,0.9972079740931304
-3.6031259652506546e-4,0.031976934983614924,MRPL37,C3,0.9989135243355934
-4.168468281835683e-4,-0.00723930436129319,ASPSCR1,C4,0.9877861087114888
0.016624605137591498,4.8094417102818475e-4,UBL5,C1,0.9864972964655588
0.013058734683579105,0.008969100802850512,NIBAN1,C4,0.5475556621824833
0.0043678719797305915,-0.009338234654861732,UBXN6,C4,0.6416022551155356
-0.003877196358235156,-0.029154861536536802,UBE2O,C2,0.7228869916965756
-0.015181674597628607,-0.013823837137768231,LNPK,C4,0.7316700597652417
0.004301613380680835,-0.005935992626408817,PITHD1,C4,0.874841626767112
-0.014240876685026178,0.03221055726326197,SLIRP,C3,0.999424388540462
-0.004609810611427279,9.551776012470829e-4,NIF3L1,C4,0.9777383337292974
0.005372470264730711,0.022925431676455606,EGLN1,C3,0.9290687865591504
-0.008505688139570393,-0.0028403764467331625,ANKRD2,C2,0.979510457329538
-0.018997086358506478,-0.0020010704626692495,NAA50,C2,0.8271466250158119
0.008522840932480727,0.04150914391591746,TMEM126A,C3,0.9999922446383144
1.993560903810418e-4,0.0188990044240169,PAIP1,C3,0.960626992407534
0.007113384221998374,0.022345751427019573,CLPB,C3,0.9235718769680884
-0.013999827104982028,8.867923446996822e-5,TOLLIP,C2,0.981235156649156
0.005575359940754045,0.014173728103407944,PCBD2,C3,0.8940806414304248
-0.0054889863849853825,-0.004789332450987217,NT5C3A,C4,0.9594578850658204
-0.010715869764859103,-0.00526747412924901,HDHD2,C4,0.998586976389995
-0.02149729795607561,-0.021632886928146574,RAB1B,C2,0.9997603689262266
-0.002834806516167123,0.00945195914638584,C11orf54,C4,0.8190745779923054
-0.011044655065239946,-0.00439025844112694,NUCKS1,C2,0.9661801963945768
-0.01386034603974029,-0.0016981164068365635,TMX4,C4,0.6191992819041865
2.622293514617734e-4,-0.02838832277198431,MYLK2,C4,0.998279918176794
0.006428414847537244,0.022231652683996423,EHD4,C3,0.979320424665738
-0.0036321333549022955,-0.013703521578673722,SH3BGRL3,C4,0.5185434515828541
-0.002279013498350162,-0.00765722499862476,SLK,C2,0.693837713806277
-0.00694985295292581,-0.015734562937933093,PPIL3,C4,0.9973672089655689
-0.017352086494908533,-0.03220839367450791,LRMDA,C2,0.9997424913411268
-0.015115875388183318,0.028584857514233293,TNMD,C3,0.9987766096122802
-0.007304817564871381,0.030604774229557014,PPA2,C3,0.9999811678387028
0.008741388171931081,0.04209991773126244,MRPL46,C3,0.999760091308088
-8.790747513720815e-4,-0.00608312925245861,TMEM245,C2,0.9510498005347684
-0.00640080053348803,0.008211212342409577,C11orf68,C4,0.87460884970895
0.01070793605918909,0.026641062458512436,GHITM,C3,0.9279531403562944
-0.007843630522288711,2.0485846656701068e-4,BOLA2,NA,0
-0.02356413745560454,-0.008423135140344115,TMX1,C2,0.9901524123972292
-0.0038880646611439288,-0.010440996632865792,CHMP4B,C2,0.9948611921095768
0.01312307334007825,-0.006908035735739232,RBKS,C4,0.9688998252115764
0.006453984507308867,0.0293298782096017,FN3K,C3,0.9994132097335476
-0.008102902416620011,-0.017262424592086323,TOR1AIP2,C2,0.972992165911476
-0.003962836340406461,0.009680342952137698,RNPEP,NA,0
-0.01081019003164604,-0.03447716262903155,GLIPR2,C2,0.909981507337375
0.0020856892507033296,-4.8680689403061484e-4,EHD1,C2,0.5934500874443162
0.017684056532876885,-0.021594292546467463,TMEM38A,C1,0.9206212000474128
-0.019729140082406057,0.021919862786150785,OPA3,C3,0.9639684767973395
1.0988334525672346e-4,0.04018101194775988,DCTPP1,C3,0.9991939009407254
0.0029489411997075015,0.0020436977528232943,AAMDC,C4,0.999233239941751
-0.0095237447697767,0.0426585377632246,PTGES2,C3,0.9999999087795496
-0.007906237749566945,-0.012597467722182197,UBE2Z,C2,0.9993448989917932
-0.00699487959405545,0.031701617680560894,ACAD9,C3,0.9996233294344612
-0.02361236673752532,0.004859931943986719,METTL7A,C4,0.8977629281727034
0.0046980320175964065,0.02362505892157507,COQ10B,C3,0.9087890766518956
0.017073210131507664,-0.01705957859537173,MOB1A,C1,0.9951772597697852
-0.004570403252163367,-0.014548658249338767,GORASP2,C2,0.7213682350770955
-0.0016146939063780114,-0.0030914081252020886,JPT2,C2,0.5831625823265539
0.07568748647316395,-0.03022111983590347,SYNPO2L,C1,0.9998600519874676
-0.012268553230072131,-0.001841626008981591,ARMT1,C4,0.9531843941494256
0.007936589109693633,-0.004684632031335077,LRRC40,C1,0.972820721170216
-0.0025475523269453113,0.028637239491074468,SFXN1,C3,0.9997885480281716
8.940042256014967e-4,0.037814635380389795,L2HGDH,C3,0.9992266207559628
-0.008891250994453525,-0.0035645603168781266,COPS7B,C4,0.9221457450734571
0.009927446988437168,0.03213275781337097,FN3KRP,C3,0.9842263170161484
0.0061223538231366436,0.005019775628456059,TBC1D17,NA,0
-0.01664563594903249,0.0010423676465264032,CARS2,NA,0
-0.005089541823732634,-0.0021653820107912923,GRPEL1,C2,0.7774683665219727
-0.0058891411210958925,-0.00398124564721153,CACYBP,C2,0.9336692980356632
-0.0061680271990335244,0.021833301672507945,RDH14,C3,0.9905587291851088
0.003259996743146584,0.003956281282378182,PARVB,NA,0
0.021986126454112555,0.005321777327311143,TNS1,C1,0.9978669357196828
0.036243205567480355,0.027304636969910683,PLGRKT,C1,0.9258732046422662
-0.0028544684881438255,-0.006029575792896689,GLOD4,C4,0.9833113652084882
-0.006790699725187638,0.043383131088252605,MCCC2,C3,0.9999725373509444
0.005249470201076651,-0.010512680193088104,HHATL,C4,0.5747348241368255
-0.005627487831169755,0.005968179844833848,PREB,C2,0.5486561776248977
0.0016307616504929604,-0.005351637504933054,MRPL47,C4,0.7813029871995724
0.007021815371909659,-0.01714370016899893,JPH1,C1,0.5256581367216046
-0.006117089235596775,-0.012530091861806075,APMAP,C2,0.9782442019829136
0.00254970288154497,0.029663013526502913,TXNRD2,C3,0.9998929175298774
-0.010996216238334288,-0.010594098925962485,RAB18,C2,0.9983750200553384
-0.001385774783749341,-0.011976871598705426,PALMD,C2,0.6073897485831325
0.014275401769191003,0.012812002953199281,SSU72,C1,0.6588839134314921
-0.014233415550006952,-0.0057282939845655564,VTA1,C2,0.7748561327649738
-0.017315107598960162,0.026932291789179635,SARS2,C3,0.9968586951558086
-0.006643380891498605,-0.013101591773361992,DYNLRB1,C4,0.9768519725570824
0.15432303303087846,-0.00911142981387442,MYOZ1,C1,0.9998147203994044
0.06508425115457224,-0.003947141793734078,MYOZ2,C1,0.992519086069866
0.010970945228858312,0.0019744565400961,OSGEP,C1,0.8776469493381913
4.98873953085516e-4,0.025263737171211064,ACOT13,C3,0.999735388169213
0.001598686027713403,0.0362774181397933,MRPL40,C3,0.9988291240718506
-0.017771972256497688,0.015453014496190999,TIGAR,C3,0.8521924319625716
-0.009770888871536968,-0.01947491966212334,RTN4,C2,0.9692602179451184
-0.01410627831618565,0.02320831148048571,HINT3,C3,0.7695892250734154
-0.005539496963484305,-0.010126784330110218,PFDN4,C4,0.997008562932533
-0.0063179279044324405,0.003131551612014286,NIT2,C4,0.7952927243060386
-0.0014072743196899204,-0.0038675108233898413,XPNPEP1,C2,0.6193237706635834
-0.0056797407556441245,0.0072399009136939535,GPHN,C4,0.9856873457198234
0.07321432310986419,0.008033187343222935,PDLIM7,C1,0.9996222485400243
-0.0038475317016445345,0.02298096396284209,ACSS2,C3,0.9994965098409831
-0.007921877769166884,0.02749979994733324,DIABLO,C3,0.9892417744865624
-0.017504485836926188,-0.004133296955415899,SAR1A,C2,0.9710998024198289
-8.284596580706446e-4,-0.013937433584314504,SH3GLB2,C2,0.6681458187922288
0.00372848767843783,0.014441277098606339,EIF2B3,C3,0.9694414299186676
-0.009045905812890045,0.0019925072436172016,MBNL1,C4,0.8094385531801266
-0.011906091507684872,0.0323640709517064,SDR39U1,C3,0.9997924373692528
-2.331736543849976e-4,0.003356792379915955,AASDHPPT,C4,0.5472082450945391
0.0031660650648837195,-0.008841742139063682,OSTC,C2,0.5938059110516578
0.004889307368357554,0.04489665652026407,CMC2,C3,0.9999808487035532
0.01221464498956897,0.02006323424292154,HEBP1,C3,0.948479975993072
-1.9139101134238678e-4,-0.012216374773560034,PHPT1,C4,0.99485775206592
0.017930403957257823,0.04133280838991007,TOMM22,C3,0.875453669820559
0.009311550784238776,-0.003705372865071533,LANCL2,C4,0.9255694067401412
-0.014799519640697527,-0.027902096810795734,FARSB,C2,0.9998473340983834
-0.003461977937603077,0.03707714704417554,IARS2,C3,0.9999997821534582
0.010716486682371016,0.05991276262221408,SIRT3,C3,0.9999770849242472
-0.03452450002237224,0.014699902902867799,MAN2C1,NA,0
0.0010604235445936527,-0.013901554509112736,OLA1,C4,0.9986413942744572
0.0029155891022674047,0.004120861876889866,CUTC,NA,0
0.001495687243297825,0.01545738289270869,ACSS1,C3,0.9505895758292174
0.0062634557433824,0.041624711049024515,ABHD10,C3,0.9999661025102932
-0.007458078476265936,-0.004511014094784353,DDX19A,C4,0.7117788087107135
-0.0067422813310161695,-0.0018640768241343154,SEPTIN11,C4,0.8953755356207008
0.008821747785890694,-4.03651511672935e-4,PARVA,C1,0.7889783972664912
-0.003227620738843673,0.011963277006016395,PANK4,C3,0.851781845071144
0.019877813144646837,0.02454634961698354,DNAJC11,C3,0.5436971788526727
0.0017428289920777243,0.022371100766366878,TMLHE,C3,0.8099121776509818
0.024925788716465242,0.06477449733323752,ATAD3A,C3,0.9999004240493826
0.0024720491046636736,-0.021103352695225164,ARL8B,C2,0.9300856548971216
-0.01739352798523549,0.03427678579101775,MRPS18A,C3,0.9879787286203632
0.0051360462992969804,0.005048398777012409,PNPO,C4,0.9184369502570338
0.004408167232589,0.03695067722299621,OXSM,C3,0.999824814415566
-0.004890301240802194,0.023167167080868276,MRPL22,C3,0.9889768786343736
0.005730295945874255,-0.013945777516746792,CZIB,C4,0.9836018830048888
0.005205440543457037,-0.012424902854552382,BABAM1,C1,0.5404770179636683
0.01578618444194034,0.043815971390603475,NDUFB11,C3,0.9966221364788684
0.006294926500234807,0.0158106505317053,OCIAD1,C3,0.8797013093641025
-0.013640010914369954,0.021294666807468002,MARCHF5,C3,0.6861337353406727
0.009817034819079166,0.023685278487195364,CHCHD3,C3,0.9956849434772522
-0.0030769475341258425,0.033424402602889224,SIRT5,C3,0.9999970916466796
0.0013723442348174356,-0.0010599393735350004,BABAM2,C1,0.5873655107456421
-0.010770370135652128,-0.011881889726592551,DPP3,C2,0.910866526050077
0.0030604347792994088,0.010164787920677513,TUBA8,C3,0.8876068013499643
0.009308470400785966,-0.018849536186421493,MAP3K20,NA,0
-0.004098892639083314,-8.652264657687458e-4,UGGT1,C4,0.8939428827472794
0.01761022151724845,-0.006251242846850393,TECR,C1,0.9364898999651692
-0.014466353442470888,-0.01510673114101732,ERAP1,C2,0.6705876554515154
0.002185515219216919,0.028663596859048356,CISD1,C3,0.9999986460700634
0.004188171841557786,0.006911224016420218,CLIC5,C4,0.8309864170709921
-0.005765015579098161,-0.003466887822874969,FAM120A,C2,0.9846285721929928
-0.013954604928034577,0.035069480889554326,GLTP,C3,0.9993322077070628
-0.0033921752271010622,0.03772489223845268,COQ3,C3,0.9999979418266828
-0.006843179072196473,0.02034073818950884,HSPBP1,C3,0.9188010099460704
-0.00791548518832419,-0.007306070203029951,MAT2B,C2,0.8500158357267493
-0.024241781248416926,-0.024545875348320093,MYOF,C4,0.5989641902396132
0.002295419670745294,0.015361779628062858,EHD2,C3,0.9913035743515926
0.10844734036910053,-0.024695731090900206,TMOD4,C1,0.999994798856668
-0.0073877450446358595,1.33650394366045e-4,LMCD1,C2,0.9716732891536478
0.012585959432493474,-0.021904993008718364,CHMP5,C1,0.6215830672580321
-0.027831714660630773,-0.0065132901382357385,CNIH4,C2,0.997541563394306
-0.0037847604287099402,0.039036539668361646,NDUFAF4,C3,0.9990764586347776
-0.007929277726750837,-0.01685569387580302,EMC3,C2,0.9995972448321084
0.021883260477559386,0.030218369400056698,NDUFA13,C3,0.5837827045898754
0.003965168516374711,0.05220466379223418,PDP1,C3,0.9999864026063148
-0.0032829447843334587,-0.003993640277949909,MRPL36,C2,0.984412512795999
0.009106122836531233,-0.013960252393951786,VAPA,C1,0.9833324662835382
0.005213207224670152,-0.02508182984240635,RNF181,NA,0
0.005018974735018136,0.010109420138818045,TMEM14C,NA,0
-0.009650946976647534,4.385605750217629e-4,LARS1,C2,0.9949263854694818
-0.003985225037774855,0.03537123561110297,SUCLA2,C3,0.9999999293463698
0.004852798512226916,-0.023245869596565882,GMPR2,C4,0.9456738582355476
8.725189410652392e-4,0.009650310515189373,DPM3,C3,0.7348467675774628
-0.0060135767051642305,-0.011422672406830314,IMPACT,C4,0.9420513893101594
-0.00522342859660961,0.009030823095497116,ATXN10,C3,0.6460294006199104
-0.008811824673229334,0.006116926077664696,EPS15L1,C4,0.8543414465207348
-0.0025835194478112423,0.008869839718735508,SAE1,C3,0.9614914218507408
0.02120109040666227,-0.005153302740967575,RNF7,C1,0.9681880792579608
0.06662698239243021,0.019757633997265486,MYOT,C1,0.9997633236670204
-0.019085113798185845,-0.02089471879794113,GNG12,C2,0.99171177063596
0.0018728689612674677,0.007929453505006009,VPS29,C3,0.7428829939045518
-0.013112980577863668,0.009754178045387526,EIF3K,C2,0.9062325108440928
-0.004676486403456207,0.0038971898613606205,GRHPR,C4,0.9496733421931493
-0.009214423510284907,0.009593485376150769,CTSZ,C3,0.6294562133754402
-7.679035580839595e-4,0.010138796341674916,UBA2,C4,0.8892522391066363
-0.009554507127796973,-0.011848995486070553,COPS7A,C4,0.8299015465045997
-0.01103070771724091,-0.01945905511406948,HSPB7,C2,0.9996089877634846
0.006683582294109676,-0.02204341272079549,CLIP2,NA,0
-0.011478026917147853,0.015531543379169283,UQCR10,C3,0.89317647672913425
0.03699489933905884,-0.03146334693573701,DNAJB4,C1,0.9941346896384776
-0.015892894574767814,-0.016454445007779577,NIPSNAP3A,C4,0.9261938288328704
0.013604548322528236,0.00901200994292393,TES,C1,0.9006585986487489
-0.0100865202592084,0.02496888149124634,KDM5B,C3,0.997414085169881
0.005605131545922753,0.03340268569032277,WARS2,C3,0.9974547829484044
-0.003322191826702634,-0.006516136145883414,MLX,C2,0.947407013740882
-0.013889463637152962,-0.012901401631638075,SEPTIN9,C2,0.9609685233141024
-0.00754705403243835,-0.026173867313629202,UBQLN2,C2,0.9528175554062094
0.004764943188718588,-0.012571973214544894,PCYOX1,C4,0.9995334151847164
0.003166554049481208,0.011444479607894482,DPP7,C4,0.6184891756293971
-0.0011244187812868252,0.010501106183309452,SMPX,NA,0
0.003532321346291552,-0.014794013175380934,BCAP29,C2,0.8329475250843223
-0.0013737231607350965,0.005943321902174786,CYB5R1,C2,0.5153024185209389
0.00809562378441779,0.006385948909613025,PFDN2,NA,0
8.495423789414266e-4,-0.0024015543151714802,PUF60,NA,0
7.084758674339224e-4,-0.00706076473173132,ENOPH1,C4,0.9992976452868768
0.011919872840994696,0.04002976814826472,NDUFA12,C3,0.9980881044938452
-0.011608876268199923,-0.01951446396032663,EIF2B4,C4,0.9446184867432812
9.962980410088752e-4,-0.008441643489953951,ATP6V1H,C4,0.878943067626739
0.00840305939100974,-0.03998600868831421,TRMT112,C4,0.9745126284468734
0.0010037693177313576,-0.007192950319206021,XPO7,NA,0
-0.002572447294019884,0.0038427802563113446,LCMT1,C4,0.9865418033374216
-0.009441707086970003,0.044263288032911005,ATP5IF1,C3,0.9998799461002206
0.005145125745043122,0.04084712430054918,AK3,C3,0.9999202034763
-0.00806709404676781,0.0023580538057315996,NAGK,C2,0.7035509819405041
0.004793543505357852,0.027001205827317267,SLC25A13,C3,0.9992984414488022
0.00203024354399208,-0.021377620913640955,DBNL,C2,0.8914619132680354
-0.003364561703828308,-0.018321864593273257,DCTN4,C2,0.9646687092826268
0.015201981973249361,-0.030941741626448204,HSPB8,C2,0.6933387404687783
0.0028846987872077515,0.018135604582375064,STOML2,C3,0.997952773985285
-0.005124666884157405,0.003537543867223081,VPS28,C2,0.533918893712725
0.002374126581382742,-0.05353576643844012,JPT1,C4,0.7288483879567763
-0.007201775783985476,3.9765368991612297e-4,APPL1,C2,0.7285356312128439
0.016073093142796365,-0.01772393369406563,PACSIN3,C1,0.9968892599886686
-0.002199679097823022,0.04101341739502474,ACAD8,C3,0.9999491119378684
0.018122473624400455,0.00767438174776742,AGO2,C1,0.990069250570635
0.09024107050062197,-0.01985092983007272,MYH2,C1,0.9999891769252836
0.015026433509929186,0.005612055469079945,MYH13,C1,0.7010380335166142
0.0010648358320087424,-0.004188354171967409,CDV3,C4,0.9932373486015956
-0.004774874895352419,-0.0038175353063209135,RAB21,C4,0.6516527730169206
-0.014368957747026363,-0.021427867759518875,PSME2,C2,0.9979194900180752
-0.0052595832261751125,-0.0018594750250518035,DNPEP,C4,0.9936837364609172
-0.00881654652296387,-0.003854185099067313,MCTS1,C4,0.5781198534902844
-0.00557045470883257,-0.014880004397910028,TBC1D24,C2,0.6025410954570695
-0.007420851060450086,-0.004818596185302088,TMCO1,C2,0.9398043602678492
-0.00771481311151726,0.01653971796405149,EPDR1,C3,0.6751270006868297
0.008365251060401884,0.03265332543735142,MYO6,C3,0.9331644262562312
-0.0012834337300625133,0.02126426631322605,NFU1,C3,0.9987686851415004
0.03773179506067875,-0.03958179419283276,SYNPO2,C1,0.9998785228544708
-0.012422104057971322,-0.012098314360835983,UBQLN1,C4,0.7232785840386344
0.008417183793725866,-0.0068003170418013984,SNX12,C1,0.8245080054455716
-0.007430175772448071,-0.025391756215640764,NDRG2,C4,0.8029452091378679
-0.012995245332490536,0.007381144184726104,VPS4A,NA,0
0.015226918882406485,0.004424129689788281,G3BP2,C1,0.9653904405522956
-0.007525568615877414,-0.01055929005535791,STUB1,C2,0.9294862653893295
0.008280220164350628,-4.085129282367287e-4,PACSIN2,C1,0.9071317434763704
0.002295624169016053,-8.683391862976346e-4,SNX6,C4,0.7604399253889235
-0.0085105081061017,-0.017153229640441754,PSMD13,C2,0.999512707513614
-0.002439343014324944,-0.0038618862635872732,COPS3,C4,0.984179808707117
-0.004680569008229631,-0.016766950359529544,NSFL1C,C4,0.9218086888793672
0.011403080893490012,0.013758654420912416,PPP6R1,C1,0.7308250956846236
6.228449044128153e-4,-0.013923042637757736,LIMCH1,C2,0.6930359232317934
-0.023653850156719954,0.013259482160789246,USP24,C3,0.5125842301434782
-0.016530213419772507,-0.02999494250725848,MAPRE3,C2,0.9995431190465928
0.013963618192617707,-0.012171430451693948,PA2G4,C1,0.9996948661566906
0.00303670565964165,-0.015107367691959625,CAMK2A,NA,0
0.0017920074687345976,-6.972757007171983e-4,CHMP2B,C4,0.9861006905923688
0.018770089032871494,0.023383272771508614,RTRAF,C1,0.6310773708029657
0.0026635452375980122,-0.012108105256866808,RUVBL2,NA,0
0.027750579085669826,0.006864268466414594,APOBEC2,C1,0.9871673726886192
0.0049343491616109835,-0.017041726872457096,PIN4,C4,0.9992705460067276
-0.009127070200595758,-0.015669325907374222,EIF3L,C2,0.9975941969863996
3.2091567793951037e-4,-0.014273065905035607,PLAA,C4,0.8150982002811933
-0.005840235249492034,-0.009530116792868838,NUDC,C2,0.976727446849757
0.004901165234129365,0.01973914857963368,BCS1L,C3,0.9416178115239032
-0.001503308177167049,0.012585502393701401,VDAC3,C3,0.6219633376065331
0.006342103705717198,-0.00988437191971639,CFL2,C1,0.9720316128375008
-0.004795553115118914,-0.028512237644511104,FARSA,C2,0.9892260986538234
-0.0036461172940990554,-0.02016898061357696,CNPY2,C2,0.5162954484485099
0.03439828811105453,-0.03535975590607568,FNDC3A,C1,0.8766435526156051
-0.011612209705492588,-0.02431948234816959,PADI2,C2,0.9864110401146604
-0.006548119719980472,0.040829091161163546,GSTK1,C3,0.9999958981801216
9.070291756362074e-4,0.005354746745977661,LAMTOR2,NA,0
-0.0040452961611747535,-0.0016404767423401595,MRPS35,C4,0.7115343608032628
-0.00923164896473162,0.04765714608843898,COA3,C3,0.9967779637828946
0.0012483345392371376,0.011823082569480399,TMA7,C3,0.6007189469426448
-0.006416801719891925,-6.890761349760267e-4,SUGT1,C2,0.5429265727571388
0.004812547364753653,0.02119230051118356,COQ6,C3,0.9018383330753764
0.001739369865674909,0.03522906639913249,ACOT9,C3,0.9999950848108616
-0.0022731132113309365,0.0020206286798846217,MEMO1,C2,0.714846396975096
0.03500578902883413,0.021909911325879005,TMX2,C1,0.9740144768810808
0.0034664382331480344,-0.008192294892119482,SH3GLB1,C4,0.5941041799967545
0.006401342602933993,-0.009706386140967273,CAB39,C1,0.834332522309909
-0.009492617108827902,-0.014236654865332397,LUC7L2,C2,0.96709741125877
-0.008499711753792504,-0.03039199118594214,DHRS7,C2,0.9409788413212364
-0.012535149257235026,-0.024406042987158323,MOB4,C2,0.9988032606397166
-0.0024724251434415155,-0.014802870752407868,SBDS,C2,0.99222228310146
2.553396528809058e-6,0.024352485011128577,MRPL11,C3,0.99883092326873
0.007893745254227424,-0.0048345560026951465,PPIL1,C4,0.913191980349274
0.0010383226954602594,0.05305503979299621,MSRB2,C3,0.9999552899345504
-0.01333637250832609,0.014143900306787477,FIS1,C3,0.8150561496562178
-0.007934223025497008,-0.00588778537640953,PTRH2,C2,0.7659906160955536
-0.0014708356266243951,-0.011510881692489509,STRAP,C2,0.9856072183987136
0.00604670993377297,-0.0079438103175429,RTCB,C1,0.7617021805536024
0.03392835052276583,-0.0018702320910454582,RPL36,C1,0.9992088857026318
-3.8840657393426393e-4,-0.007793087434185004,SAMHD1,C2,0.7790211865329713
-0.009580424448203445,0.002926980795440428,HBS1L,C2,0.8013521111980045
-2.466501670514623e-4,-0.005559982131183785,TLN1,C2,0.906048977496546
1.6988035365028592e-4,-0.01383832053590667,USP15,C4,0.9838518860939334
0.003018899280315616,-7.261575712395037e-4,TLN2,C4,0.7785469106835246
0.003065814165330912,-0.010178657982904543,DTNA,C4,0.9355751660476056
-0.007593861409939351,-0.009254644032838428,HYOU1,C2,0.8817708200298329
-0.004952267217053365,0.03530099682075097,AFG3L2,C3,0.999999954072514
-0.0024523660363442545,0.0051240838480300175,ARIH1,C2,0.7085152160362869
-0.006477320720220121,0.023663789861846602,RNF114,C3,0.922713846723838
0.006599764552603657,0.019726050582065963,SAMM50,C3,0.9852888459135544
0.0016826685766053028,-0.02042694090200987,PPME1,C4,0.5995737356297379
0.0069569138600207425,0.04674375401726817,TIMM9,C3,0.99997252274407
0.024128293052497536,0.043821952455863074,TIMM8B,C3,0.9887515382930528
-0.005085490569836913,-0.013873401434772857,UCHL5,C2,0.5771315187084255
0.005496729123889638,0.03643960824445561,TIMM13,C3,0.999991423419896
-0.01545268443039075,-5.376152144528868e-4,SRPRB,C2,0.9871429309374086
-0.008364003505494124,-0.014678915354513782,GMPPB,C4,0.6656680104446411
-0.00915698505297813,0.036252772927171634,MPC1,C3,0.999931322632216
0.008665566208043951,0.003921846140714537,SNX5,C1,0.7436609369092968
-0.009620266160769718,-0.012514887185238533,HEBP2,C4,0.5695983967180892
0.011356370285489095,0.06569099766326576,HCFC2,C3,0.9994246299526074
0.0042584676267062235,0.007831617862884811,FHOD1,C3,0.7612746753340343
0.11717716037288044,-0.04363262430551096,MYH4,C1,0.9999923407712212
0.007624279133154657,0.02183337191215841,MRPS18B,C3,0.9878733972503162
-0.0025295709628399225,-0.010731983890864626,COPG1,C2,0.597407276950703
-0.0035906277714388537,-0.021583561165780026,CLIC4,C2,0.9987996660445168
0.0029908578870232218,0.04712964030152925,NFS1,C3,0.9999156604212832
-0.005152196105980018,-9.41164100960797e-4,SPCS1,C4,0.963250461233872
0.011664161922856525,-0.007209198516153464,SAR1B,C4,0.9643034485447316
0.005694825761908423,0.018134573985158574,MTCH2,C3,0.98163194380262
-0.005676606220467883,0.009849602286093145,BZW2,C3,0.9349954768352616
-0.0055762858186514785,-0.021126529073234406,DYNC1LI1,C2,0.9953727022241384
0.009796023924392732,0.03348324473925831,CHCHD2,C3,0.8633774445855971
0.02037771797081748,0.04067243129641313,NDUFB9,C3,0.9850559284058142
-0.00813121828490457,0.04073089140879815,COX11,C3,0.9994890886641856
-0.012002831841618685,0.024660822707261373,SQOR,C3,0.9804406089234714
-0.005609547340223146,0.01047803389760841,SESN1,C4,0.9201791684027448
-9.100535778895787e-4,-0.01040793288543952,SEC23IP,NA,0
