pathway,pval,padj,foldEnrichment,overlap,size,overlapGenes,database,odds_ratio,module,Description
GOBP_ORGANIC_ACID_CATABOLIC_PROCESS,2.5231218681206667e-23,2.5079831369119428e-20,3.845702730030334,54,86,,GO:BP,10.06701030927835,turquoise,Organic Acid Catabolic Process
GOBP_FATTY_ACID_CATABOLIC_PROCESS,5.863551626491297e-17,1.9427901055774496e-14,4.80039169604387,29,37,,GO:BP,20.189873417721518,turquoise,Fatty Acid Catabolic Process
GOBP_FATTY_ACID_METABOLIC_PROCESS,2.6416412276151727e-15,4.3763189670824693e-13,3.002273373117363,50,102,,GO:BP,5.593220338983051,turquoise,Fatty Acid Metabolic Process
REACTOME_FATTY_ACID_METABOLISM,2.1457649041012928e-13,6.673328851755021e-11,3.697894449001914,32,53,,Reactome,8.505096607333028,turquoise,Fatty Acid Metabolism
REACTOME_MITOCHONDRIAL_FATTY_ACID_BETA_OXIDATION,6.926278006773034e-13,1.0770362300532068e-10,5.289459815546772,19,22,,Reactome,34.289366053169736,turquoise,Mitochondrial Fatty Acid Beta Oxidation
GOBP_LIPID_MODIFICATION,8.839385076243494e-13,1.0982935957232541e-10,4.033297985153765,27,41,,GO:BP,10.637466307277627,turquoise,Lipid Modification
REACTOME_CITRIC_ACID_CYCLE_TCA_CYCLE,2.7011022083600147e-12,2.8001426226665484e-10,4.899710144927536,20,25,,Reactome,21.698461538461537,turquoise,Citric Acid Cycle Tca Cycle
HALLMARK_FATTY_ACID_METABOLISM,1.7491740252375553e-10,6.297026490855199e-9,2.7706694271911663,38,84,,Hallmark,4.633621300099136,turquoise,Fatty Acid Metabolism
GOBP_AMINO_ACID_CATABOLIC_PROCESS,7.974399682037777e-11,8.032956418527366e-9,3.734535171438671,25,41,,GO:BP,8.5546875,turquoise,Amino Acid Catabolic Process
GOBP_LIPID_CATABOLIC_PROCESS,8.081445089061735e-11,8.032956418527366e-9,3.2180299680668143,31,59,,GO:BP,6.135122838944495,turquoise,Lipid Catabolic Process
GOBP_ALPHA_AMINO_ACID_METABOLIC_PROCESS,1.5785736343241884e-10,1.4264565386529484e-8,3.223493516399695,30,57,,GO:BP,6.141093474426808,turquoise,Alpha Amino Acid Metabolic Process
GOSLIM_AMINO_ACID_METABOLIC_PROCESS,1.324349055826883e-9,3.310872639567207e-8,2.5111014492753623,41,100,,GO Slim,3.906612399643176,turquoise,Amino Acid Metabolic Process
GOBP_BRANCHED_CHAIN_AMINO_ACID_METABOLIC_PROCESS,2.4700474612387803e-9,1.8886362895933444e-7,4.835240274599542,15,19,,GO:BP,20.045454545454547,turquoise,Branched Chain Amino Acid Metabolic Process
GOBP_TRICARBOXYLIC_ACID_CYCLE,8.95991023220415e-9,6.361536264864946e-7,4.164753623188406,17,25,,GO:BP,11.402439024390244,turquoise,Tricarboxylic Acid Cycle
REACTOME_MITOCHONDRIAL_PROTEIN_DEGRADATION,1.1128719605719137e-8,8.652579493446628e-7,2.659382151029748,33,76,,Reactome,4.2430679785330945,turquoise,Mitochondrial Protein Degradation
GOBP_DICARBOXYLIC_ACID_METABOLIC_PROCESS,3.183414969857865e-8,2.1095429866924784e-6,3.2863909508660303,22,41,,GO:BP,6.269838683395796,turquoise,Dicarboxylic Acid Metabolic Process
HALLMARK_OXIDATIVE_PHOSPHORYLATION,3.1454727841867514e-7,5.661851011536153e-6,1.9630248978075067,50,156,,Hallmark,2.6574992005116727,turquoise,OXPHOS
REACTOME_BRANCHED_CHAIN_AMINO_ACID_CATABOLISM,2.9522712375407275e-7,1.8363127097503326e-5,4.593478260869565,12,16,,Reactome,15.891891891891891,turquoise,Branched Chain Amino Acid Catabolism
GOBP_ACYL_COA_METABOLIC_PROCESS,1.3943283704026296e-6,8.152720001060081e-5,3.1498136645962735,18,35,,GO:BP,5.669724770642202,turquoise,Acyl Coa Metabolic Process
GOBP_SULFUR_COMPOUND_METABOLIC_PROCESS,1.8561196724096204e-6,1.0249905302084236e-4,2.3258117776554763,30,79,,GO:BP,3.3411078717201166,turquoise,Sulfur Compound Metabolic Process
HALLMARK_ADIPOGENESIS,4.5102211823388226e-5,5.412265418806587e-4,1.9281266774020398,34,108,,Hallmark,2.502650560528374,turquoise,Adipogenesis
REACTOME_METABOLISM_OF_VITAMINS_AND_COFACTORS,1.140533982658311e-5,5.911767810112246e-4,2.5723478260869563,21,50,,Reactome,3.886653895274585,turquoise,Metabolism Of Vitamins And Cofactors
GOBP_AMIDE_METABOLIC_PROCESS,1.1411656732244026e-5,5.970098311500296e-4,2.0415458937198068,34,102,,GO:BP,2.733118971061093,turquoise,Amide Metabolic Process
REACTOME_AEROBIC_RESPIRATION_AND_RESPIRATORY_ELECTRON_TRANSPORT,2.0453177316488416e-5,9.087054493468425e-4,1.7659998221748021,47,163,,Reactome,2.24612358250405,turquoise,Aerobic Respiration And Respiratory Electron Transport
REACTOME_PROTEIN_LOCALIZATION,2.6425875673697045e-5,0.0010273059168149727,2.1758581235697942,27,76,,Reactome,2.9786291875240662,turquoise,Protein Localization
GOBP_MODIFIED_AMINO_ACID_METABOLIC_PROCESS,2.3618855286227577e-5,0.001117959150214772,2.4734113712374586,21,52,,GO:BP,3.631720430107527,turquoise,Modified Amino Acid Metabolic Process
GOSLIM_KETONE_METABOLIC_PROCESS,1.1316120103171633e-4,0.0014145150128964542,2.374859509021,19,49,,GO Slim,3.376482617586912,turquoise,Ketone Metabolic Process
GOBP_ALCOHOL_METABOLIC_PROCESS,4.682364666998068e-5,0.0021155774904527635,2.1518997258127692,26,74,,GO:BP,2.9205851619644725,turquoise,Alcohol Metabolic Process
GOBP_TEMPERATURE_HOMEOSTASIS,1.690113881179949e-4,0.007304231295186389,2.8435817805383024,13,28,,GO:BP,4.576104417670683,turquoise,Temperature Homeostasis
GOBP_KETONE_METABOLIC_PROCESS,2.114744376753233e-4,0.00875856629371964,2.281727763569196,19,51,,GO:BP,3.16180981595092,turquoise,Ketone Metabolic Process
GOBP_MITOCHONDRIAL_TRANSPORT,2.6337116009744e-4,0.010471637325474214,2.1053442028985505,22,64,,GO:BP,2.7990564646911396,turquoise,Mitochondrial Transport
HALLMARK_PEROXISOME,0.0012239373505856452,0.011015436155270807,2.317430473952213,14,37,,Hallmark,3.208984631551294,turquoise,Peroxisome
GOBP_KETONE_BIOSYNTHETIC_PROCESS,2.9293382260351227e-4,0.01119908537184197,3.445108695652174,9,16,,GO:BP,6.738520408163265,turquoise,Ketone Biosynthetic Process
GOBP_GLUTAMINE_FAMILY_AMINO_ACID_METABOLIC_PROCESS,5.339024867034279e-4,0.018953538277971693,3.2424552429667517,9,17,,GO:BP,5.892857142857143,turquoise,Glutamine Family Amino Acid Metabolic Process
GOBP_LONG_CHAIN_FATTY_ACID_TRANSPORT,5.339024867034279e-4,0.018953538277971693,3.2424552429667517,9,17,,GO:BP,5.892857142857143,turquoise,Long Chain Fatty Acid Transport
HALLMARK_CHOLESTEROL_HOMEOSTASIS,0.005696241370372232,0.041012937866680074,2.858164251207729,7,15,,Hallmark,4.556213017751479,turquoise,Cholesterol Homeostasis
GOBP_MONOCARBOXYLIC_ACID_TRANSPORT,0.0014220344217793417,0.04559684565318276,2.5911928651059086,11,26,,GO:BP,3.8489021956087823,turquoise,Monocarboxylic Acid Transport
REACTOME_PEROXISOMAL_PROTEIN_IMPORT,0.0014937210731037914,0.04645472537352791,2.901144164759725,9,19,,Reactome,4.708928571428571,turquoise,Peroxisomal Protein Import
GOBP_LIPID_LOCALIZATION,0.0017946903188055315,0.05574756802789682,1.8914322250639386,21,68,,GO:BP,2.3733254531126873,turquoise,Lipid Localization
GOBP_APOPTOTIC_MITOCHONDRIAL_CHANGES,0.002179089832918593,0.06097972962697836,2.3708274894810657,12,31,,GO:BP,3.317211948790896,turquoise,Apoptotic Mitochondrial Changes
GOBP_AMIDE_BIOSYNTHETIC_PROCESS,0.0022085213949408662,0.06097972962697836,2.1985878855444074,14,39,,GO:BP,2.948882175226586,turquoise,Amide Biosynthetic Process
GOBP_MITOCHONDRION_ORGANIZATION,0.0028927434449470264,0.07598165007683547,1.5415754707680174,37,147,,GO:BP,1.810684769775679,turquoise,Mitochondrion Organization
REACTOME_MITOCHONDRIAL_PROTEIN_IMPORT,0.0027872721972425694,0.07880378666749446,2.0879446640316206,15,44,,Reactome,2.725705329153605,turquoise,Mitochondrial Protein Import
GOBP_MITOCHONDRIAL_MEMBRANE_ORGANIZATION,0.0033493864679261394,0.08323225372796457,1.9998816918071576,16,49,,GO:BP,2.55687574836511,turquoise,Mitochondrial Membrane Organization
GOBP_ORGANIC_ANION_TRANSPORT,0.0033493864679261394,0.08323225372796457,1.9998816918071576,16,49,,GO:BP,2.55687574836511,turquoise,Organic Anion Transport
HALLMARK_ESTROGEN_RESPONSE_LATE,0.015350933307421672,0.09210559984453004,1.9815004262574594,11,34,,Hallmark,2.498698255662588,turquoise,Estrogen Response Late
HALLMARK_BILE_ACID_METABOLISM,0.01809632275883141,0.0930668027597044,2.227140974967062,8,22,,Hallmark,2.97414158541755,turquoise,Bile Acid Metabolism
GOBP_INNER_MITOCHONDRIAL_MEMBRANE_ORGANIZATION,0.004003714626463963,0.09475457949298047,2.3231384307846077,11,29,,GO:BP,3.2019294743845643,turquoise,Inner Mitochondrial Membrane Organization
GOBP_SECONDARY_ALCOHOL_METABOLIC_PROCESS,0.004003714626463963,0.09475457949298047,2.3231384307846077,11,29,,GO:BP,3.2019294743845643,turquoise,Secondary Alcohol Metabolic Process
GOBP_STEROID_METABOLIC_PROCESS,0.005238467933401732,0.11571193612891825,1.9214549587951124,16,51,,GO:BP,2.4079895788102474,turquoise,Steroid Metabolic Process
GOBP_FAT_CELL_DIFFERENTIATION,0.0071881181452987455,0.15202105183887135,2.3965973534971643,9,23,,GO:BP,3.3558673469387754,turquoise,Fat Cell Differentiation
GOBP_LONG_CHAIN_FATTY_ACID_METABOLIC_PROCESS,0.0071881181452987455,0.15202105183887135,2.3965973534971643,9,23,,GO:BP,3.3558673469387754,turquoise,Long Chain Fatty Acid Metabolic Process
GOSLIM_MITOCHONDRION_ORGANIZATION,0.01894927710933203,0.15791064257776694,1.381778013432308,37,164,,GO Slim,1.5522292667961959,turquoise,Mitochondrion Organization
REACTOME_EPIGENETIC_REGULATION_OF_GENE_EXPRESSION,0.006698383593726663,0.1735997748040827,2.578794813119756,8,19,,Reactome,3.791745346641489,turquoise,Epigenetic Regulation Of Gene Expression
GOBP_AMINE_METABOLIC_PROCESS,0.00873258277652579,0.17714667918095175,2.6795289855072464,7,16,,GO:BP,4.0476660092044705,turquoise,Amine Metabolic Process
GOBP_NAD_METABOLIC_PROCESS,0.00873258277652579,0.17714667918095175,2.6795289855072464,7,16,,GO:BP,4.0476660092044705,turquoise,Nad Metabolic Process
GOSLIM_GENERATION_OF_PRECURSOR_METABOLITES_AND_ENERGY,0.029216460940734924,0.18260288087959328,1.2908429193475013,47,223,,GO Slim,1.4266320927394753,turquoise,Generation Of Precursor Metabolites And Energy
GOBP_IMPORT_INTO_THE_MITOCHONDRION,0.00960974686935046,0.19104176776268714,2.449855072463768,8,20,,GO:BP,3.473788328387735,turquoise,Import Into The Mitochondrion
GOBP_CELLULAR_RESPIRATION,0.010965212349864657,0.21371413874049935,1.4562075605553868,34,143,,GO:BP,1.663942889170772,turquoise,Cellular Respiration
GOBP_ORGANIC_ACID_BIOSYNTHETIC_PROCESS,0.012384786951446293,0.21787506245161953,1.7353140096618358,17,60,,GO:BP,2.0791973908111174,turquoise,Organic Acid Biosynthetic Process
GOBP_RESPONSE_TO_NUTRIENT,0.012803013783029027,0.21787506245161953,2.111944027986007,10,29,,GO:BP,2.7478397486252946,turquoise,Response To Nutrient
GOBP_FATTY_ACID_DERIVATIVE_METABOLIC_PROCESS,0.01280768017923372,0.21787506245161953,2.5219096334185847,7,17,,GO:BP,3.640828402366864,turquoise,Fatty Acid Derivative Metabolic Process
GOBP_NADP_METABOLIC_PROCESS,0.01280768017923372,0.21787506245161953,2.5219096334185847,7,17,,GO:BP,3.640828402366864,turquoise,Nadp Metabolic Process
GOBP_POSITIVE_REGULATION_OF_HYDROLASE_ACTIVITY,0.01280768017923372,0.21787506245161953,2.5219096334185847,7,17,,GO:BP,3.640828402366864,turquoise,Positive Regulation Of Hydrolase Activity
GOBP_REGULATION_OF_FATTY_ACID_METABOLIC_PROCESS,0.01280768017923372,0.21787506245161953,2.5219096334185847,7,17,,GO:BP,3.640828402366864,turquoise,Regulation Of Fatty Acid Metabolic Process
GOBP_MITOCHONDRIAL_TRANSLATION,0.012932222016746028,0.21787506245161953,1.8957211870255348,13,42,,GO:BP,2.348047361861238,turquoise,Mitochondrial Translation
HALLMARK_HEME_METABOLISM,0.05975082566407808,0.26887871548835135,1.5977315689981095,12,46,,Hallmark,1.837837837837838,turquoise,Heme Metabolism
HALLMARK_XENOBIOTIC_METABOLISM,0.06893519358179534,0.27574077432718136,1.5042969743198575,14,57,,Hallmark,1.6967610482681093,turquoise,Xenobiotic Metabolism
GOBP_ORGANIC_ACID_TRANSMEMBRANE_TRANSPORT,0.01809632275883141,0.29488106266030195,2.227140974967062,8,22,,GO:BP,2.97414158541755,turquoise,Organic Acid Transmembrane Transport
GOBP_AUTOPHAGY_OF_MITOCHONDRION,0.020921965082124936,0.33542634341342237,1.975689574567555,10,31,,GO:BP,2.4832977967306324,turquoise,Autophagy Of Mitochondrion
GOBP_PRIMARY_ALCOHOL_METABOLIC_PROCESS,0.02391403188604878,0.3714148077301951,2.130308758664146,8,23,,GO:BP,2.7742828882294757,turquoise,Primary Alcohol Metabolic Process
GOBP_PYRIMIDINE_CONTAINING_COMPOUND_METABOLIC_PROCESS,0.024487522403145574,0.3725249087194216,2.449855072463768,6,15,,GO:BP,3.4591937069813175,turquoise,Pyrimidine Containing Compound Metabolic Process
GOBP_XENOBIOTIC_METABOLIC_PROCESS,0.024735054301289566,0.3725249087194216,2.256445461479786,7,19,,GO:BP,3.0305719921104535,turquoise,Xenobiotic Metabolic Process
GOBP_GENERATION_OF_PRECURSOR_METABOLITES_AND_ENERGY,0.027081836286301984,0.4017812726654354,1.2966575270923097,47,222,,GO:BP,1.4356855225311602,turquoise,Generation Of Precursor Metabolites And Energy
GOBP_SULFUR_COMPOUND_BIOSYNTHETIC_PROCESS,0.02902026991581666,0.42420806318120236,1.8208382295338816,11,37,,GO:BP,2.2065868263473054,turquoise,Sulfur Compound Biosynthetic Process
GOBP_REGULATION_OF_INNATE_IMMUNE_RESPONSE,0.03171340696749319,0.4568569061693946,1.5527250459277404,18,71,,GO:BP,1.7812013155617101,turquoise,Regulation Of Innate Immune Response
GOBP_REGULATION_OF_MYELOID_CELL_DIFFERENTIATION,0.032879450610795224,0.4668881986732922,2.143623188405797,7,20,,GO:BP,2.7958579881656807,turquoise,Regulation Of Myeloid Cell Differentiation
GOBP_NON_PROTEINOGENIC_AMINO_ACID_METABOLIC_PROCESS,0.03394048617911743,0.475166806507644,2.2967391304347826,6,16,,GO:BP,3.111504424778761,turquoise,Non Proteinogenic Amino Acid Metabolic Process
GOBP_ALDEHYDE_METABOLIC_PROCESS,0.035704761141410434,0.49292406353558293,1.900749625187406,9,29,,GO:BP,2.3410714285714285,turquoise,Aldehyde Metabolic Process
GOBP_ISOPRENOID_METABOLIC_PROCESS,0.04263538230363689,0.5528317637230679,2.0415458937198063,7,21,,GO:BP,2.594674556213018,turquoise,Isoprenoid Metabolic Process
GOBP_POLYOL_METABOLIC_PROCESS,0.04263538230363689,0.5528317637230679,2.0415458937198063,7,21,,GO:BP,2.594674556213018,turquoise,Polyol Metabolic Process
GOBP_REGULATION_OF_PROTEIN_SECRETION,0.043909503132513746,0.5528317637230679,1.6703557312252966,12,44,,GO:BP,1.954954954954955,turquoise,Regulation Of Protein Secretion
GOBP_REGULATION_OF_EPITHELIAL_CELL_PROLIFERATION,0.043937333334127124,0.5528317637230679,1.837391304347826,9,30,,GO:BP,2.2283163265306123,turquoise,Regulation Of Epithelial Cell Proliferation
GOBP_AMINO_ACID_BIOSYNTHETIC_PROCESS,0.045467471269963075,0.5579588449672012,2.161636828644501,6,17,,GO:BP,2.827031375703942,turquoise,Amino Acid Biosynthetic Process
GOBP_MODIFIED_AMINO_ACID_BIOSYNTHETIC_PROCESS,0.045467471269963075,0.5579588449672012,2.161636828644501,6,17,,GO:BP,2.827031375703942,turquoise,Modified Amino Acid Biosynthetic Process
GOBP_RESPONSE_TO_INSULIN,0.046571501838090695,0.560347591869508,1.5571112748710392,15,59,,GO:BP,1.78099173553719,turquoise,Response To Insulin
GOBP_HORMONE_METABOLIC_PROCESS,0.04735331762277532,0.560347591869508,1.749896480331263,10,35,,GO:BP,2.0811940298507463,turquoise,Hormone Metabolic Process
GOBP_REGULATION_OF_MITOCHONDRION_ORGANIZATION,0.04735331762277532,0.560347591869508,1.749896480331263,10,35,,GO:BP,2.0811940298507463,turquoise,Regulation Of Mitochondrion Organization
GOBP_AMIDE_TRANSPORT,0.05141578784639939,0.6012622719920117,1.6332367149758453,12,45,,GO:BP,1.8946218946218947,turquoise,Amide Transport
GOBP_POSITIVE_REGULATION_OF_LEUKOCYTE_MEDIATED_IMMUNITY,0.05915622435832476,0.6758768622089059,2.0415458937198068,6,18,,GO:BP,2.589970501474926,turquoise,Positive Regulation Of Leukocyte Mediated Immunity
GOBP_RESPONSE_TO_XENOBIOTIC_STIMULUS,0.06002889630201545,0.67805366959322,1.4847606499780412,16,66,,GO:BP,1.671003039513678,turquoise,Response To Xenobiotic Stimulus
GOBP_PROTEIN_TARGETING,0.0640991564601234,0.700160016718271,1.4191233651466948,19,82,,GO:BP,1.5773200895900283,turquoise,Protein Targeting
GOBP_GLYCEROLIPID_BIOSYNTHETIC_PROCESS,0.06728759222263879,0.7191813620355156,1.8640201638311278,7,23,,GO:BP,2.2677514792899407,turquoise,Glycerolipid Biosynthetic Process
GOBP_REGULATION_OF_LEUKOCYTE_DIFFERENTIATION,0.06728759222263879,0.7191813620355156,1.8640201638311278,7,23,,GO:BP,2.2677514792899407,turquoise,Regulation Of Leukocyte Differentiation
GOBP_MYELOID_CELL_DIFFERENTIATION,0.06893519358179534,0.7289530044713253,1.5042969743198575,14,57,,GO:BP,1.6967610482681093,turquoise,Myeloid Cell Differentiation
GOBP_INTRACELLULAR_IRON_ION_HOMEOSTASIS,0.07504291823080236,0.7851859023307111,1.9340961098398168,6,19,,GO:BP,2.3893805309734515,turquoise,Intracellular Iron Ion Homeostasis
GOBP_MITOCHONDRIAL_RESPIRATORY_CHAIN_COMPLEX_ASSEMBLY,0.07878338727853794,0.7992326432137109,1.566767778901247,11,43,,GO:BP,1.7866766467065869,turquoise,Mitochondrial Respiratory Chain Complex Assembly
GOBP_RESPIRATORY_SYSTEM_DEVELOPMENT,0.08225897820541214,0.7992326432137109,1.786352657004831,7,24,,GO:BP,2.133136094674556,turquoise,Respiratory System Development
GOBP_ACETYL_COA_METABOLIC_PROCESS,0.08281786946781913,0.7992326432137109,2.0415458937198068,5,15,,GO:BP,2.585294117647059,turquoise,Acetyl Coa Metabolic Process
GOBP_CELL_CYCLE_CHECKPOINT_SIGNALING,0.08281786946781913,0.7992326432137109,2.0415458937198068,5,15,,GO:BP,2.585294117647059,turquoise,Cell Cycle Checkpoint Signaling
GOBP_POSITIVE_REGULATION_OF_LIPID_LOCALIZATION,0.08281786946781913,0.7992326432137109,2.0415458937198068,5,15,,GO:BP,2.585294117647059,turquoise,Positive Regulation Of Lipid Localization
GOBP_PROTEIN_TRANSMEMBRANE_IMPORT_INTO_INTRACELLULAR_ORGANELLE,0.08281786946781913,0.7992326432137109,2.0415458937198068,5,15,,GO:BP,2.585294117647059,turquoise,Protein Transmembrane Import Into Intracellular Organelle
GOBP_REGULATION_OF_AUTOPHAGY_OF_MITOCHONDRION,0.08281786946781913,0.7992326432137109,2.0415458937198068,5,15,,GO:BP,2.585294117647059,turquoise,Regulation Of Autophagy Of Mitochondrion
GOBP_CELLULAR_RESPONSE_TO_REACTIVE_OXYGEN_SPECIES,0.08661479214919005,0.8199533656789991,1.6895552223888055,8,29,,GO:BP,1.9748480994771795,turquoise,Cellular Response To Reactive Oxygen Species
GOBP_REACTIVE_OXYGEN_SPECIES_METABOLIC_PROCESS,0.08902152818083117,0.8225379116195635,1.4744498121309715,13,54,,GO:BP,1.6493535116074052,turquoise,Reactive Oxygen Species Metabolic Process
GOBP_POSITIVE_REGULATION_OF_CATALYTIC_ACTIVITY,0.08995517473798899,0.8225379116195635,1.4999112688553682,12,49,,GO:BP,1.6859021183345508,turquoise,Positive Regulation Of Catalytic Activity
GOBP_PYRIDINE_CONTAINING_COMPOUND_METABOLIC_PROCESS,0.09151967890810055,0.8270050984968359,1.3882512077294686,17,75,,GO:BP,1.5280698065601346,turquoise,Pyridine Containing Compound Metabolic Process
HALLMARK_UV_RESPONSE_UP,0.23687057591425134,0.8527340732913048,1.312422360248447,9,42,,Hallmark,1.4082792207792207,turquoise,UV Response Up
GOBP_MYELOID_CELL_HOMEOSTASIS,0.10350054240535465,0.877592012553235,1.5749068322981368,9,35,,GO:BP,1.7946428571428572,turquoise,Myeloid Cell Homeostasis
GOBP_HEPATICOBILIARY_SYSTEM_DEVELOPMENT,0.10503486187177427,0.877592012553235,1.9139492753623188,5,16,,GO:BP,2.3489304812834226,turquoise,Hepaticobiliary System Development
GOBP_PEPTIDYL_LYSINE_MODIFICATION,0.10503486187177427,0.877592012553235,1.9139492753623188,5,16,,GO:BP,2.3489304812834226,turquoise,Peptidyl Lysine Modification
GOBP_REGULATION_OF_T_CELL_MEDIATED_IMMUNITY,0.10503486187177427,0.877592012553235,1.9139492753623188,5,16,,GO:BP,2.3489304812834226,turquoise,Regulation Of T Cell Mediated Immunity
GOBP_MONOSACCHARIDE_METABOLIC_PROCESS,0.11112150475074326,0.877592012553235,1.3521927348014304,17,77,,GO:BP,1.4754065040650406,turquoise,Monosaccharide Metabolic Process
GOBP_PROTEIN_LOCALIZATION_TO_MITOCHONDRION,0.11212010585562225,0.877592012553235,1.4217908902691512,13,56,,GO:BP,1.5708181563463155,turquoise,Protein Localization To Mitochondrion
GOBP_NEURAL_NUCLEUS_DEVELOPMENT,0.11330401317367284,0.877592012553235,1.7498964803312629,6,21,,GO:BP,2.0684365781710916,turquoise,Neural Nucleus Development
GOBP_REGULATION_OF_ADAPTIVE_IMMUNE_RESPONSE,0.11330401317367284,0.877592012553235,1.7498964803312629,6,21,,GO:BP,2.0684365781710916,turquoise,Regulation Of Adaptive Immune Response
GOBP_REGULATION_OF_GLUCOSE_METABOLIC_PROCESS,0.11330401317367284,0.877592012553235,1.7498964803312629,6,21,,GO:BP,2.0684365781710916,turquoise,Regulation Of Glucose Metabolic Process
GOBP_STEROL_TRANSPORT,0.11330401317367284,0.877592012553235,1.7498964803312629,6,21,,GO:BP,2.0684365781710916,turquoise,Sterol Transport
GOBP_LIPID_HOMEOSTASIS,0.11744295716168035,0.877592012553235,1.6489409141583053,7,26,,GO:BP,1.9064154469012768,turquoise,Lipid Homeostasis
GOBP_RESPONSE_TO_TYPE_II_INTERFERON,0.11744295716168035,0.877592012553235,1.6489409141583053,7,26,,GO:BP,1.9064154469012768,turquoise,Response To Type Ii Interferon
GOBP_RESPONSE_TO_LIGHT_STIMULUS,0.11919006206708926,0.877592012553235,1.531159420289855,9,36,,GO:BP,1.7271825396825398,turquoise,Response To Light Stimulus
REACTOME_BIOLOGICAL_OXIDATIONS,0.03874869672385557,0.9269880523937756,1.6587560386473432,13,48,,Reactome,1.9388123924268503,turquoise,Biological Oxidations
GOBP_IMMUNE_SYSTEM_DEVELOPMENT,0.12985460795586234,0.9298634162252291,1.8013640238704176,5,17,,GO:BP,2.1519607843137254,turquoise,Immune System Development
GOBP_REGULATION_OF_RESPONSE_TO_CYTOKINE_STIMULUS,0.12985460795586234,0.9298634162252291,1.8013640238704176,5,17,,GO:BP,2.1519607843137254,turquoise,Regulation Of Response To Cytokine Stimulus
GOBP_REGULATION_OF_SMALL_MOLECULE_METABOLIC_PROCESS,0.13003120206771313,0.9298634162252291,1.351023017902813,15,68,,GO:BP,1.4708404802744426,turquoise,Regulation Of Small Molecule Metabolic Process
GOBP_NEGATIVE_REGULATION_OF_CELL_DEVELOPMENT,0.1355104143295954,0.9485729003071678,1.6703557312252966,6,22,,GO:BP,1.9380530973451326,turquoise,Negative Regulation Of Cell Development
GOBP_POSITIVE_REGULATION_OF_LIPID_METABOLIC_PROCESS,0.1355104143295954,0.9485729003071678,1.6703557312252966,6,22,,GO:BP,1.9380530973451326,turquoise,Positive Regulation Of Lipid Metabolic Process
GOBP_DOUBLE_STRAND_BREAK_REPAIR,0.13746996856252716,0.9494467009059906,1.531159420289855,8,32,,GO:BP,1.725024727992087,turquoise,Double Strand Break Repair
GOBP_REGULATION_OF_LIPID_METABOLIC_PROCESS,0.14261483418085993,0.9776492770743088,1.3867104183757177,12,53,,GO:BP,1.5179081520544935,turquoise,Regulation Of Lipid Metabolic Process
HALLMARK_ANDROGEN_RESPONSE,0.30125785347724726,0.9859347931982638,1.3124223602484473,6,28,,Hallmark,1.404666130329847,turquoise,Androgen Response
HALLMARK_IL2_STAT5_SIGNALING,0.3322902181428238,0.9930204787095912,1.2671664167916041,6,29,,Hallmark,1.3428241631396691,turquoise,IL2 Stat5 Signaling
HALLMARK_ESTROGEN_RESPONSE_EARLY,0.417082918512559,0.9930204787095912,1.224927536231884,4,20,,Hallmark,1.284457478005865,turquoise,Estrogen Response Early
HALLMARK_E2F_TARGETS,0.42672139049536517,0.9930204787095912,1.1483695652173913,6,32,,Hallmark,1.1858407079646018,turquoise,E2F Targets
HALLMARK_COMPLEMENT,0.4292012574333187,0.9930204787095912,1.128222730739893,7,38,,Hallmark,1.1604313800343578,turquoise,Complement
HALLMARK_COAGULATION,0.4948147275536337,0.9930204787095912,1.113570487483531,4,22,,Hallmark,1.140436624307592,turquoise,Coagulation
HALLMARK_INTERFERON_GAMMA_RESPONSE,0.5247403178856543,0.9930204787095912,1.0559720139930036,5,29,,Hallmark,1.0686274509803921,turquoise,Interferon Gamma Response
HALLMARK_APICAL_JUNCTION,0.5417248690267096,0.9930204787095912,1.0207729468599032,7,42,,Hallmark,1.0254437869822486,turquoise,Apical Junction
HALLMARK_UV_RESPONSE_DN,0.542042507854809,0.9930204787095912,1.0808184143222506,3,17,,Hallmark,1.0989974937343359,turquoise,UV Response Dn
HALLMARK_P53_PATHWAY,0.6020959426660194,0.9930204787095912,0.9799420289855072,4,25,,Hallmark,0.9758413629381372,turquoise,p53 Pathway
HALLMARK_APOPTOSIS,0.6049869753542677,0.9930204787095912,0.9670480549199084,6,38,,Hallmark,0.9601769911504425,turquoise,Apoptosis
HALLMARK_GLYCOLYSIS,0.6150393193622067,0.9930204787095912,0.9569746376811594,10,64,,Hallmark,0.9474847982310669,turquoise,Glycolysis
HALLMARK_DNA_REPAIR,0.7922489263172695,0.9930204787095912,0.7655797101449275,4,32,,Hallmark,0.7289484708839548,turquoise,DNA Repair
HALLMARK_G2M_CHECKPOINT,0.8123534497036715,0.9930204787095912,0.7423803249890206,4,33,,Hallmark,0.7034078268783497,turquoise,G2M Checkpoint
HALLMARK_REACTIVE_OXYGEN_SPECIES_PATHWAY,0.896390174408028,0.9930204787095912,0.5567852437417655,2,22,,Hallmark,0.5096209912536444,turquoise,Reactive Oxygen Species Pathway
HALLMARK_PI3K_AKT_MTOR_SIGNALING,0.9248035748084915,0.9930204787095912,0.5567852437417655,3,33,,Hallmark,0.508187134502924,turquoise,Pi3k Akt Mtor Signaling
HALLMARK_TNFA_SIGNALING_VIA_NFKB,0.9429198150785637,0.9930204787095912,0.38278985507246377,1,16,,Hallmark,0.33972868217054264,turquoise,TNFa Signaling Via Nfkb
HALLMARK_ALLOGRAFT_REJECTION,0.9570310128124717,0.9930204787095912,0.4374741200828158,2,28,,Hallmark,0.39067055393586003,turquoise,Allograft Rejection
HALLMARK_MTORC1_SIGNALING,0.9571737081750997,0.9930204787095912,0.6409504550050557,9,86,,Hallmark,0.5882421150278293,turquoise,mTORC1 Signaling
HALLMARK_MYOGENESIS,0.9637520253664007,0.9930204787095912,0.6540875193471225,11,103,,Hallmark,0.5999739651132517,turquoise,Myogenesis
HALLMARK_HYPOXIA,0.971856647808284,0.9930204787095912,0.5279860069965018,5,58,,Hallmark,0.4758601553829079,turquoise,Hypoxia
HALLMARK_UNFOLDED_PROTEIN_RESPONSE,0.9766027578013823,0.9930204787095912,0.38278985507246377,2,32,,Hallmark,0.3378036929057337,turquoise,Unfolded Protein Response
HALLMARK_MITOTIC_SPINDLE,0.9852986533056711,0.9930204787095912,0.3499792960662526,2,35,,Hallmark,0.30656418411520453,turquoise,Mitotic Spindle
HALLMARK_PROTEIN_SECRETION,0.9852986533056711,0.9930204787095912,0.3499792960662526,2,35,,Hallmark,0.30656418411520453,turquoise,Protein Secretion
HALLMARK_EPITHELIAL_MESENCHYMAL_TRANSITION,0.9903491366679547,0.9930204787095912,0.38278985507246377,3,48,,Hallmark,0.3358674463937622,turquoise,Epithelial Mesenchymal Transition
HALLMARK_MYC_TARGETS_V1,0.9930204787095912,0.9930204787095912,0.5741847826086957,12,128,,Hallmark,0.5132028580304442,turquoise,MYC Targets V1
REACTOME_STRIATED_MUSCLE_CONTRACTION,1.0428909272367394e-23,3.2433907837062596e-21,9.576686004350979,25,28,,Reactome,92.68410852713178,brown,Striated Muscle Contraction
HALLMARK_MYOGENESIS,7.340459121197507e-18,2.6425652836311023e-16,4.269528362328126,41,103,,Hallmark,7.859181141439206,brown,Myogenesis
GOSLIM_MUSCLE_SYSTEM_PROCESS,6.520832613080195e-14,1.6302081532700488e-12,3.361845594363209,42,134,,GO Slim,5.372230014025245,brown,Muscle System Process
GOBP_MUSCLE_CELL_DIFFERENTIATION,2.0179950786240244e-15,2.00588710815228e-12,3.9959191798546834,38,102,,GO:BP,6.915880503144654,brown,Muscle Cell Differentiation
GOBP_MYOFIBRIL_ASSEMBLY,8.130059066757477e-15,4.040639356178466e-12,5.986542320859403,24,43,,GO:BP,13.85092789777913,brown,Myofibril Assembly
GOBP_MUSCLE_CELL_DEVELOPMENT,3.766386491765075e-14,1.2479293909381616e-11,4.43336717428088,31,75,,GO:BP,7.945235487404162,brown,Muscle Cell Development
REACTOME_ECM_PROTEOGLYCANS,2.4577168936664335e-13,3.8217497696513044e-11,8.172105390379501,16,21,,Reactome,33.78563535911602,brown,Ecm Proteoglycans
GOBP_MUSCLE_SYSTEM_PROCESS,3.6145867069305866e-13,7.185798373378007e-11,3.217766497461929,42,140,,GO:BP,5.026728110599079,brown,Muscle System Process
REACTOME_EXTRACELLULAR_MATRIX_ORGANIZATION,1.1058950317435321e-12,1.146444516240795e-10,4.524984137055838,27,64,,Reactome,8.065659777424484,brown,Extracellular Matrix Organization
REACTOME_MUSCLE_CONTRACTION,4.5655844199790465e-12,3.5497418865337087e-10,4.171178793006205,28,72,,Reactome,7.048951048951049,brown,Muscle Contraction
GOBP_MUSCLE_ORGAN_DEVELOPMENT,1.7655447588707456e-11,1.949946100352801e-9,3.653874044736989,31,91,,GO:BP,5.776706827309237,brown,Muscle Organ Development
REACTOME_INTEGRIN_CELL_SURFACE_INTERACTIONS,1.1917001446212194e-9,7.412374899543985e-8,6.971827411167514,13,20,,Reactome,19.267857142857142,brown,Integrin Cell Surface Interactions
GOBP_ACTOMYOSIN_STRUCTURE_ORGANIZATION,1.2496986606785246e-9,1.2422004687144535e-7,3.724266779469825,25,72,,GO:BP,5.779935675408214,brown,Actomyosin Structure Organization
REACTOME_NON_INTEGRIN_MEMBRANE_ECM_INTERACTIONS,2.64212300912812e-9,1.3695004263980757e-7,5.746011602610588,15,28,,Reactome,12.064666103127642,brown,Non Integrin Membrane Ecm Interactions
REACTOME_DEGRADATION_OF_THE_EXTRACELLULAR_MATRIX,5.027429400793277e-9,2.2336150623524415e-7,5.547873271486084,15,29,,Reactome,11.19701726844584,brown,Degradation Of The Extracellular Matrix
REACTOME_ASSEMBLY_OF_COLLAGEN_FIBRILS_AND_OTHER_MULTIMERIC_STRUCTURES,1.02272645106718e-8,3.9758490785236624e-7,7.374048223350254,11,16,,Reactome,22.60322580645161,brown,Assembly Of Collagen Fibrils And Other Multimeric Structures
GOBP_MUSCLE_TISSUE_DEVELOPMENT,5.945654873952869e-9,5.372709949735593e-7,3.2908975542224272,27,88,,GO:BP,4.829797492767598,brown,Muscle Tissue Development
GOBP_MULTICELLULAR_ORGANISMAL_MOVEMENT,2.981897452072289e-8,2.4700050561332126e-6,5.362944162436548,14,28,,GO:BP,10.39344262295082,brown,Multicellular Organismal Movement
REACTOME_COLLAGEN_BIOSYNTHESIS_AND_MODIFYING_ENZYMES,1.9415632237363164e-7,5.489328750745404e-6,6.7036802030456855,10,16,,Reactome,17.023172905525847,brown,Collagen Biosynthesis And Modifying Enzymes
REACTOME_COLLAGEN_DEGRADATION,1.9415632237363164e-7,5.489328750745404e-6,6.7036802030456855,10,16,,Reactome,17.023172905525847,brown,Collagen Degradation
GOBP_MEMBRANELESS_ORGANELLE_ASSEMBLY,6.274751004639909e-7,4.4550732132943354e-5,2.6344287113723395,28,114,,GO:BP,3.5255263520022018,brown,Membraneless Organelle Assembly
HALLMARK_EPITHELIAL_MESENCHYMAL_TRANSITION,2.7518840736118394e-6,4.953391332501311e-5,3.575296108291032,16,48,,Hallmark,5.204419889502763,brown,Epithelial Mesenchymal Transition
GOSLIM_EXTRACELLULAR_MATRIX_ORGANIZATION,4.4076783356794085e-6,5.509597919599261e-5,3.8503188858518813,14,39,,GO Slim,5.786666666666667,brown,Extracellular Matrix Organization
GOBP_STRIATED_MUSCLE_ADAPTATION,2.8636434083785927e-6,1.8976410319522142e-4,6.033312182741117,9,16,,GO:BP,13.05547112462006,brown,Striated Muscle Adaptation
GOBP_STRIATED_MUSCLE_CONTRACTION,7.85487139584585e-6,4.879838854669234e-4,2.9535054807621566,19,69,,GO:BP,3.9835955056179775,brown,Striated Muscle Contraction
GOBP_NEUROMUSCULAR_PROCESS,9.148274691897292e-6,5.051880579858837e-4,3.8732374506486185,13,36,,GO:BP,5.814981096408317,brown,Neuromuscular Process
GOBP_EXTERNAL_ENCAPSULATING_STRUCTURE_ORGANIZATION,1.1974873151476485e-5,6.264749427667171e-4,3.5752961082910324,14,42,,GO:BP,5.158469945355192,brown,Extracellular Matrix Organization
REACTOME_NCAM_SIGNALING_FOR_NEURITE_OUT_GROWTH,3.31972794035182e-5,8.603628245411801e-4,5.362944162436548,8,16,,Reactome,10.095238095238095,brown,Ncam Signaling For Neurite Out Growth
GOBP_NEGATIVE_REGULATION_OF_PROTEIN_CONTAINING_COMPLEX_DISASSEMBLY,3.011032171253638e-5,0.0014252218943933887,4.826649746192893,9,20,,GO:BP,8.290618955512572,brown,Negative Regulation Of Protein Containing Complex Disassembly
GOBP_ACTIN_MEDIATED_CELL_CONTRACTION,3.766439123770092e-5,0.0017017456768306687,3.6774474256707763,12,35,,GO:BP,5.338660399529965,brown,Actin Mediated Cell Contraction
GOBP_ACTIN_FILAMENT_ORGANIZATION,5.199103236357948e-5,0.00215329525705825,2.4078524810939603,22,98,,GO:BP,3.043609022556391,brown,Actin Filament Organization
REACTOME_FORMATION_OF_THE_DYSTROPHIN_GLYCOPROTEIN_COMPLEX_DGC,9.567584402442836e-5,0.0022888605762767093,4.767061477721376,8,18,,Reactome,8.067724867724868,brown,Formation Of The Dystrophin Glycoprotein Complex Dgc
GOBP_ACTIN_FILAMENT_DEPOLYMERIZATION,1.141119523647855e-4,0.004201010394466548,4.197086735819907,9,23,,GO:BP,6.503799392097265,brown,Actin Filament Depolymerization
GOBP_SENSORY_SYSTEM_DEVELOPMENT,1.4689294456890796e-4,0.005214699532196232,3.4701403404001194,11,34,,GO:BP,4.867461430575035,brown,Sensory System Development
GOBP_MUSCLE_ADAPTATION,2.2510219106550413e-4,0.0077155716523831415,3.5752961082910324,10,30,,GO:BP,5.06951871657754,brown,Muscle Adaptation
GOBP_CARDIAC_CELL_DEVELOPMENT,3.474194801702001e-4,0.011139837525457384,4.086052695189751,8,21,,GO:BP,6.196174196174196,brown,Cardiac Cell Development
GOBP_CELLULAR_RESPONSE_TO_ACID_CHEMICAL,7.185629483985279e-4,0.01984032140855935,4.171178793006205,7,18,,GO:BP,6.380382775119617,brown,Cellular Response To Acid Chemical
GOBP_REGULATION_OF_MUSCLE_CELL_DIFFERENTIATION,7.185629483985279e-4,0.01984032140855935,4.171178793006205,7,18,,GO:BP,6.380382775119617,brown,Regulation Of Muscle Cell Differentiation
GOBP_REGULATION_OF_MUSCLE_CONTRACTION,7.912067128947042e-4,0.02125566142209016,2.630878268365099,13,53,,GO:BP,3.313586956521739,brown,Regulation Of Muscle Contraction
GOBP_NEGATIVE_REGULATION_OF_SUPRAMOLECULAR_FIBER_ORGANIZATION,9.016234934090718e-4,0.02358457243285835,2.877677355453758,11,41,,GO:BP,3.717921146953405,brown,Negative Regulation Of Supramolecular Fiber Organization
GOBP_REGULATION_OF_ACTIN_FILAMENT_LENGTH,0.0011542826744124265,0.0286839244591488,2.9794134235758603,10,36,,GO:BP,3.8872891814068287,brown,Regulation Of Actin Filament Length
REACTOME_BINDING_AND_UPTAKE_OF_LIGANDS_BY_SCAVENGER_RECEPTORS,0.0014867125629810392,0.0330262576490788,4.2903553299492385,6,15,,Reactome,6.656195462478185,brown,Binding And Uptake Of Ligands By Scavenger Receptors
GOBP_PROTEIN_CONTAINING_COMPLEX_DISASSEMBLY,0.0014305022224880709,0.03385521926555101,2.3835307388606886,14,63,,GO:BP,2.9149102263856363,brown,Protein Containing Complex Disassembly
GOBP_REGULATION_OF_SUPRAMOLECULAR_FIBER_ORGANIZATION,0.0015827432448737803,0.03658713454429157,2.145177664974619,17,85,,GO:BP,2.566666666666667,brown,Regulation Of Supramolecular Fiber Organization
GOBP_HEART_MORPHOGENESIS,0.0017688450546683848,0.03907182187423054,3.3002733307301835,8,26,,GO:BP,4.463256907701352,brown,Heart Morphogenesis
GOBP_NEGATIVE_REGULATION_OF_PROTEIN_POLYMERIZATION,0.0017688450546683848,0.03907182187423054,3.3002733307301835,8,26,,GO:BP,4.463256907701352,brown,Negative Regulation Of Protein Polymerization
GOBP_RESPONSE_TO_MECHANICAL_STIMULUS,0.0020583421329916024,0.043531746387099,3.5752961082910324,7,21,,GO:BP,5.005263157894737,brown,Response To Mechanical Stimulus
HALLMARK_APICAL_JUNCTION,0.004057907117977173,0.04869488541572607,2.553782934493594,10,42,,Hallmark,3.1483957219251337,brown,Apical Junction
REACTOME_SIGNALING_BY_MET,0.0031345604867430957,0.06498988742514018,3.7856076440728574,6,17,,Reactome,5.4402665397429795,brown,Signaling By Met
GOBP_CELL_SUBSTRATE_ADHESION,0.004306816037037829,0.08463733137999783,2.298404641044235,12,56,,GO:BP,2.7597051597051596,brown,Cell Substrate Adhesion
GOBP_SENSORY_ORGAN_MORPHOGENESIS,0.004342559255915382,0.08463733137999783,3.5752961082910324,6,18,,GO:BP,4.984293193717278,brown,Sensory Organ Morphogenesis
REACTOME_DEVELOPMENTAL_CELL_LINEAGES,0.00586268166520755,0.10859418096923103,3.3871226289072935,6,19,,Reactome,4.598469593233991,brown,Developmental Cell Lineages
REACTOME_CELL_CELL_COMMUNICATION,0.005936016323076937,0.10859418096923103,2.767971180612412,8,31,,Reactome,3.483781918564527,brown,Cell Cell Communication
HALLMARK_UV_RESPONSE_DN,0.016321880383540516,0.14689692345186464,3.154673036727381,5,17,,Hallmark,4.131944444444445,brown,UV Response Dn
GOBP_CARTILAGE_DEVELOPMENT,0.009241101972071128,0.1591731639028307,3.5752961082910324,5,15,,GO:BP,4.963541666666667,brown,Cartilage Development
GOBP_EMBRYONIC_ORGAN_MORPHOGENESIS,0.009241101972071128,0.1591731639028307,3.5752961082910324,5,15,,GO:BP,4.963541666666667,brown,Embryonic Organ Morphogenesis
GOBP_MYOTUBE_CELL_DEVELOPMENT,0.009241101972071128,0.1591731639028307,3.5752961082910324,5,15,,GO:BP,4.963541666666667,brown,Myotube Cell Development
GOBP_BONE_DEVELOPMENT,0.01000920572798781,0.1591731639028307,3.0645395213923132,6,21,,GO:BP,3.981151832460733,brown,Bone Development
GOBP_NUCLEAR_ENVELOPE_ORGANIZATION,0.01000920572798781,0.1591731639028307,3.0645395213923132,6,21,,GO:BP,3.981151832460733,brown,Nuclear Envelope Organization
GOBP_REGULATION_OF_CELLULAR_COMPONENT_SIZE,0.010088439965672368,0.1591731639028307,2.075978385459309,12,62,,GO:BP,2.4207567567567567,brown,Regulation Of Cellular Component Size
GOBP_OSSIFICATION,0.010979013571134025,0.1678944536878034,2.2345600676818953,10,48,,GO:BP,2.642837039121869,brown,Ossification
GOBP_SCHWANN_CELL_DIFFERENTIATION,0.012443256884482473,0.18548833937350354,3.3518401015228427,5,16,,GO:BP,4.509943181818182,brown,Schwann Cell Differentiation
GOBP_NUCLEUS_ORGANIZATION,0.012794052610075116,0.18700370698150814,2.4516316171138506,8,35,,GO:BP,2.961395257691554,brown,Nucleus Organization
GOBP_HEART_PROCESS,0.012981142637549358,0.18700370698150814,2.0111040609137056,12,64,,GO:BP,2.3251559251559253,brown,Heart Process
REACTOME_PLATELET_ACTIVATION_SIGNALING_AND_AGGREGATION,0.011464472919652118,0.1980806154451005,2.043026347594876,12,63,,Reactome,2.372019077901431,brown,Platelet Activation Signaling And Aggregation
GOBP_INTEGRIN_MEDIATED_SIGNALING_PATHWAY,0.01590451409401258,0.21631932134985699,2.798057823879938,6,23,,GO:BP,3.5090853095164767,brown,Integrin Mediated Signaling Pathway
GOBP_PLATELET_ACTIVATION,0.01590451409401258,0.21631932134985699,2.798057823879938,6,23,,GO:BP,3.5090853095164767,brown,Platelet Activation
GOBP_CARDIAC_CHAMBER_DEVELOPMENT,0.016321880383540516,0.21631932134985699,3.154673036727381,5,17,,GO:BP,4.131944444444445,brown,Cardiac Chamber Development
GOBP_SENSORY_PERCEPTION_OF_LIGHT_STIMULUS,0.016321880383540516,0.21631932134985699,3.154673036727381,5,17,,GO:BP,4.131944444444445,brown,Sensory Perception Of Light Stimulus
REACTOME_SENSORY_PROCESSING_OF_SOUND,0.016321880383540516,0.26716341048847897,3.154673036727381,5,17,,Reactome,4.131944444444445,brown,Sensory Processing Of Sound
REACTOME_FACTORS_INVOLVED_IN_MEGAKARYOCYTE_DEVELOPMENT_AND_PLATELET_PRODUCTION,0.019603420515763668,0.29031732287630957,2.681472081218274,6,24,,Reactome,3.31239092495637,brown,Factors Involved In Megakaryocyte Development And Platelet Production
REACTOME_SMOOTH_MUSCLE_CONTRACTION,0.019603420515763668,0.29031732287630957,2.681472081218274,6,24,,Reactome,3.31239092495637,brown,Smooth Muscle Contraction
REACTOME_APOPTOTIC_EXECUTION_PHASE,0.02092931158647329,0.29586435924514515,2.9794134235758603,5,18,,Reactome,3.812099358974359,brown,Apoptotic Execution Phase
GOBP_NEGATIVE_REGULATION_OF_PROTEIN_CONTAINING_COMPLEX_ASSEMBLY,0.024201324029360927,0.31652784322611527,2.200182220486789,8,39,,GO:BP,2.5738180576890253,brown,Negative Regulation Of Protein Containing Complex Assembly
HALLMARK_APOPTOSIS,0.05741224307273223,0.41336815012367206,1.9758215335292546,7,38,,Hallmark,2.2402376910016977,brown,Apoptosis
GOBP_NEURON_APOPTOTIC_PROCESS,0.033574962676755214,0.42786555000890614,2.208271125709167,7,34,,GO:BP,2.5775828460038985,brown,Neuron Apoptotic Process
GOBP_MYOTUBE_DIFFERENTIATION,0.03409208629396656,0.428956123749402,2.383530738860688,6,27,,GO:BP,2.8347045624532536,brown,Myotube Differentiation
GOBP_WOUND_HEALING,0.03779044645282187,0.46954629717631174,1.739333241871313,12,74,,GO:BP,1.9396687009590234,brown,Wound Healing
GOBP_SENSORY_PERCEPTION_OF_MECHANICAL_STIMULUS,0.03952989263050301,0.485095225613827,2.553782934493594,5,21,,GO:BP,3.0924479166666665,brown,Sensory Perception Of Mechanical Stimulus
GOSLIM_WOUND_HEALING,0.060702775705568104,0.5058564642130676,1.6617573461070996,11,71,,GO Slim,1.8293906810035843,brown,Wound Healing
GOBP_NEGATIVE_REGULATION_OF_ORGANELLE_ORGANIZATION,0.042300621427634924,0.5127660695008428,1.7609667399045381,11,67,,GO:BP,1.9642857142857142,brown,Negative Regulation Of Organelle Organization
GOBP_NEURON_PROJECTION_GUIDANCE,0.0440500191028429,0.521258559383641,2.8602368866328254,4,15,,GO:BP,3.5892604804521904,brown,Neuron Projection Guidance
GOBP_RETINA_DEVELOPMENT_IN_CAMERA_TYPE_EYE,0.0440500191028429,0.521258559383641,2.8602368866328254,4,15,,GO:BP,3.5892604804521904,brown,Retina Development In Camera Type Eye
GOBP_PROTEIN_DNA_COMPLEX_ORGANIZATION,0.054585606508963096,0.6236562398840151,2.681472081218274,4,16,,GO:BP,3.2884283246977546,brown,Protein DNA Complex Organization
GOBP_REGULATION_OF_ATP_DEPENDENT_ACTIVITY,0.054585606508963096,0.6236562398840151,2.681472081218274,4,16,,GO:BP,3.2884283246977546,brown,Regulation Of ATP Dependent Activity
GOBP_CELL_SUBSTRATE_JUNCTION_ORGANIZATION,0.06579108096631363,0.7248451245845327,2.2345600676818953,5,24,,GO:BP,2.6000548245614037,brown,Cell Substrate Junction Organization
GOBP_GLIAL_CELL_DEVELOPMENT,0.06579108096631363,0.7248451245845327,2.2345600676818953,5,24,,GO:BP,2.6000548245614037,brown,Glial Cell Development
GOBP_RESPIRATORY_SYSTEM_DEVELOPMENT,0.06579108096631363,0.7248451245845327,2.2345600676818953,5,24,,GO:BP,2.6000548245614037,brown,Respiratory System Development
GOBP_REGULATION_OF_CALCIUM_MEDIATED_SIGNALING,0.06635906070140088,0.7248451245845327,2.5237384293819045,4,17,,GO:BP,3.033878039059386,brown,Regulation Of Calcium Mediated Signaling
REACTOME_MITOTIC_PROPHASE,0.05616865170578244,0.7278521116874308,2.3317148532332816,5,23,,Reactome,2.745949074074074,brown,Mitotic Prophase
GOBP_POSITIVE_REGULATION_OF_ACTIN_FILAMENT_BUNDLE_ASSEMBLY,0.07933898901995155,0.8572060335416505,2.383530738860688,4,18,,GO:BP,2.8156920799407845,brown,Positive Regulation Of Actin Filament Bundle Assembly
GOSLIM_CYTOKINESIS,0.14936616071377526,0.8593664758889964,1.650136665365092,6,39,,GO Slim,1.7924797715373633,brown,Cytokinesis
GOSLIM_TELOMERE_ORGANIZATION,0.17187329517779928,0.8593664758889964,1.6759200507614214,5,32,,GO Slim,1.8219521604938271,brown,Telomere Organization
REACTOME_SIGNALING_BY_BRAF_AND_RAF1_FUSIONS,0.07627671905567383,0.9488823850525825,2.1451776649746193,5,25,,Reactome,2.46875,brown,Signaling By Braf And Raf1 Fusions
GOBP_AUTOPHAGOSOME_MATURATION,0.0934799858668538,0.9780958521226597,2.258081752604862,4,19,,GO:BP,2.6265975820379968,brown,Autophagosome Maturation
REACTOME_TRANSLATION_OF_SARS_COV_2_STRUCTURAL_PROTEINS,1.354880302420758e-4,0.042136777405285576,9.02991452991453,5,15,,Reactome,13.86986301369863,magenta,Translation Of Sars Cov 2 Structural Proteins
KEGG_MEDICUS_REFERENCE_26S_PROTEASOME_MEDIATED_PROTEIN_DEGRADATION,0.00723672319316899,0.04306588375309929,3.9837858220211153,5,34,,KEGG,4.737836561171469,magenta,Reference 26s Proteasome Mediated Protein Degradation
REACTOME_CIRCADIAN_CLOCK,7.85690949373575e-4,0.06541386982766241,4.409958258795468,7,43,,Reactome,5.474569640062597,magenta,Circadian Clock
REACTOME_GLUCONEOGENESIS,0.0017210443083216344,0.06541386982766241,7.223931623931624,4,15,,Reactome,9.945945945945946,magenta,Gluconeogenesis
REACTOME_ABC_FAMILY_PROTEINS_MEDIATED_TRANSPORT,0.0022402392146248073,0.06541386982766241,4.277327935222672,6,38,,Reactome,5.216145833333333,magenta,Abc Family Proteins Mediated Transport
REACTOME_TRANSCRIPTIONAL_REGULATION_BY_RUNX1,0.0037841267131797085,0.06541386982766241,3.86996336996337,6,42,,Reactome,4.627314814814815,magenta,Transcriptional Regulation By Runx1
REACTOME_INTERLEUKIN_1_SIGNALING,0.0048014326017991465,0.06541386982766241,3.694055944055944,6,44,,Reactome,4.379385964912281,magenta,Interleukin 1 Signaling
REACTOME_ASYMMETRIC_LOCALIZATION_OF_PCP_PROTEINS,0.005548292753703573,0.06541386982766241,4.232772435897435,5,32,,Reactome,5.093860984271943,magenta,Asymmetric Localization Of Pcp Proteins
REACTOME_TRANSCRIPTIONAL_REGULATION_BY_RUNX3,0.005548292753703573,0.06541386982766241,4.232772435897435,5,32,,Reactome,5.093860984271943,magenta,Transcriptional Regulation By Runx3
REACTOME_APC_C_CDH1_MEDIATED_DEGRADATION_OF_CDC20_AND_OTHER_APC_C_CDH1_TARGETED_PROTEINS_IN_LATE_MITOSIS_EARLY_G1,0.0063530759961003365,0.06541386982766241,4.104506604506604,5,33,,Reactome,4.909491193737769,magenta,Apc C Cdh1 Mediated Degradation Of Cdc20 And Other Apc C Cdh1 Targeted Proteins In Late Mitosis Early G1
REACTOME_HEDGEHOG_ON_STATE,0.0063530759961003365,0.06541386982766241,4.104506604506604,5,33,,Reactome,4.909491193737769,magenta,Hedgehog On State
REACTOME_CYCLIN_A_CDK2_ASSOCIATED_EVENTS_AT_S_PHASE_ENTRY,0.008203025476780817,0.06541386982766241,3.86996336996337,5,35,,Reactome,4.577625570776256,magenta,Cyclin A Cdk2 Associated Events At S Phase Entry
REACTOME_ORC1_REMOVAL_FROM_CHROMATIN,0.008203025476780817,0.06541386982766241,3.86996336996337,5,35,,Reactome,4.577625570776256,magenta,Orc1 Removal From Chromatin
REACTOME_SIGNALING_BY_NOTCH4,0.008203025476780817,0.06541386982766241,3.86996336996337,5,35,,Reactome,4.577625570776256,magenta,Signaling By Notch4
REACTOME_TNFR2_NON_CANONICAL_NF_KB_PATHWAY,0.008203025476780817,0.06541386982766241,3.86996336996337,5,35,,Reactome,4.577625570776256,magenta,Tnfr2 Non Canonical NF-kB Pathway
REACTOME_UB_SPECIFIC_PROCESSING_PROTEASES,0.010951371709492353,0.07538106541305657,3.1257396449704147,6,52,,Reactome,3.6032608695652173,magenta,Ub Specific Processing Proteases
REACTOME_METABOLISM_OF_CARBOHYDRATES_AND_CARBOHYDRATE_DERIVATIVES,0.01124318775140477,0.07538106541305657,2.788650075414781,7,68,,Reactome,3.190487185407527,magenta,Metabolism Of Carbohydrates And Carbohydrate Derivatives
REACTOME_CELLULAR_RESPONSE_TO_HYPOXIA,0.011634376655391368,0.07538106541305657,3.5644399460188927,5,38,,Reactome,4.155251141552512,magenta,Cellular Response To Hypoxia
REACTOME_UCH_PROTEINASES,0.011634376655391368,0.07538106541305657,3.5644399460188927,5,38,,Reactome,4.155251141552512,magenta,Uch Proteinases
REACTOME_NEUTROPHIL_DEGRANULATION,0.012497244373666389,0.07755422317041923,2.0317307692307693,12,160,,Reactome,2.3181818181818183,magenta,Neutrophil Degranulation
REACTOME_DEGRADATION_OF_BETA_CATENIN_BY_THE_DESTRUCTION_COMPLEX,0.012967265610488101,0.07755422317041923,3.4730440499671267,5,39,,Reactome,4.03102336825141,magenta,Degradation Of Beta Catenin By The Destruction Complex
REACTOME_FCERI_MEDIATED_NF_KB_ACTIVATION,0.012967265610488101,0.07755422317041923,3.4730440499671267,5,39,,Reactome,4.03102336825141,magenta,Fceri Mediated NF-kB Activation
REACTOME_NEDDYLATION,0.01411269643896066,0.0799725862475622,2.6708197905381006,7,71,,Reactome,3.03631161971831,magenta,Neddylation
REACTOME_DOWNSTREAM_SIGNALING_EVENTS_OF_B_CELL_RECEPTOR_BCR,0.01440020845615268,0.0799725862475622,3.3862179487179485,5,40,,Reactome,3.9138943248532287,magenta,Downstream Signaling Events Of B Cell Receptor Bcr
REACTOME_DOWNSTREAM_TCR_SIGNALING,0.01440020845615268,0.0799725862475622,3.3862179487179485,5,40,,Reactome,3.9138943248532287,magenta,Downstream Tcr Signaling
REACTOME_DISORDERS_OF_TRANSMEMBRANE_TRANSPORTERS,0.015936299838116105,0.0812490040926903,3.3036272670419007,5,41,,Reactome,3.8032724505327247,magenta,Disorders Of Transmembrane Transporters
REACTOME_MAPK6_MAPK4_SIGNALING,0.015936299838116105,0.0812490040926903,3.3036272670419007,5,41,,Reactome,3.8032724505327247,magenta,Mapk6 Mapk4 Signaling
REACTOME_S_PHASE,0.015936299838116105,0.0812490040926903,3.3036272670419007,5,41,,Reactome,3.8032724505327247,magenta,S Phase
REACTOME_THE_ROLE_OF_GTSE1_IN_G2_M_PROGRESSION_AFTER_G2_CHECKPOINT,0.015936299838116105,0.0812490040926903,3.3036272670419007,5,41,,Reactome,3.8032724505327247,magenta,The Role Of Gtse1 In G2 M Progression After G2 Checkpoint
REACTOME_TRANSCRIPTIONAL_REGULATION_BY_RUNX2,0.015936299838116105,0.0812490040926903,3.3036272670419007,5,41,,Reactome,3.8032724505327247,magenta,Transcriptional Regulation By Runx2
REACTOME_DNA_REPLICATION_PRE_INITIATION,0.017578485395539935,0.08817595093569226,3.2249694749694746,5,42,,Reactome,3.6986301369863015,magenta,DNA Replication Pre Initiation
REACTOME_GLUCOSE_METABOLISM,0.017931380464103454,0.08851840197359007,3.86996336996337,4,28,,Reactome,4.5292792792792795,magenta,Glucose Metabolism
REACTOME_PTEN_REGULATION,0.01932955458709221,0.08972375338187578,3.1499701848539057,5,43,,Reactome,3.599495313626532,magenta,Pten Regulation
REACTOME_SEPARATION_OF_SISTER_CHROMATIDS,0.019753226828420126,0.0903419638770391,2.7548891786179923,6,59,,Reactome,3.1163522012578615,magenta,Separation Of Sister Chromatids
REACTOME_HEDGEHOG_OFF_STATE,0.021192134328796457,0.09282751797543237,3.078379953379953,5,44,,Reactome,3.5054443273621354,magenta,Hedgehog Off State
REACTOME_SIGNALING_BY_NOTCH,0.021192134328796457,0.09282751797543237,3.078379953379953,5,44,,Reactome,3.5054443273621354,magenta,Signaling By Notch
REACTOME_REGULATION_OF_MRNA_STABILITY_BY_PROTEINS_THAT_BIND_AU_RICH_ELEMENTS,0.02526148777446692,0.10107949097972839,2.944537346711259,5,46,,Reactome,3.331105913798864,magenta,Regulation Of Mrna Stability By Proteins That Bind Au Rich Elements
REACTOME_TCF_DEPENDENT_SIGNALING_IN_RESPONSE_TO_WNT,0.02526148777446692,0.10107949097972839,2.944537346711259,5,46,,Reactome,3.331105913798864,magenta,Tcf Dependent Signaling In Response To Wnt
REACTOME_FORMATION_OF_PARAXIAL_MESODERM,0.02535112635504442,0.10107949097972839,3.4954507857733663,4,31,,Reactome,4.02002002002002,magenta,Formation Of Paraxial Mesoderm
REACTOME_GASTRULATION,0.02535112635504442,0.10107949097972839,3.4954507857733663,4,31,,Reactome,4.02002002002002,magenta,Gastrulation
REACTOME_C_TYPE_LECTIN_RECEPTORS_CLRS,0.0274726563200153,0.10548143352499702,2.881887615930169,5,47,,Reactome,3.250163078930202,magenta,C Type Lectin Receptors Clrs
REACTOME_G2_M_CHECKPOINTS,0.0274726563200153,0.10548143352499702,2.881887615930169,5,47,,Reactome,3.250163078930202,magenta,G2 M Checkpoints
REACTOME_MITOTIC_G2_G2_M_PHASES,0.028412837970260015,0.10776088547257151,2.5396634615384617,6,64,,Reactome,2.8405172413793105,magenta,Mitotic G2 G2 M Phases
REACTOME_METABOLISM_OF_POLYAMINES,0.031190726940732463,0.11547995331628329,3.2836052836052834,4,33,,Reactome,3.739049394221808,magenta,Metabolism Of Polyamines
REACTOME_ANTIGEN_PROCESSING_CROSS_PRESENTATION,0.03225761777804841,0.11665254801131461,2.7642595499738354,5,49,,Reactome,3.0993150684931505,magenta,Antigen Processing Cross Presentation
REACTOME_NUCLEAR_EVENTS_MEDIATED_BY_NFE2L2,0.03225761777804841,0.11665254801131461,2.7642595499738354,5,49,,Reactome,3.0993150684931505,magenta,Nuclear Events Mediated By Nfe2l2
REACTOME_BETA_CATENIN_INDEPENDENT_WNT_SIGNALING,0.03483471738064197,0.12310905801567787,2.7089743589743587,5,50,,Reactome,3.0289193302891935,magenta,Beta Catenin Independent Wnt Signaling
REACTOME_ANTIGEN_PROCESSING_UBIQUITINATION_PROTEASOME_DEGRADATION,0.04429169234524899,0.15137050900409268,2.289274106175515,6,71,,Reactome,2.5256410256410255,magenta,Antigen Processing Ubiquitination Proteasome Degradation
REACTOME_PROTEASOME_ASSEMBLY,0.04900930343681953,0.16567275400924864,2.8515519568151144,4,38,,Reactome,3.181240063593005,magenta,Proteasome Assembly
REACTOME_TRANSLATION,0.05863340059482512,0.1939892296275597,1.6740852780178623,11,178,,Reactome,1.8364465099651444,magenta,Translation
GOSLIM_GLYCOPROTEIN_METABOLIC_PROCESS,0.008916726158197337,0.22291815395493342,4.711259754738015,4,23,,GO Slim,5.735419630156472,magenta,Glycoprotein Metabolic Process
REACTOME_M_PHASE,0.07236467110722339,0.2320145640654276,1.8962820512820513,7,100,,Reactome,2.058761169165531,magenta,M Phase
REACTOME_RHOA_GTPASE_CYCLE,0.07497384427825163,0.23618825180320943,3.00997150997151,3,27,,Reactome,3.3516666666666666,magenta,Rhoa Gtpase Cycle
REACTOME_PROGRAMMED_CELL_DEATH,0.07518532774443001,0.23618825180320943,2.00664767331434,6,81,,Reactome,2.1777777777777776,magenta,Programmed Cell Death
REACTOME_INTRACELLULAR_SIGNALING_BY_SECOND_MESSENGERS,0.07995724246500634,0.2486670240661697,2.1499796499796497,5,63,,Reactome,2.334671705243269,magenta,Intracellular Signaling By Second Messengers
REACTOME_ASPARAGINE_N_LINKED_GLYCOSYLATION,0.09846264520301608,0.30318695701126736,1.8682581786030064,6,87,,Reactome,2.0102880658436213,magenta,Asparagine N Linked Glycosylation
REACTOME_REGULATED_NECROSIS,0.10359726475150939,0.31065163952665314,3.611965811965812,2,15,,Reactome,4.093117408906883,magenta,Regulated Necrosis
REACTOME_TRANSCRIPTION_COUPLED_NUCLEOTIDE_EXCISION_REPAIR_TC_NER,0.10359726475150939,0.31065163952665314,3.611965811965812,2,15,,Reactome,4.093117408906883,magenta,Transcription Coupled Nucleotide Excision Repair Tc Ner
REACTOME_MITOCHONDRIAL_TRANSLATION,0.10388350646550458,0.31065163952665314,2.6215880893300247,3,31,,Reactome,2.867142857142857,magenta,Mitochondrial Translation
REACTOME_SARS_COV_1_MODULATES_HOST_TRANSLATION_MACHINERY,0.11171489307395609,0.32776728062264476,2.5396634615384617,3,32,,Reactome,2.766896551724138,magenta,Sars Cov 1 Modulates Host Translation Machinery
REACTOME_DNA_DAMAGE_RECOGNITION_IN_GG_NER,0.11566004654732766,0.3330580970020269,3.386217948717949,2,16,,Reactome,3.7988721804511276,magenta,DNA Damage Recognition In Gg Ner
REACTOME_GLYCOGEN_METABOLISM,0.1280606859416872,0.365384158971236,3.1870286576168927,2,17,,Reactome,3.543859649122807,magenta,Glycogen Metabolism
REACTOME_CELLULAR_RESPONSE_TO_CHEMICAL_STRESS,0.12995957435784947,0.36743116022991984,1.7291325695581017,6,94,,Reactome,1.84375,magenta,Cellular Response To Chemical Stress
REACTOME_MAPK1_MAPK3_SIGNALING,0.13464561785143697,0.37725033470087294,1.83038808038808,5,74,,Reactome,1.9515584673416717,magenta,Mapk1 Mapk3 Signaling
REACTOME_REGULATION_OF_TP53_ACTIVITY,0.15371575620248976,0.42683571588369923,2.8515519568151144,2,19,,Reactome,3.123839009287926,magenta,Regulation Of Tp53 Activity
REACTOME_RAC3_GTPASE_CYCLE,0.16689633750061325,0.45933416781142233,2.708974358974359,2,20,,Reactome,2.948830409356725,magenta,Rac3 Gtpase Cycle
REACTOME_SIGNALING_BY_INTERLEUKINS,0.17121367812463242,0.4670829289189533,1.5935143288084466,6,102,,Reactome,1.6831597222222223,magenta,Signaling By Interleukins
REACTOME_RESPIRATORY_ELECTRON_TRANSPORT,0.18797800218808222,0.5069662548812789,1.547985347985348,6,105,,Reactome,1.6296296296296295,magenta,Respiratory Electron Transport
REACTOME_TRANSCRIPTIONAL_REGULATION_BY_TP53,0.1932841721241975,0.5107670003182736,1.7477253928866832,4,62,,Reactome,1.8424976700838769,magenta,Transcriptional Regulation By Tp53
REACTOME_CELL_JUNCTION_ORGANIZATION,0.1937958393490556,0.5107670003182736,2.4627039627039626,2,22,,Reactome,2.651315789473684,magenta,Cell Junction Organization
REACTOME_CLATHRIN_MEDIATED_ENDOCYTOSIS,0.20041796268371487,0.5194165532886277,1.934981684981685,3,42,,Reactome,2.0471794871794873,magenta,Clathrin Mediated Endocytosis
REACTOME_MITOCHONDRIAL_BIOGENESIS,0.20041796268371487,0.5194165532886277,1.934981684981685,3,42,,Reactome,2.0471794871794873,magenta,Mitochondrial Biogenesis
REACTOME_GLOBAL_GENOME_NUCLEOTIDE_EXCISION_REPAIR_GG_NER,0.20745393592215525,0.5245380005836608,2.3556298773690076,2,23,,Reactome,2.5238095238095237,magenta,Global Genome Nucleotide Excision Repair Gg Ner
REACTOME_REGULATION_OF_PLK1_ACTIVITY_AT_G2_M_TRANSITION,0.20745393592215525,0.5245380005836608,2.3556298773690076,2,23,,Reactome,2.5238095238095237,magenta,Regulation Of Plk1 Activity At G2 M Transition
REACTOME_METABOLISM_OF_AMINO_ACIDS_AND_DERIVATIVES,0.21482500418559367,0.5387949701751583,1.3544871794871796,9,180,,Reactome,1.421815408085431,magenta,Metabolism Of Amino Acids And Derivatives
REACTOME_REGULATION_OF_EXPRESSION_OF_SLITS_AND_ROBOS,0.2294463532794605,0.5708625269592977,1.451236263736264,6,112,,Reactome,1.5165094339622642,magenta,Regulation Of Expression Of Slits And Robos
REACTOME_ESR_MEDIATED_SIGNALING,0.23504919798650153,0.5755929179039526,2.167179487179487,2,25,,Reactome,2.3020594965675056,magenta,Esr Mediated Signaling
REACTOME_CRISTAE_FORMATION,0.26285370667243013,0.6337015719001997,2.00664767331434,2,27,,Reactome,2.1157894736842104,magenta,Cristae Formation
REACTOME_COMPLEX_I_BIOGENESIS,0.26998309425663747,0.6409522314031623,1.6585557299843015,3,49,,Reactome,1.7295652173913043,magenta,Complex I Biogenesis
REACTOME_INTRA_GOLGI_AND_RETROGRADE_GOLGI_TO_ER_TRAFFIC,0.26998309425663747,0.6409522314031623,1.6585557299843015,3,49,,Reactome,1.7295652173913043,magenta,Intra Golgi And Retrograde Golgi To Er Traffic
KEGG_MEDICUS_REFERENCE_MITOCHONDRIAL_COMPLEX_UCP1_IN_THERMOGENESIS,0.28018430305531916,0.6413377797400344,1.6253846153846154,3,50,,KEGG,1.6919148936170212,magenta,Reference Mitochondrial Complex Ucp1 In Thermogenesis
KEGG_MEDICUS_REFERENCE_ELECTRON_TRANSFER_IN_COMPLEX_I,0.4514810014353151,0.6413377797400344,1.3214509068167604,2,41,,KEGG,1.3468286099865048,magenta,Reference Electron Transfer In Complex I
KEGG_MEDICUS_REFERENCE_DYNEIN_RECRUITMENT_TO_THE_KINETOCHORE,0.4533761609625464,0.6413377797400344,1.6931089743589745,1,16,,KEGG,1.748917748917749,magenta,Reference Dynein Recruitment To The Kinetochore
KEGG_MEDICUS_REFERENCE_GLYCOLYSIS,0.4533761609625464,0.6413377797400344,1.6931089743589745,1,16,,KEGG,1.748917748917749,magenta,Reference Glycolysis
REACTOME_SARS_COV_1_HOST_INTERACTIONS,0.30069449272891885,0.708454448777983,1.5628698224852073,3,52,,Reactome,1.6212244897959183,magenta,Sars Cov 1 Host Interactions
REACTOME_ORGANELLE_BIOGENESIS_AND_MAINTENANCE,0.3159620643927389,0.73472250044121,1.4072594072594071,4,77,,Reactome,1.452795261014439,magenta,Organelle Biogenesis And Maintenance
REACTOME_SRP_DEPENDENT_COTRANSLATIONAL_PROTEIN_TARGETING_TO_MEMBRANE,0.3502346656360811,0.7836185684375626,1.3377651155428933,4,81,,Reactome,1.3745173745173744,magenta,Srp Dependent Cotranslational Protein Targeting To Membrane
REACTOME_DNA_REPAIR,0.4128863449770455,0.8903021793735507,1.4257759784075572,2,38,,Reactome,1.4612573099415205,magenta,DNA Repair
REACTOME_RHO_GTPASE_CYCLE,0.4272869991060847,0.8903021793735507,1.2039886039886039,4,90,,Reactome,1.2250157133878063,magenta,Rho Gtpase Cycle
REACTOME_ANTIGEN_PRESENTATION_FOLDING_ASSEMBLY_AND_PEPTIDE_LOADING_OF_CLASS_I_MHC,0.43226890381159533,0.8903021793735507,1.805982905982906,1,15,,Reactome,1.8747680890538034,magenta,Antigen Presentation Folding Assembly And Peptide Loading Of Class I Mhc
REACTOME_ENDOSOMAL_SORTING_COMPLEX_REQUIRED_FOR_TRANSPORT_ESCRT,0.43226890381159533,0.8903021793735507,1.805982905982906,1,15,,Reactome,1.8747680890538034,magenta,Endosomal Sorting Complex Required For Transport Escrt
REACTOME_HSF1_ACTIVATION,0.43226890381159533,0.8903021793735507,1.805982905982906,1,15,,Reactome,1.8747680890538034,magenta,Hsf1 Activation
REACTOME_INTERLEUKIN_17_SIGNALING,0.43226890381159533,0.8903021793735507,1.805982905982906,1,15,,Reactome,1.8747680890538034,magenta,Interleukin 17 Signaling
REACTOME_RAB_GERANYLGERANYLATION,0.43226890381159533,0.8903021793735507,1.805982905982906,1,15,,Reactome,1.8747680890538034,magenta,Rab Geranylgeranylation
REACTOME_REGULATION_OF_PYRUVATE_METABOLISM,0.43226890381159533,0.8903021793735507,1.805982905982906,1,15,,Reactome,1.8747680890538034,magenta,Regulation Of Pyruvate Metabolism
REACTOME_RHOD_GTPASE_CYCLE,0.43226890381159533,0.8903021793735507,1.805982905982906,1,15,,Reactome,1.8747680890538034,magenta,Rhod Gtpase Cycle
REACTOME_TGF_BETA_RECEPTOR_SIGNALING_ACTIVATES_SMADS,0.43226890381159533,0.8903021793735507,1.805982905982906,1,15,,Reactome,1.8747680890538034,magenta,TGF Beta Receptor Signaling Activates Smads
REACTOME_ASSEMBLY_OF_COLLAGEN_FIBRILS_AND_OTHER_MULTIMERIC_STRUCTURES,0.4533761609625464,0.8980890831805856,1.6931089743589745,1,16,,Reactome,1.748917748917749,magenta,Assembly Of Collagen Fibrils And Other Multimeric Structures
REACTOME_COMPLEX_III_ASSEMBLY,0.4533761609625464,0.8980890831805856,1.6931089743589745,1,16,,Reactome,1.748917748917749,magenta,Complex Iii Assembly
REACTOME_DEATH_RECEPTOR_SIGNALING,0.4533761609625464,0.8980890831805856,1.6931089743589745,1,16,,Reactome,1.748917748917749,magenta,Death Receptor Signaling
REACTOME_NCAM_SIGNALING_FOR_NEURITE_OUT_GROWTH,0.4533761609625464,0.8980890831805856,1.6931089743589745,1,16,,Reactome,1.748917748917749,magenta,Ncam Signaling For Neurite Out Growth
REACTOME_PINK1_PRKN_MEDIATED_MITOPHAGY,0.4533761609625464,0.8980890831805856,1.6931089743589745,1,16,,Reactome,1.748917748917749,magenta,Pink1 Prkn Mediated Mitophagy
REACTOME_IRON_UPTAKE_AND_TRANSPORT,0.4737083781513499,0.9038239607672995,1.5935143288084463,1,17,,Reactome,1.6387987012987013,magenta,Iron Uptake And Transport
REACTOME_RHOC_GTPASE_CYCLE,0.4737083781513499,0.9038239607672995,1.5935143288084463,1,17,,Reactome,1.6387987012987013,magenta,Rhoc Gtpase Cycle
REACTOME_SIGNALING_BY_MET,0.4737083781513499,0.9038239607672995,1.5935143288084463,1,17,,Reactome,1.6387987012987013,magenta,Signaling By Met
REACTOME_FORMATION_OF_THE_DYSTROPHIN_GLYCOPROTEIN_COMPLEX_DGC,0.4932936579720538,0.9101798808818701,1.504985754985755,1,18,,Reactome,1.5416348357524827,magenta,Formation Of The Dystrophin Glycoprotein Complex Dgc
REACTOME_RAB_GEFS_EXCHANGE_GTP_FOR_GDP_ON_RABS,0.4932936579720538,0.9101798808818701,1.504985754985755,1,18,,Reactome,1.5416348357524827,magenta,Rab Gefs Exchange Gtp For Gdp On Rabs
REACTOME_SLC_MEDIATED_TRANSMEMBRANE_TRANSPORT,0.4932936579720538,0.9101798808818701,1.504985754985755,1,18,,Reactome,1.5416348357524827,magenta,Slc Mediated Transmembrane Transport
REACTOME_AGGREPHAGY,0.5121590969592517,0.9101798808818701,1.4257759784075572,1,19,,Reactome,1.4552669552669553,magenta,Aggrephagy
REACTOME_GOLGI_ASSOCIATED_VESICLE_BIOGENESIS,0.5121590969592517,0.9101798808818701,1.4257759784075572,1,19,,Reactome,1.4552669552669553,magenta,Golgi Associated Vesicle Biogenesis
REACTOME_PEROXISOMAL_PROTEIN_IMPORT,0.5121590969592517,0.9101798808818701,1.4257759784075572,1,19,,Reactome,1.4552669552669553,magenta,Peroxisomal Protein Import
REACTOME_UNFOLDED_PROTEIN_RESPONSE_UPR,0.5121590969592517,0.9101798808818701,1.4257759784075572,1,19,,Reactome,1.4552669552669553,magenta,Unfolded Protein Response Upr
KEGG_MEDICUS_REFERENCE_TRANSLATION_INITIATION,0.7404302393738553,0.9146491192265273,0.773992673992674,2,70,,KEGG,0.7612229102167183,magenta,Reference Translation Initiation
REACTOME_PHASE_I_FUNCTIONALIZATION_OF_COMPOUNDS,0.5303308211412852,0.926104193545461,1.3544871794871796,1,20,,Reactome,1.3779904306220097,magenta,Phase I Functionalization Of Compounds
REACTOME_BIOLOGICAL_OXIDATIONS,0.5357185569694485,0.926104193545461,1.1287393162393162,2,48,,Reactome,1.1378718535469108,magenta,Biological Oxidations
REACTOME_FCGAMMA_RECEPTOR_FCGR_DEPENDENT_PHAGOCYTOSIS,0.5478340203534114,0.926104193545461,1.2899877899877898,1,21,,Reactome,1.3084415584415585,magenta,Fcgamma Receptor Fcgr Dependent Phagocytosis
REACTOME_PROTEIN_UBIQUITINATION,0.5478340203534114,0.926104193545461,1.2899877899877898,1,21,,Reactome,1.3084415584415585,magenta,Protein Ubiquitination
REACTOME_RAC1_GTPASE_CYCLE,0.5478340203534114,0.926104193545461,1.2899877899877898,1,21,,Reactome,1.3084415584415585,magenta,Rac1 Gtpase Cycle
REACTOME_SARS_COV_2_ACTIVATES_MODULATES_INNATE_AND_ADAPTIVE_IMMUNE_RESPONSES,0.5478340203534114,0.926104193545461,1.2899877899877898,1,21,,Reactome,1.3084415584415585,magenta,Sars Cov 2 Activates Modulates Innate And Adaptive Immune Responses
REACTOME_TRANSCRIPTIONAL_AND_POST_TRANSLATIONAL_REGULATION_OF_MITF_M_EXPRESSION_AND_ACTIVITY,0.5478340203534114,0.926104193545461,1.2899877899877898,1,21,,Reactome,1.3084415584415585,magenta,Transcriptional And Post Translational Regulation Of Mitf M Expression And Activity
REACTOME_CYTOPROTECTION_BY_HMOX1,0.5646929813536188,0.9292037947141558,1.2313519813519813,1,22,,Reactome,1.2455163883735312,magenta,Cytoprotection By Hmox1
REACTOME_CYTOSOLIC_TRNA_AMINOACYLATION,0.5809311197823217,0.9459140222633615,1.1778149386845038,1,23,,Reactome,1.1883116883116882,magenta,Cytosolic Trna Aminoacylation
REACTOME_MITOTIC_PROPHASE,0.5809311197823217,0.9459140222633615,1.1778149386845038,1,23,,Reactome,1.1883116883116882,magenta,Mitotic Prophase
REACTOME_COPI_DEPENDENT_GOLGI_TO_ER_RETROGRADE_TRAFFIC,0.5965710110057566,0.9465999205244403,1.1287393162393162,1,24,,Reactome,1.1360813099943534,magenta,Copi Dependent Golgi To Er Retrograde Traffic
REACTOME_COPII_MEDIATED_VESICLE_TRANSPORT,0.5965710110057566,0.9465999205244403,1.1287393162393162,1,24,,Reactome,1.1360813099943534,magenta,Copii Mediated Vesicle Transport
REACTOME_AUTOPHAGY,0.6006976378715371,0.9483094689241016,1.00332383665717,2,54,,Reactome,1.0035425101214575,magenta,Autophagy
REACTOME_CITRIC_ACID_CYCLE_TCA_CYCLE,0.6116344198815588,0.9545601199481659,1.0835897435897435,1,25,,Reactome,1.0882034632034632,magenta,Citric Acid Cycle Tca Cycle
REACTOME_METABOLISM_OF_STEROIDS,0.6116344198815588,0.9545601199481659,1.0835897435897435,1,25,,Reactome,1.0882034632034632,magenta,Metabolism Of Steroids
REACTOME_CELLULAR_RESPONSE_TO_STARVATION,0.6245082344804744,0.9545601199481659,0.9449910554561719,3,86,,Reactome,0.9407228915662651,magenta,Cellular Response To Starvation
REACTOME_EPH_EPHRIN_SIGNALING,0.6261423294836844,0.9545601199481659,1.041913214990138,1,26,,Reactome,1.044155844155844,magenta,Eph Ephrin Signaling
REACTOME_SIGNALING_BY_TGF_BETA_RECEPTOR_COMPLEX,0.6261423294836844,0.9545601199481659,1.041913214990138,1,26,,Reactome,1.044155844155844,magenta,Signaling By TGF Beta Receptor Complex
REACTOME_COPI_INDEPENDENT_GOLGI_TO_ER_RETROGRADE_TRAFFIC,0.6401149688225788,0.9570949774222212,1.00332383665717,1,27,,Reactome,1.0034965034965035,magenta,Copi Independent Golgi To Er Retrograde Traffic
REACTOME_PKR_MEDIATED_SIGNALING,0.6401149688225788,0.9570949774222212,1.00332383665717,1,27,,Reactome,1.0034965034965035,magenta,Pkr Mediated Signaling
REACTOME_RHOG_GTPASE_CYCLE,0.6401149688225788,0.9570949774222212,1.00332383665717,1,27,,Reactome,1.0034965034965035,magenta,Rhog Gtpase Cycle
REACTOME_NON_INTEGRIN_MEMBRANE_ECM_INTERACTIONS,0.6535718395952724,0.9679087719720464,0.9674908424908425,1,28,,Reactome,0.9658489658489658,magenta,Non Integrin Membrane Ecm Interactions
REACTOME_ION_CHANNEL_TRANSPORT,0.6665317419989026,0.9795396406249807,0.9341290893015031,1,29,,Reactome,0.9308905380333952,magenta,Ion Channel Transport
REACTOME_TOLL_LIKE_RECEPTOR_CASCADES,0.6790127996400185,0.9914224445448157,0.902991452991453,1,30,,Reactome,0.8983430362740707,magenta,Toll Like Receptor Cascades
REACTOME_PLATELET_ACTIVATION_SIGNALING_AND_AGGREGATION,0.6851594474926799,0.9957223746272124,0.85999185999186,2,63,,Reactome,0.8515962036238136,magenta,Platelet Activation Signaling And Aggregation
REACTOME_HSP90_CHAPERONE_CYCLE_FOR_STEROID_HORMONE_RECEPTORS_SHR_IN_THE_PRESENCE_OF_LIGAND,8.372331791429646e-12,2.60379518713462e-9,5.000338066260987,21,34,,Reactome,12.377884615384616,blue,Hsp90 Chaperone Cycle For Steroid Hormone Receptors Shr In The Presence Of Ligand
GOSLIM_PROTEIN_FOLDING,1.0741132654584693e-9,2.6852831636461733e-8,2.96845466155811,33,90,,GO Slim,4.5579409048938135,blue,Protein Folding
REACTOME_MHC_CLASS_II_ANTIGEN_PRESENTATION,7.671069285941119e-10,1.192851273963844e-7,4.047892720306514,22,44,,Reactome,7.656903765690377,blue,Mhc Class Ii Antigen Presentation
KEGG_MEDICUS_REFERENCE_RAB7_REGULATED_MICROTUBULE_MINUS_END_DIRECTED_TRANSPORT,7.604791961480855e-9,1.5970063119109796e-7,5.059865900383142,15,24,,KEGG,12.486449864498645,blue,Reference Rab7 Regulated Microtubule Minus End Directed Transport
REACTOME_CILIUM_ASSEMBLY,1.933826569610504e-9,2.004733543829556e-7,4.394854953475644,19,35,,Reactome,9.009297520661157,blue,Cilium Assembly
REACTOME_GOLGI_TO_ER_RETROGRADE_TRANSPORT,9.46599367151504e-9,7.359810079602943e-7,3.7780332056194124,21,45,,Reactome,6.664583333333334,blue,Golgi To Er Retrograde Transport
REACTOME_MITOTIC_PROMETAPHASE,3.491790340157208e-8,2.1718935915777837e-6,3.845498084291188,19,40,,Reactome,6.845533254624164,blue,Mitotic Prometaphase
GOBP_PROTEIN_FOLDING,2.8860431059155493e-9,2.868726847280056e-6,2.8726980595723646,33,93,,GO:BP,4.32280701754386,blue,Protein Folding
REACTOME_COOPERATION_OF_PREFOLDIN_AND_TRIC_CCT_IN_ACTIN_AND_TUBULIN_FOLDING,9.596054481883793e-8,4.263389919808371e-6,5.011676701331873,13,21,,Reactome,12.08266129032258,blue,Cooperation Of Prefoldin And Tric Cct In Actin And Tubulin Folding
REACTOME_PROTEIN_FOLDING,1.8129344967694272e-7,7.047782856191148e-6,4.047892720306513,16,32,,Reactome,7.493877551020408,blue,Protein Folding
REACTOME_RHO_GTPASES_ACTIVATE_FORMINS,3.132439027244437e-7,1.049087333854849e-5,3.925229304539649,16,33,,Reactome,7.04921968787515,blue,Rho Gtpases Activate Formins
REACTOME_RECYCLING_PATHWAY_OF_L1,1.2023269345393688e-6,3.116030638681198e-5,4.947424435930183,11,18,,Reactome,11.597142857142858,blue,Recycling Pathway Of L1
REACTOME_COPI_MEDIATED_ANTEROGRADE_TRANSPORT,1.952787325083112e-6,4.5491623428189676e-5,3.238314176245211,18,45,,Reactome,5.0068587105624145,blue,Copi Mediated Anterograde Transport
REACTOME_RECRUITMENT_OF_NUMA_TO_MITOTIC_CENTROSOMES,2.0478544308509822e-6,4.5491623428189676e-5,4.415882967607105,12,22,,Reactome,8.87710843373494,blue,Recruitment Of Numa To Mitotic Centrosomes
GOBP_RESPONSE_TO_HEAT,1.0184064504967263e-7,5.06148005896873e-5,4.17846990483253,16,31,,GO:BP,7.9978231292517,blue,Response To Heat
REACTOME_AGGREPHAGY,2.5452295345116168e-6,5.277109234887419e-5,4.687033676144384,11,19,,Reactome,10.142,blue,Aggrephagy
GOBP_PROTEIN_REFOLDING,2.2567049819590397e-7,7.477215840224284e-5,5.113127646702964,12,19,,GO:BP,12.70223752151463,blue,Protein Refolding
REACTOME_L1CAM_INTERACTIONS,5.256548547355016e-6,9.082147767930055e-5,3.4696223316912973,15,35,,Reactome,5.585365853658536,blue,L1cam Interactions
REACTOME_ASPARAGINE_N_LINKED_GLYCOSYLATION,6.922476754305191e-6,1.0764451352944572e-4,2.4194301316774562,26,87,,Reactome,3.248412975235438,blue,Asparagine N Linked Glycosylation
HALLMARK_MITOTIC_SPINDLE,5.256548547355016e-6,1.8923574770478058e-4,3.4696223316912973,15,35,,Hallmark,5.585365853658536,blue,Mitotic Spindle
GOBP_POSITIVE_REGULATION_OF_PROTEIN_LOCALIZATION_TO_NUCLEUS,8.31429778079517e-7,2.0661029985275997e-4,4.385217113665389,13,24,,GO:BP,8.773093841642229,blue,Positive Regulation Of Protein Localization To Nucleus
REACTOME_RHO_GTPASE_EFFECTORS,1.5144144150000043e-5,2.1408312866590972e-4,2.482707535121328,23,75,,Reactome,3.345184227537169,blue,Rho Gtpase Effectors
GOBP_CHAPERONE_MEDIATED_PROTEIN_FOLDING,1.3826001092418505e-6,2.748609017172799e-4,3.440708812260536,17,40,,GO:BP,5.5404490377761935,blue,Chaperone Mediated Protein Folding
KEGG_MEDICUS_REFERENCE_DYNEIN_RECRUITMENT_TO_THE_KINETOCHORE,3.05572544077986e-5,3.208511712818853e-4,4.553879310344827,9,16,,KEGG,9.41326530612245,blue,Reference Dynein Recruitment To The Kinetochore
GOBP_DNA_BIOSYNTHETIC_PROCESS,2.5452295345116168e-6,3.547253083036935e-4,4.687033676144384,11,19,,GO:BP,10.142,blue,DNA Biosynthetic Process
GOBP_RNA_TEMPLATED_DNA_BIOSYNTHETIC_PROCESS,2.8549320587822417e-6,3.547253083036935e-4,5.059865900383142,10,16,,GO:BP,12.257636122177955,blue,RNA Templated DNA Biosynthetic Process
REACTOME_MITOTIC_METAPHASE_AND_ANAPHASE,4.033789047141413e-5,5.25675314820493e-4,2.406855130993062,22,74,,Reactome,3.1863533955584167,blue,Mitotic Metaphase And Anaphase
REACTOME_SELECTIVE_AUTOPHAGY,5.115384445702376e-5,6.363538250453755e-4,2.9618727221754977,15,41,,Reactome,4.282363977485929,blue,Selective Autophagy
REACTOME_HSF1_DEPENDENT_TRANSACTIVATION,5.7977203299394616e-5,6.439610795039903e-4,4.286004056795131,9,17,,Reactome,8.232142857142858,blue,Hsf1 Dependent Transactivation
GOBP_RESPONSE_TO_TOPOLOGICALLY_INCORRECT_PROTEIN,9.601294402043612e-6,0.0010604096261812611,3.0584078331204765,17,45,,GO:BP,4.53864168618267,blue,Response To Topologically Incorrect Protein
REACTOME_HCMV_EARLY_EVENTS,1.0354339063260881e-4,0.0010733998162247114,4.047892720306513,9,18,,Reactome,7.313492063492063,blue,Hcmv Early Events
GOBP_SPINDLE_ORGANIZATION,1.3555888336586216e-5,0.0012249593642333363,2.9919207063135094,17,46,,GO:BP,4.379734313171284,blue,Spindle Organization
GOSLIM_MICROTUBULE-BASED_MOVEMENT,1.0577557875566237e-4,0.0013221947344457796,2.6985951468710088,16,48,,GO Slim,3.7142857142857144,blue,Microtubule-Based Movement
REACTOME_NEUTROPHIL_DEGRANULATION,1.323211384736854e-4,0.0013274798085585859,1.821551724137931,36,160,,Reactome,2.2296774193548385,blue,Neutrophil Degranulation
REACTOME_MITOTIC_G2_G2_M_PHASES,1.4136864949273074e-4,0.0013739265622574768,2.4034363026819925,19,64,,Reactome,3.152708907254362,blue,Mitotic G2 G2 M Phases
REACTOME_CELLULAR_RESPONSE_TO_HEAT_STRESS,1.9230429703876362e-4,0.0017590187170310435,2.9234780757769263,13,36,,Reactome,4.168478260869565,blue,Cellular Response To Heat Stress
REACTOME_NEUROTRANSMITTER_RECEPTORS_AND_POSTSYNAPTIC_SIGNAL_TRANSMISSION,3.1668238830988375e-4,0.0027357839656770512,2.943921978404737,12,33,,Reactome,4.201950659781985,blue,Neurotransmitter Receptors And Postsynaptic Signal Transmission
GOBP_PROTEIN_STABILIZATION,5.2834669682198085e-5,0.004039820128008069,2.5636653895274586,19,60,,GO:BP,3.467950010078613,blue,Protein Stabilization
HALLMARK_UNFOLDED_PROTEIN_RESPONSE,2.2604244436744744e-4,0.004068763998614054,3.035919540229885,12,32,,Hallmark,4.414457831325302,blue,Unfolded Protein Response
REACTOME_INTERFERON_SIGNALING,5.521801037126636e-4,0.004293200306365959,2.2419098143236074,18,65,,Reactome,2.8447596532702915,blue,Interferon Signaling
REACTOME_THE_ROLE_OF_GTSE1_IN_G2_M_PROGRESSION_AFTER_G2_CHECKPOINT,8.246266831392187e-4,0.006255095084299927,2.5669563592187643,13,41,,Reactome,3.414746543778802,blue,The Role Of Gtse1 In G2 M Progression After G2 Checkpoint
REACTOME_PKR_MEDIATED_SIGNALING,8.589979195479537e-4,0.00636067507093842,2.9984390520788984,10,27,,Reactome,4.3004452777126785,blue,Pkr Mediated Signaling
REACTOME_CYTOSOLIC_TRNA_AMINOACYLATION,9.899781830744604e-4,0.007160074765957144,3.1679160419790104,9,23,,Reactome,4.688775510204081,blue,Cytosolic Trna Aminoacylation
GOBP_POSITIVE_REGULATION_OF_PROTEIN_CONTAINING_COMPLEX_ASSEMBLY,1.3984238180367745e-4,0.009928809108061099,2.6435217765267023,16,49,,GO:BP,3.599752628324057,blue,Positive Regulation Of Protein Containing Complex Assembly
GOBP_POSITIVE_REGULATION_OF_TELOMERE_MAINTENANCE,1.7569674140072535e-4,0.01137576173182415,3.8348457350272227,9,19,,GO:BP,6.578571428571428,blue,Positive Regulation Of Telomere Maintenance
GOBP_MICROTUBULE_BASED_MOVEMENT,1.8311085282614326e-4,0.01137576173182415,2.5906513409961685,16,50,,GO:BP,3.491956782713085,blue,Microtubule Based Movement
REACTOME_NEURONAL_SYSTEM,0.0016480356841482879,0.011389757728224835,2.3130815544608647,14,49,,Reactome,2.94251012145749,blue,Neuronal System
GOBP_ENDOPLASMIC_RETICULUM_TO_GOLGI_VESICLE_MEDIATED_TRANSPORT,2.1644575655800226e-4,0.012655710706979661,2.764414540697131,14,41,,GO:BP,3.831159094316989,blue,Endoplasmic Reticulum To Golgi Vesicle Mediated Transport
REACTOME_NUCLEAR_ENVELOPE_NE_REASSEMBLY,0.001976858355083867,0.013080913796406014,2.9144827586206894,9,25,,Reactome,4.098214285714286,blue,Nuclear Envelope Ne Reassembly
GOBP_CYTOPLASMIC_MICROTUBULE_ORGANIZATION,2.5782853039861645e-4,0.013130655370428327,4.047892720306513,8,16,,GO:BP,7.288537549407114,blue,Cytoplasmic Microtubule Organization
GOBP_POSITIVE_REGULATION_OF_PROTEIN_POLYMERIZATION,4.4604467116089096e-4,0.021112781101615505,3.469622331691297,9,21,,GO:BP,5.476190476190476,blue,Positive Regulation Of Protein Polymerization
GOSLIM_CHROMOSOME_SEGREGATION,0.0030573724792439215,0.023327829050306684,2.1796345417035075,14,52,,GO Slim,2.705731941189005,blue,Chromosome Segregation
GOSLIM_TELOMERE_ORGANIZATION,0.0037324526480490695,0.023327829050306684,2.529932950191571,10,32,,GO Slim,3.3140166606302066,blue,Telomere Organization
REACTOME_REGULATION_OF_INSULIN_LIKE_GROWTH_FACTOR_IGF_TRANSPORT_AND_UPTAKE_BY_INSULIN_LIKE_GROWTH_FACTOR_BINDING_PROTEINS_IGFBPS,0.00385219883897032,0.024959038310828532,3.148361004682844,7,18,,Reactome,4.6123836793128135,blue,Regulation Of Insulin Like Growth Factor Igf Transport And Uptake By Insulin Like Growth Factor Binding Proteins Igfbps
GOBP_REGULATION_OF_CHROMOSOME_ORGANIZATION,5.921003835653579e-4,0.025589033967998512,2.7756978653530378,12,35,,GO:BP,3.8323729701414355,blue,Regulation Of Chromosome Organization
GOBP_GOLGI_VESICLE_TRANSPORT,6.219395514760793e-4,0.02575866309030095,2.1664777939668665,19,71,,GO:BP,2.7177368086458995,blue,Golgi Vesicle Transport
GOBP_CELL_RECOGNITION,6.743919095558587e-4,0.02578252146532783,3.311912225705329,9,22,,GO:BP,5.052197802197802,blue,Cell Recognition
GOBP_PROTEIN_LOCALIZATION_TO_NUCLEUS,7.520769515546266e-4,0.027687573697974033,2.136387824606216,19,72,,GO:BP,2.664977389677218,blue,Protein Localization To Nucleus
REACTOME_RHO_GTPASE_CYCLE,0.005204806885375553,0.03237389882703594,1.799063431247339,20,90,,Reactome,2.11262596324837,blue,Rho Gtpase Cycle
GOBP_REGULATION_OF_PROTEIN_CONTAINING_COMPLEX_ASSEMBLY,0.0010693275496447862,0.03472815225495544,1.957222853774578,22,91,,GO:BP,2.3786307682978594,blue,Regulation Of Protein Containing Complex Assembly
GOBP_ORGANELLE_DISASSEMBLY,0.0010830711467843246,0.03472815225495544,3.4087517644686423,8,19,,GO:BP,5.292130794107079,blue,Organelle Disassembly
HALLMARK_MTORC1_SIGNALING,0.002973328241981955,0.03567993890378346,1.8827408001425643,20,86,,Hallmark,2.245693449012951,blue,mTORC1 Signaling
REACTOME_ACTIVATION_OF_NMDA_RECEPTORS_AND_POSTSYNAPTIC_EVENTS,0.006050361296117114,0.036895340452792594,2.6985951468710088,8,24,,Reactome,3.6284584980237153,blue,Activation Of Nmda Receptors And Postsynaptic Events
REACTOME_PCP_CE_PATHWAY,0.007084080317998549,0.04236824959418363,2.2263409961685827,11,40,,Reactome,2.7659310344827586,blue,Pcp Ce Pathway
REACTOME_POTENTIAL_THERAPEUTICS_FOR_SARS,0.007542012491801891,0.04425596009340355,2.8335249042145594,7,20,,Reactome,3.8985463355542094,blue,Potential Therapeutics For Sars
REACTOME_TRANSLOCATION_OF_SLC2A4_GLUT4_TO_THE_PLASMA_MEMBRANE,0.00791476313212399,0.04558317285352891,2.428735632183908,9,30,,Reactome,3.1139455782312924,blue,Translocation Of Slc2a4 Glut4 To The Plasma Membrane
REACTOME_SIGNALING_BY_HEDGEHOG,0.0094294589201455465,0.053319304075732085,2.0670090486671557,12,47,,Reactome,2.5018932874354562,blue,Signaling By Hedgehog
HALLMARK_PROTEIN_SECRETION,0.007578035132068035,0.06820231618861232,2.3130815544608647,10,35,,Hallmark,2.911553784860558,blue,Protein Secretion
GOBP_PROTEIN_LOCALIZATION_TO_ENDOPLASMIC_RETICULUM,0.0023341965396283695,0.06824092236442938,3.084108739281153,8,21,,GO:BP,4.473092125266039,blue,Protein Localization To Endoplasmic Reticulum
REACTOME_RHOBTB_GTPASE_CYCLE,0.012699531650714921,0.07052775613164894,2.857336037863421,6,17,,Reactome,3.9379679144385027,blue,Rhobtb Gtpase Cycle
GOBP_POSITIVE_REGULATION_OF_INTRACELLULAR_TRANSPORT,0.002872476613578817,0.0815783358256384,2.611543690520331,10,31,,GO:BP,3.473724151014988,blue,Positive Regulation Of Intracellular Transport
REACTOME_CELL_CYCLE_CHECKPOINTS,0.015875112242955243,0.08512344668205311,1.785835023664638,15,68,,Reactome,2.0697192820984815,blue,Cell Cycle Checkpoints
GOBP_AMINO_ACID_ACTIVATION,0.0036245692566768423,0.09763310347791514,2.6985951468710088,9,27,,GO:BP,3.638888888888889,blue,Amino Acid Activation
GOBP_CHROMOSOME_SEGREGATION,0.003703911165173508,0.09763310347791514,2.1385093616713657,14,53,,GO:BP,2.6349008616215093,blue,Chromosome Segregation
GOBP_TELOMERE_ORGANIZATION,0.0037324526480490695,0.09763310347791514,2.529932950191571,10,32,,GO:BP,3.3140166606302066,blue,Telomere Organization
HALLMARK_APOPTOSIS,0.013940770628923575,0.09875179352385283,2.1304698527929014,10,38,,Hallmark,2.595332953898691,blue,Apoptosis
HALLMARK_ALLOGRAFT_REJECTION,0.01645863225397547,0.09875179352385283,2.3130815544608647,8,28,,Hallmark,2.8964426877470357,blue,Allograft Rejection
GOSLIM_TRNA_METABOLIC_PROCESS,0.019991656518217958,0.0999582825910898,2.0239463601532566,10,40,,GO Slim,2.4196547144754317,blue,Trna Metabolic Process
REACTOME_FACTORS_INVOLVED_IN_MEGAKARYOCYTE_DEVELOPMENT_AND_PLATELET_PRODUCTION,0.021816081803423256,0.11308002401441054,2.361270753512133,7,24,,Reactome,2.974756831866605,blue,Factors Involved In Megakaryocyte Development And Platelet Production
REACTOME_TRANS_GOLGI_NETWORK_VESICLE_BUDDING,0.021816081803423256,0.11308002401441054,2.361270753512133,7,24,,Reactome,2.974756831866605,blue,Trans Golgi Network Vesicle Budding
GOBP_REGULATION_OF_PROTEIN_CATABOLIC_PROCESS,0.004547019041197123,0.11589069043461385,1.819277627104051,20,89,,GO:BP,2.1444464489746826,blue,Regulation Of Protein Catabolic Process
GOBP_REGULATION_OF_PROTEIN_POLYMERIZATION,0.005919525705854549,0.140010287739827,2.1049042145593866,13,50,,GO:BP,2.5713818657367042,blue,Regulation Of Protein Polymerization
GOBP_ESTABLISHMENT_OF_CELL_POLARITY,0.006050361296117114,0.140010287739827,2.6985951468710088,8,24,,GO:BP,3.6284584980237153,blue,Establishment Of Cell Polarity
GOBP_CYTOSKELETON_DEPENDENT_INTRACELLULAR_TRANSPORT,0.0060567830712400005,0.140010287739827,2.381113364886184,10,34,,GO:BP,3.0345285524568393,blue,Cytoskeleton Dependent Intracellular Transport
GOBP_POLYSACCHARIDE_BIOSYNTHETIC_PROCESS,0.006361938186218822,0.14052814571336686,3.238314176245211,6,15,,GO:BP,4.818300653594771,blue,Polysaccharide Biosynthetic Process
GOBP_SPINDLE_LOCALIZATION,0.006361938186218822,0.14052814571336686,3.238314176245211,6,15,,GO:BP,4.818300653594771,blue,Spindle Localization
REACTOME_ANTIGEN_PRESENTATION_FOLDING_ASSEMBLY_AND_PEPTIDE_LOADING_OF_CLASS_I_MHC,0.029165317372300006,0.14397482067913178,2.6985951468710088,5,15,,Reactome,3.59765625,blue,Antigen Presentation Folding Assembly And Peptide Loading Of Class I Mhc
REACTOME_INTERLEUKIN_4_AND_INTERLEUKIN_13_SIGNALING,0.029165317372300006,0.14397482067913178,2.6985951468710088,5,15,,Reactome,3.59765625,blue,Interleukin 4 And Interleukin 13 Signaling
GOBP_FERTILIZATION,0.007967303856603337,0.16162244966252484,2.5906513409961685,8,25,,GO:BP,3.41315973029528,blue,Fertilization
GOBP_MICROTUBULE_POLYMERIZATION_OR_DEPOLYMERIZATION,0.007967303856603337,0.16162244966252484,2.5906513409961685,8,25,,GO:BP,3.41315973029528,blue,Microtubule Polymerization Or Depolymerization
GOBP_AXO_DENDRITIC_TRANSPORT,0.0091444286874756385,0.17822670814413302,3.035919540229885,6,16,,GO:BP,4.334117647058823,blue,Axo Dendritic Transport
REACTOME_PROTEASOME_ASSEMBLY,0.037193878035360124,0.17943957359283583,1.9174228675136114,9,38,,Reactome,2.2450738916256157,blue,Proteasome Assembly
REACTOME_INTEGRATION_OF_ENERGY_METABOLISM,0.04053286689051549,0.19099578186288357,2.098907336455229,7,27,,Reactome,2.5244094488188975,blue,Integration Of Energy Metabolism
REACTOME_SIGNALING_BY_WNT,0.04277024732719128,0.19853055102621622,1.6191570881226056,14,70,,Reactome,1.8178137651821862,blue,Signaling By Wnt
HALLMARK_PI3K_AKT_MTOR_SIGNALING,0.04259747155919232,0.21907271087584623,1.9626146522698245,8,33,,Hallmark,2.3108300395256918,blue,Pi3k Akt Mtor Signaling
GOSLIM_NUCLEOCYTOPLASMIC_TRANSPORT,0.06159778101180057,0.2199920750421449,1.5708240407159602,13,67,,GO Slim,1.7453703703703705,blue,Nucleocytoplasmic Transport
GOSLIM_PROTEIN_LOCALIZATION_TO_PLASMA_MEMBRANE,0.06159778101180057,0.2199920750421449,1.5708240407159602,13,67,,GO Slim,1.7453703703703705,blue,Protein Localization To Plasma Membrane
REACTOME_INTERLEUKIN_12_FAMILY_SIGNALING,0.048557611769362186,0.22207966559223,2.023946360153257,7,28,,Reactome,2.4028871391076114,blue,Interleukin 12 Family Signaling
REACTOME_REGULATION_OF_MRNA_STABILITY_BY_PROTEINS_THAT_BIND_AU_RICH_ELEMENTS,0.04937607522282418,0.222550136149251,1.7599533566550056,10,46,,Reactome,2.0097388224878263,blue,Regulation Of Mrna Stability By Proteins That Bind Au Rich Elements
GOBP_REGULATION_OF_PROTEIN_LOCALIZATION_TO_PLASMA_MEMBRANE,0.012421237426961645,0.23560002469484334,2.2769396551724137,9,32,,GO:BP,2.840062111801242,blue,Regulation Of Protein Localization To Plasma Membrane
GOBP_POSITIVE_REGULATION_OF_CYTOSKELETON_ORGANIZATION,0.012562174354956435,0.23560002469484334,2.071014880156821,11,43,,GO:BP,2.5025,blue,Positive Regulation Of Cytoskeleton Organization
REACTOME_CELLULAR_RESPONSES_TO_MECHANICAL_STIMULI,0.054906062181911366,0.24393979055106338,2.1119440279860067,6,23,,Reactome,2.5397923875432524,blue,Cellular Responses To Mechanical Stimuli
REACTOME_RESPONSE_TO_ELEVATED_PLATELET_CYTOSOLIC_CA2,0.05753373653693982,0.25201397271814485,1.7771236333052984,9,41,,Reactome,2.03125,blue,Response To Elevated Platelet Cytosolic Ca2
REACTOME_APOPTOTIC_EXECUTION_PHASE,0.06114718584579709,0.26412187219504024,2.248829289059174,5,18,,Reactome,2.762920673076923,blue,Apoptotic Execution Phase
GOBP_NEGATIVE_REGULATION_OF_PROTEIN_CATABOLIC_PROCESS,0.01645863225397547,0.27603935766977766,2.3130815544608647,8,28,,GO:BP,2.8964426877470357,blue,Negative Regulation Of Protein Catabolic Process
GOBP_RNA_LOCALIZATION,0.01676476246816309,0.27603935766977766,2.075842420670007,10,39,,GO:BP,2.5044648990245912,blue,RNA Localization
GOBP_ENDOTHELIUM_DEVELOPMENT,0.017123198056587206,0.27603935766977766,2.6985951468710088,6,18,,GO:BP,3.607843137254902,blue,Endothelium Development
GOBP_REGULATION_OF_MICROTUBULE_POLYMERIZATION,0.017123198056587206,0.27603935766977766,2.6985951468710088,6,18,,GO:BP,3.607843137254902,blue,Regulation Of Microtubule Polymerization
GOBP_PRESYNAPTIC_ENDOCYTOSIS,0.01721774665545897,0.27603935766977766,2.463934699317008,7,23,,GO:BP,3.1624015748031495,blue,Presynaptic Endocytosis
GOBP_TRANSLATIONAL_ELONGATION,0.01721774665545897,0.27603935766977766,2.463934699317008,7,23,,GO:BP,3.1624015748031495,blue,Translational Elongation
REACTOME_SIGNALING_BY_INTERLEUKINS,0.07002561145870294,0.2983282899131043,1.4286680189317107,18,102,,Reactome,1.5590828924162257,blue,Signaling By Interleukins
REACTOME_ANTIGEN_PROCESSING_CROSS_PRESENTATION,0.07151345328158583,0.3005497833861242,1.652201110329189,10,49,,Reactome,1.8520788640310553,blue,Antigen Processing Cross Presentation
REACTOME_UNFOLDED_PROTEIN_RESPONSE_UPR,0.07494877356218937,0.31078758103787857,2.1304698527929014,5,19,,Reactome,2.564174107142857,blue,Unfolded Protein Response Upr
GOBP_TRNA_METABOLIC_PROCESS,0.019991656518217958,0.3154239139541056,2.0239463601532566,10,40,,GO:BP,2.4196547144754317,blue,Trna Metabolic Process
REACTOME_METABOLISM_OF_STEROIDS,0.07816795184238932,0.31571731198679326,1.9429885057471263,6,25,,Reactome,2.269969040247678,blue,Metabolism Of Steroids
REACTOME_SIGNALING_BY_NTRKS,0.07816795184238932,0.31571731198679326,1.9429885057471263,6,25,,Reactome,2.269969040247678,blue,Signaling By Ntrks
GOBP_MITOTIC_SISTER_CHROMATID_SEGREGATION,0.020369011533068204,0.3163562103729655,2.233320121548421,8,29,,GO:BP,2.7570111048371917,blue,Mitotic Sister Chromatid Segregation
GOBP_ESTABLISHMENT_OF_PROTEIN_LOCALIZATION_TO_ORGANELLE,0.021723167347787422,0.3188997840088635,1.526254632246718,23,122,,GO:BP,1.7111875053051524,blue,Establishment Of Protein Localization To Organelle
GOBP_RECEPTOR_INTERNALIZATION,0.021816081803423256,0.3188997840088635,2.361270753512133,7,24,,GO:BP,2.974756831866605,blue,Receptor Internalization
GOBP_NEGATIVE_REGULATION_OF_UBIQUITIN_DEPENDENT_PROTEIN_CATABOLIC_PROCESS,0.022502740239898792,0.3195389114065628,2.556563823351482,6,19,,GO:BP,3.328506787330317,blue,Negative Regulation Of Ubiquitin Dependent Protein Catabolic Process
REACTOME_CLASS_I_MHC_MEDIATED_ANTIGEN_PROCESSING_PRESENTATION,0.08109476686237292,0.32333939095125613,1.4188489947466127,17,97,,Reactome,1.5432377049180328,blue,Class I Mhc Mediated Antigen Processing Presentation
GOBP_POSITIVE_REGULATION_OF_DNA_METABOLIC_PROCESS,0.02365124350245454,0.3299792287814806,1.974581814783665,10,41,,GO:BP,2.3403161547358953,blue,Positive Regulation Of DNA Metabolic Process
GOBP_PROTEASOME_MEDIATED_UBIQUITIN_DEPENDENT_PROTEIN_CATABOLIC_PROCESS,0.02455834897382833,0.3299792287814806,1.5857724058932734,19,97,,GO:BP,1.7856537401991948,blue,Proteasome Mediated Ubiquitin Dependent Protein Catabolic Process
GOBP_CELL_KILLING,0.024897829133411514,0.3299792287814806,2.158876117496807,8,30,,GO:BP,2.6302551203736972,blue,Cell Killing
GOBP_PROTEIN_CONTAINING_COMPLEX_LOCALIZATION,0.024897829133411514,0.3299792287814806,2.158876117496807,8,30,,GO:BP,2.6302551203736972,blue,Protein Containing Complex Localization
GOSLIM_ESTABLISHMENT_OR_MAINTENANCE_OF_CELL_POLARITY,0.11103756724212356,0.3444672024100626,1.6191570881226054,8,40,,GO Slim,1.7984189723320159,blue,Establishment Or Maintenance Of Cell Polarity
GOSLIM_MITOTIC_NUCLEAR_DIVISION,0.12400819286762255,0.3444672024100626,1.579665451826932,8,41,,GO Slim,1.742963229129237,blue,Mitotic Nuclear Division
GOBP_DE_NOVO_POST_TRANSLATIONAL_PROTEIN_FOLDING,0.029165317372300006,0.3451229222388834,2.6985951468710088,5,15,,GO:BP,3.59765625,blue,De Novo Post Translational Protein Folding
GOBP_MEIOTIC_CELL_CYCLE,0.029165317372300006,0.3451229222388834,2.6985951468710088,5,15,,GO:BP,3.59765625,blue,Meiotic Cell Cycle
GOBP_POSITIVE_REGULATION_OF_NUCLEOCYTOPLASMIC_TRANSPORT,0.029165317372300006,0.3451229222388834,2.6985951468710088,5,15,,GO:BP,3.59765625,blue,Positive Regulation Of Nucleocytoplasmic Transport
GOBP_PROTEIN_LOCALIZATION_TO_CELL_JUNCTION,0.029165317372300006,0.3451229222388834,2.6985951468710088,5,15,,GO:BP,3.59765625,blue,Protein Localization To Cell Junction
GOBP_REGULATION_OF_POTASSIUM_ION_TRANSPORT,0.029165317372300006,0.3451229222388834,2.6985951468710088,5,15,,GO:BP,3.59765625,blue,Regulation Of Potassium Ion Transport
GOBP_POSITIVE_REGULATION_OF_PROTEASOMAL_PROTEIN_CATABOLIC_PROCESS,0.030087503020548568,0.34775555816773573,2.089234952416265,8,31,,GO:BP,2.5145213954287677,blue,Positive Regulation Of Proteasomal Protein Catabolic Process
REACTOME_EPH_EPHRIN_SIGNALING,0.09159052472098134,0.3516623850398172,1.8682581786030061,6,26,,Reactome,2.155294117647059,blue,Eph Ephrin Signaling
GOBP_REGULATION_OF_INTRACELLULAR_TRANSPORT,0.031354771758602865,0.35823727733392235,1.7253313234093335,13,61,,GO:BP,1.9700940860215055,blue,Regulation Of Intracellular Transport
GOBP_PROTEIN_LOCALIZATION_TO_PLASMA_MEMBRANE,0.034218129802138036,0.3865093298105137,1.666779355420329,14,68,,GO:BP,1.8872394661868346,blue,Protein Localization To Plasma Membrane
REACTOME_TRANSCRIPTIONAL_AND_POST_TRANSLATIONAL_REGULATION_OF_MITF_M_EXPRESSION_AND_ACTIVITY,0.1071284231768698,0.40140891093983744,1.9275679620507205,5,21,,Reactome,2.2412109375,blue,Transcriptional And Post Translational Regulation Of Mitf M Expression And Activity
GOBP_VESICLE_MEDIATED_TRANSPORT_IN_SYNAPSE,0.037503447857023565,0.4046396488513602,1.8399512365029607,10,44,,GO:BP,2.1303023201312397,blue,Vesicle Mediated Transport In Synapse
GOBP_MUSCLE_CELL_APOPTOTIC_PROCESS,0.03826572131994754,0.4046396488513602,2.529932950191571,5,16,,GO:BP,3.268821022727273,blue,Muscle Cell Apoptotic Process
GOBP_POSITIVE_REGULATION_OF_CARBOHYDRATE_METABOLIC_PROCESS,0.03826572131994754,0.4046396488513602,2.529932950191571,5,16,,GO:BP,3.268821022727273,blue,Positive Regulation Of Carbohydrate Metabolic Process
GOBP_REGULATION_OF_PROTEIN_IMPORT_INTO_NUCLEUS,0.03826572131994754,0.4046396488513602,2.529932950191571,5,16,,GO:BP,3.268821022727273,blue,Regulation Of Protein Import Into Nucleus
GOBP_REGULATION_OF_PROTEOLYSIS_INVOLVED_IN_PROTEIN_CATABOLIC_PROCESS,0.03987707313633678,0.4172401126054606,1.6705589004439578,13,63,,GO:BP,1.8891935483870967,blue,Regulation Of Proteolysis Involved In Protein Catabolic Process
GOBP_ERAD_PATHWAY,0.04053286689051549,0.4196840592622124,2.098907336455229,7,27,,GO:BP,2.5244094488188975,blue,Erad Pathway
GOBP_REGULATION_OF_MICROTUBULE_BASED_PROCESS,0.04316170525000058,0.4306267702928617,1.799063431247339,10,45,,GO:BP,2.068298235628913,blue,Regulation Of Microtubule Based Process
GOBP_NEGATIVE_REGULATION_OF_PROTEIN_CONTAINING_COMPLEX_ASSEMBLY,0.04332261270551929,0.4306267702928617,1.8682581786030064,9,39,,GO:BP,2.169047619047619,blue,Negative Regulation Of Protein Containing Complex Assembly
REACTOME_HEDGEHOG_LIGAND_BIOGENESIS,0.11680360159132348,0.4324514297012096,1.666779355420329,7,34,,Reactome,1.862787984835229,blue,Hedgehog Ligand Biogenesis
HALLMARK_MYC_TARGETS_V1,0.09980187667201634,0.44910844502407354,1.3282147988505748,21,128,,Hallmark,1.4269859813084111,blue,MYC Targets V1
GOBP_RESPONSE_TO_ENDOPLASMIC_RETICULUM_STRESS,0.047571138953380214,0.45683981117474604,1.596352058712428,14,71,,GO:BP,1.7849279068115633,blue,Response To Endoplasmic Reticulum Stress
GOBP_REGULATION_OF_MITOTIC_CELL_CYCLE_PHASE_TRANSITION,0.048557611769362186,0.45683981117474604,2.023946360153257,7,28,,GO:BP,2.4028871391076114,blue,Regulation Of Mitotic Cell Cycle Phase Transition
GOBP_MYOBLAST_DIFFERENTIATION,0.04891830034879444,0.45683981117474604,2.381113364886184,5,17,,GO:BP,2.9947916666666665,blue,Myoblast Differentiation
GOBP_PROTEIN_TARGETING_TO_MEMBRANE,0.04891830034879444,0.45683981117474604,2.381113364886184,5,17,,GO:BP,2.9947916666666665,blue,Protein Targeting To Membrane
GOBP_CELLULAR_RESPONSE_TO_STEROID_HORMONE_STIMULUS,0.05009611611473573,0.45683981117474604,1.821551724137931,9,40,,GO:BP,2.097926267281106,blue,Cellular Response To Steroid Hormone Stimulus
HALLMARK_COAGULATION,0.12537962772984615,0.49586185065274424,1.8399512365029607,5,22,,Hallmark,2.1082261029411766,blue,Coagulation
HALLMARK_UV_RESPONSE_UP,0.13773940295909562,0.49586185065274424,1.5420543696405764,8,42,,Hallmark,1.6907695884677982,blue,UV Response Up
GOBP_PRIMARY_ALCOHOL_METABOLIC_PROCESS,0.054906062181911366,0.49615114371654456,2.1119440279860067,6,23,,GO:BP,2.5397923875432524,blue,Primary Alcohol Metabolic Process
REACTOME_DNA_REPLICATION_PRE_INITIATION,0.13773940295909562,0.5039641684738675,1.5420543696405764,8,42,,Reactome,1.6907695884677982,blue,DNA Replication Pre Initiation
GOBP_ENDOPLASMIC_RETICULUM_ORGANIZATION,0.05814334279776045,0.516022167330124,1.850465243568692,8,35,,GO:BP,2.1373151807934416,blue,Endoplasmic Reticulum Organization
GOBP_RESPONSE_TO_CALCIUM_ION,0.05814334279776045,0.516022167330124,1.850465243568692,8,35,,GO:BP,2.1373151807934416,blue,Response To Calcium Ion
REACTOME_GLYCOGEN_METABOLISM,0.14865271280684014,0.519449367223902,1.9048906919089472,4,17,,Reactome,2.201736007183478,blue,Glycogen Metabolism
REACTOME_SENSORY_PROCESSING_OF_SOUND,0.14865271280684014,0.519449367223902,1.9048906919089472,4,17,,Reactome,2.201736007183478,blue,Sensory Processing Of Sound
GOBP_MEMBRANELESS_ORGANELLE_ASSEMBLY,0.061128361523501054,0.5233179002199125,1.4203132351952676,20,114,,GO:BP,1.5520437891763044,blue,Membraneless Organelle Assembly
GOBP_CELLULAR_RESPONSE_TO_KETONE,0.06114718584579709,0.5233179002199125,2.248829289059174,5,18,,GO:BP,2.762920673076923,blue,Cellular Response To Ketone
GOBP_REGULATION_OF_POSTSYNAPTIC_MEMBRANE_NEUROTRANSMITTER_RECEPTOR_LEVELS,0.06114718584579709,0.5233179002199125,2.248829289059174,5,18,,GO:BP,2.762920673076923,blue,Regulation Of Postsynaptic Membrane Neurotransmitter Receptor Levels
GOBP_NEGATIVE_REGULATION_OF_ORGANELLE_ORGANIZATION,0.06159778101180057,0.5233179002199125,1.5708240407159602,13,67,,GO:BP,1.7453703703703705,blue,Negative Regulation Of Organelle Organization
GOBP_POTASSIUM_ION_TRANSPORT,0.06593605564140738,0.5416565232029664,2.0239463601532566,6,24,,GO:BP,2.3973856209150326,blue,Potassium Ion Transport
KEGG_MEDICUS_VARIANT_MUTATION_INACTIVATED_VCP_TO_26S_PROTEASOME_MEDIATED_PROTEIN_DEGRADATION,0.13146866628971426,0.5419472463652705,1.6191570881226056,7,35,,KEGG,1.795275590551181,blue,Variant Mutation Inactivated Vcp To 26s Proteasome Mediated Protein Degradation
REACTOME_NEDDYLATION,0.15763527187606954,0.5447174394828626,1.3683017646106526,12,71,,Reactome,1.4645701449867266,blue,Neddylation
GOBP_NUCLEAR_TRANSPORT,0.06806933493408437,0.554597696102294,1.5477236871760196,13,68,,GO:BP,1.712683284457478,blue,Nuclear Transport
GOBP_CELLULAR_COMPONENT_DISASSEMBLY,0.06911829063698716,0.5585656983184166,1.4487194998991733,17,95,,GO:BP,1.5845943673812526,blue,Cellular Component Disassembly
REACTOME_SMOOTH_MUSCLE_CONTRACTION,0.1657502398752019,0.5664651055075581,1.6866219667943805,5,24,,Reactome,1.884251644736842,blue,Smooth Muscle Contraction
GOBP_REGULATION_OF_CELLULAR_COMPONENT_SIZE,0.07204363343591187,0.5728909730823712,1.5669262143121987,12,62,,GO:BP,1.7368674698795181,blue,Regulation Of Cellular Component Size
GOBP_CARDIAC_MUSCLE_CELL_ACTION_POTENTIAL,0.07494877356218937,0.5730698532370481,2.1304698527929014,5,19,,GO:BP,2.564174107142857,blue,Cardiac Muscle Cell Action Potential
GOBP_MEMBRANE_DOCKING,0.07494877356218937,0.5730698532370481,2.1304698527929014,5,19,,GO:BP,2.564174107142857,blue,Membrane Docking
GOBP_PLATELET_AGGREGATION,0.07494877356218937,0.5730698532370481,2.1304698527929014,5,19,,GO:BP,2.564174107142857,blue,Platelet Aggregation
REACTOME_KEAP1_NFE2L2_PATHWAY,0.17031709251425353,0.5757458236079658,1.395825075967763,10,58,,Reactome,1.49734395750332,blue,Keap1 Nfe2l2 Pathway
GOBP_ACTION_POTENTIAL,0.07816795184238932,0.5842025874536465,1.9429885057471263,6,25,,GO:BP,2.269969040247678,blue,Action Potential
GOBP_TELENCEPHALON_DEVELOPMENT,0.07816795184238932,0.5842025874536465,1.9429885057471263,6,25,,GO:BP,2.269969040247678,blue,Telencephalon Development
HALLMARK_COMPLEMENT,0.1805081146589329,0.5907538297928714,1.4913288969550311,7,38,,Hallmark,1.6188722377444755,blue,Complement
REACTOME_CARGO_RECOGNITION_FOR_CLATHRIN_MEDIATED_ENDOCYTOSIS,0.1876458118834052,0.6142931315340949,1.6191570881226052,5,25,,Reactome,1.7890625,blue,Cargo Recognition For Clathrin Mediated Endocytosis
REACTOME_PROGRAMMED_CELL_DEATH,0.1919728403161356,0.6219120139408143,1.2993235892341894,13,81,,Reactome,1.375237191650854,blue,Programmed Cell Death
GOBP_STEROID_METABOLIC_PROCESS,0.08928462591280387,0.6366502207878003,1.5874089099241229,10,51,,GO:BP,1.759790107861238,blue,Steroid Metabolic Process
GOBP_CELLULAR_RESPONSE_TO_STARVATION,0.09022328562851392,0.6366502207878003,1.7709530651340997,7,32,,GO:BP,2.014015748031496,blue,Cellular Response To Starvation
GOBP_EPITHELIAL_CELL_DEVELOPMENT,0.09022328562851392,0.6366502207878003,1.7709530651340997,7,32,,GO:BP,2.014015748031496,blue,Epithelial Cell Development
GOBP_LYMPHOCYTE_MEDIATED_IMMUNITY,0.09022328562851392,0.6366502207878003,1.7709530651340997,7,32,,GO:BP,2.014015748031496,blue,Lymphocyte Mediated Immunity
GOBP_REGULATION_OF_CARBOHYDRATE_BIOSYNTHETIC_PROCESS,0.09029353784846292,0.6366502207878003,2.0239463601532566,5,20,,GO:BP,2.3919270833333335,blue,Regulation Of Carbohydrate Biosynthetic Process
GOBP_LIPID_HOMEOSTASIS,0.09159052472098134,0.6366502207878003,1.8682581786030061,6,26,,GO:BP,2.155294117647059,blue,Lipid Homeostasis
GOBP_NEGATIVE_REGULATION_OF_PROTEIN_POLYMERIZATION,0.09159052472098134,0.6366502207878003,1.8682581786030061,6,26,,GO:BP,2.155294117647059,blue,Negative Regulation Of Protein Polymerization
GOBP_POSITIVE_REGULATION_OF_PROTEIN_LOCALIZATION_TO_MEMBRANE,0.09159052472098134,0.6366502207878003,1.8682581786030061,6,26,,GO:BP,2.155294117647059,blue,Positive Regulation Of Protein Localization To Membrane
REACTOME_REGULATION_OF_TP53_ACTIVITY,0.1999757635056005,0.6411594067035233,1.7043758822343211,4,19,,Reactome,1.90609597924773,blue,Regulation Of Tp53 Activity
GOBP_REGULATION_OF_SUPRAMOLECULAR_FIBER_ORGANIZATION,0.09312441629125934,0.6428171513438318,1.4286680189317105,15,85,,GO:BP,1.5522648083623694,blue,Regulation Of Supramolecular Fiber Organization
HALLMARK_ESTROGEN_RESPONSE_EARLY,0.22739631991988507,0.6789169244905019,1.6191570881226054,4,20,,Hallmark,1.7859922178988328,blue,Estrogen Response Early
HALLMARK_XENOBIOTIC_METABOLISM,0.2654150754191267,0.6789169244905019,1.2782819116757411,9,57,,Hallmark,1.3422619047619047,blue,Xenobiotic Metabolism
HALLMARK_CHOLESTEROL_HOMEOSTASIS,0.28015956206538845,0.6789169244905019,1.6191570881226054,3,15,,Hallmark,1.7829457364341086,blue,Cholesterol Homeostasis
HALLMARK_HYPOXIA,0.2828820518710425,0.6789169244905019,1.2562425683709868,9,58,,Hallmark,1.314139941690962,blue,Hypoxia
GOBP_CYTOSOLIC_TRANSPORT,0.1030456201856389,0.6914652768688868,1.7172878207360966,7,33,,GO:BP,1.9354936402180496,blue,Cytosolic Transport
GOBP_CELL_COMMUNICATION_INVOLVED_IN_CARDIAC_CONDUCTION,0.10345577450134419,0.6914652768688868,2.158876117496807,4,15,,GO:BP,2.604881499823134,blue,Cell Communication Involved In Cardiac Conduction
GOBP_REGULATION_OF_SODIUM_ION_TRANSPORT,0.10345577450134419,0.6914652768688868,2.158876117496807,4,15,,GO:BP,2.604881499823134,blue,Regulation Of Sodium Ion Transport
GOBP_OLEFINIC_COMPOUND_METABOLIC_PROCESS,0.10617842695825719,0.6914652768688868,1.7990634312473393,6,27,,GO:BP,2.0515406162464984,blue,Olefinic Compound Metabolic Process
GOBP_REGULATION_OF_DNA_BINDING_TRANSCRIPTION_FACTOR_ACTIVITY,0.10617842695825719,0.6914652768688868,1.7990634312473393,6,27,,GO:BP,2.0515406162464984,blue,Regulation Of DNA Binding Transcription Factor Activity
GOBP_HINDBRAIN_DEVELOPMENT,0.1071284231768698,0.6914652768688868,1.9275679620507205,5,21,,GO:BP,2.2412109375,blue,Hindbrain Development
GOBP_POST_GOLGI_VESICLE_MEDIATED_TRANSPORT,0.1071284231768698,0.6914652768688868,1.9275679620507205,5,21,,GO:BP,2.2412109375,blue,Post Golgi Vesicle Mediated Transport
GOBP_PROTEIN_TRANSMEMBRANE_TRANSPORT,0.1071284231768698,0.6914652768688868,1.9275679620507205,5,21,,GO:BP,2.2412109375,blue,Protein Transmembrane Transport
REACTOME_PHASE_I_FUNCTIONALIZATION_OF_COMPOUNDS,0.22739631991988507,0.7072025549508425,1.6191570881226054,4,20,,Reactome,1.7859922178988328,blue,Phase I Functionalization Of Compounds
GOSLIM_CILIUM_ORGANIZATION,0.28364295229447833,0.7091073807361958,1.395825075967763,5,29,,GO Slim,1.4876302083333333,blue,Cilium Organization
HALLMARK_TNFA_SIGNALING_VIA_NFKB,0.3159227397200605,0.7108261643701361,1.5179597701149425,3,16,,Hallmark,1.644901610017889,blue,TNFa Signaling Via Nfkb
GOSLIM_VITAMIN_METABOLIC_PROCESS,0.3159227397200605,0.7180062266365013,1.5179597701149425,3,16,,GO Slim,1.644901610017889,blue,Vitamin Metabolic Process
HALLMARK_DNA_REPAIR,0.360725745185422,0.7184222107887687,1.2649664750957854,5,32,,Hallmark,1.3201678240740742,blue,DNA Repair
HALLMARK_P53_PATHWAY,0.3734559282398444,0.7184222107887687,1.2953256704980842,4,25,,Hallmark,1.3570502130813415,blue,p53 Pathway
HALLMARK_G2M_CHECKPOINT,0.3867004164397084,0.7184222107887687,1.2266341576686404,5,33,,Hallmark,1.2723214285714286,blue,G2M Checkpoint
HALLMARK_ESTROGEN_RESPONSE_LATE,0.4126199690282031,0.7184222107887687,1.190556682443092,5,34,,Hallmark,1.2277747844827587,blue,Estrogen Response Late
HALLMARK_APICAL_JUNCTION,0.4190796229601151,0.7184222107887687,1.1565407772304324,6,42,,Hallmark,1.1869281045751634,blue,Apical Junction
GOBP_REGULATION_OF_HEART_CONTRACTION,0.11663093886503545,0.7395081527501627,1.550256786500367,9,47,,GO:BP,1.7048872180451127,blue,Regulation Of Heart Contraction
GOBP_POSITIVE_REGULATION_OF_SMALL_MOLECULE_METABOLIC_PROCESS,0.11680360159132348,0.7395081527501627,1.666779355420329,7,34,,GO:BP,1.862787984835229,blue,Positive Regulation Of Small Molecule Metabolic Process
GOBP_NEGATIVE_REGULATION_OF_SUPRAMOLECULAR_FIBER_ORGANIZATION,0.12400819286762255,0.7462715566674675,1.579665451826932,8,41,,GO:BP,1.742963229129237,blue,Negative Regulation Of Supramolecular Fiber Organization
GOBP_ENDOSOMAL_TRANSPORT,0.12478175626852236,0.7462715566674675,1.4286680189317105,12,68,,GO:BP,1.5456110154905336,blue,Endosomal Transport
GOBP_ALPHA_BETA_T_CELL_ACTIVATION,0.12518579222847645,0.7462715566674675,2.0239463601532566,4,16,,GO:BP,2.3865110246433203,blue,Alpha Beta T Cell Activation
GOBP_CELLULAR_RESPONSE_TO_ALCOHOL,0.12518579222847645,0.7462715566674675,2.0239463601532566,4,16,,GO:BP,2.3865110246433203,blue,Cellular Response To Alcohol
GOBP_CEREBRAL_CORTEX_DEVELOPMENT,0.12518579222847645,0.7462715566674675,2.0239463601532566,4,16,,GO:BP,2.3865110246433203,blue,Cerebral Cortex Development
GOBP_NEUROTRANSMITTER_SECRETION,0.12518579222847645,0.7462715566674675,2.0239463601532566,4,16,,GO:BP,2.3865110246433203,blue,Neurotransmitter Secretion
GOBP_MYELOID_LEUKOCYTE_ACTIVATION,0.12537962772984615,0.7462715566674675,1.8399512365029607,5,22,,GO:BP,2.1082261029411766,blue,Myeloid Leukocyte Activation
HALLMARK_ANDROGEN_RESPONSE,0.46141307177889074,0.7550395720018213,1.1565407772304324,4,28,,Hallmark,1.185473411154345,blue,Androgen Response
REACTOME_TRANSCRIPTIONAL_REGULATION_BY_RUNX1,0.2556764420754646,0.757343197179128,1.3492975734355044,7,42,,Reactome,1.4307086614173228,blue,Transcriptional Regulation By Runx1
REACTOME_FCGAMMA_RECEPTOR_FCGR_DEPENDENT_PHAGOCYTOSIS,0.25569464856530044,0.757343197179128,1.5420543696405764,4,21,,Reactome,1.680018310826276,blue,Fcgamma Receptor Fcgr Dependent Phagocytosis
GOBP_HORMONE_METABOLIC_PROCESS,0.13146866628971426,0.777856275547476,1.6191570881226056,7,35,,GO:BP,1.795275590551181,blue,Hormone Metabolic Process
GOSLIM_WOUND_HEALING,0.37919943977465703,0.7899988328638688,1.140251470508877,10,71,,GO Slim,1.1697472405460128,blue,Wound Healing
REACTOME_BINDING_AND_UPTAKE_OF_LIGANDS_BY_SCAVENGER_RECEPTORS,0.28015956206538845,0.8142955495545403,1.6191570881226054,3,15,,Reactome,1.7829457364341086,blue,Binding And Uptake Of Ligands By Scavenger Receptors
REACTOME_TRANSLATION_OF_SARS_COV_2_STRUCTURAL_PROTEINS,0.28015956206538845,0.8142955495545403,1.6191570881226054,3,15,,Reactome,1.7829457364341086,blue,Translation Of Sars Cov 2 Structural Proteins
GOBP_EXTRINSIC_APOPTOTIC_SIGNALING_PATHWAY,0.13868445114378605,0.8156943457806115,1.6749900911613158,6,29,,GO:BP,1.8710997442455244,blue,Extrinsic Apoptotic Signaling Pathway
GOBP_ICOSANOID_METABOLIC_PROCESS,0.14495561815982821,0.8208933140555505,1.7599533566550056,5,23,,GO:BP,1.9900173611111112,blue,Icosanoid Metabolic Process
GOBP_GLYCOSYL_COMPOUND_METABOLIC_PROCESS,0.14865271280684014,0.8208933140555505,1.9048906919089472,4,17,,GO:BP,2.201736007183478,blue,Glycosyl Compound Metabolic Process
GOBP_PROSTANOID_METABOLIC_PROCESS,0.14865271280684014,0.8208933140555505,1.9048906919089472,4,17,,GO:BP,2.201736007183478,blue,Prostanoid Metabolic Process
GOBP_REGULATION_OF_CELL_CYCLE_G1_S_PHASE_TRANSITION,0.14865271280684014,0.8208933140555505,1.9048906919089472,4,17,,GO:BP,2.201736007183478,blue,Regulation Of Cell Cycle G1 S Phase Transition
GOBP_REGULATION_OF_RECEPTOR_MEDIATED_ENDOCYTOSIS,0.14865271280684014,0.8208933140555505,1.9048906919089472,4,17,,GO:BP,2.201736007183478,blue,Regulation Of Receptor Mediated Endocytosis
GOBP_T_CELL_MEDIATED_IMMUNITY,0.14865271280684014,0.8208933140555505,1.9048906919089472,4,17,,GO:BP,2.201736007183478,blue,T Cell Mediated Immunity
HALLMARK_GLYCOLYSIS,0.5440570240219724,0.8223117612671819,1.0119731800766283,8,64,,Hallmark,1.0141163184641446,blue,Glycolysis
HALLMARK_EPITHELIAL_MESENCHYMAL_TRANSITION,0.5544813610146714,0.8223117612671819,1.0119731800766283,6,48,,Hallmark,1.0140056022408963,blue,Epithelial Mesenchymal Transition
HALLMARK_E2F_TARGETS,0.5710498342133208,0.8223117612671819,1.0119731800766283,4,32,,Hallmark,1.0138966092273485,blue,E2F Targets
REACTOME_MAPK1_MAPK3_SIGNALING,0.3013266075669093,0.8491351811208832,1.203427565496531,11,74,,Reactome,1.2494603174603174,blue,Mapk1 Mapk3 Signaling
REACTOME_REGULATION_OF_PTEN_STABILITY_AND_ACTIVITY,0.30291209987608647,0.8491351811208832,1.312830071450761,6,37,,Reactome,1.3821631878557874,blue,Regulation Of Pten Stability And Activity
REACTOME_RHOH_GTPASE_CYCLE,0.3159227397200605,0.8491351811208832,1.5179597701149425,3,16,,Reactome,1.644901610017889,blue,Rhoh Gtpase Cycle
REACTOME_VISUAL_PHOTOTRANSDUCTION,0.3159227397200605,0.8491351811208832,1.5179597701149425,3,16,,Reactome,1.644901610017889,blue,Visual Phototransduction
REACTOME_ABC_FAMILY_PROTEINS_MEDIATED_TRANSPORT,0.3258628471043027,0.8491351811208832,1.278281911675741,6,38,,Reactome,1.338235294117647,blue,Abc Family Proteins Mediated Transport
REACTOME_UCH_PROTEINASES,0.3258628471043027,0.8491351811208832,1.278281911675741,6,38,,Reactome,1.338235294117647,blue,Uch Proteinases
REACTOME_FORMATION_OF_PARAXIAL_MESODERM,0.3348097838045185,0.8491351811208832,1.3057718452601654,5,31,,Reactome,1.3716947115384615,blue,Formation Of Paraxial Mesoderm
REACTOME_GASTRULATION,0.3348097838045185,0.8491351811208832,1.3057718452601654,5,31,,Reactome,1.3716947115384615,blue,Gastrulation
REACTOME_DEGRADATION_OF_BETA_CATENIN_BY_THE_DESTRUCTION_COMPLEX,0.3490431855972335,0.8491351811208832,1.2455054524020042,6,39,,Reactome,1.2969696969696969,blue,Degradation Of Beta Catenin By The Destruction Complex
REACTOME_TRANSCRIPTIONAL_REGULATION_BY_RUNX3,0.360725745185422,0.8491351811208832,1.2649664750957854,5,32,,Reactome,1.3201678240740742,blue,Transcriptional Regulation By Runx3
REACTOME_ESR_MEDIATED_SIGNALING,0.3734559282398444,0.8491351811208832,1.2953256704980842,4,25,,Reactome,1.3570502130813415,blue,Esr Mediated Signaling
REACTOME_APC_C_CDH1_MEDIATED_DEGRADATION_OF_CDC20_AND_OTHER_APC_C_CDH1_TARGETED_PROTEINS_IN_LATE_MITOSIS_EARLY_G1,0.3867004164397084,0.8491351811208832,1.2266341576686404,5,33,,Reactome,1.2723214285714286,blue,Apc C Cdh1 Mediated Degradation Of Cdc20 And Other Apc C Cdh1 Targeted Proteins In Late Mitosis Early G1
REACTOME_METABOLISM_OF_POLYAMINES,0.3867004164397084,0.8491351811208832,1.2266341576686404,5,33,,Reactome,1.2723214285714286,blue,Metabolism Of Polyamines
REACTOME_MITF_M_REGULATED_MELANOCYTE_DEVELOPMENT,0.3867004164397084,0.8491351811208832,1.2266341576686404,5,33,,Reactome,1.2723214285714286,blue,Mitf M Regulated Melanocyte Development
REACTOME_DISORDERS_OF_TRANSMEMBRANE_TRANSPORTERS,0.3957363114051648,0.8491351811208832,1.184749088870199,6,41,,Reactome,1.2215126050420169,blue,Disorders Of Transmembrane Transporters
REACTOME_MAPK6_MAPK4_SIGNALING,0.3957363114051648,0.8491351811208832,1.184749088870199,6,41,,Reactome,1.2215126050420169,blue,Mapk6 Mapk4 Signaling
REACTOME_TRANSCRIPTIONAL_REGULATION_BY_RUNX2,0.3957363114051648,0.8491351811208832,1.184749088870199,6,41,,Reactome,1.2215126050420169,blue,Transcriptional Regulation By Runx2
REACTOME_G_ALPHA_I_SIGNALLING_EVENTS,0.43244693399169143,0.8491351811208832,1.1993756208315594,4,27,,Reactome,1.2376924378277787,blue,G Alpha I Signalling Events
REACTOME_RHOA_GTPASE_CYCLE,0.43244693399169143,0.8491351811208832,1.1993756208315594,4,27,,Reactome,1.2376924378277787,blue,Rhoa Gtpase Cycle
REACTOME_CYCLIN_A_CDK2_ASSOCIATED_EVENTS_AT_S_PHASE_ENTRY,0.43837827764677145,0.8491351811208832,1.1565407772304324,5,35,,Reactome,1.1861979166666667,blue,Cyclin A Cdk2 Associated Events At S Phase Entry
REACTOME_ORC1_REMOVAL_FROM_CHROMATIN,0.43837827764677145,0.8491351811208832,1.1565407772304324,5,35,,Reactome,1.1861979166666667,blue,Orc1 Removal From Chromatin
REACTOME_SIGNALING_BY_NOTCH4,0.43837827764677145,0.8491351811208832,1.1565407772304324,5,35,,Reactome,1.1861979166666667,blue,Signaling By Notch4
REACTOME_TNFR2_NON_CANONICAL_NF_KB_PATHWAY,0.43837827764677145,0.8491351811208832,1.1565407772304324,5,35,,Reactome,1.1861979166666667,blue,Tnfr2 Non Canonical NF-kB Pathway
REACTOME_CIRCADIAN_CLOCK,0.44231478887968834,0.8491351811208832,1.1296444800855387,6,43,,Reactome,1.1542130365659777,blue,Circadian Clock
REACTOME_PTEN_REGULATION,0.44231478887968834,0.8491351811208832,1.1296444800855387,6,43,,Reactome,1.1542130365659777,blue,Pten Regulation
REACTOME_SIGNALING_BY_THE_B_CELL_RECEPTOR_BCR,0.44231478887968834,0.8491351811208832,1.1296444800855387,6,43,,Reactome,1.1542130365659777,blue,Signaling By The B Cell Receptor Bcr
REACTOME_DEUBIQUITINATION,0.44868088095252756,0.8560721102836569,1.087493566649511,9,67,,Reactome,1.104679802955665,blue,Deubiquitination
REACTOME_SIGNALING_BY_VEGF,0.45696376896970836,0.8581129608290786,1.214367816091954,3,20,,Reactome,1.2551299589603284,blue,Signaling By Vegf
REACTOME_CLEC7A_DECTIN_1_SIGNALING,0.46536829160271287,0.8581129608290786,1.1039707419017764,6,44,,Reactome,1.123219814241486,blue,Clec7a Dectin 1 Signaling
REACTOME_DEGRADATION_OF_THE_EXTRACELLULAR_MATRIX,0.48985629089639676,0.8817813962844382,1.1166600607742105,4,29,,Reactome,1.137431906614786,blue,Degradation Of The Extracellular Matrix
REACTOME_DETOXIFICATION_OF_REACTIVE_OXYGEN_SPECIES,0.4905086223704431,0.8817813962844382,1.1565407772304324,3,21,,Reactome,1.1847545219638242,blue,Detoxification Of Reactive Oxygen Species
REACTOME_OPIOID_SIGNALLING,0.4905086223704431,0.8817813962844382,1.1565407772304324,3,21,,Reactome,1.1847545219638242,blue,Opioid Signalling
REACTOME_PROTEIN_UBIQUITINATION,0.4905086223704431,0.8817813962844382,1.1565407772304324,3,21,,Reactome,1.1847545219638242,blue,Protein Ubiquitination
GOBP_REGULATION_OF_MEMBRANE_POTENTIAL,0.17023535288766348,0.8887350695345777,1.3700559976422046,11,65,,GO:BP,1.4650370370370371,blue,Regulation Of Membrane Potential
GOBP_CELL_CYCLE_G2_M_PHASE_TRANSITION,0.1736542919385666,0.8887350695345777,1.7990634312473393,4,18,,GO:BP,2.0433574207893273,blue,Cell Cycle G2 M Phase Transition
GOBP_NEGATIVE_REGULATION_OF_CELL_GROWTH,0.1736542919385666,0.8887350695345777,1.7990634312473393,4,18,,GO:BP,2.0433574207893273,blue,Negative Regulation Of Cell Growth
GOBP_POSITIVE_REGULATION_OF_REACTIVE_OXYGEN_SPECIES_METABOLIC_PROCESS,0.1736542919385666,0.8887350695345777,1.7990634312473393,4,18,,GO:BP,2.0433574207893273,blue,Positive Regulation Of Reactive Oxygen Species Metabolic Process
GOBP_REGULATION_OF_MONONUCLEAR_CELL_MIGRATION,0.1736542919385666,0.8887350695345777,1.7990634312473393,4,18,,GO:BP,2.0433574207893273,blue,Regulation Of Mononuclear Cell Migration
GOBP_TERPENOID_METABOLIC_PROCESS,0.1736542919385666,0.8887350695345777,1.7990634312473393,4,18,,GO:BP,2.0433574207893273,blue,Terpenoid Metabolic Process
GOBP_NEGATIVE_REGULATION_OF_PROTEOLYSIS,0.17524353483780405,0.8887350695345777,1.5669262143121987,6,31,,GO:BP,1.719529411764706,blue,Negative Regulation Of Proteolysis
GOBP_PROTEIN_DEPOLYMERIZATION,0.17524353483780405,0.8887350695345777,1.5669262143121987,6,31,,GO:BP,1.719529411764706,blue,Protein Depolymerization
GOBP_REGULATION_OF_LIPID_BIOSYNTHETIC_PROCESS,0.17524353483780405,0.8887350695345777,1.5669262143121987,6,31,,GO:BP,1.719529411764706,blue,Regulation Of Lipid Biosynthetic Process
REACTOME_CELLULAR_RESPONSE_TO_HYPOXIA,0.5137503563731756,0.9130077761831863,1.0652349263964507,5,38,,Reactome,1.0765861742424243,blue,Cellular Response To Hypoxia
GOBP_CELL_SURFACE_RECEPTOR_PROTEIN_SERINE_THREONINE_KINASE_SIGNALING_PATHWAY,0.18319859680833844,0.9150723880778312,1.4392507449978713,8,45,,GO:BP,1.5511163337250293,blue,Cell Surface Receptor Protein Serine Threonine Kinase Signaling Pathway
GOBP_REGULATION_OF_ORGANELLE_ASSEMBLY,0.18319859680833844,0.9150723880778312,1.4392507449978713,8,45,,GO:BP,1.5511163337250293,blue,Regulation Of Organelle Assembly
REACTOME_INTRACELLULAR_SIGNALING_BY_SECOND_MESSENGERS,0.5251281741594473,0.9279253532022053,1.028036246427051,8,63,,Reactome,1.0331297161336688,blue,Intracellular Signaling By Second Messengers
GOBP_CELL_ACTIVATION_INVOLVED_IN_IMMUNE_RESPONSE,0.1876458118834052,0.9279598856323621,1.6191570881226052,5,25,,GO:BP,1.7890625,blue,Cell Activation Involved In Immune Response
REACTOME_CELL_CELL_COMMUNICATION,0.5447593230848333,0.9360229253004594,1.0446174762081324,4,31,,Reactome,1.0520247874333477,blue,Cell Cell Communication
REACTOME_MITOTIC_PROPHASE,0.554354319815079,0.9423153184456984,1.0559720139930033,3,23,,Reactome,1.0651162790697675,blue,Mitotic Prophase
REACTOME_INTERLEUKIN_1_FAMILY_SIGNALING,0.5544813610146714,0.9423153184456984,1.0119731800766283,6,48,,Reactome,1.0140056022408963,blue,Interleukin 1 Family Signaling
REACTOME_DOWNSTREAM_TCR_SIGNALING,0.5616303944374476,0.9426858456126276,1.0119731800766283,5,40,,Reactome,1.0139508928571428,blue,Downstream Tcr Signaling
REACTOME_RAB_GERANYLGERANYLATION,0.5698551092449324,0.9426858456126276,1.0794380587484036,2,15,,Reactome,1.0923670923670923,blue,Rab Geranylgeranylation
REACTOME_REGULATED_NECROSIS,0.5698551092449324,0.9426858456126276,1.0794380587484036,2,15,,Reactome,1.0923670923670923,blue,Regulated Necrosis
REACTOME_RHOD_GTPASE_CYCLE,0.5698551092449324,0.9426858456126276,1.0794380587484036,2,15,,Reactome,1.0923670923670923,blue,Rhod Gtpase Cycle
REACTOME_COPII_MEDIATED_VESICLE_TRANSPORT,0.584444035556831,0.9470456011627406,1.0119731800766283,3,24,,Reactome,1.013842746400886,blue,Copii Mediated Vesicle Transport
REACTOME_ION_HOMEOSTASIS,0.584444035556831,0.9470456011627406,1.0119731800766283,3,24,,Reactome,1.013842746400886,blue,Ion Homeostasis
REACTOME_RAB_REGULATION_OF_TRAFFICKING,0.584444035556831,0.9470456011627406,1.0119731800766283,3,24,,Reactome,1.013842746400886,blue,Rab Regulation Of Trafficking
REACTOME_S_PHASE,0.5846712393030424,0.9470456011627406,0.9872909073918325,5,41,,Reactome,0.9852430555555556,blue,S Phase
REACTOME_METABOLISM_OF_VITAMINS_AND_COFACTORS,0.5964340016082167,0.9472703085057094,0.9714942528735632,6,50,,Reactome,0.9668449197860962,blue,Metabolism Of Vitamins And Cofactors
REACTOME_ANTIGEN_PROCESSING_UB_ATP_INDEPENDENT_PROTEASOMAL_DEGRADATION,0.6061311620341999,0.9472703085057094,1.0119731800766283,2,16,,Reactome,1.0137892995035853,blue,Antigen Processing Ub ATP Independent Proteasomal Degradation
REACTOME_COLLAGEN_BIOSYNTHESIS_AND_MODIFYING_ENZYMES,0.6061311620341999,0.9472703085057094,1.0119731800766283,2,16,,Reactome,1.0137892995035853,blue,Collagen Biosynthesis And Modifying Enzymes
REACTOME_MAP2K_AND_MAPK_ACTIVATION,0.6061311620341999,0.9472703085057094,1.0119731800766283,2,16,,Reactome,1.0137892995035853,blue,Map2k And Mapk Activation
REACTOME_MTOR_SIGNALLING,0.6061311620341999,0.9472703085057094,1.0119731800766283,2,16,,Reactome,1.0137892995035853,blue,Mtor Signalling
REACTOME_NCAM_SIGNALING_FOR_NEURITE_OUT_GROWTH,0.6061311620341999,0.9472703085057094,1.0119731800766283,2,16,,Reactome,1.0137892995035853,blue,Ncam Signaling For Neurite Out Growth
REACTOME_RHO_GTPASES_ACTIVATE_PAKS,0.6061311620341999,0.9472703085057094,1.0119731800766283,2,16,,Reactome,1.0137892995035853,blue,Rho Gtpases Activate Paks
GOSLIM_MUSCLE_SYSTEM_PROCESS,0.4936438711945907,0.9493151369126744,1.0270772573912048,17,134,,GO Slim,1.033172201204988,blue,Muscle System Process
GOBP_NEURON_MIGRATION,0.1999757635056005,0.9510809039452962,1.7043758822343211,4,19,,GO:BP,1.90609597924773,blue,Neuron Migration
GOBP_SODIUM_ION_TRANSPORT,0.1999757635056005,0.9510809039452962,1.7043758822343211,4,19,,GO:BP,1.90609597924773,blue,Sodium Ion Transport
GOBP_T_CELL_PROLIFERATION,0.1999757635056005,0.9510809039452962,1.7043758822343211,4,19,,GO:BP,1.90609597924773,blue,T Cell Proliferation
REACTOME_CARDIAC_CONDUCTION,0.6132151411000565,0.9535495444105878,0.9714942528735632,3,25,,Reactome,0.96723044397463,blue,Cardiac Conduction
REACTOME_CDC42_GTPASE_CYCLE,0.6400464747166601,0.9662837555188412,0.9524453459544736,2,17,,Reactome,0.9456885456885457,blue,Cdc42 Gtpase Cycle
REACTOME_DRUG_ADME,0.6400464747166601,0.9662837555188412,0.9524453459544736,2,17,,Reactome,0.9456885456885457,blue,Drug Adme
REACTOME_IRON_UPTAKE_AND_TRANSPORT,0.6400464747166601,0.9662837555188412,0.9524453459544736,2,17,,Reactome,0.9456885456885457,blue,Iron Uptake And Transport
REACTOME_RHOC_GTPASE_CYCLE,0.6400464747166601,0.9662837555188412,0.9524453459544736,2,17,,Reactome,0.9456885456885457,blue,Rhoc Gtpase Cycle
REACTOME_METABOLISM_OF_NUCLEOTIDES,0.6445546728527558,0.966729373875929,0.925232621784346,4,35,,Reactome,0.91427136939877,blue,Metabolism Of Nucleotides
REACTOME_SIGNALING_BY_NOTCH,0.6496670068812513,0.966729373875929,0.9199756182514803,5,44,,Reactome,0.9079527243589743,blue,Signaling By Notch
GOBP_REGULATION_OF_RESPONSE_TO_ENDOPLASMIC_RETICULUM_STRESS,0.2105161183506487,0.9778178581333871,1.556881815502505,5,26,,GO:BP,1.7029389880952381,blue,Regulation Of Response To Endoplasmic Reticulum Stress
GOBP_RESPONSE_TO_TYPE_II_INTERFERON,0.2105161183506487,0.9778178581333871,1.556881815502505,5,26,,GO:BP,1.7029389880952381,blue,Response To Type Ii Interferon
REACTOME_PLATELET_HOMEOSTASIS,0.6716286938173438,0.9852666215905375,0.8995317156236696,2,18,,Reactome,0.8861003861003861,blue,Platelet Homeostasis
HALLMARK_IL2_STAT5_SIGNALING,0.7145144719492919,0.9893277303913272,0.8374950455806579,3,29,,Hallmark,0.8166368515205724,blue,IL2 Stat5 Signaling
GOSLIM_GLYCOPROTEIN_METABOLIC_PROCESS,0.554354319815079,0.9899184282412126,1.0559720139930033,3,23,,GO Slim,1.0651162790697675,blue,Glycoprotein Metabolic Process
REACTOME_DEVELOPMENTAL_CELL_LINEAGES,0.7009345811355917,0.9999571318035276,0.8521879411171606,2,19,,Reactome,0.8335225982284806,blue,Developmental Cell Lineages
REACTOME_RHO_GTPASES_ACTIVATE_PKNS,0.7009345811355917,0.9999571318035276,0.8521879411171606,2,19,,Reactome,0.8335225982284806,blue,Rho Gtpases Activate Pkns
REACTOME_SEMAPHORIN_INTERACTIONS,0.7009345811355917,0.9999571318035276,0.8521879411171606,2,19,,Reactome,0.8335225982284806,blue,Semaphorin Interactions
REACTOME_TOLL_LIKE_RECEPTOR_9_TLR9_CASCADE,0.7009345811355917,0.9999571318035276,0.8521879411171606,2,19,,Reactome,0.8335225982284806,blue,Toll Like Receptor 9 Tlr9 Cascade
GOSLIM_AMINO_ACID_METABOLIC_PROCESS,0.7095611758206484,0.9999995666147403,0.8905363984674329,11,100,,GO Slim,0.8715955056179775,blue,Amino Acid Metabolic Process
GOSLIM_KETONE_METABOLIC_PROCESS,0.7427837586803587,0.9999995666147403,0.8261005551645945,5,49,,GO Slim,0.8025568181818182,blue,Ketone Metabolic Process
GOSLIM_DNA_REPLICATION,0.8650008851986477,0.9999995666147403,0.5996878104157797,2,27,,GO Slim,0.5643243243243243,blue,DNA Replication
GOSLIM_EXTRACELLULAR_MATRIX_ORGANIZATION,0.8782972111696252,0.9999995666147403,0.6227527262010021,3,39,,GO Slim,0.58656330749354,blue,Extracellular Matrix Organization
GOSLIM_CYTOPLASMIC_TRANSLATION,0.9642567315879417,0.9999995666147403,0.622752726201002,9,117,,GO Slim,0.5767195767195767,blue,Cytoplasmic Translation
GOSLIM_RIBOSOME_BIOGENESIS,0.9790591355156261,0.9999995666147403,0.42609397055858034,3,57,,GO Slim,0.3871662360034453,blue,Ribosome Biogenesis
GOSLIM_DETOXIFICATION,0.9852529148186939,0.9999995666147403,0.3445015081111926,2,47,,GO Slim,0.3100815100815101,blue,Detoxification
GOSLIM_DNA_RECOMBINATION,0.9904826971188164,0.9999995666147403,0.2313081554460865,1,35,,GO Slim,0.20565610859728506,blue,DNA Recombination
GOSLIM_CYTOKINESIS,0.9944387670887462,0.9999995666147403,0.20758424206700068,1,39,,GO Slim,0.18360323886639676,blue,Cytokinesis
GOSLIM_MITOCHONDRION_ORGANIZATION,0.999984566914554,0.9999995666147403,0.29618727221754976,6,164,,GO Slim,0.252271034996277,blue,Mitochondrion Organization
GOSLIM_GENERATION_OF_PRECURSOR_METABOLITES_AND_ENERGY,0.9999995666147403,0.9999995666147403,0.2904317646856691,8,223,,GO Slim,0.24075742255722032,blue,Generation Of Precursor Metabolites And Energy
GOBP_ATP_SYNTHESIS_COUPLED_ELECTRON_TRANSPORT,2.0591596353998105e-60,2.0468046775874116e-57,10.510750962772786,62,76,,GO:BP,84.0126050420168,green,ATP Synthesis Coupled Electron Transport
REACTOME_RESPIRATORY_ELECTRON_TRANSPORT,5.097025342628517e-52,1.585174881557469e-49,8.098606271777005,66,105,,Reactome,32.982731554160125,green,Respiratory Electron Transport
GOBP_CELLULAR_RESPIRATION,2.3178248205417204e-41,4.6078357432369404e-39,6.036628006140202,67,143,,GO:BP,17.022653282691266,green,Cellular Respiration
GOBP_PROTON_TRANSMEMBRANE_TRANSPORT,1.3399583789331969e-39,2.2198643810993293e-37,7.759769955654103,53,88,,GO:BP,26.11119691119691,green,Proton Transmembrane Transport
KEGG_MEDICUS_REFERENCE_ELECTRON_TRANSFER_IN_COMPLEX_I,1.2729988462657686e-36,1.336648788579057e-35,11.312908982748365,36,41,,KEGG,109.35,green,Reference Electron Transfer In Complex I
REACTOME_COMPLEX_I_BIOGENESIS,6.287522166243287e-33,6.518064645672208e-31,9.728845196615232,37,49,,Reactome,47.02690288713911,green,Complex I Biogenesis
GOSLIM_MITOCHONDRION_ORGANIZATION,3.4702562920225895e-31,8.675640730056474e-30,4.870835812016657,62,164,,GO Slim,11.006728181468667,green,Mitochondrion Organization
KEGG_MEDICUS_REFERENCE_MITOCHONDRIAL_COMPLEX_UCP1_IN_THERMOGENESIS,3.2895579859691023e-29,1.1513452950891859e-28,9.018902439024389,35,50,,KEGG,34.98191214470284,green,Reference Mitochondrial Complex Ucp1 In Thermogenesis
HALLMARK_OXIDATIVE_PHOSPHORYLATION,1.5603346754612653e-29,5.617204831660555e-28,4.872850218886804,59,156,,Hallmark,10.728325969563082,green,OXPHOS
GOBP_GENERATION_OF_PRECURSOR_METABOLITES_AND_ENERGY,8.140494570122534e-30,8.990724003001998e-28,4.062568666227203,70,222,,GO:BP,8.80389137737962,green,Generation Of Precursor Metabolites And Energy
GOSLIM_GENERATION_OF_PRECURSOR_METABOLITES_AND_ENERGY,9.737352051594448e-29,1.217169006449306e-27,3.986574428524554,69,223,,GO Slim,8.465823650034176,green,Generation Of Precursor Metabolites And Energy
GOBP_PROTON_MOTIVE_FORCE_DRIVEN_ATP_SYNTHESIS,8.068874327930716e-28,8.020461081963132e-26,7.945223577235772,37,60,,GO:BP,24.396439575487847,green,Proton Motive Force Driven ATP Synthesis
GOBP_RIBOSE_PHOSPHATE_BIOSYNTHETIC_PROCESS,8.043106876419078e-20,6.149883257815819e-18,5.208484691229891,38,94,,GO:BP,10.194727891156463,green,Ribose Phosphate Biosynthetic Process
KEGG_MEDICUS_REFERENCE_ELECTRON_TRANSFER_IN_COMPLEX_IV,1.2138489244075516e-17,3.186353426569823e-17,12.884146341463415,15,15,,KEGG,Inf,green,Reference Electron Transfer In Complex Iv
GOBP_MITOCHONDRION_ORGANIZATION,1.1383986307635593e-18,7.543788259859853e-17,4.03177368508379,46,147,,GO:BP,7.132740392683336,green,Mitochondrion Organization
GOBP_MITOCHONDRIAL_ELECTRON_TRANSPORT_CYTOCHROME_C_TO_OXYGEN,1.3681803825083836e-17,7.99983117772549e-16,12.12625538020086,16,17,,GO:BP,210.59459459459458,green,Mitochondrial Electron Transport Cytochrome C To Oxygen
GOBP_ATP_METABOLIC_PROCESS,3.8885695762056903e-16,2.0343358730255034e-14,4.118702518992403,39,122,,GO:BP,7.014361445783132,green,ATP Metabolic Process
GOBP_MITOCHONDRIAL_RESPIRATORY_CHAIN_COMPLEX_ASSEMBLY,1.6522273540251424e-15,7.820542809052341e-14,6.891520136131595,23,43,,GO:BP,15.732978723404255,green,Mitochondrial Respiratory Chain Complex Assembly
REACTOME_COMPLEX_IV_ASSEMBLY,1.2711670190988675e-15,9.883323573493695e-14,9.276585365853657,18,25,,Reactome,34.20352250489237,green,Complex Iv Assembly
REACTOME_CYTOPROTECTION_BY_HMOX1,4.2575704123401483e-14,2.6482087964755722e-12,9.37028824833703,16,22,,Reactome,35.009009009009006,green,Cytoprotection By Hmox1
GOBP_NADH_DEHYDROGENASE_COMPLEX_ASSEMBLY,8.533288911045602e-12,3.5342038239913867e-10,8.052591463414634,15,24,,GO:BP,21.700223713646533,green,NADH Dehydrogenase Complex Assembly
GOBP_NUCLEOTIDE_METABOLIC_PROCESS,6.184053251925252e-11,2.45877957296548e-9,2.7563099138454072,43,201,,GO:BP,4.02829793911497,green,Nucleotide Metabolic Process
REACTOME_MITOCHONDRIAL_PROTEIN_IMPORT,7.601514970037871e-11,3.9401185928029635e-9,5.563608647450112,19,44,,Reactome,10.084413793103447,green,Mitochondrial Protein Import
REACTOME_TP53_REGULATES_METABOLIC_GENES,1.772916970947201e-9,7.876816828065422e-8,5.3422070196311715,17,41,,Reactome,9.27579365079365,green,Tp53 Regulates Metabolic Genes
REACTOME_PROTEIN_LOCALIZATION,9.765585645368067e-8,3.796371419636836e-6,3.5600930680359433,21,76,,Reactome,5.057088366179276,green,Protein Localization
GOBP_MITOCHONDRIAL_TRANSPORT,1.1916362133127621e-7,4.555716907818791e-6,3.8249809451219514,19,64,,GO:BP,5.544214559386973,green,Mitochondrial Transport
GOBP_ESTABLISHMENT_OF_PROTEIN_LOCALIZATION_TO_MITOCHONDRIAL_MEMBRANE,1.5453552154694266e-7,5.689196608061519e-6,7.157859078590786,10,18,,GO:BP,15.75487012987013,green,Establishment Of Protein Localization To Mitochondrial Membrane
GOBP_MITOCHONDRIAL_MEMBRANE_ORGANIZATION,2.967180061187338e-7,1.053348921721505e-5,4.207068193130911,16,49,,GO:BP,6.276822276822277,green,Mitochondrial Membrane Organization
REACTOME_TRANSCRIPTIONAL_REGULATION_BY_TP53,3.846992082404522e-7,1.3293494862531183e-5,3.7405586152635717,18,62,,Reactome,5.337795765877957,green,Transcriptional Regulation By Tp53
REACTOME_MITOCHONDRIAL_PROTEIN_DEGRADATION,2.2861994710958288e-6,7.110080355108028e-5,3.221036585365854,19,76,,Reactome,4.349425287356322,green,Mitochondrial Protein Degradation
GOBP_INNER_MITOCHONDRIAL_MEMBRANE_ORGANIZATION,4.482697695448825e-6,1.536483279060735e-4,4.887089991589571,11,29,,GO:BP,7.71278140885984,green,Inner Mitochondrial Membrane Organization
REACTOME_COMPLEX_III_ASSEMBLY,8.379987717722743e-6,2.369251072919794e-4,6.442073170731708,8,16,,Reactome,12.442307692307692,green,Complex Iii Assembly
GOBP_IMPORT_INTO_THE_MITOCHONDRION,6.253811667959104e-5,0.002072096265983783,5.153658536585366,8,20,,GO:BP,8.277777777777779,green,Import Into The Mitochondrion
REACTOME_PINK1_PRKN_MEDIATED_MITOPHAGY,9.400059236513766e-5,0.0024361820187964846,5.636814024390245,7,16,,Reactome,9.610757254069355,green,Pink1 Prkn Mediated Mitophagy
GOBP_PROTEIN_LOCALIZATION_TO_MITOCHONDRION,2.2844050242351395e-4,0.007095933106530402,2.9909625435540073,13,56,,GO:BP,3.8161096565532113,green,Protein Localization To Mitochondrion
HALLMARK_ADIPOGENESIS,0.0012009235866435634,0.02161662455958414,2.147357723577236,18,108,,Hallmark,2.5465753424657533,green,Adipogenesis
REACTOME_CELLULAR_RESPONSE_TO_CHEMICAL_STRESS,0.001804124990027882,0.04007734799276224,2.193046185781007,16,94,,Reactome,2.593208593208593,green,Cellular Response To Chemical Stress
GOBP_ESTABLISHMENT_OF_PROTEIN_LOCALIZATION_TO_MEMBRANE,0.0016647533719156913,0.04866955446129992,2.5768292682926828,12,60,,GO:BP,3.1266447368421053,green,Establishment Of Protein Localization To Membrane
REACTOME_CRISTAE_FORMATION,0.014971357765522497,0.31040615100516644,2.863143631436314,6,27,,Reactome,3.4864376130198913,green,Cristae Formation
REACTOME_SELECTIVE_AUTOPHAGY,0.035333495265939915,0.6867948142317071,2.199732302201071,7,41,,Reactome,2.511240164855751,green,Selective Autophagy
GOBP_PROTEIN_TRANSMEMBRANE_IMPORT_INTO_INTRACELLULAR_ORGANELLE,0.024253650096946567,0.6888036627532824,3.4357723577235775,4,15,,GO:BP,4.404545454545454,green,Protein Transmembrane Import Into Intracellular Organelle
REACTOME_MITOCHONDRIAL_BIOGENESIS,0.03972697192236003,0.7267698981090569,2.147357723577236,7,42,,Reactome,2.438216560509554,green,Mitochondrial Biogenesis
REACTOME_RHOG_GTPASE_CYCLE,0.05289268451817057,0.9138680491750583,2.3859530261969284,5,27,,Reactome,2.754431103487707,green,Rhog Gtpase Cycle
