classifier,fpr,tpr
Age|proteins,1,1
Age|proteins,0.5333333333333333,1
Age|proteins,0.4666666666666667,1
Age|proteins,0.4,1
Age|proteins,0.33333333333333337,1
Age|proteins,0.2666666666666667,1
Age|proteins,0.19999999999999996,1
Age|proteins,0.1333333333333333,1
Age|proteins,0.06666666666666665,1
Age|proteins,0.06666666666666665,0.9333333333333333
Age|proteins,0,0.9333333333333333
Age|proteins,0,0.8666666666666667
Age|proteins,0,0.8
Age|proteins,0,0.7333333333333333
Age|proteins,0,0.6666666666666666
Age|proteins,0,0.6
Age|proteins,0,0.5333333333333333
Age|proteins,0,0.4666666666666667
Age|proteins,0,0
Age|pheno,1,1
Age|pheno,0.9333333333333333,1
Age|pheno,0.8666666666666667,1
Age|pheno,0.8,1
Age|pheno,0.7333333333333334,1
Age|pheno,0.6666666666666667,1
Age|pheno,0.6,1
Age|pheno,0.6,0.9333333333333333
Age|pheno,0.5333333333333333,0.9333333333333333
Age|pheno,0.4666666666666667,0.9333333333333333
Age|pheno,0.4,0.9333333333333333
Age|pheno,0.33333333333333337,0.9333333333333333
Age|pheno,0.2666666666666667,0.9333333333333333
Age|pheno,0.19999999999999996,0.9333333333333333
Age|pheno,0.19999999999999996,0.8666666666666667
Age|pheno,0.1333333333333333,0.8666666666666667
Age|pheno,0.1333333333333333,0.8
Age|pheno,0.1333333333333333,0.7333333333333333
Age|pheno,0.1333333333333333,0.6666666666666666
Age|pheno,0.1333333333333333,0.6
Age|pheno,0.1333333333333333,0.5333333333333333
Age|pheno,0.1333333333333333,0.4666666666666667
Age|pheno,0.1333333333333333,0.4
Age|pheno,0.1333333333333333,0.3333333333333333
Age|pheno,0.1333333333333333,0.26666666666666666
Age|pheno,0.1333333333333333,0.2
Age|pheno,0.1333333333333333,0.13333333333333333
Age|pheno,0.06666666666666665,0.13333333333333333
Age|pheno,0.06666666666666665,0.06666666666666667
Age|pheno,0.06666666666666665,0
Age|pheno,0,0
Age|ME+pheno,1,1
Age|ME+pheno,0.9333333333333333,1
Age|ME+pheno,0.8666666666666667,1
Age|ME+pheno,0.8,1
Age|ME+pheno,0.7333333333333334,1
Age|ME+pheno,0.6666666666666667,1
Age|ME+pheno,0.6,1
Age|ME+pheno,0.5333333333333333,1
Age|ME+pheno,0.4666666666666667,1
Age|ME+pheno,0.4,1
Age|ME+pheno,0.33333333333333337,1
Age|ME+pheno,0.2666666666666667,1
Age|ME+pheno,0.19999999999999996,1
Age|ME+pheno,0.1333333333333333,1
Age|ME+pheno,0.1333333333333333,0.9333333333333333
Age|ME+pheno,0.1333333333333333,0.8666666666666667
Age|ME+pheno,0.1333333333333333,0.8
Age|ME+pheno,0.1333333333333333,0.7333333333333333
Age|ME+pheno,0.1333333333333333,0.6666666666666666
Age|ME+pheno,0.1333333333333333,0.6
Age|ME+pheno,0.1333333333333333,0.5333333333333333
Age|ME+pheno,0.1333333333333333,0.4666666666666667
Age|ME+pheno,0.1333333333333333,0.4
Age|ME+pheno,0.1333333333333333,0.3333333333333333
Age|ME+pheno,0.1333333333333333,0.26666666666666666
Age|ME+pheno,0.1333333333333333,0.2
Age|ME+pheno,0.1333333333333333,0.13333333333333333
Age|ME+pheno,0.1333333333333333,0.06666666666666667
Age|ME+pheno,0,0
ΔVL-resp|ME_Pre,1,1
ΔVL-resp|ME_Pre,0.9333333333333333,1
ΔVL-resp|ME_Pre,0.9333333333333333,0.9333333333333333
ΔVL-resp|ME_Pre,0.8666666666666667,0.9333333333333333
ΔVL-resp|ME_Pre,0.8,0.9333333333333333
ΔVL-resp|ME_Pre,0.8,0.8666666666666667
ΔVL-resp|ME_Pre,0.7333333333333334,0.8666666666666667
ΔVL-resp|ME_Pre,0.6666666666666667,0.8666666666666667
ΔVL-resp|ME_Pre,0.6,0.8666666666666667
ΔVL-resp|ME_Pre,0.6,0.8
ΔVL-resp|ME_Pre,0.5333333333333333,0.8
ΔVL-resp|ME_Pre,0.5333333333333333,0.7333333333333333
ΔVL-resp|ME_Pre,0.4666666666666667,0.7333333333333333
ΔVL-resp|ME_Pre,0.4,0.7333333333333333
ΔVL-resp|ME_Pre,0.4,0.6666666666666666
ΔVL-resp|ME_Pre,0.4,0.6
ΔVL-resp|ME_Pre,0.4,0.5333333333333333
ΔVL-resp|ME_Pre,0.33333333333333337,0.5333333333333333
ΔVL-resp|ME_Pre,0.33333333333333337,0.4666666666666667
ΔVL-resp|ME_Pre,0.33333333333333337,0.4
ΔVL-resp|ME_Pre,0.2666666666666667,0.4
ΔVL-resp|ME_Pre,0.2666666666666667,0.3333333333333333
ΔVL-resp|ME_Pre,0.19999999999999996,0.3333333333333333
ΔVL-resp|ME_Pre,0.1333333333333333,0.3333333333333333
ΔVL-resp|ME_Pre,0.06666666666666665,0.3333333333333333
ΔVL-resp|ME_Pre,0.06666666666666665,0.26666666666666666
ΔVL-resp|ME_Pre,0,0.26666666666666666
ΔVL-resp|ME_Pre,0,0.2
ΔVL-resp|ME_Pre,0,0.13333333333333333
ΔVL-resp|ME_Pre,0,0.06666666666666667
ΔVL-resp|ME_Pre,0,0
ΔLBM-resp|ME_Pre,1,1
ΔLBM-resp|ME_Pre,1,0.9333333333333333
ΔLBM-resp|ME_Pre,1,0.8666666666666667
ΔLBM-resp|ME_Pre,0.9333333333333333,0.8666666666666667
ΔLBM-resp|ME_Pre,0.9333333333333333,0.8
ΔLBM-resp|ME_Pre,0.9333333333333333,0.7333333333333333
ΔLBM-resp|ME_Pre,0.9333333333333333,0.6666666666666666
ΔLBM-resp|ME_Pre,0.8666666666666667,0.6666666666666666
ΔLBM-resp|ME_Pre,0.8,0.6666666666666666
ΔLBM-resp|ME_Pre,0.7333333333333334,0.6666666666666666
ΔLBM-resp|ME_Pre,0.6666666666666667,0.6666666666666666
ΔLBM-resp|ME_Pre,0.6,0.6666666666666666
ΔLBM-resp|ME_Pre,0.5333333333333333,0.6666666666666666
ΔLBM-resp|ME_Pre,0.5333333333333333,0.6
ΔLBM-resp|ME_Pre,0.4666666666666667,0.6
ΔLBM-resp|ME_Pre,0.4666666666666667,0.5333333333333333
ΔLBM-resp|ME_Pre,0.4,0.5333333333333333
ΔLBM-resp|ME_Pre,0.33333333333333337,0.5333333333333333
ΔLBM-resp|ME_Pre,0.33333333333333337,0.4666666666666667
ΔLBM-resp|ME_Pre,0.2666666666666667,0.4666666666666667
ΔLBM-resp|ME_Pre,0.19999999999999996,0.4666666666666667
ΔLBM-resp|ME_Pre,0.19999999999999996,0.4
ΔLBM-resp|ME_Pre,0.19999999999999996,0.3333333333333333
ΔLBM-resp|ME_Pre,0.19999999999999996,0.26666666666666666
ΔLBM-resp|ME_Pre,0.1333333333333333,0.26666666666666666
ΔLBM-resp|ME_Pre,0.1333333333333333,0.2
ΔLBM-resp|ME_Pre,0.1333333333333333,0.13333333333333333
ΔLBM-resp|ME_Pre,0.1333333333333333,0.06666666666666667
ΔLBM-resp|ME_Pre,0.1333333333333333,0
ΔLBM-resp|ME_Pre,0.06666666666666665,0
ΔLBM-resp|ME_Pre,0,0
AgingDEP|prot_features,1,1
AgingDEP|prot_features,0.9994756161510225,1
AgingDEP|prot_features,0.9989512323020451,1
AgingDEP|prot_features,0.9984268484530676,1
AgingDEP|prot_features,0.9979024646040902,1
AgingDEP|prot_features,0.9973780807551127,1
AgingDEP|prot_features,0.9973780807551127,0.9948717948717949
AgingDEP|prot_features,0.9968536969061353,0.9948717948717949
AgingDEP|prot_features,0.9968536969061353,0.9897435897435898
AgingDEP|prot_features,0.9963293130571579,0.9897435897435898
AgingDEP|prot_features,0.9958049292081804,0.9897435897435898
AgingDEP|prot_features,0.995280545359203,0.9897435897435898
AgingDEP|prot_features,0.9947561615102255,0.9897435897435898
AgingDEP|prot_features,0.994231777661248,0.9897435897435898
AgingDEP|prot_features,0.9937073938122706,0.9897435897435898
AgingDEP|prot_features,0.9931830099632931,0.9897435897435898
AgingDEP|prot_features,0.9926586261143157,0.9897435897435898
AgingDEP|prot_features,0.9921342422653382,0.9897435897435898
AgingDEP|prot_features,0.9916098584163607,0.9897435897435898
AgingDEP|prot_features,0.9910854745673833,0.9897435897435898
AgingDEP|prot_features,0.9905610907184059,0.9897435897435898
AgingDEP|prot_features,0.9900367068694285,0.9897435897435898
AgingDEP|prot_features,0.989512323020451,0.9897435897435898
AgingDEP|prot_features,0.9889879391714735,0.9897435897435898
AgingDEP|prot_features,0.9884635553224961,0.9897435897435898
AgingDEP|prot_features,0.9879391714735186,0.9897435897435898
AgingDEP|prot_features,0.9874147876245412,0.9897435897435898
AgingDEP|prot_features,0.9868904037755637,0.9897435897435898
AgingDEP|prot_features,0.9863660199265862,0.9897435897435898
AgingDEP|prot_features,0.9858416360776088,0.9897435897435898
AgingDEP|prot_features,0.9853172522286313,0.9897435897435898
AgingDEP|prot_features,0.9847928683796539,0.9897435897435898
AgingDEP|prot_features,0.9842684845306765,0.9897435897435898
AgingDEP|prot_features,0.983744100681699,0.9897435897435898
AgingDEP|prot_features,0.9832197168327216,0.9897435897435898
AgingDEP|prot_features,0.9826953329837441,0.9897435897435898
AgingDEP|prot_features,0.9821709491347667,0.9897435897435898
AgingDEP|prot_features,0.9816465652857892,0.9897435897435898
AgingDEP|prot_features,0.9811221814368117,0.9897435897435898
AgingDEP|prot_features,0.9805977975878343,0.9897435897435898
AgingDEP|prot_features,0.9800734137388568,0.9897435897435898
AgingDEP|prot_features,0.9795490298898794,0.9897435897435898
AgingDEP|prot_features,0.9790246460409019,0.9897435897435898
AgingDEP|prot_features,0.9785002621919245,0.9897435897435898
AgingDEP|prot_features,0.9779758783429471,0.9897435897435898
AgingDEP|prot_features,0.9774514944939696,0.9897435897435898
AgingDEP|prot_features,0.9769271106449922,0.9897435897435898
AgingDEP|prot_features,0.9764027267960147,0.9897435897435898
AgingDEP|prot_features,0.9758783429470372,0.9897435897435898
AgingDEP|prot_features,0.9753539590980598,0.9897435897435898
AgingDEP|prot_features,0.9748295752490823,0.9897435897435898
AgingDEP|prot_features,0.9748295752490823,0.9846153846153847
AgingDEP|prot_features,0.9743051914001049,0.9846153846153847
AgingDEP|prot_features,0.9737808075511274,0.9846153846153847
AgingDEP|prot_features,0.9732564237021499,0.9846153846153847
AgingDEP|prot_features,0.9727320398531725,0.9846153846153847
AgingDEP|prot_features,0.9722076560041951,0.9846153846153847
AgingDEP|prot_features,0.9716832721552177,0.9846153846153847
AgingDEP|prot_features,0.9711588883062402,0.9846153846153847
AgingDEP|prot_features,0.9706345044572627,0.9846153846153847
AgingDEP|prot_features,0.9701101206082853,0.9846153846153847
AgingDEP|prot_features,0.9695857367593078,0.9846153846153847
AgingDEP|prot_features,0.9690613529103304,0.9846153846153847
AgingDEP|prot_features,0.9685369690613529,0.9846153846153847
AgingDEP|prot_features,0.9680125852123754,0.9846153846153847
AgingDEP|prot_features,0.967488201363398,0.9846153846153847
AgingDEP|prot_features,0.9669638175144205,0.9846153846153847
AgingDEP|prot_features,0.9664394336654432,0.9846153846153847
AgingDEP|prot_features,0.9659150498164657,0.9846153846153847
AgingDEP|prot_features,0.9653906659674882,0.9846153846153847
AgingDEP|prot_features,0.9648662821185108,0.9846153846153847
AgingDEP|prot_features,0.9643418982695333,0.9846153846153847
AgingDEP|prot_features,0.9638175144205559,0.9846153846153847
AgingDEP|prot_features,0.9632931305715784,0.9846153846153847
AgingDEP|prot_features,0.9627687467226009,0.9846153846153847
AgingDEP|prot_features,0.9622443628736235,0.9846153846153847
AgingDEP|prot_features,0.961719979024646,0.9846153846153847
AgingDEP|prot_features,0.9611955951756685,0.9846153846153847
AgingDEP|prot_features,0.9606712113266911,0.9846153846153847
AgingDEP|prot_features,0.9601468274777137,0.9846153846153847
AgingDEP|prot_features,0.9596224436287363,0.9846153846153847
AgingDEP|prot_features,0.9590980597797588,0.9846153846153847
AgingDEP|prot_features,0.9585736759307814,0.9846153846153847
AgingDEP|prot_features,0.9580492920818039,0.9846153846153847
AgingDEP|prot_features,0.9575249082328264,0.9846153846153847
AgingDEP|prot_features,0.957000524383849,0.9846153846153847
AgingDEP|prot_features,0.9564761405348715,0.9846153846153847
AgingDEP|prot_features,0.955951756685894,0.9846153846153847
AgingDEP|prot_features,0.9554273728369166,0.9846153846153847
AgingDEP|prot_features,0.9549029889879391,0.9846153846153847
AgingDEP|prot_features,0.9543786051389618,0.9846153846153847
AgingDEP|prot_features,0.9538542212899843,0.9846153846153847
AgingDEP|prot_features,0.9533298374410069,0.9846153846153847
AgingDEP|prot_features,0.9528054535920294,0.9846153846153847
AgingDEP|prot_features,0.9522810697430519,0.9846153846153847
AgingDEP|prot_features,0.9517566858940745,0.9846153846153847
AgingDEP|prot_features,0.951232302045097,0.9846153846153847
AgingDEP|prot_features,0.9507079181961196,0.9846153846153847
AgingDEP|prot_features,0.9501835343471421,0.9846153846153847
AgingDEP|prot_features,0.9496591504981646,0.9846153846153847
AgingDEP|prot_features,0.9491347666491872,0.9846153846153847
AgingDEP|prot_features,0.9486103828002097,0.9846153846153847
AgingDEP|prot_features,0.9480859989512322,0.9846153846153847
AgingDEP|prot_features,0.9475616151022549,0.9846153846153847
AgingDEP|prot_features,0.9470372312532774,0.9846153846153847
AgingDEP|prot_features,0.9465128474043,0.9846153846153847
AgingDEP|prot_features,0.9459884635553225,0.9846153846153847
AgingDEP|prot_features,0.945464079706345,0.9846153846153847
AgingDEP|prot_features,0.9449396958573676,0.9846153846153847
AgingDEP|prot_features,0.9444153120083901,0.9846153846153847
AgingDEP|prot_features,0.9438909281594127,0.9846153846153847
AgingDEP|prot_features,0.9433665443104352,0.9846153846153847
AgingDEP|prot_features,0.9428421604614577,0.9846153846153847
AgingDEP|prot_features,0.9423177766124803,0.9846153846153847
AgingDEP|prot_features,0.9417933927635029,0.9846153846153847
AgingDEP|prot_features,0.9412690089145255,0.9846153846153847
AgingDEP|prot_features,0.940744625065548,0.9846153846153847
AgingDEP|prot_features,0.9402202412165706,0.9846153846153847
AgingDEP|prot_features,0.9402202412165706,0.9794871794871794
AgingDEP|prot_features,0.9396958573675931,0.9794871794871794
AgingDEP|prot_features,0.9391714735186156,0.9794871794871794
AgingDEP|prot_features,0.9386470896696382,0.9794871794871794
AgingDEP|prot_features,0.9381227058206607,0.9794871794871794
AgingDEP|prot_features,0.9375983219716832,0.9794871794871794
AgingDEP|prot_features,0.9370739381227058,0.9794871794871794
AgingDEP|prot_features,0.9365495542737283,0.9794871794871794
AgingDEP|prot_features,0.9360251704247509,0.9794871794871794
AgingDEP|prot_features,0.9355007865757735,0.9794871794871794
AgingDEP|prot_features,0.934976402726796,0.9794871794871794
AgingDEP|prot_features,0.9344520188778186,0.9794871794871794
AgingDEP|prot_features,0.9339276350288411,0.9794871794871794
AgingDEP|prot_features,0.9334032511798637,0.9794871794871794
AgingDEP|prot_features,0.9328788673308862,0.9794871794871794
AgingDEP|prot_features,0.9323544834819087,0.9794871794871794
AgingDEP|prot_features,0.9318300996329313,0.9794871794871794
AgingDEP|prot_features,0.9313057157839538,0.9794871794871794
AgingDEP|prot_features,0.9307813319349764,0.9794871794871794
AgingDEP|prot_features,0.930256948085999,0.9794871794871794
AgingDEP|prot_features,0.9297325642370216,0.9794871794871794
AgingDEP|prot_features,0.9292081803880441,0.9794871794871794
AgingDEP|prot_features,0.9286837965390666,0.9794871794871794
AgingDEP|prot_features,0.9281594126900892,0.9794871794871794
AgingDEP|prot_features,0.9276350288411117,0.9794871794871794
AgingDEP|prot_features,0.9271106449921342,0.9794871794871794
AgingDEP|prot_features,0.9265862611431568,0.9794871794871794
AgingDEP|prot_features,0.9260618772941793,0.9794871794871794
AgingDEP|prot_features,0.9255374934452019,0.9794871794871794
AgingDEP|prot_features,0.9250131095962244,0.9794871794871794
AgingDEP|prot_features,0.9244887257472469,0.9794871794871794
AgingDEP|prot_features,0.9239643418982695,0.9794871794871794
AgingDEP|prot_features,0.923439958049292,0.9794871794871794
AgingDEP|prot_features,0.9229155742003147,0.9794871794871794
AgingDEP|prot_features,0.9223911903513372,0.9794871794871794
AgingDEP|prot_features,0.9218668065023597,0.9794871794871794
AgingDEP|prot_features,0.9213424226533823,0.9794871794871794
AgingDEP|prot_features,0.9208180388044048,0.9794871794871794
AgingDEP|prot_features,0.9202936549554274,0.9794871794871794
AgingDEP|prot_features,0.9197692711064499,0.9794871794871794
AgingDEP|prot_features,0.9192448872574724,0.9794871794871794
AgingDEP|prot_features,0.918720503408495,0.9794871794871794
AgingDEP|prot_features,0.9181961195595175,0.9794871794871794
AgingDEP|prot_features,0.9176717357105402,0.9794871794871794
AgingDEP|prot_features,0.9171473518615627,0.9794871794871794
AgingDEP|prot_features,0.9166229680125852,0.9794871794871794
AgingDEP|prot_features,0.9160985841636078,0.9794871794871794
AgingDEP|prot_features,0.9155742003146303,0.9794871794871794
AgingDEP|prot_features,0.9150498164656529,0.9794871794871794
AgingDEP|prot_features,0.9145254326166754,0.9794871794871794
AgingDEP|prot_features,0.9140010487676979,0.9794871794871794
AgingDEP|prot_features,0.9134766649187205,0.9794871794871794
AgingDEP|prot_features,0.912952281069743,0.9794871794871794
AgingDEP|prot_features,0.9124278972207656,0.9794871794871794
AgingDEP|prot_features,0.9119035133717881,0.9794871794871794
AgingDEP|prot_features,0.9113791295228106,0.9794871794871794
AgingDEP|prot_features,0.9108547456738333,0.9794871794871794
AgingDEP|prot_features,0.9103303618248558,0.9794871794871794
AgingDEP|prot_features,0.9098059779758784,0.9794871794871794
AgingDEP|prot_features,0.9092815941269009,0.9794871794871794
AgingDEP|prot_features,0.9087572102779234,0.9794871794871794
AgingDEP|prot_features,0.9087572102779234,0.9743589743589743
AgingDEP|prot_features,0.908232826428946,0.9743589743589743
AgingDEP|prot_features,0.9077084425799685,0.9743589743589743
AgingDEP|prot_features,0.9071840587309911,0.9743589743589743
AgingDEP|prot_features,0.9066596748820136,0.9743589743589743
AgingDEP|prot_features,0.9061352910330361,0.9743589743589743
AgingDEP|prot_features,0.9056109071840588,0.9743589743589743
AgingDEP|prot_features,0.9050865233350813,0.9743589743589743
AgingDEP|prot_features,0.9045621394861039,0.9743589743589743
AgingDEP|prot_features,0.9040377556371264,0.9743589743589743
AgingDEP|prot_features,0.90351337178814894,0.9743589743589743
AgingDEP|prot_features,0.9029889879391715,0.9743589743589743
AgingDEP|prot_features,0.902464604090194,0.9743589743589743
AgingDEP|prot_features,0.9019402202412166,0.9743589743589743
AgingDEP|prot_features,0.9014158363922391,0.9743589743589743
AgingDEP|prot_features,0.9008914525432616,0.9743589743589743
AgingDEP|prot_features,0.9003670686942842,0.9743589743589743
AgingDEP|prot_features,0.8998426848453067,0.9743589743589743
AgingDEP|prot_features,0.8993183009963293,0.9743589743589743
AgingDEP|prot_features,0.8987939171473519,0.9743589743589743
AgingDEP|prot_features,0.8982695332983744,0.9743589743589743
AgingDEP|prot_features,0.897745149449397,0.9743589743589743
AgingDEP|prot_features,0.8972207656004195,0.9743589743589743
AgingDEP|prot_features,0.8966963817514421,0.9743589743589743
AgingDEP|prot_features,0.8961719979024646,0.9743589743589743
AgingDEP|prot_features,0.8956476140534871,0.9743589743589743
AgingDEP|prot_features,0.8951232302045097,0.9743589743589743
AgingDEP|prot_features,0.8945988463555322,0.9743589743589743
AgingDEP|prot_features,0.8940744625065548,0.9743589743589743
AgingDEP|prot_features,0.8935500786575774,0.9743589743589743
AgingDEP|prot_features,0.8930256948086,0.9743589743589743
AgingDEP|prot_features,0.8925013109596225,0.9743589743589743
AgingDEP|prot_features,0.891976927110645,0.9743589743589743
AgingDEP|prot_features,0.8914525432616676,0.9743589743589743
AgingDEP|prot_features,0.8909281594126901,0.9743589743589743
AgingDEP|prot_features,0.8904037755637126,0.9743589743589743
AgingDEP|prot_features,0.8898793917147352,0.9743589743589743
AgingDEP|prot_features,0.8893550078657577,0.9743589743589743
AgingDEP|prot_features,0.8888306240167803,0.9743589743589743
AgingDEP|prot_features,0.8883062401678028,0.9743589743589743
AgingDEP|prot_features,0.8877818563188253,0.9743589743589743
AgingDEP|prot_features,0.8872574724698479,0.9743589743589743
AgingDEP|prot_features,0.8867330886208705,0.9743589743589743
AgingDEP|prot_features,0.8862087047718931,0.9743589743589743
AgingDEP|prot_features,0.8856843209229156,0.9743589743589743
AgingDEP|prot_features,0.8851599370739381,0.9743589743589743
AgingDEP|prot_features,0.8846355532249607,0.9743589743589743
AgingDEP|prot_features,0.8841111693759832,0.9743589743589743
AgingDEP|prot_features,0.8835867855270058,0.9743589743589743
AgingDEP|prot_features,0.8835867855270058,0.9692307692307692
AgingDEP|prot_features,0.8830624016780283,0.9692307692307692
AgingDEP|prot_features,0.8825380178290508,0.9692307692307692
AgingDEP|prot_features,0.8820136339800734,0.9692307692307692
AgingDEP|prot_features,0.8814892501310959,0.9692307692307692
AgingDEP|prot_features,0.8809648662821186,0.9692307692307692
AgingDEP|prot_features,0.8804404824331411,0.9692307692307692
AgingDEP|prot_features,0.8799160985841636,0.9692307692307692
AgingDEP|prot_features,0.8793917147351862,0.9692307692307692
AgingDEP|prot_features,0.8788673308862087,0.9692307692307692
AgingDEP|prot_features,0.8783429470372313,0.9692307692307692
AgingDEP|prot_features,0.8778185631882538,0.9692307692307692
AgingDEP|prot_features,0.8772941793392763,0.9692307692307692
AgingDEP|prot_features,0.8767697954902989,0.9692307692307692
AgingDEP|prot_features,0.8762454116413214,0.9692307692307692
AgingDEP|prot_features,0.875721027792344,0.9692307692307692
AgingDEP|prot_features,0.8751966439433665,0.9692307692307692
AgingDEP|prot_features,0.874672260094389,0.9692307692307692
AgingDEP|prot_features,0.8741478762454117,0.9692307692307692
AgingDEP|prot_features,0.8736234923964342,0.9692307692307692
AgingDEP|prot_features,0.8730991085474568,0.9692307692307692
AgingDEP|prot_features,0.8725747246984793,0.9692307692307692
AgingDEP|prot_features,0.8720503408495018,0.9692307692307692
AgingDEP|prot_features,0.8715259570005244,0.9692307692307692
AgingDEP|prot_features,0.8710015731515469,0.9692307692307692
AgingDEP|prot_features,0.8704771893025695,0.9692307692307692
AgingDEP|prot_features,0.869952805453592,0.9692307692307692
AgingDEP|prot_features,0.8694284216046146,0.9692307692307692
AgingDEP|prot_features,0.8689040377556372,0.9692307692307692
AgingDEP|prot_features,0.8683796539066597,0.9692307692307692
AgingDEP|prot_features,0.8678552700576823,0.9692307692307692
AgingDEP|prot_features,0.8673308862087048,0.9692307692307692
AgingDEP|prot_features,0.8668065023597273,0.9692307692307692
AgingDEP|prot_features,0.8662821185107499,0.9692307692307692
AgingDEP|prot_features,0.8657577346617724,0.9692307692307692
AgingDEP|prot_features,0.865233350812795,0.9692307692307692
AgingDEP|prot_features,0.8647089669638175,0.9692307692307692
AgingDEP|prot_features,0.86418458311484,0.9692307692307692
AgingDEP|prot_features,0.8636601992658626,0.9692307692307692
AgingDEP|prot_features,0.8631358154168851,0.9692307692307692
AgingDEP|prot_features,0.8626114315679076,0.9692307692307692
AgingDEP|prot_features,0.8620870477189302,0.9692307692307692
AgingDEP|prot_features,0.8615626638699528,0.9692307692307692
AgingDEP|prot_features,0.8610382800209754,0.9692307692307692
AgingDEP|prot_features,0.8605138961719979,0.9692307692307692
AgingDEP|prot_features,0.8599895123230205,0.9692307692307692
AgingDEP|prot_features,0.859465128474043,0.9692307692307692
AgingDEP|prot_features,0.8589407446250655,0.9692307692307692
AgingDEP|prot_features,0.8584163607760881,0.9692307692307692
AgingDEP|prot_features,0.8578919769271106,0.9692307692307692
AgingDEP|prot_features,0.8573675930781333,0.9692307692307692
AgingDEP|prot_features,0.8568432092291558,0.9692307692307692
AgingDEP|prot_features,0.8563188253801783,0.9692307692307692
AgingDEP|prot_features,0.8557944415312009,0.9692307692307692
AgingDEP|prot_features,0.8552700576822234,0.9692307692307692
AgingDEP|prot_features,0.854745673833246,0.9692307692307692
AgingDEP|prot_features,0.8542212899842685,0.9692307692307692
AgingDEP|prot_features,0.853696906135291,0.9692307692307692
AgingDEP|prot_features,0.8531725222863136,0.9692307692307692
AgingDEP|prot_features,0.8526481384373361,0.9692307692307692
AgingDEP|prot_features,0.8521237545883587,0.9692307692307692
AgingDEP|prot_features,0.8515993707393812,0.9692307692307692
AgingDEP|prot_features,0.8510749868904037,0.9692307692307692
AgingDEP|prot_features,0.8505506030414263,0.9692307692307692
AgingDEP|prot_features,0.8500262191924488,0.9692307692307692
AgingDEP|prot_features,0.8495018353434715,0.9692307692307692
AgingDEP|prot_features,0.848977451494494,0.9692307692307692
AgingDEP|prot_features,0.8484530676455165,0.9692307692307692
AgingDEP|prot_features,0.8479286837965391,0.9692307692307692
AgingDEP|prot_features,0.8474042999475616,0.9692307692307692
AgingDEP|prot_features,0.8468799160985842,0.9692307692307692
AgingDEP|prot_features,0.8463555322496067,0.9692307692307692
AgingDEP|prot_features,0.8458311484006292,0.9692307692307692
AgingDEP|prot_features,0.8453067645516518,0.9692307692307692
AgingDEP|prot_features,0.8447823807026744,0.9692307692307692
AgingDEP|prot_features,0.844257996853697,0.9692307692307692
AgingDEP|prot_features,0.8437336130047195,0.9692307692307692
AgingDEP|prot_features,0.843209229155742,0.9692307692307692
AgingDEP|prot_features,0.8426848453067646,0.9692307692307692
AgingDEP|prot_features,0.8421604614577871,0.9692307692307692
AgingDEP|prot_features,0.8416360776088097,0.9692307692307692
AgingDEP|prot_features,0.8411116937598322,0.9692307692307692
AgingDEP|prot_features,0.8405873099108547,0.9692307692307692
AgingDEP|prot_features,0.8400629260618773,0.9692307692307692
AgingDEP|prot_features,0.8395385422128998,0.9692307692307692
AgingDEP|prot_features,0.8390141583639223,0.9692307692307692
AgingDEP|prot_features,0.8384897745149449,0.9692307692307692
AgingDEP|prot_features,0.8379653906659674,0.9692307692307692
AgingDEP|prot_features,0.8374410068169901,0.9692307692307692
AgingDEP|prot_features,0.8369166229680126,0.9692307692307692
AgingDEP|prot_features,0.8363922391190352,0.9692307692307692
AgingDEP|prot_features,0.8358678552700577,0.9692307692307692
AgingDEP|prot_features,0.8353434714210802,0.9692307692307692
AgingDEP|prot_features,0.8348190875721028,0.9692307692307692
AgingDEP|prot_features,0.8342947037231253,0.9692307692307692
AgingDEP|prot_features,0.8337703198741478,0.9692307692307692
AgingDEP|prot_features,0.8332459360251704,0.9692307692307692
AgingDEP|prot_features,0.832721552176193,0.9692307692307692
AgingDEP|prot_features,0.8321971683272156,0.9692307692307692
AgingDEP|prot_features,0.8316727844782381,0.9692307692307692
AgingDEP|prot_features,0.8311484006292607,0.9692307692307692
AgingDEP|prot_features,0.8306240167802832,0.9692307692307692
AgingDEP|prot_features,0.8300996329313057,0.9692307692307692
AgingDEP|prot_features,0.8295752490823283,0.9692307692307692
AgingDEP|prot_features,0.8290508652333508,0.9692307692307692
AgingDEP|prot_features,0.8285264813843733,0.9692307692307692
AgingDEP|prot_features,0.8280020975353959,0.9692307692307692
AgingDEP|prot_features,0.8274777136864184,0.9692307692307692
AgingDEP|prot_features,0.826953329837441,0.9692307692307692
AgingDEP|prot_features,0.8264289459884635,0.9692307692307692
AgingDEP|prot_features,0.825904562139486,0.9692307692307692
AgingDEP|prot_features,0.8253801782905087,0.9692307692307692
AgingDEP|prot_features,0.8248557944415312,0.9692307692307692
AgingDEP|prot_features,0.8243314105925538,0.9692307692307692
AgingDEP|prot_features,0.8238070267435763,0.9692307692307692
AgingDEP|prot_features,0.8232826428945988,0.9692307692307692
AgingDEP|prot_features,0.8227582590456214,0.9692307692307692
AgingDEP|prot_features,0.8222338751966439,0.9692307692307692
AgingDEP|prot_features,0.8217094913476665,0.9692307692307692
AgingDEP|prot_features,0.8217094913476665,0.9641025641025641
AgingDEP|prot_features,0.821185107498689,0.9641025641025641
AgingDEP|prot_features,0.8206607236497117,0.9641025641025641
AgingDEP|prot_features,0.8201363398007342,0.9641025641025641
AgingDEP|prot_features,0.8196119559517567,0.9641025641025641
AgingDEP|prot_features,0.8190875721027793,0.9641025641025641
AgingDEP|prot_features,0.8185631882538018,0.9641025641025641
AgingDEP|prot_features,0.8180388044048243,0.9641025641025641
AgingDEP|prot_features,0.8175144205558469,0.9641025641025641
AgingDEP|prot_features,0.8169900367068694,0.9641025641025641
AgingDEP|prot_features,0.816465652857892,0.9641025641025641
AgingDEP|prot_features,0.8159412690089145,0.9641025641025641
AgingDEP|prot_features,0.815416885159937,0.9641025641025641
AgingDEP|prot_features,0.8148925013109596,0.9641025641025641
AgingDEP|prot_features,0.8143681174619821,0.9641025641025641
AgingDEP|prot_features,0.8138437336130047,0.9641025641025641
AgingDEP|prot_features,0.8133193497640272,0.9641025641025641
AgingDEP|prot_features,0.8127949659150498,0.9641025641025641
AgingDEP|prot_features,0.8122705820660724,0.9641025641025641
AgingDEP|prot_features,0.8117461982170949,0.9641025641025641
AgingDEP|prot_features,0.8112218143681175,0.9641025641025641
AgingDEP|prot_features,0.81069743051914,0.9641025641025641
AgingDEP|prot_features,0.8101730466701625,0.9641025641025641
AgingDEP|prot_features,0.8096486628211851,0.9641025641025641
AgingDEP|prot_features,0.8091242789722076,0.9641025641025641
AgingDEP|prot_features,0.8085998951232303,0.9641025641025641
AgingDEP|prot_features,0.8080755112742528,0.9641025641025641
AgingDEP|prot_features,0.8075511274252754,0.9641025641025641
AgingDEP|prot_features,0.8070267435762979,0.9641025641025641
AgingDEP|prot_features,0.8065023597273204,0.9641025641025641
AgingDEP|prot_features,0.805977975878343,0.9641025641025641
AgingDEP|prot_features,0.8054535920293655,0.9641025641025641
AgingDEP|prot_features,0.804929208180388,0.9641025641025641
AgingDEP|prot_features,0.8044048243314106,0.9641025641025641
AgingDEP|prot_features,0.8038804404824331,0.9641025641025641
AgingDEP|prot_features,0.8033560566334557,0.9641025641025641
AgingDEP|prot_features,0.8028316727844782,0.9641025641025641
AgingDEP|prot_features,0.8023072889355007,0.9641025641025641
AgingDEP|prot_features,0.8017829050865233,0.9641025641025641
AgingDEP|prot_features,0.8012585212375458,0.9641025641025641
AgingDEP|prot_features,0.8007341373885685,0.9641025641025641
AgingDEP|prot_features,0.800209753539591,0.9641025641025641
AgingDEP|prot_features,0.7996853696906135,0.9641025641025641
AgingDEP|prot_features,0.7991609858416361,0.9641025641025641
AgingDEP|prot_features,0.7986366019926586,0.9641025641025641
AgingDEP|prot_features,0.7981122181436812,0.9641025641025641
AgingDEP|prot_features,0.7975878342947037,0.9641025641025641
AgingDEP|prot_features,0.7970634504457262,0.9641025641025641
AgingDEP|prot_features,0.7965390665967488,0.9641025641025641
AgingDEP|prot_features,0.7960146827477714,0.9641025641025641
AgingDEP|prot_features,0.795490298898794,0.9641025641025641
AgingDEP|prot_features,0.7949659150498165,0.9641025641025641
AgingDEP|prot_features,0.794441531200839,0.9641025641025641
AgingDEP|prot_features,0.7939171473518616,0.9641025641025641
AgingDEP|prot_features,0.7933927635028841,0.9641025641025641
AgingDEP|prot_features,0.7928683796539067,0.9641025641025641
AgingDEP|prot_features,0.7923439958049292,0.9641025641025641
AgingDEP|prot_features,0.7918196119559517,0.9641025641025641
AgingDEP|prot_features,0.7912952281069743,0.9641025641025641
AgingDEP|prot_features,0.7907708442579968,0.9641025641025641
AgingDEP|prot_features,0.7902464604090194,0.9641025641025641
AgingDEP|prot_features,0.7897220765600419,0.9641025641025641
AgingDEP|prot_features,0.7891976927110644,0.9641025641025641
AgingDEP|prot_features,0.7886733088620871,0.9641025641025641
AgingDEP|prot_features,0.7881489250131096,0.9641025641025641
AgingDEP|prot_features,0.7876245411641322,0.9641025641025641
AgingDEP|prot_features,0.7871001573151547,0.9641025641025641
AgingDEP|prot_features,0.7865757734661772,0.9641025641025641
AgingDEP|prot_features,0.7860513896171998,0.9641025641025641
AgingDEP|prot_features,0.7855270057682223,0.9641025641025641
AgingDEP|prot_features,0.7850026219192449,0.9641025641025641
AgingDEP|prot_features,0.7844782380702674,0.9641025641025641
AgingDEP|prot_features,0.78395385422129,0.9641025641025641
AgingDEP|prot_features,0.7834294703723126,0.9641025641025641
AgingDEP|prot_features,0.7829050865233351,0.9641025641025641
AgingDEP|prot_features,0.7823807026743577,0.9641025641025641
AgingDEP|prot_features,0.7823807026743577,0.958974358974359
AgingDEP|prot_features,0.7818563188253802,0.958974358974359
AgingDEP|prot_features,0.7813319349764027,0.958974358974359
AgingDEP|prot_features,0.7808075511274253,0.958974358974359
AgingDEP|prot_features,0.7802831672784478,0.958974358974359
AgingDEP|prot_features,0.7797587834294704,0.958974358974359
AgingDEP|prot_features,0.7792343995804929,0.958974358974359
AgingDEP|prot_features,0.7787100157315154,0.958974358974359
AgingDEP|prot_features,0.778185631882538,0.958974358974359
AgingDEP|prot_features,0.7776612480335605,0.958974358974359
AgingDEP|prot_features,0.777136864184583,0.958974358974359
AgingDEP|prot_features,0.7766124803356057,0.958974358974359
AgingDEP|prot_features,0.7760880964866282,0.958974358974359
AgingDEP|prot_features,0.7755637126376508,0.958974358974359
AgingDEP|prot_features,0.7750393287886733,0.958974358974359
AgingDEP|prot_features,0.7745149449396959,0.958974358974359
AgingDEP|prot_features,0.7739905610907184,0.958974358974359
AgingDEP|prot_features,0.7734661772417409,0.958974358974359
AgingDEP|prot_features,0.7729417933927635,0.958974358974359
AgingDEP|prot_features,0.772417409543786,0.958974358974359
AgingDEP|prot_features,0.7718930256948087,0.958974358974359
AgingDEP|prot_features,0.7713686418458312,0.958974358974359
AgingDEP|prot_features,0.7708442579968537,0.958974358974359
AgingDEP|prot_features,0.7703198741478763,0.958974358974359
AgingDEP|prot_features,0.7697954902988988,0.958974358974359
AgingDEP|prot_features,0.7692711064499214,0.958974358974359
AgingDEP|prot_features,0.7687467226009439,0.958974358974359
AgingDEP|prot_features,0.7682223387519664,0.958974358974359
AgingDEP|prot_features,0.767697954902989,0.958974358974359
AgingDEP|prot_features,0.7671735710540115,0.958974358974359
AgingDEP|prot_features,0.766649187205034,0.958974358974359
AgingDEP|prot_features,0.7661248033560566,0.958974358974359
AgingDEP|prot_features,0.7656004195070791,0.958974358974359
AgingDEP|prot_features,0.7650760356581017,0.958974358974359
AgingDEP|prot_features,0.7645516518091242,0.958974358974359
AgingDEP|prot_features,0.7640272679601469,0.958974358974359
AgingDEP|prot_features,0.7635028841111694,0.958974358974359
AgingDEP|prot_features,0.7629785002621919,0.958974358974359
AgingDEP|prot_features,0.7624541164132145,0.958974358974359
AgingDEP|prot_features,0.761929732564237,0.958974358974359
AgingDEP|prot_features,0.7614053487152596,0.958974358974359
AgingDEP|prot_features,0.7608809648662821,0.958974358974359
AgingDEP|prot_features,0.7603565810173046,0.958974358974359
AgingDEP|prot_features,0.7598321971683273,0.958974358974359
AgingDEP|prot_features,0.7593078133193498,0.958974358974359
AgingDEP|prot_features,0.7587834294703724,0.958974358974359
AgingDEP|prot_features,0.7582590456213949,0.958974358974359
AgingDEP|prot_features,0.7577346617724174,0.958974358974359
AgingDEP|prot_features,0.75721027792344,0.958974358974359
AgingDEP|prot_features,0.7566858940744625,0.958974358974359
AgingDEP|prot_features,0.7561615102254851,0.958974358974359
AgingDEP|prot_features,0.7556371263765076,0.958974358974359
AgingDEP|prot_features,0.7551127425275301,0.958974358974359
AgingDEP|prot_features,0.7545883586785527,0.958974358974359
AgingDEP|prot_features,0.7540639748295752,0.958974358974359
AgingDEP|prot_features,0.7535395909805978,0.958974358974359
AgingDEP|prot_features,0.7530152071316203,0.958974358974359
AgingDEP|prot_features,0.7524908232826428,0.958974358974359
AgingDEP|prot_features,0.7519664394336655,0.958974358974359
AgingDEP|prot_features,0.751442055584688,0.958974358974359
AgingDEP|prot_features,0.7509176717357106,0.958974358974359
AgingDEP|prot_features,0.7503932878867331,0.958974358974359
AgingDEP|prot_features,0.7498689040377556,0.958974358974359
AgingDEP|prot_features,0.7493445201887782,0.958974358974359
AgingDEP|prot_features,0.7488201363398007,0.958974358974359
AgingDEP|prot_features,0.7482957524908234,0.958974358974359
AgingDEP|prot_features,0.7477713686418459,0.958974358974359
AgingDEP|prot_features,0.7472469847928684,0.958974358974359
AgingDEP|prot_features,0.746722600943891,0.958974358974359
AgingDEP|prot_features,0.7461982170949135,0.958974358974359
AgingDEP|prot_features,0.7456738332459361,0.958974358974359
AgingDEP|prot_features,0.7451494493969586,0.958974358974359
AgingDEP|prot_features,0.7446250655479811,0.958974358974359
AgingDEP|prot_features,0.7441006816990037,0.958974358974359
AgingDEP|prot_features,0.7435762978500262,0.958974358974359
AgingDEP|prot_features,0.7430519140010488,0.958974358974359
AgingDEP|prot_features,0.7425275301520713,0.958974358974359
AgingDEP|prot_features,0.7420031463030938,0.958974358974359
AgingDEP|prot_features,0.7414787624541164,0.958974358974359
AgingDEP|prot_features,0.7409543786051389,0.958974358974359
AgingDEP|prot_features,0.7404299947561614,0.958974358974359
AgingDEP|prot_features,0.739905610907184,0.958974358974359
AgingDEP|prot_features,0.7393812270582065,0.958974358974359
AgingDEP|prot_features,0.7388568432092292,0.958974358974359
AgingDEP|prot_features,0.7383324593602517,0.958974358974359
AgingDEP|prot_features,0.7378080755112743,0.958974358974359
AgingDEP|prot_features,0.7372836916622968,0.958974358974359
AgingDEP|prot_features,0.7367593078133193,0.958974358974359
AgingDEP|prot_features,0.736234923964342,0.958974358974359
AgingDEP|prot_features,0.7357105401153645,0.958974358974359
AgingDEP|prot_features,0.7351861562663871,0.958974358974359
AgingDEP|prot_features,0.7346617724174096,0.958974358974359
AgingDEP|prot_features,0.7341373885684321,0.958974358974359
AgingDEP|prot_features,0.7336130047194547,0.958974358974359
AgingDEP|prot_features,0.7330886208704772,0.958974358974359
AgingDEP|prot_features,0.7325642370214998,0.958974358974359
AgingDEP|prot_features,0.7320398531725223,0.958974358974359
AgingDEP|prot_features,0.7315154693235448,0.958974358974359
AgingDEP|prot_features,0.7309910854745674,0.958974358974359
AgingDEP|prot_features,0.7304667016255899,0.958974358974359
AgingDEP|prot_features,0.7299423177766124,0.958974358974359
AgingDEP|prot_features,0.729417933927635,0.958974358974359
AgingDEP|prot_features,0.7288935500786575,0.958974358974359
AgingDEP|prot_features,0.7283691662296801,0.958974358974359
AgingDEP|prot_features,0.7278447823807026,0.958974358974359
AgingDEP|prot_features,0.7273203985317251,0.958974358974359
AgingDEP|prot_features,0.7267960146827478,0.958974358974359
AgingDEP|prot_features,0.7262716308337703,0.958974358974359
AgingDEP|prot_features,0.7257472469847929,0.958974358974359
AgingDEP|prot_features,0.7252228631358154,0.958974358974359
AgingDEP|prot_features,0.724698479286838,0.958974358974359
AgingDEP|prot_features,0.7241740954378605,0.958974358974359
AgingDEP|prot_features,0.7236497115888831,0.958974358974359
AgingDEP|prot_features,0.7231253277399057,0.958974358974359
AgingDEP|prot_features,0.7226009438909282,0.958974358974359
AgingDEP|prot_features,0.7220765600419508,0.958974358974359
AgingDEP|prot_features,0.7215521761929733,0.958974358974359
AgingDEP|prot_features,0.7210277923439958,0.958974358974359
AgingDEP|prot_features,0.7205034084950184,0.958974358974359
AgingDEP|prot_features,0.7199790246460409,0.958974358974359
AgingDEP|prot_features,0.7194546407970634,0.958974358974359
AgingDEP|prot_features,0.718930256948086,0.958974358974359
AgingDEP|prot_features,0.7184058730991085,0.958974358974359
AgingDEP|prot_features,0.7178814892501311,0.958974358974359
AgingDEP|prot_features,0.7173571054011536,0.958974358974359
AgingDEP|prot_features,0.7168327215521761,0.958974358974359
AgingDEP|prot_features,0.7163083377031987,0.958974358974359
AgingDEP|prot_features,0.7157839538542212,0.958974358974359
AgingDEP|prot_features,0.7152595700052438,0.958974358974359
AgingDEP|prot_features,0.7147351861562664,0.958974358974359
AgingDEP|prot_features,0.714210802307289,0.958974358974359
AgingDEP|prot_features,0.7136864184583115,0.958974358974359
AgingDEP|prot_features,0.713162034609334,0.958974358974359
AgingDEP|prot_features,0.7126376507603566,0.958974358974359
AgingDEP|prot_features,0.7121132669113791,0.958974358974359
AgingDEP|prot_features,0.7115888830624018,0.958974358974359
AgingDEP|prot_features,0.7110644992134243,0.958974358974359
AgingDEP|prot_features,0.7105401153644468,0.958974358974359
AgingDEP|prot_features,0.7100157315154694,0.958974358974359
AgingDEP|prot_features,0.7094913476664919,0.958974358974359
AgingDEP|prot_features,0.7089669638175145,0.958974358974359
AgingDEP|prot_features,0.708442579968537,0.958974358974359
AgingDEP|prot_features,0.7079181961195595,0.958974358974359
AgingDEP|prot_features,0.7073938122705821,0.958974358974359
AgingDEP|prot_features,0.7068694284216046,0.958974358974359
AgingDEP|prot_features,0.7063450445726271,0.958974358974359
AgingDEP|prot_features,0.7058206607236497,0.958974358974359
AgingDEP|prot_features,0.7052962768746722,0.958974358974359
AgingDEP|prot_features,0.7047718930256948,0.958974358974359
AgingDEP|prot_features,0.7042475091767173,0.958974358974359
AgingDEP|prot_features,0.7037231253277398,0.958974358974359
AgingDEP|prot_features,0.7031987414787624,0.958974358974359
AgingDEP|prot_features,0.702674357629785,0.958974358974359
AgingDEP|prot_features,0.7021499737808076,0.958974358974359
AgingDEP|prot_features,0.7016255899318301,0.958974358974359
AgingDEP|prot_features,0.7011012060828526,0.958974358974359
AgingDEP|prot_features,0.7005768222338752,0.958974358974359
AgingDEP|prot_features,0.7000524383848977,0.958974358974359
AgingDEP|prot_features,0.6995280545359204,0.958974358974359
AgingDEP|prot_features,0.6990036706869429,0.958974358974359
AgingDEP|prot_features,0.6984792868379655,0.958974358974359
AgingDEP|prot_features,0.697954902988988,0.958974358974359
AgingDEP|prot_features,0.6974305191400105,0.958974358974359
AgingDEP|prot_features,0.6974305191400105,0.9538461538461539
AgingDEP|prot_features,0.6969061352910331,0.9538461538461539
AgingDEP|prot_features,0.6963817514420556,0.9538461538461539
AgingDEP|prot_features,0.6958573675930781,0.9538461538461539
AgingDEP|prot_features,0.6953329837441007,0.9538461538461539
AgingDEP|prot_features,0.6948085998951232,0.9538461538461539
AgingDEP|prot_features,0.6942842160461458,0.9538461538461539
AgingDEP|prot_features,0.6937598321971683,0.9538461538461539
AgingDEP|prot_features,0.6932354483481908,0.9538461538461539
AgingDEP|prot_features,0.6927110644992134,0.9538461538461539
AgingDEP|prot_features,0.6921866806502359,0.9538461538461539
AgingDEP|prot_features,0.6916622968012585,0.9538461538461539
AgingDEP|prot_features,0.691137912952281,0.9538461538461539
AgingDEP|prot_features,0.6906135291033035,0.9538461538461539
AgingDEP|prot_features,0.6900891452543262,0.9538461538461539
AgingDEP|prot_features,0.6895647614053487,0.9538461538461539
AgingDEP|prot_features,0.6890403775563713,0.9538461538461539
AgingDEP|prot_features,0.6885159937073938,0.9538461538461539
AgingDEP|prot_features,0.6879916098584163,0.9538461538461539
AgingDEP|prot_features,0.687467226009439,0.9538461538461539
AgingDEP|prot_features,0.6869428421604615,0.9538461538461539
AgingDEP|prot_features,0.6864184583114841,0.9538461538461539
AgingDEP|prot_features,0.6858940744625066,0.9538461538461539
AgingDEP|prot_features,0.6853696906135291,0.9538461538461539
AgingDEP|prot_features,0.6848453067645517,0.9538461538461539
AgingDEP|prot_features,0.6843209229155742,0.9538461538461539
AgingDEP|prot_features,0.6843209229155742,0.9487179487179487
AgingDEP|prot_features,0.6837965390665968,0.9487179487179487
AgingDEP|prot_features,0.6832721552176193,0.9487179487179487
AgingDEP|prot_features,0.6827477713686418,0.9487179487179487
AgingDEP|prot_features,0.6822233875196644,0.9487179487179487
AgingDEP|prot_features,0.6816990036706869,0.9487179487179487
AgingDEP|prot_features,0.6811746198217095,0.9487179487179487
AgingDEP|prot_features,0.680650235972732,0.9487179487179487
AgingDEP|prot_features,0.6801258521237545,0.9487179487179487
AgingDEP|prot_features,0.6796014682747771,0.9487179487179487
AgingDEP|prot_features,0.6790770844257996,0.9487179487179487
AgingDEP|prot_features,0.6785527005768222,0.9487179487179487
AgingDEP|prot_features,0.6780283167278448,0.9487179487179487
AgingDEP|prot_features,0.6775039328788673,0.9487179487179487
AgingDEP|prot_features,0.6769795490298899,0.9487179487179487
AgingDEP|prot_features,0.6764551651809124,0.9487179487179487
AgingDEP|prot_features,0.675930781331935,0.9487179487179487
AgingDEP|prot_features,0.6754063974829575,0.9487179487179487
AgingDEP|prot_features,0.6748820136339801,0.9487179487179487
AgingDEP|prot_features,0.6743576297850027,0.9487179487179487
AgingDEP|prot_features,0.6738332459360252,0.9487179487179487
AgingDEP|prot_features,0.6733088620870478,0.9487179487179487
AgingDEP|prot_features,0.6727844782380703,0.9487179487179487
AgingDEP|prot_features,0.6722600943890928,0.9487179487179487
AgingDEP|prot_features,0.6717357105401154,0.9487179487179487
AgingDEP|prot_features,0.6712113266911379,0.9487179487179487
AgingDEP|prot_features,0.6706869428421605,0.9487179487179487
AgingDEP|prot_features,0.670162558993183,0.9487179487179487
AgingDEP|prot_features,0.6696381751442055,0.9487179487179487
AgingDEP|prot_features,0.6691137912952281,0.9487179487179487
AgingDEP|prot_features,0.6685894074462506,0.9487179487179487
AgingDEP|prot_features,0.6680650235972732,0.9487179487179487
AgingDEP|prot_features,0.6675406397482957,0.9487179487179487
AgingDEP|prot_features,0.6670162558993182,0.9487179487179487
AgingDEP|prot_features,0.6664918720503408,0.9487179487179487
AgingDEP|prot_features,0.6659674882013634,0.9487179487179487
AgingDEP|prot_features,0.665443104352386,0.9487179487179487
AgingDEP|prot_features,0.6649187205034085,0.9487179487179487
AgingDEP|prot_features,0.664394336654431,0.9487179487179487
AgingDEP|prot_features,0.6638699528054536,0.9487179487179487
AgingDEP|prot_features,0.6633455689564761,0.9487179487179487
AgingDEP|prot_features,0.6628211851074988,0.9487179487179487
AgingDEP|prot_features,0.6622968012585213,0.9487179487179487
AgingDEP|prot_features,0.6617724174095438,0.9487179487179487
AgingDEP|prot_features,0.6612480335605664,0.9487179487179487
AgingDEP|prot_features,0.6607236497115889,0.9487179487179487
AgingDEP|prot_features,0.6601992658626115,0.9487179487179487
AgingDEP|prot_features,0.659674882013634,0.9487179487179487
AgingDEP|prot_features,0.6591504981646565,0.9487179487179487
AgingDEP|prot_features,0.6586261143156791,0.9487179487179487
AgingDEP|prot_features,0.6581017304667016,0.9487179487179487
AgingDEP|prot_features,0.6575773466177242,0.9487179487179487
AgingDEP|prot_features,0.6570529627687467,0.9487179487179487
AgingDEP|prot_features,0.6565285789197692,0.9487179487179487
AgingDEP|prot_features,0.6560041950707918,0.9487179487179487
AgingDEP|prot_features,0.6554798112218143,0.9487179487179487
AgingDEP|prot_features,0.6549554273728369,0.9487179487179487
AgingDEP|prot_features,0.6544310435238594,0.9487179487179487
AgingDEP|prot_features,0.653906659674882,0.9487179487179487
AgingDEP|prot_features,0.6533822758259046,0.9487179487179487
AgingDEP|prot_features,0.6528578919769271,0.9487179487179487
AgingDEP|prot_features,0.6523335081279497,0.9487179487179487
AgingDEP|prot_features,0.6518091242789722,0.9487179487179487
AgingDEP|prot_features,0.6512847404299947,0.9487179487179487
AgingDEP|prot_features,0.6507603565810174,0.9487179487179487
AgingDEP|prot_features,0.6502359727320399,0.9487179487179487
AgingDEP|prot_features,0.6497115888830625,0.9487179487179487
AgingDEP|prot_features,0.649187205034085,0.9487179487179487
AgingDEP|prot_features,0.6486628211851075,0.9487179487179487
AgingDEP|prot_features,0.6481384373361301,0.9487179487179487
AgingDEP|prot_features,0.6476140534871526,0.9487179487179487
AgingDEP|prot_features,0.6470896696381752,0.9487179487179487
AgingDEP|prot_features,0.6465652857891977,0.9487179487179487
AgingDEP|prot_features,0.6460409019402202,0.9487179487179487
AgingDEP|prot_features,0.6455165180912428,0.9487179487179487
AgingDEP|prot_features,0.6449921342422653,0.9487179487179487
AgingDEP|prot_features,0.6444677503932879,0.9487179487179487
AgingDEP|prot_features,0.6439433665443104,0.9487179487179487
AgingDEP|prot_features,0.6434189826953329,0.9487179487179487
AgingDEP|prot_features,0.6428945988463555,0.9487179487179487
AgingDEP|prot_features,0.642370214997378,0.9487179487179487
AgingDEP|prot_features,0.6418458311484005,0.9487179487179487
AgingDEP|prot_features,0.6413214472994232,0.9487179487179487
AgingDEP|prot_features,0.6407970634504457,0.9487179487179487
AgingDEP|prot_features,0.6402726796014683,0.9487179487179487
AgingDEP|prot_features,0.6397482957524908,0.9487179487179487
AgingDEP|prot_features,0.6392239119035134,0.9487179487179487
AgingDEP|prot_features,0.638699528054536,0.9487179487179487
AgingDEP|prot_features,0.6381751442055585,0.9487179487179487
AgingDEP|prot_features,0.6376507603565811,0.9487179487179487
AgingDEP|prot_features,0.6371263765076036,0.9487179487179487
AgingDEP|prot_features,0.6366019926586262,0.9487179487179487
AgingDEP|prot_features,0.6360776088096487,0.9487179487179487
AgingDEP|prot_features,0.6355532249606712,0.9487179487179487
AgingDEP|prot_features,0.6350288411116938,0.9487179487179487
AgingDEP|prot_features,0.6345044572627163,0.9487179487179487
AgingDEP|prot_features,0.6339800734137389,0.9487179487179487
AgingDEP|prot_features,0.6334556895647614,0.9487179487179487
AgingDEP|prot_features,0.6329313057157839,0.9487179487179487
AgingDEP|prot_features,0.6324069218668065,0.9487179487179487
AgingDEP|prot_features,0.631882538017829,0.9487179487179487
AgingDEP|prot_features,0.6313581541688515,0.9487179487179487
AgingDEP|prot_features,0.6308337703198741,0.9487179487179487
AgingDEP|prot_features,0.6303093864708966,0.9487179487179487
AgingDEP|prot_features,0.6297850026219192,0.9487179487179487
AgingDEP|prot_features,0.6292606187729418,0.9487179487179487
AgingDEP|prot_features,0.6287362349239644,0.9487179487179487
AgingDEP|prot_features,0.6282118510749869,0.9487179487179487
AgingDEP|prot_features,0.6282118510749869,0.9435897435897436
AgingDEP|prot_features,0.6276874672260094,0.9435897435897436
AgingDEP|prot_features,0.627163083377032,0.9435897435897436
AgingDEP|prot_features,0.6266386995280545,0.9435897435897436
AgingDEP|prot_features,0.6266386995280545,0.9384615384615385
AgingDEP|prot_features,0.6261143156790772,0.9384615384615385
AgingDEP|prot_features,0.6255899318300997,0.9384615384615385
AgingDEP|prot_features,0.6250655479811222,0.9384615384615385
AgingDEP|prot_features,0.6245411641321448,0.9384615384615385
AgingDEP|prot_features,0.6240167802831673,0.9384615384615385
AgingDEP|prot_features,0.6234923964341899,0.9384615384615385
AgingDEP|prot_features,0.6229680125852124,0.9384615384615385
AgingDEP|prot_features,0.6224436287362349,0.9384615384615385
AgingDEP|prot_features,0.6219192448872575,0.9384615384615385
AgingDEP|prot_features,0.62139486103828,0.9384615384615385
AgingDEP|prot_features,0.6208704771893025,0.9384615384615385
AgingDEP|prot_features,0.6203460933403251,0.9384615384615385
AgingDEP|prot_features,0.6198217094913476,0.9384615384615385
AgingDEP|prot_features,0.6192973256423702,0.9384615384615385
AgingDEP|prot_features,0.6187729417933927,0.9384615384615385
AgingDEP|prot_features,0.6182485579444152,0.9384615384615385
AgingDEP|prot_features,0.6177241740954378,0.9384615384615385
AgingDEP|prot_features,0.6171997902464604,0.9384615384615385
AgingDEP|prot_features,0.616675406397483,0.9384615384615385
AgingDEP|prot_features,0.6161510225485055,0.9384615384615385
AgingDEP|prot_features,0.615626638699528,0.9384615384615385
AgingDEP|prot_features,0.6151022548505506,0.9384615384615385
AgingDEP|prot_features,0.6145778710015731,0.9384615384615385
AgingDEP|prot_features,0.6140534871525958,0.9384615384615385
AgingDEP|prot_features,0.6135291033036183,0.9384615384615385
AgingDEP|prot_features,0.6130047194546409,0.9384615384615385
AgingDEP|prot_features,0.6124803356056634,0.9384615384615385
AgingDEP|prot_features,0.6119559517566859,0.9384615384615385
AgingDEP|prot_features,0.6114315679077085,0.9384615384615385
AgingDEP|prot_features,0.610907184058731,0.9384615384615385
AgingDEP|prot_features,0.6103828002097536,0.9384615384615385
AgingDEP|prot_features,0.6098584163607761,0.9384615384615385
AgingDEP|prot_features,0.6093340325117986,0.9384615384615385
AgingDEP|prot_features,0.6088096486628212,0.9384615384615385
AgingDEP|prot_features,0.6082852648138437,0.9384615384615385
AgingDEP|prot_features,0.6077608809648662,0.9384615384615385
AgingDEP|prot_features,0.6072364971158888,0.9384615384615385
AgingDEP|prot_features,0.6067121132669113,0.9384615384615385
AgingDEP|prot_features,0.6061877294179339,0.9384615384615385
AgingDEP|prot_features,0.6056633455689564,0.9384615384615385
AgingDEP|prot_features,0.605138961719979,0.9384615384615385
AgingDEP|prot_features,0.6046145778710016,0.9384615384615385
AgingDEP|prot_features,0.6040901940220241,0.9384615384615385
AgingDEP|prot_features,0.6035658101730467,0.9384615384615385
AgingDEP|prot_features,0.6030414263240692,0.9384615384615385
AgingDEP|prot_features,0.6025170424750917,0.9384615384615385
AgingDEP|prot_features,0.6019926586261144,0.9384615384615385
AgingDEP|prot_features,0.6014682747771369,0.9384615384615385
AgingDEP|prot_features,0.6009438909281595,0.9384615384615385
AgingDEP|prot_features,0.600419507079182,0.9384615384615385
AgingDEP|prot_features,0.5998951232302046,0.9384615384615385
AgingDEP|prot_features,0.5993707393812271,0.9384615384615385
AgingDEP|prot_features,0.5988463555322496,0.9384615384615385
AgingDEP|prot_features,0.5983219716832722,0.9384615384615385
AgingDEP|prot_features,0.5977975878342947,0.9384615384615385
AgingDEP|prot_features,0.5972732039853172,0.9384615384615385
AgingDEP|prot_features,0.5967488201363398,0.9384615384615385
AgingDEP|prot_features,0.5962244362873623,0.9384615384615385
AgingDEP|prot_features,0.5957000524383849,0.9384615384615385
AgingDEP|prot_features,0.5951756685894074,0.9384615384615385
AgingDEP|prot_features,0.5946512847404299,0.9384615384615385
AgingDEP|prot_features,0.5941269008914525,0.9384615384615385
AgingDEP|prot_features,0.593602517042475,0.9384615384615385
AgingDEP|prot_features,0.5930781331934976,0.9384615384615385
AgingDEP|prot_features,0.5925537493445202,0.9384615384615385
AgingDEP|prot_features,0.5920293654955427,0.9384615384615385
AgingDEP|prot_features,0.5915049816465653,0.9384615384615385
AgingDEP|prot_features,0.5909805977975878,0.9384615384615385
AgingDEP|prot_features,0.5904562139486104,0.9384615384615385
AgingDEP|prot_features,0.589931830099633,0.9384615384615385
AgingDEP|prot_features,0.5894074462506556,0.9384615384615385
AgingDEP|prot_features,0.5888830624016781,0.9384615384615385
AgingDEP|prot_features,0.5888830624016781,0.9333333333333333
AgingDEP|prot_features,0.5883586785527006,0.9333333333333333
AgingDEP|prot_features,0.5878342947037232,0.9333333333333333
AgingDEP|prot_features,0.5873099108547457,0.9333333333333333
AgingDEP|prot_features,0.5867855270057682,0.9333333333333333
AgingDEP|prot_features,0.5862611431567908,0.9333333333333333
AgingDEP|prot_features,0.5857367593078133,0.9333333333333333
AgingDEP|prot_features,0.5852123754588359,0.9333333333333333
AgingDEP|prot_features,0.5846879916098584,0.9333333333333333
AgingDEP|prot_features,0.5841636077608809,0.9333333333333333
AgingDEP|prot_features,0.5836392239119035,0.9333333333333333
AgingDEP|prot_features,0.583114840062926,0.9333333333333333
AgingDEP|prot_features,0.5825904562139486,0.9333333333333333
AgingDEP|prot_features,0.5820660723649711,0.9333333333333333
AgingDEP|prot_features,0.5815416885159936,0.9333333333333333
AgingDEP|prot_features,0.5815416885159936,0.9282051282051282
AgingDEP|prot_features,0.5810173046670162,0.9282051282051282
AgingDEP|prot_features,0.5804929208180388,0.9282051282051282
AgingDEP|prot_features,0.5799685369690614,0.9282051282051282
AgingDEP|prot_features,0.5794441531200839,0.9282051282051282
AgingDEP|prot_features,0.5789197692711064,0.9282051282051282
AgingDEP|prot_features,0.578395385422129,0.9282051282051282
AgingDEP|prot_features,0.5778710015731515,0.9282051282051282
AgingDEP|prot_features,0.5773466177241742,0.9282051282051282
AgingDEP|prot_features,0.5768222338751967,0.9282051282051282
AgingDEP|prot_features,0.5762978500262192,0.9282051282051282
AgingDEP|prot_features,0.5757734661772418,0.9282051282051282
AgingDEP|prot_features,0.5752490823282643,0.9282051282051282
AgingDEP|prot_features,0.5747246984792869,0.9282051282051282
AgingDEP|prot_features,0.5742003146303094,0.9282051282051282
AgingDEP|prot_features,0.5736759307813319,0.9282051282051282
AgingDEP|prot_features,0.5731515469323545,0.9282051282051282
AgingDEP|prot_features,0.572627163083377,0.9282051282051282
AgingDEP|prot_features,0.5721027792343996,0.9282051282051282
AgingDEP|prot_features,0.5715783953854221,0.9282051282051282
AgingDEP|prot_features,0.5710540115364446,0.9282051282051282
AgingDEP|prot_features,0.5705296276874672,0.9282051282051282
AgingDEP|prot_features,0.5700052438384897,0.9282051282051282
AgingDEP|prot_features,0.5694808599895123,0.9282051282051282
AgingDEP|prot_features,0.5689564761405348,0.9282051282051282
AgingDEP|prot_features,0.5684320922915574,0.9282051282051282
AgingDEP|prot_features,0.56790770844258,0.9282051282051282
AgingDEP|prot_features,0.5673833245936025,0.9282051282051282
AgingDEP|prot_features,0.5668589407446251,0.9282051282051282
AgingDEP|prot_features,0.5663345568956476,0.9282051282051282
AgingDEP|prot_features,0.5658101730466701,0.9282051282051282
AgingDEP|prot_features,0.5652857891976928,0.9282051282051282
AgingDEP|prot_features,0.5647614053487153,0.9282051282051282
AgingDEP|prot_features,0.5642370214997379,0.9282051282051282
AgingDEP|prot_features,0.5637126376507604,0.9282051282051282
AgingDEP|prot_features,0.563188253801783,0.9282051282051282
AgingDEP|prot_features,0.5626638699528055,0.9282051282051282
AgingDEP|prot_features,0.562139486103828,0.9282051282051282
AgingDEP|prot_features,0.5616151022548506,0.9282051282051282
AgingDEP|prot_features,0.5610907184058731,0.9282051282051282
AgingDEP|prot_features,0.5605663345568956,0.9282051282051282
AgingDEP|prot_features,0.5600419507079182,0.9282051282051282
AgingDEP|prot_features,0.5595175668589407,0.9282051282051282
AgingDEP|prot_features,0.5589931830099633,0.9282051282051282
AgingDEP|prot_features,0.5584687991609858,0.9282051282051282
AgingDEP|prot_features,0.5579444153120083,0.9282051282051282
AgingDEP|prot_features,0.5574200314630309,0.9282051282051282
AgingDEP|prot_features,0.5568956476140534,0.9282051282051282
AgingDEP|prot_features,0.5563712637650761,0.9282051282051282
AgingDEP|prot_features,0.5558468799160986,0.9282051282051282
AgingDEP|prot_features,0.5553224960671211,0.9282051282051282
AgingDEP|prot_features,0.5547981122181437,0.9282051282051282
AgingDEP|prot_features,0.5542737283691662,0.9282051282051282
AgingDEP|prot_features,0.5537493445201888,0.9282051282051282
AgingDEP|prot_features,0.5532249606712114,0.9282051282051282
AgingDEP|prot_features,0.552700576822234,0.9282051282051282
AgingDEP|prot_features,0.5521761929732565,0.9282051282051282
AgingDEP|prot_features,0.551651809124279,0.9282051282051282
AgingDEP|prot_features,0.5511274252753016,0.9282051282051282
AgingDEP|prot_features,0.5506030414263241,0.9282051282051282
AgingDEP|prot_features,0.5500786575773466,0.9282051282051282
AgingDEP|prot_features,0.5495542737283692,0.9282051282051282
AgingDEP|prot_features,0.5490298898793917,0.9282051282051282
AgingDEP|prot_features,0.5485055060304143,0.9282051282051282
AgingDEP|prot_features,0.5479811221814368,0.9282051282051282
AgingDEP|prot_features,0.5474567383324593,0.9282051282051282
AgingDEP|prot_features,0.5469323544834819,0.9282051282051282
AgingDEP|prot_features,0.5464079706345044,0.9282051282051282
AgingDEP|prot_features,0.545883586785527,0.9282051282051282
AgingDEP|prot_features,0.5453592029365495,0.9282051282051282
AgingDEP|prot_features,0.544834819087572,0.9282051282051282
AgingDEP|prot_features,0.5443104352385946,0.9282051282051282
AgingDEP|prot_features,0.5437860513896172,0.9282051282051282
AgingDEP|prot_features,0.5432616675406398,0.9282051282051282
AgingDEP|prot_features,0.5427372836916623,0.9282051282051282
AgingDEP|prot_features,0.5422128998426848,0.9282051282051282
AgingDEP|prot_features,0.5416885159937074,0.9282051282051282
AgingDEP|prot_features,0.5411641321447299,0.9282051282051282
AgingDEP|prot_features,0.5406397482957526,0.9282051282051282
AgingDEP|prot_features,0.5401153644467751,0.9282051282051282
AgingDEP|prot_features,0.5395909805977976,0.9282051282051282
AgingDEP|prot_features,0.5390665967488202,0.9282051282051282
AgingDEP|prot_features,0.5385422128998427,0.9282051282051282
AgingDEP|prot_features,0.5380178290508653,0.9282051282051282
AgingDEP|prot_features,0.5374934452018878,0.9282051282051282
AgingDEP|prot_features,0.5369690613529103,0.9282051282051282
AgingDEP|prot_features,0.5364446775039329,0.9282051282051282
AgingDEP|prot_features,0.5359202936549554,0.9282051282051282
AgingDEP|prot_features,0.535395909805978,0.9282051282051282
AgingDEP|prot_features,0.5348715259570005,0.9282051282051282
AgingDEP|prot_features,0.5348715259570005,0.9230769230769231
AgingDEP|prot_features,0.534347142108023,0.9230769230769231
AgingDEP|prot_features,0.5338227582590456,0.9230769230769231
AgingDEP|prot_features,0.5332983744100681,0.9230769230769231
AgingDEP|prot_features,0.5327739905610906,0.9230769230769231
AgingDEP|prot_features,0.5322496067121132,0.9230769230769231
AgingDEP|prot_features,0.5317252228631358,0.9230769230769231
AgingDEP|prot_features,0.5312008390141584,0.9230769230769231
AgingDEP|prot_features,0.5306764551651809,0.9230769230769231
AgingDEP|prot_features,0.5301520713162035,0.9230769230769231
AgingDEP|prot_features,0.529627687467226,0.9230769230769231
AgingDEP|prot_features,0.5291033036182485,0.9230769230769231
AgingDEP|prot_features,0.5285789197692712,0.9230769230769231
AgingDEP|prot_features,0.5280545359202937,0.9230769230769231
AgingDEP|prot_features,0.5275301520713163,0.9230769230769231
AgingDEP|prot_features,0.5270057682223388,0.9230769230769231
AgingDEP|prot_features,0.5264813843733613,0.9230769230769231
AgingDEP|prot_features,0.5259570005243839,0.9230769230769231
AgingDEP|prot_features,0.5254326166754064,0.9230769230769231
AgingDEP|prot_features,0.524908232826429,0.9230769230769231
AgingDEP|prot_features,0.5243838489774515,0.9230769230769231
AgingDEP|prot_features,0.5243838489774515,0.9179487179487179
AgingDEP|prot_features,0.523859465128474,0.9179487179487179
AgingDEP|prot_features,0.5233350812794966,0.9179487179487179
AgingDEP|prot_features,0.5228106974305191,0.9179487179487179
AgingDEP|prot_features,0.5222863135815417,0.9179487179487179
AgingDEP|prot_features,0.5217619297325642,0.9179487179487179
AgingDEP|prot_features,0.5212375458835867,0.9179487179487179
AgingDEP|prot_features,0.5207131620346093,0.9179487179487179
AgingDEP|prot_features,0.5201887781856318,0.9179487179487179
AgingDEP|prot_features,0.5196643943366545,0.9179487179487179
AgingDEP|prot_features,0.519140010487677,0.9179487179487179
AgingDEP|prot_features,0.5186156266386995,0.9179487179487179
AgingDEP|prot_features,0.5180912427897221,0.9179487179487179
AgingDEP|prot_features,0.5175668589407446,0.9179487179487179
AgingDEP|prot_features,0.5170424750917672,0.9179487179487179
AgingDEP|prot_features,0.5165180912427898,0.9179487179487179
AgingDEP|prot_features,0.5159937073938123,0.9179487179487179
AgingDEP|prot_features,0.5154693235448349,0.9179487179487179
AgingDEP|prot_features,0.5149449396958574,0.9179487179487179
AgingDEP|prot_features,0.51442055584688,0.9179487179487179
AgingDEP|prot_features,0.5138961719979025,0.9179487179487179
AgingDEP|prot_features,0.513371788148925,0.9179487179487179
AgingDEP|prot_features,0.5128474042999476,0.9179487179487179
AgingDEP|prot_features,0.5123230204509701,0.9179487179487179
AgingDEP|prot_features,0.5117986366019927,0.9179487179487179
AgingDEP|prot_features,0.5112742527530152,0.9179487179487179
AgingDEP|prot_features,0.5107498689040377,0.9179487179487179
AgingDEP|prot_features,0.5102254850550603,0.9179487179487179
AgingDEP|prot_features,0.5097011012060828,0.9179487179487179
AgingDEP|prot_features,0.5091767173571053,0.9179487179487179
AgingDEP|prot_features,0.5086523335081279,0.9179487179487179
AgingDEP|prot_features,0.5081279496591504,0.9179487179487179
AgingDEP|prot_features,0.5076035658101731,0.9179487179487179
AgingDEP|prot_features,0.5070791819611956,0.9179487179487179
AgingDEP|prot_features,0.5065547981122182,0.9179487179487179
AgingDEP|prot_features,0.5060304142632407,0.9179487179487179
AgingDEP|prot_features,0.5055060304142632,0.9179487179487179
AgingDEP|prot_features,0.5049816465652858,0.9179487179487179
AgingDEP|prot_features,0.5044572627163084,0.9179487179487179
AgingDEP|prot_features,0.503932878867331,0.9179487179487179
AgingDEP|prot_features,0.5034084950183535,0.9179487179487179
AgingDEP|prot_features,0.502884111169376,0.9179487179487179
AgingDEP|prot_features,0.5023597273203986,0.9179487179487179
AgingDEP|prot_features,0.5018353434714211,0.9179487179487179
AgingDEP|prot_features,0.5013109596224437,0.9179487179487179
AgingDEP|prot_features,0.5007865757734662,0.9179487179487179
AgingDEP|prot_features,0.5002621919244887,0.9179487179487179
AgingDEP|prot_features,0.49973780807551127,0.9179487179487179
AgingDEP|prot_features,0.4992134242265338,0.9179487179487179
AgingDEP|prot_features,0.49868904037755635,0.9179487179487179
AgingDEP|prot_features,0.49868904037755635,0.9128205128205128
AgingDEP|prot_features,0.4981646565285789,0.9128205128205128
AgingDEP|prot_features,0.4976402726796014,0.9128205128205128
AgingDEP|prot_features,0.49711588883062396,0.9128205128205128
AgingDEP|prot_features,0.4965915049816466,0.9128205128205128
AgingDEP|prot_features,0.49606712113266915,0.9128205128205128
AgingDEP|prot_features,0.4955427372836917,0.9128205128205128
AgingDEP|prot_features,0.49501835343471423,0.9128205128205128
AgingDEP|prot_features,0.49449396958573677,0.9128205128205128
AgingDEP|prot_features,0.4939695857367593,0.9128205128205128
AgingDEP|prot_features,0.49344520188778185,0.9128205128205128
AgingDEP|prot_features,0.4929208180388044,0.9128205128205128
AgingDEP|prot_features,0.4923964341898269,0.9128205128205128
AgingDEP|prot_features,0.49187205034084946,0.9128205128205128
AgingDEP|prot_features,0.491347666491872,0.9128205128205128
AgingDEP|prot_features,0.49082328264289465,0.9128205128205128
AgingDEP|prot_features,0.4902988987939172,0.9128205128205128
AgingDEP|prot_features,0.48977451494493973,0.9128205128205128
AgingDEP|prot_features,0.48925013109596227,0.9128205128205128
AgingDEP|prot_features,0.4887257472469848,0.9128205128205128
AgingDEP|prot_features,0.48820136339800735,0.9128205128205128
AgingDEP|prot_features,0.4876769795490299,0.9128205128205128
AgingDEP|prot_features,0.4871525957000524,0.9128205128205128
AgingDEP|prot_features,0.48662821185107497,0.9128205128205128
AgingDEP|prot_features,0.4861038280020975,0.9128205128205128
AgingDEP|prot_features,0.48557944415312004,0.9128205128205128
AgingDEP|prot_features,0.4850550603041426,0.9128205128205128
AgingDEP|prot_features,0.48453067645516523,0.9128205128205128
AgingDEP|prot_features,0.48400629260618777,0.9128205128205128
AgingDEP|prot_features,0.4834819087572103,0.9128205128205128
AgingDEP|prot_features,0.48295752490823285,0.9128205128205128
AgingDEP|prot_features,0.4824331410592554,0.9128205128205128
AgingDEP|prot_features,0.4819087572102779,0.9128205128205128
AgingDEP|prot_features,0.48138437336130047,0.9128205128205128
AgingDEP|prot_features,0.480859989512323,0.9128205128205128
AgingDEP|prot_features,0.48033560566334554,0.9128205128205128
AgingDEP|prot_features,0.4798112218143681,0.9128205128205128
AgingDEP|prot_features,0.4792868379653906,0.9128205128205128
AgingDEP|prot_features,0.47876245411641316,0.9128205128205128
AgingDEP|prot_features,0.4782380702674358,0.9128205128205128
AgingDEP|prot_features,0.47771368641845835,0.9128205128205128
AgingDEP|prot_features,0.4771893025694809,0.9128205128205128
AgingDEP|prot_features,0.47666491872050343,0.9128205128205128
AgingDEP|prot_features,0.47614053487152597,0.9128205128205128
AgingDEP|prot_features,0.4756161510225485,0.9128205128205128
AgingDEP|prot_features,0.47509176717357104,0.9128205128205128
AgingDEP|prot_features,0.4745673833245936,0.9128205128205128
AgingDEP|prot_features,0.4740429994756161,0.9128205128205128
AgingDEP|prot_features,0.4740429994756161,0.9076923076923077
AgingDEP|prot_features,0.47351861562663866,0.9076923076923077
AgingDEP|prot_features,0.4729942317776612,0.9076923076923077
AgingDEP|prot_features,0.47246984792868385,0.9076923076923077
AgingDEP|prot_features,0.4719454640797064,0.9076923076923077
AgingDEP|prot_features,0.47142108023072893,0.9076923076923077
AgingDEP|prot_features,0.47089669638175147,0.9076923076923077
AgingDEP|prot_features,0.470372312532774,0.9076923076923077
AgingDEP|prot_features,0.46984792868379655,0.9076923076923077
AgingDEP|prot_features,0.4693235448348191,0.9076923076923077
AgingDEP|prot_features,0.4687991609858416,0.9076923076923077
AgingDEP|prot_features,0.46827477713686416,0.9076923076923077
AgingDEP|prot_features,0.4677503932878867,0.9076923076923077
AgingDEP|prot_features,0.46722600943890924,0.9076923076923077
AgingDEP|prot_features,0.4667016255899318,0.9076923076923077
AgingDEP|prot_features,0.46617724174095443,0.9076923076923077
AgingDEP|prot_features,0.46565285789197697,0.9076923076923077
AgingDEP|prot_features,0.4651284740429995,0.9076923076923077
AgingDEP|prot_features,0.46460409019402205,0.9076923076923077
AgingDEP|prot_features,0.4640797063450446,0.9076923076923077
AgingDEP|prot_features,0.4635553224960671,0.9076923076923077
AgingDEP|prot_features,0.46303093864708966,0.9076923076923077
AgingDEP|prot_features,0.4625065547981122,0.9076923076923077
AgingDEP|prot_features,0.46198217094913474,0.9076923076923077
AgingDEP|prot_features,0.4614577871001573,0.9076923076923077
AgingDEP|prot_features,0.4609334032511798,0.9076923076923077
AgingDEP|prot_features,0.46040901940220236,0.9076923076923077
AgingDEP|prot_features,0.46040901940220236,0.9025641025641026
AgingDEP|prot_features,0.459884635553225,0.9025641025641026
AgingDEP|prot_features,0.45936025170424755,0.9025641025641026
AgingDEP|prot_features,0.4588358678552701,0.9025641025641026
AgingDEP|prot_features,0.4583114840062926,0.9025641025641026
AgingDEP|prot_features,0.45778710015731516,0.9025641025641026
AgingDEP|prot_features,0.4572627163083377,0.9025641025641026
AgingDEP|prot_features,0.45673833245936024,0.9025641025641026
AgingDEP|prot_features,0.4562139486103828,0.9025641025641026
AgingDEP|prot_features,0.4556895647614053,0.9025641025641026
AgingDEP|prot_features,0.45516518091242786,0.9025641025641026
AgingDEP|prot_features,0.4546407970634504,0.9025641025641026
AgingDEP|prot_features,0.45411641321447305,0.9025641025641026
AgingDEP|prot_features,0.4535920293654956,0.9025641025641026
AgingDEP|prot_features,0.4530676455165181,0.9025641025641026
AgingDEP|prot_features,0.45254326166754066,0.9025641025641026
AgingDEP|prot_features,0.4520188778185632,0.9025641025641026
AgingDEP|prot_features,0.45149449396958574,0.9025641025641026
AgingDEP|prot_features,0.4509701101206083,0.9025641025641026
AgingDEP|prot_features,0.4504457262716308,0.9025641025641026
AgingDEP|prot_features,0.44992134242265336,0.9025641025641026
AgingDEP|prot_features,0.4493969585736759,0.9025641025641026
AgingDEP|prot_features,0.44887257472469844,0.9025641025641026
AgingDEP|prot_features,0.448348190875721,0.9025641025641026
AgingDEP|prot_features,0.4478238070267436,0.9025641025641026
AgingDEP|prot_features,0.44729942317776616,0.9025641025641026
AgingDEP|prot_features,0.4467750393287887,0.9025641025641026
AgingDEP|prot_features,0.44625065547981124,0.9025641025641026
AgingDEP|prot_features,0.4457262716308338,0.9025641025641026
AgingDEP|prot_features,0.4452018877818563,0.9025641025641026
AgingDEP|prot_features,0.44467750393287886,0.9025641025641026
AgingDEP|prot_features,0.4441531200839014,0.9025641025641026
AgingDEP|prot_features,0.44362873623492394,0.9025641025641026
AgingDEP|prot_features,0.4431043523859465,0.9025641025641026
AgingDEP|prot_features,0.442579968536969,0.9025641025641026
AgingDEP|prot_features,0.44205558468799167,0.9025641025641026
AgingDEP|prot_features,0.44205558468799167,0.8974358974358975
AgingDEP|prot_features,0.4415312008390142,0.8974358974358975
AgingDEP|prot_features,0.44100681699003674,0.8974358974358975
AgingDEP|prot_features,0.4404824331410593,0.8974358974358975
AgingDEP|prot_features,0.4399580492920818,0.8974358974358975
AgingDEP|prot_features,0.43943366544310436,0.8974358974358975
AgingDEP|prot_features,0.4389092815941269,0.8974358974358975
AgingDEP|prot_features,0.43838489774514944,0.8974358974358975
AgingDEP|prot_features,0.437860513896172,0.8974358974358975
AgingDEP|prot_features,0.4373361300471945,0.8974358974358975
AgingDEP|prot_features,0.43681174619821705,0.8974358974358975
AgingDEP|prot_features,0.4362873623492396,0.8974358974358975
AgingDEP|prot_features,0.43576297850026224,0.8974358974358975
AgingDEP|prot_features,0.4352385946512848,0.8974358974358975
AgingDEP|prot_features,0.4347142108023073,0.8974358974358975
AgingDEP|prot_features,0.43418982695332986,0.8974358974358975
AgingDEP|prot_features,0.4336654431043524,0.8974358974358975
AgingDEP|prot_features,0.43314105925537494,0.8974358974358975
AgingDEP|prot_features,0.4326166754063975,0.8974358974358975
AgingDEP|prot_features,0.43209229155742,0.8974358974358975
AgingDEP|prot_features,0.43156790770844256,0.8974358974358975
AgingDEP|prot_features,0.4310435238594651,0.8974358974358975
AgingDEP|prot_features,0.43051914001048763,0.8974358974358975
AgingDEP|prot_features,0.42999475616151017,0.8974358974358975
AgingDEP|prot_features,0.4294703723125328,0.8974358974358975
AgingDEP|prot_features,0.42894598846355536,0.8974358974358975
AgingDEP|prot_features,0.4284216046145779,0.8974358974358975
AgingDEP|prot_features,0.42789722076560044,0.8974358974358975
AgingDEP|prot_features,0.427372836916623,0.8974358974358975
AgingDEP|prot_features,0.4268484530676455,0.8974358974358975
AgingDEP|prot_features,0.42632406921866806,0.8974358974358975
AgingDEP|prot_features,0.4257996853696906,0.8974358974358975
AgingDEP|prot_features,0.42527530152071313,0.8974358974358975
AgingDEP|prot_features,0.4247509176717357,0.8974358974358975
AgingDEP|prot_features,0.4242265338227582,0.8974358974358975
AgingDEP|prot_features,0.42370214997378086,0.8974358974358975
AgingDEP|prot_features,0.4231777661248034,0.8974358974358975
AgingDEP|prot_features,0.42265338227582594,0.8974358974358975
AgingDEP|prot_features,0.4221289984268485,0.8974358974358975
AgingDEP|prot_features,0.421604614577871,0.8974358974358975
AgingDEP|prot_features,0.42108023072889356,0.8974358974358975
AgingDEP|prot_features,0.4205558468799161,0.8974358974358975
AgingDEP|prot_features,0.42003146303093863,0.8974358974358975
AgingDEP|prot_features,0.4195070791819612,0.8974358974358975
AgingDEP|prot_features,0.4189826953329837,0.8974358974358975
AgingDEP|prot_features,0.41845831148400625,0.8974358974358975
AgingDEP|prot_features,0.4179339276350288,0.8974358974358975
AgingDEP|prot_features,0.41740954378605144,0.8974358974358975
AgingDEP|prot_features,0.416885159937074,0.8974358974358975
AgingDEP|prot_features,0.4163607760880965,0.8974358974358975
AgingDEP|prot_features,0.41583639223911906,0.8974358974358975
AgingDEP|prot_features,0.4153120083901416,0.8974358974358975
AgingDEP|prot_features,0.41478762454116413,0.8974358974358975
AgingDEP|prot_features,0.4142632406921867,0.8974358974358975
AgingDEP|prot_features,0.4137388568432092,0.8974358974358975
AgingDEP|prot_features,0.41321447299423175,0.8974358974358975
AgingDEP|prot_features,0.4126900891452543,0.8974358974358975
AgingDEP|prot_features,0.41216570529627683,0.8974358974358975
AgingDEP|prot_features,0.41164132144729937,0.8974358974358975
AgingDEP|prot_features,0.411116937598322,0.8974358974358975
AgingDEP|prot_features,0.41059255374934456,0.8974358974358975
AgingDEP|prot_features,0.4100681699003671,0.8974358974358975
AgingDEP|prot_features,0.40954378605138964,0.8974358974358975
AgingDEP|prot_features,0.4090194022024122,0.8974358974358975
AgingDEP|prot_features,0.4084950183534347,0.8974358974358975
AgingDEP|prot_features,0.40797063450445725,0.8974358974358975
AgingDEP|prot_features,0.4074462506554798,0.8974358974358975
AgingDEP|prot_features,0.40692186680650233,0.8974358974358975
AgingDEP|prot_features,0.40639748295752487,0.8974358974358975
AgingDEP|prot_features,0.4058730991085474,0.8974358974358975
AgingDEP|prot_features,0.40534871525957006,0.8974358974358975
AgingDEP|prot_features,0.4048243314105926,0.8974358974358975
AgingDEP|prot_features,0.40429994756161514,0.8974358974358975
AgingDEP|prot_features,0.4037755637126377,0.8974358974358975
AgingDEP|prot_features,0.4032511798636602,0.8974358974358975
AgingDEP|prot_features,0.40272679601468275,0.8974358974358975
AgingDEP|prot_features,0.4022024121657053,0.8974358974358975
AgingDEP|prot_features,0.40167802831672783,0.8974358974358975
AgingDEP|prot_features,0.40115364446775037,0.8974358974358975
AgingDEP|prot_features,0.4006292606187729,0.8974358974358975
AgingDEP|prot_features,0.40010487676979545,0.8974358974358975
AgingDEP|prot_features,0.399580492920818,0.8974358974358975
AgingDEP|prot_features,0.39905610907184064,0.8974358974358975
AgingDEP|prot_features,0.3985317252228632,0.8974358974358975
AgingDEP|prot_features,0.3980073413738857,0.8974358974358975
AgingDEP|prot_features,0.39748295752490825,0.8974358974358975
AgingDEP|prot_features,0.3969585736759308,0.8974358974358975
AgingDEP|prot_features,0.39643418982695333,0.8974358974358975
AgingDEP|prot_features,0.39590980597797587,0.8974358974358975
AgingDEP|prot_features,0.3953854221289984,0.8974358974358975
AgingDEP|prot_features,0.39486103828002095,0.8974358974358975
AgingDEP|prot_features,0.3943366544310435,0.8974358974358975
AgingDEP|prot_features,0.393812270582066,0.8974358974358975
AgingDEP|prot_features,0.3932878867330887,0.8974358974358975
AgingDEP|prot_features,0.3927635028841112,0.8974358974358975
AgingDEP|prot_features,0.39223911903513375,0.8974358974358975
AgingDEP|prot_features,0.3917147351861563,0.8974358974358975
AgingDEP|prot_features,0.39119035133717883,0.8974358974358975
AgingDEP|prot_features,0.39066596748820137,0.8974358974358975
AgingDEP|prot_features,0.3901415836392239,0.8974358974358975
AgingDEP|prot_features,0.38961719979024645,0.8974358974358975
AgingDEP|prot_features,0.389092815941269,0.8974358974358975
AgingDEP|prot_features,0.3885684320922915,0.8974358974358975
AgingDEP|prot_features,0.38804404824331407,0.8974358974358975
AgingDEP|prot_features,0.3875196643943366,0.8974358974358975
AgingDEP|prot_features,0.38699528054535925,0.8974358974358975
AgingDEP|prot_features,0.3864708966963818,0.8974358974358975
AgingDEP|prot_features,0.38594651284740433,0.8974358974358975
AgingDEP|prot_features,0.38542212899842687,0.8974358974358975
AgingDEP|prot_features,0.3848977451494494,0.8974358974358975
AgingDEP|prot_features,0.38437336130047195,0.8974358974358975
AgingDEP|prot_features,0.3838489774514945,0.8974358974358975
AgingDEP|prot_features,0.383324593602517,0.8974358974358975
AgingDEP|prot_features,0.38280020975353957,0.8974358974358975
AgingDEP|prot_features,0.3822758259045621,0.8974358974358975
AgingDEP|prot_features,0.38175144205558464,0.8974358974358975
AgingDEP|prot_features,0.3812270582066072,0.8974358974358975
AgingDEP|prot_features,0.38070267435762983,0.8974358974358975
AgingDEP|prot_features,0.38017829050865237,0.8974358974358975
AgingDEP|prot_features,0.3796539066596749,0.8974358974358975
AgingDEP|prot_features,0.37912952281069745,0.8974358974358975
AgingDEP|prot_features,0.37860513896172,0.8974358974358975
AgingDEP|prot_features,0.37808075511274253,0.8974358974358975
AgingDEP|prot_features,0.37755637126376507,0.8974358974358975
AgingDEP|prot_features,0.3770319874147876,0.8974358974358975
AgingDEP|prot_features,0.37650760356581014,0.8974358974358975
AgingDEP|prot_features,0.3759832197168327,0.8974358974358975
AgingDEP|prot_features,0.3754588358678552,0.8974358974358975
AgingDEP|prot_features,0.3749344520188779,0.8974358974358975
AgingDEP|prot_features,0.3744100681699004,0.8974358974358975
AgingDEP|prot_features,0.37388568432092295,0.8974358974358975
AgingDEP|prot_features,0.3733613004719455,0.8974358974358975
AgingDEP|prot_features,0.37283691662296803,0.8974358974358975
AgingDEP|prot_features,0.37231253277399057,0.8974358974358975
AgingDEP|prot_features,0.3717881489250131,0.8974358974358975
AgingDEP|prot_features,0.37126376507603565,0.8974358974358975
AgingDEP|prot_features,0.3707393812270582,0.8974358974358975
AgingDEP|prot_features,0.3702149973780807,0.8974358974358975
AgingDEP|prot_features,0.36969061352910326,0.8974358974358975
AgingDEP|prot_features,0.3691662296801258,0.8974358974358975
AgingDEP|prot_features,0.36864184583114845,0.8974358974358975
AgingDEP|prot_features,0.368117461982171,0.8974358974358975
AgingDEP|prot_features,0.36759307813319353,0.8974358974358975
AgingDEP|prot_features,0.36706869428421607,0.8974358974358975
AgingDEP|prot_features,0.3665443104352386,0.8974358974358975
AgingDEP|prot_features,0.36601992658626115,0.8974358974358975
AgingDEP|prot_features,0.3654955427372837,0.8974358974358975
AgingDEP|prot_features,0.3649711588883062,0.8974358974358975
AgingDEP|prot_features,0.36444677503932876,0.8974358974358975
AgingDEP|prot_features,0.3639223911903513,0.8974358974358975
AgingDEP|prot_features,0.36339800734137384,0.8974358974358975
AgingDEP|prot_features,0.3628736234923964,0.8974358974358975
AgingDEP|prot_features,0.36234923964341903,0.8974358974358975
AgingDEP|prot_features,0.36182485579444157,0.8974358974358975
AgingDEP|prot_features,0.3613004719454641,0.8974358974358975
AgingDEP|prot_features,0.36077608809648665,0.8974358974358975
AgingDEP|prot_features,0.3602517042475092,0.8974358974358975
AgingDEP|prot_features,0.3597273203985317,0.8974358974358975
AgingDEP|prot_features,0.35920293654955426,0.8974358974358975
AgingDEP|prot_features,0.3586785527005768,0.8974358974358975
AgingDEP|prot_features,0.35815416885159934,0.8974358974358975
AgingDEP|prot_features,0.3576297850026219,0.8974358974358975
AgingDEP|prot_features,0.3571054011536444,0.8974358974358975
AgingDEP|prot_features,0.35658101730466707,0.8974358974358975
AgingDEP|prot_features,0.3560566334556896,0.8974358974358975
AgingDEP|prot_features,0.35553224960671215,0.8974358974358975
AgingDEP|prot_features,0.3550078657577347,0.8974358974358975
AgingDEP|prot_features,0.3544834819087572,0.8974358974358975
AgingDEP|prot_features,0.35395909805977976,0.8974358974358975
AgingDEP|prot_features,0.3534347142108023,0.8974358974358975
AgingDEP|prot_features,0.35291033036182484,0.8974358974358975
AgingDEP|prot_features,0.3523859465128474,0.8974358974358975
AgingDEP|prot_features,0.3518615626638699,0.8974358974358975
AgingDEP|prot_features,0.35133717881489246,0.8974358974358975
AgingDEP|prot_features,0.350812794965915,0.8974358974358975
AgingDEP|prot_features,0.350812794965915,0.8923076923076924
AgingDEP|prot_features,0.35028841111693765,0.8923076923076924
AgingDEP|prot_features,0.3497640272679602,0.8923076923076924
AgingDEP|prot_features,0.3492396434189827,0.8923076923076924
AgingDEP|prot_features,0.34871525957000526,0.8923076923076924
AgingDEP|prot_features,0.3481908757210278,0.8923076923076924
AgingDEP|prot_features,0.34766649187205034,0.8923076923076924
AgingDEP|prot_features,0.3471421080230729,0.8923076923076924
AgingDEP|prot_features,0.3466177241740954,0.8923076923076924
AgingDEP|prot_features,0.34609334032511796,0.8923076923076924
AgingDEP|prot_features,0.3455689564761405,0.8923076923076924
AgingDEP|prot_features,0.34504457262716304,0.8923076923076924
AgingDEP|prot_features,0.3445201887781856,0.8923076923076924
AgingDEP|prot_features,0.3439958049292082,0.8923076923076924
AgingDEP|prot_features,0.34347142108023077,0.8923076923076924
AgingDEP|prot_features,0.3429470372312533,0.8923076923076924
AgingDEP|prot_features,0.34242265338227584,0.8923076923076924
AgingDEP|prot_features,0.3418982695332984,0.8923076923076924
AgingDEP|prot_features,0.3413738856843209,0.8923076923076924
AgingDEP|prot_features,0.34084950183534346,0.8923076923076924
AgingDEP|prot_features,0.340325117986366,0.8923076923076924
AgingDEP|prot_features,0.33980073413738854,0.8923076923076924
AgingDEP|prot_features,0.33980073413738854,0.8871794871794871
AgingDEP|prot_features,0.3392763502884111,0.8871794871794871
AgingDEP|prot_features,0.3387519664394336,0.8871794871794871
AgingDEP|prot_features,0.33822758259045627,0.8871794871794871
AgingDEP|prot_features,0.3377031987414788,0.8871794871794871
AgingDEP|prot_features,0.33717881489250134,0.8871794871794871
AgingDEP|prot_features,0.3366544310435239,0.8871794871794871
AgingDEP|prot_features,0.3361300471945464,0.8871794871794871
AgingDEP|prot_features,0.3361300471945464,0.882051282051282
AgingDEP|prot_features,0.33560566334556896,0.882051282051282
AgingDEP|prot_features,0.3350812794965915,0.882051282051282
AgingDEP|prot_features,0.33455689564761404,0.882051282051282
AgingDEP|prot_features,0.3340325117986366,0.882051282051282
AgingDEP|prot_features,0.3340325117986366,0.8769230769230769
AgingDEP|prot_features,0.3335081279496591,0.8769230769230769
AgingDEP|prot_features,0.33298374410068166,0.8769230769230769
AgingDEP|prot_features,0.3324593602517042,0.8769230769230769
AgingDEP|prot_features,0.33193497640272684,0.8769230769230769
AgingDEP|prot_features,0.3314105925537494,0.8769230769230769
AgingDEP|prot_features,0.3308862087047719,0.8769230769230769
AgingDEP|prot_features,0.33036182485579446,0.8769230769230769
AgingDEP|prot_features,0.329837441006817,0.8769230769230769
AgingDEP|prot_features,0.32931305715783954,0.8769230769230769
AgingDEP|prot_features,0.3287886733088621,0.8769230769230769
AgingDEP|prot_features,0.3282642894598846,0.8769230769230769
AgingDEP|prot_features,0.32773990561090716,0.8769230769230769
AgingDEP|prot_features,0.3272155217619297,0.8769230769230769
AgingDEP|prot_features,0.32669113791295223,0.8769230769230769
AgingDEP|prot_features,0.3261667540639749,0.8769230769230769
AgingDEP|prot_features,0.3261667540639749,0.8717948717948718
AgingDEP|prot_features,0.3256423702149974,0.8717948717948718
AgingDEP|prot_features,0.32511798636601996,0.8717948717948718
AgingDEP|prot_features,0.3245936025170425,0.8717948717948718
AgingDEP|prot_features,0.32406921866806504,0.8717948717948718
AgingDEP|prot_features,0.3235448348190876,0.8717948717948718
AgingDEP|prot_features,0.3230204509701101,0.8717948717948718
AgingDEP|prot_features,0.32249606712113266,0.8717948717948718
AgingDEP|prot_features,0.3219716832721552,0.8717948717948718
AgingDEP|prot_features,0.32144729942317773,0.8717948717948718
AgingDEP|prot_features,0.3209229155742003,0.8717948717948718
AgingDEP|prot_features,0.3203985317252228,0.8717948717948718
AgingDEP|prot_features,0.31987414787624546,0.8717948717948718
AgingDEP|prot_features,0.319349764027268,0.8717948717948718
AgingDEP|prot_features,0.31882538017829054,0.8717948717948718
AgingDEP|prot_features,0.3183009963293131,0.8717948717948718
AgingDEP|prot_features,0.3177766124803356,0.8717948717948718
AgingDEP|prot_features,0.31725222863135816,0.8717948717948718
AgingDEP|prot_features,0.3167278447823807,0.8717948717948718
AgingDEP|prot_features,0.31620346093340324,0.8717948717948718
AgingDEP|prot_features,0.3156790770844258,0.8717948717948718
AgingDEP|prot_features,0.3151546932354483,0.8717948717948718
AgingDEP|prot_features,0.31463030938647085,0.8717948717948718
AgingDEP|prot_features,0.31463030938647085,0.8666666666666667
AgingDEP|prot_features,0.3141059255374934,0.8666666666666667
AgingDEP|prot_features,0.31358154168851604,0.8666666666666667
AgingDEP|prot_features,0.3130571578395386,0.8666666666666667
AgingDEP|prot_features,0.3125327739905611,0.8666666666666667
AgingDEP|prot_features,0.31200839014158366,0.8666666666666667
AgingDEP|prot_features,0.3114840062926062,0.8666666666666667
AgingDEP|prot_features,0.31095962244362874,0.8666666666666667
AgingDEP|prot_features,0.31095962244362874,0.8615384615384616
AgingDEP|prot_features,0.3104352385946513,0.8615384615384616
AgingDEP|prot_features,0.3099108547456738,0.8615384615384616
AgingDEP|prot_features,0.30938647089669635,0.8615384615384616
AgingDEP|prot_features,0.3088620870477189,0.8615384615384616
AgingDEP|prot_features,0.30833770319874143,0.8615384615384616
AgingDEP|prot_features,0.3078133193497641,0.8615384615384616
AgingDEP|prot_features,0.3072889355007866,0.8615384615384616
AgingDEP|prot_features,0.30676455165180916,0.8615384615384616
AgingDEP|prot_features,0.3062401678028317,0.8615384615384616
AgingDEP|prot_features,0.30571578395385424,0.8615384615384616
AgingDEP|prot_features,0.30571578395385424,0.8564102564102564
AgingDEP|prot_features,0.30571578395385424,0.8512820512820513
AgingDEP|prot_features,0.3051914001048768,0.8512820512820513
AgingDEP|prot_features,0.3046670162558993,0.8512820512820513
AgingDEP|prot_features,0.30414263240692185,0.8512820512820513
AgingDEP|prot_features,0.3036182485579444,0.8512820512820513
AgingDEP|prot_features,0.30309386470896693,0.8512820512820513
AgingDEP|prot_features,0.30256948085998947,0.8512820512820513
AgingDEP|prot_features,0.302045097011012,0.8512820512820513
AgingDEP|prot_features,0.30152071316203466,0.8512820512820513
AgingDEP|prot_features,0.3009963293130572,0.8512820512820513
AgingDEP|prot_features,0.30047194546407974,0.8512820512820513
AgingDEP|prot_features,0.2999475616151023,0.8512820512820513
AgingDEP|prot_features,0.2994231777661248,0.8512820512820513
AgingDEP|prot_features,0.29889879391714735,0.8512820512820513
AgingDEP|prot_features,0.2983744100681699,0.8512820512820513
AgingDEP|prot_features,0.29785002621919243,0.8512820512820513
AgingDEP|prot_features,0.29732564237021497,0.8512820512820513
AgingDEP|prot_features,0.2968012585212375,0.8512820512820513
AgingDEP|prot_features,0.2968012585212375,0.8461538461538461
AgingDEP|prot_features,0.29627687467226005,0.8461538461538461
AgingDEP|prot_features,0.2957524908232826,0.8461538461538461
AgingDEP|prot_features,0.29522810697430524,0.8461538461538461
AgingDEP|prot_features,0.2947037231253278,0.8461538461538461
AgingDEP|prot_features,0.2941793392763503,0.8461538461538461
AgingDEP|prot_features,0.29365495542737285,0.8461538461538461
AgingDEP|prot_features,0.2931305715783954,0.8461538461538461
AgingDEP|prot_features,0.29260618772941793,0.8461538461538461
AgingDEP|prot_features,0.29208180388044047,0.8461538461538461
AgingDEP|prot_features,0.291557420031463,0.8461538461538461
AgingDEP|prot_features,0.29103303618248555,0.8461538461538461
AgingDEP|prot_features,0.2905086523335081,0.8461538461538461
AgingDEP|prot_features,0.2899842684845306,0.8461538461538461
AgingDEP|prot_features,0.2894598846355533,0.8461538461538461
AgingDEP|prot_features,0.2889355007865758,0.8461538461538461
AgingDEP|prot_features,0.2889355007865758,0.841025641025641
AgingDEP|prot_features,0.28841111693759836,0.841025641025641
AgingDEP|prot_features,0.2878867330886209,0.841025641025641
AgingDEP|prot_features,0.28736234923964343,0.841025641025641
AgingDEP|prot_features,0.28683796539066597,0.841025641025641
AgingDEP|prot_features,0.2863135815416885,0.841025641025641
AgingDEP|prot_features,0.28578919769271105,0.841025641025641
AgingDEP|prot_features,0.2852648138437336,0.841025641025641
AgingDEP|prot_features,0.28474042999475613,0.841025641025641
AgingDEP|prot_features,0.28421604614577867,0.841025641025641
AgingDEP|prot_features,0.2836916622968012,0.841025641025641
AgingDEP|prot_features,0.28316727844782386,0.841025641025641
AgingDEP|prot_features,0.2826428945988464,0.841025641025641
AgingDEP|prot_features,0.28211851074986893,0.841025641025641
AgingDEP|prot_features,0.2815941269008915,0.841025641025641
AgingDEP|prot_features,0.281069743051914,0.841025641025641
AgingDEP|prot_features,0.28054535920293655,0.841025641025641
AgingDEP|prot_features,0.2800209753539591,0.841025641025641
AgingDEP|prot_features,0.27949659150498163,0.841025641025641
AgingDEP|prot_features,0.27897220765600417,0.841025641025641
AgingDEP|prot_features,0.2784478238070267,0.841025641025641
AgingDEP|prot_features,0.27792343995804925,0.841025641025641
AgingDEP|prot_features,0.2773990561090719,0.841025641025641
AgingDEP|prot_features,0.27687467226009443,0.841025641025641
AgingDEP|prot_features,0.276350288411117,0.841025641025641
AgingDEP|prot_features,0.2758259045621395,0.841025641025641
AgingDEP|prot_features,0.27530152071316205,0.841025641025641
AgingDEP|prot_features,0.2747771368641846,0.841025641025641
AgingDEP|prot_features,0.27425275301520713,0.841025641025641
AgingDEP|prot_features,0.27372836916622967,0.841025641025641
AgingDEP|prot_features,0.2732039853172522,0.841025641025641
AgingDEP|prot_features,0.27267960146827475,0.841025641025641
AgingDEP|prot_features,0.2721552176192973,0.841025641025641
AgingDEP|prot_features,0.2716308337703198,0.841025641025641
AgingDEP|prot_features,0.2711064499213425,0.841025641025641
AgingDEP|prot_features,0.2711064499213425,0.8358974358974359
AgingDEP|prot_features,0.270582066072365,0.8358974358974359
AgingDEP|prot_features,0.27005768222338755,0.8358974358974359
AgingDEP|prot_features,0.2695332983744101,0.8358974358974359
AgingDEP|prot_features,0.26900891452543263,0.8358974358974359
AgingDEP|prot_features,0.26848453067645517,0.8358974358974359
AgingDEP|prot_features,0.2679601468274777,0.8358974358974359
AgingDEP|prot_features,0.26743576297850025,0.8358974358974359
AgingDEP|prot_features,0.2669113791295228,0.8358974358974359
AgingDEP|prot_features,0.2663869952805453,0.8358974358974359
AgingDEP|prot_features,0.26586261143156786,0.8358974358974359
AgingDEP|prot_features,0.2653382275825904,0.8358974358974359
AgingDEP|prot_features,0.26481384373361305,0.8358974358974359
AgingDEP|prot_features,0.26481384373361305,0.8307692307692308
AgingDEP|prot_features,0.2642894598846356,0.8307692307692308
AgingDEP|prot_features,0.26376507603565813,0.8307692307692308
AgingDEP|prot_features,0.26324069218668067,0.8307692307692308
AgingDEP|prot_features,0.2627163083377032,0.8307692307692308
AgingDEP|prot_features,0.26219192448872575,0.8307692307692308
AgingDEP|prot_features,0.2616675406397483,0.8307692307692308
AgingDEP|prot_features,0.2616675406397483,0.8256410256410256
AgingDEP|prot_features,0.2611431567907708,0.8256410256410256
AgingDEP|prot_features,0.26061877294179336,0.8256410256410256
AgingDEP|prot_features,0.2600943890928159,0.8256410256410256
AgingDEP|prot_features,0.25957000524383844,0.8256410256410256
AgingDEP|prot_features,0.2590456213948611,0.8256410256410256
AgingDEP|prot_features,0.25852123754588363,0.8256410256410256
AgingDEP|prot_features,0.25852123754588363,0.8205128205128205
AgingDEP|prot_features,0.25799685369690617,0.8205128205128205
AgingDEP|prot_features,0.2574724698479287,0.8205128205128205
AgingDEP|prot_features,0.2574724698479287,0.8153846153846154
AgingDEP|prot_features,0.2574724698479287,0.8102564102564103
AgingDEP|prot_features,0.25694808599895125,0.8102564102564103
AgingDEP|prot_features,0.2564237021499738,0.8102564102564103
AgingDEP|prot_features,0.2558993183009963,0.8102564102564103
AgingDEP|prot_features,0.2558993183009963,0.8051282051282052
AgingDEP|prot_features,0.25537493445201886,0.8051282051282052
AgingDEP|prot_features,0.2548505506030414,0.8051282051282052
AgingDEP|prot_features,0.2548505506030414,0.8
AgingDEP|prot_features,0.25432616675406394,0.8
AgingDEP|prot_features,0.25432616675406394,0.7948717948717948
AgingDEP|prot_features,0.2538017829050865,0.7948717948717948
AgingDEP|prot_features,0.253277399056109,0.7948717948717948
AgingDEP|prot_features,0.25275301520713167,0.7948717948717948
AgingDEP|prot_features,0.2522286313581542,0.7948717948717948
AgingDEP|prot_features,0.25170424750917675,0.7948717948717948
AgingDEP|prot_features,0.2511798636601993,0.7948717948717948
AgingDEP|prot_features,0.2506554798112218,0.7948717948717948
AgingDEP|prot_features,0.25013109596224437,0.7948717948717948
AgingDEP|prot_features,0.2496067121132669,0.7948717948717948
AgingDEP|prot_features,0.24908232826428944,0.7948717948717948
AgingDEP|prot_features,0.24855794441531198,0.7948717948717948
AgingDEP|prot_features,0.24803356056633452,0.7948717948717948
AgingDEP|prot_features,0.24750917671735706,0.7948717948717948
AgingDEP|prot_features,0.2469847928683796,0.7948717948717948
AgingDEP|prot_features,0.24646040901940225,0.7948717948717948
AgingDEP|prot_features,0.2459360251704248,0.7948717948717948
AgingDEP|prot_features,0.24541164132144733,0.7948717948717948
AgingDEP|prot_features,0.24488725747246987,0.7948717948717948
AgingDEP|prot_features,0.2443628736234924,0.7948717948717948
AgingDEP|prot_features,0.24383848977451494,0.7948717948717948
AgingDEP|prot_features,0.24331410592553748,0.7948717948717948
AgingDEP|prot_features,0.24331410592553748,0.7897435897435897
AgingDEP|prot_features,0.24278972207656002,0.7897435897435897
AgingDEP|prot_features,0.24226533822758256,0.7897435897435897
AgingDEP|prot_features,0.2417409543786051,0.7897435897435897
AgingDEP|prot_features,0.24121657052962764,0.7897435897435897
AgingDEP|prot_features,0.2406921866806503,0.7897435897435897
AgingDEP|prot_features,0.24016780283167283,0.7897435897435897
AgingDEP|prot_features,0.23964341898269537,0.7897435897435897
AgingDEP|prot_features,0.23964341898269537,0.7846153846153846
AgingDEP|prot_features,0.2391190351337179,0.7846153846153846
AgingDEP|prot_features,0.23859465128474044,0.7846153846153846
AgingDEP|prot_features,0.23859465128474044,0.7794871794871795
AgingDEP|prot_features,0.23807026743576298,0.7794871794871795
AgingDEP|prot_features,0.23754588358678552,0.7794871794871795
AgingDEP|prot_features,0.23702149973780806,0.7794871794871795
AgingDEP|prot_features,0.2364971158888306,0.7794871794871795
AgingDEP|prot_features,0.23597273203985314,0.7794871794871795
AgingDEP|prot_features,0.23544834819087568,0.7794871794871795
AgingDEP|prot_features,0.23492396434189822,0.7794871794871795
AgingDEP|prot_features,0.23492396434189822,0.7743589743589744
AgingDEP|prot_features,0.23439958049292087,0.7743589743589744
AgingDEP|prot_features,0.2338751966439434,0.7743589743589744
AgingDEP|prot_features,0.23335081279496594,0.7743589743589744
AgingDEP|prot_features,0.23282642894598848,0.7743589743589744
AgingDEP|prot_features,0.23230204509701102,0.7743589743589744
AgingDEP|prot_features,0.23177766124803356,0.7743589743589744
AgingDEP|prot_features,0.2312532773990561,0.7743589743589744
AgingDEP|prot_features,0.2312532773990561,0.7692307692307693
AgingDEP|prot_features,0.23072889355007864,0.7692307692307693
AgingDEP|prot_features,0.23020450970110118,0.7692307692307693
AgingDEP|prot_features,0.22968012585212372,0.7692307692307693
AgingDEP|prot_features,0.22915574200314626,0.7692307692307693
AgingDEP|prot_features,0.2286313581541689,0.7692307692307693
AgingDEP|prot_features,0.22810697430519145,0.7692307692307693
AgingDEP|prot_features,0.22758259045621398,0.7692307692307693
AgingDEP|prot_features,0.22705820660723652,0.7692307692307693
AgingDEP|prot_features,0.22653382275825906,0.7692307692307693
AgingDEP|prot_features,0.2260094389092816,0.7692307692307693
AgingDEP|prot_features,0.22548505506030414,0.7692307692307693
AgingDEP|prot_features,0.22496067121132668,0.7692307692307693
AgingDEP|prot_features,0.22443628736234922,0.7692307692307693
AgingDEP|prot_features,0.22391190351337176,0.7692307692307693
AgingDEP|prot_features,0.22391190351337176,0.764102564102564
AgingDEP|prot_features,0.22391190351337176,0.7589743589743589
AgingDEP|prot_features,0.22391190351337176,0.7538461538461538
AgingDEP|prot_features,0.2233875196643943,0.7538461538461538
AgingDEP|prot_features,0.22286313581541684,0.7538461538461538
AgingDEP|prot_features,0.22233875196643949,0.7538461538461538
AgingDEP|prot_features,0.22181436811746202,0.7538461538461538
AgingDEP|prot_features,0.22128998426848456,0.7538461538461538
AgingDEP|prot_features,0.2207656004195071,0.7538461538461538
AgingDEP|prot_features,0.22024121657052964,0.7538461538461538
AgingDEP|prot_features,0.21971683272155218,0.7538461538461538
AgingDEP|prot_features,0.21919244887257472,0.7538461538461538
AgingDEP|prot_features,0.21866806502359726,0.7538461538461538
AgingDEP|prot_features,0.2181436811746198,0.7538461538461538
AgingDEP|prot_features,0.21761929732564234,0.7538461538461538
AgingDEP|prot_features,0.21709491347666487,0.7538461538461538
AgingDEP|prot_features,0.21709491347666487,0.7487179487179487
AgingDEP|prot_features,0.2165705296276874,0.7487179487179487
AgingDEP|prot_features,0.21604614577871006,0.7487179487179487
AgingDEP|prot_features,0.2155217619297326,0.7487179487179487
AgingDEP|prot_features,0.2155217619297326,0.7435897435897436
AgingDEP|prot_features,0.21499737808075514,0.7435897435897436
AgingDEP|prot_features,0.21447299423177768,0.7435897435897436
AgingDEP|prot_features,0.21447299423177768,0.7384615384615385
AgingDEP|prot_features,0.21394861038280022,0.7384615384615385
AgingDEP|prot_features,0.21394861038280022,0.7333333333333333
AgingDEP|prot_features,0.21342422653382276,0.7333333333333333
AgingDEP|prot_features,0.2128998426848453,0.7333333333333333
AgingDEP|prot_features,0.21237545883586784,0.7333333333333333
AgingDEP|prot_features,0.21185107498689038,0.7333333333333333
AgingDEP|prot_features,0.21132669113791291,0.7333333333333333
AgingDEP|prot_features,0.21080230728893545,0.7333333333333333
AgingDEP|prot_features,0.2102779234399581,0.7333333333333333
AgingDEP|prot_features,0.20975353959098064,0.7333333333333333
AgingDEP|prot_features,0.20922915574200318,0.7333333333333333
AgingDEP|prot_features,0.20870477189302572,0.7333333333333333
AgingDEP|prot_features,0.20818038804404826,0.7333333333333333
AgingDEP|prot_features,0.2076560041950708,0.7333333333333333
AgingDEP|prot_features,0.20713162034609334,0.7333333333333333
AgingDEP|prot_features,0.20660723649711588,0.7333333333333333
AgingDEP|prot_features,0.20608285264813841,0.7333333333333333
AgingDEP|prot_features,0.20555846879916095,0.7333333333333333
AgingDEP|prot_features,0.2050340849501835,0.7333333333333333
AgingDEP|prot_features,0.20450970110120603,0.7333333333333333
AgingDEP|prot_features,0.20398531725222868,0.7333333333333333
AgingDEP|prot_features,0.20346093340325122,0.7333333333333333
AgingDEP|prot_features,0.20293654955427376,0.7333333333333333
AgingDEP|prot_features,0.2024121657052963,0.7333333333333333
AgingDEP|prot_features,0.20188778185631884,0.7333333333333333
AgingDEP|prot_features,0.20188778185631884,0.7282051282051282
AgingDEP|prot_features,0.20188778185631884,0.7230769230769231
AgingDEP|prot_features,0.20188778185631884,0.717948717948718
AgingDEP|prot_features,0.20136339800734138,0.717948717948718
AgingDEP|prot_features,0.20083901415836392,0.717948717948718
AgingDEP|prot_features,0.20031463030938645,0.717948717948718
AgingDEP|prot_features,0.199790246460409,0.717948717948718
AgingDEP|prot_features,0.19926586261143153,0.717948717948718
AgingDEP|prot_features,0.19874147876245407,0.717948717948718
AgingDEP|prot_features,0.1982170949134766,0.717948717948718
AgingDEP|prot_features,0.19769271106449926,0.717948717948718
AgingDEP|prot_features,0.19769271106449926,0.7128205128205128
AgingDEP|prot_features,0.1971683272155218,0.7128205128205128
AgingDEP|prot_features,0.19664394336654434,0.7128205128205128
AgingDEP|prot_features,0.19611955951756688,0.7128205128205128
AgingDEP|prot_features,0.19611955951756688,0.7076923076923077
AgingDEP|prot_features,0.19559517566858942,0.7076923076923077
AgingDEP|prot_features,0.19507079181961196,0.7076923076923077
AgingDEP|prot_features,0.1945464079706345,0.7076923076923077
AgingDEP|prot_features,0.19402202412165703,0.7076923076923077
AgingDEP|prot_features,0.19349764027267957,0.7076923076923077
AgingDEP|prot_features,0.1929732564237021,0.7076923076923077
AgingDEP|prot_features,0.19244887257472465,0.7076923076923077
AgingDEP|prot_features,0.1919244887257473,0.7076923076923077
AgingDEP|prot_features,0.19140010487676984,0.7076923076923077
AgingDEP|prot_features,0.19087572102779238,0.7076923076923077
AgingDEP|prot_features,0.19035133717881492,0.7076923076923077
AgingDEP|prot_features,0.18982695332983746,0.7076923076923077
AgingDEP|prot_features,0.18930256948086,0.7076923076923077
AgingDEP|prot_features,0.18877818563188253,0.7076923076923077
AgingDEP|prot_features,0.18825380178290507,0.7076923076923077
AgingDEP|prot_features,0.1877294179339276,0.7076923076923077
AgingDEP|prot_features,0.18720503408495015,0.7076923076923077
AgingDEP|prot_features,0.1866806502359727,0.7076923076923077
AgingDEP|prot_features,0.18615626638699523,0.7076923076923077
AgingDEP|prot_features,0.18563188253801788,0.7076923076923077
AgingDEP|prot_features,0.18563188253801788,0.7025641025641025
AgingDEP|prot_features,0.18510749868904042,0.7025641025641025
AgingDEP|prot_features,0.18458311484006296,0.7025641025641025
AgingDEP|prot_features,0.1840587309910855,0.7025641025641025
AgingDEP|prot_features,0.18353434714210803,0.7025641025641025
AgingDEP|prot_features,0.18300996329313057,0.7025641025641025
AgingDEP|prot_features,0.1824855794441531,0.7025641025641025
AgingDEP|prot_features,0.18196119559517565,0.7025641025641025
AgingDEP|prot_features,0.1814368117461982,0.7025641025641025
AgingDEP|prot_features,0.18091242789722073,0.7025641025641025
AgingDEP|prot_features,0.18038804404824327,0.7025641025641025
AgingDEP|prot_features,0.17986366019926592,0.7025641025641025
AgingDEP|prot_features,0.17933927635028846,0.7025641025641025
AgingDEP|prot_features,0.178814892501311,0.7025641025641025
AgingDEP|prot_features,0.17829050865233353,0.7025641025641025
AgingDEP|prot_features,0.17776612480335607,0.7025641025641025
AgingDEP|prot_features,0.1772417409543786,0.7025641025641025
AgingDEP|prot_features,0.17671735710540115,0.7025641025641025
AgingDEP|prot_features,0.1761929732564237,0.7025641025641025
AgingDEP|prot_features,0.17566858940744623,0.7025641025641025
AgingDEP|prot_features,0.17514420555846877,0.7025641025641025
AgingDEP|prot_features,0.1746198217094913,0.7025641025641025
AgingDEP|prot_features,0.17409543786051385,0.7025641025641025
AgingDEP|prot_features,0.1735710540115365,0.7025641025641025
AgingDEP|prot_features,0.17304667016255904,0.7025641025641025
AgingDEP|prot_features,0.17252228631358157,0.7025641025641025
AgingDEP|prot_features,0.1719979024646041,0.7025641025641025
AgingDEP|prot_features,0.17147351861562665,0.7025641025641025
AgingDEP|prot_features,0.1709491347666492,0.7025641025641025
AgingDEP|prot_features,0.17042475091767173,0.7025641025641025
AgingDEP|prot_features,0.16990036706869427,0.7025641025641025
AgingDEP|prot_features,0.1693759832197168,0.7025641025641025
AgingDEP|prot_features,0.16885159937073935,0.7025641025641025
AgingDEP|prot_features,0.16832721552176189,0.7025641025641025
AgingDEP|prot_features,0.16780283167278442,0.7025641025641025
AgingDEP|prot_features,0.16727844782380707,0.7025641025641025
AgingDEP|prot_features,0.16675406397482961,0.7025641025641025
AgingDEP|prot_features,0.16622968012585215,0.7025641025641025
AgingDEP|prot_features,0.1657052962768747,0.7025641025641025
AgingDEP|prot_features,0.16518091242789723,0.7025641025641025
AgingDEP|prot_features,0.16518091242789723,0.6974358974358974
AgingDEP|prot_features,0.16465652857891977,0.6974358974358974
AgingDEP|prot_features,0.16465652857891977,0.6923076923076923
AgingDEP|prot_features,0.1641321447299423,0.6923076923076923
AgingDEP|prot_features,0.16360776088096485,0.6923076923076923
AgingDEP|prot_features,0.1630833770319874,0.6923076923076923
AgingDEP|prot_features,0.16255899318300993,0.6923076923076923
AgingDEP|prot_features,0.16203460933403246,0.6923076923076923
AgingDEP|prot_features,0.16151022548505511,0.6923076923076923
AgingDEP|prot_features,0.16098584163607765,0.6923076923076923
AgingDEP|prot_features,0.1604614577871002,0.6923076923076923
AgingDEP|prot_features,0.15993707393812273,0.6923076923076923
AgingDEP|prot_features,0.15941269008914527,0.6923076923076923
AgingDEP|prot_features,0.1588883062401678,0.6923076923076923
AgingDEP|prot_features,0.1588883062401678,0.6871794871794872
AgingDEP|prot_features,0.1588883062401678,0.6820512820512821
AgingDEP|prot_features,0.15836392239119035,0.6820512820512821
AgingDEP|prot_features,0.1578395385422129,0.6820512820512821
AgingDEP|prot_features,0.15731515469323543,0.6820512820512821
AgingDEP|prot_features,0.15679077084425797,0.6820512820512821
AgingDEP|prot_features,0.1562663869952805,0.6820512820512821
AgingDEP|prot_features,0.15574200314630304,0.6820512820512821
AgingDEP|prot_features,0.15574200314630304,0.676923076923077
AgingDEP|prot_features,0.1552176192973257,0.676923076923077
AgingDEP|prot_features,0.15469323544834823,0.676923076923077
AgingDEP|prot_features,0.15416885159937077,0.676923076923077
AgingDEP|prot_features,0.1536444677503933,0.676923076923077
AgingDEP|prot_features,0.15312008390141585,0.676923076923077
AgingDEP|prot_features,0.1525957000524384,0.676923076923077
AgingDEP|prot_features,0.15207131620346093,0.676923076923077
AgingDEP|prot_features,0.15154693235448347,0.676923076923077
AgingDEP|prot_features,0.151022548505506,0.676923076923077
AgingDEP|prot_features,0.151022548505506,0.6717948717948717
AgingDEP|prot_features,0.15049816465652854,0.6717948717948717
AgingDEP|prot_features,0.14997378080755108,0.6717948717948717
AgingDEP|prot_features,0.14944939695857362,0.6717948717948717
AgingDEP|prot_features,0.14892501310959627,0.6717948717948717
AgingDEP|prot_features,0.1484006292606188,0.6717948717948717
AgingDEP|prot_features,0.14787624541164135,0.6717948717948717
AgingDEP|prot_features,0.1473518615626639,0.6717948717948717
AgingDEP|prot_features,0.14682747771368643,0.6717948717948717
AgingDEP|prot_features,0.14630309386470897,0.6717948717948717
AgingDEP|prot_features,0.1457787100157315,0.6717948717948717
AgingDEP|prot_features,0.14525432616675404,0.6717948717948717
AgingDEP|prot_features,0.14472994231777658,0.6717948717948717
AgingDEP|prot_features,0.14472994231777658,0.6666666666666666
AgingDEP|prot_features,0.14420555846879912,0.6666666666666666
AgingDEP|prot_features,0.14368117461982166,0.6666666666666666
AgingDEP|prot_features,0.1431567907708443,0.6666666666666666
AgingDEP|prot_features,0.14263240692186685,0.6666666666666666
AgingDEP|prot_features,0.1421080230728894,0.6666666666666666
AgingDEP|prot_features,0.1421080230728894,0.6615384615384615
AgingDEP|prot_features,0.14158363922391193,0.6615384615384615
AgingDEP|prot_features,0.14105925537493447,0.6615384615384615
AgingDEP|prot_features,0.140534871525957,0.6615384615384615
AgingDEP|prot_features,0.14001048767697954,0.6615384615384615
AgingDEP|prot_features,0.14001048767697954,0.6564102564102564
AgingDEP|prot_features,0.13948610382800208,0.6564102564102564
AgingDEP|prot_features,0.13896171997902462,0.6564102564102564
AgingDEP|prot_features,0.13896171997902462,0.6512820512820513
AgingDEP|prot_features,0.13843733613004716,0.6512820512820513
AgingDEP|prot_features,0.1379129522810697,0.6512820512820513
AgingDEP|prot_features,0.13738856843209224,0.6512820512820513
AgingDEP|prot_features,0.1368641845831149,0.6512820512820513
AgingDEP|prot_features,0.13633980073413743,0.6512820512820513
AgingDEP|prot_features,0.13581541688515997,0.6512820512820513
AgingDEP|prot_features,0.1352910330361825,0.6512820512820513
AgingDEP|prot_features,0.1352910330361825,0.6461538461538462
AgingDEP|prot_features,0.13476664918720505,0.6461538461538462
AgingDEP|prot_features,0.13424226533822758,0.6461538461538462
AgingDEP|prot_features,0.13371788148925012,0.6461538461538462
AgingDEP|prot_features,0.13371788148925012,0.6410256410256411
AgingDEP|prot_features,0.13319349764027266,0.6410256410256411
AgingDEP|prot_features,0.1326691137912952,0.6410256410256411
AgingDEP|prot_features,0.13214472994231774,0.6410256410256411
AgingDEP|prot_features,0.13214472994231774,0.6358974358974359
AgingDEP|prot_features,0.13162034609334028,0.6358974358974359
AgingDEP|prot_features,0.13109596224436293,0.6358974358974359
AgingDEP|prot_features,0.13057157839538547,0.6358974358974359
AgingDEP|prot_features,0.130047194546408,0.6358974358974359
AgingDEP|prot_features,0.12952281069743055,0.6358974358974359
AgingDEP|prot_features,0.12899842684845308,0.6358974358974359
AgingDEP|prot_features,0.12847404299947562,0.6358974358974359
AgingDEP|prot_features,0.12794965915049816,0.6358974358974359
AgingDEP|prot_features,0.1274252753015207,0.6358974358974359
AgingDEP|prot_features,0.1274252753015207,0.6307692307692307
AgingDEP|prot_features,0.1274252753015207,0.6256410256410256
AgingDEP|prot_features,0.12690089145254324,0.6256410256410256
AgingDEP|prot_features,0.12637650760356578,0.6256410256410256
AgingDEP|prot_features,0.12585212375458832,0.6256410256410256
AgingDEP|prot_features,0.12532773990561086,0.6256410256410256
AgingDEP|prot_features,0.12480335605663351,0.6256410256410256
AgingDEP|prot_features,0.12427897220765605,0.6256410256410256
AgingDEP|prot_features,0.12375458835867859,0.6256410256410256
AgingDEP|prot_features,0.12323020450970112,0.6256410256410256
AgingDEP|prot_features,0.12270582066072366,0.6256410256410256
AgingDEP|prot_features,0.1221814368117462,0.6256410256410256
AgingDEP|prot_features,0.1221814368117462,0.6205128205128205
AgingDEP|prot_features,0.1221814368117462,0.6153846153846154
AgingDEP|prot_features,0.12165705296276874,0.6153846153846154
AgingDEP|prot_features,0.12113266911379128,0.6153846153846154
AgingDEP|prot_features,0.12060828526481382,0.6153846153846154
AgingDEP|prot_features,0.12060828526481382,0.6102564102564103
AgingDEP|prot_features,0.12008390141583636,0.6102564102564103
AgingDEP|prot_features,0.1195595175668589,0.6102564102564103
AgingDEP|prot_features,0.1195595175668589,0.6051282051282051
AgingDEP|prot_features,0.11903513371788144,0.6051282051282051
AgingDEP|prot_features,0.11903513371788144,0.6
AgingDEP|prot_features,0.11851074986890409,0.6
AgingDEP|prot_features,0.11851074986890409,0.5948717948717949
AgingDEP|prot_features,0.11798636601992663,0.5948717948717949
AgingDEP|prot_features,0.11746198217094916,0.5948717948717949
AgingDEP|prot_features,0.11746198217094916,0.5897435897435898
AgingDEP|prot_features,0.1169375983219717,0.5897435897435898
AgingDEP|prot_features,0.11641321447299424,0.5897435897435898
AgingDEP|prot_features,0.11588883062401678,0.5897435897435898
AgingDEP|prot_features,0.11536444677503932,0.5897435897435898
AgingDEP|prot_features,0.11484006292606186,0.5897435897435898
AgingDEP|prot_features,0.1143156790770844,0.5897435897435898
AgingDEP|prot_features,0.1143156790770844,0.5846153846153846
AgingDEP|prot_features,0.11379129522810694,0.5846153846153846
AgingDEP|prot_features,0.11326691137912948,0.5846153846153846
AgingDEP|prot_features,0.11274252753015213,0.5846153846153846
AgingDEP|prot_features,0.11274252753015213,0.5794871794871795
AgingDEP|prot_features,0.11274252753015213,0.5743589743589743
AgingDEP|prot_features,0.11274252753015213,0.5692307692307692
AgingDEP|prot_features,0.11221814368117466,0.5692307692307692
AgingDEP|prot_features,0.1116937598321972,0.5692307692307692
AgingDEP|prot_features,0.11116937598321974,0.5692307692307692
AgingDEP|prot_features,0.11064499213424228,0.5692307692307692
AgingDEP|prot_features,0.11064499213424228,0.5641025641025641
AgingDEP|prot_features,0.11012060828526482,0.5641025641025641
AgingDEP|prot_features,0.11012060828526482,0.558974358974359
AgingDEP|prot_features,0.10959622443628736,0.558974358974359
AgingDEP|prot_features,0.1090718405873099,0.558974358974359
AgingDEP|prot_features,0.10854745673833244,0.558974358974359
AgingDEP|prot_features,0.10802307288935498,0.558974358974359
AgingDEP|prot_features,0.10749868904037752,0.558974358974359
AgingDEP|prot_features,0.10697430519140005,0.558974358974359
AgingDEP|prot_features,0.1064499213424227,0.558974358974359
AgingDEP|prot_features,0.10592553749344524,0.558974358974359
AgingDEP|prot_features,0.10540115364446778,0.558974358974359
AgingDEP|prot_features,0.10487676979549032,0.558974358974359
AgingDEP|prot_features,0.10435238594651286,0.558974358974359
AgingDEP|prot_features,0.1038280020975354,0.558974358974359
AgingDEP|prot_features,0.10330361824855794,0.558974358974359
AgingDEP|prot_features,0.10277923439958048,0.558974358974359
AgingDEP|prot_features,0.10225485055060302,0.558974358974359
AgingDEP|prot_features,0.10173046670162555,0.558974358974359
AgingDEP|prot_features,0.1012060828526481,0.558974358974359
AgingDEP|prot_features,0.10068169900367063,0.558974358974359
AgingDEP|prot_features,0.10015731515469328,0.558974358974359
AgingDEP|prot_features,0.09963293130571582,0.558974358974359
AgingDEP|prot_features,0.09910854745673836,0.558974358974359
AgingDEP|prot_features,0.0985841636077609,0.558974358974359
AgingDEP|prot_features,0.09805977975878344,0.558974358974359
AgingDEP|prot_features,0.09753539590980598,0.558974358974359
AgingDEP|prot_features,0.09701101206082852,0.558974358974359
AgingDEP|prot_features,0.09648662821185106,0.558974358974359
AgingDEP|prot_features,0.09648662821185106,0.5538461538461539
AgingDEP|prot_features,0.09648662821185106,0.5487179487179488
AgingDEP|prot_features,0.0959622443628736,0.5487179487179488
AgingDEP|prot_features,0.09543786051389613,0.5487179487179488
AgingDEP|prot_features,0.09491347666491867,0.5487179487179488
AgingDEP|prot_features,0.09438909281594132,0.5487179487179488
AgingDEP|prot_features,0.09438909281594132,0.5435897435897435
AgingDEP|prot_features,0.09386470896696386,0.5435897435897435
AgingDEP|prot_features,0.0933403251179864,0.5435897435897435
AgingDEP|prot_features,0.09281594126900894,0.5435897435897435
AgingDEP|prot_features,0.09281594126900894,0.5384615384615384
AgingDEP|prot_features,0.09229155742003148,0.5384615384615384
AgingDEP|prot_features,0.09176717357105402,0.5384615384615384
AgingDEP|prot_features,0.09124278972207656,0.5384615384615384
AgingDEP|prot_features,0.0907184058730991,0.5384615384615384
AgingDEP|prot_features,0.09019402202412163,0.5384615384615384
AgingDEP|prot_features,0.08966963817514417,0.5384615384615384
AgingDEP|prot_features,0.08914525432616671,0.5384615384615384
AgingDEP|prot_features,0.08862087047718925,0.5384615384615384
AgingDEP|prot_features,0.08862087047718925,0.5333333333333333
AgingDEP|prot_features,0.0880964866282119,0.5333333333333333
AgingDEP|prot_features,0.08757210277923444,0.5333333333333333
AgingDEP|prot_features,0.08704771893025698,0.5333333333333333
AgingDEP|prot_features,0.08652333508127952,0.5333333333333333
AgingDEP|prot_features,0.08599895123230206,0.5333333333333333
AgingDEP|prot_features,0.0854745673833246,0.5333333333333333
AgingDEP|prot_features,0.0854745673833246,0.5282051282051282
AgingDEP|prot_features,0.08495018353434713,0.5282051282051282
AgingDEP|prot_features,0.08442579968536967,0.5282051282051282
AgingDEP|prot_features,0.08442579968536967,0.5230769230769231
AgingDEP|prot_features,0.08390141583639221,0.5230769230769231
AgingDEP|prot_features,0.08337703198741475,0.5230769230769231
AgingDEP|prot_features,0.08337703198741475,0.517948717948718
AgingDEP|prot_features,0.08285264813843729,0.517948717948718
AgingDEP|prot_features,0.08232826428945983,0.517948717948718
AgingDEP|prot_features,0.08180388044048248,0.517948717948718
AgingDEP|prot_features,0.08127949659150502,0.517948717948718
AgingDEP|prot_features,0.08075511274252756,0.517948717948718
AgingDEP|prot_features,0.08075511274252756,0.5128205128205128
AgingDEP|prot_features,0.0802307288935501,0.5128205128205128
AgingDEP|prot_features,0.07970634504457264,0.5128205128205128
AgingDEP|prot_features,0.07918196119559517,0.5128205128205128
AgingDEP|prot_features,0.07865757734661771,0.5128205128205128
AgingDEP|prot_features,0.07813319349764025,0.5128205128205128
AgingDEP|prot_features,0.07760880964866279,0.5128205128205128
AgingDEP|prot_features,0.07708442579968533,0.5128205128205128
AgingDEP|prot_features,0.07656004195070787,0.5128205128205128
AgingDEP|prot_features,0.07603565810173052,0.5128205128205128
AgingDEP|prot_features,0.07551127425275306,0.5128205128205128
AgingDEP|prot_features,0.0749868904037756,0.5128205128205128
AgingDEP|prot_features,0.07446250655479814,0.5128205128205128
AgingDEP|prot_features,0.07393812270582067,0.5128205128205128
AgingDEP|prot_features,0.07393812270582067,0.5076923076923077
AgingDEP|prot_features,0.07341373885684321,0.5076923076923077
AgingDEP|prot_features,0.07341373885684321,0.5025641025641026
AgingDEP|prot_features,0.07288935500786575,0.5025641025641026
AgingDEP|prot_features,0.07288935500786575,0.49743589743589745
AgingDEP|prot_features,0.07236497115888829,0.49743589743589745
AgingDEP|prot_features,0.07184058730991083,0.49743589743589745
AgingDEP|prot_features,0.07131620346093337,0.49743589743589745
AgingDEP|prot_features,0.07079181961195591,0.49743589743589745
AgingDEP|prot_features,0.07079181961195591,0.49230769230769234
AgingDEP|prot_features,0.07079181961195591,0.48717948717948717
AgingDEP|prot_features,0.07026743576297845,0.48717948717948717
AgingDEP|prot_features,0.0697430519140011,0.48717948717948717
AgingDEP|prot_features,0.06921866806502364,0.48717948717948717
AgingDEP|prot_features,0.06921866806502364,0.48205128205128206
AgingDEP|prot_features,0.06869428421604618,0.48205128205128206
AgingDEP|prot_features,0.06869428421604618,0.47692307692307695
AgingDEP|prot_features,0.06816990036706871,0.47692307692307695
AgingDEP|prot_features,0.06764551651809125,0.47692307692307695
AgingDEP|prot_features,0.06712113266911379,0.47692307692307695
AgingDEP|prot_features,0.06712113266911379,0.4717948717948718
AgingDEP|prot_features,0.06659674882013633,0.4717948717948718
AgingDEP|prot_features,0.06607236497115887,0.4717948717948718
AgingDEP|prot_features,0.06554798112218141,0.4717948717948718
AgingDEP|prot_features,0.06502359727320395,0.4717948717948718
AgingDEP|prot_features,0.06502359727320395,0.4666666666666667
AgingDEP|prot_features,0.06449921342422649,0.4666666666666667
AgingDEP|prot_features,0.06449921342422649,0.46153846153846156
AgingDEP|prot_features,0.06397482957524914,0.46153846153846156
AgingDEP|prot_features,0.06345044572627168,0.46153846153846156
AgingDEP|prot_features,0.06292606187729421,0.46153846153846156
AgingDEP|prot_features,0.06292606187729421,0.4564102564102564
AgingDEP|prot_features,0.062401678028316754,0.4564102564102564
AgingDEP|prot_features,0.062401678028316754,0.4512820512820513
AgingDEP|prot_features,0.06187729417933929,0.4512820512820513
AgingDEP|prot_features,0.06135291033036183,0.4512820512820513
AgingDEP|prot_features,0.06135291033036183,0.4461538461538462
AgingDEP|prot_features,0.06135291033036183,0.441025641025641
AgingDEP|prot_features,0.06135291033036183,0.4358974358974359
AgingDEP|prot_features,0.06082852648138437,0.4358974358974359
AgingDEP|prot_features,0.06030414263240691,0.4358974358974359
AgingDEP|prot_features,0.05977975878342945,0.4358974358974359
AgingDEP|prot_features,0.05925537493445199,0.4358974358974359
AgingDEP|prot_features,0.058730991085474527,0.4358974358974359
AgingDEP|prot_features,0.058206607236497065,0.4358974358974359
AgingDEP|prot_features,0.057682223387519715,0.4358974358974359
AgingDEP|prot_features,0.057682223387519715,0.4307692307692308
AgingDEP|prot_features,0.057682223387519715,0.42564102564102563
AgingDEP|prot_features,0.057157839538542254,0.42564102564102563
AgingDEP|prot_features,0.05663345568956479,0.42564102564102563
AgingDEP|prot_features,0.05610907184058733,0.42564102564102563
AgingDEP|prot_features,0.05610907184058733,0.4205128205128205
AgingDEP|prot_features,0.05558468799160987,0.4205128205128205
AgingDEP|prot_features,0.05506030414263241,0.4205128205128205
AgingDEP|prot_features,0.05453592029365495,0.4205128205128205
AgingDEP|prot_features,0.05401153644467749,0.4205128205128205
AgingDEP|prot_features,0.05401153644467749,0.4153846153846154
AgingDEP|prot_features,0.05348715259570003,0.4153846153846154
AgingDEP|prot_features,0.052962768746722566,0.4153846153846154
AgingDEP|prot_features,0.052962768746722566,0.41025641025641024
AgingDEP|prot_features,0.052962768746722566,0.40512820512820513
AgingDEP|prot_features,0.052438384897745105,0.40512820512820513
AgingDEP|prot_features,0.051914001048767644,0.40512820512820513
AgingDEP|prot_features,0.051389617199790294,0.40512820512820513
AgingDEP|prot_features,0.05086523335081283,0.40512820512820513
AgingDEP|prot_features,0.05034084950183537,0.40512820512820513
AgingDEP|prot_features,0.05034084950183537,0.4
AgingDEP|prot_features,0.04981646565285791,0.4
AgingDEP|prot_features,0.04981646565285791,0.39487179487179486
AgingDEP|prot_features,0.04981646565285791,0.38974358974358975
AgingDEP|prot_features,0.04929208180388045,0.38974358974358975
AgingDEP|prot_features,0.04876769795490299,0.38974358974358975
AgingDEP|prot_features,0.04824331410592553,0.38974358974358975
AgingDEP|prot_features,0.04824331410592553,0.38461538461538464
AgingDEP|prot_features,0.04824331410592553,0.37948717948717947
AgingDEP|prot_features,0.04771893025694807,0.37948717948717947
AgingDEP|prot_features,0.04771893025694807,0.37435897435897436
AgingDEP|prot_features,0.047194546407970606,0.37435897435897436
AgingDEP|prot_features,0.046670162558993145,0.37435897435897436
AgingDEP|prot_features,0.046145778710015684,0.37435897435897436
AgingDEP|prot_features,0.045621394861038334,0.37435897435897436
AgingDEP|prot_features,0.04509701101206087,0.37435897435897436
AgingDEP|prot_features,0.04509701101206087,0.36923076923076925
AgingDEP|prot_features,0.04457262716308341,0.36923076923076925
AgingDEP|prot_features,0.04404824331410595,0.36923076923076925
AgingDEP|prot_features,0.04352385946512849,0.36923076923076925
AgingDEP|prot_features,0.04352385946512849,0.3641025641025641
AgingDEP|prot_features,0.04299947561615103,0.3641025641025641
AgingDEP|prot_features,0.04247509176717357,0.3641025641025641
AgingDEP|prot_features,0.04247509176717357,0.358974358974359
AgingDEP|prot_features,0.04247509176717357,0.35384615384615387
AgingDEP|prot_features,0.041950707918196106,0.35384615384615387
AgingDEP|prot_features,0.041950707918196106,0.3487179487179487
AgingDEP|prot_features,0.041950707918196106,0.3435897435897436
AgingDEP|prot_features,0.041426324069218645,0.3435897435897436
AgingDEP|prot_features,0.040901940220241184,0.3435897435897436
AgingDEP|prot_features,0.04037755637126372,0.3435897435897436
AgingDEP|prot_features,0.03985317252228626,0.3435897435897436
AgingDEP|prot_features,0.03985317252228626,0.3384615384615385
AgingDEP|prot_features,0.03932878867330891,0.3384615384615385
AgingDEP|prot_features,0.03932878867330891,0.3333333333333333
AgingDEP|prot_features,0.03880440482433145,0.3333333333333333
AgingDEP|prot_features,0.03880440482433145,0.3282051282051282
AgingDEP|prot_features,0.03880440482433145,0.3230769230769231
AgingDEP|prot_features,0.03828002097535399,0.3230769230769231
AgingDEP|prot_features,0.03775563712637653,0.3230769230769231
AgingDEP|prot_features,0.03723125327739907,0.3230769230769231
AgingDEP|prot_features,0.03723125327739907,0.31794871794871793
AgingDEP|prot_features,0.03723125327739907,0.3128205128205128
AgingDEP|prot_features,0.03670686942842161,0.3128205128205128
AgingDEP|prot_features,0.03670686942842161,0.3076923076923077
AgingDEP|prot_features,0.03670686942842161,0.30256410256410254
AgingDEP|prot_features,0.036182485579444146,0.30256410256410254
AgingDEP|prot_features,0.035658101730466685,0.30256410256410254
AgingDEP|prot_features,0.035133717881489224,0.30256410256410254
AgingDEP|prot_features,0.03460933403251176,0.30256410256410254
AgingDEP|prot_features,0.0340849501835343,0.30256410256410254
AgingDEP|prot_features,0.03356056633455684,0.30256410256410254
AgingDEP|prot_features,0.03356056633455684,0.29743589743589743
AgingDEP|prot_features,0.03303618248557949,0.29743589743589743
AgingDEP|prot_features,0.03251179863660203,0.29743589743589743
AgingDEP|prot_features,0.03198741478762457,0.29743589743589743
AgingDEP|prot_features,0.03198741478762457,0.2923076923076923
AgingDEP|prot_features,0.03198741478762457,0.28717948717948716
AgingDEP|prot_features,0.03146303093864711,0.28717948717948716
AgingDEP|prot_features,0.030938647089669646,0.28717948717948716
AgingDEP|prot_features,0.030414263240692185,0.28717948717948716
AgingDEP|prot_features,0.030414263240692185,0.28205128205128205
AgingDEP|prot_features,0.030414263240692185,0.27692307692307694
AgingDEP|prot_features,0.030414263240692185,0.2717948717948718
AgingDEP|prot_features,0.029889879391714724,0.2717948717948718
AgingDEP|prot_features,0.029365495542737263,0.2717948717948718
AgingDEP|prot_features,0.029365495542737263,0.26666666666666666
AgingDEP|prot_features,0.028841111693759802,0.26666666666666666
AgingDEP|prot_features,0.02831672784478234,0.26666666666666666
AgingDEP|prot_features,0.02779234399580488,0.26666666666666666
AgingDEP|prot_features,0.02726796014682753,0.26666666666666666
AgingDEP|prot_features,0.02726796014682753,0.26153846153846155
AgingDEP|prot_features,0.02674357629785007,0.26153846153846155
AgingDEP|prot_features,0.02674357629785007,0.2564102564102564
AgingDEP|prot_features,0.02674357629785007,0.2512820512820513
AgingDEP|prot_features,0.026219192448872608,0.2512820512820513
AgingDEP|prot_features,0.025694808599895147,0.2512820512820513
AgingDEP|prot_features,0.025170424750917686,0.2512820512820513
AgingDEP|prot_features,0.024646040901940225,0.2512820512820513
AgingDEP|prot_features,0.024646040901940225,0.24615384615384617
AgingDEP|prot_features,0.024121657052962764,0.24615384615384617
AgingDEP|prot_features,0.024121657052962764,0.24102564102564103
AgingDEP|prot_features,0.023597273203985303,0.24102564102564103
AgingDEP|prot_features,0.023597273203985303,0.2358974358974359
AgingDEP|prot_features,0.023072889355007842,0.2358974358974359
AgingDEP|prot_features,0.02254850550603038,0.2358974358974359
AgingDEP|prot_features,0.02254850550603038,0.23076923076923078
AgingDEP|prot_features,0.02202412165705292,0.23076923076923078
AgingDEP|prot_features,0.02149973780807546,0.23076923076923078
AgingDEP|prot_features,0.02097535395909811,0.23076923076923078
AgingDEP|prot_features,0.020450970110120648,0.23076923076923078
AgingDEP|prot_features,0.019926586261143187,0.23076923076923078
AgingDEP|prot_features,0.019402202412165725,0.23076923076923078
AgingDEP|prot_features,0.018877818563188264,0.23076923076923078
AgingDEP|prot_features,0.018353434714210803,0.23076923076923078
AgingDEP|prot_features,0.018353434714210803,0.22564102564102564
AgingDEP|prot_features,0.018353434714210803,0.2205128205128205
AgingDEP|prot_features,0.017829050865233342,0.2205128205128205
AgingDEP|prot_features,0.01730466701625588,0.2205128205128205
AgingDEP|prot_features,0.01730466701625588,0.2153846153846154
AgingDEP|prot_features,0.01730466701625588,0.21025641025641026
AgingDEP|prot_features,0.01678028316727842,0.21025641025641026
AgingDEP|prot_features,0.01625589931830096,0.21025641025641026
AgingDEP|prot_features,0.015731515469323498,0.21025641025641026
AgingDEP|prot_features,0.015207131620346148,0.21025641025641026
AgingDEP|prot_features,0.014682747771368687,0.21025641025641026
AgingDEP|prot_features,0.014158363922391226,0.21025641025641026
AgingDEP|prot_features,0.013633980073413765,0.21025641025641026
AgingDEP|prot_features,0.013109596224436304,0.21025641025641026
AgingDEP|prot_features,0.012585212375458843,0.21025641025641026
AgingDEP|prot_features,0.012060828526481382,0.21025641025641026
AgingDEP|prot_features,0.012060828526481382,0.20512820512820512
AgingDEP|prot_features,0.011536444677503921,0.20512820512820512
AgingDEP|prot_features,0.01101206082852646,0.20512820512820512
AgingDEP|prot_features,0.010487676979548999,0.20512820512820512
AgingDEP|prot_features,0.009963293130571538,0.20512820512820512
AgingDEP|prot_features,0.009963293130571538,0.2
AgingDEP|prot_features,0.009963293130571538,0.19487179487179487
AgingDEP|prot_features,0.009438909281594077,0.19487179487179487
AgingDEP|prot_features,0.009438909281594077,0.18974358974358974
AgingDEP|prot_features,0.008914525432616727,0.18974358974358974
AgingDEP|prot_features,0.008914525432616727,0.18461538461538463
AgingDEP|prot_features,0.008390141583639266,0.18461538461538463
AgingDEP|prot_features,0.008390141583639266,0.1794871794871795
AgingDEP|prot_features,0.007865757734661805,0.1794871794871795
AgingDEP|prot_features,0.007341373885684344,0.1794871794871795
AgingDEP|prot_features,0.007341373885684344,0.17435897435897435
AgingDEP|prot_features,0.007341373885684344,0.16923076923076924
AgingDEP|prot_features,0.007341373885684344,0.1641025641025641
AgingDEP|prot_features,0.0068169900367068825,0.1641025641025641
AgingDEP|prot_features,0.0068169900367068825,0.15897435897435896
AgingDEP|prot_features,0.0062926061877294215,0.15897435897435896
AgingDEP|prot_features,0.0062926061877294215,0.15384615384615385
AgingDEP|prot_features,0.0057682223387519604,0.15384615384615385
AgingDEP|prot_features,0.005243838489774499,0.15384615384615385
AgingDEP|prot_features,0.005243838489774499,0.14871794871794872
AgingDEP|prot_features,0.005243838489774499,0.14358974358974358
AgingDEP|prot_features,0.004719454640797038,0.14358974358974358
AgingDEP|prot_features,0.004195070791819577,0.14358974358974358
AgingDEP|prot_features,0.0036706869428421163,0.14358974358974358
AgingDEP|prot_features,0.0036706869428421163,0.13846153846153847
AgingDEP|prot_features,0.0036706869428421163,0.13333333333333333
AgingDEP|prot_features,0.0036706869428421163,0.1282051282051282
AgingDEP|prot_features,0.0031463030938646552,0.1282051282051282
AgingDEP|prot_features,0.0031463030938646552,0.12307692307692308
AgingDEP|prot_features,0.0031463030938646552,0.11794871794871795
AgingDEP|prot_features,0.0031463030938646552,0.11282051282051282
AgingDEP|prot_features,0.0031463030938646552,0.1076923076923077
AgingDEP|prot_features,0.0031463030938646552,0.10256410256410256
AgingDEP|prot_features,0.0031463030938646552,0.09743589743589744
AgingDEP|prot_features,0.0031463030938646552,0.09230769230769231
AgingDEP|prot_features,0.0031463030938646552,0.08717948717948718
AgingDEP|prot_features,0.002621919244887305,0.08717948717948718
AgingDEP|prot_features,0.002621919244887305,0.08205128205128205
AgingDEP|prot_features,0.002621919244887305,0.07692307692307693
AgingDEP|prot_features,0.002621919244887305,0.07179487179487179
AgingDEP|prot_features,0.002621919244887305,0.06666666666666667
AgingDEP|prot_features,0.002621919244887305,0.06153846153846154
AgingDEP|prot_features,0.002097535395909844,0.06153846153846154
AgingDEP|prot_features,0.0015731515469323831,0.06153846153846154
AgingDEP|prot_features,0.0015731515469323831,0.05641025641025641
AgingDEP|prot_features,0.0015731515469323831,0.05128205128205128
AgingDEP|prot_features,0.0015731515469323831,0.046153846153846156
AgingDEP|prot_features,0.001048767697954922,0.046153846153846156
AgingDEP|prot_features,0.001048767697954922,0.041025641025641026
AgingDEP|prot_features,5.24383848977461e-4,0.041025641025641026
AgingDEP|prot_features,5.24383848977461e-4,0.035897435897435895
AgingDEP|prot_features,5.24383848977461e-4,0.03076923076923077
AgingDEP|prot_features,0,0.03076923076923077
AgingDEP|prot_features,0,0.02564102564102564
AgingDEP|prot_features,0,0.020512820512820513
AgingDEP|prot_features,0,0.015384615384615385
AgingDEP|prot_features,0,0.010256410256410256
AgingDEP|prot_features,0,0.005128205128205128
AgingDEP|prot_features,0,0
Reversed|prot_features,1,1
Reversed|prot_features,1,0.9931972789115646
Reversed|prot_features,1,0.9863945578231292
Reversed|prot_features,0.9791666666666666,0.9863945578231292
Reversed|prot_features,0.9583333333333334,0.9795918367346939
Reversed|prot_features,0.9583333333333334,0.9727891156462585
Reversed|prot_features,0.9583333333333334,0.9659863945578231
Reversed|prot_features,0.9583333333333334,0.9591836734693877
Reversed|prot_features,0.9583333333333334,0.9523809523809523
Reversed|prot_features,0.9583333333333334,0.9455782312925171
Reversed|prot_features,0.9583333333333334,0.9387755102040817
Reversed|prot_features,0.9583333333333334,0.9319727891156463
Reversed|prot_features,0.9583333333333334,0.9251700680272109
Reversed|prot_features,0.9583333333333334,0.9183673469387755
Reversed|prot_features,0.9583333333333334,0.9115646258503401
Reversed|prot_features,0.9583333333333334,0.9047619047619048
Reversed|prot_features,0.9583333333333334,0.8979591836734694
Reversed|prot_features,0.9583333333333334,0.891156462585034
Reversed|prot_features,0.9583333333333334,0.8843537414965986
Reversed|prot_features,0.9583333333333334,0.8775510204081632
Reversed|prot_features,0.9583333333333334,0.8707482993197279
Reversed|prot_features,0.9375,0.8707482993197279
Reversed|prot_features,0.9166666666666666,0.8707482993197279
Reversed|prot_features,0.9166666666666666,0.8639455782312925
Reversed|prot_features,0.8958333333333334,0.8639455782312925
Reversed|prot_features,0.875,0.8639455782312925
Reversed|prot_features,0.8541666666666666,0.8639455782312925
Reversed|prot_features,0.8541666666666666,0.8571428571428571
Reversed|prot_features,0.8541666666666666,0.8503401360544217
Reversed|prot_features,0.8541666666666666,0.8435374149659864
Reversed|prot_features,0.8333333333333334,0.8435374149659864
Reversed|prot_features,0.8333333333333334,0.8367346938775511
Reversed|prot_features,0.8125,0.8367346938775511
Reversed|prot_features,0.7916666666666666,0.8367346938775511
Reversed|prot_features,0.7916666666666666,0.8299319727891157
Reversed|prot_features,0.7708333333333334,0.8299319727891157
Reversed|prot_features,0.7708333333333334,0.8231292517006803
Reversed|prot_features,0.7708333333333334,0.8163265306122449
Reversed|prot_features,0.7708333333333334,0.8095238095238095
Reversed|prot_features,0.75,0.8095238095238095
Reversed|prot_features,0.75,0.8027210884353742
Reversed|prot_features,0.7291666666666667,0.8027210884353742
Reversed|prot_features,0.7291666666666667,0.7959183673469388
Reversed|prot_features,0.7291666666666667,0.7891156462585034
Reversed|prot_features,0.7291666666666667,0.782312925170068
Reversed|prot_features,0.7291666666666667,0.7755102040816326
Reversed|prot_features,0.7291666666666667,0.7687074829931972
Reversed|prot_features,0.7291666666666667,0.7619047619047619
Reversed|prot_features,0.7291666666666667,0.7551020408163265
Reversed|prot_features,0.7083333333333333,0.7551020408163265
Reversed|prot_features,0.6875,0.7551020408163265
Reversed|prot_features,0.6666666666666667,0.7551020408163265
Reversed|prot_features,0.6458333333333333,0.7551020408163265
Reversed|prot_features,0.6458333333333333,0.7482993197278912
Reversed|prot_features,0.625,0.7482993197278912
Reversed|prot_features,0.625,0.7414965986394558
Reversed|prot_features,0.625,0.7346938775510204
Reversed|prot_features,0.625,0.7278911564625851
Reversed|prot_features,0.625,0.7210884353741497
Reversed|prot_features,0.6041666666666667,0.7210884353741497
Reversed|prot_features,0.5833333333333333,0.7210884353741497
Reversed|prot_features,0.5833333333333333,0.7142857142857143
Reversed|prot_features,0.5833333333333333,0.7074829931972789
Reversed|prot_features,0.5625,0.7074829931972789
Reversed|prot_features,0.5625,0.7006802721088435
Reversed|prot_features,0.5625,0.6938775510204082
Reversed|prot_features,0.5625,0.6870748299319728
Reversed|prot_features,0.5625,0.6802721088435374
Reversed|prot_features,0.5625,0.673469387755102
Reversed|prot_features,0.5416666666666667,0.673469387755102
Reversed|prot_features,0.5416666666666667,0.6666666666666666
Reversed|prot_features,0.5416666666666667,0.6598639455782312
Reversed|prot_features,0.5208333333333333,0.6598639455782312
Reversed|prot_features,0.5208333333333333,0.6530612244897959
Reversed|prot_features,0.5208333333333333,0.6462585034013606
Reversed|prot_features,0.5208333333333333,0.6394557823129252
Reversed|prot_features,0.5,0.6394557823129252
Reversed|prot_features,0.5,0.6326530612244898
Reversed|prot_features,0.5,0.6190476190476191
Reversed|prot_features,0.5,0.6122448979591837
Reversed|prot_features,0.47916666666666663,0.6122448979591837
Reversed|prot_features,0.45833333333333337,0.6122448979591837
Reversed|prot_features,0.45833333333333337,0.6054421768707483
Reversed|prot_features,0.45833333333333337,0.5986394557823129
Reversed|prot_features,0.45833333333333337,0.5918367346938775
Reversed|prot_features,0.45833333333333337,0.5850340136054422
Reversed|prot_features,0.45833333333333337,0.5782312925170068
Reversed|prot_features,0.45833333333333337,0.5714285714285714
Reversed|prot_features,0.45833333333333337,0.564625850340136
Reversed|prot_features,0.45833333333333337,0.5578231292517006
Reversed|prot_features,0.45833333333333337,0.5510204081632653
Reversed|prot_features,0.45833333333333337,0.54421768707483
Reversed|prot_features,0.45833333333333337,0.5374149659863946
Reversed|prot_features,0.45833333333333337,0.5306122448979592
Reversed|prot_features,0.45833333333333337,0.5238095238095238
Reversed|prot_features,0.45833333333333337,0.5170068027210885
Reversed|prot_features,0.45833333333333337,0.5102040816326531
Reversed|prot_features,0.45833333333333337,0.5034013605442177
Reversed|prot_features,0.45833333333333337,0.4965986394557823
Reversed|prot_features,0.45833333333333337,0.4897959183673469
Reversed|prot_features,0.45833333333333337,0.48299319727891155
Reversed|prot_features,0.45833333333333337,0.47619047619047616
Reversed|prot_features,0.45833333333333337,0.46938775510204084
Reversed|prot_features,0.45833333333333337,0.46258503401360546
Reversed|prot_features,0.45833333333333337,0.4557823129251701
Reversed|prot_features,0.45833333333333337,0.4489795918367347
Reversed|prot_features,0.4375,0.4489795918367347
Reversed|prot_features,0.4375,0.4421768707482993
Reversed|prot_features,0.4375,0.43537414965986393
Reversed|prot_features,0.4375,0.42857142857142855
Reversed|prot_features,0.4375,0.4217687074829932
Reversed|prot_features,0.41666666666666663,0.4217687074829932
Reversed|prot_features,0.41666666666666663,0.41496598639455784
Reversed|prot_features,0.41666666666666663,0.40816326530612246
Reversed|prot_features,0.41666666666666663,0.4013605442176871
Reversed|prot_features,0.41666666666666663,0.3945578231292517
Reversed|prot_features,0.41666666666666663,0.3877551020408163
Reversed|prot_features,0.39583333333333337,0.3877551020408163
Reversed|prot_features,0.375,0.3877551020408163
Reversed|prot_features,0.35416666666666663,0.3877551020408163
Reversed|prot_features,0.35416666666666663,0.38095238095238093
Reversed|prot_features,0.35416666666666663,0.3741496598639456
Reversed|prot_features,0.35416666666666663,0.3673469387755102
Reversed|prot_features,0.35416666666666663,0.36054421768707484
Reversed|prot_features,0.35416666666666663,0.35374149659863946
Reversed|prot_features,0.33333333333333337,0.35374149659863946
Reversed|prot_features,0.33333333333333337,0.3469387755102041
Reversed|prot_features,0.33333333333333337,0.3401360544217687
Reversed|prot_features,0.33333333333333337,0.3333333333333333
Reversed|prot_features,0.33333333333333337,0.32653061224489793
Reversed|prot_features,0.3125,0.32653061224489793
Reversed|prot_features,0.3125,0.3197278911564626
Reversed|prot_features,0.29166666666666663,0.3197278911564626
Reversed|prot_features,0.29166666666666663,0.3129251700680272
Reversed|prot_features,0.27083333333333337,0.3129251700680272
Reversed|prot_features,0.27083333333333337,0.30612244897959184
Reversed|prot_features,0.25,0.30612244897959184
Reversed|prot_features,0.25,0.29931972789115646
Reversed|prot_features,0.25,0.2925170068027211
Reversed|prot_features,0.22916666666666663,0.2925170068027211
Reversed|prot_features,0.22916666666666663,0.2857142857142857
Reversed|prot_features,0.22916666666666663,0.2789115646258503
Reversed|prot_features,0.20833333333333337,0.2789115646258503
Reversed|prot_features,0.20833333333333337,0.272108843537415
Reversed|prot_features,0.20833333333333337,0.2653061224489796
Reversed|prot_features,0.20833333333333337,0.2585034013605442
Reversed|prot_features,0.20833333333333337,0.25170068027210885
Reversed|prot_features,0.20833333333333337,0.24489795918367346
Reversed|prot_features,0.20833333333333337,0.23809523809523808
Reversed|prot_features,0.1875,0.23809523809523808
Reversed|prot_features,0.16666666666666663,0.23809523809523808
Reversed|prot_features,0.14583333333333337,0.23809523809523808
Reversed|prot_features,0.14583333333333337,0.23129251700680273
Reversed|prot_features,0.14583333333333337,0.22448979591836735
Reversed|prot_features,0.125,0.22448979591836735
Reversed|prot_features,0.125,0.21768707482993196
Reversed|prot_features,0.10416666666666663,0.21768707482993196
Reversed|prot_features,0.08333333333333337,0.21768707482993196
Reversed|prot_features,0.0625,0.21768707482993196
Reversed|prot_features,0.0625,0.2108843537414966
Reversed|prot_features,0.0625,0.20408163265306123
Reversed|prot_features,0.0625,0.19727891156462585
Reversed|prot_features,0.0625,0.19047619047619047
Reversed|prot_features,0.0625,0.1836734693877551
Reversed|prot_features,0.0625,0.17687074829931973
Reversed|prot_features,0.04166666666666663,0.17687074829931973
Reversed|prot_features,0.02083333333333337,0.17687074829931973
Reversed|prot_features,0.02083333333333337,0.17006802721088435
Reversed|prot_features,0.02083333333333337,0.16326530612244897
Reversed|prot_features,0.02083333333333337,0.1564625850340136
Reversed|prot_features,0.02083333333333337,0.14965986394557823
Reversed|prot_features,0.02083333333333337,0.14285714285714285
Reversed|prot_features,0.02083333333333337,0.1360544217687075
Reversed|prot_features,0.02083333333333337,0.1292517006802721
Reversed|prot_features,0.02083333333333337,0.12244897959183673
Reversed|prot_features,0.02083333333333337,0.11564625850340136
Reversed|prot_features,0.02083333333333337,0.10884353741496598
Reversed|prot_features,0.02083333333333337,0.10204081632653061
Reversed|prot_features,0.02083333333333337,0.09523809523809523
Reversed|prot_features,0.02083333333333337,0.08843537414965986
Reversed|prot_features,0.02083333333333337,0.08163265306122448
Reversed|prot_features,0,0.08163265306122448
Reversed|prot_features,0,0.07482993197278912
Reversed|prot_features,0,0.06802721088435375
Reversed|prot_features,0,0.061224489795918366
Reversed|prot_features,0,0.05442176870748299
Reversed|prot_features,0,0.047619047619047616
Reversed|prot_features,0,0.04081632653061224
Reversed|prot_features,0,0.034013605442176874
Reversed|prot_features,0,0.027210884353741496
Reversed|prot_features,0,0.02040816326530612
Reversed|prot_features,0,0.013605442176870748
Reversed|prot_features,0,0.006802721088435374
Reversed|prot_features,0,0
