"uniprot_id","O_S05_Pre","O_S06_Pre","O_S07_Pre","O_S10_Pre","O_S16_Pre","O_S17_Pre","O_S24_Pre","O_S28_Pre","O_S29_Pre","O_S32_Pre","O_S35_Pre","O_S05_Post","O_S06_Post","O_S07_Post","O_S10_Post","O_S16_Post","O_S17_Post","O_S24_Post","O_S28_Post","O_S29_Post","O_S32_Post","O_S35_Post","logFC","P.Value","adj.P.Val","sig.PVal","sig.FDR"
"A0A0U1RRL7",16.0547267234563,17.2647333753781,15.1296917420822,NA,16.3394960659837,16.3244018070955,16.4483783889738,16.3368210383219,16.9356611005649,16.1881566085458,17.7973988857877,17.1568591972982,16.1305847271557,16.347360294309,NA,16.7923493119299,16.5412966853112,16.3940050240569,16.00403929851,15.1228179422209,15.739398924258,16.3645658413643,0.0382726312232471,0.942622340111614,0.990192879028667,0,0
"A0FGR8",16.6964160701522,16.9957316992607,16.8223828254004,16.8734121910642,16.6709767403972,17.3792493880235,17.1289740911908,16.9148436749843,16.9399133499958,17.1826361693545,16.8390860465644,16.609870882335,16.8898685643695,17.1332828041226,16.5922756067084,17.1211611154793,17.0827465807555,17.348594776476,NA,17.3522017608711,16.7988491636374,17.2506468844005,-0.172067977381396,0.450986799270018,0.984534738947309,0,0
"A1L4K1",17.5432838667902,17.9072183301792,17.8980281540626,17.2777845986192,17.9123766245004,17.8508005384115,16.3197946987924,18.4597937939642,17.9893139622334,17.4369243173044,17.634211212663,17.7629554116381,17.8751889965318,18.1544156714432,17.3395296499446,17.9615726142478,17.6684601901277,18.0210765455125,18.0349444961485,17.4264176554274,18.0014558628683,17.6428386825337,-0.101724284144407,0.774695894751312,0.984534738947309,0,0
"A2RTX5",15.8020510631357,15.9937997619635,14.9972693009792,NA,15.3259289955944,15.8042754488606,14.573494408559,15.5996815044816,15.7440746845233,15.9443467692117,16.0295989918234,15.893793383666,15.6129845809334,15.8561985211814,15.0421472465838,15.297736879146,15.721696979819,15.7241338860973,15.2697795621984,15.1780012727962,15.3317979328269,15.1542822178734,-0.507827834488994,0.10336045842315,0.984534738947309,0,0
"A5YM72",18.8538804355266,19.5108090772238,19.231463499212,NA,NA,19.9336901598046,19.4422521671498,19.2985422715569,NA,20.788145779643,19.4536592142765,20.0746346142848,20.6491004226234,20.6378173694814,18.8919851630255,18.8397501141848,20.8383641638486,20.547879445326,20.7026241193787,19.6471758040482,19.5322488043756,19.9746143611971,-0.511040517330127,0.391715108483405,0.984534738947309,0,0
"A6NCE7",20.4820046936701,20.9242985143108,20.1221347885931,20.6019008964318,20.8128495174472,20.7419197831265,20.1547386415892,NA,21.034189121228,20.9235510331776,20.8928221005714,20.1557177900365,20.922829329763,NA,20.0770031162096,20.849454169282,20.7064264998645,20.8373300684248,NA,20.7406754287999,21.1671760127831,20.8045080429183,-0.0920420216457707,0.757718818763841,0.984534738947309,0,0
"A6NDG6",22.5291059289765,23.2148161474852,22.9412893005431,22.8234243403805,23.188885118695,23.0843733960306,23.094669478465,23.2143741787285,23.1000918746657,23.2633378359854,22.8326399270981,22.8520482589095,22.700246913802,22.8439963923258,22.8371300369806,23.1882618477167,23.2294789125883,22.80579311517,23.3240064413985,23.1342298126088,23.1968136654688,23.0396002794593,0.0612872621387872,0.759379049895081,0.984534738947309,0,0
"A6NNS2",21.7757001841642,21.2912817039308,22.0041650360097,21.6548592804161,21.8286333375257,21.515992006655,20.9020892925125,21.9328261517942,21.3289954893579,21.8226871401262,21.4457572997052,21.5616156488841,21.1977538578206,21.6119886122312,21.3212540451617,21.5449905509143,20.884220302449,21.4478636895944,21.9518095543821,22.2139104043102,21.3658007795881,21.0882409250204,-0.484349812356275,0.0829674530356857,0.984534738947309,0,0
"A8MU46",24.0375980590775,22.2856866018446,23.8501515552031,23.8523471132998,23.4036877899777,23.4840226193457,23.7087693550537,23.7300476320893,23.5011585367242,23.2257285335476,23.2934073625975,23.5466767610874,22.7421604007812,23.0551839814225,24.282441228656,22.9072432221154,22.8040347075039,23.4820437662248,22.8575969069342,23.9895238500178,24.0737908599678,23.8456882837361,0.226714103289819,0.574407221193641,0.984534738947309,0,0
"A8MXV4",16.6120380624048,17.2121418013816,NA,16.1179352669288,NA,16.0440599858402,16.4336556096517,16.3345859483373,17.4055451629379,17.3967826909621,17.9516783625743,17.2547932517259,17.429441135077,16.5063171268971,16.8452081131853,16.8309708377878,17.1522610764629,17.0850345637488,16.7346012608903,NA,15.7772387285313,16.7285992849023,-0.424393549470373,0.393791933765542,0.984534738947309,0,0
"E9PAV3",23.7505417849934,23.2905999066691,23.4629574125634,23.5450022028516,23.3361667704998,23.4615583838048,23.3090237909819,23.5287220897055,23.6781575414938,23.4716924930393,23.5518326694371,23.6224060142882,23.7807927127326,23.4707914737947,23.6131911206711,23.2426897756218,23.5733737822675,23.7897844350853,23.3396531049994,23.3347789727362,23.5465679402668,23.8470552038362,0.120215022823484,0.48882587270065,0.984534738947309,0,0
"L0R6Q1",18.9379311097118,18.701223051428,17.7670453840272,18.5692462045996,18.4560113524937,18.4052097494904,18.1755968415099,NA,18.5353549113032,17.7783482889495,18.9101348818373,18.3183733484147,18.2990204655438,18.1694303327774,18.3482981922849,19.1265071935838,18.473304826895,NA,18.7032128407828,NA,18.8231687854796,18.6606371863473,-0.0585996265980278,0.860236414235785,0.984534738947309,0,0
"O00151",23.1949535747956,23.4419799909064,21.2212367310058,23.1139588040303,23.974860124682,23.0158596453917,22.6800746365993,22.255255339632,23.659534947062,22.7326646303858,23.4636961120679,23.1365674125494,23.6969109143778,22.4540732411804,22.2859262915072,23.9053896471048,23.1691708944119,22.8967167336086,21.8162006298137,22.3585302364811,22.8934686334567,22.7115374055248,0.171894470013683,0.699419645818147,0.984534738947309,0,0
"O00159",19.1558581752684,18.8956233263473,18.2470259540806,17.9481506445268,18.8562240807614,18.725282899211,17.8593436288019,18.6508555569521,18.9071052757058,18.7223888856102,18.7568866237868,18.4091471126465,18.4266651106137,18.0033278877924,18.2901669496306,18.5713201498888,18.4856822862094,18.7743664112358,18.6741087464482,18.5183928849054,18.8727622874255,18.1200354545535,-0.500684962263634,0.0557231911091312,0.984534738947309,0,0
"O00168",19.144520552155,19.8432573492581,NA,18.7313503476002,18.5122721781826,20.0384861152905,18.6256441541453,20.0405335607869,19.5584555786641,19.9948350368249,19.5188844179516,19.398384183535,20.1996312669109,20.0596423899399,19.3427970111296,19.4286654747564,19.86358596385,18.7875905694195,19.0544978979785,19.3192363710837,19.0428622806529,20.1870481925204,0.119869575662488,0.785009391727213,0.984534738947309,0,0
"O00186",18.5222659373546,18.1307445302889,18.3796107298349,18.7383860115108,17.8592864495053,18.4441152161209,18.1173125573556,18.7207399404585,18.3098220104146,18.1047426870929,17.7909467256969,18.369964496079,18.1230167420912,18.5183927392787,NA,17.8737439763318,18.3458215919197,18.3910448836753,17.9447592366593,18.7904958927567,18.7542369842039,18.5114612009257,0.223719418569427,0.398375889535236,0.984534738947309,0,0
"O00217",22.4594495412081,23.6412806597284,22.0504892486395,22.8192040839661,23.0848667241811,22.0699878321753,22.3635421286431,22.6277869858438,22.7326910465486,22.8106370749322,22.9911329913153,23.2635429732426,22.6212946027417,23.2616119239365,23.2210157035965,22.9858044819559,22.5031798294439,22.7133849776292,22.6922812660104,22.6238157878304,22.6366051251894,22.4173838557539,-0.488603225607839,0.132421876741211,0.984534738947309,0,0
"O00231",21.779484149702,21.6104553361415,21.969201352386,21.6763319738236,21.6947949078664,21.9930292024876,21.59160561952,21.8498363574873,21.6428676042814,21.7381088990744,21.7323943091447,21.7264757166434,21.7758986150942,21.7113972028322,21.6850690192639,21.8407579050889,21.6563517925499,21.9370030899363,21.6981856369256,21.8313111475724,21.9583419326132,21.973865393881,0.0372794541025563,0.799097614593341,0.984534738947309,0,0
"O00232",20.5064422961378,20.4571014798805,20.961711148697,20.3600501158489,20.193044959626,20.6007884198197,20.3585978938621,20.4950910910667,20.1819582899853,19.8638679093181,20.4574340291672,20.2147209392988,20.2853855060721,20.1354156658446,20.7065359276047,20.4888435661876,20.1889223869503,20.6678439811837,20.449104823347,19.8010270634824,20.4928060551227,20.5114628209226,0.136739912367023,0.568357511074687,0.984534738947309,0,0
"O00233",18.5289596920697,17.8262937089135,17.9739144439503,18.0433605905238,17.7679911442621,18.1775359476687,18.1916209965766,18.0704429347965,17.7907444024431,17.690504955979,17.8586429267334,17.8409003384347,17.7774399330649,17.974791349445,18.5570363334179,17.6374033281905,17.8192775718681,18.3063239892465,18.129970481589,18.0626609174754,18.3115391086874,18.2088248953154,-0.23456380725424,0.291900258626668,0.984534738947309,0,0
"O00299",18.9741619534405,19.1202781144337,18.6445737542532,19.0424994164914,19.3482578238581,19.0807838958155,19.3735695563408,19.4391928413267,19.203886990854,19.7787758012513,18.9819346729775,18.9979629910674,20.5802249685033,19.6196702017095,18.8626621725488,19.4151390882726,19.3365007272063,18.8265196997808,19.4178260075373,19.467592525098,19.2591196793136,19.7370427295631,0.24219004420997,0.462206415462649,0.984534738947309,0,0
"O00303",19.801240987941,19.7344144573107,19.5673119047638,19.9509020929986,20.0181555339152,19.6342721749221,19.1917769804492,19.7031361248045,20.100620444417,19.6861790416033,19.9157490497335,19.9371884547058,19.8340066151302,19.6625779167876,19.5226786454445,19.8785681725476,19.7615781309608,19.5900036318471,19.5405753848817,19.7984201075691,19.658617677683,19.9726488391342,0.121997812969905,0.506837022744684,0.984534738947309,0,0
"O00330",23.1853755306251,23.6209956129346,23.2582886503356,23.0766698712468,23.3232101769594,23.373247725429,23.6870014779382,23.3749766292087,23.6437328355403,23.5599827979264,23.736345364339,23.4735767840873,22.7124802782049,23.5215547031375,23.3389640825576,23.4348657569991,23.4919595048225,23.5477516687163,23.5467744264529,23.0896511866132,23.3451782575528,23.2439932837686,-0.183655877771262,0.397392837098101,0.984534738947309,0,0
"O00410",21.9594329279239,21.3277699128754,21.7815086451308,21.245136819059,21.5771710480933,21.5514976420573,21.7638242921501,21.4703179895595,21.4739854054771,21.7328994380394,21.6338948225059,21.5223580877678,21.6968929532954,21.5111107192975,21.3724035240069,21.4681395485504,21.7357866005057,21.6128287279848,21.4796670777022,21.8624812825344,21.6402037173251,21.7142198304139,-0.0215878116359853,0.902311714340973,0.987424911698517,0,0
"O00418",16.8897512768933,16.1585381442846,17.3005436552317,17.2847656904797,16.6816663797245,16.0333894914924,16.2653610356188,16.9697736826865,16.811398025685,15.6255657465585,16.1601396407314,16.5598784983248,15.8587999674334,16.7798626461845,17.0740017512081,NA,15.8727749487142,16.4875341220899,16.6792712486607,16.1626407319069,16.3766808000529,16.193272615952,0.210906757714234,0.506316017237052,0.984534738947309,0,0
"O00423",19.9597497407318,20.0909176850477,21.1343946930782,20.5079876033334,20.5117783066176,20.5754040490699,20.7741735514971,20.8183494594811,20.1619008631721,20.1521471617014,20.5316651151972,20.3979032683187,19.6753497830651,20.3848678709654,20.6502479568668,20.4142202563523,20.4361227134127,20.6921016333489,20.6305386246488,20.4744820666505,20.4081709054653,20.392534580016,0.0966868449937301,0.680849480076775,0.984534738947309,0,0
"O00429",20.7051541142033,20.4886942454125,20.2766451830054,19.8571697294455,20.172380805728,20.1932768290693,20.4696116816025,19.9087661086567,20.3577084817023,20.4449191684506,20.5693559400762,20.413163667135,20.0668025886765,20.1540627187823,20.0722210529461,20.3663194290552,20.5530987413303,20.2405431229222,19.7735301370764,20.0866095277378,20.2144078835301,20.5124375032797,0.0339950433339808,0.858796644251255,0.984534738947309,0,0
"O00442",20.8707476979801,21.1289443214548,21.047397578771,20.8935946519925,21.3183923439871,20.9388077390855,21.6596147211375,21.0514156739051,21.0701974411528,20.7028037047616,21.110228345811,20.8475966779583,20.679028892479,20.6190239301085,21.0144903947697,20.9942493422159,20.9613618115154,21.0275649769587,20.8093973633172,20.6288172998556,20.9696440548204,20.257562914663,0.0978384771518499,0.654379450929637,0.984534738947309,0,0
"O00483",26.2192956857256,26.9112799186532,25.9946496895792,25.9216848171303,26.0421122446101,25.8694874515121,25.9161915674282,25.7544256149656,26.2295164042854,25.8575908479375,26.4959600664789,26.406370586381,26.2091524139957,26.3821969628331,26.3223638074994,26.2423575470178,26.2415039360391,26.1505457186524,26.217513848509,25.3871087889343,25.8516777203566,25.9136781833719,-0.217149844567139,0.417219046224983,0.984534738947309,0,0
"O00487",20.5908007280235,20.1523163195331,20.7509873877287,20.5695841960726,20.4770747966163,20.4430447076118,20.4318622989383,20.5369223785555,20.2523646290253,20.4244339581477,20.3853945805162,20.5335489846566,20.5711296039709,20.5324666762837,20.5516661329019,20.6871788729539,20.2417485858703,20.7394604382069,20.702679596945,20.2854028625184,20.7324720211754,20.3868102029853,0.0593129002201778,0.723196090019614,0.984534738947309,0,0
"O00499",26.3626716547589,26.0569647920489,26.455606513683,26.152529924491,26.502820642259,26.482073300079,26.1894072351224,26.1128372296901,26.1878521542376,26.3312391276779,26.0901336383549,26.3085248839708,26.6246526871712,26.0420423208456,26.2380366751072,26.3346330921569,26.209835054786,26.2338721363935,25.7519116171921,26.6745709517675,26.3070892512775,26.3886692469175,0.0894767147005417,0.644247444003127,0.984534738947309,0,0
"O00505",20.9521439368436,20.3675545960342,21.3643669329513,20.7192007125251,21.1491813175889,20.6541614141869,20.8076392453303,20.9432272904175,20.9181578097568,21.1009753831854,21.0037253182624,20.9155779677824,21.1083596185417,20.7680145993687,20.6503886347242,20.8415886920666,21.0674153271448,20.869036424108,20.830388726436,20.5143506801475,21.1028060625226,21.41494059008,0.427906967245466,0.0472974107450854,0.984534738947309,1,0
"O00571",19.041929081402,19.4424979708256,19.872236978348,19.956487674368,19.741088115916,20.0763383554304,18.0897901400972,20.063660065064,19.7952917241867,19.371157375533,19.300220308473,19.5020132683811,19.5382877336315,19.2933994622716,19.5587539493024,19.7647470511743,19.5532520085654,19.2493859019638,19.8343335324325,19.1499884296536,19.7533079949225,19.6975213872696,0.277637434015411,0.441326752376013,0.984534738947309,0,0
"O00629",23.1642367996051,22.8582681883279,23.2471845138694,22.7290478964715,23.0624548166422,22.9753762614613,22.8631738606417,22.8813024515795,22.8844106900232,22.953232531645,22.7724515138599,23.0912076658849,23.2036313999427,22.8882617609131,22.9041659323872,22.9019071364528,23.1847426699245,22.8156648782815,22.7990861887191,23.1469514504946,22.7908950924346,23.5142181018668,0.160294832852124,0.376607249896256,0.984534738947309,0,0
"O00748",21.3734271576972,21.2807956585736,19.8910430378453,NA,20.3828085278378,19.948839019063,20.7679668999058,18.9568076591266,20.6420311499545,20.3585767344516,21.2685837180342,21.3149510901633,21.7493917852806,19.7279829662621,21.0773789919842,20.574469243034,19.8228751028598,20.8109892081522,NA,19.678084203679,20.3857947759286,21.0832618571576,-0.166383384043414,0.767413117044243,0.984534738947309,0,0
"O00757",25.6931242938087,25.9421868680803,26.4660539510396,26.5560916256094,24.8481768772258,25.7245686351115,26.9866437410723,26.4025230172613,25.2276134881967,26.0329738949029,25.6470209898335,25.6147543772656,25.3503042557674,25.9574731385649,26.6352277498408,25.1497247609593,25.7486386957443,26.4280382733323,26.5280090386195,26.3281913358598,25.013619085508,25.1856653940214,-0.351826907557044,0.304250710658894,0.984534738947309,0,0
"O00764",19.3889438483929,19.45621681018,19.2429880517142,18.8020528335958,19.1712409712065,19.633621131627,19.5424372008455,19.1083168908505,18.9793108726405,18.8257899932898,19.1735040806949,19.29950040166,19.0401512819145,18.9683969652408,18.8719036007321,19.2839533219126,19.4223666611192,19.352059358622,19.2532220349148,19.0493465173305,18.9590505267663,19.002006261846,-0.0710125888008086,0.731312777270842,0.984534738947309,0,0
"O14521",22.8020970083183,23.8610550951838,23.332608437303,23.2197365805395,23.1688996002323,23.2568227793894,23.6334598624583,22.4361916130308,23.1427137667874,22.7154570675537,23.6407889779554,23.2748408701702,22.9845934346745,23.329814841719,23.426663763323,23.0604861860813,23.0099800385349,23.9549134761395,23.3454990845463,22.3380659139112,22.8598705257118,22.8887081285746,-0.353822921384889,0.301177287295137,0.984534738947309,0,0
"O14548",NA,17.3773000028331,NA,NA,15.9280255470244,16.3231496821018,15.3765281850988,16.4042300581365,16.6523505125421,16.743474162496,17.0776278582681,16.9547549097305,16.6824757170259,16.3209166835843,16.6754883531997,16.3092282320705,16.7620758998137,16.2783485427717,16.0735116292286,16.4276651353972,NA,16.5430653908619,-0.246700217143935,0.5251248116784,0.984534738947309,0,0
"O14556",18.3183495960944,NA,20.276106358852,NA,NA,19.1592919137592,20.4844708726107,19.8867670325558,NA,19.6243294335302,19.3295871631919,19.0969426110956,NA,19.3257797213709,19.7192480413877,19.2887343534427,19.7875530377423,20.758715070361,20.1333741795412,19.8097354803058,19.6008640599352,19.2494057626966,0.555326206663679,0.176411641908906,0.984534738947309,0,0
"O14558",26.833022226753,27.0445878237203,26.9508646633461,26.7703010977547,27.7044538501366,27.2524829847648,26.3830293472563,26.523851033864,27.5343673541934,27.8670228199164,27.9042573933487,27.4008007644204,27.5737044678528,27.1493945904644,27.8566345570003,28.3427818877632,27.6429174610117,27.315474513814,26.5114745036954,26.6203597371866,26.759954046688,27.8558496716054,-0.096488014365594,0.804572726154006,0.984534738947309,0,0
"O14561",23.6771556700565,23.8683533306973,22.9366944118306,23.6132368381969,23.6936202638046,22.8247084341285,23.3127327793832,22.9372603492482,23.5623442395354,23.6193977091256,23.8307794581421,23.5438480108621,23.2077054946755,23.5744817891695,23.5083876301196,23.6568675846982,23.1802095035396,23.1518708434515,23.0708733575219,23.3263649871277,23.2162033001806,23.1094158594167,-0.320569516602802,0.20443954053017,0.984534738947309,0,0
"O14732",22.3121604188155,22.2816492236912,23.1814820505154,21.6859575977742,22.5584403877892,22.4526638601008,22.5197239575265,22.6478640754547,22.4352624982315,22.1800008195504,22.042854974634,22.0699333884925,21.4486650615071,22.5779988462622,21.4581266411241,22.3148722268248,22.1453354457627,22.3168461224744,22.4094314508094,22.5388587717486,22.8476757380993,22.3534327497395,0.125829823724182,0.703420983428384,0.984534738947309,0,0
"O14737",21.0922908012521,20.9461082469969,20.8906389306941,21.2751511529793,21.0971468095013,20.6449576455406,20.9822788095372,20.6514777200646,20.5491005717306,20.8207940496422,20.725185011741,20.9620380154601,21.3121731907789,20.7750264330023,21.3780642782179,20.9671905448611,20.9083793609787,20.4593070916712,20.6195097954593,20.7275117250963,20.7733322565495,21.0149688702741,0.17977885134982,0.406553269958203,0.984534738947309,0,0
"O14744",20.3106263056524,19.7897366088983,20.4391852136454,20.1098533523347,20.1330531728294,20.2292290186981,20.0873840538284,19.9283350784893,19.958136657745,19.7102833564136,19.7728249085924,19.6042656338143,19.769712250209,19.9473770502606,20.1947682280242,19.8450348796428,19.8870586951407,19.6472589229107,19.965651464003,20.293696458305,19.9798368051648,19.9522849674365,-0.056431576771498,0.77577276917442,0.984534738947309,0,0
"O14818",23.3700338280831,23.533134977623,24.0034576004084,23.6399483294217,23.6498074544088,23.8593041496103,23.3425114200241,23.8141809911983,23.4202122840814,23.4863277308589,23.3693119138049,23.3769384398817,23.4966647232836,23.6074678582169,23.6918994535601,23.7096851833531,23.5609247231227,23.5709455887539,23.5817429575377,23.9679220807187,23.7532219354181,23.7642509148033,0.0256941815149467,0.889107628792977,0.985429799208273,0,0
"O14841",19.3388981816693,19.6185312331955,19.0618943968884,19.020740957172,19.4257175704847,18.9386219272202,19.3081092301365,19.1458212947711,19.2115590908414,19.0475954626517,19.1851564959834,18.9985984450408,18.7782424716288,19.2361701350351,19.0593009299586,19.1435982185406,19.0063599837943,19.0778965379427,19.2686234684533,18.6800376914284,19.3337152965535,18.9379837396295,-0.140784544604649,0.462787511838937,0.984534738947309,0,0
"O14880",24.8641072171533,24.6803230540318,24.5953838521202,25.0219539786201,25.0822081624602,24.923273266946,24.3067417970471,24.4451126331606,24.96568309101,24.4402285579381,24.9086430931654,24.8263083132085,24.5003662949719,25.1016129080525,24.5786372846401,25.0542613447346,24.5053693805935,24.0701461531157,24.4805286039769,24.3839760107909,24.4600080722896,24.4024132550371,-0.0476812368668647,0.844113605345588,0.984534738947309,0,0
"O14924",21.8838316639782,21.1506898657365,21.6646605194936,21.5010836878015,20.9196924681411,NA,20.1291483945886,19.9993305245905,20.8252050334089,19.9480988452258,20.147620166573,20.9708657576531,20.6239443004893,21.4038944169785,21.5566900669734,19.8621791157094,19.9598437658259,20.3232480384182,20.4498886906262,20.1741095366702,20.1451710433908,19.6427479284814,-0.562838848986598,0.280032015233069,0.984534738947309,0,0
"O14949",24.6384897044114,25.6677385057082,24.7163631234401,24.7370105333029,25.2420517745194,24.9041389574717,24.6630877485236,25.0339019745762,25.3799159172973,25.1940725284152,25.5231856680477,25.3007977722752,24.9657315575845,25.2698831180365,25.1270794764853,25.3682512659682,25.2150955363614,25.0769977623996,25.5016498530709,24.6173155263899,24.9133567630914,24.9756446076265,-0.284329227126118,0.280729527398842,0.984534738947309,0,0
"O14950",20.8380862388197,21.5522519437872,20.9542788689487,21.3104857582998,21.1438490994454,21.2359967730044,19.8011349256671,21.0994938728704,21.7117922419091,21.7624449850534,21.2473268391368,21.226866281848,22.0690881208989,21.0866349210603,21.2973589851358,21.3338538634114,21.3661391541652,21.288275551544,21.3578242251925,21.0462588568365,21.8925578275376,21.4823386437473,0.0253146276453933,0.93963466831938,0.990192879028667,0,0
"O14957",21.643361960698,22.7814169551872,21.0359251449734,22.1401418680366,21.9220025191154,21.0081349243539,20.5912084112422,21.015345916053,22.4603137138568,21.6152267458074,22.2330825171515,21.96142868405,21.9024539832158,22.3341334698368,22.1252402547633,21.8354238676056,21.7360248030772,20.9754042123035,21.3948670689688,21.0551714156308,21.2582956696865,21.7334831468078,-0.257728851446647,0.573848027078468,0.984534738947309,0,0
"O14958",26.2412933269966,25.9404254313539,25.7205104572641,25.3672113101161,26.1310988371329,26.0469690380608,24.9735720372689,24.8633670855328,26.3455497523857,25.7338299118545,25.9671478044749,25.7281429205805,26.5112291477151,25.2692605630385,26.1048660236673,26.5550690485139,25.6234744653438,25.9243042380748,24.3981836434256,25.5171110586579,25.2935846633462,25.8729671297818,-0.0680858059580025,0.863533856321398,0.98455166516454,0,0
"O14964",16.5928545412423,16.1973715117768,16.5401092713631,16.4110282514264,16.3222033919916,16.5188611805708,16.2218776913912,16.4652718849146,16.2407251511915,16.0541369765225,16.5153130567045,16.0905554156122,16.7175128019027,16.2215362784563,16.1641890657525,16.479808711376,16.2751104062326,16.1281412454825,16.3818165435672,16.3373468976113,16.5452156024084,16.475043111901,0.192947342320824,0.277759352065032,0.984534738947309,0,0
"O14979",18.5224996223655,18.3306945532841,18.6193524568207,19.2181561101701,18.1986611704048,18.5743870141293,18.8399125226227,18.4300518761754,18.6257407105653,18.2345393862002,18.3777377186155,18.7045771184373,18.9420487793552,18.6783466027644,18.2335759332821,18.2457519183046,18.9529221536543,18.1951789746423,18.7234047781555,18.1404627897804,18.5184269478248,18.5538614396759,0.632293734921362,0.00821603318063949,0.984534738947309,1,0
"O14980",18.646385666231,18.556768103229,19.2106040779293,19.061404277566,18.8010214360831,18.8398849740004,18.7991657929519,19.0857124758341,18.7665780814915,18.9959459954471,18.7050052780912,18.9972550171167,18.3879520996578,18.3637751316566,18.926329745101,18.9235810960733,18.4262673602973,18.9927853930961,19.002684826019,19.166898300648,18.6381085935399,18.8277243273902,0.0368444353493338,0.859312640547685,0.984534738947309,0,0
"O14983",28.319485295654,27.6998269688107,29.1096222345876,28.5755825943362,27.9687716603583,28.4667855235827,28.0536240700056,28.7756641799533,27.6284739533513,28.348095467865,27.2472883696416,28.0763101758494,27.8978532345832,28.3136845076568,27.9558399565099,27.9309666143194,28.048799958952,28.1100289905889,28.6452743444189,29.0302966281174,28.4870923026778,28.272432585787,0.128102118697861,0.716115491267745,0.984534738947309,0,0
"O15056",22.8502093267264,23.3700830520021,23.3208577618839,22.8903835116248,21.9945634241141,23.7337825495652,23.2156496018275,22.0672646884729,23.3918733681274,23.1382428172871,22.435956363897,22.774666772471,22.9565989828451,22.7121654246856,23.0099239140548,22.2384127792836,23.0450708808106,23.2188327832135,22.8564828112695,24.7834261028624,22.3072657076797,23.502452820904,-0.455355352429482,0.349611197426705,0.984534738947309,0,0
"O15061",20.1664465978202,20.1218311201628,21.0616006771734,20.5520655275158,19.4814389741383,20.2568816285697,20.8595086067376,20.7616501951042,20.5849777927654,19.5894292274562,20.1448107194566,19.9586008355702,20.5476776454218,20.408362469625,20.8821334263423,19.3232365922354,20.2057984488147,20.5282208281497,21.8165446705113,20.2716645778191,20.6606848599629,20.1801056545415,0.168452993526937,0.625821002118093,0.984534738947309,0,0
"O15143",17.2262734679714,17.3364977433423,17.0278748653475,NA,16.7873408788867,16.5826787707197,16.1655806826046,16.9714674046843,16.6199984973896,17.475081044582,NA,17.2343521148253,18.3796699271688,16.9381795955034,17.5147558322139,17.1984495314618,17.4000597501841,17.3720530908714,17.5348248031196,17.2785976529249,16.9825815965684,17.2703826623628,-0.29583887045758,0.379326115209163,0.984534738947309,0,0
"O15173",21.6748705766094,21.5463514745609,22.1693004528941,21.1395222423163,21.6618299974472,21.1588857577047,21.4779517266632,20.8784669286332,21.5244515841457,20.917732502174,21.0023379570254,21.570632791972,21.2267189038753,21.2183893044627,21.6687149544894,21.0781761377977,21.0896834810678,21.4665340126372,21.4679285167051,20.5244680829172,21.3054316194359,21.0335780645021,0.0591004015430308,0.84586760977914,0.984534738947309,0,0
"O15212",20.0785869597803,20.2267507108277,20.6565900197151,20.9414243250684,20.3421384786418,20.7589885466595,20.6870726472234,20.8375821184989,20.3568768459134,20.3264776110805,20.6548592516025,20.5784658793445,20.1621854916293,20.2832051200486,20.7306134476034,20.6113259024109,20.4663739437429,20.6097044117013,20.830129485669,20.5924073916987,20.5904898097006,20.1929213815021,0.122357361562646,0.54254875510003,0.984534738947309,0,0
"O15239",21.496283577001,21.3798120872419,19.1304701255562,20.6764610479182,20.8503589654198,20.206573907844,19.4610395152432,21.0322601326866,20.4831607517094,21.4757184311266,20.1598523652962,22.0246726375989,19.8791348574991,NA,NA,21.1475559166772,NA,20.6367073553372,20.0262356368755,21.5627341150752,19.7227369119181,20.6890239040243,-0.818636742562635,0.229126294937924,0.984534738947309,0,0
"O15260",23.9503541016174,24.407017759552,25.2960527526842,24.6989290737214,24.3543332886907,24.2223760637834,24.3215040419504,24.0117242987036,24.2067779948322,24.2534809864599,23.9196430352373,24.4785533069633,24.6485245938758,24.3017469277977,24.2013289661838,24.4823692393686,24.3786966411362,24.1066160663524,24.4112439690047,24.5252967955134,23.3702826077226,NA,0.280464789212751,0.370850665715638,0.984534738947309,0,0
"O15273",19.7418616595202,20.9277555440953,20.3257089461654,22.0073654301425,21.25706982532,20.483522676465,19.9333318896145,21.6073656057341,20.5953855183883,19.1367643817514,20.8351089890906,21.1962839504926,21.2024122772278,21.0815239745513,20.3281845550517,20.0357399678266,20.138711943882,19.9306724984207,21.4601435125591,19.6227565085933,21.3712844349516,20.7464785371031,0.793979940713967,0.184346891357405,0.984534738947309,0,0
"O15305",17.0883541256936,17.2521402164269,17.1892702055074,18.2718440181499,16.6467874506376,18.2269030707764,18.5888996299929,18.370203428557,17.9260296788615,17.6117260696582,18.3689303213539,17.2058225099565,17.8108117917917,17.0253930678379,18.66057856955,17.6966275078198,18.2333735103258,18.5122536356089,17.9630252528707,17.3419412395983,18.3474912502633,18.3290936036977,0.573340859005288,0.212796836710945,0.984534738947309,0,0
"O15371",18.5150769810903,18.8196040801344,18.6160043792469,18.6732666087748,18.853253583438,18.8702628784395,17.6109054766471,19.0007858950487,19.0401022446262,18.6932821520977,19.1973139450636,18.8061377831096,18.9811107623788,18.6101717695616,18.6458822916888,18.7430815637335,18.735836179704,18.6050297181297,19.0558555886773,18.6691505981825,18.9902580184336,18.992208595203,-0.079031858662745,0.76114555999116,0.984534738947309,0,0
"O15372",17.2392842924382,15.7704405084435,14.774566814244,15.398214022716,16.3574127038156,15.7666753516623,NA,16.4830117843451,15.756260812558,15.7358205270624,14.9368940607368,16.1533316262545,15.7297161918828,15.2481889491883,15.6969508041134,15.5612293247414,15.1705988458612,15.4436937706338,15.4136839006155,16.1519967475944,15.6526214374121,16.0449870235295,-0.239979139227385,0.601109715289755,0.984534738947309,0,0
"O15382",21.3128461026731,21.6620660583532,20.3158789728829,20.99601691478,21.6836456785664,20.927052981842,21.0580866244026,20.5957522939615,21.6150584075515,20.9596139432789,21.5759951493959,21.5402014678318,21.5692570430676,21.0532468840123,20.8399370557137,21.3845737847475,21.0487830503762,21.0409360995321,20.6342858386668,20.6878861609962,20.9312794791951,20.6062931528027,-0.108571754416587,0.71576968045774,0.984534738947309,0,0
"O15400",17.5738320945976,16.8285764711097,17.2762966127217,16.6605577057663,17.1142176355938,17.0234996762132,17.22857221498,16.9697543926514,16.7818962278146,16.9824915790043,16.6254062573866,17.3422464468771,17.41441496962,17.1094762457529,16.8390761033699,17.3356148034199,17.1413804119855,17.1954282198763,17.1738865050862,17.1540409270625,17.2896434378812,17.0591315319365,0.128101811859768,0.529153124641924,0.984534738947309,0,0
"O15427",20.6685892755182,19.61860902594,20.9247793414121,20.3130073980717,20.0284962133565,20.1320365149819,20.4964483120441,20.867209318394,19.6865207160025,20.9407078861144,20.2083531296211,20.5502246913566,18.8613630831889,21.1557132789777,20.0168944042214,19.7233305382433,20.8797197021264,20.2665648347551,21.3068608959349,20.995321262119,20.9547629690564,20.0594923207375,-0.385327708153977,0.405463538918824,0.984534738947309,0,0
"O15498",18.6723487179142,18.7548344644205,18.9942066539345,19.0066431112304,19.0348211515276,19.123521484732,19.5455405408479,19.3185330887032,19.0825427937368,19.2176867124523,19.0265054032072,19.184070309496,18.9445457013027,18.7529471516305,18.9230157795813,19.0585581986883,18.9175208285146,19.0085655532472,18.8236810448877,19.179849538604,19.0603531584301,19.3298395665935,0.362743062229004,0.0550513553852124,0.984534738947309,0,0
"O15511",17.8543799393587,NA,NA,NA,17.1369547161686,17.807491294265,17.6275432148221,17.8273619938812,17.4784798000858,18.2049051391588,NA,16.074929226864,18.3416019382419,17.8959845653918,17.5638407138778,17.5841471312719,NA,18.0189812875191,18.3062152666636,18.1076581224502,17.9776113144729,17.8371563798642,-0.557238472795976,0.26693245401556,0.984534738947309,0,0
"O15533",NA,15.2232302422495,NA,14.7955735427259,15.4421598094694,15.9320419870517,14.9438677683354,15.3746344218429,15.9611355783854,15.6859304105598,15.924143184834,14.8170596240713,15.7349226299784,NA,NA,15.2621535976991,15.576900252043,14.842681052979,15.0603723969652,14.7560182144282,15.6604016036799,15.1695483981866,0.13358656294939,0.692341278614426,0.984534738947309,0,0
"O43143",NA,16.33888994356,16.7085217197521,16.6356458222685,16.6991785487555,NA,17.3388687297906,16.4347799159223,16.5664066119788,16.4585107395764,17.0167008586242,16.3853369871486,16.5190570116274,NA,17.1064578707236,16.6069578285397,16.3744378117506,16.0780989517589,16.9239663267734,16.7148684651576,NA,16.6983117721269,-0.077041019452377,0.796603238191639,0.984534738947309,0,0
"O43169",22.1893356439287,21.2342002623563,21.5939690668144,20.613491716775,20.7891715752057,21.2984649943545,21.1173831049393,21.3154368942451,20.8019577730407,20.6310016411069,21.4335668710513,20.8262786896805,20.4608708028898,20.4845372894879,21.2936953308158,20.8228241920845,20.2261176232122,21.6798067877783,21.4745375366291,20.5403143647365,20.7282760730582,20.8677562580709,-0.613400108894528,0.096822003069941,0.984534738947309,0,0
"O43181",24.9264639663903,25.6560028952346,24.2434530213841,25.032447365694,25.232484233106,24.3593155959188,24.5169192772071,24.6762107940269,23.9965224926891,24.4484089229318,24.8484414404656,25.2834717671537,25.1221110229278,24.9885078039342,25.0991937781386,24.775876783974,24.1822865730217,24.8252988300274,24.4479523011581,24.2313897333831,24.6537705777288,24.2495697034353,-0.426029670095652,0.211521269106458,0.984534738947309,0,0
"O43237",17.4572480651715,16.7314210764732,16.926955670076,NA,16.6570045466603,16.5199174442714,15.8724782500105,16.5745851835705,16.4745447728541,16.6131105507128,16.322920358684,16.6429565022618,16.3991676793459,16.8405202751089,17.1209495033242,16.83801568034,16.4175715583723,16.229966686884,16.5880171154317,15.9223674556331,16.5813605856763,16.8883395108479,-0.155101107304276,0.621349038576732,0.984534738947309,0,0
"O43242",20.3059976245794,19.7570560456963,20.1602585679277,19.6813076260729,19.5878403135472,19.9746172370915,19.7263710666987,19.6934172173733,19.5016750143996,19.3432533907253,19.5996249421867,19.6300396452326,19.561879573574,19.2368197898126,19.9000495190812,19.579198434345,19.4516555224007,20.0202803233549,19.9636308985958,19.7927633476693,19.6904141497614,19.8409751827322,-0.165807384838406,0.478750128568079,0.984534738947309,0,0
"O43374",20.0203047734827,19.6378046694685,20.0912243920127,20.1594339781311,19.9913890246042,20.1232135827918,NA,20.7205757041083,20.9756158024985,19.8293477795344,20.7110451216453,20.7734463601421,19.6173064610692,20.4344479710476,19.5120446697555,19.493915993344,20.3287046276533,19.2801770046998,20.4204834131929,20.0435371912215,20.160783127229,19.9273361269261,0.532861608472022,0.155417013558142,0.984534738947309,0,0
"O43390",19.2211858442798,19.0378119480323,18.7336788320039,18.7720664500363,18.6045035881941,19.4605737249268,19.0457852356847,19.2507058006357,19.2086661740008,18.8695347748199,18.5935636671903,18.8332767720674,19.1766069173282,19.5864848486916,19.2952737641131,19.1110253068167,19.008541335086,18.6578394922189,19.414148470483,19.2142494173434,18.9607837425816,19.4159770288509,-0.111579107549808,0.652272051257747,0.984534738947309,0,0
"O43396",21.0347954832343,20.9135885153624,21.189779860447,21.1555903984617,21.0813050728222,21.0946757768652,21.15140391728,20.8883605572177,20.7871307744395,20.8648060740513,20.7563514373531,21.1886112973618,21.0884864519375,21.1497012670658,21.0559117422512,21.0294241594934,21.0429642227782,21.0010419758953,21.0094394503303,21.2769614213827,20.952889870181,21.0747572282451,0.0411104085689082,0.777334696001765,0.984534738947309,0,0
"O43399",19.9910137112418,19.8850535893939,20.1176987470888,19.5982610517649,20.1207443305611,20.1492912689013,20.1687091766156,20.15852905024,20.1150807315071,19.9212319212801,19.709890500157,19.7048405839783,19.9058463298964,19.9182773865589,19.9011739734461,20.0914501681731,19.7981146581445,19.9791706658038,20.024701858682,20.2662575078552,20.1441174329824,19.8269651511206,-0.0372423598992242,0.829638624812447,0.984534738947309,0,0
"O43414",19.2637550819364,18.5651209124388,19.3369393657722,19.2649016574328,19.1559240938925,18.9368461787695,19.0520405061814,19.4390821797639,19.1777325965228,18.6473083537502,19.006155616759,18.7023739891361,17.6521669293649,18.239654715499,19.1170163286021,18.5226512432844,18.5645315577225,19.1722406549455,19.6113975020245,18.9570455283531,19.3173923672491,18.9537909194365,-0.0756988899757189,0.816103636470447,0.984534738947309,0,0
"O43488",21.8888319108822,21.5167327066364,20.9305147786899,21.218468463015,21.5610437842838,20.9161787554104,21.4630197929173,20.9512022828951,21.6073359777004,21.3200045648226,21.6349242647762,21.5188143004584,21.3381448860954,21.5145471594426,21.3306492537878,21.3274929731698,21.4044055725974,21.1756363666333,21.5372471247091,21.1639262950463,21.2903712646517,21.1067752569285,-0.252244936365344,0.256487651943888,0.984534738947309,0,0
"O43561",24.1655277831189,23.771387109326,24.278648349972,24.6050373621502,24.2671212363827,24.9783749573488,25.2916373827534,24.799288070239,24.3719423004654,24.7893773696808,24.0718088611924,24.0535334537745,23.517190826244,24.8482516566105,24.3630795275694,24.6121061776068,24.7171067642471,24.2029069022977,24.521237028132,25.5046270381352,25.0581028076199,24.2341480941748,0.00605539700331548,0.987243800732786,0.997111045453418,0,0
"O43583",20.37724299731,20.8849261533197,21.2502415479406,20.7314769984002,21.1963966921162,21.1671406802447,20.970571049001,20.9214532104278,21.0464527334812,20.8939702724708,20.7250404103273,20.8779236642336,20.7834098851789,20.8991408527092,20.8141568824469,21.0888426465155,20.9139583106694,21.009726876149,21.0506479103103,20.6734102598897,20.9385927186866,20.9085320867179,0.139046235917981,0.456024362816022,0.984534738947309,0,0
"O43598",21.3240890280918,21.9062240843122,21.5996320627491,21.723649951582,21.5330701585812,21.6559978892667,22.092469029753,21.6687735212315,21.4464381605215,21.4753886099406,21.7100859939512,21.5201588057156,21.6725420925915,21.969900049141,21.9251881594434,21.4801268636406,22.402835407669,21.4148462488836,21.9558971343219,22.1505183409463,21.5684488153129,21.5895818688314,-0.0722710931102597,0.757479793472149,0.984534738947309,0,0
"O43615",20.9969124101795,21.3953003876566,20.6864542872141,20.7689780951766,20.8721800677914,20.6809029658749,21.0282388472293,20.5846917195884,21.0576401721636,21.0755826388259,21.4949423427359,21.0397751517394,20.8045133990437,21.0489737350054,21.0856232191839,21.4370406932853,21.3112254552856,20.8506453263476,20.9181434187219,20.2736918330998,20.9587561352509,20.952085199446,-0.0122856786995591,0.959111053148747,0.992365658656292,0,0
"O43633",19.611945245588,19.5717660581649,19.4121434723049,19.3237054424284,19.4023329750422,19.3544316974169,19.6285398834742,19.452279850326,19.5599411247548,19.7378402939377,19.4921732000674,19.4746481459275,19.3001619994176,19.3768410011108,19.4259295161008,19.9514746010506,19.5277695114657,19.4440933580745,19.6313106586718,19.4126830898076,19.4664417314135,19.534752668135,0.0312769611033978,0.844264113150564,0.984534738947309,0,0
"O43674",23.2252775718532,24.2211268680219,22.9180894826163,23.8238870102361,23.8402073921366,22.8409838165742,23.3258215164824,23.7021192326013,23.3638727474852,23.4620428583556,23.7330037615125,23.8686889010526,23.6717032750361,23.7720499155703,24.0138461722198,23.7351651513568,22.9460085944347,23.7358169003697,23.7948334398871,23.347450295115,23.4032220720808,23.353805234363,-0.363382853436416,0.225503090628832,0.984534738947309,0,0
"O43676",23.5728127503462,24.818336980444,23.2613718068872,24.0395424069961,24.0893267566999,23.4861626390387,23.5823758406963,24.0601676533247,23.8938903933137,24.1781869671821,24.2993525152065,24.1966201690332,23.8871764793806,24.2142949251409,24.19369888551,24.168367029028,23.339706029402,24.1797393277155,24.0363581988595,23.8163109328331,23.8872293675694,23.6531026573864,-0.539273646621155,0.0739791115683507,0.984534738947309,0,0
"O43678",24.7627384896672,25.2354522459604,24.0350727539538,24.5703899538092,24.7622673330642,23.9590236889486,24.5485090815915,24.7175237546998,24.5230497707467,24.447260394936,24.8403821630202,24.8022194039116,24.7563809140888,24.8131459911323,24.8552721489524,24.729797224258,23.9319079266666,24.5152718115485,24.4871122066049,24.1559847256408,24.3088077196723,24.1750646053741,-0.303606067419764,0.282266338132681,0.984534738947309,0,0
"O43684",NA,16.2274306784034,15.4816103566038,16.2344334693418,16.6453449441668,16.4665720981236,15.7765662439663,15.7989339207811,16.5013527323106,16.3697302440836,16.0880902408538,15.8571093832564,16.4122799564421,NA,16.0551032599866,16.0293928180951,16.6577671126876,15.6226482658088,15.6240785345409,16.4981454836878,16.1170112078272,16.0573113546055,-0.1468310191893,0.606162800030982,0.984534738947309,0,0
"O43707",21.7876458725036,22.8694159583659,23.6476640639393,23.9586490409956,22.8970525686419,23.0598267558795,21.3804080942532,24.2551227334542,24.218487085236,23.0664986056588,23.1003541096124,22.9266610827812,24.7546926312758,24.026148370791,23.3999194436846,22.8905762177879,23.2405967616933,22.841355919794,26.3239959640305,22.9853410592387,23.8124852444727,23.3951213200775,0.283270616638973,0.703103819089938,0.984534738947309,0,0
"O43708",19.9244871925314,18.8089720237548,19.8240041731076,19.9251188395041,NA,19.8158510948192,21.1547054180724,20.0676591123009,19.9885602717242,NA,20.7338391512259,19.3346164631212,19.3478692680101,NA,20.5650842160106,NA,20.1897564111839,20.0395893973631,19.9883837622676,NA,19.2005273341172,19.6706302418777,-0.254538775072195,0.601375717745363,0.984534738947309,0,0
"O43741",20.2682775066009,20.1101081609121,19.8587590300661,20.0479594537518,19.9180320983071,19.8660850882755,19.2825807178308,19.8854416809632,19.8869707458777,19.9424790860054,19.8705715004252,19.9851798361627,19.9234395050258,19.8870869557723,19.9049878061985,19.6091378482764,20.0672333680113,19.9352698478811,19.7031806459544,20.2985245502691,20.1883748750158,20.2499814035336,-0.145502069600575,0.473130537901222,0.984534738947309,0,0
"O43747",17.0029596348335,16.9250045387117,NA,16.3170433008997,16.9911651851106,16.14097702996,NA,17.0358661020166,16.3071130475673,16.3976128399651,16.8940061054967,16.130559802215,17.5474841023192,16.9687296083876,NA,16.599263917882,16.7553278381621,15.452395708495,16.8049830871179,16.4595716858585,16.8817779734954,17.303314958867,0.269450388976857,0.532413821095054,0.984534738947309,0,0
"O43760",20.2413454039325,19.7732795092852,21.1387483989519,20.5676155493809,20.2402170769515,19.6668306666081,20.4277334178998,20.3224026789147,20.4792770638,NA,20.0522803388682,19.6199494451561,19.5707826227416,19.7077591259179,20.6510846602461,19.3293343099427,19.4806464284252,20.0867081504404,19.8810919599738,19.0199962770054,20.2684391605206,20.0754804516541,0.438023690223826,0.193204258347011,0.984534738947309,0,0
"O43765",22.5884185198163,22.1985070326385,22.3220492723564,22.6258560783914,22.3292227265932,22.2910525531914,22.7015959460849,22.2547814744445,22.4456287691933,22.3945117826964,22.6180766111871,22.4526978123163,22.3809897476209,22.2363366404891,22.5915098693375,22.3653584475883,22.4602851599776,22.475356268403,22.5982570166486,22.4337739271486,22.0039550763863,21.9681941307973,-0.12844924488396,0.470371560194067,0.984534738947309,0,0
"O43768",21.7356806108639,22.1035272807945,21.8687696557011,22.3857843457091,21.5941919461518,21.3157551038141,22.2495943364899,21.7757390883493,21.8255311416144,21.4501141158319,21.2718724794907,22.0152228380443,21.9807784514784,22.3761660681057,21.6313145211625,22.213908789718,21.5994193830342,21.159310488537,21.5611581473221,21.708524570061,21.327785683318,21.5946454260151,0.543892126978644,0.0612823799190723,0.984534738947309,0,0
"O43772",20.966754790773,21.5398622840404,20.0568069600795,20.3685006479118,21.3329386827554,20.8608583466847,20.7062033501764,20.8509520161207,21.3596861277334,21.0713493771644,21.8858556089885,21.2128986495918,21.011203273446,20.9919950511616,21.1997437132987,21.4358206769687,21.0362042324833,21.1674669236437,21.1830764041027,20.6372302916528,20.9213456374116,21.0447076086154,-0.53337915834916,0.0699943739569532,0.984534738947309,0,0
"O43776",19.870575711087,20.3508494471914,19.7155588415735,20.2938612258615,19.8301348214235,19.7024248547169,20.0754202327672,NA,20.0112849447652,19.7331401664749,20.0028496207304,20.1336237211033,20.5940028169041,20.0133368900949,20.0415079612343,19.869310535165,20.1376870637104,20.086169190917,20.2277133963917,19.5694961627814,19.7235841657336,19.9609266477473,0.196273585524242,0.39271221073453,0.984534738947309,0,0
"O43813",21.7491925533454,21.5585739734802,21.5217962983785,21.5228875187094,21.5331539063521,21.4183025139359,21.413261737865,21.7892749242194,21.7586543765083,21.2615338806428,21.352300699998,21.6680287862616,21.0958822258304,21.5645730317368,20.8552800052943,21.3514229698505,21.0951697383615,21.6724290508557,21.6733862252171,21.4291614769543,21.6189038455264,21.5691819704824,0.0831310145508581,0.694270024727042,0.984534738947309,0,0
"O43826",18.5144958565124,17.8367198101434,19.0592940976981,18.8286958364856,18.5352010958771,18.2181025385029,18.6101721464794,18.447698613037,18.5235523907494,17.9944560554865,18.1388860045812,18.0172729404915,17.8643757974839,18.1951006767916,18.4210809143722,17.7469165347179,18.0876898452828,18.778523556469,18.6900224683947,18.589562926508,18.4490828164986,18.0246522719551,-0.0156206840628066,0.943755706265042,0.990192879028667,0,0
"O43837",22.3050884848051,23.1138225212441,22.3996398982384,22.1540234124366,22.8635437370572,22.5979225398783,22.2268972425481,22.4423579022037,22.813901531507,23.3151554911194,23.2556530324943,23.2402154438155,22.9173748291533,23.1753037087533,22.4855233149701,23.045911464734,23.3612004672169,22.4915065152506,22.968068303099,22.6859220808206,22.8996309573572,23.205227131431,-0.150838372673711,0.54833830358407,0.984534738947309,0,0
"O43852",21.9535583535642,21.2677692551718,21.6004460755169,20.8094498320553,20.9997626358612,21.2910811051586,20.6025485913171,21.4005646681865,21.2794969530413,21.7937007965611,21.4524808639649,21.518986081789,21.7393824790483,21.6707059632192,21.5318515220976,21.4366909045536,21.5818706881326,21.3905629618505,21.5941250033566,21.2089478125694,21.3264281102382,22.0624547264429,-0.189494098608115,0.470879116961867,0.984534738947309,0,0
"O43865",19.7857390186705,19.524827633633,19.8940886148911,18.8069110296892,19.2860445729232,19.2561967698124,19.8626912657237,19.2984800111567,19.0271427219606,19.3028730860923,19.5486064991722,19.7215318123349,19.4553193924196,19.241866865571,19.5991902326424,19.4202340594147,19.1885027437976,19.8015532172027,19.7512397993757,19.5154276816561,19.5323576676782,19.7750615376246,-0.139206225110993,0.575363828145522,0.984534738947309,0,0
"O43920",22.6598296688881,23.7547670746008,22.0305263717167,23.2420288661491,23.2441224934404,22.3933271936917,22.5630444772736,22.9922000738779,22.9031832565936,23.1276825842045,23.1042540489691,23.5473234524576,22.8499684546249,23.101944558188,23.0337404991197,23.1950422683298,22.2533338735956,22.9216198347914,23.0807791926655,22.7813622838211,22.7467748112998,22.6562987249598,-0.410232911016212,0.220617368743704,0.984534738947309,0,0
"O60220",19.8631240553944,20.7509147598254,NA,20.2885239367753,20.1812866310847,19.3082057205303,19.3565719884231,19.6924841269423,20.3531906486582,20.2220405032181,20.9070142671013,20.5169407149031,20.0263190656012,20.3865920231935,19.6116065371707,20.7036041231894,20.3416343067869,19.8876809967865,19.1626290756355,19.7661389712017,20.0096847993836,20.1004472692655,0.250496448825938,0.509761304922216,0.984534738947309,0,0
"O60256",22.3959251589189,22.0983724985444,23.7545234249874,23.5161972025567,22.5780628127212,22.8717437192282,22.306400716343,23.1496474549136,22.8830038817036,22.4381977493622,22.212625440637,22.9043037543042,22.6035614395884,23.0647594861535,22.5533396445646,22.5300143235832,22.5754004298986,22.6889394578405,22.390322149736,23.1611004808717,22.9479698371988,22.8474860886158,0.652563707897109,0.0320429926839394,0.984534738947309,1,0
"O60271",NA,14.9496004242944,15.9704755485871,15.1136204276513,15.7633861119751,15.8114977545704,15.7275950993829,15.4461319204991,15.7361115544395,15.4410726570645,15.0483981064797,15.8043289805968,16.1671325967146,15.7355689862269,15.8789036584878,15.7567729227824,15.7187019849416,15.6435396694545,15.5911641900458,14.792734120378,15.7652796219405,16.3175793857097,0.591211387937374,0.0581352882126561,0.984534738947309,0,0
"O60313",21.2366836538899,21.7479350890407,20.8118736161007,20.9732333907548,21.1056658045569,21.0286514484824,20.5249373075369,20.8574921288399,21.2698344265108,21.1120775205229,21.6219823518655,21.2730102339253,21.232213697261,21.3815191406318,21.151919956129,21.3153911349762,21.4648504172372,21.2328445732876,21.2293412317454,20.399136012643,20.9780153247397,20.9441802688778,-0.299033807495544,0.240895779428112,0.984534738947309,0,0
"O60343",NA,17.8219518551994,18.0964387533639,17.4231053676749,17.4641299539897,17.7618601226464,17.267378586687,17.4488108378442,17.4086071616812,17.2771572380142,NA,17.649351544081,17.3139721874458,17.6603862974753,17.4282872370854,17.9592190251772,17.3367038996316,17.4330265160527,17.3876163895845,17.5241659303386,17.233419239803,17.3555049474016,-0.0655694242613087,0.778212056387415,0.984534738947309,0,0
"O60493",21.0500998083665,20.7288945309131,20.7410253002124,20.7072441627824,20.9095169947234,20.8227169492751,21.1648496628451,20.7147592924615,20.5134584720455,20.8392172270023,20.7770913406301,20.7282586791693,20.8741767907914,20.6252356841405,20.5323614440326,20.8252384312671,20.8874932275669,20.8514296722595,20.5886888861058,20.9063734938699,20.4847002089718,20.6183017132355,-0.0507784246637044,0.761337835564877,0.984534738947309,0,0
"O60506",18.4538585663234,18.5840626524688,18.3413301781165,18.4962412086123,18.7425712241573,18.5893312334973,18.1372091954614,19.1214945306256,18.5852888414075,18.4366423466539,18.3203268924699,18.7456190151563,18.6301710115834,18.4374707351558,18.1425937408482,18.7065986501681,18.4925157048035,18.4314984994749,18.4116952214371,18.1002775506304,18.4660748198457,19.086759179112,0.398429885518418,0.0678116588898318,0.984534738947309,0,0
"O60662",25.4532906367229,24.813781173745,24.3137543630309,24.3014653240156,25.1918475342786,25.2682045993367,24.3258658778695,24.7357993555629,25.5341685529164,24.5420713366691,25.5423196880421,24.7701730647842,25.3353565993699,25.0674151977428,25.41457563184,26.1488672777374,25.244030965057,24.4531875382108,25.6843627134985,23.740321488355,24.9059733454101,26.2134637315459,0.071296516601322,0.876734597221926,0.985429799208273,0,0
"O60664",23.7820432072037,23.6447383445594,23.5983380651369,23.7405893906613,23.744991778634,23.67814246529,23.8313913932085,23.889906162852,23.742054352803,23.4773724474263,24.0420808078658,23.4121656955197,24.589433109056,23.2967244530846,23.9724938917592,23.7601381549329,23.7709738863472,23.7716840874708,23.9892578682185,23.5843741304439,23.5732535312981,23.8181875426693,0.130012798210991,0.579358279677835,0.984534738947309,0,0
"O60684",19.8619787823987,19.6885125560301,20.2461385131818,NA,19.8957571998118,19.5925055703738,19.7311530006096,19.9762693354205,19.8823543805503,20.0352929890941,NA,20.1125562453792,20.0472007956653,19.8714773297738,19.7345755931917,19.8253639846445,20.0554404462447,20.2305889600732,20.3911408332198,20.1400274517565,19.603510866387,20.1537434225465,0.0266717970415584,0.899994211813211,0.987424911698517,0,0
"O60749",19.4345804316741,19.332094273461,19.2453116519307,19.2008785971782,18.621558997136,18.8756827257674,18.9200906008146,19.0013512968786,19.0848227803887,18.7384433924466,18.9466841575465,18.7510030324456,19.119828895531,18.9071971435266,18.8517117314055,18.279730968779,19.0864907862295,19.4152122934593,19.1712350340347,19.2910330592994,19.122274197029,19.1221952550369,-0.114707007403684,0.629354259731061,0.984534738947309,0,0
"O60763",23.4505320420056,22.1580285983596,22.8428645468978,22.8386829758439,23.0944520462582,22.727757739581,22.713952176389,22.7808962329022,22.6110643422517,22.4689622559899,22.3626185274741,22.4483867976487,22.1338427151295,22.2520471462736,22.7998591703579,22.8071466016195,22.3499373534494,22.6939028742022,22.5103735039358,23.0160346787381,22.6743926016242,22.62668415376,-0.100611584250782,0.7028866469101,0.984534738947309,0,0
"O60784",23.2056348758899,22.6090152595706,22.9949777817224,22.9875793329944,22.4106888119574,22.299605774376,22.8592152004914,22.7601359481106,22.7590056725553,21.7948666207481,22.7693336520605,22.4536238893045,22.3620400768057,22.5448434526743,23.0353953960665,22.1302133691738,22.2632521369823,22.9771849511238,22.5918099905746,22.2138288811383,22.78455880265,22.7379870452311,0.139991973783502,0.607841274963188,0.984534738947309,0,0
"O60825",19.5039899092896,19.930265965751,20.0615373597619,19.9815652625832,19.2801685068336,20.3812294463551,20.293590701897,20.1528457016084,19.5901351732213,20.3819883679035,20.3721397700673,19.8066709564774,19.0818677481308,20.6331443904255,20.3515790665762,20.3211177500669,20.6648979000062,19.9869127549151,20.4186412466525,19.3110058468217,20.2817525263386,19.6973055204976,-0.123683415377553,0.741138112496294,0.984534738947309,0,0
"O60869",20.2695427785084,20.0362831372735,20.3020982163504,20.1063753912558,20.6111743776779,20.0136732373165,19.8146886497822,20.103130734296,20.0797407903488,20.0396798012386,20.0301858789962,20.0206064625229,20.2086062993907,20.1831210062457,20.1903851953712,20.4277545221585,20.1233542455569,19.7922014521485,19.7098550128629,19.8267616118135,20.361715210381,20.2955630960534,0.213585338226988,0.250100582876752,0.984534738947309,0,0
"O60884",23.0327754288205,22.6654293977456,23.0152482177581,22.7121856786334,22.6334565629129,22.7699233543062,22.1183319028971,22.7589589860157,22.736231922968,23.0184978059698,22.8568972604798,22.9490939624741,23.0623307101469,22.8618506619992,23.1408239637541,23.0706973064687,23.0074005990759,22.7358032294717,22.5680757966118,22.4051677089779,22.6556789213411,22.9496081034032,0.0454853682707217,0.828117081446245,0.984534738947309,0,0
"O60888",22.1238321499422,21.6118468738632,22.8359082969965,22.0448318129564,21.9530085979322,22.0578928428663,22.3199656635221,21.8894496183634,21.9371013893788,21.8367459758415,22.265961302013,21.8354122683358,21.7553718166809,22.0451519553198,22.1858267052224,22.0545353233038,21.2328079845085,21.0438473043552,22.019897673495,22.2087599304265,21.9781912887884,21.8498930110364,0.11424196751226,0.692929140613211,0.984534738947309,0,0
"O60925",19.7663661390867,19.2125981467664,19.5780589401163,19.7227947753068,19.2077431939734,19.7242552809222,19.3982074191787,20.4734208686128,19.3670918223918,19.2140860581573,19.6273619629287,19.2171511631959,19.3534927750019,19.3461677108102,19.4773888915541,19.1359749486744,19.1768544731866,19.5630356724236,20.0484448702649,19.6416125186477,19.6310834267224,19.2784292326147,-0.0673192946919201,0.786526351100759,0.984534738947309,0,0
"O60936",22.0409838107432,21.667896317392,22.1564519991369,21.49611035967,21.6394361434659,21.8142123239516,22.100735195234,21.472369598291,21.9799250298526,21.7344516767256,22.2443325530783,21.6083776818814,21.6355557797537,21.9537381575359,21.8073518140975,21.6374510037815,22.0180772357648,21.6034912774834,21.4793795590396,21.5007003134681,21.9882013810463,21.6388462172489,0.069718957798699,0.743681046254506,0.984534738947309,0,0
"O75083",23.6106608934236,23.2601909915987,23.9102497330603,23.5745683117173,23.4946020904468,23.8562989404783,23.4506235043701,23.8444974438809,23.4926999588815,23.41433231464,23.5996725527204,23.6321293911526,23.5978077501502,23.5209149020111,23.585042241732,23.4315821337872,23.5857951529912,23.5319425984059,23.6798424760236,23.7838714404345,23.7991389591203,23.9446971679985,0.16010385397594,0.359915002665567,0.984534738947309,0,0
"O75112",26.7698522937579,26.9940335764667,26.9795741613003,27.5020075975508,27.5162024734635,27.2906816720017,26.5017104560734,27.1924287378935,27.3645108068029,27.2485893814827,27.160813458298,27.3878744700259,27.439636903591,27.3983814418659,26.8489878474419,27.5565922213622,27.2246290649198,26.8111338331903,26.7774877783318,27.3492256093622,27.4373733984279,27.2872934120419,0.296540819035499,0.213639748885755,0.984534738947309,0,0
"O75122",16.1268002869227,17.5395478158307,16.8215591476575,17.2470148287153,17.401653170957,17.5349343715717,16.640307806296,17.4014113172635,17.7377010920102,17.2805595518267,17.8391413084407,17.5102404954302,16.6923137747966,17.2489631266509,17.1295982593505,16.6740762200046,17.5498831092977,16.9543103617235,16.8442367367859,17.4802929417866,17.0720231526301,17.020506527968,-0.162480317774733,0.647548086079343,0.984534738947309,0,0
"O75131",19.1518252617784,18.690098699887,19.5087824750205,18.603290501057,18.911520284137,18.8897538609755,19.3517817588801,18.872032679172,19.0148021953658,18.9143385740607,19.1321730320859,18.5464817915726,18.9900621402676,18.9519698212757,18.9672675046659,18.7655927408416,18.8686338236644,19.192493396947,18.9765899100085,18.9585238358672,18.9770585157467,18.9932948226065,-0.0306619515579243,0.876733924746801,0.985429799208273,0,0
"O75155",22.7062529394921,22.8960423984529,22.9220427037607,23.3638525707197,22.9846551674784,22.8024043274637,23.2704301988969,23.3359419639025,23.0124348937663,21.7020858491646,22.9140213491587,22.7782716628688,22.9817888274244,22.8797119346777,23.2640488804254,23.05103556438,22.885062441309,22.8448271266571,23.2468852036212,21.7419435831028,23.0357976362961,23.1148978301829,0.692355775720905,0.0401659375495852,0.984534738947309,1,0
"O75208",25.3305574044574,25.3642316937179,25.018676741107,25.0978382060329,25.105187890204,25.2314261589343,25.4089581822413,25.1407010555356,25.5560340040116,25.172913203859,25.0685832753915,25.3205903760921,24.5383537903387,25.045776658796,25.0433493828733,24.9898163127356,25.324296952384,25.2572595884353,25.0837808359356,25.3272752049135,24.9387409652391,24.8002474886955,-0.133855653251565,0.484180472986594,0.984534738947309,0,0
"O75223",21.6994444450563,20.5739318518125,21.0957418898645,20.8526436202038,21.1490924436918,20.7268432084165,21.5172730041543,20.9740584502776,20.7557694183785,20.7113743078893,20.9310080881219,20.7577469521664,20.39991640175,20.5978949767118,20.9479718444983,21.0567798926789,20.9364713588415,21.120555228567,21.0759580378418,20.6721473826406,20.6951282708708,20.3432755903986,-0.110870863856473,0.670046594608775,0.984534738947309,0,0
"O75251",22.8587052171623,23.6988212076204,21.4608480124457,22.856784937378,22.9786821491292,22.5738845237477,22.2519672074074,23.2466360289811,22.8590194014519,23.1821657028602,23.0594932582534,23.1733006586975,22.9317639997145,23.2238072716965,22.806958286464,23.036889418021,22.3664253764663,22.9186411925708,22.9334113037372,22.5634445854667,23.0162162642128,22.9829016512415,-0.494910525524116,0.156773770756542,0.984534738947309,0,0
"O75298",26.3967069190818,25.445315073547,26.3624891939409,26.0187359630801,25.9753665472883,25.8071749284469,26.1223404768823,26.27610381609,25.8576933515075,25.5216769178789,25.675821419806,25.9381293219147,25.9611147336741,25.7328359009902,25.6637453475546,25.7224461945155,25.6225973134677,25.9202044029187,25.89734723631,26.1020250468838,25.8879454889436,25.5040150027448,0.233272014903957,0.277875004461307,0.984534738947309,0,0
"O75306",24.3362900933163,25.3072186907585,23.7528640552289,24.9962601152793,24.6963621977618,24.3289487414558,24.289237760183,24.8928678657731,24.3693425232963,25.1909113528461,24.7459397756591,25.1936725804561,24.5895892874605,25.0991767468612,24.6925038624002,25.052980992776,24.4907629262438,24.5514514727557,24.3622138457274,24.9569875131814,24.6863128574137,24.5907756775797,-0.272614979211038,0.388145119966006,0.984534738947309,0,0
"O75323",25.9787589943395,26.0939063839156,25.7646539495066,26.1673659842379,25.9285244003497,25.9278275974249,25.9193051693292,25.8244380783422,26.0058308657113,25.9713322245747,26.1249732320709,25.9999907168031,25.4098578831823,26.1020989262825,26.0852816599312,25.9520516667884,26.18704695786,26.1589821789312,26.0960239005721,25.8621908415499,25.8612993291423,25.6310785046873,-0.288596321063256,0.106514347546003,0.984534738947309,0,0
"O75347",22.0096393494453,21.4340850470199,21.6287231694697,21.6294387585523,21.2456785110578,21.5481708745301,22.169042232917,21.4324376789336,21.6022929171579,21.6557692969156,21.7410154218862,21.5096360284317,21.4460945937019,21.4658172539546,21.6420073597698,21.3491331882512,21.7448076554523,21.7215514278577,21.5098383665557,22.0639842155568,21.5487958717104,21.7969036644603,-0.0280840231406607,0.892454615730265,0.98557992575105,0,0
"O75348",17.7767940308516,17.0325690356267,17.1028214675358,16.9532697732605,16.968103142951,17.0805712756972,16.9198914025101,16.9265108223006,17.0006091821999,16.9458757340082,16.6682529644475,16.7496223701071,16.962132009705,16.8523452322744,16.7789843670053,17.043030804857,16.7690907620043,16.9359633742909,16.5260677731065,16.7729690571983,16.7880435664893,16.8039508333124,-0.0186947373982207,0.92480699033509,0.990192879028667,0,0
"O75351",18.7530717379038,18.6221456112422,18.9969448509683,NA,19.1978153433456,18.7705361406679,18.8924421362719,18.817125606224,18.6810260362121,18.9867411121938,18.8868482322819,18.9369192038726,18.6736485441934,19.2682986816822,19.3181896423741,19.2428864436947,19.2431381811919,18.3613676747395,NA,19.2459359284017,19.0640633075093,18.8857268124361,-0.056953719935283,0.81367715087284,0.984534738947309,0,0
"O75368",17.1945476940385,17.2057445882507,16.1997356924799,NA,16.1654947246505,17.2034664442018,17.0718145367406,17.2494961043211,16.3433463963789,17.3895741587457,16.4918113360306,16.878676179064,17.8031993330226,16.1839690350103,16.7659241215668,16.7449578672497,16.4846441697202,17.7383105712472,17.5393722669865,17.680512610866,17.3595269273195,17.4936233068513,-0.288559186197087,0.510290088206436,0.984534738947309,0,0
"O75369",25.7464805055104,24.7202198422677,25.4704513655296,24.2561176303337,24.958971230443,25.3331813889337,23.5690607064074,25.3460216724153,25.1794960149585,25.6894474459529,25.5148407940915,25.6092636007758,24.9528456581536,24.8473411039052,25.6990424519987,25.6646448861851,25.3055998720986,25.3411432990722,25.6844981875009,24.8941636739793,24.7556255552297,26.1448943080637,-0.450719486477762,0.304533171881945,0.984534738947309,0,0
"O75380",24.2735752545713,25.3398330105041,23.7942217763066,24.6677363016874,24.8573295741094,23.9361811269739,24.0161308779232,24.816109577819,24.3180412624245,24.7765321408456,24.5740050053909,24.8698619301393,24.4387110344182,24.6551355012637,24.8751855311304,24.8144831542292,23.9379016583271,24.6875533236157,24.6380063554582,24.3606186281073,24.2498748133509,24.3231489785297,-0.508097665916409,0.109213668482965,0.984534738947309,0,0
"O75390",26.5464350405468,26.9341379874391,26.1306011441987,26.5897748453746,26.5112302850825,26.3905232414418,26.7694157482456,26.1820451613478,26.7734884630072,26.7659362008345,27.0992546591363,26.4746801484273,26.4175053800206,26.6794238977861,26.596428392436,26.6102229231306,26.8136494247727,26.7725166118581,26.5913176693456,26.5573818448317,26.1879112954599,26.3408122952809,-0.384137935381503,0.0805855529405197,0.984534738947309,0,0
"O75396",18.7569156063045,18.3769002618657,18.5893244483876,18.3704223270837,18.3483812818076,18.1472612741628,18.3247107230828,18.4791437997729,18.3485338909052,18.4747304086905,18.2212908393387,18.2454946615672,18.4456963674007,18.0815725043866,18.1361940546148,18.3722080964603,18.2274411230882,18.3655048802607,18.432131764155,18.4788849694372,18.2973924404244,18.2830740247412,0.0478739101943404,0.763979217400011,0.984534738947309,0,0
"O75431",21.3544504493402,22.2699580364663,21.3211359840677,21.3913517848232,21.7140762629813,21.4150535614686,21.0837011231741,21.4458289703579,21.6586790464748,21.5693514455039,21.9680014015791,21.8138568409564,21.5700562064625,21.7363012437958,21.7070058967788,21.5823386978985,21.6716046199124,21.3844989273733,21.5367328363841,21.4158074801783,21.6935644021457,21.5494452461687,-0.244267419088327,0.239395223810494,0.984534738947309,0,0
"O75436",19.1051203276454,18.4413914932596,18.9141039550576,19.1127555043375,18.8503787491768,18.6485529566274,19.0314982693158,18.0687573340019,18.5138604634657,18.180559443396,18.4275456109287,18.8567315287642,18.7141922357584,18.5576409182931,18.6533806350987,18.5495470204467,18.3095750953621,18.9099669211119,18.5985416016995,NA,18.6294094915559,18.5668256410701,0.0482560711401057,0.851631845952362,0.984534738947309,0,0
"O75438",22.6944626253741,23.8128927975183,NA,23.2988613083029,23.0169913077337,22.6347265261055,22.8739647898968,23.1314126853987,22.8322959390623,23.4878893832775,23.2424596372077,23.6177517394241,23.0966127836581,23.4522494687065,23.5023903788896,23.2851305310511,22.4374725110577,23.2012871697828,23.2211424003088,23.0130125772614,22.9489039995894,22.8288372059315,-0.352686600272484,0.244860933987343,0.984534738947309,0,0
"O75439",19.4300008299057,20.4147961170782,19.2158288333736,19.9124712103043,20.0156659681704,20.1351694613086,20.2783903725964,20.0484262387154,20.1243019422021,20.4213054983657,20.5688793240003,20.2087522956923,20.4726392957165,20.1207623685492,19.8497773578293,20.0710641100534,20.6289065967506,20.2750163792036,20.406035076696,20.1649599727992,20.2741065372377,20.2151064844541,-0.0999668247311369,0.707639663647577,0.984534738947309,0,0
"O75489",23.5864750952982,24.7737454030636,23.4571417043862,24.6453041843591,24.496852166709,23.7049292455287,23.8916875939442,23.9761498829691,24.1631416642985,24.2056202502636,24.4674904667039,24.3567020311155,24.256215912207,24.5383079512799,24.4857310177108,24.432279686404,23.7217737589146,23.6683950662984,23.9238367880642,24.0985329084831,24.0105833237042,23.9445585117333,-0.201775640957234,0.521427023739054,0.984534738947309,0,0
"O75521",24.059408563084,24.0249599308362,23.0018181495851,23.7431281780501,24.0996311332527,23.7344833593292,24.2589076025686,23.5944532405299,24.0429147785999,24.0880799541201,24.3757616363419,24.1113985600648,23.761919369569,23.6092742403575,23.8580326855603,24.2293877522976,23.9384833160657,24.4422322479947,23.8165341578972,23.3720304160833,23.6433081454007,23.6278509059543,-0.26970578098048,0.332671180161687,0.984534738947309,0,0
"O75531",22.0267978280826,21.8759691093974,22.7485872998684,22.9386929750051,21.7495505698662,22.1519771033577,22.8646679590857,23.5640734513914,22.3673937236954,22.4417791999668,22.5893299493727,22.3672827006246,22.6354015365208,22.6933624508881,22.3246426735155,22.6282826058686,22.095292492352,22.6420821057796,23.7563576837583,23.0041528318355,22.5494312729339,22.403992750932,0.31994346585191,0.301873037548657,0.984534738947309,0,0
"O75534",19.4797324562112,19.5052072025551,19.6316366481956,19.4794295691545,19.6309771311442,19.7450268560437,19.2429701212889,19.8786200973193,19.6460441845412,19.6278586862485,19.2608036510713,19.5894836749594,19.8353970257879,19.5376488854096,19.1670131353517,19.3788965443312,19.6649416108968,19.3343215019413,19.3718042888893,19.4780316958987,19.8095036923862,20.2257849110466,0.407043135290831,0.0483340873010224,0.984534738947309,1,0
"O75569",NA,18.7671017687505,NA,18.4579486746465,18.4502150613835,18.4047482755819,NA,18.5655635868626,18.6003637145643,18.8226978669113,17.5614785516426,19.0187499986723,18.8356628169958,18.1991575178729,NA,18.7053647122303,17.9143949469999,18.1372225536733,17.2581605669795,18.7531349507915,18.5653935917007,18.7275443136282,0.68091164172775,0.106018208878145,0.984534738947309,0,0
"O75608",22.4144389579459,22.2654358163046,21.8450285418115,21.8364787942102,21.543351936457,21.5136117802478,21.936999092412,21.4795617613744,21.7527329553573,22.0516360390873,21.8634384463155,22.011914405668,21.8727771967104,22.127277144873,22.0646198349285,21.699539537588,21.86860275609,21.9253649290562,21.5762983272461,22.0155316761882,21.6267085073095,21.7611466933943,-0.306862133358297,0.155899207170853,0.984534738947309,0,0
"O75663",19.4983192139582,19.7131686443111,19.9667554518775,19.8527410722677,19.8747002702432,19.7513665662402,20.0892382176979,19.8702569043048,19.5944585821968,19.8746263546153,19.8634725088983,19.6286734398773,19.9531479081863,19.6597693574812,19.8189661963424,19.9977644770808,20.115500468125,19.5880429220314,19.6997558732598,19.9766546434897,19.7134487181877,20.2692497604158,0.309740782749142,0.0891351337224757,0.984534738947309,0,0
"O75688",17.7498070930854,17.8491897679783,17.554398523719,18.2294571303515,18.2793541998628,18.0146714596674,18.3665812813825,17.9670197947944,17.5989147068314,17.5458375123674,17.7244545522845,18.1254900331372,17.7095557916773,17.8073635987163,18.4708413245697,18.1314405833603,18.0783550396056,18.2056427458982,17.76308600676,17.7346631623264,18.0589020783831,18.3814503092788,0.167268128127713,0.487656832185742,0.984534738947309,0,0
"O75746",24.6588221845185,25.3455798612766,24.7906097029266,25.25676004449,25.1962576072882,25.077818915247,25.1364127678835,25.2416395486692,25.0310242799703,25.5153848832791,25.5296337221566,25.4354689074624,24.9244190961878,25.6093872987721,25.1781706258252,25.3041393583646,25.3278831755304,25.1069127903748,25.4194404231643,25.2854216513529,25.0471947003597,25.1422558673881,-0.252266633855424,0.24469373111361,0.984534738947309,0,0
"O75764",16.8083968167395,17.2113936251293,17.5314651798622,16.9592500226329,18.0140715717025,17.967075990747,16.8923630515696,18.1814679794311,17.9243862927874,17.767630352414,17.5493651792329,17.4126926363428,16.9911366419236,17.3320793588608,NA,17.7714083009327,18.0389526952484,17.6148288089308,17.6529188375071,18.1369535577407,18.0282605094617,17.5308058225355,-0.0992447236594067,0.786031059981548,0.984534738947309,0,0
"O75821",19.7422815401908,19.785785461085,20.1442827433065,19.8634484413739,19.8529360247952,19.8380496887133,19.0036332049339,19.7074151350666,19.9843032638567,19.8750192218902,19.8062672543851,19.7817520026421,19.7673453693356,19.6447896315981,20.0289844553302,20.1225028415167,19.8533656803156,19.9206619945539,19.760219690986,19.4535778702156,19.6880257560213,19.8521205145753,0.00643199139524597,0.976432799155528,0.993508730460315,0,0
"O75822",23.0171409290224,22.5883832907854,22.7849132162866,22.577883410493,22.881876808606,22.8639194925323,22.6117839380385,22.8175855494861,22.9161990579956,22.6269043076033,22.8041024270006,22.8111375703526,22.5365777716076,22.5555298549003,22.7052187962546,23.0187245091451,23.0276121929379,22.7111305268846,22.8420472630008,22.9217985714911,22.7152517355162,22.91925394576,0.0355664435818461,0.823527316287473,0.984534738947309,0,0
"O75832",20.6586569599517,20.7040648511759,20.8623297956719,21.0682326161178,20.8668286997489,20.9717903527803,20.9300571767651,20.8268426938141,20.5942755231147,20.7532833176713,20.3790072750819,20.8885862084041,20.557189032166,20.7224214023646,20.5810813862042,20.7389963696582,20.5463621853535,20.8802797639129,20.6921577317739,21.4310233342116,20.7103620822263,20.3737526471161,-0.09144231784434,0.654896987495801,0.984534738947309,0,0
"O75874",22.8266464300601,22.671937099732,22.8720168913664,22.3718039730133,22.6428005403788,22.7736755360102,23.0087122324525,22.7209107398892,22.7398809695577,22.4387182258988,22.6186059433331,22.4394896228957,22.1830443728331,22.5499741082989,22.6738577636822,22.5363573519988,22.4785243639088,22.8097417822893,22.6540437467918,22.8909416889449,22.6244761983697,22.4195181079769,-0.188209149650604,0.260009337881341,0.984534738947309,0,0
"O75880",NA,23.1037770952222,NA,22.0693442526668,21.6852652313764,22.7452894794914,22.5632860157747,22.7950595589894,22.164945559545,22.5540223757566,23.1767265035146,NA,NA,NA,NA,22.393518839318,23.045027845565,23.0140978030247,22.3405423267503,23.0154234544028,NA,22.4537069071672,-0.395125815674117,0.375989066127664,0.984534738947309,0,0
"O75891",21.4574795304171,20.5144787983012,21.1536765819605,21.1062511035265,21.4680833534356,20.7768606668036,21.9009369822823,21.5518530622614,21.2528446847098,20.9869441083225,21.4514216804981,21.5890348190939,19.9637358691954,21.226897969082,21.0277190217397,21.4303886252581,20.7289040455708,21.5238279651852,21.4321237626738,21.0221074182386,20.2877104250291,20.6513204668069,-0.187451725573119,0.582424260257547,0.984534738947309,0,0
"O75915",24.3847179998192,23.9370319555363,24.5693215946345,24.6577903583748,24.3561449920324,24.2493736316359,24.2880023377358,24.0490268095032,24.2545391590582,24.5820408389112,24.0915286683007,24.1862004866078,24.5453469225409,24.4201643656718,24.4337127972807,24.1195007185944,24.2512400699242,23.9290894149732,23.9764640393373,24.900686170091,24.1817610023945,24.3856042914,0.0431819285948336,0.848973666418836,0.984534738947309,0,0
"O75923",23.0206466962146,22.8802603374649,23.4408948656711,22.7950766739945,23.0151932344965,23.3099784721886,23.0080710837879,23.0225127041742,22.8695736689757,23.1223053791742,22.8774555037519,22.8914458785136,23.8412094890785,23.0954183226357,22.7616936187398,22.92005606508,23.0683695868141,23.1781980497199,22.990757978301,23.1511164268441,23.1536580101075,23.348692131956,0.158054176449113,0.46968097127048,0.984534738947309,0,0
"O75928",22.2968250745698,24.1089045832857,24.4936296924295,23.8335617433004,24.0584400318725,23.7912335933012,24.1102573549787,24.1922281513535,24.0237714996556,24.0189141658272,24.2014261753865,23.8772260844428,24.2163402481968,24.0945401388283,23.7973542548681,23.9365878619793,24.1251645744478,24.2652998985197,24.3041936423188,24.1407190462071,24.3399801940179,24.1455856288065,0.371125120136544,0.26734307280603,0.984534738947309,0,0
"O75935",17.323956404263,NA,NA,NA,16.637057206511,17.485479092223,16.122350807472,17.4719238190261,16.885844952473,17.0658192010933,16.6748590227949,17.8487143489495,NA,NA,17.0544869272572,NA,NA,16.2995797701984,17.2485910685502,17.962980039846,16.9563520474683,17.3986847885628,0.0480173175821541,0.923817647298042,0.990192879028667,0,0
"O75947",25.7981585580978,26.6861970665393,25.8479672685272,25.9493209596453,25.9649196268062,26.2447296814877,26.0811683923955,25.9086832114045,26.4334341847976,26.2929040720581,26.6746378774258,26.0911926196339,26.0885961664128,25.9952771350037,26.2800417506745,26.264706112501,26.4864685947402,26.1948761065187,26.2548583053594,25.7565435719838,25.8974647319025,25.9987388003684,-0.191267880029983,0.411003020349186,0.984534738947309,0,0
"O75955",19.6357595928039,19.0748391741786,19.4286428087259,18.6122150177216,18.8231199898749,19.2268017077686,19.2550876588045,19.227472203075,18.5235329559204,18.2731585550549,18.7660250319807,18.9444865234116,18.8625952797392,18.8023177890428,18.8582665880729,18.1234155226536,19.0406995515317,19.233321822046,19.2319040002301,19.2929761481491,18.7494823986324,18.6973234991423,-0.304650686750445,0.312663394930668,0.984534738947309,0,0
"O75964",25.6767131284419,26.4364950193961,25.8087966877115,25.7226293481805,25.9329122827552,25.9737739824143,25.9132293725979,25.951865659897,26.3393420780459,26.0458166050801,26.7126777678301,25.7863084102984,25.7636781513825,25.7888351046087,26.1416510635144,25.9394223897293,26.2509577745143,26.0266387210318,26.1136075456038,25.6328071596354,25.8494074812845,25.8345950600176,-0.219205209374117,0.347643847507549,0.984534738947309,0,0
"O76003",18.5607003661331,18.8436868398127,18.6158475343839,18.6593433585665,18.5044972461578,18.6407407617607,19.0184331178482,18.4565140673383,17.8515282311407,18.9962565852761,18.1527827967372,19.1654300990658,19.1581634552779,18.8286726414646,19.064932091637,18.3023597976983,18.9522841042645,18.9610314107235,18.1670007012767,18.4394919107945,18.7220185379363,19.2285244335075,0.13312681598838,0.647595949627283,0.984534738947309,0,0
"O76070",NA,15.4633013787849,NA,15.418179595389,15.5366083933725,15.33446381986,16.3834404446336,16.5823658594651,16.4311731007958,15.3021918030926,16.2438038087734,NA,15.8835540575794,NA,16.1512661174337,15.4587690521093,NA,16.0923809589643,16.5689328422003,NA,17.4828102876055,NA,0.637449019460337,0.257579250508606,0.984534738947309,0,0
"O94760",22.5599691609918,21.5949296253333,23.4664921959085,22.2699658791929,21.6079120966081,22.9205483685259,22.2650427495081,21.9576929616029,21.8713385303438,22.104527943251,22.1170550512204,22.4723700956145,21.9406641762484,22.7984935785568,22.678367408177,22.2982620001588,22.6405801796384,21.8891458345588,21.6935986717542,21.7423525401679,22.5011461121345,22.7542637570307,0.489438869150799,0.210943884758975,0.984534738947309,0,0
"O94812",22.8389706889664,23.632400711699,NA,22.4033891549946,22.9364888032387,NA,23.5434905656935,21.9360983920996,23.0077298010583,23.1448719223156,23.3735804263388,23.334879639125,23.049411274514,23.6216676732431,23.4956792002098,22.9858760137104,22.2215855242304,22.9416307591505,22.740265436144,22.1019843753781,22.6929893041958,22.6091837195274,-0.603794012472566,0.163513846029031,0.984534738947309,0,0
"O94826",19.6517612969968,19.9502837137374,20.1471056261813,19.452586528298,20.1451559777418,19.6523349606199,19.7585333295284,19.2540471544569,19.773873013972,19.5436257678297,20.1024849181174,19.9653132752818,19.8557243403619,19.9005201923778,19.8415995339448,20.0857433211786,19.7473419951062,19.7493255288536,19.0284519795083,19.5468491924904,19.4729539632287,19.4759113836223,-0.00989654765817605,0.96784121634274,0.992365658656292,0,0
"O94874",16.5588505982684,16.5210911647434,16.263889106911,16.547393795363,16.4455199582476,16.3213798519778,15.536945716951,16.1498137588828,16.4431880206255,16.1284649135889,16.0040568629532,16.4678855017745,16.8409741582714,16.2998038061754,15.9734058404075,15.9944364621895,16.0218217434081,16.1456683094582,15.6154522247279,15.8528668026614,16.3121767348339,16.0710974265072,0.165644795928166,0.516427596254219,0.984534738947309,0,0
"O94886",20.0787843844868,19.8258369229475,19.7966158162671,19.1218884656023,19.8527207886108,19.5987601445858,19.8824093415509,19.547986005947,19.5405426205795,19.4010893630262,19.4440909207263,18.9898938625844,21.2211133867052,19.3367530818493,19.7212517387507,19.475883737816,19.434257113659,19.7009844071494,20.2096364332442,18.6633615048303,20.069504761428,20.0404568358875,0.223128879107314,0.592455833286767,0.984534738947309,0,0
"O94903",20.2988642452093,20.1690632051853,20.3903458931645,20.4249332726642,20.2199789253019,20.8651973210456,20.6606764386236,20.3609519709346,20.1804364879229,20.1662609796426,20.1266125601446,20.0615399430392,19.5313729938801,20.1698564873052,20.1064837398624,19.9443357306164,20.7071943913655,20.2255291271104,20.3511969164079,20.7377558982044,20.1948745751605,20.1795898927061,-0.119207239409665,0.618699997409546,0.984534738947309,0,0
"O94905",23.7004426946362,23.9312541401168,23.6398728524689,23.97543360113,23.3503514498865,23.9096143234012,22.29573066228,24.1134258137525,23.7215473652476,23.4481743820556,23.5298647656669,23.6318757842508,23.9506794656741,23.8345249728572,23.1224363855111,23.0638589155154,23.3749929389713,23.0588575663973,23.3521828988833,23.6958124113944,23.9995461356468,23.6568199447745,0.104451116812093,0.762833611922826,0.984534738947309,0,0
"O94919",21.2356439166732,20.7885597356795,21.4931577216114,20.7713359796542,20.6637357717655,21.3243488724938,20.5406419287822,21.3829979660124,21.18474199243,21.3844669679646,21.1114939529361,21.0967145041541,20.8994800954658,20.9689597056904,21.1348279683826,20.941514376707,20.9490320970312,21.0887362316772,21.359372061775,21.137786866204,21.246471058438,21.24541553544,-0.0849650407605438,0.708378475522959,0.984534738947309,0,0
"O94979",NA,18.1720389184489,NA,18.1947709536956,18.4720760937546,18.1352019258367,18.3226278054781,18.1366534605521,17.9183975510242,18.7962453314521,18.1935672084022,18.3393066873548,18.6301294441545,18.1962048162812,18.2962628821743,18.3329485662488,18.3322244334962,18.6853029100748,18.0152586123941,18.3654957751381,18.4090080532136,18.2872564226897,-0.135534326737268,0.508522403461385,0.984534738947309,0,0
"O95139",21.2989505677211,23.1741040891896,21.8766773301724,22.5389633287299,22.6921102546415,21.1307568484816,22.1718596884423,22.483689302363,22.3197875026046,22.5435710893972,22.8845510123886,22.649624190413,22.2118596338672,22.6411019509803,22.7974912656449,22.6301275690653,21.8732158694169,22.2269354494361,22.8223406738912,21.7045025944687,22.028023291741,22.0956919138025,-0.199529188674077,0.640673146600184,0.984534738947309,0,0
"O95140",18.7963299966172,17.8855470580319,17.5642379301273,17.4673452843115,17.7567600915928,17.7816763552137,17.6097042930614,17.7055737768799,17.8618335818725,17.9587007727001,17.8511838715485,17.7517335737606,17.3292523630789,17.8384621040739,17.8054967890473,17.3972391514762,18.0508658691162,17.9292417295033,17.7194766280857,17.342571263283,17.5128100397169,17.8263489760135,-0.445635424971762,0.0741467065004946,0.984534738947309,0,0
"O95167",22.9262103795973,23.6417328128394,21.8938310461505,23.1995619734325,22.9471821861065,22.1261949155903,22.3005487585797,22.7947356006176,22.7644704896126,22.7896189310514,23.1237041989132,23.2619172168676,22.7156128557049,22.9858082349981,23.0688150073148,23.0123022424228,22.183964225537,22.6016142099271,22.5818377197062,22.4175756488312,22.447674931581,22.4464509270959,-0.388287427958346,0.259597633305921,0.984534738947309,0,0
"O95168",24.0064571435535,25.0258556129125,23.5021818462683,24.5130008348483,24.3789692193017,23.5896636061393,23.6933525729875,24.0065101876645,24.0815679032007,24.316947890936,24.4700043243044,24.4639386004445,24.0786757621542,24.5563010428101,24.5021110272726,24.4911698195869,23.6903882597218,24.2384346117935,24.2595497447473,23.8956219340084,24.0990379069472,23.7695003184586,-0.530278858104911,0.0924771968152027,0.984534738947309,0,0
"O95169",23.1193290057874,24.2053234894594,23.2007503252226,23.662392639215,23.7054563253479,23.1069290875011,23.6441781824613,23.726986035768,23.544367034603,23.9627281846327,23.6677246540264,24.0830886420402,23.4863507565887,23.7619292358462,23.6078823954906,24.0554333158027,23.0542493972797,23.6632330934327,23.8366738619298,23.7242260226169,23.44122310898,23.5088135688717,-0.186109404607915,0.496455729205099,0.984534738947309,0,0
"O95182",23.31743672151,24.3097878817137,22.2007276111895,23.7102509575229,23.7879542079942,22.954193362365,22.9933157544815,23.6600428212921,22.842692879926,23.7960729810798,23.4846899830505,23.9957674326313,23.5603017465205,23.6326059346707,23.6065379565338,23.9384896772067,23.0583621497333,23.2040782459502,23.4727430143962,23.2998380845584,23.5133671388456,23.1408668188286,-0.43558467133068,0.221099298372188,0.984534738947309,0,0
"O95197",20.4345508077952,19.1769711287871,19.5189167757238,18.585292140904,18.9991036611521,18.4360160390486,18.9639789406035,NA,19.3104825328398,NA,18.6305835490527,19.6863490539628,19.5943600512643,18.9502462009938,19.984972283156,18.6905190139278,18.2260601838551,18.8972986958261,19.5788146195193,NA,18.2697815849111,NA,-0.497955463136016,0.355936187529224,0.984534738947309,0,0
"O95202",21.5074658725534,21.5396156509556,21.0338085184529,21.1636357834053,21.6174757732479,20.9467872060233,21.4723011011191,20.5925976801105,21.3841898524926,21.6360483797637,21.7315923463849,21.316188203585,21.3719346490601,21.5564241787058,21.4353779881216,21.5179255128913,21.4957223989471,21.6724786214493,20.7480928459981,20.8356634375418,21.271058762358,21.1634855023565,-0.260745860535675,0.308737400580927,0.984534738947309,0,0
"O95210",24.2153990145293,23.9634224263436,24.2909165845294,24.1453380305842,23.7087617921672,23.9850559558535,23.5536484285864,24.3656226230967,23.8806233497951,23.8264550996877,23.8617236853153,23.9520332342329,24.0116996756628,23.7387585566294,24.2226751390786,23.9487791597526,23.5592565866605,24.1213440854956,24.1788988447055,23.9529514955902,23.7461911661081,23.7617539082703,-0.0925465281830427,0.643015991121577,0.984534738947309,0,0
"O95218",20.2107819797182,21.0041288146402,20.8199367856616,20.3858573284771,19.6745465917893,20.9472057143791,NA,19.2432184558074,20.6979440497865,20.0449943482035,19.8827709795485,19.8291496460927,19.8497704531228,NA,20.8509845163638,19.4119200990887,NA,20.258096485872,20.1923747189163,21.706096748083,NA,20.0564673764174,-0.985897345710335,0.0571445944029715,0.984534738947309,0,0
"O95278",20.9993393094055,20.6164746492305,20.4290333393001,20.6443045146365,20.3881538050857,20.2783691903617,20.0437757700788,20.9216334410837,20.6632617605116,19.8842436583967,20.435485312013,20.5852547046177,19.8792547727316,21.1109087697003,19.902367635759,20.3558969850793,20.6537038067084,20.2336300482308,20.0554160607883,20.5206172218844,20.8672067804058,20.7742703546527,0.261400731133325,0.407636282608827,0.984534738947309,0,0
"O95292",23.0700491674684,23.5194540212653,23.3661172323835,23.5866626017979,23.1599531844768,23.2607877252057,23.0824079929992,23.5071446529983,22.9789031164892,22.6768439770452,23.0434955507429,23.3364906090498,23.3261760919015,23.4696208780782,22.917572507436,23.1464666210994,23.0191626102211,23.1897128566928,23.0532741937903,23.082365024474,23.2370618894672,22.9355173394288,0.206786616399949,0.319250309915896,0.984534738947309,0,0
"O95298",23.0626787987486,24.2964892561177,21.8968882984415,23.3384924150108,23.7663442268375,22.389314131546,22.7859629571931,23.5724297875584,23.3913898025883,23.456236253606,23.5364419158613,23.8204400474179,23.4140659382015,23.5802538340534,23.4836498692061,23.9555538940851,22.6721459269149,23.6540088818828,23.336807428755,22.7478733553388,23.142838475659,23.0235379902059,-0.443306406727555,0.314979113420706,0.984534738947309,0,0
"O95299",23.6951267973062,24.7375136008381,23.5334304124851,24.2132281618754,24.3865666764463,23.7467171628852,23.7702069454729,24.4272359561889,24.1566730997573,24.4841835581741,24.4872552519137,24.5949136375165,24.2518551060958,24.4013816609969,24.332207968988,24.6292246390284,23.5964758135842,24.3354560656641,24.350110654458,24.1798352708009,24.160715361459,23.9321832220427,-0.361642620331793,0.216210575532488,0.984534738947309,0,0
"O95336",17.6373618802867,17.6551591232334,17.8037246047373,17.7382665981777,17.7452519430803,17.8073361986178,18.3588329120663,17.603945670628,17.903875163349,17.7058519454678,18.0303207048865,17.8959387848905,18.2210200955027,18.0212943028333,17.8908402753045,17.8128985338046,17.6335394181514,17.9180018424758,17.3317445934854,17.2247715673057,17.8394247924214,17.6324815268148,0.280068699512881,0.216614857333714,0.984534738947309,0,0
"O95359",19.1857296050068,18.3637772529015,18.6801023801343,17.912092366507,18.2276029383006,18.2987782497298,18.169405409381,18.4115796356407,18.331478959925,17.8253726096999,17.9017901147669,18.5396420650916,18.0064128603328,17.7870315452981,18.1149813219449,18.4275230027417,18.2438377364523,18.1633070066776,18.0114243733756,17.3045435423816,18.3773738876973,18.1124206093623,0.408700757594129,0.159568849642072,0.984534738947309,0,0
"O95372",20.9855861107063,19.7436938062809,19.5936934111082,19.6399023950602,19.6387667914384,19.5824902795697,20.0970887188939,19.8841103520956,19.828853235622,20.3261900572481,20.1181791663472,19.7460623125873,19.697724102173,19.416596643859,19.9830393366035,20.3927211490936,19.8432533463211,20.264607636201,NA,19.7352085848271,20.3448540456719,19.8355633817342,-0.131833181761845,0.677397964570317,0.984534738947309,0,0
"O95373",20.7527598760865,19.8814873388042,20.3857932206618,18.9821238349914,20.0785983840459,19.6055571032719,20.5007415528895,20.0728162991697,20.0114495992364,20.0510078505935,19.8516258334726,19.8851287769177,20.060496544033,20.1699758393457,19.855236029097,20.0085946758047,19.7445869584494,20.0153375176969,20.2978605744402,19.3341205304512,19.9423618461374,20.4828572147459,0.0399104081525294,0.903316687901476,0.987424911698517,0,0
"O95376",19.2563689059129,18.9113918711868,18.5310373925905,19.4049810361325,19.2851730730636,19.288016118738,18.586986709716,19.6516382734431,19.1829309008324,19.3068981662321,19.3800871866588,19.5811715770288,18.8317521325319,19.0443123540292,19.1636292116504,19.0016853203698,19.4292792924764,19.7150958311574,NA,19.1686169944878,19.5696314471336,19.5158465226143,-0.129974453574544,0.646879849546419,0.984534738947309,0,0
"O95394",18.7872007805876,17.0095609888573,17.5176199981551,17.2099023835397,17.309771620554,17.1550572792516,17.6679219158847,17.6104913774502,17.2821143003416,17.2930011470898,17.5400752224727,17.5566261452937,17.6298653673583,16.9945747746846,16.9361811366875,17.1384011137937,17.3520889949741,16.8665821306672,17.4240734048539,17.9534475228285,17.0782416274373,17.298639288725,0.049170784258127,0.885440116308642,0.985429799208273,0,0
"O95425",16.8802437878566,NA,NA,NA,16.294595621057,16.5841712983184,17.8623527636899,17.5912107001145,17.2591886065358,17.2466721408898,16.8479130674724,16.7235222444611,16.5392171760877,16.8526404215649,17.2307529306339,17.5275893730994,15.8605792347565,16.8239181143226,17.9392901976723,NA,16.9945414757422,17.2601868917179,0.40801723980865,0.345442764128059,0.984534738947309,0,0
"O95433",18.9889608308471,19.4475460803687,19.6719339931957,18.9455993062462,19.3289625429881,18.8598867344861,19.4085791737246,19.2260179719252,19.4662242026268,19.0102388719767,19.3582612196152,19.4267987885628,19.6291511813563,19.4638527204615,19.5350454110424,19.2645313375149,19.0841086234299,19.2488223798393,18.9484186444406,18.8738623760678,19.4827274559999,19.4309153189732,0.350400027432553,0.113974460277284,0.984534738947309,0,0
"O95479",19.4294558537101,18.2683430838448,19.7129233920292,19.2170433032618,18.7956893175523,19.1573911667786,19.1938468341516,19.3555543409974,18.6274431462306,18.8360755067481,18.9102700545681,19.0348678613856,18.2655032101306,18.9415843426956,18.9834160453363,18.5637624296843,18.7690358012913,19.416302755848,18.8076703272519,19.2367408550435,18.7372029300693,18.4754544824276,-0.114347039936526,0.671004863281886,0.984534738947309,0,0
"O95563",22.3538136426815,23.1439313130335,22.8600593958686,22.5031715261677,22.544693214249,22.6042902179729,23.3282938846271,21.7538130795155,22.9382138548433,22.8406855048392,23.2707709046499,22.9323228185165,22.160703112621,22.6667278665945,22.9841373995238,23.2659239076271,22.6557791410677,23.1605310423495,22.3526497907058,22.3881067848166,22.4073258965076,22.5063494801359,-0.172016968751986,0.616711883933567,0.984534738947309,0,0
"O95571",17.2169910992834,17.1853808385904,17.0693500613928,NA,17.2462737034093,NA,18.1097713262584,NA,17.0425901679168,18.0022966083575,17.921682244447,17.8514124311028,16.8398816073022,17.2238780180465,17.4907273134069,NA,17.3784065098669,17.5490367836848,NA,17.1814775487872,17.2016571365562,17.1807127875392,-0.180608782473644,0.62134116494129,0.984534738947309,0,0
"O95573",22.5801288658346,21.90876781158,22.7765853423676,21.5165051317392,22.3493826220312,22.0290818222304,21.8292958965664,22.045038636554,22.2064996439607,22.0219337140408,22.4287541218817,22.3721826000329,22.016883312849,22.2818231311717,22.1608202511059,22.0206489201833,22.1254608793303,22.1492234874771,22.2389189095346,21.8457631966233,21.7693898478446,22.0435345295381,-0.222183009581688,0.366021711942223,0.984534738947309,0,0
"O95671",18.542478434804,NA,NA,17.6725764870608,17.8463465579472,17.7014653620274,16.9714489305809,18.153448851357,17.8742881453753,17.2328320484535,17.4460656384228,17.7711095157331,17.139286025431,NA,17.6611821126396,NA,17.483535864832,17.4794238492522,17.8035152140258,17.9990937786947,17.8893332822501,17.9367474456812,-0.167523345378342,0.640751850390346,0.984534738947309,0,0
"O95674",19.1967996125643,18.6864077452805,19.1656856736078,18.8917476791359,18.421207318403,18.6706339525577,17.8553416860927,18.6165367730281,18.7183824650727,18.5218730812315,18.2887359545138,18.443609272344,19.5449054305022,18.6524553685799,18.0268479772391,18.4154580424349,18.6630483775345,18.2237658304297,NA,18.5890907581118,18.5741318813179,17.635416700532,0.192341928574248,0.604725379708097,0.984534738947309,0,0
"O95747",21.0464885029811,20.6134789700181,20.9470452804627,20.7451894065425,20.7788528273542,20.5501893476365,20.7340970176682,20.9014080339089,20.5500360560134,20.4641448332879,20.5846785335396,20.634588372143,20.241045834102,20.4428423676466,20.7431695234992,20.7762318771135,20.447558723365,20.5634862521985,21.1129307560248,20.7937046218687,20.3619655746671,20.2887827573065,-0.170281524681801,0.371825854320126,0.984534738947309,0,0
"O95777",NA,18.2503306897077,18.6432300694443,19.590083127234,19.3597067004708,18.5890805580905,18.560063699991,19.2564076183234,18.9503314079759,18.4774606961737,19.0190075053685,17.6322011295682,18.5284659452785,19.3253377896142,19.3847746045006,18.9726609129042,18.6564140719463,18.8905059080705,20.1467881396831,NA,19.1089064575748,18.2787440534148,-0.630307349154428,0.123191314702924,0.984534738947309,0,0
"O95782",19.208483347289,19.0512799263984,19.4310063455295,17.8283661554056,19.206982488415,18.943831009005,18.9810664117971,19.0471649891115,19.380612976486,19.6180280098054,19.2749876928007,19.165695392973,19.8604821576441,18.9709597314181,19.5067482550972,19.3215552919666,19.3204858732249,19.5847307893986,19.229407303187,19.2469965281754,19.0453812062015,19.5929171239013,-0.206971050423057,0.510178117229528,0.984534738947309,0,0
"O95810",19.4923306433211,20.2759009617158,19.5998954992194,19.7353019454718,20.0350433786088,19.8284958232425,19.5474913075758,20.287410871966,20.1873691501555,19.6615276182855,19.7454934562379,19.6024565428745,19.2003253361281,19.467205306443,19.7210984586723,19.7836894070702,19.6432049968534,19.2094680702641,20.1105856943905,19.822794695844,19.8148488566641,19.5489101362761,-0.0356294578359524,0.884193240389259,0.985429799208273,0,0
"O95816",NA,14.3885184232116,14.9926784059565,14.2947561386117,14.5069121697623,14.655178980107,14.5213689335551,14.8480329161451,14.47004856702,14.114624986001,14.5872632923427,14.4443703252317,13.9326061757849,14.4840439985176,14.8988313861869,14.6891591566578,14.1897780294556,14.670529601453,15.1823350800324,14.7508017878633,14.2681763737776,14.2383611952305,-0.331212351253509,0.152122222568112,0.984534738947309,0,0
"O95817",22.6658062171555,23.028008107272,23.416863943692,22.9434632538037,23.4834257472576,23.636884147306,22.5734207968333,23.4696848578989,23.3519836826572,23.0769751415577,23.3347744481181,23.5505821733854,23.8735052651189,23.227223647858,23.1920109161499,23.5725689831558,23.2670662638504,23.0577989481035,23.3718216167775,22.7747505354259,23.5611512312619,24.0558995151082,0.468845444649656,0.0835536535324962,0.984534738947309,0,0
"O95822",15.6466067293668,17.8595367522891,16.3701172277045,16.3089253230148,16.9918596173827,16.4398328938885,16.9598614013594,16.5106303278053,17.4160112184995,16.9764354423344,17.9426901711198,17.3410611790891,16.7296248815678,16.967094881788,16.9866241729605,17.1455869403079,16.8831370015329,17.0664841592668,16.7743557049577,16.3005002160411,16.8878751065434,16.6893684858893,-0.135954062567926,0.754083690901343,0.984534738947309,0,0
"O95831",24.2205450164276,24.6200792588647,24.0474416413571,24.008934678186,24.0455030292468,24.0875046889338,24.457126895057,23.8908710716474,24.5208702086211,24.249590899177,24.5355133239196,24.2046442513441,24.0601757160067,24.4944693285085,24.2116233149433,24.0483974008475,24.4062037172264,24.3375707770196,23.9198274465042,23.8324013579152,24.2950393517232,24.1604501949258,-0.0714338100870933,0.732709751193336,0.984534738947309,0,0
"O95834",21.4243272624842,20.8242298606819,19.4979649729521,19.8569927258499,20.9193737748213,20.2795298186392,21.3150882257968,20.9436304239353,20.3557453526878,20.1219197134685,20.0861065714223,21.1126867240764,21.1526930836199,19.8538694949577,20.7245585329084,21.1820065286135,19.9338669936806,20.8952950814524,20.6916885555159,20.5317175506509,20.2306654384005,20.021255558886,-0.149260281892737,0.734872865710112,0.984534738947309,0,0
"O95861",18.2644982342487,18.3781146707261,18.6622549472046,18.5285987756182,18.4745156267605,18.3410984524381,19.1220769167524,18.4753496873479,18.6317031134697,18.2975403962441,18.4274068672234,18.5746259785057,18.4793550748762,18.2432923868738,18.8610791673512,18.5275375782774,18.5405973112014,18.4706022630445,18.388502841768,18.589077161541,18.6312352231515,18.2835245827078,0.315769507476066,0.0787814872387201,0.984534738947309,0,0
"O95865",17.016785068118,16.482363974511,16.1870510126937,16.1535187240543,16.2227083300514,16.0552086330509,16.436165242224,16.4275032118496,16.1531249721795,16.1706107181917,16.2521417382952,16.221773538716,17.1837037197488,16.1206810940061,16.0794485390884,15.7011823277615,16.1887387939727,16.2764131065384,16.4537168582976,16.3605409710191,16.2644369857033,16.2413524313056,-0.0531259253581169,0.842980390286757,0.984534738947309,0,0
"O95870",14.2194783848726,15.3185131382977,15.8948632456929,15.1795348846038,15.1349801115417,14.7636478681141,15.8328293012201,14.4142973565854,15.6281886779804,14.736937762282,15.3854830055615,15.3846063863616,14.8637737076871,14.0001481704474,NA,NA,14.6436994448936,14.980446691219,13.9341270754812,14.3121203625601,14.9097121030405,14.5060373173839,1.02618932984257,0.0156305988918619,0.984534738947309,1,0
"O95989",18.6007730872564,18.2150335451302,18.1188716201194,18.5614301827615,18.8591542898069,18.2776662515587,18.5694372638948,18.5081065030827,18.5644401923118,18.5694268317095,18.5442500706981,18.2304891428351,17.7178976571792,17.9642671972918,NA,18.8918116865255,18.402368704963,18.3667143327054,18.6536619215445,18.5641882272978,17.8693613869287,17.7973202671625,-0.284290547917454,0.291730496003704,0.984534738947309,0,0
"O96000",25.1186651379055,25.6988275527095,24.3101227671366,24.9715548101615,25.1742610197729,24.3519411117912,24.5852950143686,24.9297951692202,24.7961203283854,25.2453657827438,25.0593434441141,25.3172589140887,25.0657004537233,25.2030681567201,25.0670326974485,25.1321550943377,24.4297201524857,24.877662711064,24.8662840541566,24.7002310386596,24.7551975144818,24.6024606659009,-0.448596656091816,0.105237326080836,0.984534738947309,0,0
"O96007",18.2951297499172,17.8524505684622,18.5954913550352,18.2857336867,17.8077406236731,18.7038264991978,19.5573799337276,17.7610103987003,17.9936461879928,18.4452361199017,17.9863968065525,17.9314662865344,17.9771470171433,18.3931277760678,18.1224273483339,17.7634883560563,18.5984237182333,18.9410101045863,18.4524545427833,18.0966748398058,18.1640023107383,18.2422854910862,-0.031481141202967,0.926316224650535,0.990192879028667,0,0
"O96008",18.6905403721646,19.3170298429822,18.9105620302934,18.992115111538,18.7425871845223,18.9050824385544,18.7544872445702,18.9027470062404,19.091312159327,18.8304667962879,19.3478700369513,19.0405139399152,18.9369715734182,19.2954003806697,18.9771821770032,19.1147608777186,18.8711047347394,18.7292423213517,19.2451966640466,18.6889770948973,18.6822502280851,18.8699246773969,-0.109963457231451,0.585406490150334,0.984534738947309,0,0
"O96011",NA,15.4192310364626,NA,14.8964123371563,15.4278626174993,15.7000376231336,14.8446147175393,NA,15.7148857666322,NA,15.6840382302441,14.6750869856544,15.0028317709072,14.6284957583859,16.0019365836622,NA,14.8990716592527,15.7599458416056,14.445532979444,13.8794065325837,14.297838736258,15.3960117452062,-0.503991271025113,0.34556695936427,0.984534738947309,0,0
"P00167",17.595008553993,17.467353520949,17.3895643638088,16.7784669954158,17.2682148817184,17.5321718861607,17.5231102669638,17.1331674253264,17.0391611211998,16.5991728916407,16.6011292808407,17.4500488870018,17.2146735559768,16.8425057649668,16.7727779867154,16.1957198238567,17.0661194049539,17.4527845631861,16.7727645483131,16.8401318704751,16.9782961556034,16.9692299784203,0.0383405528966634,0.899645773327477,0.987424911698517,0,0
"P00325",23.4460316945414,21.0131682738492,22.3353127285894,22.0375684701612,21.823725868036,21.6178705405755,22.486533226027,22.3386647532788,22.5484315167803,20.2022073135172,21.8396519211119,21.2068862076109,19.998315153095,21.3405411197064,21.5114791677352,20.5111171983877,20.9365322444334,21.3715393229235,22.2119175722574,21.3903933898101,21.7693959796246,21.011608423889,0.0326612903823822,0.950465194823826,0.991251045117733,0,0
"P00338",29.405011752647,27.8470677261559,28.8944484828837,29.3942301942998,28.9142988072994,28.8487876827629,29.1886180769466,29.9908392881352,28.4262699434414,29.1135135617294,28.607513025928,29.0738519491535,28.2232311794226,28.373980234353,29.2802783439809,29.002711689906,28.7055171615768,29.069110596311,29.939297101879,29.4775501966827,28.9484893674098,29.152947171063,0.0125972295015302,0.974293151929252,0.992563737314942,0,0
"P00352",23.5851388498239,23.7524435005586,24.2905140240304,24.5731745434765,24.5464675912803,24.2583099092584,24.3525460866119,23.3620384842217,24.867111549444,23.169372455066,24.5471488965456,23.2027861137103,23.3364775810777,24.0710846815344,24.5308453912063,24.2877310762476,24.0806136951638,24.2089324853938,22.9478115674753,23.4852907894721,24.3954341165201,23.8521699666174,0.323005845674579,0.456222621238441,0.984534738947309,0,0
"P00367",21.7486299166478,21.6821873600723,21.0211925644399,21.5395196846537,21.1288222653237,21.4493857594932,21.7291054223012,21.3085499884389,21.7182604916031,22.0786596415687,22.0481394830693,21.8513493296216,22.0450636264106,22.0234678200838,21.8787141172788,21.4088151030159,21.8603316481091,21.8803640878256,21.6496434459659,21.1622343237926,21.3618131054792,21.7484415543233,-0.232227471904494,0.386495855978227,0.984534738947309,0,0
"P00387",24.8635072469762,24.1131037911224,25.0061113625566,24.5428651013651,24.5198446774045,24.5996299956345,24.7752432623948,24.4188774967732,24.6470607637006,24.6860497198613,24.5269013220744,24.7038598417214,24.9943838628291,24.6374946273206,24.4654762389928,24.5688031409413,24.447312040898,24.7050739476509,24.3404582951499,24.5901877629885,24.4253623127747,24.5924590236118,0.200817334554689,0.304915412374079,0.984534738947309,0,0
"P00390",21.4241505975593,21.3042128832177,21.3866749945876,21.1467130473205,20.6832367609568,21.3125986622618,21.4944311395471,21.1650699473784,21.2254141106437,21.4122679022316,21.3383571647579,21.1878894646883,21.6797795225912,21.112869917461,21.3852816268227,21.0024273554101,21.1064090258756,21.4695981408873,21.0416825189462,21.4335177629531,21.3589369645643,21.5103213026198,0.0568939319421311,0.778170516507205,0.984534738947309,0,0
"P00395",21.6770083120495,21.8739180983341,20.3912524933623,22.0687203955114,20.8466221207565,20.9498213845131,20.7499999280631,21.8076063474089,20.6472227612227,21.7703629242804,21.6012063770243,21.9594197785524,20.6704938162972,21.2869368651549,21.6128032120623,21.7411807842691,20.558702195002,21.2564822467213,22.0124082462975,21.8274959931414,21.6174935439098,22.0955364254023,-0.47895037314931,0.282442911449508,0.984534738947309,0,0
"P00403",27.2039326580564,27.8243900738348,26.4874599425723,27.0261644588933,27.1481606223141,26.8080549272334,26.7304295156053,26.7868151258624,26.9675959584897,26.9714407782385,27.4601967304911,27.359893760511,27.1689567066842,27.3058215650787,27.3245343827368,26.8797694730157,26.9984535656506,27.0300676046251,26.9670685472454,26.3214839127476,26.6681318741155,27.10037207965,-0.396868590625687,0.136681546261724,0.984534738947309,0,0
"P00414",22.9474096050181,22.9854202780854,22.295057997999,22.8447968232673,22.6261445527706,22.3855523612988,22.5877151709395,22.8657783586473,23.079570078748,22.4646388419656,22.8112023213591,22.8674050274144,22.2239790008717,22.7365547249303,22.9491446472301,22.245991667113,22.34829562972,22.7875539522351,23.6691876477679,21.675899582071,22.5731953318753,22.6264497146146,-0.251593023074744,0.447516357155532,0.984534738947309,0,0
"P00441",26.876859849224,25.8925888889873,26.8650358184797,26.0685855112689,26.1146462627331,26.3945810832192,26.3834122006787,26.6763648632653,26.165260652537,25.9992061019648,25.9370933256366,25.9514156425943,25.6494274479726,25.8907209063992,25.7109676727844,25.9148286398774,26.0768319409577,26.2111391365273,26.1226559741962,26.6795820792457,26.313513266485,26.4254839342039,0.161472882136323,0.566522460942917,0.984534738947309,0,0
"P00450",21.3636004559584,21.3635089050035,21.6481476415374,21.6669005116731,21.3672451607896,21.2934873595694,21.5032912498898,21.4773966505495,21.1606131177067,21.0913916796841,20.4296917761266,20.4618096540168,21.1460631658927,21.198160252842,21.7050270446545,20.9956956783298,21.2101711748687,20.6247510617015,21.7703497170112,22.5310665739406,20.203242766005,21.4092127941792,-0.321722779731846,0.394664944339489,0.984534738947309,0,0
"P00488",17.4311696880605,17.8262975605854,18.2357035243362,18.352002824563,17.9915535959278,18.160726293331,17.9245055239416,17.9754269194566,18.2987000561057,19.3850951791201,17.5764518265871,17.4857249465434,19.480111633454,17.7255910284636,18.3303089520217,17.9529543650452,17.4655698586288,18.138544437313,18.8868208424938,18.4677602475242,18.2138915580292,18.0420488377553,-0.107702822575295,0.81112256029377,0.984534738947309,0,0
"P00492",17.4412959480838,17.8695239796988,17.6960038815162,17.6381610654689,17.4503092761472,17.7779125379183,18.0557026149211,17.3148945682035,17.704414011007,18.7761219113162,17.9080542831575,18.3955724765378,18.9763632879056,18.1468841122014,18.1211960816425,18.0047767902559,18.2376960805849,17.9564747311827,17.7407510718842,19.3346192103728,17.6535204262256,18.8654164993925,-0.093128542470005,0.809709339054325,0.984534738947309,0,0
"P00505",27.4618163424384,27.9714495772495,26.8562178411539,27.308971348852,27.1984511762874,27.2100448377529,27.8816883536341,27.0638108327832,27.5301845749161,27.5975454334451,27.887876401178,27.5583183250389,27.1643335016126,27.3965622535977,27.5555972158521,27.4667950892517,27.7984093389587,27.6858216266853,27.5032922399592,27.4460861818698,27.1667460124709,27.2615217527007,-0.341140604711228,0.177297144949435,0.984534738947309,0,0
"P00558",28.854665562041,28.482025276932,29.3920132642501,28.9315923953479,28.9271676754013,29.0084610407238,29.2500656770026,29.1355835262413,28.457648384932,28.6280166740008,28.360810391156,28.8207975298505,28.2907602928758,29.1698751763841,28.6228178793761,28.8657653362462,29.0436194475064,28.9074885334129,29.1144374940717,29.2528895556977,28.9632780604174,28.9826871677823,0.137505790836904,0.570567629620135,0.984534738947309,0,0
"P00568",28.7267207494502,28.67638333403,29.7141554078442,28.9589515125181,28.3300346305931,28.906703757805,29.2757331576229,28.6623055341189,28.2726108646326,28.7521311979267,27.9706413247278,28.4282221999818,28.7701922299991,28.8613484695603,28.5600437914747,28.2043180518102,28.9017798051665,28.9170501437088,28.8257585161171,29.3336179929744,28.6611838060962,28.6116023121704,0.112968081028917,0.705987163353621,0.984534738947309,0,0
"P00846",25.2630879690975,25.5147397146845,25.339936441075,24.5728158532624,25.1062668966354,25.1007323594287,25.2670412387655,24.9317472394981,25.3615830357224,24.5779194716786,25.4450112770864,25.0234842808417,25.2633174108402,24.6444996670891,24.8282043008777,24.5354703305565,24.8989126610809,25.3220024631842,25.3856489790803,23.8333033361254,24.9728101322321,25.039165975596,0.0794601961494159,0.80505144753766,0.984534738947309,0,0
"P00918",26.5926879739837,27.8580116177327,27.9617277535539,27.1772018124898,27.61582095493,27.697525221225,27.4688454065647,27.421323991548,28.2237523708759,27.6573874041169,27.8564182125925,27.0870151939474,27.4088705862421,27.4741076208662,27.2553978352301,27.3019045781657,27.4072152239833,27.2397638687063,27.1983367057172,28.8521845573939,27.6129154719656,27.8172516014022,-0.0605009720553191,0.869915051402113,0.985224662710431,0,0
"P00966",19.6128377069285,20.6323637853485,18.936869792522,NA,21.2998624295692,20.024021060718,19.2980837092433,19.3752846117251,21.1619946555073,19.3724470886991,20.7531344399,18.626679165113,20.3128754860186,18.2892148812852,NA,21.2471896201623,18.9878262150203,19.3575536747998,19.0621556090646,18.9783324483344,19.1055369912688,18.6247439311146,-0.0270584781992049,0.968531073169404,0.992365658656292,0,0
"P01034",20.4843593255921,20.0421539282631,20.4814735507037,19.6377166946291,19.8041297041521,19.6665207167983,20.3660973523264,20.3596380518467,19.7403339037811,19.9410264737322,19.8867001836655,20.1730340260255,20.7163383158402,20.2139684711716,19.5866143355361,20.0586468920583,19.920682714209,20.5023769094039,20.0750234225814,20.5634673842463,19.9731428920354,20.4573159020673,0.174473541074921,0.530431233660856,0.984534738947309,0,0
"P01040",18.6698063188672,16.691665012101,19.0786476589255,18.4229967923908,17.8485129680429,18.2618628534527,17.4825177409821,NA,16.7683206490822,17.7111511506928,17.8592278585912,18.5844877000312,NA,17.507198976997,18.1785537255621,19.7741629036576,19.4149099212614,NA,17.9200877482478,18.045497996917,NA,NA,1.41751536375019,0.0333649760765734,0.984534738947309,1,0
"P01591",17.7321437613621,17.344528059098,16.7563427830241,16.7882639732879,16.5038915986777,16.1635903943299,15.6693518934709,16.2638447917855,15.5121430864121,19.8308711907143,NA,15.8967403699068,16.8095099056238,16.5988242822987,16.9085753394456,16.5095903498963,16.1486380272925,15.0289122887114,16.9135789872669,17.2145812004252,15.2756620216186,16.7107469219214,-1.63289677735587,0.0331463526233179,0.984534738947309,-1,0
"P01889",14.3585681230298,16.2111179257122,14.4115518614412,15.4412759430053,15.7939236691816,15.9211484302583,15.6551778501779,15.5184404444398,16.0854103551812,16.3001874260063,14.669339934242,15.511521745025,15.8562736863296,14.9008538482237,14.5510166170838,15.7728686218598,16.1750105431981,16.2006247299633,NA,16.2823912536455,15.8102255589171,15.6492046934166,0.1901079199341,0.714328784986396,0.984534738947309,0,0
"P01911",20.4103751565017,19.8332346423619,NA,19.151443292455,20.0820916340102,19.4771336744259,18.5912218306936,20.1058879773012,20.1513491815599,20.3763743913834,19.5139390399626,20.3644938977366,19.5883620598866,19.0204844123061,18.8019392675102,19.8536527457133,19.470654167742,19.3766796332826,20.1924119081028,21.0246315147392,19.1006344395908,18.7551621776264,-0.62382955930509,0.234873719773374,0.984534738947309,0,0
"P02144",33.9234904129786,33.9715147078946,34.1824919459062,33.532819020491,34.016384865932,34.1817134415176,33.7312933228673,33.2818517953594,33.970895541681,33.6113764804299,33.8499614023967,33.7079758893774,33.6916598993027,33.5976912877045,33.9305208235238,33.8324671389124,33.6593892613038,33.9068646093791,33.1853153846658,33.618825558586,33.6683616407445,33.6227203397678,-0.136617731134322,0.5188630997731,0.984534738947309,0,0
"P02452",20.0041810680434,18.7024748750253,19.784839503821,20.2580361513619,19.358143749612,18.8109062177538,19.006936465365,21.1950364641144,18.4948242322183,17.9868579224485,20.3428204777199,18.0739718812504,21.4831163913175,21.1169912306971,20.5121315262574,18.7340422887345,18.0373609091888,NA,21.9272295704612,NA,19.2448512191584,19.1933111537798,-1.45496353832428,0.102215293003688,0.984534738947309,0,0
"P02461",20.5318109402098,20.0239374950269,21.293001157725,21.5593712088901,19.5193642645831,20.5115285709874,19.2150516330874,22.6104545346893,20.3582026180802,20.1175204862154,21.2210649814902,18.4894216335947,22.1803824755172,22.5812023899398,21.6725290489333,19.8182302376522,20.5278842062636,19.1600965998877,23.5864305502188,NA,20.4134229384171,21.554864360985,-0.552761818473247,0.570146219116746,0.984534738947309,0,0
"P02462",21.0842861183898,20.1259296782288,21.2679579688172,22.0488623678099,19.4082748418468,21.2861689100175,21.3073771162991,22.6278001121887,21.4143985999078,20.5106945992427,22.0167431124389,19.4512452876781,21.3009554528245,21.9693124472325,22.4328252242674,20.2120206189371,21.2989168116271,20.3785438125486,23.9456737673003,19.830328948938,20.5268653496589,21.8121653518679,0.0502876616853563,0.949464678620187,0.990745751603673,0,0
"P02511",30.1138538698475,29.531931938407,29.6381831059471,29.3369486444219,29.8670474349467,29.6427480361869,28.00674603671,29.554236138839,29.8840564901406,30.0318283593986,29.9729388538693,29.92292002342,30.2757219222213,29.2623114601193,30.0129865238726,30.1793882385061,29.6841559747034,29.4239256558083,29.6342864460508,30.1076938221535,29.4205977800259,30.3271729803226,-0.2959386272986,0.406133684688565,0.984534738947309,0,0
"P02533",22.4597655099354,21.3967319431447,25.5707910122339,22.4132694040878,22.1592983076004,21.8518169628254,19.9905325573855,21.9282395703307,20.9081150439948,21.1595509827204,21.7096650044752,22.7222826973103,21.5438331833123,21.5163825426307,21.4988465322886,25.6647012283403,21.8611237177896,19.2047962129973,22.4185876152104,21.8163351686082,21.3285708222539,20.1943310599975,1.30086890297657,0.266542496590577,0.984534738947309,0,0
"P02545",22.3703287667156,22.8382210057211,23.0090974918735,22.4619391245851,22.302563821251,22.9021597829751,23.2077286768834,23.2245503406956,23.0634627729008,21.5688919643285,22.1900630015465,21.5725868646408,23.6070108795163,22.9710435536397,23.1354645633238,22.134206871012,22.7772645017849,21.8931044004757,23.6995405208844,22.6141493447395,23.0881847376676,22.781702710943,0.428816575279509,0.341727391118645,0.984534738947309,0,0
"P02585",26.5727131742866,26.9865185711463,27.465809434898,29.378858117781,27.5951700414724,27.3976357832435,26.02786938104,28.7535610727934,26.5813394465979,26.7247438562571,26.867051062357,27.4852095959084,28.1891119799123,28.2890016912812,26.9573079854362,26.6760916354126,27.2422811866714,26.8720609940527,29.2357733584542,28.2795518582974,28.4719619644771,27.7222780203659,0.321931962115176,0.644540762193827,0.984534738947309,0,0
"P02649",17.6022654145679,16.6145166892503,16.3735478525668,17.5499259712196,17.5175047803785,17.0966415460557,16.8013984694724,17.1272909440391,16.9055990352277,19.2525180239255,16.0841283864093,16.3258099226957,16.3649749317294,16.7194147795638,17.3462962157466,16.9626695427662,17.1933101452153,16.5434301598016,17.4469783104249,17.875517589081,16.0638850807369,17.1114496963862,-0.925687543261386,0.103192872933773,0.984534738947309,0,0
"P02750",18.5371876591764,18.1745599252399,18.5874956518474,NA,19.160093003458,19.2955457198231,19.6781588777732,18.9561399515106,19.0752232710635,18.9962860655089,18.5891211741754,18.3663495848802,19.0816132018788,17.8786565835814,18.2089554533699,19.4700753018261,18.9634672866838,17.6863378887866,18.4672630697803,19.5995158292079,NA,18.1123865002271,0.712841328074159,0.128783141002284,0.984534738947309,0,0
"P02753",20.5546458426098,19.9626590988508,19.4095549766746,NA,20.9569237530206,21.0576240428427,21.3036564479786,19.5582192900732,21.3029961930875,21.002040437317,21.0177990295947,18.8733833698751,18.9319308694461,NA,20.7683159071636,19.7923149043603,21.2326909179085,20.636845769904,NA,22.2444408512462,20.1425789220829,20.5504991931199,-1.61897549502541,0.0267507964441114,0.984534738947309,-1,0
"P02766",22.7960499753607,22.628078496404,22.3102856145877,22.9827235579021,22.8292317196332,23.2190402945523,23.924363649386,22.799379426381,23.2890196409576,23.1437393621574,22.8789350211352,22.4673967404603,22.7565050887441,22.4676450336926,22.8255469863842,22.2875744454889,23.0781771864011,22.996051913057,23.1200123211168,23.9123916398112,22.8508481954008,23.3214729027875,-0.125358585962825,0.717661575939908,0.984534738947309,0,0
"P02786",NA,NA,17.336430586971,16.8100298931741,18.0579441593592,17.5082901762196,16.0097960240327,NA,17.1582489026725,17.0316903325153,16.4193354184178,14.8182348120989,NA,17.8329396387833,16.7529687768895,17.4869083308214,17.2926056046111,NA,16.2979707356224,15.4714619690052,15.2325672961061,16.1104224093091,-0.786399010979157,0.316210515041847,0.984534738947309,0,0
"P02792",23.0117577236292,22.7808816880623,NA,21.1418236543448,19.3817895894804,19.4614206515179,21.5804279403112,21.9248494923876,21.9295720626512,21.8892038156792,22.5079553639345,22.41287862021,24.387774334447,18.2551903239082,21.3844569594093,19.1526623334873,21.0567307392597,22.8660328004977,21.7140813178285,22.4573593092009,23.2401662746114,22.6539535258928,0.889438142970512,0.470550611196449,0.984534738947309,0,0
"P02794",27.04450900408,26.3873088121325,24.7257566507193,25.8656445809283,25.178219309243,25.1408553330389,25.6763726209071,26.6270088539565,26.4297645254236,25.6438672951081,26.459287959613,26.3880830418622,26.7508325937727,24.4446941675896,25.7582358547994,24.8101345214307,25.1048365059388,26.5510013156458,26.2287122894389,26.5799716721204,27.0191763258676,26.4591471802402,0.0654134624509766,0.915914612776839,0.990177959758745,0,0
"P02795",22.5213013825103,21.7583693108326,23.373174804882,22.0584445102572,22.5125671363093,22.9140272979152,22.1353075596968,22.9050407605894,22.5447295350894,21.7531795295114,22.0953722658651,21.869020110526,20.8836762194911,22.5736248663527,21.9859508681012,22.2116028953091,22.3683084122962,21.4303847260127,21.8534364452929,22.7658367706205,21.3000622124656,20.739587991152,-0.215600481456995,0.618520133602957,0.984534738947309,0,0
"P03886",22.6367596271668,24.2863672110508,22.56362939175,23.6950745978747,23.6682800124811,22.8116423574981,22.9702178488128,23.3531195277723,23.4859427563308,22.9269625360063,23.5867153161792,23.6032105684968,23.3328023197888,23.5750530636695,23.542829491906,23.5168859143635,22.6128572821808,23.4376222123819,23.6220122360508,22.6918169298105,23.1416078711334,23.0541289678809,-0.269475651678597,0.473918018851562,0.984534738947309,0,0
"P03891",19.6312076409354,20.1464677567207,19.2149988582554,19.0339750176296,19.7493766123644,19.4323433415054,19.4215095791075,20.5210637786753,NA,19.7693634514841,19.21040115036,19.9756213360711,19.1231459252073,NA,19.6666076711668,19.1706341897518,NA,20.0487207918814,20.8443273905579,19.1257701129451,19.8237049279444,19.7679361305513,-0.471439218109957,0.282300364860551,0.984534738947309,0,0
"P03897",21.0857970090378,21.2703876924028,20.1793179030805,20.9393894712966,20.7636725336645,19.8917189911348,20.5165417589004,19.4173303612541,20.663035620864,19.9670019508722,20.6764121734356,20.905155801758,20.197302794495,20.7687720916169,21.0439394234412,20.1454311879923,19.5863513980579,20.4622462678114,20.4078289746912,19.4609909841455,20.1559757707938,19.9047882935961,-0.545630042571233,0.203773591623727,0.984534738947309,0,0
"P03905",20.9278569409441,21.8338467936615,20.8623386098945,21.6064491848021,21.335106589493,20.6832482486827,21.3038988090208,21.2340127304017,21.1146961753595,20.2238807533412,21.3843581406656,21.1558020074583,20.9267075866497,20.9864929221003,21.887352848139,20.7230710783058,20.0398574404282,21.2425604107726,21.771038968473,19.9743599168631,20.6303635736575,20.478618376647,-0.353728145314136,0.389281070684362,0.984534738947309,0,0
"P03915",22.9376943826116,24.1060461719119,22.0840479200561,22.2187511222539,22.6673647676659,22.8198786936881,22.421543285137,23.726166281503,22.0440118159815,23.4912463490305,22.7020600566435,23.4789174748648,22.645049774146,22.6374152689954,23.1134037519579,23.2663966043226,21.3431582156232,23.7028727383212,23.8696303952441,23.13238882808,22.7206524193846,23.3069186456717,-1.11943765945649,0.0338564830418486,0.984534738947309,-1,0
"P03928",21.9402429319316,23.1811437218231,22.6165973422311,22.9457231878979,22.6313395775897,22.8012901161206,23.2378028323185,22.4284010735694,22.9077011571126,22.9360894536016,23.4732021561885,22.7404505106576,22.5662353321862,22.6935907865426,23.3411410634515,22.8544717625909,23.3236134740984,23.1952665888782,23.5978201093275,22.4889117173002,22.4270881426728,22.4155090627636,-0.342090879855029,0.319058684192756,0.984534738947309,0,0
"P04040",23.2392240356115,22.8519406502464,22.5505203684155,22.46233470112,22.5139376701812,22.9790879516372,22.4413624086159,22.2289132935365,23.1229788660719,22.1427392853938,22.409868960773,22.2070028360228,22.109857153538,22.2474911875396,22.5615928385704,22.2492374151337,22.6397768982369,22.3566702430501,22.4708784755165,24.1959608837262,22.2837831798555,22.8304323586455,-0.508081583530391,0.18711631842597,0.984534738947309,0,0
"P04075",31.6258807248085,31.3841708185266,32.0631395356154,31.6179673146459,31.2547575976682,31.6955330761216,31.6688509045107,31.6485520045501,31.1837152347451,31.6799328890483,31.0562701366779,31.5041290265867,30.981248330224,31.5595040072308,31.6453239718151,31.3556561552075,31.4483484963286,31.5804446924004,31.6682210312624,32.1226540697861,31.2313067564,31.0824356880087,-0.26102135403476,0.243203620342715,0.984534738947309,0,0
"P04080",23.7936821685687,24.3893664340681,24.4274879069827,24.6821778018157,24.6383003573934,24.6879926114307,25.0182943425432,24.2147875296998,24.4825797317434,24.4497861632209,24.5328730288513,24.4846149514478,24.7700682144259,24.1845678083177,24.4633030941235,24.8592077330075,24.515920131424,25.0715276328056,23.992933139278,24.6948597335915,24.6736654077381,24.493038700196,0.301046243384718,0.239631223184475,0.984534738947309,0,0
"P04083",22.0207175511957,21.7346398194949,21.434383160955,21.3415564453582,21.5077500411559,21.5003231593801,21.8409104409396,21.6539222329723,21.523371731665,21.8408722453151,21.4304165683777,21.2276098187203,23.1987503909284,21.6882391604101,21.8265650320919,21.6680771981875,21.5202344239604,21.8733998676781,22.0378926182989,21.7921123159384,22.052699532056,21.9172720530147,-0.0264923245141198,0.933634189229277,0.990192879028667,0,0
"P04179",25.5538929413531,25.4893153957763,25.2585584268744,25.1637269685697,25.5490408923215,25.2555059531372,26.0042939595336,24.9254226061413,25.7770203262799,25.7405206043907,25.846453057126,25.5016348566314,25.0748972898957,25.3708110986774,25.4122323854767,25.539655123392,25.3848768817436,25.9032752209842,25.2230867195908,25.6189873630505,25.0910717644215,25.2094367214837,-0.352066801165609,0.149288315831471,0.984534738947309,0,0
"P04264",26.2805282997992,25.0957222682898,26.7186653198635,26.2351250101809,26.1522909760569,26.320232294765,23.9411270499236,25.342103837542,24.8817685350635,25.1285509501105,25.659621071534,26.4820496880467,25.4069968048411,25.8887553352482,25.7408190425154,26.083243025585,25.3744155567789,23.5183875146327,25.9251087348176,26.1291920120302,25.0593464461504,23.9253507674062,-0.400951839292006,0.558183184193048,0.984534738947309,0,0
"P04406",30.6991118628108,31.0701522019355,31.9274549817165,31.2128082483693,31.1000598814962,31.5133961285327,31.5899435510041,31.2977397359186,30.4716983089633,31.4544086524539,30.9531132697803,31.0907488459932,31.1626459982266,31.4955034272471,31.3720523615577,31.2867826764735,31.3934677045706,31.5849905914503,31.5661106839472,31.5804618179316,31.2410666460037,31.3535852183924,-0.0968856291239888,0.706646575304375,0.984534738947309,0,0
"P04439",18.2291577699347,18.639641861906,17.2135049204051,17.8820422553773,18.6084932361535,19.2695343262857,18.8377360351655,17.3365745418665,18.338534304205,18.8414312631315,18.2286608353987,18.3192339619638,18.5452503667534,17.7303252184202,18.6605565210029,18.6975641523108,19.3513648460025,18.4666413906482,17.4886922543162,18.8029138371884,18.683662460293,18.3581859219312,-0.28509036350389,0.4647008300655,0.984534738947309,0,0
"P04632",23.0464462213759,22.9047401422365,23.2342222111813,22.8702842902448,22.9575580965001,23.1004506509663,23.0213960762281,23.0566036336418,22.8437487460719,23.1985566930283,23.0066646761277,23.1167131133004,23.4003172143536,23.0315915868522,23.0503027257357,22.9304902345378,23.0716876065921,23.0133620879365,22.8882983020148,23.1707005657438,23.1144404056799,23.2208252793277,0.0810761667430917,0.582084019147568,0.984534738947309,0,0
"P04792",29.4489225232707,28.9144924366599,30.1463643267769,29.2320325949417,29.7636913039096,29.6227358751661,27.731233176843,29.5435541864925,29.7946101151572,29.815247416526,29.5901731984988,29.8780899058615,29.8647120213069,29.5233609717202,30.0685656302044,29.658405296901,29.8259265948397,29.1336115461997,29.2357419881467,29.8363889003606,29.6596680974332,30.2333952055468,0.0575141340255918,0.8865625612227,0.985429799208273,0,0
"P04843",21.2322592901343,21.1919917451174,21.6906684816563,21.2922298681297,21.2906838511734,21.4585349734214,20.7977369009187,21.3758324247926,21.4030938246424,21.3098973073931,21.2606251930697,21.0635151916895,21.5748980817815,21.4519267578137,21.0009050430049,21.2046022809094,21.2919829772182,21.0112158712156,21.156164389432,21.3816016616292,21.686659125014,21.5821749635246,0.221522932046813,0.275245269103542,0.984534738947309,0,0
"P04844",20.1407952775321,19.9606709685206,20.7739600443598,19.7894679932348,19.9343873979183,20.103970450079,19.7173917230857,19.9325738929235,19.9096936673157,19.655671016608,19.8344116853985,19.8592848770191,19.6744074957279,19.8873343360998,20.0138605837123,19.7664109973483,19.725067616615,20.145793450545,20.214416683096,20.0080461836414,20.2250795812716,20.2944052601882,-0.0434812778827123,0.852497791879137,0.984534738947309,0,0
"P04899",21.8001581892444,21.7100882351235,21.7131969839675,21.6598478360641,22.0262403611381,21.900231943755,21.8848905305762,21.9890436397575,21.9336331361417,21.9531121595462,21.8321785395129,21.46373266859,22.0277273148079,21.3978571176842,21.596643996485,21.6507343754955,21.9253455025348,21.994817481024,21.9245114268344,22.1394733829685,21.9985951707182,21.8580152739677,-0.024181442732111,0.896486363764363,0.986957464694711,0,0
"P05023",23.4385943871007,23.0372395644074,23.1768939673884,22.8582065436593,22.9976197639278,23.154750187193,23.017945637784,22.9881011855539,23.207146081009,23.2401511903853,23.2120208217941,23.2840219062626,23.5801790496486,23.4086150623608,23.2624319569203,22.8943422341837,23.3444517815035,23.2216641877059,23.1668324650381,22.5866814248154,23.16084751587,23.4033953323206,0.0182239812075728,0.926814843221439,0.990192879028667,0,0
"P05026",22.9528345698263,22.5534949900712,22.8915842263588,22.6321193344573,22.4786850441976,22.9137606068335,22.7686700481938,22.510064303534,22.8470932161515,22.9650836987683,22.8464609761809,22.8819111251254,23.0418336174754,22.9545880578267,22.9067977488251,22.5382784541638,23.1176065505655,22.68707759436,22.8239980117595,22.5131324489969,22.7482170197255,23.1074710406396,0.0736204403550254,0.688715037564811,0.984534738947309,0,0
"P05090",22.2322033201083,21.5611340856209,22.2322386951356,21.8746768523537,22.1455794597123,22.0414515560253,22.0819683178038,21.8195467733743,22.4109275117846,21.3828658538438,22.0131517577317,20.9178618019326,21.468964441804,22.0572822024143,22.3272413509115,21.5399171356792,21.9374941645095,21.2668164578854,21.6445034234849,22.5030345131435,21.0916751982918,21.0663167590589,-0.434930048105258,0.160200833122764,0.984534738947309,0,0
"P05091",24.0994013621023,23.5590723257011,23.7144200588063,23.7416383374367,23.1781631498603,23.8497868533585,23.5449764198235,23.2657118719119,23.5194227884496,23.3935935306666,23.6277984024147,23.6232930637762,22.9500014479236,23.7003591425508,23.6886199043344,23.1159243103717,23.3837707611796,23.6629404804752,23.5676153075613,23.574755657946,23.6249162043587,23.2778431639027,-0.3703019820531,0.0864933700300416,0.984534738947309,0,0
"P05109",21.1383555524749,21.4917574685091,21.9653909215537,21.7493076468502,21.3710183660702,22.3755182723911,21.6934004371684,21.0310274192934,21.5800973940278,22.1107007142033,21.5238191365425,21.1294101278875,21.2109114583603,21.8581931347215,21.519473598096,25.0843984380384,23.0007406149294,20.6056956323575,22.1805606808186,23.0529107509822,20.5956561882463,22.1996016612174,0.295402834131611,0.703679751365613,0.984534738947309,0,0
"P05141",27.9148688137186,28.3816436995204,27.4733778173614,27.5305069580083,27.7772234717319,27.4825019276137,27.4567907094332,27.365660889265,28.1222776639271,27.816231519967,28.1814945616595,28.0126015090288,27.6604761068576,27.8426494241894,28.0048204440332,28.1181408728662,27.9874927156132,27.6505486691236,27.769524978111,27.2837697088382,27.4173322953666,27.7607897337601,-0.22006163071319,0.378573662108292,0.984534738947309,0,0
"P05155",20.2317234172274,19.9677747622666,19.1679551711292,20.3454321727207,19.6773263477926,19.395027335561,20.2535606475367,19.9527618378737,20.4625240619895,20.492106018993,19.1566942554142,19.337250081311,19.7630304458566,19.664960524701,19.9921271483918,19.5290381607474,19.8066720892504,19.5830374936459,19.8778769702195,21.4669073824973,19.513614770672,19.9003764751742,-0.258980144681662,0.528351832263443,0.984534738947309,0,0
"P05165",19.8040394479443,19.6681732569202,19.0053545693923,19.3564893238093,19.2902315401548,19.0251527922867,19.3729689298556,19.0340360573629,19.3184311230069,19.1710230961016,19.6693933208098,19.4845968049322,19.1920149798161,19.319419941499,19.6523694663938,19.1796631744288,19.1298595208735,19.470504406826,19.636928109601,18.8056054799594,18.9350791230429,18.9292996915573,-0.455759506764888,0.0571779448946145,0.984534738947309,0,0
"P05166",18.6720014550722,18.8918929702914,17.9915857111094,18.5218821246229,18.4197465585343,18.1168015611794,18.4699433706684,18.2687840694775,18.5065015045496,18.4880167266015,18.9865796560439,18.6132565998628,18.1328175682557,18.4192961812828,18.7298536455356,18.5231707302819,18.5127054600216,18.6599428682698,18.5848567367089,18.1172250640336,18.2665086309177,18.0850259011245,-0.39075454929031,0.0932864067768058,0.984534738947309,0,0
"P05198",21.8963196888775,21.7086759112586,22.0549023115403,21.7875213550423,21.861524629388,21.7506291778239,21.5641977004074,21.9072052383497,21.7763338344438,21.8479059148746,21.8741036596217,21.9125960659195,21.9539354654738,21.8230074956772,21.7256127272212,21.9078836856284,21.8636403452521,21.9664742094283,21.7538556005115,21.9446265367749,21.8839226890913,21.947542626957,0.0637104234470911,0.636745837481475,0.984534738947309,0,0
"P05386",19.9340147457765,21.1689869344599,20.3146382316342,21.7281327580221,21.129946750432,20.8942403096937,20.1675023002315,20.9667611010979,21.0682909345797,21.0279169718814,21.1348552643369,20.9967908758512,21.892112496262,21.1224515783093,20.213962303258,21.2796318366963,20.9143820565287,19.8455991919782,20.3326660425998,20.9857619133206,21.0588889942755,21.3823966870397,0.721350520898724,0.075192843719092,0.984534738947309,0,0
"P05387",21.8628110324962,23.0571932691981,21.928153142805,23.1399602775562,23.0343441981357,22.8001477358452,22.1867004401121,23.1885736532659,23.0356891136606,23.1201174760835,22.5291154862563,23.247316743142,24.0365182352116,23.2387161405596,22.2045515519239,23.0920084189626,23.0746619941224,22.523619823217,22.5517147292948,23.2355163982123,23.1835501674389,23.3696684664098,0.544990734717175,0.157375093306495,0.984534738947309,0,0
"P05388",20.8868579990076,21.4513438691152,20.5107547315163,21.3991127343696,21.1312107744292,21.0915343201507,20.4171019042893,21.3216672792085,21.1861471979496,21.3867960047676,20.7728222857955,21.5016168139883,22.0797424951562,21.5480194812036,20.4415149271822,21.4651817626617,21.1521793860872,20.6110640099575,21.0342535769621,21.1094238959682,21.4222427549439,21.5057000873536,0.419117932366149,0.170146671266214,0.984534738947309,0,0
"P05413",29.5392427860209,30.0289977198588,28.8218808070756,29.0217213568953,29.452074579544,29.0467103404549,28.944921715364,28.1472369157255,29.2506848082335,28.5015131271964,29.2617143912083,29.3095548816594,29.3252598160709,28.6478410125232,29.0458645344165,29.8364407944214,29.0969188763039,29.360473608897,28.2223709474003,27.8423861371489,28.8969579569233,29.1666536434854,0.180424043345159,0.624531689580222,0.984534738947309,0,0
"P05452",19.9607167228935,18.5437087085244,19.2328613329401,18.2270851003528,19.0769825293644,18.357791317345,19.472160794838,19.8721550459851,18.8681558992997,18.798571114572,18.3906429504185,18.3391895957588,18.9910758681048,18.7808189048451,19.0933043863616,18.2703013415213,18.7109784943708,18.315154239027,19.5201090027883,19.4071361520276,18.846351831088,18.9545579251343,-0.0581472835167567,0.887521395772691,0.985429799208273,0,0
"P05455",15.691821314958,NA,15.7971559482104,NA,15.9862106025564,16.803371567839,17.234907305502,15.51356167328,16.7419686304583,16.4793136702172,16.6431659660151,NA,17.0916616736418,16.506757133034,16.1677783399044,15.7087022547381,16.4384669831175,16.8062504824174,16.8307957727183,17.3973234547109,16.5588647761077,16.4027523774253,-0.334405476768648,0.465853752970333,0.984534738947309,0,0
"P05556",20.4560698647325,20.3179532334961,20.3948607133478,19.8449437366077,20.2446031184244,20.1083172350545,20.2405677191956,20.2380879643961,20.5103840650225,20.3932096821281,20.2705435078003,19.9510818085871,20.2144798669246,20.0335211769151,19.9720132876459,20.1327215887341,20.1495465600647,20.1833976657746,20.2104604315861,20.428079404204,20.3899662593274,20.0123349291964,-0.0764864916448076,0.652019960661526,0.984534738947309,0,0
"P05783",24.9156280448981,24.7358343572401,25.534245339498,25.9456205078136,24.9963523009375,25.5619332238059,23.641756238802,24.2835395111404,23.6828213608246,25.3355674242663,24.6652177132831,25.6484656811965,25.2110054548669,25.6730644491337,24.8573998895784,26.0115425568717,24.5726505577814,24.3599512654632,25.4467059993311,24.6838980081443,25.2106425714826,22.7711067497292,-0.517460579464888,0.424555190419405,0.984534738947309,0,0
"P05787",24.6158112515885,22.8340691509432,25.110054019483,23.8790437734726,24.0135661577657,24.1499667261433,21.5353216366434,23.4629863327491,22.7112009407089,22.8877551298421,23.1337933372134,24.3335022314081,22.962089408103,23.6883649773632,23.5530595550278,25.1777147268099,23.0083088666197,20.7117178193702,24.2600416917518,23.4928122574378,22.8496210173855,21.5276914313104,-0.0974835982220164,0.912366750422566,0.989941286910303,0,0
"P05976",29.1081539666876,30.320477768987,29.574078851023,31.3234063188235,30.1321922234997,30.205986510833,27.0922623830042,31.4888648856631,29.6198853457638,29.950208217818,29.608796826402,30.5503778045159,31.1691116180878,30.8088482796523,29.4934626229009,29.8537805271943,30.0179344421681,29.9558950226709,30.0801958995164,30.4769298404513,31.2005012498708,30.6073494852323,0.335506492624155,0.645837411799472,0.984534738947309,0,0
"P06396",23.7133594868534,23.0435039642862,23.2414559678736,23.3011134702467,23.3912614698292,23.4820026706465,22.4598855772302,23.8551871511679,23.2819133023615,23.6228842857607,23.3405726888001,23.4475817213032,25.3330224500385,23.2198757172604,23.7996912802436,23.2678255576918,23.2338007977527,23.8817593088345,23.6021542945152,23.7125926310306,23.472855375844,23.9773230722009,-0.0588328178250386,0.885632192946959,0.985429799208273,0,0
"P06454",15.8583239356166,15.773297387808,15.5582515476685,14.5252108941868,15.4178423213777,14.8910695295312,15.2336358611149,14.5433576312418,15.5815035977471,15.4927778657497,14.1335688151384,14.9004926352464,16.4243908129064,15.2067142348136,15.2169743482476,14.8863875653618,14.6205208846074,14.9045036370787,15.3140292471354,14.6026736088871,15.0630023794078,14.9439180156566,-0.0819483691798784,0.849952442792834,0.984534738947309,0,0
"P06576",28.1377470368756,28.917862672357,27.9344640974358,28.1395757034109,28.2636458405357,28.6083855961081,28.2545663706351,28.0893721119758,28.7136147430067,28.7647480208808,28.9396118420451,28.6384638360917,28.4606750149311,28.2169737957407,28.4172939956499,28.3525797113931,28.7720186722266,28.6608041116949,28.5721835091087,28.4046782871562,28.2165305469701,28.51075190015,-0.341565022417171,0.138185983072855,0.984534738947309,0,0
"P06702",21.0102041707736,21.5097361929829,21.4680109573964,21.5465355909702,21.2714226102225,22.1292802528458,21.6993923184437,20.95540544679,21.6419742709508,21.6980589335781,21.709835717442,21.2279702710492,21.6505659489111,21.5553760488781,21.4609771628597,24.564941280843,22.6356763926519,20.9619612118872,21.8572094446681,22.6673529730558,20.9199132343259,21.8933394050097,0.355666457798133,0.563018895877932,0.984534738947309,0,0
"P06703",24.4768437690876,24.2364606888666,23.5391897748543,23.5888325132324,23.7424499885217,23.2601327679478,24.0309295936452,23.3924485088019,24.1873646114815,25.1717238144813,24.1134758263175,23.7217795363853,26.9717559645354,24.1774035037499,24.0067142026177,23.3530674156423,23.8592884987341,23.8720161800187,23.3183898649426,24.9097078057906,23.9601546768697,26.6534359543604,0.277305887529923,0.707037162498841,0.984534738947309,0,0
"P06730",21.3056882351962,20.2274432493566,20.7216317093142,20.3687373766565,20.0006992664366,20.3022971319801,20.7624308301396,20.8302891148823,20.2943831560433,20.2926517091503,20.0731594504493,20.2917208208366,20.3133246905593,20.3607865470138,20.4016303938519,20.2203922635195,20.3015706801334,20.3927033214185,20.8167293522584,20.4475562035171,20.3167782169072,20.1769686196772,0.0147493153059521,0.951580276129886,0.991875206389458,0,0
"P06732",32.7464651705105,32.5238816744138,32.7925610812922,32.3577968714129,32.5816881763038,32.5473936107782,32.4139315101365,32.052462749281,32.4285513753696,32.6530471771808,32.4784469443778,32.5102486519342,32.2544091931956,32.3689560206284,32.5501000523633,32.4204581255857,32.4353734571292,32.3905787158724,32.3274824285559,32.9199159334056,32.2273437442242,32.2668562935133,-0.338384793997122,0.0643761534280706,0.984534738947309,0,0
"P06733",29.1453162053324,29.9427403924509,30.2235712635777,30.2535884275195,30.0806266949422,30.2305941040289,30.0694196364439,30.2763047908503,28.8905986960216,29.5374969694848,29.7640157570295,29.7759018470448,29.8715762857117,30.138277198922,29.9994569580611,29.7272748081583,30.0462976374788,29.8546067249949,30.1539708470177,29.9815221501172,30.14902311335,30.4434176827202,0.135913328925884,0.657476510460259,0.984534738947309,0,0
"P06737",24.5599948590782,24.9773226602518,24.1167965238727,25.6296917541173,24.9556947974805,24.4864290136436,23.6957288038545,25.1205509719821,25.7344051280701,24.7757067836553,23.947783515238,25.7455381335207,24.6771122890772,24.74915983958,23.8848178911628,24.5030197836015,24.5790536991072,24.1416063512971,24.3859290898261,25.5542662214757,23.8447916674403,23.8629312853533,0.234531295836483,0.649741635624394,0.984534738947309,0,0
"P06744",27.5322119024561,27.382096148101,27.8204416601893,27.401266332768,27.0744433993819,27.5632881670422,27.6564454342123,27.4419338818319,27.0623304852687,27.5353532583012,26.9693575537632,27.3323734814584,27.3962340877652,27.5349495520583,27.4172149935173,27.1402975252361,27.5962019230518,27.5735882529431,27.4289253670412,27.8042590982448,27.5160350564456,27.4398361054971,-0.0145992688387722,0.94119712083417,0.990192879028667,0,0
"P06748",21.6160742899966,22.2200766683257,21.5662338596397,22.5864578841416,22.3437364457516,22.4675995657274,21.7431947662047,22.5434833380992,22.1997708032863,22.0970337059079,21.5279089370788,21.9286262925373,22.7603551822964,22.147031243505,21.8760957846394,22.2154917265844,22.3590702437977,21.2059577284596,21.9601935845785,22.0941464050491,22.6724635512484,22.2857945702986,0.596038506690466,0.0607576444919955,0.984534738947309,0,0
"P06753",24.2584804237498,25.1055710729303,23.5968476480259,26.2129894401702,25.9013539573918,25.3351705386065,23.8228476634761,26.6462407749358,25.5179110224826,23.4831699685207,25.9326671571071,25.1399475847903,26.5650549874285,24.8561677661463,24.6736030368476,24.617391687437,24.8996121135474,25.0956718717538,25.8008195925003,24.410359106787,26.2339501247019,25.2510755810357,0.640479528450232,0.387460587033335,0.984534738947309,0,0
"P07099",23.9753038443794,23.9243467738805,23.4339223647152,22.4783602160347,23.6069333811826,23.2272578968315,23.2115389311241,22.5171771335368,23.9028191016378,23.7566671194381,23.4062332082031,23.4580070140525,23.9469288920519,22.9165800578034,23.1165466836086,23.4178536860594,23.5676658678485,22.7931317513534,22.922458849452,23.3844342937526,23.2812085331049,23.4895770130984,-0.0404503140675772,0.89008049575312,0.985429799208273,0,0
"P07108",25.0415169678265,25.5250985391583,26.1296060797364,25.30756212334,25.6855881372179,25.7473673753128,26.3820156238363,25.467539125389,25.8827027967712,25.0681968410453,25.5329989773274,24.6940135390512,25.2048122922444,25.5762114013899,25.8889740154795,25.6518252419311,25.37249089803,25.7958023418508,25.0391190854771,24.9255077994132,25.929083170155,25.1557104311716,0.289957010208347,0.372532093627913,0.984534738947309,0,0
"P07195",26.1547024819733,26.0004065817864,24.5883410263543,24.8730809473379,25.7290251439049,24.9681140553211,25.5110297156091,23.6154953567651,25.6773310807916,24.8525380740536,25.5560766415358,25.8042991873833,25.9560041307071,24.3945350981225,25.7228952327143,25.4720761171757,24.8632914065662,25.2222136211614,23.6336188884093,24.6149574795038,25.5680703376181,25.4905665125414,0.117652346958849,0.807698734057415,0.984534738947309,0,0
"P07203",21.9344894888585,21.9698854197777,22.0673690991455,21.8050204328554,21.7680600967357,21.6070503131974,22.1526909184145,21.9990656034385,21.844810037633,21.6786977330475,21.8133957088017,21.607484644194,21.4995420812978,21.8853278371555,21.723994876609,21.7475590524007,21.5087037921393,21.7322252442329,21.7737665229173,22.0432549358983,21.6932396147466,21.3976180225333,-0.0774945905830151,0.604715219977371,0.984534738947309,0,0
"P07237",24.4672943900755,24.0598821696803,24.7429081443249,24.513588851369,24.3074733825113,24.4046469280398,24.1265165588805,24.4362410956533,24.2499361119078,24.5866402604225,24.0848107082826,24.3006202936419,24.7299229570972,24.2540765020716,24.1887848701491,24.1998308345715,24.4106464144893,24.1347957153856,24.2477651705238,24.8856109675639,24.2638490930302,24.3771887493955,0.133516591157271,0.526833353393469,0.984534738947309,0,0
"P07305",22.4322785352019,22.5941374098113,23.050101121627,23.4175297921104,22.3866482980783,22.9754421071453,22.6603271054774,23.5782415458958,23.205023047942,22.594725864331,21.6496650128175,21.5997483423492,22.20469795064,22.6464880447874,22.8857369207133,22.5109126654358,22.5308968525281,21.7483692909555,23.7061797471554,23.2772097490445,22.6872427166594,21.9532971523097,0.138430847502157,0.71767415591007,0.984534738947309,0,0
"P07339",23.0659608552815,23.7471094024297,23.8113926563882,23.4139635627819,23.6007081888813,23.6251098847535,23.9134280831623,23.6622903560146,23.5267005906812,23.0923122536408,23.5241666377803,23.1683507319728,23.7311373697995,23.4215375999984,22.8584155251673,24.0006521150368,23.5796002748456,23.6390241520112,23.2565268157471,23.6761688796103,23.1489416237492,23.0349081185924,0.29659095717027,0.250231927994838,0.984534738947309,0,0
"P07355",24.5536228269268,24.2503361455312,24.1827869714859,23.8956612680207,24.3769915566869,24.3924085543762,24.1625927049814,24.1172852045176,24.1561064988521,24.6018897333488,23.9506472210275,23.9632604876768,25.1595425763639,23.9880535782541,24.089615493595,24.3344250173276,24.1553356551515,24.4965087119376,24.4532439879016,24.2583131091358,24.5316336789945,24.6172381887572,-0.048337185530972,0.839242153224785,0.984534738947309,0,0
"P07384",23.09192733047,22.6915651682052,23.2031517963538,22.9158765629566,22.9314702185192,22.8660699726731,23.1079685419214,23.104955112421,22.9755709752958,22.7666283534723,22.9927370832733,22.8258849732936,22.6983096190407,22.9998409187988,23.0566531908029,22.78430977302,22.873366913733,22.8496901759602,22.9501925963948,22.8907543442046,22.9546886747408,22.8425654429196,0.0518662309132125,0.701475034478537,0.984534738947309,0,0
"P07437",26.0592177761542,25.6068372793406,26.4799750252146,26.1208270657597,26.2183165179066,26.2166780623009,25.9353428412874,26.1696371830109,26.0403712973495,26.2016507908309,25.9424119860429,26.1663817137641,26.6835481576094,26.1855435855226,26.2610124225268,26.2726919287154,26.1861548682965,26.2046433939646,26.2270507369495,26.4859957301347,26.186989283652,26.6300225655783,0.18982752621141,0.334871023470625,0.984534738947309,0,0
"P07451",31.1230165669247,30.8372363144059,31.2966253978756,31.0199032172734,31.3111646941865,31.4992268069022,31.2311714182817,31.0064147718678,31.4261736769752,31.2249249495297,31.5383610976515,30.7599881281582,31.3919890511802,30.8092151093463,30.8970793409767,31.8265740395599,31.3654591911909,31.1997784524503,30.8226756829961,30.9352908930889,30.6748301296253,31.52492212916,0.26488850722879,0.286901870761253,0.984534738947309,0,0
"P07585",23.74734888529,22.9403759985578,22.8256909460146,23.5742640513631,23.1336464816563,23.1233181424202,23.5908887490947,24.2061377442588,23.2702661647469,22.7245122812071,22.8866757475045,22.1332236783113,23.9520752513782,23.8903603737909,22.744084071854,21.8848232407344,22.3260960686625,23.0099324056256,23.7285991188511,24.3583868133363,23.9136639108337,23.2234096564974,-0.239920647299034,0.638895108995247,0.984534738947309,0,0
"P07602",23.8636832471508,24.9003982148312,24.5374090668358,24.299224993305,24.2879246974228,24.5001879320631,25.0126483705053,24.6570444240011,24.6281319804535,24.0985501574289,24.3341571493474,23.9721064461687,24.8858727203987,24.2408309970162,23.8093021632804,24.2779319651675,24.3486318471433,24.5999631774091,24.3795072128548,24.7741062940116,24.4780744226587,23.9940252363703,0.261440004716231,0.332200053662605,0.984534738947309,0,0
"P07737",25.5361785512794,25.1320614585022,25.9272871295196,25.5692784630776,25.5776684117058,25.3797796992409,25.7584519573072,25.5684421665178,25.3448675673488,25.4473969552293,25.2876353843403,25.4167749606813,25.9245449482436,25.4282608417242,25.5472558546951,25.6439571851365,25.5151817002996,25.2918151275796,25.505872183255,25.4387365167156,25.6145652605119,25.6557677206788,0.426289237835935,0.0175893214398262,0.984534738947309,1,0
"P07738",21.5887450547236,21.8213874989637,21.4995134630115,21.9939064576536,20.9722068034963,21.0654495129863,21.7394593839113,21.1572319148554,21.225688218419,21.4884739589496,20.6739474963894,20.6819421854593,20.7820364573417,21.1503170859601,21.8561633252035,20.9393443422174,20.9452108434466,21.4000507574302,21.3221172082924,22.8413500015044,21.0450136577922,21.3987662509466,-0.493822552825417,0.177682533086342,0.984534738947309,0,0
"P07741",21.3961423883576,21.5306897126388,21.8880027098538,21.9524035143281,21.7215199019414,21.8281840255465,21.9926252160387,22.4170258689608,21.9205009112308,21.8129762663543,21.9178017138574,22.1383034301812,21.9191650536767,21.9695636133683,22.2590655655767,21.6167329720469,22.047447683531,21.8683807518386,22.5961473372443,21.8179311929553,21.8592905238352,21.8627636645386,0.137958838404728,0.498249360868435,0.984534738947309,0,0
"P07814",21.3385560229262,21.4172954416965,21.6805498649108,21.2145107292957,21.5449060882667,21.3862394539251,21.2980386174906,21.3944485439543,21.5174995744346,21.4561384636691,21.3890299174312,21.3797664069856,21.398119743091,21.4083391065649,21.323078743323,21.4120407256921,21.3600312810737,21.5368778577322,21.4499490091211,21.3024737080308,21.4968606045073,21.5698241125165,0.0309453620546769,0.819792572499312,0.984534738947309,0,0
"P07858",20.0786821942418,20.455527937491,19.461902754116,20.2402400797044,19.8309693945531,20.1661716676745,21.4239755654489,20.4091262443451,20.5075430745876,20.6323109755038,20.6342439845099,20.396487124432,20.938992900472,19.6021382431511,20.5647196754411,20.559099388165,20.4542527847556,21.3440669822978,20.5031413279748,20.5107964955132,20.0302893602854,20.3990655733422,0.066965161677782,0.860015775747854,0.984534738947309,0,0
"P07900",25.9638609070388,25.7085634316821,26.5088338354957,25.9185563132483,26.0538640296607,25.8175167572577,25.9787094804025,25.8335306072793,25.9780802968529,25.9981095993878,25.6241264488417,26.0950685020604,26.3908118182309,26.0526110593744,26.0362252655904,26.0730107896105,25.841059944896,25.8238073748385,25.6894093594251,25.9638686958282,26.013860826647,26.2848920804753,0.385801553652996,0.0457518776970967,0.984534738947309,1,0
"P07919",24.9949518284248,25.5548863330003,24.5145890092638,24.9538461550561,25.1772584230406,24.8396074788786,24.7082577870375,25.0989466142783,25.2794472358594,25.2278739023141,25.3809602584926,25.1217906177482,24.8239554969142,25.1759110515531,25.1651350258197,25.357962993124,25.2554740449943,25.0944324465395,25.2793883219908,24.8605740450111,24.9740081641846,25.1642451833786,-0.283754438518322,0.183651827714156,0.984534738947309,0,0
"P07951",25.705087654176,26.4722709812559,26.5100686963368,28.4943142456361,26.7694300933259,26.6918016267913,24.9948660779627,28.4421247970694,26.6124203491511,25.2095926508254,26.6680615583201,26.8831225379718,28.1223165284428,27.3991427488676,26.594076109175,25.7062011697642,26.0884072164725,26.4339522994525,28.3983106814453,26.3165935609022,27.872755791361,26.8820036361769,0.655437472511828,0.397343437846113,0.984534738947309,0,0
"P07954",25.3940450990343,25.6620404366124,24.8235251200891,25.2356070292686,25.3248202475308,25.1660028749537,25.5303043709782,24.9419913900664,25.3732064043806,25.5107316954283,25.5619513688446,25.4728708124586,25.4306832438147,25.3888964787031,25.442440393915,25.5627209185762,25.61176550835,25.5818531030091,25.3864460478133,25.2510943931861,25.1741724902007,25.4374517978952,-0.217540378886831,0.237799036710703,0.984534738947309,0,0
"P08123",19.9415608570405,17.6608104210192,19.6291993637525,20.1476531432814,18.8011752712318,18.5545719969335,18.5526347058875,21.6888487926118,19.2844940736971,17.9412520578559,19.8668698252551,16.8661538410077,21.0861279516304,20.9833293125446,20.3260641539308,18.0219573813399,18.2568646156309,16.6866358201813,22.4517310405363,16.974328963712,18.9472434490475,19.2704075052649,0.32323387676265,0.787834950128891,0.984534738947309,0,0
"P08133",26.8546080260948,26.3882404215415,26.8857383728425,26.568931433535,26.5108071781849,26.8075274032859,26.8362033279393,26.6588445846847,26.5884754176964,26.7592517956559,26.4293112415791,26.7659597450181,26.9633376724948,26.5821771178975,26.6078540693962,26.5187006672976,26.7221319792916,26.8232188816094,26.475028395372,27.155733301526,27.0017235369061,26.7982471558769,0.148895389269871,0.428215881536648,0.984534738947309,0,0
"P08237",27.877795014531,27.0707051300921,28.5445718777432,27.5624027114062,27.0692466614297,27.6799748885213,27.6729572165686,27.6838180519755,26.767597604149,27.146612081708,26.7995649290696,27.2065461335011,26.9818363634847,27.6641525332655,27.5268883328389,26.9213833114323,27.1768365463149,27.5159277660173,27.8728134496806,27.6371613525783,27.5299739528433,27.3707947412875,-0.0732071372555794,0.816651335180924,0.984534738947309,0,0
"P08238",24.9848089569286,24.6152745855844,25.2312829106171,24.3906450059493,24.6231298512477,24.7844936779882,24.7543668224311,24.5745137711014,24.7165745203334,24.8266248335287,24.4200434036114,24.992653947897,25.1693745647783,24.6632352701328,24.5834715021442,24.6460802884581,24.8263596176797,24.6739896614232,24.4359326306616,24.7348149649504,24.9118955097039,25.2844955966727,0.377935169607447,0.069424001594124,0.984534738947309,0,0
"P08294",19.4214078043,18.0454406055614,18.9503130739644,18.6720400773471,18.8395694997866,NA,19.0602988174726,18.8652455543341,18.71646829322,18.7723961335234,NA,17.9899667757462,NA,18.9377366005641,18.8587857146724,18.6047957151459,17.7181647050611,NA,19.2990127211327,18.7331089465535,17.9888100858635,16.6342841791815,-1.07774582186096,0.0172117253005276,0.984534738947309,-1,0
"P08559",25.5544626760419,25.9050211644903,25.3378986258494,25.1386571648169,25.3644732780541,25.7070110148226,25.4639776639103,25.2906744429869,25.6622204389347,25.5601271174954,25.7439065533093,25.7200599748046,25.3056266750398,25.5960485289754,25.3091330645156,25.5239149729518,25.844352231939,25.6182781556226,25.4884240873194,25.0680747725702,25.5951163656564,25.6415272441687,-0.0713734444432248,0.700102538950378,0.984534738947309,0,0
"P08572",21.1723414789348,20.4620176200503,21.0711537727142,22.0048485262144,20.2023487426131,21.3864153998172,21.3439684484207,22.4108724155745,21.3697559429415,20.7066566946209,22.1197941136214,20.2919126943163,21.4190431364815,21.8018107840863,22.1827267926462,20.9032764080852,21.3564477125605,20.3369949731692,23.5959231806824,20.6462968835732,20.7008011300029,21.5236803162572,-0.0483661436507532,0.936237225962232,0.990192879028667,0,0
"P08574",26.7641208476117,27.5139733735603,26.4889454968006,27.1207818851768,27.0042615800323,26.7718332358588,26.664585728439,26.8710244366161,27.2881699148703,27.1184478296059,27.389977943643,27.4842653919957,27.1694813194113,27.2459223980923,26.9269467931986,27.0940196606867,26.9782286982285,26.8147177813401,26.7785682772768,26.794295348199,26.9643470046967,27.0586742791856,0.00567829674126941,0.98010352320621,0.994529477290085,0,0
"P08590",27.0841315684189,28.675677263111,26.7414902527974,29.6160677903766,28.6702625371487,28.0943307053892,25.3797431462721,28.797913679159,28.6895990592156,26.4202880503467,28.6579703748818,28.5647632187634,29.1654698256234,28.0002332192251,27.7439240651323,26.9016734453431,27.4516504491925,28.1999391693269,26.8946596193936,27.0698004011911,28.8578131500023,27.885871978376,0.467348418711119,0.585577863612191,0.984534738947309,0,0
"P08651",18.4899753875808,18.4695081663733,19.1347916146576,18.7510343043958,18.8526620704764,18.5436759295577,18.3973655401677,18.8790629568448,19.0685478971098,18.1262965799859,18.8861532609781,18.2485134460101,18.4980066495053,18.7194277973642,18.0342064901822,18.7069610815074,18.2996878142845,18.596620178091,18.8421497069768,18.5906268009972,18.6249297703255,18.6165411041716,0.227282346388197,0.321712896202127,0.984534738947309,0,0
"P08670",24.8386782587132,23.9772190600292,24.9238738934186,23.9066335895962,24.6543080240968,24.3354137885372,23.9175810951026,24.5184654553573,24.2015955149902,24.080242640462,23.8167301065646,23.4649275380097,25.4285190726535,24.157158064793,24.6853497718641,24.4771627654343,23.8984730872767,24.1226365638385,25.7146166295658,23.8949920305715,24.921758052106,24.4403623160073,-0.0665522102528087,0.884580369305427,0.985429799208273,0,0
"P08697",18.995549695164,18.012293650549,18.0715492986486,18.3009959009856,18.2632882904953,18.4414829073157,18.30757108496,18.1096126632962,18.520774141454,18.0397961080814,18.1926178309518,17.4413959449944,17.8679480036638,18.3488964789132,18.3982091630142,17.7633082278857,18.3199572524749,18.3800415439895,18.6200340010532,19.2876479698321,18.2265087823943,18.6344325235074,-0.626778171430992,0.0428401614924411,0.984534738947309,-1,0
"P08708",20.1973053590137,20.7379917442921,20.466926796674,19.8002256944352,21.0136082519106,21.1846684817259,19.5702256584606,20.9657165865301,20.9810280596244,21.3093407502797,20.3967139321314,20.8273678443999,20.8304564583344,20.6583379790456,20.6981888029198,21.0534159724312,20.9397746713756,20.9127435227046,20.9502617648425,21.2488783779991,21.0817154424362,21.2935422138961,-0.339083516437466,0.304822159132507,0.984534738947309,0,0
"P08727",25.6554581912187,24.199044286847,27.3016141477257,25.6406842601771,25.5802581059039,25.5304035013885,23.3825517697974,24.9428641067603,24.2197505431766,24.3723363891729,25.2299877315905,25.951450149694,25.0171010281405,25.169031004752,25.1737341898712,26.9042115901105,24.9563993214676,23.0337661711831,25.7328288144467,25.5836263804427,24.527645375372,23.6996617483458,0.240392487889775,0.771613676938493,0.984534738947309,0,0
"P08758",23.4219035940853,23.403031695684,24.3520412768248,23.1791432570291,23.9007763672935,23.9339651033018,24.1097113588222,24.1581213641897,23.9395139551992,23.5109603031786,23.971671710827,23.1958899702587,24.5258609966776,23.9272520142442,23.2475160624224,24.0257363881748,23.8275090352225,23.6627566501535,23.8680864097262,23.4747976597343,23.8198748461087,23.7385822949426,0.476815275992681,0.11461173235291,0.984534738947309,0,0
"P08865",21.7264926116279,22.4267171051022,21.9923493282758,22.5086886426615,22.5149258934118,22.3637098187523,20.7817842447929,22.1374559938382,22.3633206638181,22.234279187343,22.1722760341933,22.381503286229,22.7596239172653,22.3486535150165,22.3035588260226,22.2744042273256,22.4720616742222,22.0292762611035,22.390456099552,22.709946161391,22.340570286573,22.5321146396128,-0.179345501140244,0.557573759049225,0.984534738947309,0,0
"P09012",17.9398209691341,18.5627409747171,18.4255235497542,18.8619356604889,18.5517004637392,18.4461794291105,17.672112336946,18.6432844062859,18.5766826536284,18.5679472045737,18.8707818306543,18.4925318841052,18.7433311253688,18.6654021701516,18.1497922973464,18.4958098823748,18.8254032545119,18.1579304686162,17.9209070687378,19.0286740510092,18.8100992875204,18.6086237351173,0.224137893093353,0.434015255513864,0.984534738947309,0,0
"P09104",28.8298877361109,29.1728887685874,30.074107853597,29.6506227404335,29.4159860608184,30.2659152866451,30.554452119076,30.0686662395271,28.7523680678908,30.3796196530056,29.6290048101521,29.3455915099611,28.9424967604739,29.6781934874449,29.6426216725425,29.9645517486439,30.5667028276162,30.0465206327393,30.0098352345122,30.635536723421,30.3188445508529,30.2543523230822,0.100708088191336,0.824617989829128,0.984534738947309,0,0
"P09110",19.6955398813181,20.129351146833,19.2616016671834,20.1356327568536,20.6866473592408,20.1924379772606,20.3684425909732,19.5092542363995,20.5161870464584,19.8643816436549,20.6145367628384,19.9439838698388,20.1417571648575,19.8879219581467,20.276124622881,20.702211087206,20.3229124708079,20.1542682295086,19.7232408432858,18.960770178373,19.9676562508673,19.9143886954289,0.126094287778077,0.718796892788192,0.984534738947309,0,0
"P09211",25.5925122611693,25.3402428753087,25.8611314857683,25.6829308089619,25.4374601265869,25.6716143289813,25.751447599511,25.5512765387974,25.6099853371695,24.9079059592823,25.1557753889236,25.1617118007915,25.3655191737536,25.3459126558646,25.4058043288625,25.3475265715513,25.1049580833592,25.0604648473487,25.3004332890791,25.5055774057416,25.5623571737604,25.3229949993749,0.327641992385477,0.0892385631843637,0.984534738947309,0,0
"P09382",25.9094722461904,26.3067427413484,26.8256454698701,27.1910295025425,26.9874916817615,27.1313234431824,26.2684242459343,27.1755410059102,27.2717264128569,26.9170510492426,26.9703982444727,26.2188305404686,27.2904506198904,27.5005862783677,26.2676949673936,26.7382586472467,27.6699072644714,25.7336192991703,26.8318127357185,27.7163244434697,26.8675590499037,26.8140869776858,0.365901398176973,0.403922424836956,0.984534738947309,0,0
"P09417",24.2694719956578,23.6548033328316,24.3785055720295,24.3610770564405,23.848130930652,23.7103789355404,24.4964336521775,24.4787143995903,23.6681826837565,23.5872522759333,23.4269830771876,23.7354422005567,23.3088332620954,23.9582317088952,24.1425081563236,23.3514933508802,23.7407752584146,23.9225071105254,24.2304222396447,24.0589245838824,23.9377658657647,23.5260918802033,0.0646274579633008,0.775200933332917,0.984534738947309,0,0
"P09429",21.2657241894957,21.4504776018714,21.7671922728858,21.754763675824,21.9451311799463,21.8606670130708,21.8214090806144,21.6632201689138,22.0506328956878,21.8283067174504,21.5107472991737,21.3194388773203,21.5504036532729,21.5726093145447,21.3307904842439,21.5036486670333,21.6972202754111,21.8882603142868,21.7252428979754,22.3021038221352,21.8897725443518,21.3980779556801,-0.0361064191751801,0.868177577704075,0.985224662710431,0,0
"P09467",26.0376103390558,25.8538872629172,26.7641794310734,26.7106726489423,24.9307045875036,25.8765808271697,27.1017273912446,25.9865702452607,24.8421440453984,25.6208382250189,25.6879314884405,25.3491735416446,24.9819143035353,25.6464444146084,26.8876058607506,25.0599406015444,25.9303985968268,26.6289278497693,26.5611805009059,25.3058416486959,24.7537137764093,24.9152705883029,-0.427798189535842,0.363217568220775,0.984534738947309,0,0
"P09488",19.204189733594,NA,NA,23.6094393824945,24.9997936327298,20.8994556297891,20.2698969966878,NA,20.3340194360104,23.505971588745,20.7840508101051,NA,21.2280583518741,NA,23.2594474258867,24.7208814658495,20.1099147143938,19.9952734649943,21.3630034186544,24.4262519606521,23.3603405285788,23.4097800645555,-0.217285367976984,0.898997631211231,0.987424911698517,0,0
"P09493",26.9644558815508,27.2358199665625,27.711275771495,29.6102523873977,27.7697625862731,27.5179665327783,25.7318694685012,29.4265141994635,27.5021679182232,26.2216296485032,27.4708137563475,27.9728722980131,29.0763116524237,28.4404258744072,27.4394134488658,26.5868158418872,27.0083505822374,27.3873679914659,29.7880070614666,27.6098867501163,28.8571404734924,27.8805246765637,0.56365691585215,0.489733561739021,0.984534738947309,0,0
"P09497",19.0241402589022,18.8185743818019,19.3552663159462,19.0963479313636,18.6949212456982,19.1357439646942,18.5667921472242,18.6786341292017,19.0479328650875,18.8738363130136,18.8692230170247,18.9794134291182,19.2340267010319,18.7072546601958,18.7775626309479,18.7532369568354,19.1302139214595,18.9862953281216,18.747521715925,18.6701006690377,18.802918501496,19.2053712211814,0.286037935250288,0.147360041879066,0.984534738947309,0,0
"P09525",20.8134683246911,19.9401661814008,20.0051216470793,19.91365997938,20.0922658785478,19.8320193177834,19.8805191912186,19.4893677782308,19.9907418152961,20.2801911148195,19.6879862923475,20.1690546620571,20.4514555561906,20.0029593457697,20.0082547193786,20.1991848349981,19.8574348290859,19.7554132547134,19.3189972790403,20.358046988394,20.4656010392857,20.2300482673684,0.0882614446810379,0.733725740848755,0.984534738947309,0,0
"P09622",25.5866128945274,26.0467224498486,25.7067185541674,25.5780535516725,25.6042612884575,25.7366837493949,25.7764074062133,25.5097447755064,25.7262212273785,25.8613588262934,25.4261355585228,25.5649471896593,25.6185555557029,25.6981905023639,25.6704421082857,25.7806108469999,25.8941224326578,25.8418545582598,25.3301016459274,25.4350670874506,25.6417279064548,25.6628325376119,0.0478015395372005,0.775340378530238,0.984534738947309,0,0
"P09651",18.988978197948,18.3151027522221,17.9076568836353,18.7061469844181,18.368194901932,18.372718895116,18.2543848642769,19.0723646206767,18.2530153729695,18.3536087099583,17.5001020799237,18.3288382522589,18.8281781201589,18.1080226627364,17.672539778543,18.5682729097382,18.2829055855973,18.022023977674,18.9982063509746,18.5722302029903,18.679307424181,18.6379171912676,0.401894808295292,0.239702081476124,0.984534738947309,0,0
"P09669",27.1914949491054,27.2798518825809,25.8685540128658,26.7637115161426,26.4242658435459,26.0572142473679,26.027537997314,26.4433016485792,26.7204456395838,26.6796598360626,27.1248202446228,27.0949337464818,26.7761841050865,26.8395522364874,26.7067176536375,26.4540378651325,26.9386202246067,26.4109560817323,26.5666040429333,26.8052597790603,26.5579301546997,26.566824364726,-0.362570552965117,0.216159103086901,0.984534738947309,0,0
"P09874",18.9612261788475,19.6373593992746,19.3952515767315,19.2774935357047,19.5715078641166,19.8182082512505,18.6479727146416,19.8240107923364,19.7809074447884,20.0694971635788,19.3395774812282,19.5641514030838,19.4896577200351,19.5345864339693,19.1652433185315,19.8147394849888,19.8281014760078,19.8003884348731,19.9113247676619,19.7994929444528,19.8523273540595,19.3449192290593,-0.1743265789008,0.539314956408689,0.984534738947309,0,0
"P09913",26.2246673987935,25.5742814053186,26.7709028170178,26.368147919132,25.9330421061338,25.5501407328036,26.5593725090353,25.4706928843306,25.8159803463095,25.3795043781654,25.1565422619241,24.8079257962234,25.6550511011196,26.2807561194925,26.2848486130955,25.6638290751954,25.7202117118386,25.4999350223035,26.0355505430417,25.7501485881372,25.8010895462206,25.561538086797,0.125349356993524,0.70553643371781,0.984534738947309,0,0
"P09936",21.752910663843,21.1692333036031,22.0254479321528,20.7332648728513,22.0322704604719,21.6950021831423,22.1586225171676,20.8519060603095,21.9077496671717,20.8752533433376,21.9463129252328,21.4380546379618,23.1902048138821,21.681645879876,20.9775140495396,23.3251029959303,20.6407798408942,21.8562014556801,21.0133965053262,21.0361045651554,21.0492892561463,23.0166893832394,0.7539487268857,0.208087441373192,0.984534738947309,0,0
"P09960",23.7706497017161,23.5093571292567,23.8817964283221,23.4301539612658,23.5088547874647,23.6922100482339,24.1774885525599,23.4999563582901,23.4745606477882,23.1276003789557,23.231538221788,23.4578698350981,23.4295085886795,23.5575813333976,23.5558146708755,23.4217412549163,23.5542009009438,23.7049173434897,23.2510068064006,23.6105790153679,23.8043402588383,23.5425534113434,0.218478686139672,0.290361609269168,0.984534738947309,0,0
"P09972",26.3486377704929,24.6395591268369,24.8809082343135,27.7766247313774,24.9660276900491,25.4045451121069,28.5147760042398,NA,24.7719279400739,NA,NA,NA,25.4054956263646,25.3505042255234,24.6670122170602,24.7090587960161,27.4373990421999,27.6678308807938,27.8278353218073,25.2688774724406,24.7398922423943,24.9850473740285,0.523218233360854,0.643332852465618,0.984534738947309,0,0
"P0CW19",16.5542853790683,16.7046445871505,NA,17.3982502419423,16.7332759105627,NA,16.4519892210696,17.2466638513696,17.0094915453749,16.8865577664172,17.5122541719393,17.1615996466603,17.4460864481374,NA,16.5410905606378,16.6986344631811,16.903577145653,16.8675860848646,17.1539018156651,NA,17.5371647996369,17.263630590163,0.467565847268812,0.16517909321135,0.984534738947309,0,0
"P0DMV8",26.8231249190978,26.1693546517514,26.9777183301939,26.6750379076451,26.7260712582385,26.472541867989,26.5223537196043,26.7019142530116,26.6236472456184,26.5796084190478,26.6539514402021,26.646172630092,26.707347126473,26.4828702769334,26.9416490708439,26.8276086886184,26.3623777472397,26.3114834776383,26.053388114909,26.7070292620331,26.562826346461,26.5069392145926,0.232286783601506,0.265568654884436,0.984534738947309,0,0
"P0DP23",26.6216228882784,26.552370955881,27.1944131696416,27.4730677299581,26.9419549031059,27.1690983463707,26.7078826316002,27.4013236746413,26.655698071253,27.0402520110939,26.4936897535528,26.884753104375,27.4207162236868,27.0493732328526,26.8472204259135,26.8932122212046,27.0367352481085,26.9829709761023,27.3636526836727,27.6832516961563,27.324342284477,27.081748267189,0.204936334272414,0.428898864376931,0.984534738947309,0,0
"P10176",21.4377603665201,22.4384162937618,NA,21.4974095561475,NA,21.5365312767318,20.763527916587,21.4416038822082,22.1146135773695,NA,22.0237289761374,22.0466425152955,21.4641235636605,21.8662699464405,21.7589808504684,21.6718430989705,21.6296987199807,21.2909132022889,21.6528530216422,NA,21.7910812973129,21.5679511230664,-0.362700549296825,0.287470189498177,0.984534738947309,0,0
"P10253",18.1300524743556,19.1053507085209,18.1871246801438,18.3884772722379,18.2241437498603,18.3379040876616,18.3380702180035,18.0885161313415,18.5753850585171,18.1924898892778,18.6627213463108,18.4437935881228,18.4060583688568,18.6584422127289,18.0123850593445,18.5382904618954,18.2621049960561,18.0598342489591,17.6343653645756,18.6782665209154,18.326184227873,17.9677177792801,-0.0112294815730891,0.966077507038415,0.992365658656292,0,0
"P10301",21.7163214663395,21.2226305730545,21.4430519598267,21.3670028193107,21.3864661790239,21.580283728784,21.8800561797975,21.6568703126579,21.6511498139684,21.2555040579365,21.776354847614,21.5923861551619,21.6520206973153,21.3965749104825,21.6158635894344,21.5752607410562,21.4635896170582,21.707194918801,21.3424051383815,20.9409261631197,21.7287767340804,21.575762790906,0.30740592020604,0.124661173853062,0.984534738947309,0,0
"P10515",24.6256424138381,25.1577414150326,24.8885083091691,24.5525516822834,24.8089355451907,24.8198292336338,24.9175663624615,24.97267409102,25.2034745314515,25.105571962909,25.3693691588949,24.971620519923,24.3161788758021,25.1830346340026,24.8281003552178,25.0125946787578,25.0497974971696,25.0699792358872,25.1241146497517,24.8258417568292,24.8859122551644,24.9154787941661,-0.221843649146578,0.30828560285237,0.984534738947309,0,0
"P10599",25.3271918386031,25.3111372098397,25.6545238020298,25.6539661083177,25.519324687165,25.5053806169848,25.9613770716007,25.4603931530126,25.4238934549299,25.4527982081508,25.2482041060432,25.3953871777136,25.4733487462672,24.8838050492427,25.4013033044746,25.5126871786782,25.5555514438696,25.406599592635,25.5806769336991,25.943694004542,25.5093142328987,25.2011763552841,0.234853019046952,0.251347867406212,0.984534738947309,0,0
"P10606",26.5606239106126,27.2709914421557,25.7702457201602,26.9416006376792,26.7045608199936,26.8146710058718,26.3793635441043,26.9772553450997,26.621598396811,27.0745611884511,27.520617658637,27.0071539511379,26.7872940237303,26.9808136259721,26.8886435126661,27.0186687553916,27.1287256944536,26.8841136157973,27.0703320913286,26.8679203332183,26.9581357868383,26.8628191012791,-0.430890025840743,0.107273841019803,0.984534738947309,0,0
"P10636",22.6667254976987,22.5551801412541,23.1929980424402,22.5168389273162,22.6686914713552,22.9377157285429,22.7253394024638,22.8476413298812,22.5946029995965,22.875897810703,22.4956052551848,22.5321702003773,23.062117637454,22.5472444489366,22.8124672200172,22.6282584287807,22.8699667980003,22.8554754053619,22.6091217893189,22.8690091498721,22.6573141662072,23.192923916136,0.160643078007734,0.425476949390283,0.984534738947309,0,0
"P10644",24.4007731510714,23.9807832660957,24.6750668430892,23.9692202007461,23.6360989812039,24.2851002990092,24.3292152501763,24.3349402388596,23.9488521128376,24.2413070839446,24.0916476828897,24.3250202728076,24.0758798153395,24.2986917402412,24.0327562865746,23.8010862417043,24.2093759443456,24.0957437606969,24.2760600897578,24.5315704417613,24.2754125345215,24.1561154422209,0.0390244297895492,0.851990575407727,0.984534738947309,0,0
"P10768",24.8970837678186,24.4979103633401,25.2899811585288,24.6712392191409,24.3828022834192,25.1364719958589,24.6314693589239,25.331792271011,24.4271128540796,24.352464065115,24.4910795036446,24.456281139191,24.0031358904567,24.5573451646333,24.6246461834503,24.6672963914345,24.3475490712125,24.653632301953,24.9376172983253,25.2630443015122,24.8950763221211,24.8228205398671,-0.0312135151235289,0.911761093761741,0.989941286910303,0,0
"P10809",24.4700254978838,24.6580242983681,24.4081301273725,24.1776829095194,24.5046434630782,24.1884333310706,24.7632426634039,24.0669685410231,24.5419966086188,24.8642347109799,24.9760806842731,24.69166880128,24.527675490476,24.7107466391677,24.6159128992719,24.7074353175756,24.6428076219547,24.6508820042306,24.2786394974516,24.2788006687262,24.3013601537503,24.421551137067,-0.176882749040402,0.405360732754079,0.984534738947309,0,0
"P10828",20.2516914164861,21.3105781548452,21.3392578288582,23.2410886076154,21.1881410985382,21.3223436283457,20.3839897634811,23.9171063767341,21.2656773319401,20.9635932621034,22.3584262485868,NA,21.9915136059268,22.083317097845,20.8168603035478,19.964078315897,21.5807136577608,21.3899180712861,25.3357857088243,22.1969202190053,23.1308886615881,22.2709223975713,0.20359517530165,0.83728296912381,0.984534738947309,0,0
"P10909",20.314359010433,20.1282505347303,19.6871839048952,20.3358314008476,19.7414686185132,20.2185640053041,19.9988069879175,19.4844377705643,19.8483290519555,20.9656126851838,19.1340081378995,19.4069276313744,19.4033498274737,19.0816878642134,20.1472275029529,19.0537981560046,19.7111141889903,19.6096860560827,19.9585798964981,21.4943891327823,19.384301894689,20.0437805300076,-0.770561394523909,0.100151256779223,0.984534738947309,0,0
"P10916",28.0311375417293,29.333688105101,26.3297513133088,29.9845256062367,29.518245170021,28.6993050526959,25.1006417248235,29.001610409742,29.4980873345337,28.6523827515981,28.9810647588941,29.3279543228841,29.6322460486168,28.8039488764016,28.2279544685612,28.6860818382506,28.7412986361692,28.2356437588419,27.1059678428542,28.5082835750259,29.1020027162531,28.6585671744317,-0.0380485338469825,0.964429770000384,0.992365658656292,0,0
"P11021",23.7923153915085,23.6519759092679,23.9870735779431,23.8313023373024,23.8219064564887,23.8557182769968,23.6396004027922,23.7923827368355,23.6341226213844,23.7206023014425,23.5814767014315,23.6730206339418,24.4446983656262,23.8455339585693,23.8123023276581,23.96961132148,23.9072334310037,23.6613474619235,23.772492240171,23.7912248442517,23.8109633590897,23.8978813675516,0.213551742329667,0.204891276527048,0.984534738947309,0,0
"P11047",20.2758300184102,19.2481257545623,19.00771087572,20.120158381104,19.2339347622837,19.839287514443,19.6283813706572,20.8135842405776,19.8346360020246,19.5197787843146,20.4531076739437,19.5144236739296,20.3011043731806,20.3183715248076,20.4531245670074,19.7241062603252,20.1367701587981,19.0349987414963,21.5958669116109,19.1621465431421,19.2493503025528,20.1759669541188,-0.14339794777154,0.782468004815059,0.984534738947309,0,0
"P11055",23.9443320767251,25.732666567194,26.3732434265435,27.4740458362933,25.4694651082225,25.0835619338429,23.1529140377599,27.1787843069766,25.75573506084,22.2655179866564,22.5507097795536,24.3595970378573,23.6612795450318,25.4660417619086,24.9635014813803,24.2941646781778,23.1343470906839,26.5059944936948,25.6240895571461,26.879459105679,25.9384680939899,23.0867202097656,0.00384778760620463,0.996989963352432,0.998550198036865,0,0
"P11142",26.9741531110147,26.5719055512697,27.0323695840605,26.7690104786108,26.7137700435927,26.9335344626601,26.6448699298686,26.8408528090208,26.7586810770145,26.6710261828441,26.6720423813827,26.8939145689965,27.1683701956769,26.7117516464757,26.762559638053,26.714742619977,26.718108693664,26.7250141705869,26.4512656507636,26.941848259875,26.9267368764987,27.0693941344456,0.249808128646713,0.142897008063313,0.984534738947309,0,0
"P11171",19.2419924601541,18.7145959488946,18.395995657746,18.6304757910948,18.0369580998504,18.8749524993924,17.9714783482596,17.3200406860683,18.4881351504894,17.7449508915206,NA,18.3373600060684,17.5331842952223,18.3914185548318,18.866471435928,NA,18.1816095752285,18.0439986255214,17.9376549109117,20.0133184578354,NA,18.5447747539703,-0.896632071695155,0.0939391337271833,0.984534738947309,0,0
"P11177",25.3711806954436,25.7258021276329,25.203299091171,25.2751632113573,25.4108751408922,25.5241224381537,25.4771701909188,25.2820557633079,25.5408558228134,25.5212567308208,25.6585993865259,25.6029059043201,25.2129716787195,25.5826180116099,25.3142452460258,25.3677825197813,25.7145276059242,25.5596844316322,25.504791971035,25.2169709833374,25.4134312581123,25.5193429736241,-0.143432409312293,0.374883051519164,0.984534738947309,0,0
"P11182",19.6276161094077,21.19884342113,20.2570844625785,20.9424702218774,20.854769346522,20.529654717125,20.175722832718,19.8499308638596,20.4223430943582,20.7291117769741,20.5380970022025,20.4558037392624,21.2151628421135,20.409619552931,20.4704797829695,20.7598605569138,20.3815778605925,20.4395207518026,19.7869339007904,20.3427560312681,20.4413510947179,20.2563022466014,0.04497595226605,0.887379560726792,0.985429799208273,0,0
"P11216",29.3241031566593,29.6273767030963,29.1451440532511,29.8565301770169,29.2909339805901,29.083289247327,28.7357753726437,29.4801549114079,29.4259371177352,28.9750288512143,28.809558054776,29.6255576382705,29.308811926217,29.090522442686,29.3918541853954,29.174349828155,29.1355653697646,28.9034512755617,29.2721403924315,29.4738305731239,28.4548908809248,28.014278574209,-0.130457410115696,0.687290385527237,0.984534738947309,0,0
"P11217",29.1685889925958,29.3301242678413,28.9983747448907,29.5921108539154,29.2739514147948,29.3870369654382,28.8925778452329,29.7027181478917,29.0765117635117,29.3001683542805,28.9253020207251,29.3331380854614,28.9404670922505,28.8535372892954,29.1286954062998,29.1983614649793,29.2570917285569,29.1995178531867,29.3827307184098,29.6084303717654,28.4870655281935,28.2190691616068,-0.307120149140797,0.266704459688745,0.984534738947309,0,0
"P11233",19.9349402834032,20.7251574328526,20.6004409067178,20.8808333258814,20.5493163522568,20.6247104481841,20.4321851918411,20.6692784041845,20.7505371207043,20.4935217017165,20.4412097587365,20.6889160895199,20.2820580586845,20.6636037067401,20.0515418725168,20.469100006244,20.3763533094455,20.5155252906381,20.8053148359012,20.8549271528093,20.8104139882262,20.2886014870651,0.112903578483945,0.610864771961775,0.984534738947309,0,0
"P11277",22.0225762659223,22.0989245383202,21.7234808377301,21.5495099434879,21.1273558737453,22.0599444196343,21.1587995539971,21.6765206427037,21.893415714791,21.4913853113004,20.598360852122,21.1381019926593,21.2411506451039,21.1160412767115,21.7590316740395,20.9918730017134,21.1202849109425,21.581327459285,21.7389206688768,22.7748535640408,21.2088789960871,21.7240612494119,-0.52272233423648,0.168719972182113,0.984534738947309,0,0
"P11279",18.7172636208082,18.8329255157442,18.8491728286911,18.5000974358118,19.2062709803888,18.8898913813286,18.7862856400619,18.5269275527543,18.7507978776991,18.8263949257713,18.6768511129812,18.2115958751302,19.4673158697062,18.7055582162082,18.6531630468417,19.3484436494946,18.8783909215275,18.939680594652,18.5899653850991,18.4856456883373,19.1607490942076,18.7727890514498,0.122801501524904,0.602691386390227,0.984534738947309,0,0
"P11310",24.5076231089918,25.0877719610759,24.3595385253902,24.3412651541091,24.7475098774329,25.0961224140986,25.1188765380762,24.1793934084689,24.6107594383377,24.5401085773722,24.0667459147495,24.6677038253756,24.5206673111508,24.7721547633855,24.2293214020104,24.773500660663,25.4180017782087,25.074324369179,24.3905052564139,24.8083301263623,24.6138423652013,24.5693837841855,-0.0467575920831642,0.86965110136845,0.985224662710431,0,0
"P11441",NA,15.7660673564118,16.3871527512954,NA,15.8044744856317,16.2906190036376,16.0987578876058,16.3044462799126,16.2956992376727,16.2909939261497,16.2223366112306,15.851806510673,15.7681716762294,15.9786165711947,16.5170952596509,15.5472271217939,16.0799834832851,NA,16.3104663442586,15.9473148376354,16.3682541904465,16.4439190547514,0.0315097378762097,0.900838526504596,0.987424911698517,0,0
"P11532",23.5815870065481,22.8532678686878,23.7093410712034,23.0658584712295,23.1485634523746,23.5242497328313,22.2581022810543,23.299402576296,23.4954390192579,23.2849036738432,23.148924905314,23.0261998628745,22.7127164365162,23.203694382779,23.1002528899299,23.110770872951,23.1675527412077,22.935562105147,23.1898201514455,23.539763101303,22.9688057514053,22.8771105562147,-0.307913245384253,0.252523216054532,0.984534738947309,0,0
"P11586",22.6489023240681,22.3864612692102,22.4651102870972,22.5889410689781,22.3034045617661,22.746700877383,22.6112879730942,22.2319457061552,22.4980846979433,22.552782291034,22.4317171422247,22.5743868595645,22.5238635195648,22.4399905413513,22.3865756784035,22.2523689589853,22.4839413988783,22.5654957110057,22.2522945923457,22.714399283493,22.3521142302994,22.4209117736271,-0.0697408354606743,0.653412569816921,0.984534738947309,0,0
"P11766",24.0674994708265,23.7818390862322,24.6352541520658,23.8165764835078,23.5303105417876,23.8447421906152,24.5398151705257,24.1812200406616,23.5176809459744,23.6240975172988,23.240027548703,23.5686730533418,23.9333745652626,24.3239570480754,23.700044231533,23.3666164811399,23.7469527144879,24.0372887694205,24.0391335017133,24.0060055545067,23.7923925504619,23.4530071788363,0.0789069021751629,0.75550813549122,0.984534738947309,0,0
"P11940",20.4977258758078,20.2439273849705,19.638923743908,19.8880352957588,20.3002319935953,20.1707381275458,20.0998259340262,20.1886752262026,20.0955360976571,20.0239000179573,20.2235887912911,20.1004724218353,20.095614113277,20.1214085265673,20.13222644784,20.3674779634149,20.0047482720677,19.9297580940055,20.2550643525155,20.0438730122299,19.8850068700129,19.9443235273982,-0.291344997648043,0.0880200469905636,0.984534738947309,0,0
"P12081",18.8977159600138,18.6032614328079,18.7616657628621,18.853485024514,18.5963783251712,18.4627084975975,19.0079942085241,18.3914092941374,18.8052075377756,18.9083116806987,18.699831369613,18.6448429233694,18.7383623398937,19.0172108598244,18.9446913584856,18.4690639447762,18.9905176716258,18.9735418588366,18.644539086592,18.5713771309309,18.7319286729415,18.6338719071574,-0.0595896610609508,0.741515067946962,0.984534738947309,0,0
"P12109",19.9961955503327,19.7493108543665,19.6532716946213,20.4332524507291,20.01096645211,20.1924402610865,19.8461479609925,21.2725140039027,20.313720956917,19.9450281428124,20.851606453377,19.2859956363192,21.3746050676437,20.6763028918276,20.9163510974566,19.9841622242473,20.1463610586969,18.7295747816878,22.2477243045795,19.3597479110328,20.1892603739749,21.1514240588335,0.148884667054077,0.815828603534843,0.984534738947309,0,0
"P12110",18.3474735684665,18.4820016856634,18.3937426391731,19.4940684809787,18.4767077475948,18.96559460472,18.7716003488519,19.8862874162236,18.4871719961835,18.4955523193229,19.5111131647627,17.8612903195095,20.0080711144622,19.5502861264062,20.2050199000814,18.6726889846405,18.790973750755,NA,20.7856603887302,18.1749899544229,18.6894295214261,19.6737887343665,-0.431194771291917,0.457609965172273,0.984534738947309,0,0
"P12111",20.352131071164,19.8713202306665,19.8458171423309,20.6800167923543,20.1887115033754,20.3441761742773,20.083148884613,21.4714564767017,20.4646943332378,20.0131205052693,21.0126364861904,19.5994272590983,22.004192212705,21.0800637714655,21.3009838064941,20.2358772565173,20.7386932865943,19.2269527167972,22.6150461812484,19.5301411417099,20.5683974891548,21.3650191771883,0.213307654023691,0.745781781366577,0.984534738947309,0,0
"P12235",27.0755823272739,27.6651139248061,26.8089849152758,26.271494236515,26.8607319643403,26.7674063275861,27.2861108551964,27.2236617946766,27.2151536814564,27.3351297529774,27.5508428092788,27.4285054531186,26.9979553180061,27.1047452219694,26.9790780142615,27.0963680692137,27.117900612186,27.1163779949868,27.4510652967855,26.6316697082526,26.9278099985573,27.4283654284443,-0.138489855083186,0.611759812736242,0.984534738947309,0,0
"P12236",27.1636484564053,27.2528649067396,26.7877971988804,26.3708957770443,26.8802851748856,26.7407807320865,27.1654749819493,26.5699583726341,26.9214280462545,26.9276156373279,26.9361561787096,27.20777857787,26.3139060156922,26.8544060236425,27.0721730153856,26.9267160988917,26.7389452927707,26.8555552148717,27.0515123193936,26.5865121350411,26.3930773636332,26.6270168068087,-0.403239354729063,0.0889186724510623,0.984534738947309,0,0
"P12268",22.2340897001715,21.8193776959822,22.753593037144,22.2507422993825,22.1134029325688,22.4804868466172,21.6136500431281,22.5165507593467,22.0062976036021,22.0619847340289,21.7567410079163,21.9779825561787,21.8684055580572,22.0040556958675,22.3750831267647,22.2153679939087,22.1715215928877,22.3786994706737,22.2880756797848,22.2750381062107,22.4292330286859,22.138967647722,0.0198755760195901,0.933778693591938,0.990192879028667,0,0
"P12277",31.3854690781872,31.6701957558533,31.4078487220686,31.2582701648687,31.2351280208225,31.0423444426795,31.5114510316804,30.7090510212253,31.4362460666381,31.1398688517978,31.2710492856279,31.2378209977557,31.4445824805022,31.1192250698838,31.391437899611,31.402805955099,30.7422060212815,31.1985616831833,31.2627479857828,31.5146937164563,31.0916016906674,30.9776188899963,-0.173996436298214,0.417523217789419,0.984534738947309,0,0
"P12429",19.4871605861365,19.2341645234419,19.0372055219228,19.1697917221993,19.3066793151952,19.7976762929177,20.1661230436502,19.1625674751557,19.6990434772119,18.5473824761861,19.1412723900021,18.774580586154,NA,18.5102389665403,NA,18.9764930014646,18.7279228506374,18.6780607163654,18.531913721775,19.0380178458256,18.9317263500371,18.8263094012571,0.357903816731881,0.243590681531798,0.984534738947309,0,0
"P12694",17.6781901793989,18.6681292453972,17.1089999438499,18.3317472442087,18.6798079282412,17.8803224669344,17.9035482919303,NA,17.989312085213,18.1501337443821,18.334356311064,17.9628248314821,18.256166600916,17.6154033413207,18.6589186634542,18.5355664480986,17.1711215038122,18.2399940271732,17.6669345548385,17.0777681610189,17.8787216854974,17.6359890867343,-0.347364563312279,0.385980486966762,0.984534738947309,0,0
"P12814",20.8563265671268,22.4427710511069,23.667765455609,23.9333578927278,22.563165760905,22.6809960212735,20.6269963894756,24.3366443499687,24.1730108437545,21.09321405546,22.813988806389,22.8255099140967,24.713265497718,24.0105854705523,23.4680983929007,20.5984779178301,22.0045809979356,22.6022370606582,26.4760427977997,21.638823860776,23.1485765598474,23.1669941043619,0.376221258024451,0.72437975948966,0.984534738947309,0,0
"P12882",27.247255601522,28.744219722347,29.5255424187163,30.4048143642916,28.9103395539862,28.3739545627834,25.9653610636534,30.0446283342133,28.6683454903822,27.0997353263918,26.4406265884986,28.3241427508472,28.2928380356488,28.6931004286918,27.9445317182662,27.5963123920599,27.2626571584019,29.4426140421735,28.6957751637943,29.4547924107689,29.0469275744189,27.4293539822288,0.264925671191847,0.755217139161693,0.984534738947309,0,0
"P12883",28.0931522468076,29.7950703666805,28.3002747457502,30.5991120896684,29.8578190584548,29.0673168537142,25.3887841749762,29.9163515680308,29.7226834395502,27.8564316749949,29.0294146074724,29.8908967560582,30.5848399919265,29.2255966080068,28.9430337947637,28.100276916237,28.5762759970987,29.3750531187332,28.4385425073585,28.3399183100233,29.8818050322491,29.0710737689302,0.322006278213973,0.727969460473513,0.984534738947309,0,0
"P12955",19.2075425871325,19.0773977375754,19.3542046258864,18.9732007059249,18.8024578609559,18.949621124688,19.4700234880691,18.9467873649772,18.6855638692191,18.4919486697546,18.7949945123867,19.111942100021,18.7772131847696,18.8298474489588,19.1547178725076,18.7493097701817,18.6676236096834,19.0297628817892,18.8457272096725,18.6734774971752,18.7909955480822,18.8821119692467,0.121788377043245,0.551176819559306,0.984534738947309,0,0
"P12956",19.4826436193406,19.484366165342,19.7821840853835,20.0484916238085,19.7718796919841,19.6609990795866,19.8567777303925,19.8205409478009,20.2172674757083,19.6629153227858,19.828304606274,19.5204498588865,20.0118299874105,19.8640638013697,19.4751025128876,20.149801379626,20.040333914959,19.7819938032474,19.8574411913508,19.924832506345,19.9656257359244,19.7988013669668,0.430321235988664,0.0206180619726715,0.984534738947309,1,0
"P13010",19.6621273978926,19.4055590926986,19.5473988831107,19.8233662727237,19.5338476074848,20.0102142715341,19.8869050938407,20.0378353038284,19.743823350045,19.7070362017372,19.1989837014229,19.6291055684406,19.64241173666,19.3132425908004,19.2449684930667,19.6533830898828,19.3752328399256,19.6843193314804,19.7582601539605,19.5590240085726,19.99444186898,19.9217025459055,0.412321094637619,0.0549565854839617,0.984534738947309,0,0
"P13073",27.7336127743679,28.0437053493499,26.7839791472796,27.3371469105679,27.3208399057972,26.9395205527848,26.8040318341251,26.8024825061851,27.4401605751851,27.0545179709235,27.5773341873322,27.6717316099657,27.273083486742,27.5528523037071,27.6371271278384,27.090901100168,27.2528150231869,27.1528234078168,27.3455074307495,26.8581663360416,26.8914417594219,27.081582934073,-0.510397597728453,0.0737536912255421,0.984534738947309,0,0
"P13164",16.427978929587,16.131539225226,16.12804358786,14.947027596298,16.4869192965634,16.1044368518268,16.7921024245473,16.522384006513,15.8129405534241,16.1917513916534,15.6518561406284,15.4535818215726,16.3245444362589,15.7983065217787,15.8676778225649,16.042658485114,15.5547756182519,16.1028296092602,16.5663900991315,16.2251652203273,16.005516791877,15.4675644742254,-0.429214255581595,0.223911516318047,0.984534738947309,0,0
"P13473",22.1944943991563,23.0520015639627,23.1144098590924,23.0001332188797,22.9879336963343,22.9334623108275,22.9572701486365,23.065041738209,23.3944176240737,22.6331898464918,23.0688466602285,22.8824812753043,22.0251920682586,23.375188031476,22.9006421015556,23.0697945186656,23.0227711171602,22.3162286658599,22.5252038448649,23.3204647545384,23.3837933156587,22.4431039412333,0.211576997999224,0.505869381912129,0.984534738947309,0,0
"P13489",24.6625314255701,23.7871618971395,24.5135663684803,24.2685957834605,24.1349703664836,23.5939210263007,24.584307394661,24.2281634180638,24.1272735415489,24.1713831183023,23.9967383560933,24.1794296024197,24.0439902075439,23.9296470634863,24.1897462855971,24.0599877269229,23.5409443239723,24.2480099374048,24.0666171433343,24.6895065346676,24.2075601501301,24.0244208335532,0.0712803507869957,0.763539891965856,0.984534738947309,0,0
"P13639",24.8941753883143,24.4286190985897,24.7492361441433,24.5869211561541,24.7396331164862,24.6120083580015,24.7470000378559,24.7086332139448,24.6154540195127,24.6607459559405,24.4421988109925,24.6648318331516,24.9195183444425,24.6399498029971,24.578822622767,24.7501651300348,24.7629821032838,24.7626509080952,24.6546131139918,24.7550099454362,24.7764358832063,24.9986047083172,0.185765848016615,0.203693441183759,0.984534738947309,0,0
"P13645",26.2471481843088,24.7242407947941,26.6237064091816,26.1819893639568,26.1804692339884,26.6257202436819,24.1544685572471,25.0336718859634,24.7867588846529,25.3714283356872,25.7101006650241,26.5121451887361,25.4756224914049,25.9063191399244,25.7804526413876,26.6979417420729,25.335974578814,23.4956756367979,26.1800354460544,25.7508222073987,24.9570359301862,23.7913833247595,-0.414709361030699,0.57007172103812,0.984534738947309,0,0
"P13647",21.6147496259465,20.4974126616515,23.1112958319658,21.4455221279315,21.2448554650167,21.2803545727937,19.7492494095383,20.8414329680836,20.1471638160075,20.6527954793768,21.0774116056573,21.692063264542,20.5826585567293,20.9436568959396,20.970868216319,23.9323526885116,20.8868858976676,19.2162847291055,21.3344735607542,21.0976654511938,20.2038919665535,19.4924231300766,0.416792408982609,0.623334526370348,0.984534738947309,0,0
"P13667",20.0335204648494,21.4981780860934,21.4876311625976,20.7348523083784,21.5148166274208,21.2600926832456,21.361149170301,21.7085994051499,21.4161912948203,22.1199636550487,21.2508787093204,21.441344051708,22.5407756341064,21.0725584760627,21.350181025809,21.6793574033768,21.8725576375995,21.7351186917223,21.3736140056961,21.9365266486732,21.5568656295341,21.5433633060829,0.340887138061714,0.369502064708519,0.984534738947309,0,0
"P13693",23.9380936743593,24.2493352884509,23.9152054130997,24.2465958143795,24.171690080606,24.3590520893965,24.6108410312347,24.122612820111,24.017968357085,24.1806314266899,23.7626063334581,24.0387876862104,24.2248086136648,23.8080747397506,23.7863298433142,24.1374691778308,24.1676445096707,24.1976087692641,23.9348071663118,24.6102702821907,24.3102281868133,24.1583549380974,0.177873896903542,0.400166596992886,0.984534738947309,0,0
"P13716",23.3927513707238,23.4027533042232,23.5590000336433,22.8291889028146,22.6999957872873,23.2867575576993,23.2487741394352,22.7051266073768,23.2111074529042,22.1662144663112,22.5519654522614,23.1813906548179,22.7895587350402,23.3748742857746,22.6760078903056,22.9971584101806,23.2359005553805,23.0818168531746,23.082427169813,23.5719303811482,23.1123031678472,23.3107551814905,0.140999572233397,0.635750414907271,0.984534738947309,0,0
"P13796",18.0596616565534,18.7563950680644,17.8520196488946,18.0289257186229,18.5466138477892,18.4188431147319,18.7727231200632,17.8563711726669,18.2970696880565,18.450577388032,18.2130838017894,18.3895342143862,19.1053856086541,18.1107339777453,18.6808542604287,18.8943330104888,18.4667175830637,18.3637307466678,19.2276122954112,18.7584580730991,18.3667060295478,18.8542454427607,-0.194898165686105,0.486455040183783,0.984534738947309,0,0
"P13797",19.7856046558079,19.8301774611291,19.1790703276086,NA,19.7272878453285,19.4616362213558,19.9711704466197,19.0492122739846,19.3182735866105,19.9539073974798,19.0528890161597,19.4406482489553,20.2291186526939,19.483422483167,19.2777799995352,19.8873629132228,19.8162507167223,19.8590136799783,19.5822484457644,19.6382502271151,19.3615604336271,19.3039826531072,-0.156887886540414,0.574220210184648,0.984534738947309,0,0
"P13798",24.3809344899038,24.421467272024,24.6384047600836,23.9166723720158,24.2110700144481,24.2765983384334,24.341547587615,24.3671212335382,24.038618611498,24.0251624190649,24.2168317342454,24.2681537372278,24.0638758035724,24.2414890079018,24.25909677768,24.1083562203206,24.3781391127155,24.0537557841706,24.3737686112782,24.5066069040143,24.3305336018584,24.3303151618036,-0.0352522758291016,0.842698054398627,0.984534738947309,0,0
"P13804",25.1568923368201,25.477429093138,24.34738782837,24.785124564369,25.2185122444426,24.6441759071939,25.4226922835402,24.1761078418864,25.3576260755997,25.2197648836824,25.5636647238135,25.158782988185,24.8348694105152,24.9017650355749,25.026300075515,25.2617023463543,25.0413047811049,25.2609200296655,24.6129438097788,24.8213956370784,24.6439452507372,24.6780261216527,-0.383845247192948,0.197987588590219,0.984534738947309,0,0
"P13805",24.8180513191772,25.7947335396654,24.1690451923027,27.5787676443187,26.4813684003949,25.7053917711498,24.5689107594493,26.3635545560391,26.4904153115633,23.8951793673522,26.5046513608621,26.1938741047373,27.4498525219121,25.6578429673122,25.642388797726,24.6586914055136,25.5197337864835,25.4915725750179,25.8462609069052,24.6226384846417,26.6015629716378,25.6814090734831,0.866289297274999,0.279183235049329,0.984534738947309,0,0
"P13807",24.0555662477439,24.6321932289737,24.3890401989341,24.1381866265844,24.0396181478641,24.5316834261439,24.0776013173136,24.1128994767129,23.8605677911262,24.2040537946837,24.5685296580117,24.4271793954345,24.5698007706594,24.5030953956257,24.4845329899855,24.319752145167,24.3075292124139,24.2392011981655,24.3071729311417,23.6222941026973,24.2396092045568,24.9129890412254,0.00860230295041831,0.969637370005485,0.992365658656292,0,0
"P13861",23.6028825023306,23.232651630539,24.0677741418552,23.6759121142477,23.5158990171205,23.6800232477675,23.702089749811,23.7023896085371,23.5630684458788,23.3469306593733,23.5663146014172,23.7315158112007,23.3276390588645,23.5535755727555,23.8054985786509,23.2304583280799,23.4776146911723,23.7147363271356,23.5507825465347,23.629565828298,23.8743890474118,23.5868777036298,0.138713871692836,0.435963360351474,0.984534738947309,0,0
"P13929",29.7143553283803,29.6922265575335,30.5319848296387,30.3016739595597,29.8601117360234,30.2266962783784,30.281815094668,30.2478233254006,29.4578303468153,30.1224222729823,29.6516424241187,29.9703959136443,29.5790089887646,30.3136869488331,30.2301363089577,29.9585252122866,30.3745754523635,30.2933585241557,30.1711604746639,30.1907425188581,30.2430575080806,30.1576372806512,0.0936995158517604,0.684954782065917,0.984534738947309,0,0
"P13987",24.3094730049884,24.0418752369029,24.7571507875943,24.4712571579392,24.5004236857929,24.7496310756163,24.5289840730116,24.4967633052263,24.3839969009376,24.4889577731971,24.4137346663511,24.1022034254413,24.3234798427684,24.2040578895691,24.1913009759363,24.4594903071045,24.5416949569645,24.8308349936521,23.9916334199989,25.0533860994551,24.7376443604762,24.1604954353229,0.043539916757684,0.856822232150448,0.984534738947309,0,0
"P14174",24.792419297311,25.4018108114554,24.7194480936029,24.8663082994261,25.0967930834025,25.5967380051161,25.5406118165009,24.6369103361855,25.1565701214414,25.3306020155648,25.2193684228175,24.985768379789,26.0450864361206,24.5454450891582,25.0560424476059,25.122246943899,25.1385480605683,24.9607046580981,25.1864170392143,25.8529935768576,25.1784759483697,25.4459564699867,-0.0566257282444731,0.850939832794506,0.984534738947309,0,0
"P14209",18.0751423576017,17.8849163270436,18.6178462834546,18.3246242282448,18.8070423504171,18.3797162394473,15.8879288758035,18.0968414580019,19.0010445345866,18.1985806660278,18.5358896130767,18.4461842123025,18.2917418060544,18.4145511696596,18.8969356483039,19.0973998872945,18.2760896373079,17.4540171238504,18.5590196204941,17.698598411417,18.6183010270258,18.811992909269,0.0577696688799492,0.911589669483965,0.989941286910303,0,0
"P14314",21.0094958534499,20.2782889050876,20.0329982146586,20.2631318274257,20.2346305058752,20.2588071392966,19.9645881266157,19.9647296163731,20.0725953567028,20.3518346362681,20.0089289784542,20.384499640087,20.586257898183,19.594363959835,20.2258719721257,20.118623630961,20.2710097163714,20.1611726710827,20.1318937583887,20.3700961068751,20.2663229059545,20.2578725781999,-0.0799710067520536,0.709164251243663,0.984534738947309,0,0
"P14324",19.9538452106821,20.3862511824254,20.3043587615777,20.596000407588,20.3434953432625,20.0294910665755,20.4542973496686,20.2800856142065,20.3068149842625,20.2198814113834,20.3738552516427,20.1745286081865,20.1363324036242,20.3590337834798,20.1939928944299,20.2329273636706,20.0975558574189,20.3526262117051,20.3759990297297,20.5550144226245,20.1730210093706,20.0541005244431,-0.0520807948093847,0.725471572384771,0.984534738947309,0,0
"P14406",22.0686815063839,23.4800818271241,22.0567407274237,22.9883568136267,22.7799114182327,22.4244008424958,22.2086375570745,22.2214688709003,22.3933726801182,22.5503029375747,22.7143667204862,23.0984519182888,22.9613126325394,22.780292801375,23.1282379654871,22.8658101296314,22.4880989496743,22.2005420426209,22.8796082563837,21.9283185594653,22.2399964168623,22.6762780404382,-0.157650789381542,0.633747822307439,0.984534738947309,0,0
"P14543",18.2901100725714,16.9196885141747,17.9173117996236,18.6509219000177,17.5240732993826,17.8512407086998,18.8502879541727,18.9548705564638,17.4917248090221,17.4796576817547,18.8513664188211,17.3591127083469,18.5805360912703,18.9948305765499,18.6212278562687,18.0393723025719,18.5170505026953,17.0575689648772,20.286597084847,17.5546766259588,17.7936956794032,18.7080771854581,0.216994477883247,0.724827718233063,0.984534738947309,0,0
"P14550",26.1980115989586,26.5182967200027,27.2681932487814,27.1340476120957,26.6442320427576,27.0714676381413,26.9619007707778,26.9081024649287,26.7140642794251,26.4808159772452,26.6064696037288,26.5270620931737,27.010008992225,27.1325710192007,26.8377207883951,26.6625027146515,26.6471604292585,26.5143754653121,26.8672063468354,27.1478069487374,26.9026859769877,26.8067194031425,0.270133232939692,0.203328280019278,0.984534738947309,0,0
"P14618",28.9536126645412,28.9890511690999,29.4671531082671,29.0996848149719,28.6680259339756,29.2446053148212,29.4158607444252,29.36872484214,28.5402880515267,29.3225456022286,28.7822064280693,29.0023365368922,28.7983907593093,29.45902987774,29.1085452111121,28.8286918511183,29.3651024071894,29.2289540847072,29.5257561390312,29.5324402028356,29.3037742544493,29.0418498570783,-0.129253031935523,0.574513599998237,0.984534738947309,0,0
"P14621",25.0587659252965,24.9196220011525,25.3502263944009,25.2605951655957,25.1752004888135,25.2266043619916,25.5282751750403,24.845455612295,24.8825199389768,25.2460156918097,24.832639812096,24.9366878727514,25.1581185546588,25.1212389987002,25.5507796854443,25.3727292112365,25.4001417711603,25.1695700599586,24.6613635720546,25.0570461884939,25.4413437460119,25.5195164729688,0.289696314269442,0.185656623018048,0.984534738947309,0,0
"P14625",24.7078765174066,24.1081048726935,24.6606352335174,24.0148854974126,24.1276475134794,24.3858226185983,24.3304393367022,24.4089312617549,24.1776900056747,24.5137255233079,24.1779499007143,24.3951974053352,25.1412140203933,24.3186297944642,24.3994329847769,24.3064493097751,24.3894391053532,24.3784983311607,24.1992072381053,24.6061610025288,24.5153309201834,24.5896495368118,0.157489288747236,0.468472277275102,0.984534738947309,0,0
"P14649",22.1341934787519,23.9008991214257,22.3072754534054,25.573902029793,24.200345408616,23.2951912818032,20.3719023110002,23.0616096983663,24.1459078550669,21.8606921947653,24.2734188871645,24.1578139905986,26.0063355724458,23.5084644757891,23.8003094068151,24.3538621334713,22.4364634240504,23.4791422003089,21.9139563797906,20.0478333868841,23.2544942361051,23.3933299869717,1.19843812812821,0.287101268907368,0.984534738947309,0,0
"P14735",18.4094622346388,17.6516181544292,18.0668992333619,17.8972341826461,18.2488433968022,18.3697765590387,18.7225588821278,18.3783608455217,18.6442440301218,18.4053572216412,18.3265806032032,18.2956809282467,18.2451421778334,NA,18.516158658967,18.5588382085417,18.3551407030491,18.5027710195414,18.1243592150456,18.3979636677465,18.1618283864648,18.4640914715719,0.0738177994518274,0.748720232869992,0.984534738947309,0,0
"P14854",25.1833209776387,26.0796881668222,24.6664607893887,25.4687878214178,25.454423452561,25.5392947220062,25.145399147496,25.5898881980072,25.6658643894913,25.8850924290953,26.0434416291542,26.1552286099098,25.3451862009054,25.6876297158115,25.4788063728235,25.5704749695824,25.6205855847389,25.3359487115866,25.8323425903986,25.2715555967637,25.4188610213996,25.7095615500775,-0.274870435093948,0.323026249530512,0.984534738947309,0,0
"P14866",16.7931315409006,17.2640072690592,17.1400214480921,17.8062391935252,17.0334996463799,17.6454889855835,17.6002624101182,17.6990407998686,17.7519990329131,17.372321068722,17.4530396267578,17.5182022697238,17.7701520800629,17.573254427925,17.4523496903782,17.5181247409954,17.8794727985517,17.3724119501353,17.4934174086551,17.6218290922135,17.6956612415745,17.6236933607879,0.504163122090933,0.0167257326725178,0.984534738947309,1,0
"P14868",21.2383962375,21.1618139584782,21.0939094503301,20.584144157588,21.037116598213,20.9508997725701,20.7926280739915,20.6419870739347,20.804993854446,20.6200548636034,20.9127196520856,20.8903271279092,21.2018518324637,20.4772564740017,21.060153733947,20.7551746255352,20.9155553979706,20.922528574749,21.0938562646337,20.5437472336702,20.9331596056409,21.1017033237197,-0.0565141290107896,0.775905196498055,0.984534738947309,0,0
"P14923",18.5338539923164,19.1723624899726,20.0086903543636,20.0829874058757,19.643840565258,18.7346412368008,18.8426594902414,18.6423085073539,19.3962752483698,19.3436836290108,20.0667316302867,19.6295674415616,19.6718171300827,19.9410679177214,NA,20.305734128442,19.131641187382,18.9742416355439,NA,19.2725695584646,19.5354756610797,18.949463159532,0.288505309764606,0.536604792860336,0.984534738947309,0,0
"P14927",25.8648473123947,26.2197552695062,25.3111761305353,25.6116323281598,25.8009591845098,25.9652480419401,25.7595850874616,25.7303792496176,25.6080787513349,26.0988649397834,26.2740011870143,25.8135696507747,25.5451516511551,25.727005360176,25.5589575692924,26.1538610017943,26.3570902706032,26.0380837021612,26.107758990171,25.9129509576316,25.9179367939113,26.0851213972319,-0.323271868077548,0.117441958922006,0.984534738947309,0,0
"P15088",19.3983379523831,19.792782855725,20.5711022938568,20.3050105837161,19.7469664025925,21.0997983114767,20.2951469132245,19.8896870168369,19.444360647864,19.3971414594363,19.8305748493028,19.2020522387981,18.562857455248,19.8265191917981,20.5601057908447,19.4352541361312,20.8912820029097,19.8307301580967,19.6844655836958,19.8708536125707,19.0376603303708,18.7775066911597,-0.413304872351336,0.372360622821348,0.984534738947309,0,0
"P15090",27.813906158459,27.681336788902,26.8563090805316,27.0218838871484,27.6481727601706,27.1881863915944,27.0156851940642,26.6448024446796,27.6524576079499,26.4797474782301,27.5896086028831,27.0934700025372,27.3860388145482,26.7011947722365,27.3401169808358,27.5338630586299,27.3620025176066,26.6871858012067,27.0576430589212,26.5963105863323,27.160899013528,26.9654017393324,0.0118568972921018,0.96828360340775,0.992365658656292,0,0
"P15104",15.4335500357748,15.175523890259,15.8359792144765,15.4806845842719,16.0086766150994,15.263822178135,16.6591459322777,NA,16.1003598106513,16.0354280401551,15.9554841627579,16.0525035343646,15.3129834270808,15.6302066489137,16.4323758223249,16.4207508287246,15.1716591056752,16.0340044596579,NA,15.0083638595483,15.2202273881152,14.679499140423,0.0736611048418787,0.869668404815446,0.985224662710431,0,0
"P15121",27.069363136279,26.773229729026,27.7344050192596,27.373379613835,27.0023965787677,27.2511427238626,27.3081040540566,27.4802468760472,26.871826546716,26.9587083296607,26.9753314261082,26.927892782813,26.6680599599068,27.0803284287191,27.34040423555,26.9910332468581,26.9390087365297,27.1067565017296,27.2187107343708,27.0227724207939,27.2354531347806,27.100823649861,0.171814555591016,0.361773186037084,0.984534738947309,0,0
"P15170",18.7011307428048,NA,18.7125699779601,18.0689334812365,18.1953031883115,18.2309965685979,18.673962267598,18.3720982849845,18.2794254883391,18.2887257251188,17.9564715379782,18.2570613405204,18.3384147095444,18.3184741554731,18.269255133084,18.2231580978454,18.5627882335348,18.6024688874591,18.6815064937866,17.8903167794736,18.4085677257748,18.4331307788953,0.165526025074719,0.455765886073062,0.984534738947309,0,0
"P15259",29.1602574767765,28.9744926676965,29.5228868382115,29.3377289946081,28.9479564755655,29.2704306562244,29.3598717907588,29.5555082095652,28.969113025754,29.2671150139937,28.8271330860366,28.9064274945948,28.5069737135318,29.4316030605941,29.1271566856908,29.0082242395625,29.2683710120004,29.2050539883723,29.4795801328278,29.4581274104739,29.4250874114429,29.0566440806807,-0.0372253878922848,0.855656048353877,0.984534738947309,0,0
"P15311",19.5534848410833,20.4913644397333,19.9234395488558,19.8509447208124,19.954418274645,20.0880781555168,20.7734517617719,NA,19.7977805076217,20.492929637522,19.9771628871246,19.8190841641497,21.5704444979508,20.0689967685778,19.9302061381664,20.2152900797485,20.4800236348577,20.4890874605715,19.4450342959498,20.1103612753947,19.6999812766545,20.4362489982465,0.343135641963801,0.38419580691614,0.984534738947309,0,0
"P15374",22.0001783326095,21.9509953094642,21.6237316293544,21.5185693578038,21.6252874970821,21.8240286620757,21.9793417834709,21.4259135389853,21.1768759163119,21.3401703583393,21.288697155223,21.863124652007,22.0656379007649,21.5429815921953,21.7161360087327,21.4435018653831,21.981265587573,21.6614303485993,21.5917656000367,21.4672220004453,21.7390768828838,22.0497757482475,0.134483555527648,0.533976738137744,0.984534738947309,0,0
"P15531",21.4573629542763,21.7521934082942,21.514055931671,21.6765060145269,21.5723419450233,21.6938462281875,22.0555223065377,21.2507865617619,21.5784520912312,21.8780512306523,21.7889412396438,21.9074634454228,22.2426397258854,21.6499892555805,21.4662195176775,21.3900066352764,21.6995416226404,22.1371660042495,21.4606948195376,22.3639757476085,21.4526805374232,21.9315788559404,-0.12034885169982,0.630885252844677,0.984534738947309,0,0
"P15880",21.924046498488,21.3350964797474,21.1429098478526,20.6877792236426,21.5913951810635,21.6031389448695,20.4456858546813,21.4227704023963,21.2758695492759,21.4328270290737,21.4828993522751,21.7193554813373,21.791605961521,21.4110394644759,21.2606719098707,21.7339023078877,21.3140848187274,21.8634047504342,22.013071147188,21.0969348154686,21.551211733421,21.9974522341416,-0.410986599997951,0.124717370439651,0.984534738947309,0,0
"P15927",NA,18.260390555038,NA,18.4254763037242,17.9119621602666,17.2484475210383,17.1414719958614,18.7207185456002,18.6116866349017,18.2524709970537,18.503409707577,18.1251225773859,18.4433714883802,NA,18.345413109961,NA,17.9192033635554,18.0798325322979,19.0014008161436,NA,18.2292221034067,18.6671459166746,-0.0195517101278391,0.964636652333123,0.992365658656292,0,0
"P15954",26.4119066503736,26.987836471184,25.3055204919704,26.0745333490017,25.8078536113261,25.9741936265408,25.6304546133717,25.9098739832556,26.1954124117662,25.9989278376287,26.4380160204212,26.6473300056307,25.9681374096657,26.4005477667141,26.6180904419699,25.8644462377184,25.919802117802,25.7219011337206,26.2902721421738,25.7725616024323,25.5665612998367,25.7804699282634,-0.649513517288604,0.0470673032374128,0.984534738947309,-1,0
"P16083",19.3013723486922,22.5721302832965,21.2119409898201,24.6087390111564,21.3636531408332,23.0542196577104,23.7433425661821,24.0485732733112,23.2910414072272,22.6354631640128,23.1279809966826,20.8624156577659,21.963419883157,20.7181986437169,24.1182604040333,20.9750561039193,22.7008213235172,22.9228474179023,23.7203312838071,23.058665427357,22.4425439874736,21.8256103233858,0.258908095507959,0.775070689504964,0.984534738947309,0,0
"P16118",21.9488496185865,NA,23.0412396910102,22.729180692523,22.6015397192445,23.0622485754194,21.8127836742743,22.8372176562081,22.5959143391654,23.2450273411834,22.3092208394234,23.1445095632591,NA,23.600293451467,23.2872533654528,22.1270714418069,23.261142005225,22.7008089308806,23.1248761862694,22.6077456378918,23.0372611118982,22.3451446387913,-0.311279770331488,0.427134887321721,0.984534738947309,0,0
"P16152",22.8860621862333,22.5919255786408,22.3750092726376,22.3068442462873,22.5091912764459,22.4539002846135,22.9691915395856,22.2615665317357,22.3836385392832,22.7696477866845,22.5680770882732,23.027184757676,23.7832814120634,22.4027427411773,22.9007983743333,22.7323617538322,22.6790226293798,22.4459431690464,22.2839004054175,22.2951946007115,22.8868705274195,23.3033412309553,0.432410519507819,0.092020970607227,0.984534738947309,0,0
"P16157",19.7744373643859,20.1295080689085,18.9419894457503,19.1432177820424,18.8330525050133,19.9593905855472,19.2508914638962,18.9646925633904,19.7050214946577,19.3955459359949,18.8162007370651,19.0014590497145,18.5280944831108,18.9457273426894,19.5998280450123,NA,19.2930071795026,19.3538541660097,19.3185890480789,21.3071748699959,NA,19.9803911883046,-0.803334997728633,0.131424934257777,0.984534738947309,0,0
"P16219",24.3784601201314,24.8747241698271,24.5165587706222,24.3045682443879,25.3383503828592,24.7563569451708,25.511755971172,24.7012840087,25.2218819316385,24.8371306058918,24.8446959996368,24.175072978771,23.7746487350674,24.8250590832086,24.2112602360254,25.1919718222142,24.7304781001211,25.4843564563472,24.3787406873425,24.6859662370965,23.5087727742471,23.2521234077093,-0.59864182226438,0.15645432848079,0.984534738947309,0,0
"P16298",22.0102544520179,21.6892426363776,22.3485469080166,22.2202760463481,22.0071826834382,22.0354737418036,22.1447220381567,22.2291455470942,21.6763022168657,20.8969002569644,21.6594413950352,21.7715505836487,21.2648130310015,22.2038523320947,21.8714029966235,21.8772915009772,21.6249198138333,21.8425528205747,22.0550249300718,21.5036759704049,21.9297570868701,21.4183840415777,0.159866890054303,0.544166279539597,0.984534738947309,0,0
"P16615",29.3855807455339,28.5315005869748,28.7837559582509,28.4765931410522,29.0233094447302,28.796987991025,28.5716284395139,28.4317848369877,28.9036363690718,28.144575699575,28.8072207609304,28.6300830643861,28.4173503668433,28.034064775334,28.824584089742,28.5349720087214,28.2910337322625,28.9038520242442,28.0394439095826,28.417770159563,28.5293508421362,28.3543318826716,-0.132472131342539,0.615219671478704,0.984534738947309,0,0
"P16671",23.3810631936024,24.0341770787787,23.4100685597474,21.312063716962,24.2289315929342,23.7965538504082,23.6462592927465,24.1444481193793,24.0100938230921,23.4787877140851,23.94632877475,23.9368718697683,24.1073525046108,23.3768594485282,22.2736452284667,24.1766075292197,23.8658878670348,23.341988691212,24.190276527172,23.2750200308326,23.9109937660826,24.2466077264256,0.242775226907025,0.623618128464958,0.984534738947309,0,0
"P16930",22.1585741917569,21.5715931319221,21.6104320270111,21.3154278220629,21.1097800777989,21.3690799317679,21.5982372558137,21.7482050456347,21.3795862410117,21.5642991852278,21.582670248754,21.565906948484,21.2569372039607,21.4016859591424,21.5243192667004,21.1014600702578,21.4231415903316,21.2334930339499,21.5885850592587,21.9114942001364,21.4629136432532,21.5772828250225,-0.162930239850343,0.45442609425864,0.984534738947309,0,0
"P16989",22.8596735512722,22.3631745572224,22.7128931777447,22.104773456571,22.2763081664077,22.491589038197,22.2347199280484,22.4625522599377,22.4352243898429,22.495729552845,22.1330860480265,22.2216728600181,22.1608429668357,22.4626559519846,22.541401429902,22.5333312008877,22.2614494149335,22.5200965042857,22.3488482984882,22.4613011474375,22.2411282217773,22.1805098434073,-0.246932425009231,0.175350185012219,0.984534738947309,0,0
"P17152",22.8266279832634,23.4584926602555,23.0732754782258,23.2455286660659,23.3449946242956,23.2574190003853,22.6305232793979,23.1202920762417,23.3537512850535,23.3074118032647,23.8284896691846,23.4058969175151,22.9734891165653,23.8987275147553,23.4929136414111,23.4760784544942,23.6914384855902,22.9839667306949,23.0655771541259,22.9967121861796,23.1470134898297,23.0676952777747,-0.246542621583064,0.358502039366935,0.984534738947309,0,0
"P17174",26.6344108706874,27.3273856516313,26.9553638636513,26.9050891853918,27.2153586779188,27.0806217173056,27.26869397522,26.7237453610676,27.4252255876873,27.105602711887,27.4016190336835,26.8041115470265,26.502099697886,27.0050232987964,26.9770611178402,27.187148796576,27.3095921920182,27.0650863988814,26.7789533201664,27.180645985963,26.9823850815224,26.8493070210569,-0.134122817563817,0.544260787302515,0.984534738947309,0,0
"P17540",27.8564291222462,28.8515945186626,27.1830962227518,27.2848060974048,27.6527463944902,27.7226452894158,28.0219417387945,27.3528923519643,28.0706320774272,28.3093755977081,28.3440486103985,28.0734909424378,27.6761015979548,27.893826566143,27.7237709670925,27.9608654812215,28.2217962444705,28.0966005644636,28.1381317897896,27.5723806256694,27.6005319871589,28.0340271480527,-0.497272760234001,0.102895585085432,0.984534738947309,0,0
"P17568",23.4732183078024,23.5091989213605,21.8839042612356,22.8866352826716,22.9606934114642,22.024350375106,22.3774082130057,22.6766221168569,22.5747638169489,22.9606933826231,22.9804402008213,23.1835586403783,22.8086293677582,22.8777762212889,22.7700598765261,23.1572185005916,22.0561558601789,22.7554999821402,22.5934619107976,22.2174814424743,22.5576185742625,22.4723917906849,-0.441826126055567,0.190584497436351,0.984534738947309,0,0
"P17612",23.2975047038063,23.38317081406,23.8431547484683,23.3281879999175,23.3432509200227,23.8174996251331,23.5306303184641,23.9844532241054,23.7054260148932,24.0684922708062,23.5224488445603,23.5860532251567,23.408588462037,23.6164937553933,23.341635988552,23.5650842310676,23.7215263663988,23.9437647910073,23.6580406957009,23.9544970349615,23.7810460564826,23.7250359132796,0.0346451873856957,0.86978226366349,0.985224662710431,0,0
"P17655",23.0079332074569,22.8258835461588,22.8632390814286,22.2233893270179,22.61456121408,22.9352470061187,22.6960251136782,22.645123771385,22.5781512244425,22.8855771740457,22.6887223903574,23.1232252260327,23.7510043918605,22.8593674226205,22.4331172602886,22.5138013018536,23.2079405118145,22.6879474191213,22.5719693742951,22.8116100917287,22.9829761792162,23.3742866075119,0.260935003324931,0.256461301335924,0.984534738947309,0,0
"P17661",23.191770088467,22.7207748449154,24.0621954338297,23.4533952777939,23.2181531311671,23.7439621714684,22.2363625893476,23.8190837729773,23.6140163046693,22.9876077645585,23.3240375278615,22.8432435434985,24.59718125316,23.5929628211452,23.7721073574742,22.7625423835158,23.0690848353585,23.3013548470452,25.5164854131997,23.5716832990115,23.4883925840739,23.9860500981318,-0.253876543634803,0.628995414389363,0.984534738947309,0,0
"P17858",25.8107579405153,25.4700865929626,27.1975348710841,25.8505407098141,25.2562092079397,25.9282066263207,26.2344566643897,26.3756324657605,24.8419904361023,25.6015298148331,24.9946114631054,25.3709932265554,25.2575586873336,25.9029796776922,25.9744924751738,25.4124565002095,25.2765595349697,26.424822093455,26.2209113909805,25.8182924641957,26.0191410181089,25.6895570335217,0.0258754683010523,0.945840489655508,0.990192879028667,0,0
"P17931",20.3903525166257,20.2170755820927,20.2146846755436,19.9153137263022,20.1410397303198,20.313409609563,20.4555496715782,20.1927583046005,19.5811609848024,20.3859846626061,20.0300809254243,20.1371819534014,21.7931905019097,20.6420296299099,19.9766892087971,20.691669086466,20.6996514153913,20.3158134972221,20.1482633014204,20.6540107284504,19.917632503163,20.4201949580115,0.0881284313572799,0.790317752157989,0.984534738947309,0,0
"P17948",20.9363989249866,19.303771087256,20.6654346263562,21.2727616871879,19.929073175727,20.6231738286825,19.7409430497826,22.8794392084856,20.5641251121445,19.6147091275499,21.5462665529148,18.6159802240005,21.8956868088162,22.042961813291,21.4370957330611,20.1940929880825,20.1111991505422,17.8901087620942,23.3175562353006,19.2553955872161,20.1650241214999,21.0131959297347,0.242881531525281,0.813650743853665,0.984534738947309,0,0
"P17980",21.6218652631421,22.0060782968011,22.2450805463053,22.0964732683571,22.1212572823407,22.158276855702,21.836832280158,22.0716062718579,21.9985823573018,21.9764035559524,21.967886578727,21.998095852814,22.1888265111708,22.047297741672,22.0937348051346,22.15799214734,21.9510369837424,22.0452669974221,21.9344799284564,22.2598643152116,22.0199811426528,22.2047055881617,0.0850645860861192,0.578595511097336,0.984534738947309,0,0
"P17987",21.5609322877223,21.2999655248571,21.7547812415399,21.1956433160811,21.2959424578007,21.2935925479159,21.465053941814,21.1529428964217,21.2441794749666,21.0968718126455,21.4157614622668,21.4614209437527,21.7137641234459,21.6184231031811,21.6534055036513,21.3087711952984,21.4125889864053,21.4445951305427,21.3384017426221,21.0638812425188,21.3659326721305,21.6567677514521,0.0981420928741876,0.59305829595702,0.984534738947309,0,0
"P18085",17.4198818838176,14.9492423315213,17.4483808376695,17.8284164751527,16.938636337203,17.1132931564691,17.2164717730997,17.4232201359692,16.7743086768072,16.7831130229212,17.4272353018131,16.9519153802064,17.6593786486637,17.212343250477,16.7750151787488,17.2828658259737,16.8799664580613,16.7709923406202,17.3753791168916,16.9881580140932,17.095192363439,16.9573828744425,0.67966525241371,0.135212896613774,0.984534738947309,0,0
"P18124",21.0440000463947,22.5208844158754,21.2398381811223,22.5231584866164,22.2112218744042,22.2155812723288,21.1369689666612,22.453903310211,22.4306259626411,22.5585506093803,21.5712918358633,22.5227218403844,23.2623795628188,22.1625012040261,21.0403491134064,22.3432416138632,22.3393788281344,21.8338633113951,22.0784831657679,22.4125912233084,22.5864950065729,22.7762026933123,0.669489626342781,0.129455223223678,0.984534738947309,0,0
"P18206",24.2707825349414,23.5668281871346,24.3812547273806,24.0577708373959,24.0814341260525,24.0549450849058,24.031597819936,24.129167053984,24.1188069099472,24.1364168559058,24.2580754182595,24.1202935691382,24.1998145367995,24.1646781624434,24.1536928675778,23.9106789959884,24.3072126088941,24.0077011430108,23.9671325099694,24.2155303626303,24.3157052988324,24.3274023635527,0.177409988269996,0.308327840336507,0.984534738947309,0,0
"P18621",20.1222286119634,20.8268743081386,20.1410813950025,20.9704269527142,20.7108938725062,20.8516907958439,19.6865896490748,20.9566172682015,21.0040859955988,21.2338040346288,20.3260087053286,21.0749052761965,21.3058103789425,21.0382834501874,19.8428657519675,21.1782903563577,21.0991304975784,20.3193119551755,20.3510871700445,20.990309088231,21.1606511653812,21.1043822193469,0.518667029896118,0.138882262080418,0.984534738947309,0,0
"P18669",28.9575310080231,28.8648526989888,29.6995634530572,29.1928120853505,28.8846204620622,29.0132078867462,29.2202114986122,29.4149973079107,29.0355675181808,28.9961190380739,28.7873450290259,28.7756753554005,28.8161226647167,29.2008532314833,29.0806258752335,29.0387282060817,29.2876797134332,29.0861465358646,29.3721538264785,29.3702741745225,29.2052034343068,29.0567154572187,0.203361095278719,0.244940035126042,0.984534738947309,0,0
"P18859",24.3667045284941,25.2819530171609,24.34789415718,24.8510270351889,24.7446239545985,25.3003289475997,24.7957408048212,25.0577057949215,25.0737296110587,24.9451499866977,25.7352669454438,24.7037987287014,24.8105228583499,24.746295947464,25.0502811897764,25.022806956432,25.4566792065106,25.1669767815945,25.3944366927437,25.0612631296138,25.0178142634298,25.0413141584503,-0.31214646895782,0.257000329955657,0.984534738947309,0,0
"P19075",18.2634896568343,17.8852778959469,19.4091287015709,19.1941867140896,17.896740076923,17.9796597826712,18.8764229588264,18.7834760679842,17.8455399743255,NA,17.0906377585733,17.8034215627839,NA,18.1284697762613,18.4844122311786,17.546408696521,17.0491656926961,18.4678074115025,17.692013259089,17.7452253399123,18.2997400488664,16.9818612313264,0.419172122373098,0.29969065208781,0.984534738947309,0,0
"P19237",25.1699637434741,25.8687556767564,24.0304960584415,27.6631831134048,26.7151110812082,25.783316675867,24.6171221932925,26.6918689726876,26.5017331406297,24.0484914148502,26.5521077150882,26.0506196898295,27.4119818708573,25.7789363432667,25.9631828523069,24.9564177488796,25.4949393701407,25.5431317387047,25.8086010361318,24.7455245466697,26.639072547462,25.6428554642466,0.676028789637236,0.395042126524833,0.984534738947309,0,0
"P19338",21.7309959934869,21.8430819687405,21.2847647904844,22.6618112565265,22.2539512155819,22.3926430862316,21.9564927291183,22.3199140899471,22.3149076796479,22.3843869041351,21.9560911624584,22.1161579184964,22.46958600563,22.2432257837588,21.5771575715481,22.0408079387945,22.5600938072257,21.8705088653266,21.8400643438567,22.697463056948,22.4114111906541,22.1379558233022,0.257704577101933,0.398087362533498,0.984534738947309,0,0
"P19367",23.8614713517562,24.2429486775471,24.3025454600166,24.3212374053102,23.6021939085877,23.7899887323119,24.2206898241702,24.0580630091532,24.1695545661284,24.5111865461083,24.6102600646342,24.2891333009105,24.2304120113278,24.5961672799584,24.4747764876222,24.0576201209638,24.2684225768573,24.2288956942004,24.2315316016994,24.1988189249914,24.5230124458055,24.4541480124374,0.0691632531541551,0.747672992079342,0.984534738947309,0,0
"P19404",25.0062606443409,26.202184874208,24.7309671082836,25.9009489878031,25.8451405846399,25.0492162648695,25.2052319139729,25.5485917743941,25.3589191586342,25.5914284875447,25.6833083479926,25.8363159028263,25.5768623915099,25.7926699281314,25.8158895062696,25.8011381994394,25.0230267506195,25.4085087148233,25.6427966233211,25.3125921988836,25.4294400009407,25.2630653803083,-0.320174701993491,0.29286267851141,0.984534738947309,0,0
"P19623",19.9488174164406,20.3786018290318,NA,NA,20.5644247528631,19.9999100553854,20.7619521046257,19.905207508958,20.8646075815437,20.837159089282,20.7727981906049,NA,21.1615760844525,20.7213499286953,20.4408784458027,NA,20.5017057952097,NA,20.2173125605905,20.8183385563023,20.0735565291271,20.3262193951886,0.0494594778102098,0.895149411374258,0.986617032054291,0,0
"P19971",NA,15.666464268749,15.843305940338,15.888974745006,15.8492323481543,15.6006566651651,16.4328592973319,15.7741774671854,15.7875056212774,15.7494390154675,15.9945249295043,15.2527469977562,16.5812170171244,16.1460159125022,15.8046773513474,15.9053641149997,15.8770929805341,15.7222897980708,NA,16.1209323674944,15.9335643602314,16.1167546763268,0.184450885586207,0.493275742132487,0.984534738947309,0,0
"P20020",NA,16.0425037836134,NA,NA,15.9465699881871,15.968508667819,15.6178293761124,16.36150649164,15.9357432139963,16.1816310248553,NA,15.8373291779006,15.8244094878661,15.3216915450041,14.9356569763544,NA,16.0210304022429,15.1626707062339,NA,16.0073379911406,15.8562326406536,16.0042656015794,0.464994416630002,0.120161437906659,0.984534738947309,0,0
"P20042",18.8982747637273,18.2967771680238,18.772548101779,18.6390517441408,19.0454452315746,18.6824330151961,18.464100357159,19.084026083205,18.8797348379288,18.8829026082608,18.2611439024133,18.7858096494196,18.8670794391,18.6050434332799,18.5605850409105,19.108815225954,18.7977977821523,18.4613054424543,18.8178296891487,18.668548069569,19.0764653909961,19.0625093708563,0.417146584650435,0.0474302605061849,0.984534738947309,1,0
"P20073",27.6229793221356,27.1913273177254,27.4661013700665,27.4203155722126,27.2963632881056,27.5472114319663,27.3382254033687,27.4105120475995,27.2880429829968,27.0345665038326,26.8820663327946,27.21721771267,27.1865918389103,26.9561195309904,27.2553133589071,27.1437828225455,27.3100643206775,27.2722805927717,27.136522306114,27.6498027494022,27.1847008012514,27.0804181735572,0.0553420131203559,0.76409873881394,0.984534738947309,0,0
"P20231",20.3227666287555,21.4405566557034,21.4607674741718,22.5157726310397,22.2255649600344,22.6043812970727,20.8833784118515,21.359616043546,21.8485272589744,21.034268621444,22.0686842146486,20.2032035173286,21.9630653946933,21.1230025167229,22.5591969375436,21.4963335033311,22.4170371427931,21.5600304212935,21.558614872942,20.8885200400563,22.9447520689104,21.8006290719998,0.263872459771324,0.655908908214753,0.984534738947309,0,0
"P20290",20.0253149919102,20.4514967746155,NA,19.9910249459055,20.0904756965546,20.3735218079331,19.7361191495143,19.8994757383031,19.7715935697103,19.7268871540766,19.8100068797127,20.5790672023966,20.0380265277798,19.4024325057202,20.0302792641045,19.8384591539392,NA,20.3251799589934,20.1453122527342,NA,19.5146887959416,20.5489365119561,-0.107701351550855,0.724827787893535,0.984534738947309,0,0
"P20340",19.5495334047231,18.6853839783585,19.3369106798571,19.4293363766632,19.6953005732891,18.7342468898804,19.4415628634026,19.0844530856978,19.1973540918018,19.268024310153,19.3508219056411,19.5199458633261,19.421084002094,19.2000000001495,19.404523812885,19.0837675633791,19.4314330672215,19.7601623350063,19.2673308907478,19.4217984037443,19.6318282181614,19.5154622201301,0.107195309689097,0.644322013550417,0.984534738947309,0,0
"P20618",22.9959061381199,22.635770526675,23.5125944470591,23.0469076606167,22.982579116297,23.2551229257572,22.8979968841802,23.0195804905835,22.6869662033682,22.8380954699244,22.625492706309,22.8892202831999,22.8243463237514,23.0729349489261,23.1741917709562,22.9841408081216,22.8194761094074,22.910087658119,22.882230257102,23.0233929550969,23.0529374683625,22.9180432196819,0.0461078406952318,0.805492596391432,0.984534738947309,0,0
"P20674",26.6243055431371,27.421657165548,25.9101294611173,26.7054601923144,26.9083790137024,26.6878744586751,26.3412145497914,26.5110639338404,26.7055339394696,26.9547101531418,27.2159716231177,27.1581697834967,26.8831124271071,26.9565413701871,26.7953332322524,26.8159272381334,26.9291611335132,26.5469947304888,26.6318658990883,26.6418890486568,26.4455346600197,26.7788044156004,-0.41354249073667,0.0829904160144694,0.984534738947309,0,0
"P20807",20.9528915929091,21.649500330408,20.6061563753233,21.4652853896074,21.1429075400349,21.4251430100021,21.8345381659978,22.2141499962141,21.7746668361879,21.502844696429,21.6115529305802,21.6625876472413,21.8633625098732,21.8585019560069,21.3233946544229,21.8088189389148,21.8379672169592,21.4538485631615,21.2817142098403,21.9503348764316,21.7199421275177,21.9738617542277,0.435683849755208,0.145973598535636,0.984534738947309,0,0
"P20810",21.1396618940214,21.1019426143004,21.1853893123648,21.8289937449279,21.4166869812084,21.700484388838,21.5207379571991,21.6713111083889,20.9191273252626,21.0413971910316,20.966981989616,21.3001655613518,21.4454025949791,20.8508542987991,21.719763851628,21.3810838129117,21.7127605718541,21.6433822611252,21.5880435777604,21.1020399349182,21.586210314034,22.1283662741987,0.408767449834759,0.13644104159366,0.984534738947309,0,0
"P20929",22.5474304727032,24.0776478660329,23.9277977272744,23.2635623463711,23.2002083972614,23.3249830506406,22.6788870469601,24.2438730499511,24.6972836116651,22.8448401813969,22.9985502453093,22.7341694035927,24.1200598694481,23.8365199355595,23.6714842142354,23.7938200899694,22.7905230389266,23.2471765207749,25.7112529136488,23.3816479987312,23.7378818402152,23.5853329732452,0.0873522735298877,0.874036164302966,0.985429799208273,0,0
"P20962",21.0542983329465,20.9498687555791,20.7048705958701,NA,NA,19.9096196636085,20.6612974517701,NA,NA,20.6883426166562,20.6035587549332,NA,22.0188176874259,20.7403906570408,20.5486579215841,20.2337918018116,20.3163811651114,20.5473388547195,20.7699638241329,19.8312718880687,20.7052616464435,20.2150166011305,0.254126063360154,0.610187550830233,0.984534738947309,0,0
"P21266",26.0026897769376,24.4548620875162,24.9472819391752,26.0557703528887,25.9493167152838,24.9836085097912,25.4710189916189,26.0708776897355,24.2767772565033,25.0722931495474,24.104731455377,25.5938078823183,24.5757416532106,24.6492129389814,25.7507507841719,25.5558459470025,24.6866104704471,24.970230642817,25.70100935314,25.6927870599377,25.739881036639,25.712073156601,0.227623498802245,0.650979747505679,0.984534738947309,0,0
"P21281",20.1128335800905,19.6862987086798,20.0163040885476,19.752208623891,20.0222595160583,19.7953754333524,19.8405506470972,19.4965298185319,19.6204086521314,19.6829256753338,19.6598741010766,19.6595629905342,19.7265498606386,19.942716156064,19.365479799925,19.9377376128024,19.7229887391126,19.608463509068,19.0614275027322,19.9777260438858,19.6699911103692,19.5731258292236,0.0424359517196926,0.837028678510132,0.984534738947309,0,0
"P21291",23.7605543621341,23.2491582281294,22.6011566997396,22.436449718307,23.2106698562646,22.7137985872905,23.1820398861238,23.5584398424991,23.1210279950505,23.7570510061644,23.0225165658161,23.6791602720661,23.9422667563421,22.5641210140371,23.9291482167343,23.405246174648,23.2855721324224,23.4279856565846,23.4998944435784,23.2123243049452,25.2113791481372,23.3661304624448,0.182462491211659,0.662532513569786,0.984534738947309,0,0
"P21333",26.1348459155516,25.5614063748951,26.0749206782137,25.0134745378028,25.8239360111982,26.0142401273592,24.5362427604102,25.8340351223291,26.3550512526127,26.3527334781876,26.2362749787617,26.2266156441207,26.0562717926318,25.7522743486286,26.3500548868444,26.4281559838898,26.1376720258028,25.8542805694323,25.9556007580006,25.2968206435441,26.1126039560285,26.7321761379297,-0.0173849286079246,0.961556089665968,0.992365658656292,0,0
"P21397",22.8727185557945,23.6933514322317,22.2771938785359,23.0975038289768,23.1150339889741,22.9199357947049,22.4458819428528,22.7979026393785,23.4074497889474,23.1271358904277,23.1450860608477,22.7018713161185,22.199661586417,22.9958315115447,22.7790988724773,23.3454963473018,23.2661256713507,22.6615308662077,22.2218367957485,22.9334033957753,22.7919467696829,22.097127780672,-0.32499258118532,0.329962729524122,0.984534738947309,0,0
"P21399",21.6048366526508,22.1176608129412,21.5636911792111,21.1321832552518,21.6218322992533,21.8060590964661,22.3277209469433,21.6203626755334,21.3824803253477,21.4036807583792,21.7677547975806,21.5066063062297,21.6892847119643,21.6195215056704,21.1583898830622,21.5517417549167,21.544093230614,21.8315704613158,21.4749296812479,21.0667771567133,21.8936237075022,21.6165691668211,0.0883990156516923,0.717129624996677,0.984534738947309,0,0
"P21695",26.6968739547111,26.2292485899723,27.3254147624263,26.8820922687537,26.2471420227519,26.6488286970963,27.0008677416221,27.2015221391536,26.2694293015917,26.3557017178244,26.0430384761701,26.2891213320797,26.3081336674793,26.6172215446295,26.5143353626756,26.0158844905679,26.3914894458096,26.660125642638,26.9374939427034,27.119624990785,26.9036731069577,26.6036121786895,0.214618406532797,0.410832172919187,0.984534738947309,0,0
"P21796",28.1869191125406,27.9789673201448,27.4512530933662,27.7543192276904,27.7098890933384,27.8312139892217,27.1149174752586,27.6426588810558,27.9554059118072,27.610012438188,28.1640132439614,27.8481953711383,27.4543763722826,27.7259251121175,27.6907981439148,27.5835288511856,27.6413346466895,27.624105389209,27.579978697091,27.5572896599373,27.5748108272811,27.3307401303692,-0.393246649026345,0.0555744595219594,0.984534738947309,0,0
"P21810",19.8115155862393,19.3456188615535,19.7386821670144,19.8922607421588,19.9729764675552,19.2400863066127,19.5795526480402,20.4405599863897,19.6778834729753,19.129523848676,18.7687078579142,18.8810368514866,20.1568774329939,20.1442334570911,19.6083782018087,NA,18.8899200166035,19.2897831392862,20.1648010138081,20.4504344539942,20.1695157724595,19.1647243052296,0.0185707911192523,0.962284284271911,0.992365658656292,0,0
"P21817",24.4293319689968,24.1376632066317,24.9327880003463,24.7378049255014,24.4576852808301,24.5279688481953,23.6871280252015,24.8090665556227,24.3065955502517,24.0342826457555,23.8325600744191,24.2748332961525,24.2886019667317,24.3832333260418,24.1725961688578,24.2202296789741,24.0983172498808,24.2351773882965,24.4622303191623,24.5393316066029,24.5346806603645,24.2930827864015,0.184538451871969,0.464211489971711,0.984534738947309,0,0
"P21912",24.8088003809427,25.7007798788682,24.96127021215,25.1723397933132,25.3752268906361,25.3074863890854,25.5842716599829,24.9085275422616,25.3149302262586,25.2029979197543,25.5575053416286,25.2022203395367,25.1569722607035,25.3573873916174,25.0062935746626,25.4711962751478,25.4803700819639,25.394791205287,24.9954751601528,25.0824860965882,25.1648664393034,25.026906225189,-0.0540629953801286,0.800876568668603,0.984534738947309,0,0
"P21964",21.0292173200142,20.6869723486295,20.6534056116732,20.5149886112091,20.5192358450066,20.5283345581653,20.5105900073741,20.8620354540949,20.3788146990259,20.6288324931845,20.2237621507864,20.7973004297125,20.8804297726459,20.4711678506201,20.4624490133231,20.7938884500324,19.8679450481611,20.511549197313,20.7200809010738,20.8269334513405,20.3555708766092,21.1026375367135,0.0157670269560022,0.949413949172661,0.990745751603673,0,0
"P21980",18.2286622356964,19.175734514041,17.3670845755044,18.0544523228374,18.6185690665343,18.4743324229996,18.2546989054927,17.6685576061186,18.719494599928,18.1167310921855,19.0495448591413,18.5374808006711,19.300598168392,19.3008469501379,18.8517366343416,18.389431976271,18.6032375342931,18.5430670986474,18.7011065675189,17.8459641358143,18.3914147406241,18.7964746263543,-0.576509399314524,0.122601350930199,0.984534738947309,0,0
"P22033",17.2389351700217,17.9765707574367,17.0115152871851,18.0776194872841,18.4912904761507,18.3878352449849,18.4490319989578,17.2943435707039,18.0426171293957,17.7910976753627,18.5053921314235,17.9721586550098,18.0215600986157,17.7822792388799,18.3495256021205,17.9320890808599,18.3409438110249,18.5181990326658,17.3777110501017,17.1284876347287,17.9768205040232,17.7411622738384,-0.123946188995362,0.744479211099751,0.984534738947309,0,0
"P22059",18.7474574126583,18.6306991649914,18.8732915654795,19.0551561967324,18.6844097381581,18.5878270755545,18.4219050335957,18.77402460216,18.6085275179462,18.7471003962011,18.7748241553071,18.7968285748404,18.5530265668139,18.7642154554024,18.4531796785258,18.5405555180277,18.5787555610963,18.8358660384033,18.8156115889193,19.1537517096458,18.8228307373883,18.5237786197821,-0.11736763848349,0.507827227147267,0.984534738947309,0,0
"P22061",24.5055757684336,23.5144133208401,24.0496473768431,24.4175673861275,24.0009082105276,24.2356911619009,24.0396147692869,24.2370277763341,23.9904548014133,23.7943815612073,23.9500489948062,23.9193559070316,23.6696412109739,24.0041662459089,23.9084535605439,23.9296119288894,24.1263016495732,24.1086369224491,23.7690718816776,24.3040086978883,24.0343631780376,24.1475331304783,0.0989596248521494,0.637438103580777,0.984534738947309,0,0
"P22102",19.4478138084673,19.2353050944867,19.1786874694341,19.1658558016475,19.3458012460133,19.5114483322487,19.8266434281644,19.3375361157225,19.2847259053512,19.6292725695559,19.3609820390247,19.5135784545979,19.9249428154853,19.3511709926084,19.6224776907681,19.1474626907054,19.7524059804487,19.5866612008449,19.4021493811785,19.4409864240855,19.1967465109679,19.4695463902498,-0.0429894350567039,0.830175801818873,0.984534738947309,0,0
"P22234",19.3063647493484,19.0910068500885,19.9231539238978,19.4100324703394,19.2068898151325,19.1968800018806,19.5800174430136,19.0843180585104,19.3032846637553,19.0584232675734,19.5283707328237,19.5291632318592,19.3081723734229,19.6130275695432,19.6068989119281,19.1718272647127,19.0088924150202,19.3114300066821,19.5458821214615,19.3240452619234,19.1680771602453,19.2041262748471,-0.0197082451943302,0.916961596706238,0.990192879028667,0,0
"P22314",23.8728715260001,23.7273912446154,24.2230806148396,23.8370785151392,23.8533197246574,23.976944191674,24.07536084032,23.8448522089318,23.7349189377318,23.5992359658579,23.5934986213439,23.8082053098381,23.8789607782149,23.75163618897,23.6881752837205,23.6756832118497,23.7328254467965,23.6817543259704,23.6777609516653,24.1074736306597,23.9265779522375,23.9172270217336,0.21440122161556,0.199053342196145,0.984534738947309,0,0
"P22352",20.0456001970491,19.6605997292279,19.8336932627062,19.740318630019,20.0630169296802,20.1229230114367,19.562617968874,19.9463236536727,20.1048675317113,19.6014157188977,19.6435959440438,19.0182718558137,18.2485578420582,19.5785518359167,19.851734626884,19.2995003048373,19.3043799736121,19.4833959886493,19.5946560282234,20.1364391904512,19.7718381543215,19.0421167557179,-0.63347243195739,0.0277288926042824,0.984534738947309,-1,0
"P22392",24.2731991891595,24.9917014972443,24.0997906644757,24.5103935561772,24.411529513711,24.7226410426646,25.0398479300652,24.3808061655453,24.214408580686,24.7207658731649,24.6552863055588,24.9163457570496,25.331122688098,24.5330774970719,24.7011473376431,24.7972642140857,24.9557332388382,24.6579210244302,24.3163219008449,24.5618254722972,24.6209419784412,25.0002684953472,0.202749557991876,0.363009641903439,0.984534738947309,0,0
"P22626",21.5470330356368,21.0288994715524,20.2714880117164,21.226793506311,20.495089682901,21.0054632739766,20.6523876904054,21.2203485137199,20.7756497800694,20.4147447173541,20.2992318767186,20.5424295822902,21.2384453764216,21.0077892425788,20.5338432809293,20.5527154478345,20.9714669283609,20.1453726754368,21.3035057970225,20.9159816146042,21.2095738097826,20.6607070516222,0.112181001358884,0.735655673604154,0.984534738947309,0,0
"P22695",27.3591027648205,27.856998058997,26.9173196294286,27.2350361052737,27.5617020046476,27.2377908487838,26.9647227199292,26.9704392235507,27.587454103579,27.4884173697777,27.7847555104451,27.7158890065393,27.3521551353877,27.6238452565285,27.2825667882433,27.4645541807469,27.7081206645726,27.4200585812831,27.246714881186,27.1348967526237,27.1098223450375,27.2974842278105,-0.313412261850232,0.152119075687699,0.984534738947309,0,0
"P22830",22.1166761266873,22.117378685338,21.5544393097763,22.0076707557573,21.9960980278569,22.0581510352986,21.4496704189535,21.9335785387388,22.4372750609189,21.4940207215333,22.4816473898536,22.0212590214768,22.2034383974384,22.089721301404,21.7959886569861,22.0822847225153,22.1395811864089,22.2732454742507,21.7157364592393,21.6443298527951,21.8790506633221,21.7724587656389,-0.0549274037339558,0.825981632665023,0.984534738947309,0,0
"P23109",24.9657481957575,23.6745242960792,24.3606254909208,25.5845310215867,25.550979727268,25.3525673613746,24.3105609277928,25.6125878361218,25.0129924092102,24.1880954762874,25.0556344131372,24.7599758488824,23.7502838671037,23.9399702851445,25.1740783461874,25.2265243837252,25.0243799304262,25.0773965997444,25.1975588300216,24.855586613633,25.5919545742254,25.1898628014952,0.253246724839318,0.600877937287279,0.984534738947309,0,0
"P23142",18.2742730800149,17.4685838584792,17.8308744578383,18.1088630380889,18.450149550773,18.8975806647572,17.4219581769656,18.6988191137547,17.6888107065888,18.3777358475684,17.3909371891493,17.4982328982857,18.3203495712583,17.3387280311829,17.727300316881,17.9504077426536,17.9552629250626,17.3139749693728,18.2913495778526,18.763798000996,17.2671662826465,17.7326941969963,-0.293022842916297,0.478307222161011,0.984534738947309,0,0
"P23246",16.2979073790394,17.7892574356267,16.5036327415149,17.6662402605,17.1174824774439,16.9190520525138,16.7384008786027,17.3476985928414,17.6582814278376,17.4862271011854,16.3583070312546,17.6637951150398,17.9931494505816,17.3952332757546,16.5684391524226,17.878055507406,17.3086950747454,16.6109014735076,16.036776057372,17.4005987573961,17.7107974872721,17.3917398525042,1.0434608720496,0.0145700948084097,0.984534738947309,1,0
"P23284",19.37371847655,19.8405064640751,19.2446301532103,19.7005070283839,19.6822792221955,19.5893359445962,19.6709235424897,20.0550228300735,19.6770146239321,20.2512328862929,19.3801512720953,19.3415055651449,21.0090891221509,19.6114732496984,19.6654286641013,19.9222792371555,19.5737176874615,19.6900387981827,20.2939629070376,19.9962551367953,20.144736401883,20.126917534988,0.151691431617994,0.630376296865097,0.984534738947309,0,0
"P23297",25.6933025026285,25.6786029799084,26.498092729072,24.9245647921895,25.2437252953646,25.9384684498176,26.997474918646,25.6416437962859,25.3019386195287,26.2079473046091,26.0381186828883,25.0702387888444,26.4530024305928,26.1965224517593,24.8923751568189,24.7341007795983,25.5842233248678,26.5194741529541,25.424752480893,26.5766912195766,25.7090892959648,26.4140081118277,-0.18847053517603,0.710028612059013,0.984534738947309,0,0
"P23327",23.1105495888956,23.2258991697544,23.6749733344709,23.1614469892262,23.3426065024032,23.2948319483206,23.2501570473815,23.233627178887,23.2331426176555,23.4673564883843,23.3318133752616,23.4890574256002,23.5002345438168,23.1019270034619,23.2430714791971,23.434203050556,23.160066021132,23.3121284731747,23.042640666021,23.788035431821,23.3726784749999,23.9066607461253,0.194749354324177,0.334075317199582,0.984534738947309,0,0
"P23368",20.5904252397494,20.0875628118816,19.4037266910918,19.9378537703833,19.9226091902309,19.8298786113494,20.9566955744194,NA,19.9395588789555,20.2737391350807,20.2636285577865,20.5949226156369,20.5267721927066,19.8924736008448,20.6190822282499,20.2708056171381,20.5621192515944,20.9186702978271,19.6392164578546,19.3305507022144,19.7662831715765,20.4305728817802,0.16750230326954,0.662403133287422,0.984534738947309,0,0
"P23381",22.220233902765,22.4095320856814,22.3699471355086,22.3611740036553,22.6977691594694,22.6824505865156,22.6882812457036,22.0586631333867,22.5503397068416,22.2868256404968,22.4327637292756,22.4139631609641,22.5000978405755,22.3648510768752,22.0465462111503,22.6192011999332,22.7093892966571,22.353823767091,21.9867961101669,22.0793460507458,22.4109315766004,22.2935918038469,0.275675030875568,0.127980788177408,0.984534738947309,0,0
"P23396",24.3723368920069,24.4921968899978,24.6359249636176,24.2705277027332,24.6739491980021,24.7509928222304,23.4335970710284,24.44690439838,24.6703118542191,24.2419081686929,24.3894021388821,24.3533424587549,24.9892392199549,24.1922841444327,24.7503546840042,24.5046765888532,24.3252222370734,24.7074902361291,24.7558243597877,24.4135395719433,24.6529189379073,24.8551419022038,-0.14581952877457,0.585804208873074,0.984534738947309,0,0
"P23434",19.8642355611675,20.9301243937491,20.1326497538514,NA,20.6737575616227,20.0618853098193,21.1817305981934,20.4953166192656,20.7635005640933,20.9515512048024,21.0982205356079,20.8697710974223,20.6712306250749,21.1130088067107,20.2807995504858,20.9467244172322,20.5192008707722,20.7010768032583,20.4726068010845,20.7586335498065,20.0262869896046,20.3447268371278,-0.0636143869835664,0.853641741633371,0.984534738947309,0,0
"P23526",23.6953553231427,23.3070677528956,23.8986978158003,23.2875083524484,23.3263757644966,23.8813280465743,23.8526737224352,23.5943148847227,23.3074211791981,23.2780152154117,23.4878566590334,23.2588827774405,23.6001673354962,23.3612701847181,23.2565999162412,23.3236894987397,23.5534494916242,23.6592826890735,23.6117066021506,23.4268558251295,23.2446933198904,23.4877926225556,0.0404261948237696,0.835886989225838,0.984534738947309,0,0
"P23528",26.6973136331144,26.1213720539474,26.6100838634745,26.3632019485908,26.4687262447121,26.4648721703002,26.257800814974,26.5805733734309,26.1932061539158,26.3187944610239,26.1565888770435,26.6068981471921,26.5987550041286,26.288138880181,26.3865614590514,26.314809204058,26.3186260559977,26.4074192157724,26.2650893368683,26.7808312840323,26.3376933262375,26.5702729826115,0.0619297423768153,0.732914528604954,0.984534738947309,0,0
"P23588",20.0014767831669,20.1859234910733,19.9752244196439,20.0266451128713,20.3587460981241,20.0289711857789,19.7048582956534,19.8545741917488,20.514737911213,19.3558458205573,19.9280006820696,19.9998139616155,20.1814106718969,19.87037120764,19.7489472270201,19.8844674528774,20.0867698150426,19.5540188414264,19.6985302832186,19.5709523426318,20.1334820544335,19.9532079881419,0.390008653044958,0.0800670167510697,0.984534738947309,0,0
"P23634",18.3302174507693,17.9074115637074,18.7872641952223,18.2989100422765,18.3149013561482,18.3527406635392,18.30067911163,18.6203964650182,18.1182191026104,18.022106642503,17.865249908383,17.8571414168024,17.5213174418716,18.3515625451365,18.2210794066706,17.9731268107962,18.3954499527951,18.3468962227821,18.7038815023467,18.5547900997955,18.4773093901807,18.2010669305938,-0.0717507789964955,0.756171724855834,0.984534738947309,0,0
"P23786",22.7971101994691,22.6963896450928,21.9660353704661,22.1503932125876,22.0410210087125,22.0182482367152,22.5738966606177,22.0407212841282,22.6521052791359,22.1849154039762,22.8720294665127,22.5205613552259,21.9352885975704,22.174722437274,22.5151073877066,22.1213599487974,22.1537006312355,22.4836581483782,22.2726244372105,21.5328305946882,22.0618889419819,21.9812602485199,-0.225100612522283,0.419062343650323,0.984534738947309,0,0
"P24043",17.9888895148818,18.3321522112964,18.3519346451775,18.8797744567121,18.2453150338227,18.610473038485,18.8819433915545,19.6715335926489,18.3538527868599,18.1901312497934,18.8936188044155,18.5218773008488,19.1513845819498,19.2680489068892,18.8023459014174,18.2902009807959,18.650320748563,NA,20.0255982857034,18.3330211909256,18.6897505292647,18.9452764438231,0.0507924144628582,0.890992776784146,0.985429799208273,0,0
"P24298",23.2416344445725,23.6729165874133,22.8373656299676,23.5423682674787,23.4791610673363,23.0076130746396,23.1158543229553,22.6034130126645,23.5826983080157,23.0614349524369,23.5831237240302,23.2201854449089,22.3628651070236,23.2222254374416,23.3381364613145,23.1654631931663,23.1924335344725,22.8156660105443,22.2077188915719,22.7604817070323,23.1863609339465,22.9745423104614,-0.0565113477727692,0.850104130770317,0.984534738947309,0,0
"P24310",26.3230946227575,27.0334582671817,25.3791125469022,26.5563533576156,26.2708630512757,26.3356412033205,25.8534050968789,26.1889370678079,26.6628929495261,26.2707892271928,26.7320864442157,26.5632749495684,26.3292326946094,26.7286540753365,26.4682885076736,26.3467901678599,26.312304959389,25.958326253894,26.4180652313822,25.9989466615796,26.3715829594467,26.4930589377047,-0.277930633454645,0.329106219190407,0.984534738947309,0,0
"P24311",20.7760285304342,21.5919457420957,19.7388762725324,20.4844782292789,20.3697160818167,20.6365462298791,19.5450015853214,20.8158478350527,20.540468954354,20.276093633247,20.9690139526467,21.0296907800672,20.4101852385639,20.9835435463329,20.5997654508908,20.2843583727269,20.5649400326544,20.1060911565737,20.784009941839,19.9744894693484,20.205762713391,20.0560600135709,-0.609369840879925,0.0988026856812429,0.984534738947309,0,0
"P24534",22.7324654487429,22.6584115723985,22.6550320804532,22.8675543311315,22.6962154904921,22.9562065391077,22.8647120785244,22.9490055420218,22.7897544882997,22.954903427604,22.7603469297566,22.478847110949,23.1115188956021,22.818624575482,23.0042482828172,22.950261050536,23.3267526274828,22.5672053497917,23.0897987243289,22.8635143890664,22.8021117976899,23.0944764456527,0.124103193090694,0.501874223713166,0.984534738947309,0,0
"P24539",25.7306282794597,26.0868332791016,25.334128925292,25.26282506492,25.4311525314023,25.6299824461292,25.4736753776139,25.5737253114733,25.9581336244611,25.4909760254097,26.043051069954,25.5174712688189,25.4943269092292,25.262309922035,25.5742888754551,25.5951083539773,25.5839094430134,25.7449193036489,25.8545557541531,25.2050505509372,25.323935444705,25.4709721157792,-0.245543903149382,0.255481746516682,0.984534738947309,0,0
"P24666",22.469668887353,22.4300306251008,23.0347321011721,22.9506127213625,22.8199970004086,22.8498448096924,22.4546542647303,22.326861796247,22.484509355331,22.4497260533396,21.9421988576926,22.2627690146671,22.4009243668716,22.8364975328796,22.5680261577741,22.5839601559167,22.8440981712958,22.4193137972789,22.3681473640351,23.0370071326582,22.8749272984017,22.5543676930632,0.0977390619482925,0.689352265468184,0.984534738947309,0,0
"P24752",26.394406442164,26.9787606385378,25.6460161895971,26.2635808385529,26.4760054600004,26.733335297947,27.0355363141106,25.9379904330559,26.5635701669006,26.598231039374,26.6302019465453,26.30228557555,26.2710823957885,26.2708189568133,26.2403009379282,26.5316464917919,26.7733349298858,26.7484856566878,26.063949625154,26.3416269091211,26.2412737987588,26.1561583959668,-0.299557501501909,0.261738708918487,0.984534738947309,0,0
"P25311",20.344553865757,20.3375993149606,20.3220453536856,20.66277842203,20.4592323669244,20.6619979035153,20.9876757029029,20.2397990420853,20.6857182686354,20.7139912504878,20.5059147994997,19.8644236799818,20.5005398496298,20.0389008499129,20.7120759238753,20.6788054332705,20.3850894959568,20.0810149409219,20.2909564036538,20.8497413194114,19.9717604757348,20.2823436046712,-0.038322356670502,0.874854928170852,0.985429799208273,0,0
"P25325",22.068752272333,22.2785341499284,22.1712321672735,21.901751863946,22.7801814048753,22.1967021296345,22.5314033251812,22.5137194627029,22.4695273563586,22.2680500499032,22.4205691009891,21.6896612903035,21.8885814980161,21.7779667356863,21.6239510134305,22.4681536328625,22.0969877915989,22.0096986644476,22.5133833364285,22.9052020520841,21.8325889346951,21.8774101650692,-0.208414491175994,0.448248657207716,0.984534738947309,0,0
"P25398",21.8754088510865,22.3397806420996,21.6970812380653,21.9540272936841,22.2545459498112,22.1916719149454,21.060471000626,22.1063665753179,22.2862009826249,22.197629402975,22.0339977120931,22.2504427997074,22.667252394413,22.0493595338134,22.1913129053835,22.4543238190821,22.2477247669757,22.3337150367211,22.2653744420124,21.9813100715546,22.1160655471041,22.3842772089752,-0.138876302625562,0.550156336661097,0.984534738947309,0,0
"P25686",17.6974319412494,17.9665514626532,18.2257030888069,17.0133992774452,18.1474926250081,17.709364024553,18.0660298511882,17.8050273135808,18.4332711875258,17.70450296566,18.0324550787323,17.6482250316863,17.3689143678859,17.6863301704466,17.9166979984027,18.1589476616182,17.585077798263,17.9040358778839,17.4281804150055,17.4318304482023,17.4608501809462,17.6132915782093,-0.00181075148663723,0.99475373015858,0.998338651984889,0,0
"P25705",28.1269290504582,28.5500145215031,27.6949999128743,27.8657591503358,27.8960296076797,28.101738944626,28.0499196109576,27.7468564539431,28.368693127504,28.1373483709403,28.549260948513,28.1895258057808,27.9868943986921,27.9033279345492,28.1393875325956,28.047498064213,28.3932560989988,28.2682295915909,28.2301957191065,27.755288886397,27.777819712104,28.0143866130073,-0.272697073545618,0.210352784960162,0.984534738947309,0,0
"P25786",23.2750737587868,22.7528962030954,23.5457695700123,23.0881710050203,23.1519120924355,23.3010809389271,22.8503896352786,23.378575422703,22.8953396113542,22.9999166676936,22.761292747751,23.1860740517831,22.7682098599978,23.0546135889732,22.992320718766,23.2206889618375,23.0047728165948,22.9451376480797,23.0902971106662,23.1811632658472,23.1897378015163,23.0998860845804,0.136808777010632,0.481255079413898,0.984534738947309,0,0
"P25787",21.7761858671646,21.8333088523218,22.4496943890301,21.857318924322,21.9420461582161,22.1699438863604,21.7610699007119,22.3086898555523,21.754846608405,21.9270700773061,21.9147708106219,21.7848970254283,21.6126666888717,21.8037086444996,21.9854018516677,22.1221841901673,21.9026069353487,21.7460391548265,22.2635887691448,22.4044200694212,22.0455533393937,22.125173604133,-0.00934840708240969,0.964774071369082,0.992365658656292,0,0
"P25788",23.361526174564,23.3485251558805,24.0978626168716,23.2766460760904,23.5211047904233,23.6329452625434,23.3868037149492,23.7769512855926,23.3017496719203,23.4622253442715,23.1635692087536,23.435031270442,23.2519309208567,23.3606558284844,23.5611397944584,23.5513050557584,23.3884497193854,23.5659510384546,23.5728166592563,23.46021602013,23.5971605612212,23.5189058783584,0.105994716525696,0.575555698303379,0.984534738947309,0,0
"P25789",22.8254548857207,22.6897971107305,23.1258422985694,23.1917720649366,23.0369390484817,22.8908975016849,23.0161434672687,23.3487642816171,22.6282975096544,22.7030878569844,22.8286162217689,22.9308929158177,22.881568973968,22.9981654832117,23.1348629925241,22.9721642990804,22.7968256811148,22.8893537619129,23.2921540634303,23.0814281898613,23.1003312638376,23.0634919042969,0.111384761678561,0.505119875014743,0.984534738947309,0,0
"P26038",23.7384298924643,23.7847338772662,23.8972004957132,23.5252400858721,23.9281929359041,23.8195261791188,24.100276227585,23.736543227179,23.74776347337,23.9820037784885,23.6385909859364,24.076459543873,25.0185175352308,23.8808614625355,23.9517702029025,23.8940076638729,24.1591841157077,23.98627072796,23.7634511546831,23.5322007051487,23.943330259349,24.6245113171619,0.449249315634116,0.0668824506104208,0.984534738947309,0,0
"P26196",17.4046218757081,17.7282532294742,NA,17.0058269325958,16.9229026090171,17.7816995583868,17.7817620852674,17.7340972499764,17.2962139506584,16.9546412121761,17.5481851833494,16.9759031271222,17.1493157986234,NA,17.545395554239,17.2286338821756,17.0485605773015,17.5824503563046,17.517969906743,NA,17.4922088596302,17.5418272156185,-0.240354022126368,0.403708564076493,0.984534738947309,0,0
"P26368",16.4043515172488,17.7261588417828,17.8627974441527,17.7053373142514,17.6094508676465,17.8695629236922,17.4549590598338,16.9199377496159,17.2702245593075,17.5569347491012,17.7770443901579,17.225488160677,17.93952281585,17.8912964719401,17.6124908408337,17.7577833093362,17.4125978538021,17.1353181987352,17.5857348721924,18.3152342788553,17.7766423494636,17.7297903011551,-0.115643456969991,0.725394378915054,0.984534738947309,0,0
"P26373",19.0780425082859,21.0450731994606,19.6510121886339,21.0753465507743,20.6993572086488,20.4057036848173,19.6121886614746,20.902209146311,20.8207965927149,20.7610202568122,20.2675528599499,20.6635827829689,21.5321889198742,20.8833438396521,19.7171938344781,20.6260851170962,20.6205581033484,20.2916494290592,20.3035586568433,20.7809081678668,21.1250701454732,20.9181997677953,0.555135695498734,0.223348375125601,0.984534738947309,0,0
"P26440",20.5648891360238,20.3873600738603,19.8366985046088,19.8189267630188,20.5516119478149,20.7759569660948,20.7536793775234,19.7528132407454,20.6804544612817,20.6081825406186,20.4758789401628,20.3466741085904,20.0085965811523,20.3416444532032,20.0527011029242,20.2993756771226,20.6362425645488,20.8346415299969,19.8551483012315,20.8931037493251,20.2353185713141,20.1886875484448,-0.501764116800906,0.0764185272047177,0.984534738947309,0,0
"P26447",24.2279707729981,23.050419590554,22.9411744640668,22.7770092313138,22.9561143813669,23.5180979543785,23.2631656591889,23.1518731988651,23.0195609425596,23.5031820800807,22.3639017351258,22.5070918758848,24.9112641969986,22.8669838064856,23.0798098060391,22.6558511198637,22.9624616003424,23.4835699412214,23.7553835622245,24.1544708174188,23.7734629365027,25.0705246267523,-0.0606585805056135,0.915678650894616,0.990177959758745,0,0
"P26583",20.9976130155825,21.2187105497357,21.0707058522802,21.0902402237533,21.3234433316334,21.2238848692733,20.7909736276494,21.1326252819626,21.7850173132164,21.3751157998482,21.5118347932339,20.7408627681954,20.8883979507985,20.9880663282099,20.7618019831391,21.0931661827133,21.1385253772261,20.8789761593154,20.6459126396327,21.8786952174426,21.1099525335371,20.5563107182442,-0.210675810540966,0.426969348803537,0.984534738947309,0,0
"P26639",16.5303800202528,16.3984484334723,16.3707929559981,NA,15.9485828691689,16.2766169435239,16.4878537922726,16.4865827289802,16.3164514737938,16.422342771228,15.964541622124,15.939718832842,16.9764811995099,16.9795111366633,16.9054328815117,16.4329505015465,16.8354714838851,16.9400119928548,15.9386712853132,NA,16.38702588866,16.5665937191991,-0.00256024200609772,0.992978464925187,0.998338651984889,0,0
"P26640",21.9132412342055,21.7339385882297,21.8577162033115,21.5798276811203,21.8680455952429,22.0186980129593,21.8886077722098,21.7517946590425,21.5399852872975,21.8387894980848,21.5466566101794,21.8609794839696,22.4951668332465,21.3789903979482,21.9328841610858,21.8628193291476,22.1298727325151,22.0232125106134,21.9664802414566,21.7561307913134,21.9764601648355,22.224241982217,0.183741864617829,0.347031783144071,0.984534738947309,0,0
"P26641",23.8670133681661,23.7314468673582,23.8296457254639,23.7461383173824,23.8187462583555,24.2312438380375,23.8300086225071,23.993029299073,23.6311428982937,24.1011603120111,23.5902644917742,23.916777525972,24.2150980153697,23.6048441470817,23.8030086138559,23.8775053818474,23.9673276510019,24.166572245998,23.8628961138773,24.1557614603624,23.9980762018814,24.2836385877059,0.0404678276549149,0.828679754164276,0.984534738947309,0,0
"P26678",25.0920665890996,24.8601464028938,25.656513929036,25.2270336784729,24.7710070784343,26.0765723721628,24.7196038555772,24.8922494676289,25.4068376660024,25.3893736103013,25.4310537969029,25.0580533205163,25.2065038026524,25.6362087824838,25.4712759569926,25.0929948496333,25.2643810611848,25.1178604665368,24.5295646458874,24.9501020895122,25.5291780006979,25.812750901124,0.0967190120632502,0.759650653346939,0.984534738947309,0,0
"P26885",19.587609681751,20.5104572939392,18.8558834175575,19.5597669885154,19.5194613251417,19.4148773336883,19.3379620399894,19.4925320653247,19.6687272432599,20.0370777339664,19.7002984851442,19.6157497147464,20.4848621863148,19.4714505802659,18.6811543359638,19.1694479599609,19.0491652640912,19.6331463256255,19.1626887383155,19.3350970205832,19.752740245907,19.844460841488,-0.0159589894085101,0.960934443816833,0.992365658656292,0,0
"P27105",20.0620668426725,20.3015848406772,19.1900976342541,19.5456450958994,19.5132388630545,19.7689936300552,19.5214962518706,19.6848481096707,19.685106922134,19.3708116315466,19.1746868112498,19.1480448202792,18.8759735519047,19.1389586712397,19.8422336138976,19.291928034731,19.4120434583733,18.98765372066,20.1964783311097,21.0020101067063,19.4272846208494,19.9710937020502,-0.652197157801496,0.106150716652496,0.984534738947309,0,0
"P27338",23.2382153691198,23.7975347128094,23.1203204998667,23.5229317607004,23.0931107448394,23.5862988357362,23.3509522609683,23.386264891884,23.6566359218112,23.4987874187078,23.54247408448,23.2949317096965,22.3245086518968,23.5619163881107,23.3554064274363,23.1184032121566,23.6581399709581,23.4800767453649,23.3619401763749,23.441267923858,23.1644190895771,22.678537538403,-0.452280630683635,0.085176685461327,0.984534738947309,0,0
"P27348",22.2436201731721,21.8827315966189,21.6863576021311,21.6755637411843,21.9441718259549,21.7417489142278,21.7838574190393,21.5883838519711,21.7878507005247,21.9589851391289,21.6662828976697,21.6589612715949,22.4585046626112,21.5447368489063,21.6048149124339,21.7223818967596,21.902400733139,21.794948126363,21.8392794217402,21.9041696479112,21.9468247751744,21.6764602686399,-0.0451882849763798,0.812004077646603,0.984534738947309,0,0
"P27361",16.3573938104299,17.3987828047772,17.0929876364221,17.7020436455431,17.6016080513653,17.5676303009952,17.6073441458418,17.6549077343605,17.2253784444607,17.6057452691336,17.3796893316617,NA,17.1336454471575,17.2521100997338,17.3358032289072,17.55710707516,17.4824175842932,17.416238031765,17.2669603276648,17.5346204504816,17.4796483758528,16.9502103195968,0.0814170099128013,0.764999774616483,0.984534738947309,0,0
"P27635",20.7436477846807,21.3445828033985,20.2045878195137,21.4400954728013,21.2424793103378,21.1202443328134,19.4516356546592,21.3953245367063,21.546458784243,21.7066285148409,20.3916997891873,21.8146453600587,21.7432543796909,21.7411591313938,20.8193378610292,21.5610183878043,21.3898884235983,21.0039077885116,21.1447907433677,21.8351940945503,21.1971692795999,21.587433679397,-0.0439029743707273,0.920071132545501,0.990192879028667,0,0
"P27694",17.2381586471492,17.4075807925499,17.6345515339406,17.5257360621705,17.3699604710068,17.8029854243803,17.7475988946009,18.156086755531,17.7059388532712,17.5717912100269,17.6945332339587,17.4900698855639,17.0151443759248,17.0822630506614,17.4852504157842,17.6413582224806,17.3663983035531,17.6871911090298,17.4275657564014,17.9054118618421,17.7063097675685,17.1698866893908,0.120472225394018,0.589037493110588,0.984534738947309,0,0
"P27695",20.4041688526071,20.4319611050407,20.2903757082595,20.8090828751465,20.4919202732637,20.5538530133775,20.0943912202434,20.19866723917,20.8055505653586,21.1274869968998,20.7416679681381,20.7104342453785,20.9696606366983,20.521542912003,20.627274019532,20.6271124015285,20.8116312934572,20.2581625411224,20.4790208768794,20.6799970447459,20.393469121802,20.5628433573464,-0.019570482740253,0.928693794470613,0.990192879028667,0,0
"P27797",21.9680434402047,21.8614928521757,22.0141972869126,21.634623801233,21.8834669137569,21.7720522638174,21.5337740030654,21.8739014430935,21.7791132296869,21.8583828741705,21.4923526501223,21.5284625974649,22.1065256903944,21.7946526376239,21.4956161298172,21.7022411662075,21.8618013337725,21.7432223664312,21.6084922307194,21.7406898487655,21.9574602097824,21.7840536341425,0.108046249712967,0.523049474932058,0.984534738947309,0,0
"P27816",23.105729224024,21.677368417486,23.2671141071198,23.0785706876819,23.0558253959332,22.9249294149361,23.2357894545518,23.1171784633255,22.9647782291172,23.0058039995705,22.8894833920535,23.107080698426,22.5481822797906,22.9388737724247,23.1508391349163,23.3154489955804,22.8239094684629,23.1158366590397,22.8359087869147,23.029674180865,22.8479834377482,23.2990716362504,0.332215793569659,0.228607585023692,0.984534738947309,0,0
"P27824",22.3697383747219,22.5668275919132,22.8170002165744,22.1925646634397,22.5134469955247,22.7677814736437,22.5352394522709,22.4326930342536,22.6215593517068,22.8269125620221,22.3563964110664,22.4110203271302,22.973085788073,22.4357601115006,22.3791029691507,22.4733850587826,22.5949859354431,22.6958322893158,22.458292941661,22.8478377051923,22.6636811640337,22.8856958281804,0.0565712557434637,0.767999757612489,0.984534738947309,0,0
"P28066",23.8824182300499,23.8134947067208,24.2971985338139,23.9010540237702,24.12038668065,24.1013631640234,23.7387260337079,24.1858186475601,23.8730010515334,23.6593217007804,23.6566438017868,24.078840516526,23.9480483152876,23.9235692440927,23.9106192590661,23.9787910080405,23.7810304017334,23.7690150153497,23.8606800047422,24.2059425272644,24.0311867352317,23.9936537016288,0.161514847046885,0.356130469572803,0.984534738947309,0,0
"P28070",22.1094655482586,21.9544507863737,22.840690154913,22.3153559889859,22.4626958383599,22.3877286118323,22.2842061978388,22.6989277524582,22.1822841644381,22.1089378425952,22.2050972889263,22.1481929351761,21.926353438659,22.3350344119626,22.4268642616097,22.3927060610272,22.2477222902944,22.3312711665528,22.6800267672017,22.3562531483676,22.707905175642,22.3135320280331,0.123075569335526,0.540631514100529,0.984534738947309,0,0
"P28072",22.8986932315017,22.5966270969108,23.4491793477665,22.6176312801081,22.939105362141,22.915683707902,22.8361076639592,23.1506154837702,22.7051744056689,22.7222715158604,22.6884555598959,22.5761222776065,22.6411610027144,22.4965792373389,22.9541240911846,23.0210292171371,22.6210731617352,22.786772404817,23.0311814937749,22.949420102201,22.8340129310869,22.9289700317351,0.0850481950252018,0.676921314352409,0.984534738947309,0,0
"P28074",23.4744624671624,22.4111759485025,23.2869744231584,22.7253246831044,22.7566585404002,22.9826299491199,22.7428686910592,23.0151286848213,22.413458593531,22.6094536804488,22.4690719163316,22.3806240611048,22.2994229361228,22.4893732493793,22.9637332303284,22.760582114971,22.5242068461158,22.8525929083847,22.9355614207115,22.5621857357301,22.7693266370644,22.7459025190958,-0.127836191687067,0.613841877774831,0.984534738947309,0,0
"P28161",25.9827749050165,25.1579130569463,25.9894180483413,26.1064809691039,26.7354189733458,25.5859058132193,26.1589408118115,25.7064381178504,25.2415889208378,25.6340808696865,24.8691449760954,25.7438014835741,25.4460681882357,25.2572537727598,25.9694651886371,26.3605842532187,25.2016914545543,25.7219375475818,25.4642147693472,26.6131943797193,26.2398648846388,26.2943131329826,0.255541042462308,0.538311938706538,0.984534738947309,0,0
"P28289",20.1276494870901,20.4864716621542,19.9308265643428,22.4181727885323,21.3046214632963,20.3332071317029,NA,22.0859801387216,20.8790661862853,19.946397755458,20.5808477469984,20.3668448759105,21.9509012752502,20.8462405348922,20.3281011920752,NA,20.2576067473473,20.7303581573637,22.2445411231012,20.6742890989637,21.5177886067413,20.6353184448683,0.855486262113267,0.175063889717124,0.984534738947309,0,0
"P28331",24.7763118721691,25.677466777824,24.3883780733202,25.1432345314501,25.2926839319538,24.4873570117317,24.6604506032963,25.0864563249312,24.8013990742917,25.1562939979462,25.133790370114,25.3768804554879,25.025583715675,25.2639292950812,25.1401974908752,25.230429536896,24.4537561388825,24.9122101992746,24.9866948048947,24.6859145950046,24.8589399923168,24.6921575120622,-0.329498323971222,0.234524536657132,0.984534738947309,0,0
"P28482",19.5612456965433,19.4918895571615,20.2964408556956,19.7943756923755,20.0844680926786,19.968615433293,19.4811988461141,20.1457194320058,19.7845158167808,20.2574683645608,20.0842373193967,19.9793694659461,20.1684444007123,19.9094889121034,20.2387218731408,20.2213387106791,19.784795603816,20.1675784487855,20.271297139562,20.3987362009179,20.1387073086041,20.0965603407861,-0.139832491822574,0.526489932430342,0.984534738947309,0,0
"P28749",21.1268894008824,NA,20.6553156891362,NA,21.2511535672243,NA,21.1173514403284,21.5445524224225,21.5375009717819,21.2836983879986,NA,21.5388451896819,21.82334963846,NA,20.482234144634,21.4203519528181,NA,20.9835612011451,20.5770987460217,NA,21.5583779243988,21.4006916589251,0.859195893048177,0.00867275496430838,0.984534738947309,1,0
"P28838",21.4428191622898,21.5468083871252,21.3849193917618,21.0988760284569,21.3732415825197,21.710326216472,21.7557285167598,21.2494071705287,21.4470597262145,21.7979898030313,21.7229118629449,21.2807563692878,21.6610607040101,21.5636918443691,21.319943647257,21.57206584449,21.8494932738304,21.7399804368438,21.3510684931076,21.5797562020342,21.3015751171227,21.5787149126568,-0.182095090142173,0.327349951065008,0.984534738947309,0,0
"P28907",19.5784538022963,19.562181187194,20.5233661341796,19.4516337412607,19.9209979338134,20.5816887941409,19.9231347553744,19.6625361085412,19.587615400136,20.1892427870769,19.3698266397234,19.5811750345144,17.9056332641926,19.6585508577165,18.9855196470762,20.4313496888883,19.9854481103966,20.2148938270981,18.8411441572697,20.6359891117495,20.5546369553549,20.273340745284,0.083969816780705,0.876474516347838,0.985429799208273,0,0
"P29144",20.5407254030674,20.8388245793684,21.2357682961819,21.0376365606573,20.8387954287694,20.9137410693834,20.8134583504686,20.6699300119383,20.6399667274815,20.8317607844457,20.6707800773591,20.4550969571094,20.4179966342022,21.1493121323768,20.8623372191311,20.9519793617804,20.8920548848047,20.9352251722867,20.6020446044651,20.7931366663165,21.1799622144142,20.9043897764841,0.0387495781639373,0.847147114963352,0.984534738947309,0,0
"P29218",22.4079153860709,22.4883661447632,22.7051671447835,22.2902427142315,22.4992510325654,22.7223922153074,22.8105544739944,22.7488381808664,22.4801776785099,22.0875865823627,22.6963423999907,22.4466957578362,22.1513409652369,22.428159463067,22.3063128232375,22.5300209161984,22.4290874239836,22.6559018026743,22.7758602675504,22.3653782494115,22.504705738059,22.3086400473813,0.0121130318948204,0.94709792019817,0.990429197592858,0,0
"P29317",25.5462789251096,25.4382295999701,24.8017181594336,25.3499981526358,24.0395778474202,24.8397986140588,25.085671864352,23.017572282037,24.9557846018966,24.851057166536,24.2383290182318,24.3121205012042,24.9709297344979,24.8572038372741,25.0020915866807,24.1965047392709,24.9564103922037,24.6254534890161,23.9702826446022,27.0476112823689,23.9791804515235,25.354239086503,-0.65569393360461,0.297340795004118,0.984534738947309,0,0
"P29401",18.3762509974331,16.7373020622572,16.5435819570468,16.4348352469244,16.7958916782524,17.0829346007926,17.3957869644317,16.1316632988599,16.7697523624465,16.9379092525681,16.245072944671,16.1380270017924,17.5159721648851,17.1160010345619,16.9953767451447,16.7147432414622,17.0805439586525,17.0999770992741,16.8689118920697,17.5451635760051,17.1067596765766,16.8813467585807,-0.592956892473371,0.158604190463498,0.984534738947309,0,0
"P29692",23.7470541110076,23.4166752059003,23.590624657763,23.4091232657608,23.6299867690341,23.7022239429341,23.4393992624633,23.2772127305355,23.1880684175955,23.370723666798,23.1547197436374,23.2869206886555,23.7939747008718,23.2244685815336,23.466027195408,23.4523164365055,23.5698822629627,23.5878301077968,23.6052677000499,23.2134012096473,23.4604570737091,23.616299697097,-0.012102055315097,0.946395639352618,0.99023412945887,0,0
"P29966",19.9136215870163,19.7379288869678,19.9536098172732,19.2148865799457,20.1619634724855,19.2527745699504,19.5573693634166,19.9075791881085,19.5040832292135,20.1152909636928,19.0997260440663,19.2994497188447,20.9962078687692,19.4365492853345,19.6654962860623,19.6546813694091,19.7239853574531,19.7478243067315,19.7280955162018,19.7695023752926,19.5766492459211,19.7293659317506,0.0745177429950772,0.825304491621877,0.984534738947309,0,0
"P29992",17.2073178365687,NA,17.5884983393583,18.3617918337718,18.4758002534465,17.87954222699,18.5711066603984,17.5839189651846,17.9184058639327,17.595794524515,18.1283366436623,18.0784603309554,17.8332121296693,17.9296743290816,17.7865122371009,17.4195495577011,18.0533314048545,17.798300426148,NA,18.0361185217427,17.274479159003,NA,0.00324210713297646,0.992461870583448,0.998338651984889,0,0
"P30038",24.2645106770657,24.0923234615241,23.3077929067702,23.925013760909,23.8858066597445,23.7788056055129,24.1089790054115,23.1487386210244,23.8784861933516,24.2526438813723,24.136457259911,24.0411750520273,23.9293497572725,23.6957923400527,23.8929625407003,23.921863789344,23.8191901783746,23.9456229174801,23.5977918837853,23.9998682787165,23.6498152003473,23.4554706762388,-0.418219309907986,0.0703462273288894,0.984534738947309,0,0
"P30040",19.5146303188223,20.1727979086209,19.1972533603837,19.5443824696589,18.9732953793054,19.4455433542017,18.6980000131697,19.2738697170651,19.5506278299086,19.8899874929408,19.843411600934,19.4999437437943,19.9484247010611,19.7781936937203,19.4147791622096,19.6506129299118,19.5693816307678,19.180742574234,19.5185746566566,19.8377477858525,19.3246868004813,19.6732271781751,-0.322079074936344,0.22735714260406,0.984534738947309,0,0
"P30041",27.4817876813472,27.4680368617132,28.4233121626735,27.7407530447045,27.9241303948033,27.886084221752,27.7777072784518,27.5929770703165,28.0444024376698,27.7196684970849,27.4914892330438,27.5137672839741,27.4071810201634,27.9047299460487,27.5266045693174,27.4903149975379,27.6253716612978,27.433029553399,27.3306117814884,28.5614050832652,27.5184132342601,27.3306894784538,-0.0163556569501075,0.947986749337741,0.990745751603673,0,0
"P30043",25.9481846232868,25.5975931596492,26.1464718191426,26.2247808884072,25.6301132266803,26.0463325058573,25.9788164534664,25.8425224042107,25.823761838882,26.0272284203969,25.4214839456192,25.6893608938941,25.2342030774339,25.6058705904792,25.9447588662565,25.4519943245789,25.7945899480372,25.9159214278961,25.7436838225826,26.9133819313379,25.6870481947416,25.926936091686,-0.169253205408339,0.525414882295409,0.984534738947309,0,0
"P30044",24.3171972977904,25.209639733727,24.4160920809617,24.857671791642,24.8948577352714,25.0965275878876,25.604062093697,24.8854711361512,25.0422215084049,24.9438304938215,25.1495944230394,24.8415506808108,25.348523606028,24.7864763362224,24.9160829987987,25.0992330367213,25.296540865895,25.1224629894721,25.1203740006509,25.151366194255,24.9570413295258,25.1825972516889,0.127391134813603,0.598113492375977,0.984534738947309,0,0
"P30046",22.192193250738,21.7248856089405,23.1851786246234,21.5671777763642,22.6698853430843,21.9168091432268,23.1669840822553,21.4145900832446,NA,23.183914982551,NA,22.3018564853888,21.4233985401229,22.5288479296014,21.5669289930538,22.8124312305232,21.9286556305252,22.5474029599377,21.7905625121784,23.6593242466259,23.0635582430177,23.0955284878226,0.0298611814653427,0.959919608313154,0.992365658656292,0,0
"P30048",26.0178022788713,26.1363032943832,25.9828521219236,26.1173481457885,26.2099432996912,26.1665752642701,25.5240053668795,25.9017908310658,26.3525168231725,26.4729183986509,26.6670548072049,26.1571501263787,26.3164222047726,26.3550360177754,26.3406729651187,26.4828888384571,26.4166333360022,26.2478385963973,26.1280564491632,26.226945664552,25.9633115942426,26.2383615072934,-0.299978903489503,0.140055334116402,0.984534738947309,0,0
"P30049",26.1083637275118,25.8744903174459,25.4544015313777,25.3231378091018,25.4494854795129,25.5792202910369,25.6350138056401,25.3238946075852,25.9635975838753,25.7084926557332,26.191556082331,25.7850301583587,25.5419985661033,25.3945767357434,25.6478051394897,25.4720564553088,25.872476936567,25.6933629258836,25.5913795667548,25.3376919808845,25.5015870568716,25.53376578793,-0.193736467640562,0.349490286901676,0.984534738947309,0,0
"P30050",20.0741948077626,21.2894009132633,19.4254754588704,21.0344807525762,21.0201851003809,20.8417454346531,19.317501515306,21.0299840058901,20.9335388251284,21.5028475221423,20.3749440028224,21.4646133743608,21.8958446842896,21.1517964390151,19.8609478207134,21.2653999805299,21.1738338414545,20.2245810112699,20.4828340919776,21.28643537414,21.2142169099157,21.5234775839591,0.31922192971189,0.498061250596242,0.984534738947309,0,0
"P30084",24.5702008874977,25.0193225217251,24.1688461348051,24.7702974962484,24.8090788421285,24.5862458822121,25.0817199933641,24.4466862797412,24.7063891005112,24.8018307912705,24.9502552902726,24.5233576637753,24.5708169836452,24.6630041388563,24.9788784059583,24.8830740322609,24.8498435787212,24.8831936784638,24.8412256177511,24.8508673128648,24.2924821273773,24.5001078973066,-0.394854685181517,0.0611275402244387,0.984534738947309,0,0
"P30085",19.7609454299652,18.9327816012496,19.0203305381193,18.6825657722454,18.936583368766,18.8602951537228,19.4556991159347,18.9730382426239,18.8254187449803,17.8481738243576,18.9494663025639,18.7316320096692,18.8113569026757,18.5336869685153,18.8473616941579,18.7506333935115,19.020326321838,19.169965584208,18.7457403084327,18.4776581734578,18.8355289079869,18.7826755152126,0.177179165404528,0.55985290340117,0.984534738947309,0,0
"P30086",27.885818377566,27.1004589138937,27.6710691515832,27.3037374597639,27.3880821561095,27.4367351194016,27.8792209327679,27.4282420416104,27.3098248670943,26.9462373794448,27.1379906832749,27.3444513865657,26.9258448405494,27.1846306433207,27.3663561768423,26.9547705212485,27.0351368209109,27.5101138217422,27.0523466993823,27.5430494631132,27.2137328079563,27.0479541698754,-0.0417858174136185,0.845316239101601,0.984534738947309,0,0
"P30101",21.5476673522376,20.9597016854404,20.9604929482673,20.5772323110781,20.8159914101218,20.923869601861,20.9697030025006,21.2351215851796,20.6591864067994,21.1667841582837,20.6488313830259,20.9593911504797,21.7215445954018,20.7665631834649,20.5816398706234,20.8821492253548,20.9783826696856,21.0661845351239,21.1753544958482,21.5315775700166,21.0823986165495,21.1777420061071,-0.0207895681490378,0.936415133982467,0.990192879028667,0,0
"P30153",23.8039576221189,23.6908702877275,24.0812604914484,23.8677385442737,23.7880528381601,23.8086536607465,23.91399708415,23.5895183058725,23.8264786950661,23.9873834186362,23.6344008611315,23.7966190140497,24.1579867248227,23.9465112128329,23.8962083718713,23.7370967464874,23.8763960311669,23.7102219688576,23.4341937777215,23.8886953019827,23.8206270994503,23.8120256958813,0.161871268065266,0.321995773874796,0.984534738947309,0,0
"P30405",22.3238905792563,22.9861047305563,21.4708294415855,22.1683018651698,22.2600699363538,22.1085559278002,22.4972362159935,21.4574740868468,22.6048334899099,22.7780063646859,23.1212266582346,22.6301717693867,22.1249196157494,22.848626142223,22.5061326322489,22.4734884157027,22.9279798228837,22.4881917367443,21.9276452800653,21.9767763129135,21.7794994677815,22.1949035812589,-0.550887988291894,0.133246439868143,0.984534738947309,0,0
"P30419",18.4465037142364,18.9189328257124,19.5761166601551,NA,19.0510309920314,19.1049856918893,18.2121406845067,19.2221033029526,19.0923984093168,19.2761122093765,19.0819561530794,19.1844842204459,18.8657909314202,19.0659286516555,18.9658380257678,18.9569746960952,18.8877195761024,19.163461845837,18.5186755910668,18.9837384474154,18.7760031456587,19.0652123221114,0.0628227132403474,0.821626101875827,0.984534738947309,0,0
"P30520",21.94459477378,21.6911534696722,21.9467140209591,21.9664074513854,21.4512245151253,21.7649527279619,22.5579522178335,22.2350378124308,21.4681557969482,21.9988886232804,21.8475417604069,21.6742603766936,21.2311746342384,22.3913670772932,22.2363639218957,21.7166523531753,21.875650251046,22.4341391699722,22.6186280229352,22.3671370080138,21.8964178220609,21.5612191085036,-0.498503800862061,0.0328291907051873,0.984534738947309,-1,0
"P30533",19.1466422495745,17.9516963663153,17.6425022640315,18.4325237852523,18.5581704770698,18.3172141206966,18.2496070628107,18.5371505008701,18.6080406182135,18.2376615850931,18.5592787093274,18.6036189553045,17.5391540088999,18.0391622228484,17.9380688126276,18.4485266262392,17.6516795054417,17.9848634489422,17.9373421376174,19.2895040517935,18.2275041053567,18.3953350612605,-0.261297496125909,0.464083465662014,0.984534738947309,0,0
"P30536",20.0316554032254,20.6208443685275,20.3085765817234,19.9989960325301,20.2785799490084,19.7956304197386,20.3266863749684,19.6587500410237,20.24947453573,20.2511839092973,20.9712785981897,19.6685580499558,20.5255919812591,20.5241244901337,20.2543341208015,20.4973260835811,20.370575963571,20.4232535288059,19.9735183040218,19.7789842245036,20.3745942201033,20.2752337681049,-0.121894984026799,0.658089722895616,0.984534738947309,0,0
"P30566",22.9229366319266,22.635600327562,23.6578112268966,23.2404301219435,22.9106470815621,22.9956790392557,23.3568325538162,23.6955649707873,22.8734880821102,22.8883517950898,22.8469600290262,22.6271389500558,22.1925342125142,23.3006362776713,23.2151777346101,22.6879367886173,22.6001918403177,23.0613212111947,23.5060669815717,23.3936570533243,23.0833500202832,22.8249909911896,-0.127885144137782,0.54572111897633,0.984534738947309,0,0
"P30622",22.0018668685385,20.4017533844163,20.8674952300148,20.5425153937129,20.6285499924988,20.6428393610714,20.7811262236478,20.7089840227182,20.7866253390674,20.3245700876268,20.3640653739511,20.7460581017267,20.3583994527988,20.3915749948697,20.6016940060883,20.629335980757,20.3114471907161,20.6235509363558,20.6235695555973,20.3522398618176,20.6636493467675,21.0221839293079,0.113394859881673,0.706928358685091,0.984534738947309,0,0
"P30626",19.3419111899237,18.7873772937659,18.4270136157241,18.7548537078113,18.8048774536041,18.4386849176728,18.9420236154827,18.6310791894614,18.8477593094564,18.6087674225856,18.8156634839789,18.5350114805238,19.0730545022881,18.537788314647,18.8787142631689,18.4924667449576,19.0672699207183,18.7418377569354,18.8505259570155,19.3615094874237,18.3090425969439,18.6533814513034,-0.264705112383613,0.280239458172957,0.984534738947309,0,0
"P30740",22.681261286159,21.8116975628207,22.6944881170162,21.8927991785481,21.7542699888662,21.3919806563026,22.701171477756,21.2163442576658,21.623538272793,21.6173565636399,21.4986293766231,22.2753126063042,22.0203370936692,22.0207734832141,21.7238918501099,21.6717498386952,21.3580236998084,23.0429638018672,21.6621964977907,21.753297623546,21.8721901670107,21.8333398072159,0.031003239165635,0.935929012270718,0.990192879028667,0,0
"P30837",21.2933043519282,21.6280540034887,21.3314405673707,21.4554242307937,20.9484168575115,21.4688486580101,21.7375566422591,21.2975225724658,21.7192377493395,22.956199475846,22.5514995064187,22.0005533218382,23.2398582051052,22.1894477720951,22.2310598543737,21.0857248022186,22.203318224763,21.871606979835,22.0244462619872,21.8189590565595,20.8514490971004,23.250525026703,-0.221349995103473,0.677998579219445,0.984534738947309,0,0
"P31040",24.779488388624,25.383735983624,24.7353688972292,24.6669023920441,24.9271446838471,25.0283869616299,25.1827265706627,24.7308871831987,24.9454398023817,24.8290085504553,25.2088559236738,25.0126794964112,24.8326165601301,24.8201877414993,24.6076820595828,25.0675223391645,25.1087418105865,25.2713167739464,24.7734032162655,24.66835070303,24.7470604820008,24.8942070852408,-0.0582219161482307,0.760992639939496,0.984534738947309,0,0
"P31150",21.7853784740113,21.4051888636647,21.8571074444172,21.8080662961896,21.6957490281714,21.6050849047188,21.7625327840702,21.3448628145224,21.4327191344033,21.2215068336907,21.5457738192754,21.3739264222385,21.1231169106242,21.5426853920766,21.5204347072944,21.5397893596745,21.5846726935921,21.370726153889,21.4205459897261,21.2456667837383,21.7572472757965,21.2873044126366,0.122275081214028,0.513428897755774,0.984534738947309,0,0
"P31153",20.0527013735654,19.865296850192,20.1364521721196,20.1003001598724,20.0491002030326,19.9335251110334,20.1678873821936,20.176301183186,19.7184339949384,19.4867180384135,19.9001276831809,20.0444838170077,19.795441982709,19.7186546701158,19.8908800276449,19.9321648282735,19.8825001295212,19.8006165541546,20.1795316289385,19.8440896625424,19.542967865748,19.5082668666212,0.0761798415265567,0.67569543401976,0.984534738947309,0,0
"P31415",29.2355518398264,28.669876704162,29.1865484153075,28.6806929809739,28.727908283451,29.0644149623068,27.8209559294036,29.423110951445,28.7830939570792,29.2909997045589,28.4632851281768,28.723742549092,28.7329561562627,28.8646134963342,28.8064233975063,29.0157701417629,28.8257064721178,29.2088624430009,29.336642261261,29.9449744289427,29.1282807321773,29.3438536390942,-0.400377247229656,0.243342202667336,0.984534738947309,0,0
"P31930",26.7007267105725,27.3310283218135,26.2394062898906,26.6299725450028,26.7735587330173,26.6404955480926,26.4621310379713,26.5995418035167,26.8587093172076,26.9379774240141,27.2005189950225,27.0124746091817,26.6922018025494,26.8949782554322,26.7408660681686,26.9697515196067,26.9318304778932,26.6770093637562,26.8041517574979,26.7138808533202,26.6833928483943,26.7605496096662,-0.297242538457368,0.126122089028668,0.984534738947309,0,0
"P31937",24.4520737797432,24.7564481585758,24.2601584508875,24.4746382808793,24.5038094129214,24.5068119776281,25.0999078014943,24.41720795932,24.5763140621165,24.4062113372503,24.6728564593496,24.5786521428185,24.4188534804316,24.6253143179083,24.3282629004222,24.6697949479227,24.8256397526392,24.6025554686458,24.4868643766654,24.3550426620388,24.8877507946464,24.4740513235309,0.178792585223551,0.346838721309345,0.984534738947309,0,0
"P31939",22.1804869020957,21.529916417696,21.9641781597276,21.764675539069,21.6361722659469,22.0086348703883,22.3583724495265,21.9165619591697,21.8020552032585,21.6937721901155,22.0887318137319,22.1375561048119,22.3297253983569,21.9007519024413,21.9231103683391,21.7375251879133,21.9153188538672,21.9326079938639,21.8620217668848,21.9007293474568,21.76587280159,22.2945104894265,0.231123449018376,0.255627223541142,0.984534738947309,0,0
"P31942",14.7852616400286,16.3503224713704,17.01094304176,17.1784572726157,16.9429237998278,16.8362580218126,16.2237836297938,16.9934250789919,17.1903035158759,16.1830302237018,17.034626901194,15.9000472416973,16.30922505298,17.337515196794,16.4044029575847,16.7001844068426,16.9792950137722,NA,16.1617062568849,16.6047756808807,16.7914425863404,16.3038655781512,0.448787510756819,0.3327735491241,0.984534738947309,0,0
"P31943",19.411262556776,19.9563670660184,19.504303289994,19.5503288232629,20.0433938676263,20.1825214326323,19.532360815395,19.907223414186,20.1946003564861,20.1989894526269,20.1341488512141,20.011419344687,20.3994594807799,20.0542327411179,19.9067925208175,20.1979808920936,20.2205857050806,19.5916807324403,19.9086800778152,20.3647844896817,20.1074692642134,20.1139872931604,-0.0401009803229257,0.854647835301289,0.984534738947309,0,0
"P31946",26.0223327152604,25.7350135237484,26.3056877078903,25.9214068744762,25.8553769484315,26.0850615200855,25.8564891981394,25.900007702467,25.8619468479926,26.0145542682492,25.6528189877835,25.6862118817589,26.152921507497,25.8386103747752,26.0239547181926,25.9152926081804,25.8965741080414,25.9553731659083,25.7437932147233,26.179359173172,26.0423080640621,26.140644852269,0.0990220465472298,0.568616796817918,0.984534738947309,0,0
"P31948",23.590542875339,23.3357161086747,23.8975473804446,23.5882165346371,23.5697034713647,23.3728860854072,23.3519161675882,23.6203581596411,23.642188950756,23.4128105210371,23.4136902016863,23.5559409335897,23.3098936279945,23.5170918325426,23.5332955723261,23.5783164031693,23.4796256379319,23.4782849382716,23.3846131787907,23.6685863318947,23.7272393822509,23.5339971566091,0.185281714187706,0.216605061711442,0.984534738947309,0,0
"P31949",18.6062057313856,18.5036659927418,17.7635704337442,17.4087248559869,18.4921951267596,18.048949736647,18.6473546596911,18.4681163797042,18.3820588141684,18.7478560627432,18.2144403728691,18.0223153220644,19.4283130908633,18.1337218277114,18.358187419053,19.1892645561932,18.2681785314136,18.5531559190403,18.9672660227213,18.160077183396,18.4217055015693,18.4849699585721,-0.100277656137198,0.769907614127853,0.984534738947309,0,0
"P32119",26.7616810926129,26.8877711396944,27.2701878840682,26.7346020102871,26.7157078251527,27.1938679401379,26.9237869716453,26.5352384881302,26.79635262188,27.0522018393492,26.8987092585722,26.76193860927,26.7846276574115,26.928369526904,26.9206869945153,26.6929014607559,27.1733586816027,26.6823261182193,26.5568392074255,27.8004552342344,26.8864542117511,27.1794514062116,-0.13090299914359,0.60000465339587,0.984534738947309,0,0
"P33121",24.9794999966579,25.7805480092942,24.6296568748133,24.7050712759793,25.0889170162379,25.0763752271777,25.1858974245102,24.6562142515921,25.078699967528,24.9586881486643,25.3424230346896,25.2050052205149,24.9514254024393,25.1115961644051,24.9537628477856,25.1672221189506,25.3428281307636,25.0548007603892,24.8700195898694,24.2302431909528,24.8613562959077,24.9297060820917,-0.12112791547143,0.617463250728101,0.984534738947309,0,0
"P33176",22.3245020925432,22.7247087348275,23.0199561190397,23.0645729315,22.8633532310942,23.0541417119313,23.014088617626,22.7417962497595,23.1157277273536,22.8368319679162,22.5571139459723,22.812970499732,23.5620845031971,22.8459941899637,22.8193611263821,22.9774279303705,23.1314633333834,23.0106059641307,22.9601952160448,22.8668346745436,23.0699311732178,23.3350692226723,0.512012591224206,0.0123650064969569,0.984534738947309,1,0
"P33992",25.5432473761779,25.5948527429493,24.2435451244423,24.7471507314579,23.911666080863,25.0939210478955,24.5513433365655,23.1959748132903,25.0739826282858,24.3058792047317,23.9195333446129,23.9848094393059,24.5809902465009,24.3291332951065,25.3275292418836,23.2057779827151,24.6631445126502,25.2499178341824,24.2747385388671,26.326014130477,24.2773526253474,25.4017101306588,-1.11495309130365,0.0655545177843074,0.984534738947309,0,0
"P34896",20.661137679874,19.5914176809682,20.2755466307603,19.9135198943689,19.5967504454983,19.4554561486468,19.8086603062151,20.5317975816695,18.1803611594441,19.6612699693867,18.6411401803019,19.9679590771327,17.5151648438361,19.5088219454313,19.7017380365002,19.0193349214297,19.0243757358187,19.3774871039013,20.476515729067,19.7998451497785,19.6152110565936,19.1021406089984,-0.591402121921835,0.295950099813837,0.984534738947309,0,0
"P34897",21.5713554045293,22.9895848945272,21.5953925911307,21.7138585419305,22.3887957932906,22.4690494125796,22.2263239436597,22.0543719651631,22.2042597836767,22.436144469306,23.0917719249919,22.4246400700394,22.344658156976,22.7240852839551,21.9326163122653,22.5017599368664,23.2714495516572,22.5501681145935,NA,21.6401963069268,22.4390386635371,22.5891584858943,-0.15092501668008,0.671242310605292,0.984534738947309,0,0
"P34932",21.2123147982042,20.6841107752503,21.0133846152497,20.7224000118935,21.0564013170457,20.5760508042844,20.9535160422563,20.5560482866565,20.8113923201358,20.6459211512042,20.8868737332444,20.9740470990917,21.1503341303167,20.7905024365396,21.0592841522488,20.8850842782036,20.725413207898,20.6804432306831,20.6726497236041,20.6687712593092,20.858388955942,21.1124099501913,0.144352268496416,0.429887323538198,0.984534738947309,0,0
"P34949",23.1003266250576,22.5552608152806,22.3789231144886,22.3135383471271,22.0712326955373,22.5227865289408,22.9621973734307,22.6896268847554,22.269315031596,22.3924390880623,22.385009357553,22.396291575928,22.1562850718191,22.3836840881053,22.2914448963447,22.1338724218796,22.5158302138968,22.6136564386432,22.5182120946138,22.5367671508607,22.5449457137566,22.4356838056439,-0.0867238346852837,0.688157076494573,0.984534738947309,0,0
"P35052",18.0044762973767,17.5780500545567,18.5597034156519,18.0991945743045,17.9370753417692,18.2061251365976,18.2662885277969,18.5946125643244,17.7883207351214,17.6844370815225,17.3595627486448,17.3998899229668,18.4335337236279,17.2839582779194,17.2675813495565,17.7787539838296,16.9908533129337,17.5135713914854,17.9690653894043,18.3050422821447,17.68392034516,17.7890338120973,0.478156632029059,0.154399872997554,0.984534738947309,0,0
"P35080",24.4010266280127,23.4250260218539,24.2551033487792,23.4657464815702,23.8115209296798,23.99039064618,24.1162050488162,23.6548937216367,23.7914494916506,23.5251218297419,23.8810024832956,23.9549041846048,24.2927064082849,23.6686105904319,23.9607097615083,23.6852159929035,23.7299295565863,23.7805774648028,23.7457715070654,23.4148940223983,24.0612429890866,24.2526444023865,0.299659448430724,0.232056420038862,0.984534738947309,0,0
"P35221",16.4620531368967,16.1090849737859,14.6663938869217,NA,15.4287870733379,15.1970847202686,14.3092508386354,15.4233262601045,15.9458468713453,15.4147945792659,16.0304141566439,15.4091432496857,15.7464023989369,14.7379567531099,NA,15.6879534495991,15.2488657335386,15.0652131571192,15.8210714037461,14.8038938119732,15.6619155281037,15.1031685216381,-0.318290943684804,0.444317483636942,0.984534738947309,0,0
"P35237",22.3876335431655,21.9579307408994,22.0964692449433,22.0766543978605,22.0875707690953,21.9483591329029,20.9151988631728,21.6814413743775,21.7899940341527,21.5083772423005,21.6725445888556,22.2343030719229,21.758481251126,21.7833300162486,21.9716661596384,21.927907831346,21.8105255845913,22.0243281122994,21.6245535365313,21.9734914982346,21.8539842720537,21.7657788692696,-0.198761471174027,0.434352048165603,0.984534738947309,0,0
"P35241",21.9451745605829,22.1092747935394,22.4967544002712,21.8682720096107,22.2546627406306,22.2828976319159,22.5383268565507,22.5029246237186,22.2975378129067,22.314057601991,22.138350826752,22.0210986842758,21.7136199211065,22.2105063561089,22.1539246665622,22.3011631268028,22.191480793354,22.2534937199142,22.1105043452463,22.2565459084581,22.4761068332369,22.2380072208442,0.126611212055039,0.500197401308339,0.984534738947309,0,0
"P35244",17.5874964066469,NA,18.0338810881857,17.4385374923004,17.8049033695309,18.2368021016427,18.3128851921441,18.3827672988878,17.6540038472592,18.208271745738,17.1576323468957,17.6346465581995,17.4777748599787,NA,17.4990744342984,17.7788042918012,17.3605480450823,17.985197428401,18.2486210357882,18.4840487537406,17.9102877798775,18.2575090413854,-0.149365447309652,0.659293559968195,0.984534738947309,0,0
"P35268",21.5854228209621,22.1921865056717,21.8280153678437,21.8592629420712,22.0849084046496,22.1447681758235,19.9012786327028,21.982280245446,22.3035598519479,22.5498600954525,22.2418140762065,22.0459749597613,23.0159590178735,22.2454981653358,22.1258341534968,22.4305574611477,22.2811677827004,22.0436468151876,22.0301318774404,22.647721318967,22.3918944653658,22.4840374498397,-0.335248548429451,0.410115414153601,0.984534738947309,0,0
"P35270",20.3874389589143,21.1725468992411,20.6202717352536,22.0069707837278,21.1164454171225,20.68954150235,21.3534721947185,21.7449860878556,21.5055084869213,20.7585913162928,21.4469458559252,20.9784833417396,20.4927487913198,21.6103869572932,21.5218447657089,21.0951363751969,21.06294967878,20.79795247811,21.7230787176519,20.8408242140453,20.5469635407693,20.3233137515876,-0.0312279806085662,0.926388877565214,0.990192879028667,0,0
"P35443",NA,17.3764648081438,17.5325412649289,17.052740962479,18.1667153331592,NA,17.6450277946123,NA,NA,17.8417103339271,17.4500233097512,17.7147498911074,18.8942904246393,17.685978664775,17.5800408788991,19.0891077820124,NA,NA,17.3842730621598,17.4957041533785,18.1685588464249,18.8590080540353,0.716698479532294,0.074758068792517,0.984534738947309,0,0
"P35555",21.8864607114254,20.6691256228468,21.2321760385557,21.3516319681159,21.6858133996814,22.1797448635777,21.2013038914544,21.5704340090501,21.5242446550837,20.6971171107094,21.6748504095862,19.7735959894456,20.5467325437533,21.4227194402457,21.4129464839016,20.7942510439766,20.8158462973349,20.6717594144807,22.3823522628989,20.1080765392119,21.5743522030958,21.5132165144533,-0.452798969990369,0.365588192849171,0.984534738947309,0,0
"P35573",25.6173728506811,25.8202898688126,26.3262283483332,25.9131086444685,25.436613525037,26.0006238511944,25.5150432446239,26.2930564147065,25.4604614359754,25.8990569458024,25.3743343407461,25.6921528856794,25.5291310769836,26.0667427326201,25.6266296853779,25.5065494135744,25.8677735403238,25.6672115320402,26.0474044900078,26.2277223241003,26.2242093707802,25.9204165513554,0.0730943741961383,0.770488171626118,0.984534738947309,0,0
"P35579",23.8977531605975,24.3749940602932,23.859002659252,23.5179105574867,23.8555199603884,24.1516500984103,22.984130865851,24.5276196107113,24.2076515361393,24.685862321247,23.8977482968194,23.7100956003324,25.0161422278203,23.7408998817809,23.9963698126394,24.3357563200652,24.3195404573488,24.4379800101145,24.747495015408,23.9965015309183,24.466554878846,24.1118788385383,-0.181846133418343,0.602448116490227,0.984534738947309,0,0
"P35609",21.9083243470168,23.3522169498939,24.9370768001271,24.7828251856827,23.8357309931255,23.7841681666414,21.2466642426652,24.9589956767149,25.2072896446071,22.5284718842246,24.0794699682666,23.8480053362436,25.8642761498781,25.1524246331639,24.4280791240783,22.1368606998081,23.781234442057,23.6531507134,27.328640641262,23.0790575743372,24.4296443054419,24.1611480277937,0.287097548053442,0.778898886097556,0.984534738947309,0,0
"P35611",17.0203843833095,17.6589016569513,18.0406487224084,NA,17.5317305636981,17.16633198149,17.4922641468279,15.3348436844676,17.4615675830562,16.7233319657995,16.82070125023,17.3735328522437,16.9959320786795,17.9028292999474,17.8635750622009,16.8418024338788,NA,17.0262324821154,17.0602737770845,17.4200402115059,17.0574159146093,17.0386818120151,-0.45557188024701,0.354564233013665,0.984534738947309,0,0
"P35613",23.2848774767978,22.9860359215676,23.4055996158669,22.7484528228517,23.0416614764067,23.1167163653186,23.1382724914994,23.0397716131425,22.7606084136658,23.4673457924582,23.071319705756,23.3632586877944,22.9049979600315,23.3201252563293,23.16940138869,23.0688942046713,23.3521165054052,23.0559848629864,23.2860133510293,23.3146121303584,23.1137205411834,23.2605343644173,-0.194758818940375,0.286032474926509,0.984534738947309,0,0
"P35637",19.7718622742343,19.5133015959836,19.7316855860313,19.8048104805654,19.4863426408577,19.9049741831717,19.1777177101232,19.7728721503651,19.7853902909403,19.7373669895138,19.8138970452515,19.5541694497712,19.7950366106753,19.6699912750952,19.6921390594513,19.8105440387157,19.7289180569094,19.3245698715807,19.5594637313337,19.9749671884582,20.0193562022969,19.6542607415983,0.0660257469135885,0.724210814331486,0.984534738947309,0,0
"P35659",18.9273016529178,19.2069844332049,19.789390291017,NA,19.7840122266018,19.8297071946104,NA,20.056393531978,20.0508359073099,19.4099201542656,19.3024174944097,19.957321849294,19.1809583758124,19.7523678265705,19.1983467902524,19.2802506340477,19.7137267648631,19.7793513413315,NA,19.7796115062533,20.0106964770482,19.7777141223595,0.571588152033648,0.0638718045135262,0.984534738947309,0,0
"P35749",19.4106904573455,19.784921544922,19.433412571086,NA,18.7034660043903,19.447328113525,NA,19.5570499412522,19.3469229821407,19.3620383990415,NA,NA,20.4634925367234,NA,20.6242773757059,19.6043058320215,18.6367968534298,19.769729317169,19.7717385888957,19.6135680190575,22.4257572130048,18.0241750061446,0.0368073514160869,0.965982594863096,0.992365658656292,0,0
"P35754",22.2670075657641,22.335808528663,22.86997822677,22.6419274082765,22.3208490999353,22.3403647567642,22.188316982452,21.0602014820521,21.5433110544304,21.5968479106282,21.4740368354131,21.832911297259,21.765675207501,22.2230245500412,22.059129110947,22.4185754616856,21.6220645546727,21.5834572913086,21.6369549977879,22.5181328557683,22.4440160069779,21.1607814547875,-0.125207849421809,0.758451197651001,0.984534738947309,0,0
"P35813",20.2105618858119,19.7748407006042,19.6834700471136,19.5553233410795,19.7642970169446,19.604363099371,19.9311571842452,19.4322798289166,19.654677210293,19.6589088259786,19.5248695820595,19.5860757770011,19.6108054985066,19.4391983380504,19.7220309714857,19.8005159595058,19.7395378105438,19.7587388313824,19.6647856726149,19.8820340045743,19.7780896659957,19.9101368185985,-0.0607559713949932,0.730361648941088,0.984534738947309,0,0
"P35908",24.1792191608847,22.6861408323862,24.3527489215496,23.9442595077463,23.9949847505332,23.4382172044602,22.1235202116497,23.0530941468801,22.5887696769432,23.2028938950262,23.5220330616277,24.2533736412238,23.2364710324087,23.8951559227856,23.5197591357763,24.3177550822907,23.1869911013426,21.5735343944637,23.7564134814926,23.4148066136554,22.8970625566414,21.5906349153243,-0.276322179295381,0.670261630915009,0.984534738947309,0,0
"P35914",21.640867311094,22.2544576292377,20.9291721644907,21.5509821592436,21.5906128785151,21.7408965137801,21.9884413988225,21.4077482282498,21.6103991520404,21.7919019533924,22.1785990883403,21.7673446018625,21.6385359201017,21.80695678679,21.7518535730831,22.1857233857657,22.0150053939515,21.7836179580108,21.7765541844611,21.2794824855724,21.5768198370742,21.4859904898971,-0.270330334631886,0.284954467796424,0.984534738947309,0,0
"P35998",22.3488500813661,22.2025040986779,22.6050655484322,22.3601688051047,22.3610210575854,22.6161921626415,22.2379860497675,22.568189708055,22.3259720670155,22.4850926082971,22.3949874501939,22.2455568517485,22.422828761386,22.3373435292561,22.419012128327,22.5637405935303,22.5452390367375,22.4487805312028,22.4310837963989,22.5526253444014,22.5993408544673,22.7114265805668,0.0949549063701802,0.526147673732181,0.984534738947309,0,0
"P36405",18.0532686502606,17.037831138762,17.0866221028152,17.1574233382436,17.6489291511971,17.0750019270515,17.5532679878221,17.1633480393541,17.4330398157909,16.871945031299,17.3152720371357,17.8742958204257,17.5397585435023,16.7074993156168,17.6313268309213,17.4834387579866,17.7041170571554,NA,NA,17.1223923154207,17.8823009112012,17.335002575675,0.423335414535536,0.167737606702074,0.984534738947309,0,0
"P36507",19.1000004441877,18.0891646646776,18.3364648316167,18.5441124430054,18.0111207561814,18.1412160948801,18.5725253379335,18.114320482708,18.282717274977,18.2463084299543,18.098222199045,17.8424809249414,18.1572306349833,17.9961193242573,18.3231073144856,17.9929329605296,18.5220260881821,18.510945815855,18.2989572348436,18.6570833805553,18.317518156405,18.3030709531311,-0.0790100184101732,0.749443833136176,0.984534738947309,0,0
"P36542",26.3540577821432,26.7864728568808,25.8352081121012,26.1018413360823,26.1958536365808,26.2236137844137,26.1093702670088,26.1615069692858,26.5770596576618,26.317323312042,26.8653496440287,26.360041753126,26.3107861467054,26.2020870660244,26.326523911164,26.4440057908418,26.5955756745949,26.4591879588732,26.4365010970026,25.8396523617883,26.1050561707834,26.2165082494326,-0.214242748976744,0.33370486109891,0.984534738947309,0,0
"P36543",19.0106297902744,NA,19.6867412375718,19.3948635479381,19.2652490340735,19.624289454715,19.259067362316,NA,19.1816817688777,19.4149863062749,18.9208800190543,19.2858455043933,19.181396175953,19.5511426899859,18.7020627257509,19.7650415920669,19.1854399047583,18.9042907627583,19.2213318006974,19.8683235494345,19.6190819379195,19.1792246164056,0.255849514670292,0.36990967896164,0.984534738947309,0,0
"P36578",18.7869911130426,20.5793539318653,19.5708799956062,20.8274094355677,20.4679820252122,19.6470314249201,19.3384903188398,20.3846137519747,20.5604636556612,20.5819685847697,19.834093190856,20.8760895890068,21.464776688298,20.8914030666245,19.2358057015539,20.7493975450528,20.3298350917787,19.770095879609,19.8315424643664,19.9470550732715,20.4784997464186,20.4208745717461,0.938199821383979,0.0560251139976305,0.984534738947309,0,0
"P36776",21.4469889898036,21.7418359742065,20.8581163848413,21.4756751046887,21.4971223722391,21.3894738078881,21.4940817057856,21.2213363638253,21.7150668391462,21.5329193829477,22.0109530542286,21.7274184053744,21.290176065243,21.7525311516329,21.4027358133554,21.8067475157015,21.7307186924324,21.3346772091848,21.6280006034752,21.3750111467221,21.3552017076461,21.0518472120277,-0.255266569031427,0.283561616322014,0.984534738947309,0,0
"P36871",27.9084646558489,27.2016371873465,28.1302999332428,27.9935502657731,27.6808115502169,27.6567246703904,27.9159939659567,27.8761711944053,27.4079217207637,27.4739284807616,27.1995346016336,27.5162354059077,26.9961041885403,27.7744194842567,27.6868574863365,27.4632772448026,27.7012465063026,27.5393580415675,27.766695934652,28.2244349845007,27.7862508265108,27.5036626816633,0.0407135143538611,0.860900507909482,0.984534738947309,0,0
"P36873",NA,16.0794229923211,NA,16.1354346497426,NA,16.159692857504,16.1270184795121,15.8081550826806,16.1430356491933,15.651372022385,15.8475562977772,15.9598061052757,16.0488031962024,14.6155138180995,14.7357590781824,15.7787589751206,16.2239243395631,15.8637023753717,NA,16.2500915915676,15.8729901070814,15.7909944984664,0.690909279049642,0.069208251060835,0.984534738947309,0,0
"P36955",20.2074861450241,18.1866881490873,19.5172410138887,19.322051703718,19.0270164038547,18.9447764164109,20.0364468961791,19.7747562089143,19.4774841720409,19.4761947667307,19.1873752176625,18.8297188309949,20.2772787810803,19.4568052665244,19.2702148725957,18.6299518932607,19.33177540507,19.0863361637707,19.7762635272457,19.6423183560277,19.7433429395518,19.3084702987923,0.361041870045351,0.378850577981017,0.984534738947309,0,0
"P36957",24.7943948549596,25.221149144339,24.6462172644659,24.9430065443941,25.2052119367203,24.8302853318691,24.9325271998514,24.7487709015688,24.7515504074486,24.8708543816757,25.0453903910892,25.124033662239,24.5012550197468,24.9052710575463,25.2064517479554,25.3172676003945,24.9439147369276,25.154136502586,24.79335770524,24.5192073548135,24.6872037700609,24.8215958485372,-0.206606310540291,0.321257347339139,0.984534738947309,0,0
"P36959",20.2135651977088,20.2884069990409,20.790755042559,20.794841296669,20.4597639839907,20.2619709642659,20.7971419089132,20.7984497549075,20.0803321806261,21.0227939429347,19.814456633295,20.2351853023269,19.9455954914763,20.3583479037527,20.5096182588001,20.4119416637584,20.218556997604,20.4759445474291,20.5414233171985,21.5966294289695,20.4886386840393,20.2276232908423,-0.132991369693151,0.657512921523453,0.984534738947309,0,0
"P36969",21.3569373470405,21.6997820139867,21.9845729513606,21.415270850516,21.9674754766347,21.4815716315647,22.0019798573972,21.5501693493471,21.6293725514041,21.7709685302756,21.6669587950401,21.5360974523315,21.5078058465326,21.3158382410702,21.727138998229,21.9870781271067,21.2993575649818,21.982960173078,21.4854055141918,21.7224594414024,21.7067297382709,21.4831700580166,-0.00106319613960082,0.995924204406944,0.998338651984889,0,0
"P37108",19.0598728037998,18.8584654307598,18.9372310428678,18.7772160647199,19.2647457958132,18.9678578193977,18.6621639625291,19.2410983995315,19.2968834382957,19.3454691405129,19.2495832602428,18.9300577522327,18.7051260895721,19.3686397634488,19.1178311116272,19.1238857040007,19.371705018878,18.7172974515339,19.6085586863637,19.341109804441,19.1800291345303,18.8889869583132,-0.338802714060698,0.132568395960123,0.984534738947309,0,0
"P37802",19.8780249009914,20.1925114207029,19.4721472082384,19.5194178238376,19.8936138818606,19.7691772363548,20.4051087191804,20.0849344305914,20.0111867574853,20.3885087064382,19.7323831861333,19.7300071946594,20.8057529074225,20.0006427987704,20.1366271562142,20.1845817175371,20.0673304128346,20.3253850105705,20.4822182126961,20.0467125563383,20.4625630916677,20.0510491370333,-0.0585806376057114,0.81972590772803,0.984534738947309,0,0
"P37837",22.3527849490594,22.1242988427814,22.378398478548,22.2637777626317,22.3605936338043,22.2331881305343,22.5636654978486,22.3206281670524,22.2863058063457,22.1112576441618,22.0381266007907,21.9546831141112,22.0171503237415,21.9481768264777,22.1822319814296,22.3065457449019,21.9601279368005,22.2047529802959,22.094574016898,22.6370936947553,22.2282252860241,21.8515041850248,-0.00114629257396004,0.99463525886867,0.998338651984889,0,0
"P38117",24.6434458673879,24.977471793492,23.6634238119025,24.0728035254597,24.5343305948707,24.1300555480242,24.8648738524716,23.465478257973,24.8008032775957,24.5986441252138,24.9546299494271,24.7161503531604,24.3375584044862,24.2093631925184,24.4858286859955,24.6135819600046,24.5169810494619,24.7097744831372,24.1249448433564,24.1088742930995,23.9927166910299,24.0771722933927,-0.41835007568757,0.195357994569695,0.984534738947309,0,0
"P38606",20.6496769419284,20.2692427873887,20.1421472739366,20.5015652566486,20.4305368474415,20.5777501293268,20.4153303616199,20.1924965374879,20.2673276180435,20.3572713091244,20.0006956866101,20.4885540521864,20.6104193925685,20.2685680407282,20.1055676359118,20.4234773445515,20.4191280109986,20.4187570153464,20.1873825867679,21.0119155199245,20.590793128882,20.5003784078514,0.0299313556813701,0.882013989584297,0.985429799208273,0,0
"P38646",24.3421688505699,24.6186233943506,23.9434059026712,23.6554337392339,24.148823913971,24.295887448782,24.2386135999414,24.3451718607403,24.4288512362939,24.5194344708002,24.5391107998093,24.4383648952003,24.4234198247358,24.3246191905406,24.1659193346869,24.4494637941477,24.4540213012942,24.6282264004222,24.6585867717623,24.1343908650537,24.371067380756,24.7029240364159,-0.19751785233921,0.318528640200358,0.984534738947309,0,0
"P39019",21.3962790451052,21.5940498992397,21.2545222997243,20.5769618941625,21.3004432833597,21.3243185347098,20.188983054718,21.5128714999024,21.4319963307698,21.4989331871093,21.1565495397485,21.3612760949121,21.7472164564448,21.2912293416588,21.3513870414007,21.6705923864831,21.3740463768089,21.5273000005806,21.6432679690241,21.499526453076,21.2718369226289,21.4996145386812,-0.360473597511529,0.168421233132275,0.984534738947309,0,0
"P39023",NA,17.4709930165621,NA,18.3797481718265,17.417667253212,NA,NA,17.8485699625421,17.6810280060417,17.9867534990097,16.6620690135972,18.7013640425165,17.8625589914167,18.0369712829434,NA,NA,17.6726439007815,17.432242284081,16.2611714579669,17.7792607791125,16.8778620047118,17.3634081078059,0.89452083233336,0.129687109964892,0.984534738947309,0,0
"P39059",NA,16.1747636712693,16.7331346435692,16.3509291589999,15.7512418810301,16.1963716520049,17.1939592650182,16.6779563203985,16.3944629483005,16.0894371437422,16.8452402026213,16.3163012377811,17.0097731342387,17.6417966567318,16.2669140489773,NA,17.3829511659594,NA,18.1120111193876,16.0293723914647,16.7199071542524,17.0749653988925,0.338081848566294,0.472037158867033,0.984534738947309,0,0
"P39060",15.397163190009,15.5258800727209,NA,16.247376848524,16.0051314386446,16.0478294474657,14.815405708117,17.121642274801,16.366905587753,16.6957042487625,16.1632607906265,15.4920534091438,15.3782828214386,16.1437366960353,15.7301202140848,14.8098924278117,16.5107121378142,15.4122830739095,17.5631446694889,17.3788514508153,15.5219841598617,15.7272321879519,-0.7132514207435,0.218204979449046,0.984534738947309,0,0
"P39656",21.3701939110478,21.245690660105,21.7603062726372,21.1966213139393,21.5031467925151,21.4514164027876,NA,21.5490853655095,21.2518783549228,20.7493947402881,21.5218402580467,20.8299830584641,21.5688606772834,21.589445744144,21.4822476914304,21.2973629096095,20.6430138676149,21.1308237550733,21.4774439054336,20.6320998037328,21.299174989438,21.5039072489284,0.0577419034786182,0.839310219687947,0.984534738947309,0,0
"P39687",21.1977104060895,21.4612568742123,21.2992466933547,21.0308061823596,21.4896301693328,21.5331049714788,21.6649574892764,21.3760247282109,21.4387609312736,21.7163045240768,21.7385838459247,21.146281957036,21.4504491734974,21.2333205723629,21.3818325676197,21.7484609076471,21.9256150902318,21.372808936228,21.5789364772956,21.5351491760994,21.4556258548335,21.4438196030683,-0.0528400418262045,0.78540028317266,0.984534738947309,0,0
"P40123",24.1572426681827,23.7370362499177,23.5189503615284,24.2086559831,24.012867228008,24.0139348137509,23.1071376599485,24.305187455024,24.027302654981,23.7859180466696,23.7426998780514,23.9375655311944,23.8514059617339,23.9592768464042,23.555904324428,23.8965479343991,23.8888502965215,23.5170375382272,24.0284828541911,23.9632661255619,23.8815745929807,24.0827592444846,0.0434873979428936,0.854850958720153,0.984534738947309,0,0
"P40227",24.9924892002668,24.6220757623969,25.0033181658956,24.6195579126768,24.6425957896401,24.760865289861,24.7345745429082,24.7424145529206,24.6529366501173,24.958019345584,24.7689540546311,25.0422307342061,25.4182621298415,24.8625053828265,24.968927771977,24.8024050615392,24.9096489421897,24.7356831652343,24.7136487708076,24.8499488056834,24.8899081859809,25.3621536728828,0.204352466307988,0.247226325622111,0.984534738947309,0,0
"P40429",22.8339820205726,23.8257577764419,22.2798696668772,23.971849542485,23.4273601376245,23.3591087928917,22.191848967829,23.8578185357999,23.6042116066509,23.5185133486055,22.9841652260338,23.519450939377,24.4841865293029,23.6547494240837,22.2139114998731,23.4642906020053,23.225569061267,23.341729794385,23.4211056709723,23.8936798200835,23.9119998233443,23.9642781580059,0.312899057237583,0.504066207363908,0.984534738947309,0,0
"P40763",19.1643898441338,17.8621323643655,18.3576353740701,17.9056438810028,18.1114308356326,17.8397813160285,17.6854990333643,17.5755599692134,17.8937014834633,18.0749800361029,17.9599721985932,18.2157971615104,18.1628021848522,18.0684588395998,17.9581128788488,17.9357025984325,17.6725217377606,18.3937169188387,17.4643866927431,18.1332592327898,17.8567815297209,17.8260216983094,-0.343822245052991,0.236087825378512,0.984534738947309,0,0
"P40925",28.9515844053416,28.7328128236166,28.5186964664742,28.2269196341684,28.679805641039,28.66359753304,28.7077685861021,28.290571226666,28.6200675139578,28.2104834504173,28.5970567035367,28.5659138710423,28.0759123296212,28.1926668171325,28.5085496097408,28.512496281948,28.6120989751973,28.6092250557505,28.2819299874586,28.3426361689078,28.338103156595,28.4964189410453,-0.119929675914683,0.525679561831126,0.984534738947309,0,0
"P40926",28.0925136314264,28.0763848530855,27.3617025688453,27.6601922135805,27.6893700695919,26.6122276359391,28.1402111228643,27.3908832718445,27.7319413797894,28.0107335196428,28.199564550951,27.857294954679,27.7026600994953,27.8731092813011,28.0120091356033,27.9475966281447,27.1996662115437,28.0619538501633,27.7882106469738,27.6617719198051,27.5848036896701,27.7100699384207,-0.335541978498419,0.272889893133581,0.984534738947309,0,0
"P40939",26.1296273351947,26.7520080597277,26.1670943750749,26.0046961883332,26.5756073979964,26.4138891398594,26.0494386906393,26.0166012807922,26.7531940605755,26.1502301985397,26.8289884866715,26.205822644215,26.1828402922628,26.1076135456727,26.0954516696853,26.5026419974404,26.469070795263,26.4213342556464,26.1592675080348,26.1405883266841,26.2682912510729,26.1609520719604,-0.163434736357448,0.439342818426511,0.984534738947309,0,0
"P41091",20.0199940597129,19.081294537136,19.9182107124638,19.000475838658,19.2570496602552,19.4338043812904,19.2809255117268,19.0252625928006,18.9669416511409,18.727588645977,19.000016452523,19.1849533231858,19.1363489920784,19.1406437857479,19.306348548472,18.8601186644008,18.9324111036865,19.6211690444967,19.5650953285953,18.622748472522,19.1875623721606,19.2974576211318,-0.166320384650515,0.576449902714616,0.984534738947309,0,0
"P41227",NA,16.0253025599222,16.0947057767275,16.2938284517419,16.8765124336419,16.70161636715,16.6532415770943,16.0397134014882,16.3993422408744,16.8459316619908,16.8700267447029,17.0735809323618,17.110116948417,16.3039776710295,NA,16.6881354606367,16.7501653069924,16.3662777963497,16.9197617233464,16.6144399305874,16.9881560186512,16.8594936652167,-0.00988225205465199,0.968006105362217,0.992365658656292,0,0
"P41236",22.2303736799977,20.5032964660598,21.8855040972581,21.2944398985247,21.0742600865664,21.3127191591189,21.6074949628926,21.0993343446957,21.0238410943448,21.1622539043434,20.9397130788856,20.9245494577856,20.8221275026877,21.3516346613169,21.1051449335281,20.9228742285471,21.0009501630751,21.8144039782483,20.9673835578871,21.3002036304112,21.4263319376712,21.0017010358581,-0.112978280959627,0.719347665153662,0.984534738947309,0,0
"P41250",19.0622022113647,19.6324230598984,20.061725975814,19.6775082652306,19.7970933670681,19.8276849181048,19.8974159934055,19.4339058219334,19.6780489130022,19.5876649090348,19.8892697944066,19.658706303468,19.6917177825542,19.7994969956333,19.7164885183216,19.8133276951012,19.7389737537397,19.4441850258696,19.5119230885014,18.984599491885,19.4627542357643,19.4245309713292,0.257327783514835,0.252831447853573,0.984534738947309,0,0
"P41252",16.9257125257199,17.1483065001877,16.5535282730086,NA,17.0608665624609,17.190227565051,17.746439506407,17.0291528348917,16.5664665076042,16.809449373651,16.5144119245165,17.0100610309496,16.6162206897059,16.9302617004093,16.1616690981839,17.3535888203121,16.7742482841458,17.2181383331207,17.5709987975977,NA,16.8515804492239,17.4899502580851,0.0694956988852447,0.847336916184323,0.984534738947309,0,0
"P41567",21.1498954844301,21.1015104163629,20.6955252511322,21.0802781688176,20.8538427137848,20.8100308999709,20.587944765625,20.9700102753695,20.9756023810017,20.6498771992506,20.5703337635998,21.097511223247,20.9751285973663,20.7908747368594,20.6146740962402,20.2225650421215,20.7168756437905,20.5328072055933,20.8156761108308,20.4823226136311,20.822355332897,20.6237574581784,0.101718352458555,0.62144218897695,0.984534738947309,0,0
"P42126",24.5551786679768,24.9626173495025,24.3562339240458,24.7796351268385,24.9655457599192,24.6603468934307,25.0129278674189,24.2967057146958,25.019258886009,24.7301418044338,25.0334378319381,24.8417579650903,24.1701962551489,24.7288057364735,24.6255074743171,24.7760157190154,24.9029734605013,24.8441904363114,24.8470908858234,24.7784145577377,24.4874210606282,24.5761955872382,-0.263967557594132,0.228140525430837,0.984534738947309,0,0
"P42167",NA,15.9186966488374,15.4464668079616,16.265841956128,16.055238592425,15.7183048336219,NA,16.1847318825171,16.3062681459007,15.7389526517516,15.4831523866221,15.4552890745696,15.0088296712267,15.2451111404404,15.1448032434676,15.2896346222748,15.5250821260894,NA,NA,16.5789907272616,16.1748321434521,15.1019726539036,0.0333663293876416,0.933168551154433,0.990192879028667,0,0
"P42330",22.0899915766226,21.7065384100612,21.0864678924644,19.802492785818,20.9816720790812,21.077826420944,20.233030207918,20.9935719258673,21.6216878170324,21.7428609222136,21.6880173903216,21.5099585863194,22.2431892866165,20.7197794915102,21.2071431572681,21.2933040975519,20.6887209692435,20.0606183703968,21.3311354581294,21.1403058839562,21.8465740161887,22.1600460631067,-0.0685319764683818,0.874847113976919,0.985429799208273,0,0
"P42677",21.3102304265345,21.0033193770136,21.6892582708307,20.7039966190953,21.012559604502,20.9521259776945,20.4617283555048,21.4246712053095,21.2747917550808,21.6715119605212,21.0882627406511,21.2151985497538,20.8424064594512,21.3372868489192,21.3980319967627,21.1825308803175,21.2733593763392,21.3380729292716,21.7116575913013,21.3520767577638,20.8186407544145,21.2210990542557,-0.397331819036985,0.133571613219747,0.984534738947309,0,0
"P42704",22.5495658938543,23.1290592125098,22.2230544298321,22.3277268168911,22.3978714529799,22.6590918348023,22.5224203563305,22.2006245965882,22.8233128938283,22.7544313498735,23.0270190496589,22.6855490053101,22.9384413400451,22.7098757418398,22.6671429664941,22.4389186431873,23.1206124872728,22.8863668562969,22.5557771198495,22.3130051808536,22.6160139165232,22.8550083739009,-0.184088258945895,0.398866903076846,0.984534738947309,0,0
"P42765",24.6823988147542,25.3253786504861,24.131172863215,24.198871040128,24.869419526681,24.4815937272964,24.4069322195703,24.1011157626562,25.0090415604607,24.448146641623,25.1838078096976,24.4545648975146,24.7428963090535,24.2693130545734,24.4387116630748,25.0712508218395,24.4402098248102,24.5226400248777,24.2637609922904,24.1771089985135,24.215713392363,24.1177025271009,-0.289614823769341,0.28661409603525,0.984534738947309,0,0
"P42766",18.7676892757116,20.9004212872754,19.8931203034236,20.7914666383393,20.6153802386681,20.9952236860748,19.2712375406829,21.3283449034497,20.9248848973062,21.2465999567327,20.9722534602828,20.9786516745174,21.6337015309726,21.1006353890623,20.2495622817581,21.2625953478953,21.2686642449215,20.3809068540801,20.302044453375,20.2386838077867,21.4806672555482,21.0730768963923,0.687409140344919,0.185157314796275,0.984534738947309,0,0
"P43007",NA,18.100268279726,18.5270032945723,18.7019136504276,NA,18.8342078437377,NA,17.2999946886436,17.7967838265852,18.3916748220076,17.9876356863289,NA,18.2715202753012,18.1343140658006,18.1279527359715,NA,18.4106791078127,17.5155328263798,17.8659217656266,18.2995802353045,18.0736919050987,18.6328486639199,0.101594773217883,0.785070445503069,0.984534738947309,0,0
"P43034",21.7481504979627,21.1943008872278,21.669619544377,21.1255428375161,21.0432310418309,21.4469557494185,21.3568185283509,21.2318655185743,20.8995382725675,20.6481285652081,21.3063042718823,21.055345154566,21.1059691667043,20.8462394195634,21.5985199103572,20.9727887211598,20.9531122632904,21.5455637417107,21.5288827879547,20.6073433444761,21.1793880599573,21.4250348069968,-0.0845383740112062,0.758860039431867,0.984534738947309,0,0
"P43155",25.6752020051174,26.4145819854169,25.0365669240433,25.4296734125056,25.6460868207776,25.8917094457943,25.3248620033571,25.2654249931458,26.1342355807687,25.9184022365384,26.1137331986011,25.4584722801895,25.4011050081749,25.5675265189128,25.6336209117895,25.7561338972505,26.0440209840834,25.7452279458538,25.5825503449772,25.44314010162,25.6533476750496,25.5916606346302,-0.448756450677845,0.07154593199999,0.984534738947309,0,0
"P43304",21.883394133654,21.8006854621,22.7425400224052,22.62035574601,22.1289518661075,22.1954774750715,22.6374006801463,22.6778964313814,21.9281006192956,22.2655361923875,21.4788857209951,21.5610391594493,21.1328933140557,22.3622943891006,21.9040385485376,22.0195393433269,22.0475577137434,22.3259901378455,22.5626731268021,23.0172931093666,22.2772857806371,21.4672628047475,-0.121091284875376,0.685654266573546,0.984534738947309,0,0
"P43490",20.2865677514933,20.9578711372069,20.258273549687,20.9957129387598,20.5960911645882,20.161717137961,21.198953317675,20.5259123953776,20.6963835281766,21.2452244678135,21.6605157532906,21.127035109183,21.1520839788003,22.3397184924267,21.9140169096362,21.2541446776796,22.0435708738385,20.5573239358239,21.0355047736453,20.59631851717,20.4139218195276,21.5882888015467,-0.10835307176815,0.815873316113647,0.984534738947309,0,0
"P43686",20.7470525595709,20.543466884492,20.9923526363818,20.938483002106,21.0481211442499,20.9625914738873,20.7951540721303,21.0652208011294,20.9147095273542,21.0130604731846,20.8218057337736,20.7853368650376,21.2177921210525,21.1640686716877,21.0257755486206,20.800762574372,20.891169826392,21.1763868493406,20.8505435662618,20.8041051911883,20.9734272108336,21.0981066125277,0.0420908659100512,0.799183895065096,0.984534738947309,0,0
"P43897",17.1688103529531,17.7729993565078,16.3207471028352,17.8901293080524,17.2994574797438,17.7339579744552,17.8298593031781,17.8759792790776,17.9235339845371,18.0990925318819,18.2628956395821,18.0327278146588,17.5396770448029,17.7472728741696,17.9661542002726,17.5409243605471,17.9918492139877,17.6480561194784,18.4086457188786,18.0878692150089,17.0234091822113,17.7108402470634,-0.48651407533432,0.194813574612366,0.984534738947309,0,0
"P45378",25.3844062396018,26.0556804441148,26.6895646839237,28.4724001879959,26.415863003057,26.1258782524367,25.1493041844387,28.2238684545358,26.0604983542146,25.342057887787,26.2613334592493,26.6927908867198,27.6967885022482,27.2554608972743,26.1760574321885,25.3260964052314,25.9110980983264,26.4236452812857,28.7251704904905,26.9382995883204,27.7701161687915,26.9660734715535,0.611691142880638,0.422214055602022,0.984534738947309,0,0
"P45381",18.3581558774936,19.1581232385205,18.8715209314655,NA,18.5199514303982,18.6512041244204,19.1623280581476,18.6216719804303,18.5054438679196,18.9882947547008,19.1238434191146,18.5687719745125,18.3374168712944,19.2764207605978,NA,19.043452123305,19.489802547521,18.5226531105096,19.1075171030572,18.8011199700441,18.7495675700929,18.1348542323302,-0.21597111416013,0.520589720513273,0.984534738947309,0,0
"P45880",25.6638637753413,26.08309886317,25.4858631033992,25.823510261729,25.9366502292149,25.7724631847459,25.269679492175,25.7932464609471,25.8581008180343,25.8646831270194,26.2471314116606,26.0417660411628,25.8226543904458,26.1399829721611,25.8203452340777,25.9261837279616,25.8269832948567,25.648977857842,25.8765244040615,25.5702371444271,25.7901912103493,25.8664963450642,-0.214069425475575,0.257086262152225,0.984534738947309,0,0
"P45954",21.9540636077573,22.6820285169677,21.827049408969,22.4886329936953,22.2726618298929,22.7199738217689,22.6023682733424,21.0128688684884,22.605975082936,22.8761200651232,22.1732823915554,21.9322305413484,21.7968981595791,22.5166177460426,22.3458187518991,22.3732203626963,22.6835459122414,22.7321388096654,21.1900786009765,22.4770441244802,22.0005983499229,21.6916595791976,-0.511623569139857,0.200681598283568,0.984534738947309,0,0
"P45974",21.7616584250209,21.1172391091753,21.5067977907478,21.0374674004415,20.7239315797548,21.1927696220679,21.2327415227375,21.0433815205007,20.9129981579954,20.9976506428952,21.0206009916617,21.2295656385048,21.4551716365347,21.1035995205814,21.2405427462621,20.9107381013308,21.2154860118776,21.153909469614,21.0189485833224,21.0882593985823,21.135739637183,21.5094053252129,0.132667998156748,0.532314120002825,0.984534738947309,0,0
"P45985",17.5155508769781,17.5099825455743,17.9682612998007,17.8478344876416,17.682739569297,17.8230074840028,17.8647593471137,18.0821561010234,17.8316722725985,17.8263450947051,17.9904541832779,17.8054917440643,17.5363843041418,17.9094020464351,17.8698890600577,17.8623300500288,17.776076183248,17.9280551621093,18.2296152559844,17.9473632193719,17.9395642385129,17.7450940027227,-0.0051181190088947,0.973288816940243,0.992413451155214,0,0
"P46019",21.4229699515254,22.0303066049193,21.8626807717392,22.3120973935625,21.1908911178598,21.2983912287287,21.6236670230496,22.0851399358339,21.2200562332202,22.0540730227982,21.8862900014871,22.2326963595682,21.8946992997965,22.4735160815558,22.0019003984931,21.6404057920469,21.6988619144599,22.3107385652826,22.7330322828489,21.7217946164143,22.2489007829202,22.0285437015955,-0.117270463593073,0.68794111789907,0.984534738947309,0,0
"P46020",22.6863486643473,23.1212003977322,23.0857871183938,23.0748944643168,22.3611266930326,22.7487000294614,22.510148436178,23.3080319809755,22.4192126820809,23.0310136996654,22.671472733911,23.3546428962527,22.8826848676566,23.2377918786349,22.9436593654204,22.5785505835194,22.8838426324556,22.8809218437574,23.3156100655755,23.3308853166208,22.9774244189524,23.0067108971663,-0.0848264113039363,0.723660623208885,0.984534738947309,0,0
"P46109",20.6509386599908,20.8116455705546,20.9571857427695,20.7017189285375,20.8789913398483,20.8053379569822,20.9064388706258,21.0323481016883,21.1228685288076,20.9193921812682,21.0457781865718,20.7669099371205,20.915539288893,20.7447991829509,20.5690831398029,20.8492200790014,20.8690081255452,20.7490367679042,20.8299547221877,20.7489082256357,21.1441482745055,20.7891340524481,0.252734937172445,0.0899769524014463,0.984534738947309,0,0
"P46199",20.6471413948518,NA,NA,20.3296750586057,NA,20.3554853557769,20.2402049876313,20.7074598057075,20.675597614803,20.6912369359344,20.5741577748292,NA,20.5369705000118,20.5381725920198,20.6335829364116,20.811699314193,20.461371589138,20.5403914344071,20.8446172388282,21.0638672743096,NA,20.3108059405336,-0.278412405574642,0.214983001988768,0.984534738947309,0,0
"P46379",16.4850683289364,16.1556790387565,15.9215042527868,16.104931295239,16.4863835733156,16.3796052170333,16.1871646883794,15.6495989135362,16.2150148112551,15.7242228108333,15.963172918546,16.255609647896,16.7947172625951,15.9943692286868,15.5343933602616,16.0415470368521,16.2890482569218,15.9703402315056,NA,16.1129468397109,16.0177644940552,15.9239907707137,0.141719449735522,0.567908699275857,0.984534738947309,0,0
"P46459",20.4683708307654,20.3739857562682,20.728717551236,19.8183600902755,20.5694810572445,20.3990682405875,20.1276530701649,19.8513963879945,19.8268937460612,20.9376920357385,19.5471980213213,20.3388645839697,20.0467080248352,20.3945246783114,19.9794823950302,20.4585630029453,20.3229409250553,19.9633872893593,20.2345579889287,20.9479627995216,21.0609787145302,20.7770839272406,-0.115154988308699,0.72256275803722,0.984534738947309,0,0
"P46734",21.4219202635014,21.0282247090787,21.4580633285999,20.2622548863054,21.2770284758701,20.8987058538476,21.0019402132493,21.1006352922001,20.857129426752,21.2704873927204,21.3403541334232,21.2658847571871,21.0295363338847,21.0907472345978,20.7049607167146,21.1391604246318,21.0767732493102,20.9785416022518,21.0255225486755,21.1195805414105,21.0278155343036,21.2234382818415,-0.126884607189044,0.55197381890249,0.984534738947309,0,0
"P46776",21.2471277592259,21.1896401875052,NA,21.4003592862459,20.9288624912174,NA,19.5043028034085,21.436200834732,20.9329302184282,21.0524099795813,20.0389456028847,21.5702790506101,21.8792090855161,21.8108598396146,19.6951234829603,21.476257584689,20.9532394516778,20.6784622768775,20.809093557249,20.8300485983209,20.7888313953891,20.7395458252068,0.423512316974566,0.424705205466081,0.984534738947309,0,0
"P46777",19.8890331461721,20.8930769069628,19.412391932943,20.8919401462038,20.7529179649389,20.5070689353229,19.8684349388258,21.1204037574906,20.6927532007949,20.7544956439175,20.2055948360001,20.8569656020826,21.4467656354036,20.6997859062989,19.4506840014759,20.7732859921796,20.5932566149246,20.0394215401636,20.2450414187261,20.5848483163924,20.9723916052684,21.1057052591935,0.650925771263218,0.102524287539755,0.984534738947309,0,0
"P46779",18.8487337329351,20.0991831707499,19.1093398039094,19.8708072846681,19.7630349536115,19.4662552843021,18.5652741216542,20.030784507355,19.9063505552658,20.0802044078182,19.2275469512909,19.9405994751209,20.3929936311544,19.9326526636075,19.0887494074754,20.2650358834975,19.6308650310884,19.4584915600135,19.4670709588808,19.546014461912,19.6933386793513,19.9268914578493,0.392043053751717,0.278982362447942,0.984534738947309,0,0
"P46781",21.9929876486725,22.2294448084272,21.9133608706867,21.955585554475,22.3287878053715,22.0285019214861,20.7459719639537,21.9479697580784,22.5232832405206,21.7716438405806,22.2780077366972,21.7958923261019,22.6083297170249,21.9680726435089,22.3184707771786,22.1935643284766,22.0928022978876,22.0689874047273,22.271897671141,21.6072946768419,22.1445894105803,22.3423297460772,-0.13835467965108,0.653434154265772,0.984534738947309,0,0
"P46782",21.1226133252813,21.4745962993696,21.1930271448087,21.0749781936288,21.6059431529615,21.3626878946413,19.9752206989837,21.5365058412602,21.6223888016398,21.6840248799511,21.6277851706217,21.4086240895264,21.7256632478481,21.4407332140078,21.2703708019888,21.910032863598,21.5919095886482,21.4253075182261,21.2994442938302,21.1782178885435,21.4820838998876,21.7116738652474,-0.0836678019334833,0.768313453660314,0.984534738947309,0,0
"P46783",21.9325926453012,21.2967826242225,21.3481245929397,20.9635406559925,21.4842155563819,21.6610591489047,20.2007683924981,21.6108441924579,21.1356508476721,21.7109347596219,21.3711378709468,21.5090281116417,21.8143355773423,21.324721010717,21.3057326844994,21.8375488553315,21.4792806787813,21.3210961304698,21.7905474305559,21.9330164808763,21.431644662987,22.005729719741,-0.379762844370674,0.178221296790087,0.984534738947309,0,0
"P46926",22.0475797252461,21.9911206855127,22.4247865508058,22.2250692532421,22.0772338537386,22.1829731855078,22.5779660225778,22.2290381860344,22.032525475887,21.6957853800744,22.1682924885686,21.8782956761254,21.7585165639521,22.3110815762511,22.5654655457184,22.1748211006907,21.9861966427189,22.0083220813322,22.1462531333992,21.7549297375916,22.142358955549,21.7738641163041,0.0658446389662579,0.738331865933338,0.984534738947309,0,0
"P46939",20.1016476169203,20.3185174170203,20.9803021081413,20.2035441195544,20.3167186079361,20.7960989807932,20.2041614941593,20.7710314133119,20.7708903604923,20.6447030495808,20.6447035490863,20.4149205645349,20.0541375952809,20.769265925752,20.3862100540027,20.6766642335676,20.3061773974303,20.0108337662536,20.5565193547217,21.2612825607891,20.4266464146506,20.1962519367717,-0.135434946355492,0.612068907908387,0.984534738947309,0,0
"P46940",16.963514911863,17.8331985659683,NA,17.3869758327688,17.7257767148073,17.527361648506,16.9911570449193,17.0961327839542,17.1461709240618,17.1021787323852,16.4950047503074,17.5693067920434,18.1477247173378,17.2926039496022,17.4984125679983,17.5156687269123,16.8160086790653,17.5660921746212,17.9893757881679,17.5600763190581,17.7586629636113,17.6938399673158,-0.123219024760882,0.705108219945015,0.984534738947309,0,0
"P46976",26.1872937452796,25.7887193689294,26.2614502675646,25.8282246852966,25.3775349634499,25.8996641796494,25.6196770421715,26.1502051919014,25.5962252128375,25.6092933985549,25.6304084391762,25.9910632320906,25.7545740257047,25.9439995044571,25.9836950173383,25.748761974185,25.7372289218828,25.7682868389556,25.6947769045179,25.7634214209534,25.7890918181703,26.0578403861436,0.157928253232768,0.431614469361004,0.984534738947309,0,0
"P46977",16.5543795368151,16.2220998657247,16.860541820942,15.9944117731167,16.2090751546996,15.8013319995158,16.1941210106859,16.3943721535157,16.2783049650292,15.9620591961038,15.8741664736011,15.6721848023933,15.7478111119015,16.080389256522,16.3126313865171,16.2910895877784,15.6402912334896,16.4235208783189,16.5901961522604,16.1086335216329,16.4717586302905,15.9700519338297,-0.0970447155218839,0.699266535679015,0.984534738947309,0,0
"P47755",21.6131530271478,21.2568658633867,21.7608113127286,21.7544632908961,21.4323496355078,21.5573079762652,20.7204680269604,21.9469040837857,21.611688372415,21.3951346160583,21.7106447955217,21.2607348191736,21.6816102902971,21.7033711435904,21.7090234289635,21.51360991626,21.2253554602449,21.5569477648184,22.4807608858028,21.136450837789,21.7243139782694,21.3570858257419,-0.192234732152428,0.501609235755945,0.984534738947309,0,0
"P47756",22.0821621670862,21.6939950258296,22.2522436294026,22.5395743925141,21.9269650999928,21.8998017134571,20.1637802072241,22.5355041328235,22.0473922531961,21.8618280533319,22.2992524475491,21.7780640646055,22.2883658256297,22.1351975696133,22.2846193112823,22.1285633804874,21.7977094742001,22.0164242845917,23.0427788401866,21.5521326843338,22.0659906671452,21.9678026292157,-0.254783025963331,0.554110205166829,0.984534738947309,0,0
"P47813",19.5509838338405,18.5875477928369,18.9819904877213,18.7983728942501,19.0717146373159,18.5905469691487,17.991971796394,18.7629947854385,18.5980756119361,18.5473229323973,18.6628203670512,18.5738439317823,19.0551245263,18.7012380402596,18.7545132592924,19.0084585016896,18.720511067779,18.3696221834103,18.7471125138422,18.8516989542369,18.6040101330412,18.8150942610697,-0.0971382268817358,0.70387187940457,0.984534738947309,0,0
"P47897",20.2462097431625,20.2799227803411,20.0971765579826,19.9876655642684,20.1333411784085,20.003524331825,20.5321667584859,19.9674747538154,20.053026303403,20.2594018656348,20.0818709475938,20.3975004701539,20.3503298201553,20.4150629580069,19.9978371658626,20.1923986772864,20.2770941903791,20.4304787047049,20.2179685969383,19.8309008258246,19.9885407570096,20.1891785207287,0.0141809354481701,0.936067315762721,0.990192879028667,0,0
"P47914",19.5324976924811,19.984379476257,18.6318485060556,20.3582917637844,20.0022288264014,19.5591903669472,18.4841266490965,20.2109118822995,20.0121750104892,20.0737168521848,19.2391829161144,20.3498337192737,20.797778033984,20.0462890916848,18.6582272095416,20.2748985095769,20.0040883587654,19.0396800123241,19.1453256696873,20.2584746291745,20.1190927641446,20.1941725217553,0.667982736048248,0.152622979968583,0.984534738947309,0,0
"P47985",24.9736800543104,26.2058158622511,25.2671189744842,25.5424939259289,25.6170157351633,25.5581329800036,25.4658315964964,25.5450042060975,25.7398272105258,25.9346374644597,25.9692322604679,25.8716991985899,25.3598555505187,25.8965148687973,25.7304021425322,25.8088012001766,25.9442568482637,25.776552020043,25.781270726816,25.4011151904693,25.7279208836794,25.8829337518877,-0.148956960948308,0.538966775368089,0.984534738947309,0,0
"P48047",26.1155894263083,26.8021382918145,25.9554198780293,26.1434841447116,26.2098753485235,26.267712257297,26.458798081876,26.0717137384896,26.5974848722799,26.5234443019582,26.9013034925045,26.338343964782,26.2033332229751,26.1393423712729,26.4470627379986,26.5588026721494,26.7709556185411,26.4664536314079,26.6379068038476,26.157600502361,25.9192051340168,26.0773894411726,-0.282965243761787,0.258502195328727,0.984534738947309,0,0
"P48059",19.6779571242793,19.3103965350129,18.9329152512634,19.0661696803265,19.3039625478971,19.1774518805277,18.9892581334542,19.1011600210784,19.3954358124205,19.258201056686,19.4369916093197,19.1781732586928,19.3147551984254,19.1251738625889,19.3726719613243,19.6339924455865,19.3896621018836,19.4974041354426,19.1545812181623,19.5122887553972,19.5510160044071,19.1193751658185,-0.231767303359266,0.198230678385418,0.984534738947309,0,0
"P48147",23.6661930783784,23.3895610814671,24.2957612313465,23.6388938586848,23.7768669768548,23.5719648653394,23.9881817957255,23.73135585942,23.2127432686599,23.0795650973808,23.242220181071,23.3705203694478,23.1279928094171,23.6589249408978,23.7384938355153,23.4016425910121,23.3018298057044,23.6075178752587,23.6914490899102,23.6484939854256,23.7900877871175,23.6419988808552,0.0890280845429388,0.700923976896763,0.984534738947309,0,0
"P48163",21.9586462112228,21.7422711736392,22.0885705554934,20.8246603676756,21.4714331609409,21.7602843828116,21.7370663889147,21.3801006964329,21.4405569726198,21.1789290785086,21.5005896678996,21.2050837132021,21.1914343618172,21.3283987366365,21.3512798238525,21.3280271782065,21.3811351388197,21.6049339829888,21.0943330737031,21.3497549733279,21.6708348817229,21.3552561705139,-0.0982794936645632,0.690063094237155,0.984534738947309,0,0
"P48426",17.7969468046428,17.78176132657,17.7381439907059,17.8792957582316,17.3576360920924,17.8998606819762,17.0753905608647,17.627765231831,17.4438836181762,17.1470242578521,17.6742803449964,17.3291740639453,17.6269350237893,17.3050986974262,17.3836169482583,17.6651765056831,17.4465302694109,17.3643297043016,17.4824710551899,18.3101421195686,17.7001505198884,17.3399866634459,-0.107828616648238,0.673424860022502,0.984534738947309,0,0
"P48444",16.8497903982558,16.5277379173475,16.9324224580124,16.6187182495335,16.6807947241617,16.5207908873795,16.8044150950398,16.5782234107292,16.7442462729456,16.4465729318338,16.6962967446813,16.6261862198122,17.0910501236956,16.6634639010123,16.8272701867924,16.8099666887012,16.4105020283882,16.735503175825,16.1902972548754,16.0341527769157,16.8442514033853,17.1324751285116,0.444208969640329,0.045514504281468,0.984534738947309,1,0
"P48449",20.3267478147399,20.2716121623992,18.8503551982985,19.2090543303446,20.0124079389289,19.586350279908,19.6495181134225,19.6615213323591,19.6871513082708,19.757882417435,19.897227180695,20.1744753278906,19.5770872938428,19.5699238977722,19.5863599765237,19.3958381131984,19.6956783567741,19.9846664260219,19.5595861274865,19.7608445879841,19.6462204041504,19.6467414918081,-0.566787281025494,0.023401969725449,0.984534738947309,-1,0
"P48507",17.3442677213679,17.3388214599089,16.4223902319356,15.7530351310116,16.0741103690979,17.2074958467193,17.2264914134789,17.5155861762694,16.5130832164414,17.0509839127308,16.6913993928767,17.0115492221274,16.7467407818678,16.3213746226063,16.4895892225028,16.8539107358227,15.9858585790323,17.0823643696347,17.194559638907,18.0071571061256,16.5729181382725,17.756849890721,-0.462766983937506,0.329435725143095,0.984534738947309,0,0
"P48509",17.3944370659942,16.7746104043511,17.4177200252604,15.6307324007509,16.7140410772401,16.0336537243222,17.7777573778943,16.518070290952,16.4523684702563,16.3022651255645,16.6350627926959,16.5987224201143,17.3925847812504,16.6712327405638,16.6033790504329,16.6940762977692,16.4564490820901,17.343165936304,NA,16.2097618349664,16.8319841384115,16.8064009677091,0.211854612161314,0.627818963232887,0.984534738947309,0,0
"P48556",21.7794259676791,21.4586642821124,22.4048158139161,21.7907932302413,21.8093046586699,22.2220340854936,22.0007131273187,21.9811642383156,22.4593447711945,22.0236050657124,22.423134802461,21.8471792739918,22.2212463092356,22.0548682982691,22.0745646839578,22.1167977639096,22.3369095500654,22.1023185639687,22.0869542371712,22.1060463041011,22.3109027283951,22.2053053145629,0.262777831709023,0.224311466596329,0.984534738947309,0,0
"P48637",21.0197815835427,20.49684221797,20.6503133730346,20.3868755754759,20.8896556480863,20.7660780894565,21.1177594350035,19.9839382291143,20.3800074943811,20.5267144895697,20.60024365923,20.6930000603135,20.3492335816375,20.5488308199633,20.976357816803,20.7551516264822,20.6305258853982,20.7006525222766,19.9152572434007,20.4397133168845,20.417418981299,20.5895094894754,-0.156462866338646,0.528086032375785,0.984534738947309,0,0
"P48643",21.9919440086728,22.0177008993159,22.4312404179814,21.7593171355714,21.909732222382,21.9860288355453,22.0200314692091,21.7002773340308,21.9446116658128,22.072104324046,22.0374960907326,22.268943407001,22.3637849644993,22.1154129341203,22.164406510547,22.1037121399106,22.1532266166529,21.9272828844694,21.9662285012028,22.1337137235157,22.1200198782004,22.5353502586774,0.164691841124583,0.329626683386008,0.984534738947309,0,0
"P48735",28.2734491467243,28.5566702726681,27.5937990948446,27.8749647442746,28.1537594329916,28.0038108997696,28.2084814524846,27.8917754962849,28.193188240535,28.286935956467,28.3438954227165,28.1022634504861,27.9270883179399,28.1001193907238,28.0655596395465,28.2125600299957,28.4442024053818,28.2980476016588,28.2042669353108,27.7824745157754,28.0017439960669,28.0036641722828,-0.292151604115595,0.135688182358091,0.984534738947309,0,0
"P48788",24.792033170403,25.5371180266628,26.3746505341491,27.8164958629053,25.7684274904856,25.8199656326317,25.08761319684,27.8027047253266,25.1357164125502,25.0137965510808,24.9960375722624,26.0179415893451,26.9647383574749,26.8612389568987,25.4341895450428,24.8785210985675,25.5499291358782,25.5034057194783,28.0472047173451,26.5995066042531,26.9356493659348,26.2440008899735,0.73156070335861,0.316136658114482,0.984534738947309,0,0
"P49023",14.8449249159227,NA,14.8482913199331,14.8096342459571,14.5760096910179,13.9683828084007,14.7855232793458,14.1916993711869,14.4620984241717,14.753506727693,14.5378609638347,14.7109990961143,14.2253842473053,14.1889351578,14.7289707657089,14.7665731212494,14.9189126286318,14.4134320795352,NA,14.1717703032809,14.6111199688872,14.5199371632016,0.348682245387561,0.177732429323107,0.984534738947309,0,0
"P49189",24.1471808001182,23.5396732536399,24.4729144863587,24.2974287758161,24.1306295746964,24.0346265280055,24.0979298203022,24.4922058024293,23.7900381151924,23.6630212203682,23.6529875599455,23.6523295220877,23.5058787555024,23.6751878346081,24.0003598406152,23.8105641111844,23.7440280552443,23.8678898314557,24.2430291166399,24.2777227198842,23.9166947460814,23.5700384468333,0.0558346480723948,0.794685723641345,0.984534738947309,0,0
"P49207",NA,16.7181369934841,NA,17.2372472738899,NA,15.2134888171841,16.3971859737929,16.7014123926707,16.7515794007863,15.7163303565424,NA,17.32114002697,17.2589082099134,17.3724768675566,16.3823365556688,15.8695455555856,14.5532105241873,16.9410854732939,17.6128588587645,16.3606309192732,15.7100947874182,16.290285993502,0.104364344405933,0.872242475056751,0.985429799208273,0,0
"P49257",18.6035677340771,18.8183328254679,18.7197192968011,18.2470110503011,18.951401009226,18.8751487021648,18.5096220625489,18.3438601357308,18.2536875362994,18.9926352124188,18.4337008635083,18.6985817750501,18.696607719876,18.2968230178015,18.1518979946023,18.5346000332945,18.7700011901939,18.7489036233875,18.8666842576566,19.1182851067535,18.7727416231342,18.6815011379933,-0.308530928257429,0.160001591313779,0.984534738947309,0,0
"P49354",17.4929383592148,17.4927174517436,16.6445418246447,16.5412878549655,17.0482560357125,17.2587033810617,17.5736116444929,17.4222250983997,16.8209924425746,17.213396288166,17.0635574619065,17.6063121408452,17.209064776694,16.9913167834599,17.047491353485,17.1764765614782,16.7189422105509,17.3059359923833,17.4583334588268,17.2075571124316,17.3196312543102,17.4571854292167,-0.215254601220156,0.39320558041885,0.984534738947309,0,0
"P49368",22.3111433278132,22.1298953797436,22.444760135499,22.0791043702884,22.1823221749811,22.2776398651103,22.364418623282,22.094925530504,22.2253740357971,22.4900764193458,22.2611923108956,22.4605360522724,22.6260315572818,22.4601531727376,22.3515540426157,22.3570442061656,22.3677418526926,22.3381433261513,22.0947135412437,22.3739500676991,22.4254343846465,22.6662681191611,0.126478158039724,0.395898431950219,0.984534738947309,0,0
"P49411",24.4349376418943,24.5282180501334,23.7640202527054,23.7517839613239,24.0575000820242,24.1836165143539,23.742658981582,23.9277577799995,24.0746777063717,24.4758559593368,24.4127722042157,24.4049517723151,24.2655749568661,24.2338999138774,24.2734827047651,24.526568360299,24.5838725334768,24.6218864490423,24.4027676513063,24.0149380088587,23.8854218985287,24.3167162035362,-0.475514330329499,0.0200656025057005,0.984534738947309,-1,0
"P49419",19.5277259684938,18.2267049363941,17.3205414849537,18.7305799258672,17.7888530261594,17.3589501153212,18.2653433828637,17.9714907715926,18.2221271614313,17.9535786903562,18.2067309905293,18.7449103687288,18.2983724410994,17.8882036129486,18.7998502478768,17.7589061499289,17.3281829257009,18.4186678893888,18.1622307325935,17.5351686741028,18.2534775189915,17.8546761191402,-0.196144053317759,0.651593306671944,0.984534738947309,0,0
"P49427",24.5323521763432,24.6949656517622,24.1489268733414,24.4835908546035,23.4224203462367,24.4873331816415,24.2588198271705,23.0887106595539,24.2709499584707,23.8874144825322,23.5949683547188,23.7815463278136,24.2006976200188,23.9108199332828,24.4246047458358,23.6678325032177,24.1637383434283,23.7596064324946,23.2404757794496,25.9345617085546,23.3857289877935,24.3915039549819,-0.375215161292331,0.451762691347294,0.984534738947309,0,0
"P49585",17.6891171081824,17.0450202014515,17.4609991732799,17.5503645605933,16.9692986254181,17.4563278149515,17.670622137956,17.0196824017184,17.3454855874755,17.0237457861735,17.0847041615863,17.3595831980461,16.7707285573943,17.1913101037161,17.2480534207982,17.3513908397866,17.1651085285096,17.0286882818201,16.9461128324801,17.6338999440566,17.3023780813601,16.9968081495342,0.146115131774994,0.51316861210617,0.984534738947309,0,0
"P49588",19.7492405111234,19.5313489618298,19.1303941191414,19.5608951098622,19.4443215603227,19.448406558573,19.5701944100663,19.362698850335,19.7616192112374,19.2552662999308,19.7256411205684,19.5567628911925,19.7706853461113,19.2525243099529,19.7471205878159,19.3505395867119,19.4460876157356,19.5019834797246,19.4124493719545,19.2499890658167,19.3532111223584,19.3275300037604,-0.0138877640041244,0.939600017886319,0.990192879028667,0,0
"P49591",18.7163040681939,17.2773555739072,NA,17.3944114747541,17.3362747269623,16.9671679932817,18.2295180864988,17.3657149906227,16.8539073698895,17.5169876862069,17.562736523736,18.0789912758953,18.120496731255,17.2295841242956,17.7009847411625,17.6742383908793,17.6621535794522,17.9375189573367,17.3996518741061,17.11911128093,17.4440487595254,18.1113442706668,0.264070318568514,0.479372147958982,0.984534738947309,0,0
"P49720",21.5946522565499,21.5584667675834,21.988796431147,21.7337123174497,21.7096903374538,21.8853411922811,21.5919407202172,22.1879396754873,21.4115837529962,21.5548354571439,21.3673067440833,21.6840272520229,21.3789349610052,21.5356113006408,21.6282337783071,21.8190318135563,21.4714872300258,21.3560516277919,21.9158979643847,21.7084005557728,21.7728456380854,21.9225046632754,0.217045334559305,0.286359394796182,0.984534738947309,0,0
"P49721",22.8586657414271,22.8385744609468,23.3072780601401,23.2967188965749,23.2097562369832,23.1967504136817,23.0218551300214,22.9734194843339,23.1100139388492,22.8035775956094,22.9653748747926,23.0897106191141,22.8465385728199,23.0165837688628,22.9317214336047,23.1339396039424,23.2181952742131,22.7533349617024,23.0276504050943,23.4074716187391,23.0732203632636,23.1776902568584,0.225603892178363,0.193599404243108,0.984534738947309,0,0
"P49748",25.6810600797556,26.4969630520604,25.5256550017768,25.640045459072,25.7983339378589,25.8946658368906,26.0963844231401,25.3918107847488,26.0228815482512,25.7190152313847,25.7555353290875,25.7017029677281,25.4533906096934,25.763663862329,25.6080384863346,25.6060933979675,26.0983183103593,26.0602600699149,25.4922718295978,25.5718400842462,25.6621325868502,25.5828645182895,-0.170704602444975,0.45702329851818,0.984534738947309,0,0
"P49753",24.4075247702268,24.73860293242,23.9853509265022,24.5873842944264,24.271121542174,24.0033642917917,24.9294538586075,24.1456740931234,23.8494900390422,24.157728004085,24.0246537923918,24.1872417436062,23.9467037475453,24.3483015827315,24.3767592748477,24.2066531189453,24.2239626521668,24.7886721013814,24.3527229302659,24.069548731174,23.937836486477,23.8895267825138,-0.289575415378913,0.240682335350869,0.984534738947309,0,0
"P49755",19.8510709106589,20.4947570065764,20.5095448917609,20.5252724492413,20.6030968021438,20.5564580726844,20.1084119383385,20.7230883626559,20.6793991072614,NA,20.1696125770831,19.9172999250968,20.5976983455974,20.1834529153466,19.9578829276127,20.3243149451432,19.7823488603784,19.8489682389835,20.3962522893163,21.0646413127441,20.33096504872,20.7994026152402,0.175257049218477,0.562795144386376,0.984534738947309,0,0
"P49773",25.15548609906,24.9562124461133,25.7253720854586,25.2934934915098,25.1715331233952,25.9332761100676,25.5964340017887,25.6984165088887,25.1796109181816,25.5797330693129,24.8886750161693,25.1814995054128,24.9070404536633,24.9926210592385,24.935951074128,25.2504469923065,25.3391029535907,25.568276788421,25.4035157866925,26.5044757081501,25.761450056651,25.7131975822729,0.0956675978026347,0.776146498803797,0.984534738947309,0,0
"P49821",24.479340785231,25.2693687409382,23.8105382336465,24.8919360400742,24.8420741982206,24.1134749517663,24.2941229173275,24.7575581054885,24.4460211393094,24.7757999709269,24.7543377354153,24.9522099654797,24.565385353191,24.8491408375094,24.7072957853284,24.7973545892954,23.9877825938017,24.4976583962825,24.5535114315485,24.4604154825111,24.4507174824276,24.3736748550194,-0.358114356680698,0.209422097683057,0.984534738947309,0,0
"P49840",15.9235880839514,16.6423132861172,16.1879268383641,16.3652459513353,16.1165448941381,16.4046591788542,16.4848970582042,16.8524122170297,16.2673676109038,16.3816401262643,16.4026274740418,16.664441612327,15.9468219828676,15.941994681388,14.9776835871222,16.2927785606272,16.2529947369651,15.9671366279419,16.2327839378463,16.7873338337525,16.4023077551159,16.331564379673,0.453439398925347,0.149300425878607,0.984534738947309,0,0
"P49841",17.20861859606,17.2405136990434,17.4873195489457,17.5834255286028,17.6382283917709,17.5923254134495,17.0818075588166,17.5984481962977,17.1718680818559,17.3782121030518,17.2789146411169,17.3151703462082,17.2761486732508,17.4624948942752,17.520023360341,17.520572678812,17.365237247369,17.5329031227782,17.3780032514843,17.1302656312066,17.4123394540008,17.4796264760642,-0.0147839305779236,0.929958586282803,0.990192879028667,0,0
"P50213",24.0077744905471,24.5842521941549,24.01470940067,23.7370988291248,24.3648630165691,24.0153495720915,24.1698924346175,23.963290009668,24.2362488312035,24.8393017886939,24.7111988334458,24.6020404586224,24.4979572580627,24.754955894181,24.2430770378442,24.7669915094283,24.7196044893579,24.0189167258646,24.3203899143709,24.2846864134668,24.4342386878846,24.6401297136373,-0.110453592506886,0.616363364981395,0.984534738947309,0,0
"P50225",17.5639402379385,17.5168692198689,17.1618962528188,16.5379491657234,17.0947685166226,17.1411675840963,17.0062698830878,17.0872225376946,17.4440883218482,17.0038339366773,16.9814321605625,16.7400688278212,17.8088184326326,17.3446957264909,16.9751677920155,15.8142904536419,17.1487015202041,16.8450651414694,16.7584868279924,16.8806910915985,16.8217375588255,16.4487288849002,-0.333280413302205,0.32193122189208,0.984534738947309,0,0
"P50395",23.9384029532011,23.3821050428281,23.9018465798031,23.788616013496,23.626265341318,23.7209358735755,23.8836974020627,23.5569199257356,23.3653763474497,23.5564382777194,23.4483023244363,23.5708472935385,23.5670860949352,23.6059367789836,23.7585697193977,23.5236734236043,23.5282588876466,23.7372240620353,23.4344063153348,23.7313973444541,23.4923308738451,23.6478722828197,-0.0112790831131946,0.945365555228963,0.990192879028667,0,0
"P50402",18.330036334732,18.16606178427,18.3021421486418,18.6506717454124,18.3563651648081,18.2338528533336,17.6473928031816,18.3888750172844,18.5242223617491,18.3430930923223,18.5121515611137,18.0331094847614,17.881903303493,18.3539531914363,18.3672064294889,18.4641781201433,18.2741573573085,17.9695421666572,18.0851227451258,19.0159613283697,18.3738996712556,17.9030432914112,-0.224241283996186,0.369745047374576,0.984534738947309,0,0
"P50416",18.3853988100351,19.2036019490511,18.6752888491585,NA,18.4114712530364,18.7325575293551,19.4120610953129,18.073499005874,18.3627747469648,18.2363166072359,19.2715400699154,18.3632405999299,18.0886240433171,18.1025980711178,18.8413469294704,18.7176692653663,17.7440269381239,19.1942226368025,19.1255530487069,17.5664345330204,18.211567439277,18.621831262519,-0.345014562600738,0.412372340531765,0.984534738947309,0,0
"P50461",27.7839459899312,27.132615242512,26.6124591397667,26.5098614267795,26.6911584911159,26.9802661907388,26.4061142096248,26.2557174867548,26.9725832460027,28.179688813266,27.591622460662,28.3274959490347,28.2991106308618,27.0428437520603,28.135232072754,27.4746471562613,27.729735142345,27.3019389279692,26.5445840380056,26.8860424988827,27.1750357751323,28.5557142404057,-0.0970408718461222,0.809989808470795,0.984534738947309,0,0
"P50502",24.505566313701,23.8483522079046,24.6328251155977,24.3810110359965,24.2279903116823,24.2357580560776,24.5449576003228,24.4461042457624,24.4832829305911,24.1759022283085,24.1969981506141,24.317169652898,24.1548531093238,24.1487964532132,24.1263738455613,24.0553467102455,24.1709405441497,24.3389936522177,24.0562009961143,24.615606192338,24.4701346669521,24.3070925597813,0.287936953608877,0.101033235633548,0.984534738947309,0,0
"P50570",20.2742716591604,20.4289033141343,20.2980108890651,20.0421891290973,20.2796711537585,20.2207042217072,20.1367081984743,19.8358294762536,20.2264376915901,20.2498894880768,20.2658397065189,20.3780349466299,20.1073992691623,20.1636953728297,20.2137310748101,20.2298426660742,20.3103877896446,20.0307041138804,19.5908056383485,20.0591238662562,20.0944693895416,20.1878438666946,0.0276727944029851,0.861504323206595,0.984534738947309,0,0
"P50579",19.0083947411814,18.9097258655716,19.1028904617758,19.1460065577898,19.2368314029279,18.9755385117825,18.6564171694344,19.187426271198,19.1010397976888,19.0284874116899,18.8492745270013,18.9147938612448,18.5237199482975,18.9248502659094,18.8454409374229,19.0774477451535,18.9903969442376,18.7919334525376,18.6634982766627,19.0738490669705,19.0910071182808,18.9008479853373,0.0938351754095663,0.584266842844614,0.984534738947309,0,0
"P50851",17.7204998701495,18.9999689054781,20.2413055377968,20.3996722131081,19.5043931366752,19.3857480086553,NA,NA,20.0387646352825,NA,19.7986176053177,19.3690056360715,21.2059300563601,20.5677151474359,19.8917895659058,17.6158006757488,NA,18.6277246946989,22.3426538909168,NA,19.7680845384336,18.8631544244948,0.161406228149684,0.869243805912053,0.985224662710431,0,0
"P50895",15.5898295360962,16.701861868971,16.1817799068056,15.8474941203807,16.1673250813627,15.8100453288654,15.9094118607829,16.8091126702695,16.4227649074293,16.0048513797688,16.3163998427532,15.8814454130747,15.7697704479684,15.7997433720426,16.1249018681494,16.073568871295,16.075491733952,15.9718320285329,16.6416006827971,16.5305409783032,16.6230303982515,15.6089271789916,-0.0726242585454955,0.809241138555309,0.984534738947309,0,0
"P50914",19.4627050104429,20.981977344444,NA,20.7543382167776,20.5276103405453,19.9422074892436,NA,20.6213602303449,20.5658506012304,20.6376815892755,19.9630919363217,20.8222719447826,21.3252660862876,20.868853992751,NA,20.7496652501518,19.9565192877996,19.7313583252706,20.0519471841476,20.0663520862661,20.5500240967236,20.9400174198097,0.943474614810992,0.029812216687018,0.984534738947309,1,0
"P50990",22.7412177081506,22.6069691592912,22.7897243876853,22.373665624558,22.4624579405973,22.5232659296317,22.6141345193492,22.481308426156,22.6057312140433,22.5701838326598,22.55606917702,22.8121041439321,22.9172689512942,22.6112124391678,22.7237969008211,22.63923120179,22.587099670375,22.6079856347039,22.4059706753133,22.6128307837417,22.6124338612408,22.9018019908527,0.148849559631195,0.306755550657161,0.984534738947309,0,0
"P50991",22.1563043750658,22.1256320442179,22.329525736268,21.8315890733051,22.0334624605534,21.9876064687696,21.9044290351734,21.7358829242222,21.9290185288645,22.0922564726904,22.0932187289314,22.2228938685961,22.5625101743636,22.1636483648418,22.3765607854088,22.1524707235362,22.2263610280945,22.1921422931591,21.8835355377874,21.9970144291173,22.1440554053146,22.3509412471446,0.0186340936405998,0.908896906715181,0.988715048664673,0,0
"P50993",23.1902554439335,23.3265777662492,23.6255346394034,23.2579374139132,23.1360772773293,23.3965479475234,23.3007226213604,23.3022665794185,23.5956977635126,23.3804538631388,23.5473047669076,23.5000434663383,23.3681152786924,23.633916223589,23.5831184956483,23.0631984628371,23.5044196077186,23.3612821154072,23.5978187497406,22.7139846698987,23.4719976877097,23.5205181357209,0.11358701498742,0.583949938726633,0.984534738947309,0,0
"P50995",23.4598494812946,23.4531233017915,23.4308332798457,23.4657268309755,23.4158644093909,23.5356312610249,23.696055423953,23.7749307266156,23.3401793172657,23.4350788722956,23.3213484913274,23.3498537111039,23.5160033436151,23.3397120849085,23.4454489955287,23.4759767520671,23.387340202434,23.5215562765055,23.520019261103,23.9392024438952,23.3331467987138,23.4363044263032,-0.0320211271384316,0.836307929986502,0.984534738947309,0,0
"P51114",19.8482182616294,20.2122045033152,20.2556682091284,20.5764946266698,20.4394865877401,20.3574015847324,18.0602183822545,20.79671751503,20.4374254226203,20.1089695741929,20.1956609396676,20.7833686152816,20.5593738087151,20.6644869701489,20.0710417155289,19.8226221792042,20.1351011931642,20.3079792290651,20.3276181620446,19.7124492002812,20.8449824540367,20.3931869856382,0.0380387398539099,0.935324412221579,0.990192879028667,0,0
"P51148",22.3162292212024,21.9852013837882,21.912834425342,22.3316078945331,21.7231754432501,21.8239678572183,22.0468245171548,22.0434155754708,22.204368097068,21.7620808514735,22.4006040820745,21.8576413286078,22.1237585001097,22.3077471204851,22.573700972883,22.0472997096859,21.8308726375235,22.2565413595985,22.209531991264,22.1297465868513,22.4054780843004,22.0632889184523,-0.134796781023883,0.495517313825425,0.984534738947309,0,0
"P51149",22.985780486175,22.9258559599182,23.4552428695,23.0129019633468,23.1563352245931,23.1571207048836,23.3487338294055,23.2513238669751,23.4295738254251,23.1719068095617,23.4791333452761,22.9683788194091,23.30656716948,23.1748847458185,23.1361289767569,23.0451443986837,23.1183625983476,23.2491630705825,23.208704612333,23.2621780840863,23.5026094744613,23.3457514146791,0.161790263790582,0.334494244319801,0.984534738947309,0,0
"P51452",24.7203702110564,24.311218875961,24.4863401095341,24.4366564856599,24.3298154410802,24.4594831205254,24.6831986819904,24.7133947925586,24.121881241014,23.9905623045503,24.3488038176614,24.7334195927827,24.386310068478,24.573882586176,24.5553202293879,24.2999393068925,24.5964665545996,24.253105183788,24.5847232388801,24.0252945004773,24.5489706664657,24.4523049231054,0.232688671324453,0.238488282290572,0.984534738947309,0,0
"P51553",22.1165484862172,22.6247835496784,22.0597555029029,21.7714022740523,22.531505114193,22.1375803462173,21.7151696805544,21.9127411103826,22.1638441841395,22.8668189317436,23.03306525444,22.6172310814887,22.2240005247975,22.8216072247136,22.208901980935,22.8601446348899,22.9459654554955,22.0646770733978,22.528117396742,21.7203611217676,22.6036087734506,22.6615821114956,-0.243778592583421,0.366539718483692,0.984534738947309,0,0
"P51570",20.6044800883724,19.8983295032671,20.3981735681575,20.4525891857309,20.7640109344867,20.606991587469,21.3130189920555,20.3460535772445,20.7394854674183,20.1561280966876,20.3323981856292,20.6915487632276,19.6935705568652,19.967244087167,19.846170975401,21.0007693176746,20.1256834733016,21.0982611966385,20.8323652505997,20.3338625684396,20.4454927441851,19.4446824717966,0.0741848309952999,0.840384225103054,0.984534738947309,0,0
"P51571",NA,13.290935095703,NA,NA,13.1564799909499,12.4157321677951,NA,12.5108136605937,12.441451959035,12.6696222605119,12.6695180366122,11.8235168954836,13.4050226202573,12.8705362226756,12.7123270025881,12.9606292140291,12.7219315830083,12.9435543466474,13.8698307910131,13.0877918133834,13.5664712321378,12.8668408714481,-0.584515606157826,0.204725024839641,0.984534738947309,0,0
"P51572",22.1607427267865,21.7105559676829,21.8075914589219,21.7668070608613,21.9491734779254,21.5747152889692,21.4685879686616,21.7554076072368,21.9520655468009,21.7697386259703,21.8664157127637,21.9369110897899,22.161767675977,21.8440436651783,21.6926371423703,21.8963075268136,21.8643829908934,21.9104118850156,21.7344864771258,21.6403476308434,21.8904262906219,21.8968080761053,0.088250210073678,0.581876745876961,0.984534738947309,0,0
"P51608",17.0929519816358,16.4543061659568,15.8953579913553,16.5024005594474,16.4610393016272,16.4674960170183,15.9107712776436,16.9853540373196,16.8658580520484,16.3730094607123,15.6799878644875,15.9238364966036,16.2030199061896,15.973243139828,15.653313673161,16.3431870739172,16.1178232500746,15.4507791470831,15.5891990820522,16.2098071256584,16.8714480063339,15.7143570252495,0.430826777828107,0.207298722966164,0.984534738947309,0,0
"P51648",20.4632882522488,20.5656206678429,20.4974398953393,20.1685226725278,20.3557163661623,20.4676822311664,20.1386150004334,20.1598878565498,20.642874863266,20.5904066744581,20.7852823083519,20.5513972217499,20.8224129481529,20.6308916046556,20.5078483871752,20.482393377704,20.2946071192237,20.0346632353389,20.1414815388013,20.7296225813842,20.6533453271375,20.473484356071,-0.0791594368796922,0.681208586899776,0.984534738947309,0,0
"P51649",23.4730328358168,23.9108679766521,22.7286973836539,22.7941244508892,23.0720468199517,23.1010401288531,23.3778323199383,22.5138600047296,23.3158230286219,23.0340819292377,23.4840080713922,23.3027530776078,23.2132766697696,23.2533381592687,22.922414729019,22.8293530491866,23.4908974768427,23.4022736980013,22.922157668042,22.3414751547939,23.1745176470168,22.9289553378862,-0.211485194857357,0.454743591936591,0.984534738947309,0,0
"P51659",18.2609787182746,18.1838262706766,17.2540620635658,18.4535158132611,18.1264007829784,18.4441723366051,17.0781558787451,17.6342444034678,18.3577514714168,17.4263005185983,18.3576626133171,18.0365138015799,18.0440227317218,17.6640576648919,18.2349141238073,18.3315379111877,18.0172001750319,18.1284917231009,17.3983347550779,17.0899036554838,18.3460094536122,18.3036692142002,0.0990075494329261,0.773545130550074,0.984534738947309,0,0
"P51665",19.8792724080962,19.5648657172361,20.1415161068618,19.7769596108178,19.6564347463157,20.0193436050184,19.7375736603533,20.0842606188492,19.7972092451721,20.1691939812753,19.7943327457612,19.8204463196637,19.8801565117234,19.9650239892183,19.8956745920639,20.1970318855691,19.9926600114883,19.7983636598833,20.0527991518359,20.4138035553715,20.2600067825676,20.3108790418338,0.111993750260087,0.56346472182147,0.984534738947309,0,0
"P51668",22.3602707192012,21.7282984213556,22.1841464991836,21.8037361791151,21.985768201504,22.286870273616,22.2375209124107,21.9795180581564,21.7359249561245,21.991044014979,22.0587984867257,21.9691615330621,21.2760419987592,21.9610197557352,22.1762343846651,21.7053436074816,21.7826140142199,21.8697581948492,21.7315238008642,21.78494980456,21.6483033061377,21.1254026649024,-0.400558365939737,0.0681713647290739,0.984534738947309,0,0
"P51687",20.1455062570212,20.8674684657336,20.5850740958688,20.3681377422036,20.889941934636,21.1922955567125,21.1811770756935,20.7544360789223,20.9877744448334,20.8457573146432,21.3980800802107,20.7619717023008,19.8737506321937,20.3795215517898,20.0997680204553,20.6746942348227,21.0739564926809,21.4313383157401,20.704313551506,20.7598085463887,20.9614880020861,20.3459412425915,-0.17417132671854,0.605468675308031,0.984534738947309,0,0
"P51692",19.2675067551128,18.9552813455235,19.6858142619501,19.6703832584844,19.0775128078026,19.1751605025352,19.0888864023001,19.1789295101011,19.1254983604794,18.5802446191935,19.1462916165813,18.8720238869914,18.8046231513663,18.9988788299176,19.3572338597777,18.8567929160922,18.9024000141857,19.294820037188,18.7797890460766,19.2547600724018,19.1396549275501,18.7551800191224,0.0675855343505667,0.744843395918819,0.984534738947309,0,0
"P51812",20.7281822303902,20.3113442646605,21.0546057063647,20.7295539857051,20.9495582789185,20.9036943646675,20.1339532031464,20.8047942927566,20.7320030068396,20.7268262964573,20.9210200016608,20.481396722054,20.3099821573533,21.0021038913079,20.6486772825237,20.6466164475694,21.0049474297552,20.9342053918878,20.6552150108774,21.1589868609388,20.9768496545738,20.524702942904,-0.28821066230218,0.217172843504223,0.984534738947309,0,0
"P51858",20.9807134187863,21.1677358614059,21.3897355747643,21.4315003976162,21.4594114594833,21.3044700826218,21.6009027970892,21.377490127585,21.3112018957146,21.1444562601125,21.1300458792924,21.3266801325904,21.4317962276512,21.1345147942762,21.2315004353427,21.1727831420284,21.2096716474408,21.3826815285081,21.3516080382408,21.6243937508413,21.2123860521519,21.0242465613084,0.109014916023522,0.488989568650616,0.984534738947309,0,0
"P51884",23.3442577598415,23.1047388514923,23.1035380921766,23.8547687783794,23.2746110405043,23.1859905385387,23.643247167216,24.0385819667745,23.3369509642524,23.3836420312393,22.9416771622909,22.7662434263822,24.521774096616,24.1834303263195,23.2634472608927,22.6619759298377,23.167939246374,22.8784653740388,23.750799837851,24.1715358667689,23.9874597404375,23.311101683065,0.142811117053192,0.722657286218427,0.984534738947309,0,0
"P51888",19.4974774273863,18.8383667987353,19.7457545244534,19.6069940534783,19.57303612301,18.7196870696731,19.627728988438,20.2215049634817,19.4024473394844,18.8691592143723,18.971518618634,18.421322366873,18.5972960922917,20.3104374723106,18.7818025164775,NA,NA,18.9160234481233,19.4153804314208,20.42698483618,20.3454113622437,18.447492231096,0.0282874401050996,0.954987023084352,0.992365658656292,0,0
"P51970",23.6921110518982,24.8651175420313,23.3204188638498,24.5572136873386,24.6644742324105,23.8872299890345,23.9041760610372,24.6666807740339,24.2849115046894,24.6779572179739,24.4992873997599,24.5011362247474,24.3433077263031,24.6975625214741,24.0485615389405,24.500402441803,23.8661213181522,23.9878069937147,24.2431323512584,24.1170949085824,24.4576880270804,24.1379232879121,-0.152084552455868,0.642657984151257,0.984534738947309,0,0
"P51991",16.9554608793624,17.3809804064938,16.4668653692825,18.2211432617292,17.0128655723368,17.5496969796626,17.3854352076774,18.0694533212148,17.6311278367567,17.1435041383005,17.3688189988028,16.9393333836889,17.9615042516369,17.857277887404,16.6467022282828,17.4916849968271,17.9882187174184,16.9222605723392,17.9540608283185,17.522030437762,18.0176516575726,17.649172896011,0.613711763210134,0.125950425856276,0.984534738947309,0,0
"P52179",23.526446320347,24.5690925552051,24.8283179487675,25.079038079699,24.6948082207013,24.5394214910538,23.8842431308836,25.1479119574183,24.3103501438787,23.9690551507513,24.0134111689575,24.1927822473432,24.4723546306825,24.6370288849628,24.4110861953129,24.38352009482,23.7424957067747,24.0918697527867,25.2087602426011,24.1501301632572,24.8526600841952,24.1569256290929,0.231614451994023,0.514836556645148,0.984534738947309,0,0
"P52209",21.3233026229084,21.495923910395,21.4383465156117,21.0089791133853,20.9712862464203,21.4750366641168,21.2311678261577,20.8201736538974,21.4979937899174,21.3523434053422,21.2789244163055,21.3295141291874,21.5930417520878,21.133720389418,21.2122277803188,20.815041786379,21.4056813257262,20.9747991882237,20.9824058412775,21.7662712956711,21.4041539357259,21.394109979294,-0.00709844536924109,0.974473499098584,0.992563737314942,0,0
"P52272",17.7095185692165,18.3246571315826,NA,18.4181205897024,17.9527273306772,18.1762074657817,18.1461413461653,18.1378891511754,18.6628640944289,18.3502927843553,18.016600467171,18.3541739098887,19.0331633715335,18.6665300937265,18.2005257364941,18.2615961738179,18.7590083398495,18.4270720809366,18.9029793916818,17.9800028438029,18.3328768589734,18.32580505152,0.333441067075647,0.204718918686823,0.984534738947309,0,0
"P52294",21.2659111074238,21.0981533721872,21.5757821943801,21.2270266023298,21.3862776998089,21.2847268906191,20.9624145203607,21.2407847277426,21.3885358202867,21.21275892806,21.2553261470578,21.5197337297722,21.828046607512,21.1725184053948,21.6007781714765,21.200721733323,21.5216516819691,20.9668586442386,21.5155348247734,21.2001373527328,21.4629953173301,21.7582007444426,0.285775904828814,0.141849249300914,0.984534738947309,0,0
"P52564",21.6344736050107,22.0716354574472,21.7947821319076,21.6685804894198,21.8423067039976,21.56886881812,22.2046077518025,21.6052958879037,22.0271952890283,21.9660449378812,22.1001613717098,21.5246952212201,21.5459045941572,22.1761254808909,21.6880277897692,21.7531664799508,22.0256454547751,22.1902919990664,21.7511929130596,21.9779372561162,22.0481409884473,21.7273899410167,-0.189714146867953,0.355752050894534,0.984534738947309,0,0
"P52565",23.8118319828722,23.3541880821124,23.8938815939972,23.9121506023622,23.587822287902,23.8291611911721,24.0563725222486,23.8728463885231,23.7172004376221,23.4818039445207,23.5141189360011,23.3382105971991,23.6990335620255,23.3563881404973,23.8088382614263,23.7536395658574,23.5151869392764,23.4780759606983,23.6617071126249,24.2881757275493,23.3977094612745,23.5674873264955,0.120576772982741,0.551473519188718,0.984534738947309,0,0
"P52566",17.7910210256804,19.0101596679866,NA,17.4724200542008,18.4130770403736,18.2955502064478,18.7126558306599,18.2131880355026,18.3065989027619,18.4278410446583,18.2078929821644,17.5598678218999,18.8740984473594,17.1919247204084,18.0250473172679,18.2269360072237,18.483631195322,17.8861553283896,18.2833890502111,18.197082108375,17.6114928337865,17.8850899213702,-0.00641853273332771,0.986237450614716,0.997069761279763,0,0
"P52758",23.1821849554598,22.9119482636699,23.4337061006435,23.3740129725141,23.3969031674171,23.3149426138575,23.2297653181405,23.1532384282912,22.8449179406171,23.0258577877504,22.9728552255601,23.0550352255959,22.4241719357405,23.0016423205684,23.1279724337525,23.2364663942381,23.1702155074381,22.9451563527588,22.9897101705624,23.0350551409884,22.9704263898304,22.6673602715491,-0.0262818465719619,0.893695130589884,0.98557992575105,0,0
"P52815",17.2801655742147,18.1927364178683,NA,NA,17.733734941145,17.9939129736357,17.1541047375289,17.5019975449895,18.4246709218126,18.7347923819847,18.7253376437407,18.3349362565907,17.4732463867928,18.3775390286797,17.2059877118244,17.2141204070544,18.9689158581921,17.5839462601835,18.0072403491444,18.2243133061721,18.020952464305,17.7126298409187,-0.347110216510583,0.479931358869251,0.984534738947309,0,0
"P52888",17.7469174118266,17.4900153959326,17.5163322362066,17.6244440170328,17.6637660017925,17.8059970672306,17.8029639234227,17.5206582616736,17.7153320605793,17.395537303638,17.856740406585,17.6658710104073,17.3581797482193,17.4145281629188,17.7739989225567,17.7172565025193,17.6212643783663,17.5448520939853,17.4705094532782,17.9419451147923,17.5472922310335,17.4679832729282,-0.0900750569784385,0.584462092478147,0.984534738947309,0,0
"P52907",21.7284503653971,20.8782658377102,21.7690075132795,22.3254578198542,21.8278888074119,21.7371996197285,20.0684899041367,22.1101990351096,21.7655384335346,21.8009057460741,21.9016166901437,21.4204953477811,21.8898998234833,21.9497150628857,22.0930966129005,21.4098270121648,21.555527033002,21.8229787494612,22.8051087196771,21.34967773427,22.0255916724034,21.6270467293617,-0.387366742700841,0.363925775157044,0.984534738947309,0,0
"P52943",18.6351359488493,18.22593943993,17.0067228161564,17.8162677996625,17.8154720387415,17.4230952283526,17.416979828855,17.5891797141702,18.2510691312255,18.4289219206789,17.8514567890416,17.9819767235267,18.4800456747191,17.9041761675099,17.2674590711371,18.4041010076214,17.7086464793472,18.1672285127309,17.7169289465076,18.2073784547309,19.2050077357678,18.0081747309825,-0.00193520811423298,0.995716096113943,0.998338651984889,0,0
"P53004",20.4865935024361,20.5696200953586,20.4190675751659,20.2949589110869,19.8305656567084,20.090622168285,20.7706553343082,20.0685864711845,20.3724507587811,20.5837171326668,20.1475274261634,20.1964899955973,20.5463078359114,20.2661185410602,20.5373474752686,19.9990936248195,20.1725193438863,20.7658809000327,20.2795473539149,20.7130710520911,20.5525802564724,20.330479062334,-0.112445231467767,0.603958751351408,0.984534738947309,0,0
"P53041",20.2536188585774,20.8084230848071,20.8036213918123,20.4812931588691,20.5802993874199,20.5518007147533,20.74223040393,20.7098261131151,20.6568367070956,20.8622771955198,20.6205203241611,20.7467375871946,20.3126261785075,20.4272910791399,20.6893121273846,20.5971061616148,20.7693927621627,20.4758405677561,20.8220900078754,20.3831195612224,20.5502308428819,20.8231607673466,0.13961667536698,0.434572212083416,0.984534738947309,0,0
"P53384",16.497076283331,15.7366206425662,15.4790622756647,15.6079712347686,15.4143752702905,NA,16.0453114386836,NA,15.6008252434706,15.8015002388271,16.0626847538128,16.2832862959078,16.1054803558922,15.8290150589052,15.895289362327,15.7441951002267,NA,16.5025721772492,16.3208815561446,NA,16.0296072439751,15.8168687117116,-0.354513074764002,0.214102680348406,0.984534738947309,0,0
"P53597",25.0841921225035,25.4719199184265,24.6355323047921,24.7626207968154,25.0915815688413,24.7234613540801,25.3560918385023,24.5764584509817,25.159252000007,25.026559030752,25.4206726442795,25.2277794264237,24.8528496855597,25.1711207946942,25.0105671444602,25.3495909821212,25.3494691935812,25.2618434866269,24.9094776473182,24.428989792552,24.6721973823138,24.7997729583869,-0.152863196659982,0.557737909038145,0.984534738947309,0,0
"P53621",17.1233675215396,17.7341852972034,17.7960560500245,17.2267681399847,17.7975218750997,17.7290557211411,17.6614996529672,NA,17.8781822916561,17.7794200215135,17.851007965909,17.8733759706696,18.1218167281063,17.0628268424332,17.4482649748954,17.5301663425312,17.6890886110635,17.8501956190097,17.9619426675093,17.4162378240849,17.6960197664105,17.7871944754654,0.215253548278959,0.38835903972328,0.984534738947309,0,0
"P53701",18.8217741998458,19.0501879036865,18.5195624998531,18.8705167009167,18.7509773444249,18.7442360006244,18.7147013381445,18.6088770856835,18.859261682384,18.8897783810126,19.0780634380504,19.0892238710455,18.4279825910682,19.22870556252,19.1473703147017,18.9170840140449,18.9132504312308,18.6288686087873,18.705268561434,18.3188861027204,18.6200372906846,18.6568300879987,-0.209670798898344,0.335157611151168,0.984534738947309,0,0
"P53778",21.5965342418906,21.0068008692104,21.9586739874105,21.6446609323858,21.6381860278887,21.7122109136383,21.8255727517314,21.2574415333064,21.517528141485,20.6988326326376,21.257688410223,21.3170660286434,20.7303555146553,21.220226757304,21.2714707550147,21.294616245367,21.3905618091033,21.5032674536849,21.1754386048153,21.7514856895028,21.6394406870427,20.9835227042587,0.163949266129791,0.537659985381963,0.984534738947309,0,0
"P53814",19.2385196896544,19.4134337169379,19.4700459274015,19.387693055991,19.2292110129495,18.7266602133322,19.0555410571053,19.3602312464512,19.5979956723299,19.1238086743798,19.6159792724781,19.1742867648535,19.0361401527465,19.6952126874562,19.4771278334909,19.506696771368,18.9233417552741,19.6479900200149,19.2085901580824,19.2808287804447,19.5001393066525,19.0640667973197,-0.11147200929495,0.605610400385926,0.984534738947309,0,0
"P53985",23.7950445280214,23.6284168559682,22.6755491307393,23.1061382888788,23.2515730976767,23.337160392243,23.525157811777,22.5929707656452,23.5978136806037,24.1545024022938,23.5690864479201,24.0501784292915,23.8385516915456,23.2740988532127,23.8360279388394,23.7311660593737,24.3041379412379,23.490273027079,22.9969464066617,22.6624098311314,22.9067733969387,23.8565585399201,0.0061717798413703,0.985799101119671,0.997069761279763,0,0
"P53990",19.2148499777892,19.3988480396803,19.6009945921776,19.5122899590564,19.4320737326177,19.3396478815906,19.5497261761756,19.211365229506,19.1708962142639,19.5911266691254,19.3511926773756,19.281979456916,19.0509475026721,19.6647156423803,19.9024468757436,19.715096381761,19.4964350171838,19.4795545553092,19.3963391843864,19.3740100234151,19.1466501701987,19.1242658355741,-0.239752924323206,0.207022268279695,0.984534738947309,0,0
"P53992",22.1475891102639,21.8222708066757,22.2070600246978,21.8138105231505,22.1278127841114,22.2343321282633,21.907992347705,22.168906171334,21.8857336991978,22.2038632657489,21.9410355699488,21.9998089155035,22.0378334168014,21.8401705198323,21.8253399453071,21.9275208156814,22.3694832862328,22.2862753641413,21.6385558433409,21.8476100546034,22.0947506592446,22.3057011307449,0.152142634304777,0.397787047075455,0.984534738947309,0,0
"P53999",19.1536146803823,18.7864012424203,19.0353156543684,19.3009764191213,19.1173835635817,18.9988796632201,18.6127433470261,18.7751141845768,19.2301394563765,18.9891616238373,18.7620394014137,18.9968191561414,19.0513261718329,18.6921971433494,19.382807708399,19.0611861351385,19.1558963438133,19.0260920381062,19.433645655987,19.0047319644287,19.2389471132693,18.4932729114179,-0.085375813633906,0.6984909700724,0.984534738947309,0,0
"P54136",19.159086333864,19.4020567932391,20.0918290634508,19.5871705195653,19.7427530225277,19.229992266,19.5245339321166,19.5055012077662,19.4948811818047,19.4392411543884,19.7380156540215,19.8116647047507,19.4818501404545,19.408933430255,19.7359603879313,19.8134033499996,19.4048703941369,19.8484800004155,19.7260447092955,19.2033957717926,19.6308348484566,19.7112924188193,0.246682093098954,0.240449795046216,0.984534738947309,0,0
"P54284",22.2753164710278,22.0473137373315,22.9552145622233,22.9814925308796,22.5070136649266,22.371866076078,21.8293996326608,22.6206546982734,22.2377172595147,22.0598516215348,22.2993089824501,22.1013191763905,22.3123743627302,22.6396505675499,22.3671061704133,22.3074332844719,22.3702439905011,22.3102823550385,22.4750348878121,22.722674929702,22.4535855874241,22.1591001998345,0.0458436292744757,0.842876841004044,0.984534738947309,0,0
"P54289",23.3309750094657,23.0884262665511,23.835717427034,23.5842766988669,23.1138438220253,23.4769936279779,22.700241254489,23.540183965091,23.1408112768134,23.1748332652748,22.9000500338821,23.168065224218,23.173145896556,23.3235781998117,23.2136901303716,22.9223839951971,23.1581732449114,23.1588221019665,23.2910909288445,23.8203963648486,23.2986742396577,23.0322977342579,-0.0566663691061784,0.807736485549604,0.984534738947309,0,0
"P54296",25.0243160995051,25.3073777576891,25.8423042340607,26.1282942044359,25.556354679913,25.6101222341342,25.1298705267973,26.1282485816229,25.2141392502485,24.4335301495727,24.9949083385462,25.2249903587584,25.2738518287472,25.4509182378646,25.2937031809502,25.0818182756681,24.7632836267151,25.2531640938086,25.8729692340553,25.3343176026328,25.7846207150234,24.9579962955651,0.274215529756948,0.39163958358002,0.984534738947309,0,0
"P54577",19.0003781342078,18.2319999713284,19.6134259417515,18.9503089627404,19.3580242666935,19.2987327880155,19.6277449766815,18.8554039292264,19.3207732287049,19.2363132117403,19.0682413357184,19.1090897770648,18.5505748478874,19.3028649740062,19.0433570331552,18.8207501002613,19.2783723619239,19.5455284101745,18.7517678237959,19.3615203251361,19.815352972748,19.6377362516373,0.242221461870457,0.443463921791162,0.984534738947309,0,0
"P54578",22.1184151041553,22.231964221627,22.4566994394173,22.3103030123372,22.3501647560725,22.4243980098078,22.5744031886568,22.5928709939126,22.151801307636,22.3083877957337,22.1188582915046,22.4015844999436,22.4413645864427,22.338914988293,22.4196061790381,22.1567415547226,22.392359090848,22.4298431169501,22.4907406844456,22.569970779524,22.3255925878675,22.3529547546956,0.0538019213449878,0.709619436479082,0.984534738947309,0,0
"P54619",21.227687106493,21.5319766466573,21.3426850045379,21.4655811994281,21.6086855469301,21.228039645775,21.0003381845855,21.1149565215857,21.5088221405223,21.50612630569,21.6948404319384,21.6137753034197,21.5314196035916,21.6248439746839,21.6291851297777,21.4584820378783,21.2417623347545,21.62109792489,21.1968467578819,21.0390660491789,21.5440662134938,21.895768133411,-0.0544116999731088,0.78695221134868,0.984534738947309,0,0
"P54646",20.8778545023329,20.8810703356588,21.0571797683217,20.7975599914807,20.6828655788795,20.6351355043122,20.5335737480335,20.4672688790536,20.5363475631105,20.6458193268773,20.7634813274378,20.833028490005,20.6321533574381,20.698117866716,21.003584859063,20.5947145254622,20.6793663322451,20.7567327278395,20.6380113781374,20.5371104295897,20.5985328174617,20.9196038575958,-0.08646332815092,0.600484829364506,0.984534738947309,0,0
"P54652",24.2011105006322,24.0102838704881,24.7746665721177,24.2204503834627,24.2546265071876,24.6392881971044,24.1858874990894,24.2383774848519,24.3413596874961,24.7023763043356,24.2710887083755,23.9328261891514,24.5699168423312,23.6239082300768,24.1545150576677,23.8715255614022,24.0844488755342,24.2015217118128,23.5809925018221,25.3169865341308,24.8735327251638,24.7052772214962,0.169689072794153,0.627971275159282,0.984534738947309,0,0
"P54725",22.3475707559295,22.2327464579103,22.6503523647514,22.4037488678917,21.9526094178195,21.8916800829414,22.1050686422857,21.9960625397322,22.3353335986321,21.4296256751494,21.8813573840359,22.2355700620176,21.9658647816949,22.1026834055569,22.3843154301986,21.8083959580799,21.7142466140475,21.6138243136617,21.803685588591,22.0229756999434,21.6415722686417,21.4766525090163,0.163735051686974,0.488470420140473,0.984534738947309,0,0
"P54727",22.366403260806,22.538211175787,22.4750160059374,22.6259716376385,22.6622331434631,22.1384488367764,22.2024169940441,22.3197306244035,22.7724499303052,22.0978053273206,22.1699279032682,22.621628468226,22.4489793904338,22.5583293960781,22.5579538361495,22.1912771191041,22.16324516424,22.1413883060824,22.1435828944603,22.1905488036981,22.0954541618219,22.2741867434534,0.131046624481744,0.503425978874245,0.984534738947309,0,0
"P54819",22.9580764371565,23.7957035351415,23.0674766449794,23.1828137073643,22.9080770037485,22.9805407945395,23.697358452548,23.1949112165422,23.6146535016851,23.5180692022242,23.8901592442244,23.4316114044542,23.1514743173616,23.4992801571177,23.0956131854581,23.1154819056155,23.4632536579315,23.4005296218416,23.2421685936268,23.4002679345163,23.3251051163397,23.2893530335092,-0.0218536575254831,0.928840614682879,0.990192879028667,0,0
"P54920",23.4953498024292,23.3802870604404,23.6331414250652,23.721363287596,23.4995546183727,23.5358482702382,23.5658455776747,23.5779133431661,23.6804808416141,23.6054913174456,23.4599200602511,23.5718964059953,23.5251963818784,23.2504940750921,23.453238722477,23.305956458151,23.4754089718285,23.6702857341305,23.4782860040419,23.606767194961,23.461883072106,23.5039375384417,0.1219058320867,0.358656724993884,0.984534738947309,0,0
"P55010",21.5891457433237,21.2873342507503,22.0338490080533,21.6623390492884,21.4945855655692,21.2098223543112,21.5750483521552,21.6244005093167,21.2521663343811,21.6822814628598,21.2272154351358,21.5582820263088,21.5255302491712,21.8117071142968,21.632605089131,21.2934299455221,20.9740734669749,21.4225135741651,21.8092310683231,21.7227799225281,21.6210641654996,21.540386278704,-0.0464764830114497,0.814671079304145,0.984534738947309,0,0
"P55036",22.5005497196635,22.3344892342316,22.7224739356796,22.1493217436993,22.1460638275996,22.6179765292156,22.4524046228381,22.6276032240269,22.3958888066861,22.4065225901147,22.1566409249446,22.4290628383407,22.4360879297104,22.0335483041741,22.25281907775,22.323612068896,22.4053430288342,22.5477773337477,22.56233709515,22.6382753315014,22.4656680822726,22.748168845606,0.17020369943647,0.367808090068738,0.984534738947309,0,0
"P55060",22.1536802525039,22.0061363781077,22.806271363741,22.2856943501022,22.2551009998473,22.351998895155,22.7003664696705,21.8968849276453,22.2369137613429,22.1869191674642,22.0330989786765,22.1722930797721,22.2310023028424,22.3335460532708,22.1939809820596,21.9251560448349,22.278254740977,22.3252549756836,21.9425529142783,22.2233870113972,22.2158772723133,22.0029403337395,0.154579970949936,0.42073919560096,0.984534738947309,0,0
"P55072",23.261234950147,23.0240937365046,23.3642387039403,23.0453418052968,23.1565683723534,23.3194514457936,23.0100786966019,23.1301278832726,23.1985528502934,23.1232356768264,22.8917104684313,23.0934440176726,23.3919739125797,23.0514920635577,23.12919883558,23.0222577242129,23.2065194551258,23.0655578537019,23.0336553018691,23.0468274785304,23.0581377402952,23.3887951503137,0.148460572923792,0.327075036329821,0.984534738947309,0,0
"P55084",26.2355625777643,26.590966423464,26.1107452628622,25.8018959335151,26.4119430385721,26.3273693655528,25.9259711564103,25.8637237690276,26.7522846385348,26.1662900963777,26.82434638996,26.1444315997078,25.9626801570892,26.0450557361538,25.9724797502624,26.3818365836673,26.3408150284308,26.2232576331261,25.949583211061,26.1623825976936,26.172892987261,26.0079844527476,-0.237267147387186,0.27606066787105,0.984534738947309,0,0
"P55209",21.2825862975917,21.3415824057548,21.3819081551716,20.6730550160133,21.1722296822425,21.5380547615972,21.6666496494626,21.3403099471942,21.5410283518227,21.5982678313341,21.5118077611748,21.128691211616,21.9936246770094,21.167150548498,21.346991217689,21.2639842870368,21.5659281609343,21.5270205235634,21.2021554508545,21.6590730732993,21.6352497396482,21.8095247440093,0.0988577412452187,0.675136172235861,0.984534738947309,0,0
"P55263",19.7935162159084,19.8463438692719,19.8335445110156,NA,18.9388711226507,20.2730595071202,19.5135430785819,19.8617124658862,19.4738406480416,19.8981239491793,19.3385008761029,20.0731159892967,19.9776689223119,20.2443774847048,19.6614564794319,19.5930872741206,20.412073826834,19.7245843779996,20.1298798111036,19.8435832285282,19.9613289306375,20.1913238038594,0.0978177169688159,0.721503402826803,0.984534738947309,0,0
"P55268",19.5586682045411,18.5344678890817,19.5132049964225,19.6458679703346,18.8920569325697,19.664808187138,19.6579719321071,20.2503221769485,19.8490798495561,18.775155296942,20.3657778583918,19.0254801870433,19.8725623725701,20.3287994371312,19.5523618223671,19.4788233532401,19.2171684874767,18.7015754006027,21.1375366620132,18.8240872171587,19.3714982377016,20.0400004353284,0.27685039466849,0.58223544008854,0.984534738947309,0,0
"P55290",22.323800468934,21.7565433366061,21.9649914431648,22.1797077324264,21.2335337418386,22.14879878654,22.1607664359368,22.2542198008723,21.7453496763257,22.3549632524466,21.8877215872641,21.8189464342481,21.8140644588853,21.6911680108011,21.9255082336075,21.3087487532646,22.0912526357687,21.8761718280711,22.2752050764461,22.5739838605034,21.284498375751,21.1739047646481,-0.376391342651214,0.198290448979953,0.984534738947309,0,0
"P55735",17.8861951455949,17.7355621081064,18.4419581452631,18.3443924273462,17.9358080179089,17.9594159112778,17.5194195671517,17.8540429925156,18.0782880138292,17.5901163523494,17.2849659229386,18.0503860642118,18.326974170718,17.861650508433,17.8994148818708,17.9126669264802,17.7832817086338,17.6838068719828,18.0350597213075,18.1163883545484,18.1879917429274,17.9700993017873,0.43491223768973,0.0599943708208384,0.984534738947309,0,0
"P55769",18.2750279145903,17.5187099707065,17.8428744418075,17.8023416189146,17.5514004487575,17.3249913821553,17.8743605561937,17.8338790049852,17.583042488469,17.1915998233394,17.6453895956571,17.2752910519812,17.0435514773054,17.7813006681806,17.7638783502834,17.602607330086,18.0038766724657,17.2921824293996,18.0633774630688,17.3780554068195,17.6744287028864,17.0386685705798,-0.0132417964599725,0.961004778860639,0.992365658656292,0,0
"P55786",25.0140545926944,24.5492630813208,25.4288492573247,25.0190749585068,24.6292586590279,25.019943701254,25.1776186480595,25.0194448000574,24.6446798819453,24.6583256289827,24.5012260925189,24.706116745222,24.366929548762,24.8555621792317,24.8286307205186,24.5140289274543,24.7015284936869,24.7192286709438,24.8378341014681,25.2721503258334,24.9887321120824,24.7117268841316,0.0914174688363509,0.6613229203873,0.984534738947309,0,0
"P55809",18.4051960199032,18.9125246753686,16.7930797297511,19.0185861874406,17.2917486635407,18.4787344998017,17.8634757405759,NA,19.1284844339309,17.9830689990752,18.9024770828185,18.1975334842631,18.8222463062124,16.7114314030382,18.6376518946662,17.8179478416329,NA,17.9973669024047,NA,16.6057704920348,17.7919677834812,17.8924515617591,0.490831423383874,0.444398308871087,0.984534738947309,0,0
"P55822",24.3237480459704,23.8945431017667,24.5787038547546,25.0043059289474,24.7645089222904,24.07501173894,23.9849826971725,24.9051922407515,24.5630281621627,23.9786357667104,23.92600319425,24.5095592829727,24.1860244757682,24.4565435438266,24.2793863551943,24.0463951986353,24.4472484583165,24.0845129752241,24.6630048409844,24.3668248241268,24.6050985941518,24.4091292310112,0.444022147374522,0.0841199387661071,0.984534738947309,0,0
"P55884",19.1908057494412,18.8028870859555,18.8502536759122,19.0772798292076,18.9254309939359,18.8373633080999,17.7238992590775,19.1677165350527,19.1878955387703,18.9297454461628,18.5780165647617,18.9699462840217,18.7744054531451,18.7577267428192,18.8242977999972,18.8901477396455,18.9019435242185,18.6565875719385,19.1388675994179,18.8709676144349,18.833038370823,19.0005903232336,-0.0306434069957398,0.907426888583524,0.988034391219199,0,0
"P56134",25.4912353966453,25.9046205010091,25.6345423738419,25.581907560604,25.6367680371451,25.4534945277717,25.3785180882397,25.0195493985764,25.9606428841182,25.1868784868627,26.4460841818787,25.2236883540588,25.4233581575492,25.5025364736315,25.8597552717918,25.383251882131,25.7131701104942,25.0276395905305,25.5140088733124,25.0037288112898,25.0532063104395,25.3431814560933,-0.19637255312627,0.494812502930409,0.984534738947309,0,0
"P56181",21.2372330685677,23.0532938781869,21.1549459326843,22.0932131354171,22.1864198531225,21.5577410981074,21.6107879468934,22.2179519691945,21.8106507180743,21.9066417633896,22.5261222996473,22.5186595034964,21.955229281265,22.3552558083895,22.5284931147987,22.7275582319959,21.3718883433092,22.0308222844985,22.1483098249394,21.8482880163879,21.4000052165043,21.3703809197155,-0.592012280139286,0.163714010480614,0.984534738947309,0,0
"P56211",20.9016872163922,20.037360421584,20.4972885016444,19.6659179963399,20.1137950972412,20.7283274422693,20.560620330839,19.2032616423814,19.5893080677388,20.2547336130615,19.5845727734048,20.2211137989709,20.5115453686308,20.337678241423,20.4666643572562,20.2736549705883,19.7592918916278,19.8812154182963,19.8569177108106,20.1481108299618,19.8364946820797,19.6586745886526,-0.461454880994705,0.191501891915568,0.984534738947309,0,0
"P56381",23.457015580382,24.6319099344631,24.061482283644,23.9945084614184,23.930488491318,24.1167609166934,23.8643220150538,24.3792166308893,24.5541701050134,24.1168316293752,24.4811802937811,24.118626811509,23.698809365687,23.9669566833131,24.2796123727169,24.2651612994952,24.3664184736095,24.3145415206681,24.9529764782653,23.1650814228852,23.80461677278,23.7056754813458,-0.0942402366303092,0.785752966404586,0.984534738947309,0,0
"P56385",24.8796610753941,25.5767343431881,24.7112273870783,24.9726929645826,25.0328101471316,24.917266130626,25.2960583455117,24.6807452420107,25.4973472647871,25.1333355919806,25.7038016094617,25.1462054357128,24.9522206646408,25.1136312449133,25.340152922749,24.9662744784434,25.0680911694134,25.4903050819459,25.5175973732847,24.615928505594,24.8518968950843,24.8242553310549,-0.423019605475378,0.118082422588631,0.984534738947309,0,0
"P56537",20.6831178334381,20.9214284170809,20.7910614094197,21.0204935616685,20.5850531472383,20.674075308729,20.0867923464318,20.8733857696044,20.7054666919242,20.6701788019995,20.9281861349433,20.3869208111184,20.9020781497589,20.5353648911083,20.5848584580663,20.7090593982166,20.7220657529961,20.6447537831246,20.9596601003942,21.0174088556581,20.6970296665795,20.6732788069757,-0.114903771491186,0.572538261183174,0.984534738947309,0,0
"P56556",23.7835271532471,24.5738395956006,22.7182124410802,23.6206269195184,23.8819322185753,23.1712331229817,23.2488325565281,24.0553609490778,23.1950097270453,24.2238377847203,23.5647756792495,24.2018821172926,23.7695792981754,23.9538574094655,23.6236216331805,23.8178759560829,23.0039056304887,24.1507099245932,23.9460154453754,23.5100339246949,23.6360440512222,23.7263084876819,-0.643164151050382,0.0648560748970695,0.984534738947309,0,0
"P57105",20.7293306558389,21.160301451581,20.1799550086616,20.8369349117378,20.9161318704013,20.4600314228055,20.7232739199829,20.7298287749888,21.2065186076646,20.8000050280982,21.0783798679783,20.963352219825,20.7000925087384,20.9854239365119,20.7078211930912,20.8409085480497,20.8555686880298,20.6768171039495,20.7845751912076,20.4629457742136,20.9347383606489,20.649351134775,-0.0215758679603155,0.921180183371083,0.990192879028667,0,0
"P57772",NA,NA,NA,NA,15.8644934863182,15.8351888304896,14.399086970012,15.7393604598938,16.0856125396625,15.7819209594198,15.9106624716671,16.699222646109,16.2239798305846,15.7818626708488,16.101892760321,16.179451304428,15.5622292993878,16.344806397685,15.9907519620579,NA,16.5439459094166,16.5165528443106,-0.236044776309864,0.567500635574761,0.984534738947309,0,0
"P58546",21.4388335042796,20.6821049002909,21.7361391172669,21.3162901714279,21.0998476791882,21.1459684354534,21.4412726652162,20.9322002976711,20.9053431236015,21.0419635502844,20.7767524891845,21.0087490117457,20.7760629149416,21.1656982174139,21.1005345468467,20.8735729122502,21.0733449760467,20.9426149965036,20.9823818601916,21.4103514383065,21.178086197858,21.3702301452612,0.161695463088016,0.47489373182662,0.984534738947309,0,0
"P59666",22.0342217532002,22.6728676928662,22.2070314167457,22.3935395263702,22.2989584491498,23.0739935939557,21.9410719117179,21.5792792252912,22.8402237068824,23.0959973229172,22.2122577485256,21.1503932126762,21.7938354965078,22.5140532230738,22.6335153425758,23.0269179589661,22.8477582113425,21.9456532970996,22.4912502895145,23.5307373660732,21.5215828553038,23.0825281346632,-0.758359528125055,0.119519016984447,0.984534738947309,0,0
"P59998",18.51830751955,18.7572692055646,19.0154484904281,18.7867198838498,18.5889771828708,19.061314800535,19.4419037358482,18.4795115769577,18.7081289904853,18.5763184649137,18.8786068134318,18.6853105079702,19.6688426831772,18.5038285039681,19.0768349964539,18.6483155293642,18.3996440560437,18.9089335310262,19.2750588539932,NA,18.9842423258088,19.1094903078188,0.134752186699064,0.650257307524851,0.984534738947309,0,0
"P60033",18.0597260184496,17.2902707744968,16.9718355165737,17.3773671109395,18.0055936791135,17.3317462378516,17.4383005794526,17.5295636947098,17.2615890974892,17.8265252735015,17.9587473867854,17.323597570993,17.222975281907,16.9275971863024,NA,17.5566626879935,17.8968826540774,NA,17.2986609401598,NA,17.6456335438425,16.5677630909131,-0.179360559958504,0.604949379516838,0.984534738947309,0,0
"P60174",29.1673968221216,29.0788589058772,29.5169516342112,29.4842839817516,29.4483510952662,29.2860362106387,29.4884609425838,29.6866719239036,29.0027807236212,29.0508818500137,29.0028519049175,28.9797085200265,28.6155876615184,29.2515843255629,29.45405350658,29.32473951298,29.3202052680829,29.2780201031613,29.7498540268283,29.7023918328958,29.3624838227037,29.2281005673624,-0.0852761571515401,0.685323186148353,0.984534738947309,0,0
"P60228",18.9666413944162,18.9913442178798,19.0072604087611,19.6292901479509,19.8354430276091,19.3045624784648,18.3976265844557,19.4886164897939,19.499774681403,19.2519159250872,19.5125743004724,19.6434309640114,19.5065596052914,19.5022143595682,19.51153453981,19.7888910765051,19.5189255702894,19.2956852588979,19.1098205991226,19.1975745327385,19.516092962241,19.245470961284,0.107296103727602,0.686386486467128,0.984534738947309,0,0
"P60520",NA,NA,NA,19.2652504574737,18.6821005602357,18.8594870957976,NA,18.6346210667018,19.192828281297,18.4530034225088,18.9103343868416,18.6711721790079,18.3302361231553,19.0093403639653,NA,NA,18.5550260922815,18.21066287841,19.1309685364356,18.6818153795352,18.8641926006844,19.0532746604403,0.235105547004451,0.453896950913249,0.984534738947309,0,0
"P60602",20.0099627146876,19.4231753139817,18.9956482774456,18.4775024566882,18.9843646857905,18.6510748528835,18.9042881904344,18.3685165712808,18.5779017760879,18.5095494097975,19.2260665025568,18.8261717624148,18.3501695250229,18.962677260586,19.1137642408494,18.4625847763246,18.9099127686676,19.0030887568566,19.3428396079739,17.6566494907532,18.3589329676124,18.4964517027778,-0.717694079829315,0.059202297096459,0.984534738947309,0,0
"P60660",27.6949177225937,28.924853739221,28.376962718561,30.1836922075133,29.1116151137947,28.7215969708774,25.8886223198067,29.3268805363256,28.7639549820319,27.9592170867708,28.7897261592025,29.0523431683642,30.07194345485,28.8571206337561,28.5077441136069,28.319370370774,28.1769273740021,28.5968670172704,28.4105160894955,28.2431721576244,29.2258246130523,28.6058944182659,0.360001318305159,0.605302865252461,0.984534738947309,0,0
"P60709",30.0464842208599,30.4544709363239,30.2483563869452,32.0829299037305,30.93555233436,30.5229548335515,28.2768789746867,31.7340175871757,30.4724273260701,29.7241434066725,30.6944601475677,30.6866916537348,31.928752703955,31.157353635681,30.3557349070371,29.9122438484535,30.3408949615976,29.9761269855421,31.855107921873,30.4059241824263,31.3960487695626,30.8248395264768,0.264773439950606,0.701394783101052,0.984534738947309,0,0
"P60842",22.9495444186547,22.6801150303497,22.9366489055194,22.6959930744364,22.8359965423512,22.9081580568112,22.7579631116779,22.9269759309384,22.5067249687996,22.5673946166551,22.8516502021497,22.6184456895402,22.810757342419,22.6289958440212,22.9361049307841,22.7950688570821,22.6179265499757,22.7350176675642,22.8398401274013,22.7082778471982,22.6777541140937,23.0684695016552,-0.038858887153733,0.806142859761165,0.984534738947309,0,0
"P60866",22.5174799354629,22.3728631048898,22.4681959173933,22.4541114137982,22.5083135815971,22.5008559433681,21.1910669885143,22.5732292032348,22.623136724943,22.5233514096635,22.3434072376752,22.546781531756,22.9664029188536,22.6220907319405,22.6370427313469,22.7839525426782,22.5255678333842,22.4644966066312,22.4533552832395,22.1020343591122,22.3979962918214,22.6739737416111,-0.00578861830267385,0.982718753627523,0.995683380984087,0,0
"P60891",21.9131826075144,21.6476862407034,22.9149804856319,22.671212052426,21.7185488497307,22.206541887495,21.666693736362,21.8960782660174,21.8188837431625,21.9131516620327,21.5171412568569,22.0814897228866,21.3529291429882,22.4618326776125,21.848148666565,21.6986178951815,22.0438003127318,21.7639918141572,21.696684413941,22.858900495834,22.1878258104586,22.0276968421978,0.147009246783259,0.654494890060554,0.984534738947309,0,0
"P60900",23.6663627276725,23.2604870421679,24.1439321218266,23.6891877664572,23.8323045422225,23.7622284777496,23.7228136849159,23.96705358693,23.4132777934087,23.5034028632066,23.4443249555894,23.4927628564434,23.4918390923346,23.7775775584943,23.5828389009383,23.8051584950678,23.5923774396571,23.6977062131448,23.7567228400749,23.8819107411151,23.8287169401891,23.8416849789608,0.145139938961563,0.436854367526494,0.984534738947309,0,0
"P60903",21.7989795857354,22.0971606239409,21.6703780882871,21.7277118060765,22.278825581021,21.9289059041087,22.2276464724562,21.3421353146543,21.9922980666476,22.0577011678464,22.0804942578622,21.7552454606539,22.3262838422073,21.8771303966971,21.8559961524295,22.1609215601213,21.7906411556749,22.208112940971,21.9958069757278,21.6238895169962,22.3073486358325,22.0886791400609,-0.0889778012672444,0.672672024394407,0.984534738947309,0,0
"P60953",22.6752437544539,22.4050991730237,22.4425423048867,22.2022060691887,22.5793604207732,22.3575147287338,22.5459442232875,22.5792676827845,22.5073349543093,22.6507238402059,22.6693096295927,22.2893301997774,22.5720661706024,22.2835823839383,22.4244331718003,22.4950692014364,22.3184339981634,22.2553990810367,22.4364518413934,22.4180994235781,22.4272691085396,22.4266457420482,-0.0428736544939738,0.761930486423655,0.984534738947309,0,0
"P60981",21.0927514436117,21.5397844562819,22.0514404279364,21.3931074858553,21.3698345207192,21.8768469822353,21.7950802515352,21.8209575838459,21.7437661998607,21.521559955443,21.5107221894694,21.586606471071,22.2129559357224,21.6210911862149,21.7268398601235,21.3940839874679,21.7134855335616,21.4076444466841,22.3027070188791,21.9092909125741,22.4253919702529,21.7276740321479,0.325472101988762,0.216468700487162,0.984534738947309,0,0
"P61019",21.7638679279778,21.0018577182579,21.305602449768,21.4149285546412,20.921732778798,21.4341569856179,21.3386954951494,21.3591352830681,21.1688904038996,21.08274408519,21.1167761344241,21.1520739303994,20.9294074134446,20.9027307779929,20.9192098709347,20.7172532245893,21.1186810594276,21.3005913760807,21.3328140544331,21.0056639276445,21.422588619589,21.2638889856352,0.105708036358006,0.611042275355784,0.984534738947309,0,0
"P61020",20.864708392504,20.1856259653457,20.6781291608101,20.5395433839376,20.4086457459686,20.4480909563145,20.292511165739,20.675511132151,20.6714386095856,20.1067382136961,20.3292717300273,20.380227838473,19.7238199559195,20.4154599563279,20.502534854387,20.7328503796449,20.275562089815,20.4210795222832,20.5787583850043,19.9190486160442,20.4282415165302,20.2475644731043,0.111581298573814,0.623088478256195,0.984534738947309,0,0
"P61026",22.8223274737677,21.8753774160719,22.2718216388873,22.2836051065962,22.1438539227159,22.2959434196223,22.132734584375,21.9068696288061,22.3166488409948,21.9875231878009,22.1583009689907,22.0746467685039,22.0672095102463,21.9610965456403,22.199735555912,22.0226546875521,22.2690716271284,22.1805406510399,21.9591432352851,22.1414402200559,21.9859874310601,22.2061719059363,-0.015652691411816,0.933838093081959,0.990192879028667,0,0
"P61077",24.0860425914691,23.2955965792495,23.5578326940419,23.6227928628537,23.5342910304003,23.5440946606495,23.7106657104146,23.440415376284,23.2999750285515,23.4593272317318,23.0723547959141,23.4580481182405,23.2952463116361,23.5438993812212,23.2792976866082,23.574772201709,23.5116768517234,23.143841782522,23.1012789432367,23.9451273529787,23.2520112492772,23.393948176821,0.0393133084479338,0.861719279279639,0.984534738947309,0,0
"P61081",21.5426576854133,21.4234907309251,21.8619625696457,21.9628563058158,21.8686594918282,21.7651548834582,21.7863343341875,21.7068577452051,21.614328965498,21.5998067571694,21.6139193626724,21.6533442019321,21.239231051076,21.5905903933162,21.9714334295976,21.6464637093587,21.6563975746903,21.5345694984963,21.6318607114226,21.4290686980301,21.8100055587838,21.5049512284606,0.104414173370355,0.53330786964047,0.984534738947309,0,0
"P61086",19.5717697359552,19.3207674385974,19.4049364074348,19.0001024774988,19.3433364653371,19.0662020946632,19.3599770207751,19.2385118554616,19.2480589212965,18.8049019580261,19.0414465131119,19.3547778834218,18.785549544395,19.2133543699996,19.2937643268843,18.9352018380003,18.9720346608508,19.0227806356156,18.7453874160617,19.2863388744747,19.0955686346587,18.8349455422922,-0.057065471792523,0.773892536279996,0.984534738947309,0,0
"P61088",24.5660909950891,23.6135431581908,24.2752778029242,24.2226620536737,24.090494402926,23.8829664087114,23.9882143414341,24.0891380564056,23.8593649324602,23.6584157043186,23.6583501381332,23.887191554716,23.6848820167304,23.8732338337552,23.8284985032884,23.9870349500403,23.8857231813641,23.5804282307425,23.9189331702507,24.2962172998529,23.8649352576306,23.6072944983123,0.0953360050390586,0.662588982137431,0.984534738947309,0,0
"P61106",19.6880933874998,19.5273374277565,19.8376748472559,19.4863357427653,19.1490249507778,19.903721306756,19.987553489123,19.3662013555415,19.402245731661,19.4456958992373,19.6686996259409,19.3978672827301,19.9766931150998,19.1393989495309,19.7921072143774,19.6319021352001,19.3111309666558,19.6977014224689,19.5245496063615,19.2057006144818,19.6708053722611,19.8546323941054,0.220853783172583,0.343390230997948,0.984534738947309,0,0
"P61158",18.8397269138698,19.47310102682,19.2966904178524,19.5010597018917,19.3278602295626,19.1337020326331,19.2400349720711,19.02151616594,19.2113984462356,19.4430225744857,19.4307209226776,19.4601300430681,19.788023508156,19.5178481289082,19.4905297004214,19.3170611498415,19.0780259428954,19.2356932547577,19.4590421102268,19.2724183055486,19.2172268288837,19.2916337230227,-0.0569717765379139,0.76377492565542,0.984534738947309,0,0
"P61160",19.2308535488004,19.3124058197931,19.1731698195109,18.8956343592272,18.9194266505695,19.2041130646622,19.0415555673932,18.8846569062398,19.0035941724022,19.4081504485848,19.3179471287636,19.4009044219211,19.7494481934283,18.9898289156828,19.0187953171168,19.1638146427049,19.3302165056381,19.3923641238524,19.1525006142436,19.1761059658856,19.1830297750232,19.3908224661637,-0.00864026511732163,0.958421454708363,0.992365658656292,0,0
"P61163",22.1457110560739,22.0947975619499,21.9372242874445,22.0405959951561,22.1239273582948,22.2621493723686,21.23224364214,22.1716263231393,22.1879120050452,22.1841278987797,22.067604761251,21.896929464364,22.3893980696223,22.0437037079989,22.0936481841216,21.9275628228068,21.9241826497216,22.156649248119,22.2830969735681,22.3626618745617,22.2396725421465,22.3299088737895,-0.302475478133385,0.148894619078797,0.984534738947309,0,0
"P61201",22.4151631652775,22.0949861762684,23.1134625628611,22.6095410525311,22.6876156591176,22.7809395420994,22.7402039433413,22.3642953356074,22.6407800926043,22.5595462514169,22.6484198824306,22.4506689046667,22.3372222718337,22.6332950946771,22.4813927349314,22.4986582152694,22.6685125741009,22.4242307560529,22.4106217051255,22.8232736219321,22.7190292159784,22.6151542504206,0.156189607455111,0.415886152583169,0.984534738947309,0,0
"P61221",18.6705799013032,19.2879579820822,19.4707251908307,18.6897376102416,19.0894946150517,19.0340823240037,18.6224535562619,18.4132116713697,18.8844897164175,19.2551370744985,19.1114951292229,19.2049152476664,19.3235323595276,19.1440784424892,19.3254164112197,19.3033086483396,19.1569816811071,19.1905968102938,19.0680083762235,18.4398434402583,18.8860644173403,19.3951253300426,-0.0806017040957343,0.742713133680768,0.984534738947309,0,0
"P61224",22.8759033028898,22.9181589642434,23.195221844659,22.9357913383547,22.8393800090908,23.050513118546,23.1431360158851,22.8634733980573,22.9879043568501,22.724779332312,23.2417216933874,22.6585157046519,23.4112921460456,22.8769109469446,22.9223472821023,22.7952427630374,22.776860501009,22.8800454978092,22.6232885956723,23.2599644046207,23.3097016477019,22.9305835594899,0.151217362242491,0.456795273408991,0.984534738947309,0,0
"P61247",22.5247504783176,22.4794621096841,22.1973147302798,22.2117723544879,22.6332831754408,22.3861196601607,20.8920198675543,22.1769498932819,22.4978962076971,22.5352255689249,22.2508256747144,22.6780918904206,23.1496071341567,22.5333037573775,22.2768693247979,22.6717381535644,22.4396391319222,22.5058929674258,22.3728127753048,22.2263152167458,22.5834595966409,22.6630170729221,-0.158533812272776,0.56884212765269,0.984534738947309,0,0
"P61254",21.099515165598,20.6423986200322,20.4796995201044,20.5165087150159,20.7421979476568,21.1035538453107,19.783142511182,21.014025721843,20.9095670230281,21.2467186158124,19.8350380878259,20.9176911886984,21.4260610531341,20.1711925614456,18.4018087493251,21.0598046096797,21.061571167527,20.6313467728924,20.7386899776127,21.3702558367774,21.1340684950028,21.4696677249613,0.677836911418595,0.185896198375909,0.984534738947309,0,0
"P61313",20.6674215156741,22.2987338434777,NA,22.3504091010827,22.065784036305,21.915089132482,NA,21.6733520888942,22.005062341694,22.132746071648,21.6982782590437,22.2803005211989,22.717036917509,22.1005047869877,21.0137332582979,21.9090139238051,22.0058427521148,21.7717022152874,21.2664630669485,22.054333974624,22.1788339055019,22.4595315328508,0.84680368798114,0.0406012203321936,0.984534738947309,1,0
"P61457",22.8081769128894,23.069925016524,23.2451016064468,23.2682478291255,23.1026220341284,22.9906190942459,23.0868218457983,22.9129870900331,22.9128353617302,22.5546477345854,22.8566183554058,23.0973664120763,22.7094883953989,23.1172751565466,23.0433696514198,22.8821513605408,23.0227982820285,22.870964845366,22.7079311221968,23.2083799111566,22.7572260829372,22.4917736436654,0.0253137807676396,0.890824008639354,0.985429799208273,0,0
"P61513",16.8729846301379,18.6636429162037,16.7419749921915,18.4839998528892,18.2759857667707,17.9863312862162,NA,18.732672540614,18.3474210044642,18.5503712384127,17.7356332921456,18.4885360306376,19.1132280505174,18.3250018967753,NA,18.4621053730528,18.3266667437087,17.5127419401626,18.0256718189919,18.5451884748593,18.7627954710105,18.8983610523236,0.614169037484601,0.216612742446957,0.984534738947309,0,0
"P61586",23.3663861897552,22.9903918347146,23.747310854048,23.23806031797,23.3426747134198,23.344430101471,23.5453010083968,23.3552073188687,23.4117082951446,23.2082604888957,23.4004118805391,22.97991621915,23.4231248087105,22.8837086365741,23.3521065281106,22.991987379823,23.3914799147963,23.4389223405859,23.2868697823062,23.5147978834893,23.2206614234753,23.1015861941161,0.0736033132184168,0.692483366940849,0.984534738947309,0,0
"P61604",24.5563337505154,24.8648029454703,24.131795508558,24.000525055837,24.312873850912,24.2825856735145,24.6834649410574,24.5816852943574,24.392710148563,24.7765939396763,24.9921349333967,24.9376831700037,24.6787417414916,24.7897640376046,24.4377116124346,24.6842942524344,24.6375297576971,24.7366674408778,24.8053209231671,24.7308297539006,24.173020160585,24.9075836803169,-0.303101285748479,0.183327531988635,0.984534738947309,0,0
"P61758",23.8150331184712,23.1327259235756,23.5499999780071,23.6087362850869,23.5916597394065,23.4767405110428,23.522260316586,23.3636662208742,23.1527959465955,23.1608227573023,23.2937869258046,23.3412633732261,23.3671076596447,23.1424141068638,23.3668430198423,23.0795965982909,23.3029273732944,23.0358364395875,23.016820508539,23.0637341552617,23.2123993108183,23.2065941157446,0.154215345980447,0.383624398652429,0.984534738947309,0,0
"P61769",20.8678683445672,21.3449524678976,21.4127917255298,20.9788209847893,21.2537870069668,21.5141930485723,21.4141794002207,21.0486557266851,21.0586951315913,21.7004858671348,20.9549414966421,20.6761982468385,21.6390425754071,21.0009654864826,21.0833307655246,21.2978510128968,21.5433574665856,21.5697272852506,21.1625290055046,21.4417190193463,21.187845285781,21.0813827636815,-0.104117532090196,0.664992939897774,0.984534738947309,0,0
"P61803",16.9824912649348,15.811552155404,16.065707407944,16.8031541968925,16.4997151714734,16.2081129116445,NA,NA,16.5124824851202,16.5179384908901,15.9872946328124,16.0902858964173,15.7261722517053,16.8712376769749,15.9599860886073,NA,15.6064138862621,16.2305643714655,15.5366627137531,16.0843926147855,16.4388446199811,16.8269159610534,0.115731021014398,0.772456648565452,0.984534738947309,0,0
"P61916",15.4786996541718,14.6389513640228,NA,15.0030900263284,14.7597044704008,15.0402352105748,14.287225152216,14.5940967999079,14.7590377465421,15.7819963374824,14.015124271078,14.657054287237,14.8346514922661,14.0624900720532,NA,15.3386359299065,14.9159161589243,15.1329426015874,NA,15.5180440033529,14.4828370828654,14.3435780666643,-0.460467967472972,0.311960727719092,0.984534738947309,0,0
"P61925",21.7187443928175,21.2776592311081,21.3426568366648,20.9028962638561,21.7527450762889,20.8329127658764,21.5031552459246,21.1163728349163,21.1559371571424,21.2121321139932,20.0381522964059,21.2595665616556,20.8565533006692,20.795435210255,21.099646065362,21.0050234582399,20.9981033299849,20.8716919630196,21.6069096508148,21.6356735604459,20.6557659770407,20.6892571068528,-0.225680312619737,0.497525240566077,0.984534738947309,0,0
"P61956",18.8919915868304,17.9538199879775,18.7084088260416,17.2036815687723,18.3599848342258,18.4571266635145,18.9268758537178,18.8410416465218,18.3172065555728,18.3353996563078,18.5397289599202,18.0619043211941,18.8681891837728,18.5551819619876,18.6423212593982,18.4547293365676,18.2690156175958,18.4304962911891,19.1849478631393,19.1809502074564,18.6910259393987,18.195356146593,-0.398975150451257,0.262429892464422,0.984534738947309,0,0
"P61960",18.8968297418069,NA,19.0234441869451,NA,18.9072128193718,NA,19.0536669731495,NA,18.6091720254859,18.6941551201405,19.1398802692841,18.7163880893375,18.7829841418521,18.9634101667747,18.2942380725502,18.870597020257,18.9390985675037,18.9351307757414,18.2073540846849,NA,18.6174074218644,18.6700742131192,0.134393637781852,0.594408947414331,0.984534738947309,0,0
"P61970",24.3540409655188,23.9767550399876,24.8393208702436,24.1913670797599,24.4347964652498,24.4642700906744,24.7392861828061,24.7989052418289,24.1930262761514,24.6432252334454,24.3607525849713,24.1015971042124,24.0579230747549,24.5092556115141,23.8099980394394,24.54402182587,24.2956371831138,24.0284766068294,24.4726566029621,25.0439589667469,24.4137701170672,24.4197879688356,0.112661446994071,0.664122268847801,0.984534738947309,0,0
"P61978",22.3040796089705,21.8375428281232,21.8172209366951,22.1864960262206,22.0604974540988,22.0425422620275,21.6595464027276,22.0660952574228,22.0996172459358,22.0875745255145,21.867737912114,21.7776337910953,22.1166687395378,22.0112208583493,21.7630090292419,21.8942931472017,22.1516966314424,21.7963841140487,21.8998171138529,22.2566959115837,21.9640969083749,21.7723159106003,-0.0668418087142513,0.705075102700791,0.984534738947309,0,0
"P61981",25.9328908553818,25.4743709988758,25.89880347846,25.6513098671085,25.6760370037209,25.7186483534773,25.5135627327289,25.6794618770743,25.5473242990886,25.7264114985096,25.3167022683451,25.4685850547433,25.6531070075408,25.578917666361,25.6130300548719,25.5232817580948,25.6638163788887,25.4116969117047,25.4186025658371,25.8024123383094,25.6839478730165,25.7498878249844,0.0760880299682185,0.6438252859574,0.984534738947309,0,0
"P62070",20.3080854291108,19.4079105751215,19.3790284259773,19.903959687757,19.9232642110438,19.6360686082298,19.7901850343521,19.7091219626955,20.0753873388704,19.5427489939326,19.937314029792,20.2591805962592,19.5384972827511,20.0552296970783,19.3146074351439,19.6803138313445,19.8992699063291,19.3270477890046,19.122926660818,19.6699337925958,19.8019695303421,19.7717175950795,0.306180230814817,0.229675173302041,0.984534738947309,0,0
"P62072",20.8467967614682,20.6558385144388,20.531462160141,19.7414323374958,20.5157355422165,20.0088397332243,20.5612508000139,20.1357030982619,20.4954310300754,20.0637030950391,20.2970471496348,20.7859727202671,19.9153849765447,20.7813245035453,20.0054901738927,19.9842278913156,20.0993020263603,20.2135942491686,19.9305793592979,19.4553775081485,19.5931446987055,19.9787397787207,-0.122748724297601,0.6921070389884,0.984534738947309,0,0
"P62081",20.3063205482737,19.8132957399592,20.3370615129134,19.3555131198202,19.5608256900833,19.9018756561172,19.0695602329411,19.6819113764069,19.9480023156615,19.9375976700614,19.6547478666257,19.5718228924911,20.0207677877133,19.6213949831007,19.9376060496754,19.9565104167587,19.5253053504016,20.1629991724428,20.3441048988984,20.3889886176732,19.776100265164,20.5181551943766,-0.380275910178728,0.212702854066624,0.984534738947309,0,0
"P62136",22.3270044584778,22.5699370152817,22.3871819150034,22.4079510121991,22.2012946233159,22.5748478051007,22.16345286605,22.5471861272852,22.2995031285366,22.3527377086141,22.4667973747606,22.5918309753591,22.6303384056146,22.6111488997192,22.1946609962602,22.49037954858,22.5038798664144,22.3799909410443,22.4445660201444,22.5929472633293,22.6503591823086,22.5495714384489,0.0703489242445556,0.632153527293694,0.984534738947309,0,0
"P62140",22.0241110248703,22.6209530465645,22.7811347978351,22.7778608847966,22.7525413050591,22.5799393527653,22.4229806094133,22.9058047173064,22.6415507879621,22.7850318399649,22.7358155505447,22.9127225488024,22.8112243070228,22.8597664310313,22.6471624673232,22.9708831370035,22.8313934549247,22.714284708532,22.9431040990923,22.9814297293522,22.940828186251,22.9655468934669,0.199084607013621,0.268063196794903,0.984534738947309,0,0
"P62191",21.0878227600101,21.0960163761622,21.3655128825473,21.2998108554334,21.5514324526085,21.5239937903674,21.1437804244127,21.5286921868727,21.2374783819602,21.0757119500534,21.4174820550749,21.2199145987878,21.415147255492,21.034705161571,21.1532159552124,21.4384445739479,21.2960655043866,21.4346789344585,21.298047339588,21.4715094920074,21.5213651253451,21.4884640736663,0.141113860902685,0.409816543274277,0.984534738947309,0,0
"P62195",20.5449291356887,20.6249880083431,20.8990653431801,20.8268036180708,20.9453969057481,21.0217877040186,20.3925713022202,21.0497120381813,20.563309735004,20.6850251202468,20.3880621501855,20.8139990516131,20.6755027697691,20.6159090549948,20.6888759118885,20.9382688663149,20.6010760571068,20.5434581421665,20.7133484341735,20.6376349387521,20.7976539542675,20.8005206890955,0.175919171592255,0.3293937796829,0.984534738947309,0,0
"P62241",20.9879240069585,20.8487563700158,20.4782444364352,20.6502330979605,21.0233941885951,20.975805390971,19.8172556775657,20.8666966076063,20.8532846692974,20.9823037843413,20.8933789157946,20.9995677138195,21.3436993218364,20.8473264958796,20.6965861142127,20.9628618892394,20.7986110091087,21.1958558939062,20.9840876889317,20.5847685560207,21.1503241142454,21.3538679042165,-0.179020502718853,0.437666809637523,0.984534738947309,0,0
"P62244",21.5055118900694,22.1628986088914,22.0697268719217,21.9819370637362,22.0663299383459,22.1004687771733,NA,22.1264545049481,22.4693523016307,22.2519236783661,22.3031970344392,22.1225033858353,22.7117139642932,22.304920030632,22.26002670853,22.4600590921909,22.1516283085452,22.2744591342179,22.2513692575097,22.3586930109911,22.1058556506235,22.5293389711307,0.153445772750949,0.461592338719468,0.984534738947309,0,0
"P62249",22.8283072194539,23.2597396160517,23.3530155311414,22.9444700752577,23.4985681736597,23.4750873476104,21.7806483872425,23.1784738076961,23.5104790148164,23.2729388160474,23.242438201791,23.3081787292223,23.8041304631865,23.3898914018546,23.4247373985538,23.5280850869401,23.4346146681722,23.3391823408455,23.5446046318232,23.4868147079732,23.4023139931419,23.6022484428802,-0.233213398157737,0.427226990916733,0.984534738947309,0,0
"P62253",NA,14.6145703446231,NA,15.1030585274378,15.3706570361174,15.251089210877,14.8975930193609,14.4559206897487,14.8750178145059,15.1789445229272,NA,15.067705764171,14.5951079027028,15.5491337897108,15.378105042124,NA,14.5686880291079,NA,NA,14.8573492610495,14.8813099470774,15.2632733156076,-0.649660562351702,0.0467775464045649,0.984534738947309,-1,0
"P62258",27.0801996890055,26.7284387604193,27.3740479463488,27.1790861837045,26.9769848547665,27.1802070964466,26.8910656361617,26.8909588374712,26.7835180613099,26.846041079084,26.8884897082355,26.8014124728033,27.066205780546,26.8589141346432,26.9809527061089,26.9357706895416,27.0342906852878,26.7691167169256,26.9206734345662,27.2071893788198,26.973873614248,26.9616982216193,0.0885144381345953,0.599715607319814,0.984534738947309,0,0
"P62263",21.1518334265159,20.9243377335313,20.8512517194301,20.9188053837166,21.0356984757595,20.5720486380134,20.2466734958971,21.2897667211399,21.2647065790181,21.4239686051826,20.9791975695306,21.2629604250615,21.2194913724247,21.2012786173358,21.1278465004873,21.599314876272,21.056017658254,21.189453049635,21.2564459093371,21.3340960321589,21.0312993282753,21.1312252402477,-0.105379166616778,0.649022323133311,0.984534738947309,0,0
"P62266",20.3797805583149,18.3212419197695,18.5467999632803,18.6140413317696,18.3378077417503,18.2655046670807,17.3928706337673,18.6354926323721,18.38480576566,18.8453018743079,17.8277795254227,18.8047041715884,18.385810431631,18.7413682964987,18.5972389323229,18.6939780049383,18.3968987053724,18.571839943376,18.9655847339815,18.7821227016719,18.5401738426715,18.28322855677,-0.562265951812691,0.193413780376029,0.984534738947309,0,0
"P62269",22.0247005832696,22.1602365838714,21.8324920262149,21.9877669507878,22.302827943515,22.0872021048968,20.2840194922051,22.1802424630534,22.3133750959319,22.2674383282849,21.9762970801465,22.2040158707425,22.4858854188166,22.1075968351304,21.9447451493444,22.2341779426107,22.28587173319,22.1187697792114,22.0004650301797,22.1181927023131,22.2462530813077,22.4136042099168,-0.163190421497134,0.612795317287241,0.984534738947309,0,0
"P62277",22.5662941959908,22.2247506952442,22.1960091906421,21.779606792418,22.4461510298388,22.3713798473923,20.7863160738394,22.161784257772,22.4110029963473,22.4328646018747,22.4184941025838,22.2321407705409,22.6914596059903,22.1147821825451,22.0646944317369,22.6218172885477,22.4494302996658,22.5256062623646,22.4891512906154,22.6218504344562,22.5317084932821,22.6697480288661,-0.373544722478492,0.194323597170365,0.984534738947309,0,0
"P62280",23.03251192544,22.5822295027053,22.6467934667168,22.0373873869267,22.856980030718,22.929865182586,22.1497044492615,22.4507903713963,22.6330011634172,22.9493932031209,22.4621847404332,22.7833100847768,22.8896118749696,22.2457888497786,22.7863148349532,23.0378704059154,22.6857670024682,23.1956422297385,23.0657030742715,22.9431222844111,22.741191614303,23.0563832109388,-0.400283952358805,0.0893421975933843,0.984534738947309,0,0
"P62316",16.7570927025254,17.3202006216731,17.8878672864109,18.5557406920692,17.7574487679753,18.294015322878,17.8170902086235,18.3733313893154,18.1303121982614,18.0866892403232,18.3766464080015,18.0351777378239,18.1847965346925,17.6520349069351,17.8844151417484,17.8284917131085,18.4130291041237,17.8540079076118,17.9201200583968,17.8517905738857,18.3041789271888,18.0755588910952,0.695251277996508,0.0307544223409124,0.984534738947309,1,0
"P62318",19.7948899665534,20.083421841112,19.8399249448697,19.8262838451202,19.7288653720877,20.370157928732,19.6729821995225,20.4067487650463,19.831225537134,19.7078584597366,20.0446056142046,20.1757127642807,20.2988271384341,19.9396265585586,19.612111871981,20.1268668125223,19.7505063948978,19.7034678683977,20.27254144892,20.7022675257123,20.0521983736819,20.2925336949083,0.0305710030077719,0.903379641153615,0.987424911698517,0,0
"P62328",20.3031296504438,20.1012286181884,19.7788874885433,19.3187378223445,19.3458140576752,19.6702875149031,20.0547781229449,17.9905648462391,18.4269785074797,18.9814188424201,19.1908766092725,19.6023666608765,21.2833996375151,19.7754925944173,20.2663544603807,19.941838856506,19.9082228833339,19.5248838122372,19.4527064724095,18.8395279874995,19.2933095011453,18.6224117193488,-0.28133804690809,0.60823311917675,0.984534738947309,0,0
"P62333",22.3680343284018,22.089577156106,22.5092587081775,22.1170198060299,22.305407992831,22.4323232032629,22.1427342101442,22.3582757514725,22.1387270038655,22.1277339981314,22.1221981667323,22.1935125955671,22.1144757547913,22.0938956266681,22.3666705632679,22.4000997303648,22.1714020633732,22.2940252544993,22.4984749920541,22.4415217541957,22.3213844060237,22.5422240650603,-0.0360772472465634,0.823337244530241,0.984534738947309,0,0
"P62424",19.7127341818986,20.153826018566,NA,19.9747175385213,19.8420142928379,19.9120108084081,NA,19.7441384880628,19.68340350921,19.5760182217233,19.2319977506025,19.9901533773829,20.7258656700545,19.9783693702943,NA,19.7147540627166,19.5093136932869,19.4392814242984,19.6294659841741,19.3863132207499,19.7908702722921,20.2841698945025,0.458700170342343,0.148657168399696,0.984534738947309,0,0
"P62495",19.1438213226919,18.7047960628117,18.434953780561,17.9129909137723,18.0744713058611,18.1502403756326,17.5837230359992,17.8549884375533,17.6104142722367,17.8253845695765,17.7927557296811,18.4677000554722,18.8081349675348,18.0959547500429,18.1900686404274,18.1440295313292,18.1710066811159,18.1056399471879,17.8836863514568,17.4556864251663,18.5451525149535,18.7531387364077,0.132822385261317,0.665172086695063,0.984534738947309,0,0
"P62633",21.1676364031985,21.0049551884468,21.0788100593844,21.6059005214372,21.4937376013789,21.0758860610926,20.6483060837635,21.8058878355986,21.7371074810096,21.3936333289436,20.9937656069291,21.3584806552824,20.9092522309958,20.7560340750042,20.8894925806969,21.2238888307914,21.4970257286677,20.6898973270281,21.0806334220493,21.5049113777738,21.3434026309341,21.243624834444,0.465352093249194,0.0814424306677346,0.984534738947309,0,0
"P62701",21.630682019538,21.7345527337162,21.512419080313,21.3956936757463,21.8591778254231,21.7021028359906,20.1099659997217,21.6382223457353,22.0264681198364,21.8462197797432,21.7356788659833,21.7968801135938,21.9985856314742,21.637824824337,21.7329966023553,21.9198971320285,21.8205609413254,21.7136871362102,21.7891164482268,21.783427180157,21.7457099808917,21.7776332838354,-0.303047756860956,0.29259102792333,0.984534738947309,0,0
"P62750",21.1993644572245,21.7456423443092,21.042990584207,21.9713251961116,21.6924089165134,21.9697157430005,20.2015761800646,21.9051917435096,21.9075607763674,21.867633253826,21.2716581332781,21.8743141900284,22.4509108265441,21.886596367562,21.2153632323879,22.1941084069424,21.8186926448123,21.6009745629084,21.387186139933,21.8468561142023,22.1235618585051,22.0804161721135,0.284263821119005,0.422320728640173,0.984534738947309,0,0
"P62753",19.8414704433752,20.1927259595491,20.2134007361293,20.1197337363239,20.4503833763074,19.9240556937394,18.5417521837627,20.0622580276087,20.5734927124919,20.4800919876762,20.0545306874057,20.3528608321905,20.5741711520835,19.9639164716942,20.1835231904673,20.3799795474679,20.2749158287006,20.1775389113809,20.5538247611586,20.5824872197324,20.1022667462853,20.4602651598173,-0.18993044520802,0.573377377108323,0.984534738947309,0,0
"P62807",23.6644124876939,24.9868966865561,26.7742979468356,25.5996665289795,24.6763101680678,26.0460297414617,27.0175531223481,26.5490747573597,26.3439495458898,24.584355996858,25.5877218854747,23.8475967085233,26.9588782653989,26.3764817314599,26.6880170123721,24.4455078723486,26.1678747972612,25.1063119079206,27.7937578163779,24.6482976537749,25.4806515691543,25.7919231216786,0.858786050610231,0.255118599398632,0.984534738947309,0,0
"P62820",18.2306781602079,18.4613413326262,18.5592911642649,18.3201134522055,18.4078131788502,18.3355141277569,18.4718489629587,18.4019308849003,18.4483115065049,18.3982443307212,18.165094180637,18.1476996694857,18.6888025313608,18.1437311957336,18.4373921252252,18.4246662351759,18.0418788328719,18.3278048996926,18.4777893789544,18.2164893070434,18.2263424049668,18.2305531732052,0.0798674022148589,0.614176955739395,0.984534738947309,0,0
"P62826",23.8682137137217,23.7782158429004,24.4794726701205,23.783106844712,23.8198095185263,24.2502074564389,24.3418159850323,23.835588711722,23.9723555157598,23.9405506449121,23.9810016170097,24.0461244470676,24.17339034357,23.8288701793387,23.8730304996523,23.7031661485016,24.265581438539,23.9137397842155,23.8633671549338,24.1988116281553,24.0482834457998,24.0193801793522,0.249891964430336,0.198750462955574,0.984534738947309,0,0
"P62829",20.636866776562,21.101893538877,21.1458532271673,20.9699405712698,20.9494646036136,21.090402374886,NA,20.5300109963875,21.4762052377076,21.6866320501777,20.9388081326602,21.0379260477268,21.6522532861483,21.5513996267352,21.1528275536062,21.6174464864102,21.1208864111229,20.9587033385268,21.2154114504759,21.2265543564513,21.220796883126,21.499871195868,0.0948834314025682,0.718451228314459,0.984534738947309,0,0
"P62841",21.8899417803178,21.2871431260264,21.0611283048677,21.8025357439458,22.0243855012788,21.5252569463646,20.4207634603817,21.9309328069158,22.1046720854303,22.0803099620761,21.5527398791414,21.9355140696832,22.3177415030805,22.0035265463794,21.8804890628434,22.0998454977335,22.208606836148,21.8363331563283,22.1190769137214,22.2668236262089,21.8560283439312,22.2073144680339,-0.179697793553824,0.568944294163119,0.984534738947309,0,0
"P62847",20.6068709627193,20.0688097261477,20.3960054294158,20.1515658888507,20.432168582507,20.6290010342602,NA,20.4074132331451,19.9596940736367,20.4776707177772,20.3305394094314,20.3586625669862,20.3129249643283,20.0126045874942,20.267302260345,20.5722830008359,19.8310816834622,20.3153540491918,21.0141405029786,20.3079264649907,20.1813946893095,20.5306926595649,-0.282558955549394,0.248521297902816,0.984534738947309,0,0
"P62851",22.2452786962851,22.7496362177547,22.7782549432801,22.8444126568771,22.6978456955599,23.0154726190485,21.4476159644663,22.7546129540959,22.9630024075005,22.9676444172096,22.7050953125977,22.6875134818313,23.2588060674118,23.0029151114301,22.954783817754,22.9644521377201,23.0436078626841,22.9982271851207,22.6943028800377,22.7594199715528,22.9610232807627,22.9844027374066,-0.0712112397082656,0.802258817415758,0.984534738947309,0,0
"P62854",21.1617436345763,20.1528121081522,20.117446312239,20.7940855573927,19.8534726993396,20.2253683010832,19.4474884488911,20.3277527335333,20.5263381253059,20.3105333391651,20.1813074908748,20.4533854255168,20.6845501062846,20.6493982730259,20.4873757741849,20.6476712827827,20.3730052091184,20.2154295193861,19.9594268524707,19.9992158568453,20.1176035956778,20.2391962489809,0.0854820294848473,0.781885893557228,0.984534738947309,0,0
"P62857",21.1428575225896,21.5226237531234,21.1102540343711,21.5809031934491,21.0654725641685,21.4380916755722,19.7095430671231,21.0738544855502,21.3632120835292,21.0251009880543,21.2161585704994,21.5915790266435,21.8632104445974,21.4521189387486,21.4660573597554,21.441346190667,21.173923684774,21.4662566692103,20.5763578594321,20.8874303616143,21.4512127806096,21.1966793054584,0.0158501948428054,0.963438184876904,0.992365658656292,0,0
"P62873",22.9413909473859,22.519383059495,22.6872083083588,22.4041097099959,22.6967140726361,22.5438651257825,22.6788787295631,22.5265077541159,22.3793071477286,22.398518025811,22.4853241158406,22.3301765985632,22.7287301239176,22.1054441477414,22.3034822725186,22.2591792955354,22.5894914654545,22.4633851129008,22.3313532034431,22.6757540570138,22.5747646524719,22.0867518089716,-0.0100316624438364,0.957530928234101,0.992365658656292,0,0
"P62879",19.8954721034423,19.5824422668407,19.9667672555202,20.2513998217365,19.9470127326139,20.1216868424336,19.8301404489803,19.9513627841696,20.0842644728111,19.6183968619714,19.7711797096053,19.7102131432716,19.7259021063141,19.7238456566698,19.8645529806134,19.6402124147143,19.7075102726989,19.6487873908606,19.8547674762131,20.0347996195624,20.0332856850304,19.6369506893079,0.111083630931375,0.50412807380509,0.984534738947309,0,0
"P62888",19.498645080196,20.3365834721761,19.1158427482232,20.1415339538691,20.0576398534739,19.8305137536107,18.7501861773039,19.8728716810889,19.5582541506953,19.3881081112443,19.6655998644347,19.9236083700715,20.8269754877656,19.7811566040091,18.9246363185436,20.1538846043533,19.7569898830164,19.8290600998248,20.0234434092753,18.9279737123083,20.1232313288867,20.3005589206537,0.37517679004576,0.302790924985111,0.984534738947309,0,0
"P62899",20.26599751157,20.6290483236964,19.8597754593799,20.3565798964735,20.7351130757732,20.711229561297,19.5405656228758,20.7473611458957,20.6036844706546,20.8552411509685,20.4130121735322,21.0245322090782,20.9433486143872,20.6700533643087,20.2178990351333,21.2548039134815,19.928160409448,20.2809931314154,20.7762355362935,20.7161629575896,20.643633438001,20.9672178600404,-0.118666377959027,0.69992711530596,0.984534738947309,0,0
"P62906",20.808247822882,21.748121334922,20.5820788717106,21.5259289018522,21.311250038862,21.275638874053,20.5826324907565,21.7232805845894,21.3172758766542,21.5005072624693,20.832254227064,21.6594489781182,22.5006877383863,21.7244051122479,20.1116770866708,21.5768110249376,21.0782302488527,20.6391503511556,21.2615815303719,21.4905009623473,21.7598895955643,21.8781695681954,0.596979268854259,0.143366486482264,0.984534738947309,0,0
"P62913",18.7259211719106,19.171873552621,NA,19.0020760530712,18.8605413114504,18.5738279265467,17.9633318594294,19.1661523959478,19.5173107815219,19.4689743100826,18.0328641133797,19.0024824817557,19.8282881619859,18.8997845947244,NA,19.5070931519005,19.3196455921275,18.8381847748766,18.0350453295671,18.6554675191537,19.4958876699207,19.3478338842253,0.920639472162705,0.0258267509240609,0.984534738947309,1,0
"P62917",20.9706909511113,21.6041584826394,19.696256895619,21.5791945346921,21.2822341623028,21.2769423829786,19.2402925184313,21.6752384587879,21.4535796872546,21.4987957730892,20.9975543488415,21.5764002701178,22.2239334226986,21.4500100808019,19.941305437631,21.6278953754247,21.4203858177993,20.8123953255403,21.0746127163212,21.4800912035382,21.6746873758676,21.8538166964817,0.23501994242833,0.645156628847363,0.984534738947309,0,0
"P62937",25.2921833213926,25.6006930710941,25.7412975843526,25.9742556925016,25.771489862244,25.8196121489294,25.896585041924,25.9047017454,25.2173215353783,25.8986536322945,24.9701419706206,25.3183523218165,26.1956841524421,25.5490749213563,25.6268679774952,25.5375167975798,25.6819686091354,25.4927495462202,25.7303165379738,26.6928734943115,25.604405460777,25.8665075882472,0.0703993116770008,0.81734189994078,0.984534738947309,0,0
"P62942",22.3243087145924,21.7601850829728,22.3652219022267,22.133398349686,22.1485824629141,21.9592174367322,22.2385289805471,22.2913544627544,21.8628406516359,21.9737946223428,21.9421583866148,21.8186407543203,21.9029952557406,21.9014596163118,22.0888789630776,21.9552301156358,21.8156360968912,21.9992710268855,22.2307564923877,22.2913269449282,21.8093495740972,22.0067862527111,-0.0573378488102634,0.726945957161676,0.984534738947309,0,0
"P62979",26.6171209218889,25.5620279718791,27.2187314370631,25.3843408417984,25.2503698889975,25.8330212280593,26.7247151044385,25.4936233729792,25.4043178293058,24.8232651119332,25.4126308435428,25.1802612553894,25.8904595037521,25.0951577439022,26.2866137403167,24.6718440511914,24.973069467675,26.5669086377481,26.5867187694686,24.6868372728111,25.3535700891567,25.6334911875023,-0.0985915843379672,0.85692753463249,0.984534738947309,0,0
"P62993",20.4680450833686,20.4375174548469,20.5220025487678,20.7690798821693,20.9800555243628,20.7205730606885,19.7881049299953,20.689045840623,20.8223982401527,20.6776410610065,20.6148626912848,20.7069460615861,20.3436376504854,20.8076602528188,20.5572812862992,20.8491830069595,20.8576024716156,20.3829724188661,20.6415216745224,21.2297186667905,20.8397247838348,20.6896836930211,-0.141024106193711,0.555299982826679,0.984534738947309,0,0
"P63000",22.1016838682815,22.2828298263752,22.572412452777,22.4329699257283,22.3331660633387,22.4590218317471,22.2919353153303,22.4322697583364,22.1410953206384,22.4381992038229,22.338430746714,22.2715385932482,22.3928861109198,22.2969733337698,22.1001884335371,22.4708152296274,22.2863306950863,22.2859499482786,22.1493020260533,22.4175135108193,22.3537703191304,22.2053249560529,0.12870683136812,0.37662399682737,0.984534738947309,0,0
"P63010",19.418669067325,19.6521554502084,19.4704435085309,19.1770332231134,19.5073485793559,18.9971816476707,19.1936135048748,18.5113533932539,19.4964620601608,19.7935262085423,19.6717200332431,19.2665838772833,20.08825142768,19.5349220801892,19.5200610249794,19.6574135486151,19.662976371857,19.7152407143077,19.6037010037125,18.9728806430559,19.7350168036023,19.8767184601494,-0.0918533714551693,0.722150692540947,0.984534738947309,0,0
"P63098",22.0280688867722,21.1820288541684,22.3420734726376,22.0549495635343,21.6116557079467,21.654023021778,21.694089573479,22.2208649179029,21.1063223421013,21.0073129381238,21.3242302226625,21.4984718583846,21.1144787588462,22.0286588627357,21.512723749828,21.4166021727738,21.5217398728264,21.5008613567814,21.9034595680003,22.0115230736057,21.7647570512882,21.4611297663725,0.0871912932474679,0.758632667608096,0.984534738947309,0,0
"P63104",23.0163260888424,22.4092484865914,22.5835143392609,22.6208755767432,22.4748621102563,22.5225343060834,22.5460790303843,22.5455588317198,22.6084838762721,22.4323030938127,22.3820747765849,22.1486471385063,22.7940826196976,22.2586515871254,22.6153156642719,22.4804445735741,22.4217727487919,22.7081840739806,22.3944172814866,22.4792540064281,22.422576224062,22.4329872233838,0.000264752524959277,0.998819267689304,0.999696467434675,0,0
"P63146",NA,18.5498892715603,19.1356366026681,18.1204848020915,18.8174613839711,19.1004614236486,19.3667800701074,19.3155995453405,18.5218982261069,19.0306552694853,18.1182797613843,18.8333242397812,NA,18.5393838912888,18.4439972721864,18.9775280400636,18.3321968918402,19.1738216467967,18.6942617822335,19.3105845102212,18.675628618631,18.9552226991604,0.0868072893629588,0.800704802413151,0.984534738947309,0,0
"P63151",21.5042176584863,21.6633555991576,21.7334011951324,21.8172083276743,21.7453033610866,21.7978235784888,21.7752215888249,21.6492568666271,21.5533836459867,21.7492980372271,21.7631393552707,21.5208158094454,21.4507823050549,21.6539572189629,21.3537236372344,21.8172150603676,21.7013481068668,21.6455601861466,21.5594905271986,22.1409876817839,21.9263341005993,21.7931456030054,0.0327010405208483,0.85149250820876,0.984534738947309,0,0
"P63167",23.8658280152403,22.5289241073716,22.8301487828472,22.5705612760146,22.8309200934554,22.3056986291855,22.608680056421,22.3142830776374,22.8229644686086,22.4472707559087,22.3949331868385,22.8115466377835,22.6825106978288,22.433942593923,22.6745403915287,22.7609352705762,22.2937169953496,22.7905181621992,22.2489389143705,21.8650458451881,22.524733173479,22.2984808704696,0.0597884937782709,0.845699436997576,0.984534738947309,0,0
"P63172",21.0287430118921,21.3811859172953,21.5036061563846,20.9484632045167,21.2211196953859,21.5603317381603,21.2066532192949,21.6396328419497,21.1461446060052,21.6949756106243,21.197020413968,21.8532763406507,21.8147280259656,21.2695408455527,21.5275664205159,21.271378276373,21.334323271081,21.481492446949,22.0383092486507,21.2779509317409,21.0917474543786,22.1123308482715,0.00232933184748418,0.99296384335967,0.998338651984889,0,0
"P63173",20.1159737280542,20.1687158209003,NA,20.8004877425108,20.726627848131,20.5233484327474,NA,20.7733702347257,20.531439392428,20.5830025711497,20.8511821420112,20.4744787557777,21.0197727228733,20.4668750473243,20.6015505241488,20.8619119477552,20.6934866946336,NA,20.5208515518877,20.5976920087122,20.8567198573326,20.6349814869312,0.414877144305461,0.069512879849151,0.984534738947309,0,0
"P63208",22.1445999575929,21.8745586982827,22.3835399599208,22.0498196531541,21.8917954218332,22.5015013138671,22.6906980888768,22.2413572596063,22.2987233328314,22.2844967136073,22.2876536031975,21.8727983449874,22.3701583605368,22.1072449826821,22.0083713920381,22.4116921961195,22.17713730415,22.2897122252372,22.11323107128,22.5710943666781,22.5229788534356,22.4833506606721,0.257148519881518,0.223831102563993,0.984534738947309,0,0
"P63220",22.6602640496771,23.1598369963702,22.7518848781724,23.0779495430551,22.9238039606556,23.0725304906067,21.3938846235465,23.1050962861745,23.0608092914469,23.3303030622432,22.9987407978791,22.9792856455994,23.6538102748819,22.9155573313743,23.0164777229375,23.1905191772948,23.1201868262442,23.081849116896,23.1148937574003,23.4675200864064,23.1365076448425,23.3527080274597,-0.226744972042045,0.476997139123522,0.984534738947309,0,0
"P63241",25.2629346867977,24.760662956569,25.245590882298,25.0583548642607,25.0105023875808,25.160025164234,25.2621361758474,25.3231863936511,24.9480701883465,25.2983235076551,24.6974337866997,25.0298725673016,24.8537537405821,24.974557874844,25.0192294844261,24.9971308519393,24.980366395981,25.1739188142846,25.219427109659,25.5466548172616,25.0473403302433,25.2997472698913,-0.0162351414806281,0.930973773811155,0.990192879028667,0,0
"P63244",21.5484268383163,21.9537040286784,21.493864360148,22.0665481785578,21.9123012687041,22.0518962670347,20.3474382668673,21.9999253347127,21.9976624801396,21.8804100647727,21.7959449139932,22.0941196716861,22.1902439603511,21.8325035570296,21.710985225505,22.1071794159846,22.0134062169382,21.6083945575846,21.7228951930836,21.9671133171832,22.0144903124526,22.05866132302,0.035278940496756,0.903625704231505,0.987424911698517,0,0
"P63279",19.1024533689708,20.8313690453236,21.4381085628272,20.6647591235487,20.7409258985496,20.6437575007718,20.6812833339727,21.516292706337,21.1124966124627,20.4906772404762,21.1462060643033,20.7019288234509,19.5014794312479,21.3593453766015,20.2973455135404,20.6353382025239,20.6695473376266,20.3296439935284,20.7690824256925,20.7482235223082,20.8355332043539,20.0666410059142,0.291039715949168,0.495151942116782,0.984534738947309,0,0
"P63302",21.0186749835917,19.1040717236644,19.4420446662599,18.9071733883092,18.8865668350491,18.0356529875485,19.0682518101125,NA,18.9153308988674,18.5108008441732,19.0811073840385,19.3144133506384,18.4545327953988,19.2787449860755,19.0068286227853,18.21889267999,18.585381095524,19.7526451939871,18.1788253138651,18.1443015360393,19.3665752291558,18.5461540829017,-0.162076956648232,0.770244493281268,0.984534738947309,0,0
"P63316",25.5857850789771,25.9872181250473,23.9706749797635,27.691865979568,26.8767050019795,25.8381938680339,24.8397108658839,26.8221252517244,26.4153266353176,24.2555262691228,26.7060847413264,26.3182347282517,27.5207243684721,25.8440120080935,26.2655903845395,25.2542940781851,25.8215706518459,25.39350706534,25.8995290365199,24.9385198354364,26.7285490616656,25.9985471426216,0.678443567558126,0.376788986478345,0.984534738947309,0,0
"P67775",22.7000100803818,22.6534945528793,22.7336669841433,22.5480116665099,22.7179588355987,22.7387736441735,22.9137460886029,22.4802023439141,22.5749923016371,22.9989574838055,22.5683974446864,22.5172464412484,22.867217345465,22.6426416887687,22.6326434602834,22.7964304718903,22.7107634026098,22.6669373970828,22.509910861356,22.9941809866662,22.6364737973349,22.8406552982546,-0.0406065493236412,0.799580787032922,0.984534738947309,0,0
"P67809",23.0439973823499,22.3497173439569,22.2379443084285,22.0988651596979,22.4075006383105,22.3451466610196,22.395732590425,22.9802292382684,22.5174529730528,22.7523755045432,22.2806909421403,22.8077727729775,23.0607423700717,22.4798549729254,22.5399181055235,22.290601693168,22.5116291563134,22.5568317126881,22.7044305638882,22.3107481730597,22.4885062592937,23.0685386634939,0.102415222190491,0.674617804952415,0.984534738947309,0,0
"P67870",19.147782652774,18.7069824896671,19.2255635548823,18.9693485221702,18.6137198600866,19.0797860165841,18.3530618899954,18.763771132165,19.0060051006263,19.0028809593433,19.0197433199877,18.8572718573679,18.9221731780696,18.9649438164807,19.1834198000795,19.2326058955565,19.1269326958671,19.071585619132,19.0209607921003,18.8879846532686,18.8531170340641,19.5070237903365,-0.00752403744119334,0.971656026920725,0.992365658656292,0,0
"P67936",19.5167276041145,18.4749274339713,17.5221373752497,18.0036478331039,18.2989588333698,18.0521082254425,18.4095080441737,18.1484969242382,18.1265718093437,18.8777397757093,17.6396986044421,18.2797300774414,19.2894033076757,18.2123833284327,18.3445598231803,18.3344370839618,18.466777815452,18.8162524497699,18.8761188962944,18.2859438183718,18.0219330254989,18.2891819311056,-0.494762138640311,0.187687608446149,0.984534738947309,0,0
"P68036",22.2899217657636,22.414077908798,22.7244328120856,22.4436895391934,22.4844930598669,22.1345247417376,22.457743108839,22.4408554526765,22.5090437345142,21.6983982563398,22.0997519911092,22.247822171715,22.1083543672961,22.2422933124953,22.3917969690214,22.2328691218464,22.0813507220428,22.2424451715745,22.3855779476646,21.9273919081406,22.3500722642105,22.1775879356046,0.290066677532526,0.116145506753775,0.984534738947309,0,0
"P68104",29.0282377461236,27.5823305018447,28.1054351463251,27.52163631342,27.5131988779743,27.8917124098673,27.8946095633564,27.4791467776111,27.4229026423142,27.5122786562823,27.5930515761581,27.6208778423976,28.4113107268946,27.6919056009137,27.9823031632763,27.5761557454233,27.5806553649011,28.1091944512252,27.6254231835367,27.2448700189375,27.7759088215248,28.2823981191563,-0.0249103862979503,0.941786352211682,0.990192879028667,0,0
"P68133",30.3778643256443,30.8956822870248,30.4762584618234,32.5719614428338,31.3204292788391,30.8161017933809,28.6049037323494,32.2321465318078,31.1779123196532,30.2804840980717,31.2356628003404,31.3024485324394,32.3448119490408,31.7026933886128,30.8110395569217,30.2368713910777,30.8203139314851,30.521185217168,32.6149034408212,31.365816782026,32.04440958277,31.3537411404822,0.138904144582593,0.848758283103895,0.984534738947309,0,0
"P68363",25.8478306599762,25.2308608619812,25.8763049453632,25.4690829522012,25.7887931529288,25.6839761367591,25.5395291253831,25.766957840934,25.4868460662982,25.7451332921404,25.4353840538472,25.7948731464799,26.3115197783366,25.7017313555566,25.664551148115,25.7537349949919,25.6013151088351,25.6075229734878,25.6336037431986,25.856238195555,25.6940961758124,26.1215383574894,0.192531270238778,0.336983626569658,0.984534738947309,0,0
"P68366",24.6591855123579,24.364322795358,25.5498562441363,25.1681864250422,25.3093482703319,24.939752414659,25.0420097601718,24.967320665598,24.9559414207601,24.9711060185186,25.0424432709958,25.1135406204767,25.1167359952294,25.3958750663316,25.3626592443683,25.1094874179015,25.0035939173201,25.0245059526932,24.9293497383892,25.5079419580972,24.979925556658,25.5095820126691,0.150381050838082,0.499160096923707,0.984534738947309,0,0
"P68371",25.4102978360964,24.9235794500219,26.0817451724288,25.4611991096331,25.693718590368,25.5126978223855,25.1873367712063,25.3660697549541,25.1063167998271,25.3396632511538,25.1369986730213,25.3414768188886,25.216589833829,25.4889067744986,25.4940459370849,25.5642204511346,25.2227199813954,25.4599543255961,25.2249864242742,25.3956888501656,25.4622842750374,25.7797223093991,0.122826733725539,0.586006214674304,0.984534738947309,0,0
"P68400",19.0804305246025,19.4110608780747,19.641048303633,19.9380410357872,19.6560097212525,19.6490819724705,18.4352255360413,19.9253215482018,19.5392884002641,19.5090941784946,19.4700483544769,20.0766626853915,19.6822132336172,19.4406084911167,19.5985536883731,18.8913593749514,19.7145105245156,19.4936468827748,19.4577693647741,19.5745506230628,19.5384127691715,19.8607457654729,0.147455608723245,0.632737099087491,0.984534738947309,0,0
"P68402",19.2440503243742,19.1270950939351,18.9888055548103,18.1852114732605,19.6031101761707,19.3153145775793,20.1165360504169,20.027981961272,19.4428475837192,20.0538254930064,19.4388802923026,19.0348152804894,19.6801991814456,19.5115081391374,NA,19.1805850827634,19.0642496769782,19.5932552302389,19.8376760268511,NA,19.6986019780282,19.536524623881,-0.363031505134412,0.372045159150142,0.984534738947309,0,0
"P78344",18.0474614368819,17.8530734024967,NA,18.4356870666537,18.6191389352802,NA,18.0692798526933,18.3237172956288,18.4555281099347,17.8661828931442,18.5885579957402,18.4749829059334,18.3835105870109,18.0844196799796,18.4136914790765,18.4859040493381,18.0862884872325,17.4470903986648,18.0993765729647,17.5083533703781,18.3436152410191,18.3617221446322,0.579745934910711,0.0385465093958447,0.984534738947309,1,0
"P78356",16.3978165227006,16.1731250783969,16.8004819067696,16.0896436595983,16.6253578408248,16.111317254515,16.7033530790395,16.316341667651,16.2908543835688,16.3719178380043,16.4592680301316,16.2914970148426,15.9049344995577,16.5625029549214,16.2716269374578,16.364308961742,16.1649962376397,16.4138863764002,16.4686811862285,16.4157290426037,16.4146669739458,15.9243665709775,-0.165355744508162,0.389733531098947,0.984534738947309,0,0
"P78371",24.9125091907359,24.7333209526441,25.10382106379,24.7900993938021,24.8050282333189,24.9083534492213,24.8621556037803,24.7452644489073,24.8330402073685,24.9530068146588,24.7427496385964,24.9747571086316,25.3573351433211,24.8656198128586,25.0506912668593,24.8562863281103,25.0634838540559,24.8084698417129,24.6075345123884,25.1580445953478,24.9438420360969,25.3473791792432,0.216823366076849,0.206779998826724,0.984534738947309,0,0
"P78417",24.6917364981034,24.335482298357,24.3654060400747,24.5262985893655,24.2212367870713,24.4010361586414,24.5879887866821,24.3023114512696,24.4436487117201,23.8897566621481,24.1335372784602,24.398123837737,24.0292240552407,24.0277350312453,24.5833261953105,23.9839013792939,24.2920323361199,24.2745974004153,24.1630039432698,24.34483686642,23.339872079035,22.9676078526132,-0.277239861966706,0.32200590952714,0.984534738947309,0,0
"P78527",18.7083900478752,18.6486830260296,18.8461952702924,18.3862656191459,18.8186119217015,18.6773646015491,18.6069409922717,18.53452193719,18.8199716406378,18.9227874154593,18.6067334741018,18.8797603528642,19.0481539193581,18.9437387960925,18.378583240985,18.7709303711346,18.8433681999721,18.6986307563855,18.5551000098979,18.6575557471601,18.7620709041328,18.6933759619576,0.0945722522538723,0.554370919620358,0.984534738947309,0,0
"P81605",24.1093224090753,22.4933247629124,22.773669469966,23.5442934847172,22.8531363340114,22.4866903374356,22.5807986768719,22.4009161877637,22.3797863960003,21.9236136809622,23.1102009818016,23.6960806005956,22.7397153226178,22.7191989042833,22.3981744920113,23.1268959847155,22.8820830552577,21.5753440233443,23.0127306385364,22.6114422985979,22.408844154238,21.7471756352675,0.209932479458111,0.661635983134605,0.984534738947309,0,0
"P82663",NA,18.569997706784,17.5091851070628,17.7784329878451,18.022702943328,18.3231449035192,17.4578820388356,17.9762269265399,17.9032929411059,17.8980069616441,18.4075002107338,18.1818974954892,18.1085511205586,18.0883219840454,18.0758670578309,18.242313721907,18.3732158402689,18.2406636517199,18.0414464742629,17.3626807027775,17.6409891463148,18.0269699029748,-0.386851000320281,0.119484358255743,0.984534738947309,0,0
"P82675",16.4636575000142,17.8446120899976,NA,17.0954797481888,16.960687198715,17.2470784594492,16.6124360936508,NA,17.1634253445846,17.0468994497667,17.3934342641219,17.4619071350659,17.7078667556604,17.6971985288491,17.5195773029454,17.7323541508105,17.6635116092712,17.517841923836,NA,16.0882228963358,17.2308517303436,17.2074019805681,0.106379719266176,0.79431056956644,0.984534738947309,0,0
"P82909",24.0703890445048,23.02221198499,21.8449262947283,22.3287093452867,21.9830407586493,22.5169170522707,22.1115963905279,22.03149074232,22.0703457827465,22.4496582355734,22.5579964109087,22.3857038541187,22.39641106409,22.1579801281162,22.3531169890811,22.7758585763136,22.4424468876332,22.4921433100625,21.4700055885095,21.6536620385379,22.3083170273954,21.8547889738799,-0.354082416983896,0.342936717947408,0.984534738947309,0,0
"P82921",15.9817466029463,15.8870350874457,NA,NA,14.5563659971265,15.2158724664401,14.0701509370689,15.1264217919581,14.6526325380381,15.214756790924,14.5826168581753,15.6740004028234,15.218074629639,15.3745400964581,14.6794638974567,15.1642765860877,15.2789049876563,15.5599167545008,15.47269754836,NA,14.0120224202908,15.2883664783449,-0.803809677647994,0.100182726548434,0.984534738947309,0,0
"P82979",16.431714427181,15.2535532571228,15.8283851645691,16.1800263244257,15.7407971587805,15.0456887648929,16.4522608923139,15.9204532577764,15.5869118408916,15.5097274695731,15.1155098579778,15.5116542238071,15.8416698691175,NA,16.2279326135043,15.5029468889268,15.7277287284696,15.4020538617244,16.1462405280865,15.9639255440649,15.7995285960027,16.2130657829899,0.311962906080714,0.34531141896607,0.984534738947309,0,0
"P83111",21.4447299724065,22.0333440857764,21.4807300544277,21.7549711502266,21.755494238269,21.5035321720979,21.4043450256501,21.2927272006174,21.7493157964368,21.8818904073889,22.0682989891878,21.9305973664654,21.012247285143,21.8678587876467,21.6910698490367,21.5826494490556,21.456707241449,21.6589634067779,21.3781540988774,21.8898544941401,21.8008365986691,21.6759531611196,-0.3654787423615,0.111865892562347,0.984534738947309,0,0
"P83731",19.2721099874122,19.2598094017403,18.4490387064387,19.8654323073354,19.2446274256379,19.6031700834051,18.9632989400854,19.4556241624237,19.857233435818,19.6107643281789,19.0331136043418,20.1153802094469,19.8573253766229,19.9773855168023,19.3874782776262,19.881459140007,19.9677617279146,19.4781867069288,19.5699672310712,19.637977552295,20.013775672879,19.8497018777532,0.318227982460037,0.257207351865218,0.984534738947309,0,0
"P84077",21.8141537107884,21.8982899496405,22.3159881504405,21.9542510353037,22.212365796546,22.1150359135178,22.2959145085792,22.3514145316675,22.4369599026039,21.9215042276095,21.9377691108159,21.93893108317,22.1301716979345,22.111773071657,21.7847116940344,22.150896174636,21.9316340483502,22.4425173275336,22.579499542996,22.332258722986,22.415924260243,22.2297497988424,0.17045161292058,0.371483066982453,0.984534738947309,0,0
"P84085",18.5258530747932,18.6315527319737,18.8843188850028,18.2339543456038,18.6869882770224,18.3715834717157,18.465117917488,18.5968183962059,18.4650291743225,18.8576776980852,18.7669449715174,18.5082413071428,18.9521224711478,18.4387796636247,18.4763964756462,19.1371078031339,18.6788742431835,18.8658945292702,18.3907949679505,18.2918669194562,18.5884117008319,18.7686870406595,0.168441956033668,0.391720843661584,0.984534738947309,0,0
"P84090",16.8527120757161,16.6844012978633,NA,17.4051968889739,16.930181994647,16.4627586559696,16.2463225061686,17.140296363995,17.2968794660918,16.3785494137154,15.8165835357911,16.4150540006075,16.931412633941,17.3422620895218,16.3662644321819,16.7110863354399,17.186978627623,NA,16.7906082230073,16.8461072016197,16.9789034419495,16.8203971612893,0.533052000075781,0.127421694884736,0.984534738947309,0,0
"P84095",13.9696482981355,14.2472398270168,13.8415349253241,13.601425055006,13.9511817327808,NA,14.5501134347091,14.3857559842185,14.1673145676866,14.9749088699741,14.5493444240592,14.5596413389845,14.6774564762397,14.5455605232651,NA,13.2238925342319,14.7011739180085,15.1809413982237,14.1788020532896,13.8161086475662,14.4678857973622,13.9215929123727,-0.397762360680886,0.338025369674189,0.984534738947309,0,0
"P84098",21.07018622768,22.1463581709133,20.580306747766,21.768878170579,21.7653238799715,21.736374785493,20.0477191466646,21.720210068284,22.14409347682,22.1089175353662,21.3589723121561,22.0076346377843,22.3005358513968,22.0254600966461,20.9518770764584,22.1351614347452,21.9160836362315,21.3522055162888,21.3042635284825,21.7558618505258,22.2007724146042,21.913362128598,0.155544106972428,0.703857676843806,0.984534738947309,0,0
"P84243",24.2018569129465,23.4305175713831,25.4406359789403,24.1745427265436,23.0313581611137,24.4892945536547,25.6191740547217,24.7177022784236,24.6706706138905,23.1001841168726,24.2013168983897,22.1992752872989,25.1047180706166,24.7995498649819,25.4777556497757,22.8981248483539,24.7602735762844,23.5610014466381,26.092627163603,22.7677647514743,23.7528804129133,24.1162156312913,0.447631957275735,0.549186277645176,0.984534738947309,0,0
"P98095",17.6455981901788,16.6353711981649,18.6078003793777,18.1815657898714,17.7605717972743,17.5489751316037,16.8180998246574,17.704587885499,NA,17.8893322860194,NA,17.3855760583,17.9676812615916,18.0824594004096,17.5024327095815,18.0270453580711,17.284966714362,17.8443140853661,18.1605618618264,17.801916394234,18.6759179276225,17.8067842859633,0.310959782265815,0.466365193773756,0.984534738947309,0,0
"P98160",21.78993764289,21.5304043636094,21.8505586352479,21.9927701550216,21.37643512091,21.8054513815044,21.8199898447856,22.1397801622446,21.9621932526915,21.7867323242134,22.2582185846463,21.7192135431183,21.7011077610326,22.2203775268374,21.9785698581146,21.5897346237563,22.1435905160106,21.13095401867,23.0156461585103,21.5866850934581,21.8269028944527,21.990999188967,0.0373400638075552,0.903717296259377,0.987424911698517,0,0
"P98179",19.4668010409728,18.677795822869,17.8917428177244,19.5265675776607,19.136817891631,19.4892586179109,17.9529021688325,19.6530303786335,19.336547282768,18.7145506100625,18.5852751993165,18.2654449051556,19.3234020613413,17.8161510831034,NA,19.2119817208257,19.6641188630173,19.2180753204841,19.6023883907455,19.2264764592031,18.682005088665,17.4573233003919,-0.351688376470165,0.536631492096309,0.984534738947309,0,0
"P99999",27.4261290447115,27.3140894459063,25.8498612796184,26.821131014565,27.0848594820784,26.5530034249037,26.2844804186884,26.4042307901011,27.1338901852959,26.8297911142839,27.3681411751932,27.1585771532154,26.6012331806464,27.0932816755466,26.8204832537471,27.2832937551855,27.2598382126069,25.8819000333094,26.5941625503961,26.4771381431507,26.7111919268771,26.968993228348,-0.173488765275845,0.588214672931145,0.984534738947309,0,0
"Q00059",21.3560284863187,21.8576642035633,20.7071483185754,21.0178087354454,21.3650558655056,21.0361694979138,21.2683932671191,21.0777410150007,21.8034716793307,21.1739454167003,21.9469971934835,21.2296542812884,20.5626522455211,21.1628592190958,20.818802235628,21.4778107515155,21.4499157269853,21.5302491157642,21.277282859168,20.9838164032978,21.4312689782353,20.9092106060948,-0.258914042470618,0.386642434680447,0.984534738947309,0,0
"Q00169",16.5975462281386,16.9301672022216,16.6629069191651,NA,16.9329804531914,16.399959402879,17.0218287487841,17.1133598763267,16.564655664444,16.7793008462457,16.5880738734515,16.2224521677223,16.8128220389801,17.1329324664528,NA,16.1775911248592,16.7617310690252,16.7749487098551,16.6154979269356,17.276865517377,17.0414829830878,16.5872645309933,-0.213487368218463,0.416680810627144,0.984534738947309,0,0
"Q00325",25.9226264054457,26.7595458973151,25.954461709547,25.5257697870241,25.9625188228127,25.874262782046,26.2590552688378,25.585430813605,26.0853030839024,26.257722152357,26.3738009917888,26.2398130300669,26.1908357890735,26.1474019971095,26.2323964003929,26.0756633106945,26.3210371359388,26.2771449487453,26.5372556400815,25.6769691435882,25.7261676128175,26.0539199487232,-0.382736197475346,0.138617473625836,0.984534738947309,0,0
"Q00577",17.8326560518094,18.5351383115165,17.8712513077461,18.2412322644949,18.0720095373685,18.6830930243299,17.7663541340747,19.0374350309439,18.2633851733654,17.9127379145885,18.1279569055507,18.0465310457193,17.8446288907464,18.0123603881086,17.9389510786969,18.5297164309579,17.970067718572,18.1373359596509,18.6848193502787,18.3336731214834,18.1968309100984,17.8623144796008,-0.104413442430129,0.715191946096772,0.984534738947309,0,0
"Q00610",21.4455626355658,20.8814375148015,21.5339615866819,20.6512587676552,20.9192860277471,21.0104309275741,20.7183969371437,20.6310101330399,20.7836803645972,20.912042035772,20.9023005794998,20.9127442461276,21.4933671310713,20.7628789604268,21.0170773633288,20.9939716514988,20.767333565329,21.1064587999383,21.0324266556774,20.6281271517708,20.8573823612065,21.213346226752,-0.0178846515674138,0.93923372857957,0.990192879028667,0,0
"Q00688",25.2017308140656,24.9613720744995,25.3213403725903,25.2403701951774,25.3543699911332,25.361951339465,25.1795558093477,25.0187483558923,25.1751054834484,25.3206123165085,24.9455948425687,25.0056847311769,25.017672049669,25.2333420062787,24.7647219722982,25.3981872933709,25.4198265057952,25.0388198927268,25.0089395311424,25.695287179889,25.4139912995837,25.1356872780898,0.0797048900650168,0.68901948467587,0.984534738947309,0,0
"Q00765",25.2079178167993,24.0986873178853,24.5592644508675,24.2607574053674,24.3021890999757,24.2418177547152,23.9842238997059,24.5087240595553,24.2712198595444,24.3297294634825,24.0809105686348,24.2426599276253,24.7729486195445,23.8793352968672,24.3298941325914,24.20422834541,24.2893740583881,24.4623713904335,24.2086351436969,24.232753695273,24.0993631434544,24.7870299479518,0.116632006715946,0.657095045293998,0.984534738947309,0,0
"Q00796",17.4407555959188,17.6628412924295,17.9812765995246,NA,17.4748310935962,17.7207333167105,17.9803672068997,17.9152515321217,17.2503936028583,17.0982367738404,17.2808711151626,17.0147346884161,17.1515192450248,18.179465276871,17.4878117884921,16.8509699210848,17.4777807471753,17.3019608343327,NA,NA,17.986400254543,17.2354228898629,-0.0272046863953719,0.932994402791557,0.990192879028667,0,0
"Q00839",19.4790962114607,19.3077568664551,19.6237826699949,19.5342795757316,19.4552606467392,19.4671336032568,20.5175179114098,19.8696482827211,19.7339769146355,19.2813165040271,18.9603669841286,19.0006290586881,19.6654252396746,19.5435484837387,19.1865372337443,19.2115765694025,19.6017715960851,19.1943210172744,19.6901643593234,19.0309206345553,19.6819630688979,19.3766289700248,0.624586672955598,0.0164702341992453,0.984534738947309,1,0
"Q00872",26.5579262775988,27.7169004800878,27.2728831728883,29.8136956100602,28.430503811556,27.8012287406535,26.7869579847325,28.9201017116019,27.3394605926833,26.0610490859705,27.7833538216314,28.3423377722952,28.9180475409671,28.4090316649023,27.2021903341929,26.3279002712426,27.5091211004304,27.7012230527758,27.8234109405771,28.1459058320348,28.7162198499746,27.8467890292787,0.721843007278451,0.33133227220537,0.984534738947309,0,0
"Q00G26",18.7616461168659,18.9913342295418,17.292212508567,17.1592830123854,18.8213939944337,18.0810279659194,17.0602459738207,16.4382171925397,18.4826561237726,16.9674781382524,18.0411093834252,18.3583389066664,17.4515612546369,17.2735716447023,17.9824973041227,18.4506826261163,17.3691493674946,17.1422405637518,16.3422928217826,16.8234705449181,17.9913538072951,17.3631888535977,-0.272910782410342,0.590745575442159,0.984534738947309,0,0
"Q01082",20.5857004945431,20.466760742339,20.1510016958577,19.817360895612,20.6006338596432,20.3607420087166,19.9324305840734,20.533716194334,20.2496959868867,20.7892484852827,19.6112639187421,20.2318336009837,20.8605160895635,20.1056350699793,20.3631664570237,20.2902427943092,20.3616129954418,20.4488514856541,20.7675231407131,20.1595180616931,20.6227100704513,20.6055792231597,-0.139073560886136,0.590037904988307,0.984534738947309,0,0
"Q01085",NA,20.8178820966786,20.5600674288,20.671405685232,20.8698619169199,20.6728464646754,19.9962839581064,20.4275339358824,20.938040812108,20.2489696377575,20.5963703254266,20.7630446150194,21.0274578470272,20.4722761434674,20.5327770662625,20.5810167090667,21.0231387231087,20.6353635736218,20.0077500557407,20.763221328979,20.5621081065593,20.2674687735495,0.0982533306030149,0.69556840414427,0.984534738947309,0,0
"Q01105",19.2427553489843,19.404727606145,NA,20.2875040041467,20.2345807235477,19.8724018569855,20.0678193466352,18.6934776456769,20.2209397867999,19.6788809523052,19.7610991559484,19.8537701574,20.1419726149275,20.3018532018977,19.7988512355154,20.2807951527537,20.0752006941826,20.2842295107033,20.411034767804,20.1338207772393,20.1289138235093,19.9915667214181,0.0135330174231179,0.96722043421033,0.992365658656292,0,0
"Q01432",24.837690247381,23.5917349225598,24.6560080206448,25.483499557966,25.432003101229,25.3740901721401,24.1871198333223,25.5478626332405,24.7540069147449,23.7820736206906,24.72859924067,24.6036650675711,23.7991816029473,23.677767251534,25.3969108302342,25.1564945020413,24.7260039477278,25.1426809505464,25.2242802498291,24.0028754937988,25.5060859585358,24.9632619882061,0.404880063855064,0.443863685207574,0.984534738947309,0,0
"Q01469",23.838357999083,23.4018473826345,22.8585562301539,22.496590482296,23.2669678103845,23.2642669186569,23.29085582636,22.9166254460145,22.7889478062066,23.267299435485,22.5833895318189,22.8025933639053,23.0398927338199,22.6217934302767,22.508681998135,23.0236850264432,23.2199457439309,23.1414633892626,22.9512545357247,23.2139959335247,22.6343963694459,22.551526969142,-0.408804177741125,0.127041276837368,0.984534738947309,0,0
"Q01484",21.7065033348709,22.7461599179412,22.3072121806071,NA,22.1119833286576,22.6674331187285,22.8814508462063,22.6326181378886,22.52123164174,23.065665366381,22.8825179254837,22.6357807582982,22.6246951888858,22.276181904851,NA,22.2365820585929,22.8602479329387,22.9813982822815,22.4226601337663,22.5697028526527,22.4201613286595,22.9279426451046,0.110666894958765,0.720976944638015,0.984534738947309,0,0
"Q01518",22.262087688034,21.6638535057917,19.8786199936665,21.5192195455793,21.8900261559247,21.5246311333703,21.2621310446358,21.6938997321782,21.8367529441159,21.8128978126916,21.4637925580906,21.5824307698572,22.4380744692757,21.2740598242981,21.3064628220702,21.9630886990955,21.8370132384549,21.683172853527,21.879635858722,21.8375472378964,21.8449166536686,21.8924650647497,-0.201267727067787,0.569983690695731,0.984534738947309,0,0
"Q01844",NA,16.7771665295585,17.6026170960581,17.1588141440162,17.5668777669132,17.3168538637649,17.283944601914,17.0394906866139,17.4853885856007,17.5051587480596,17.2471799959187,16.8630114425785,17.5779710489213,17.2797975394425,17.1836035677822,17.0746324664008,17.3105538046774,16.8000901005521,NA,16.8303081169637,17.3209256553777,16.9919814992766,0.209024003244856,0.391544073768949,0.984534738947309,0,0
"Q01995",21.3221152568923,22.0500006587139,20.7698898242713,20.9670753570856,21.4530730558551,20.8734984018221,22.4634346144533,21.9681186393362,22.0410377466326,20.9705294928176,20.8064106890965,NA,22.9215593345615,20.2980247207715,23.3723315628181,20.9804041130321,20.0570435505463,22.2888072057543,22.2594087521487,21.768906311555,24.8200262397286,21.4687667128605,0.449313687721219,0.610685793215948,0.984534738947309,0,0
"Q02218",25.2040880619007,25.4415074529781,24.9405856681328,25.0088665189621,25.2132492112737,24.9681316424652,25.2666808809466,24.6125571232165,25.0301213183674,25.1040211646257,25.1286026401476,25.2160706298543,24.9103729665317,25.182143176652,25.2165122969412,25.1823202876119,25.2579340366705,25.4084526328913,24.8754931888083,24.5545850816184,24.8745675142462,24.9387986023389,-0.188930996146762,0.353320319580047,0.984534738947309,0,0
"Q02221",23.2172631772593,23.0671197910806,22.6517618042358,22.0713388025084,NA,NA,22.8554798443633,22.6031345049973,23.0599658942437,23.6651343838518,23.5610982725649,23.8928910548811,22.2902767872153,22.8760586120133,NA,23.3599010941074,22.8344143545959,23.3523225070617,22.956302019758,22.985697068615,22.1745345665981,22.8885983814382,-0.861034634460999,0.0352574944017773,0.984534738947309,-1,0
"Q02252",20.5467417003647,20.1297384356761,19.6408522269625,20.9691978652187,20.9216219693288,20.2296921885734,20.4764585041858,19.3501972994036,20.7754384703903,20.4880003210601,20.6847863900465,20.3278263363215,19.8914676938196,19.4315424287836,20.6759658377617,20.4175197654737,19.2100790092346,20.480652039837,18.5628710617659,19.9810931941977,19.5911435742332,18.9982303346846,-0.34471508778406,0.467080258130107,0.984534738947309,0,0
"Q02338",19.9952872315943,20.828567242943,18.748055672568,20.7824568615145,20.2078840863439,20.1305924213039,20.2222208581786,19.3780578795687,21.0376951123138,20.7896567547193,20.9776655705121,20.3333555865953,18.952520703412,19.3060238487841,20.8899916160133,20.2727759497099,19.3886449341976,20.1144520134538,19.460336953288,20.6735963748879,19.4620703469914,19.5432543683998,-0.884688120808466,0.0910793124134138,0.984534738947309,0,0
"Q02388",NA,20.0627119682082,20.6699005733566,20.483489503439,19.9974357837189,19.7728645518869,20.7538912758882,20.1193887733923,20.4588420505566,19.9558739510539,20.1184816148233,19.6218090896522,20.5952870605286,20.6391812411023,20.8744517896221,19.5049634806015,20.0135492294681,19.3898265178651,19.8485078076624,20.4599850791778,19.8967345960066,19.5463571750937,0.140397453440016,0.664654724378173,0.984534738947309,0,0
"Q02641",22.6982186034501,22.4792273272743,23.3611357118849,23.1501653950781,22.548822488992,22.9537513574901,22.0336438705176,23.1339785504625,22.6403786524574,22.5954456657017,22.2615052122583,22.4595300825942,22.3546458360053,22.8357767485251,22.7297393824888,22.5238843610661,22.4375785421602,22.7925346670193,22.8893751486835,23.1830646837362,22.9022559543561,22.4386358986541,-0.0923110200655692,0.719774926742032,0.984534738947309,0,0
"Q02750",21.1676751321536,21.0721528019418,21.4998428134781,21.6789153486903,21.5832180222242,21.2845747002817,21.6539428241643,21.3793560981398,21.4316316770901,21.703409857898,21.7996980864277,21.4993880028398,21.5316607167421,21.5829578581976,21.5909186395622,21.5604732634911,21.5076132459867,21.4383964566375,21.4269516361931,21.7609456197526,21.3541147770605,21.784138734611,0.073147066877965,0.687300202162553,0.984534738947309,0,0
"Q02790",20.2314030831873,20.7034130605554,21.1449640038632,20.7461188642664,20.7962241887187,20.4919638214699,20.3971519678821,20.3371602734409,20.7881961792301,20.6836496142888,20.5355851697388,20.8571442340877,20.1882148772537,20.3260234343686,20.832135870128,20.9745738106458,20.5572886158747,19.8142833842018,19.9139851176746,20.3196590517448,20.8638008592018,20.7734509010334,0.570206612802636,0.0321844688610898,0.984534738947309,1,0
"Q02878",19.8071023750304,20.5646602628551,19.0628023705452,21.2228614917141,20.7984425981348,20.2377868927473,19.6688015650266,20.6336006911585,20.7164651130291,20.7235222673294,19.9627617429925,21.1171211088127,21.5479092558342,21.239038822919,19.6944876613625,20.9282045521627,20.7072550373199,19.9284542647499,20.3558662639975,20.5204982147115,20.6152020044049,20.9000894264372,0.533488075060347,0.246679797078138,0.984534738947309,0,0
"Q02952",15.9168715483319,16.1003596809518,15.8183908938463,15.744296878385,16.6880720646682,16.0743010368303,16.3016264951432,15.9361483986631,15.6161425629342,16.3311148293979,15.7695254178634,15.7431575394214,16.7453657608493,16.0634692334248,16.0883693171394,16.0536534629253,16.031781916777,16.5312370636785,16.4727574805963,16.0191457559321,16.7119774130657,16.5299993008111,-0.195726255058823,0.464001189995743,0.984534738947309,0,0
"Q02978",24.424159597703,24.2484944698637,24.4898665904701,23.6323070544816,23.7259819095866,23.7155004322552,24.3948371204487,23.8703027150237,23.7392381352144,23.6261873572114,23.8967333332757,24.0083272313885,23.5510929377118,24.0327867647023,24.256852296387,23.581884244808,23.7288251076312,24.3158627883364,25.0545002169071,23.4232850389698,23.7978520585451,23.9046249244538,-0.368755530492329,0.240193238315417,0.984534738947309,0,0
"Q03135",21.9257340569624,22.4721152238153,21.9786727778976,22.359221018553,22.4709755878221,22.0197053075137,22.4576800108485,22.5879740744345,21.9210887274456,22.3035337018842,22.666938005325,22.0741385492096,22.360637813407,22.1839665193517,22.128334885168,22.3056683902951,22.2967282558779,21.567880167807,22.6986185498649,22.2326902854579,22.5520393213849,22.0317148918009,0.0589501300813602,0.812340064709357,0.984534738947309,0,0
"Q03154",21.2265716372523,20.9985923488811,20.3214044452441,19.8950357549565,20.4222511288525,20.5479187767873,21.2382205806919,20.3996419523855,20.3979423338283,21.0012137701546,21.1747821802577,21.1271716142103,20.5085210715579,20.8681171981156,20.4289072898965,20.6736071927576,21.1310632515511,21.0368090128975,20.883132148893,20.4038108636585,20.3363359756425,20.7345022498429,-0.417061037041517,0.160180287767377,0.984534738947309,0,0
"Q03252",19.0973033421557,19.8378811503171,20.2667226431045,19.8955535179589,19.5411989451904,20.2078154809226,20.1536561339149,20.4298783672296,20.0813667116058,18.2251010609494,19.3709202979516,18.7861388061219,20.1123404096039,20.1186040195067,20.1688994308122,19.0803362160924,19.7694264595261,19.1190613722199,20.9504381211801,20.050128158554,20.0797903763167,19.618808299618,0.278445969273534,0.523866561479315,0.984534738947309,0,0
"Q04323",16.3182556064291,16.1465154392611,16.5391442519414,17.0019242242229,16.9484013701204,16.6365780397618,16.0479994058256,16.7708937294597,16.5268827317643,16.0959374650118,16.3078750984918,16.6294200549841,15.9079875026954,16.6514555344206,16.5739715954746,16.4422682469925,16.4638112651545,16.1843202253421,16.3521564007726,16.6059125954106,16.1135174503714,16.3518576701295,0.013022126900573,0.956738827591822,0.992365658656292,0,0
"Q04446",22.8211434921204,22.8452879244255,22.5326754027949,21.945634475975,22.1419710326481,23.1282844337634,22.5505394053228,22.2606387362178,22.2132562090572,22.712559544456,22.5458454884273,22.7567303284431,23.4013153050127,22.8585685157072,22.3604337000021,22.6216724905221,23.102889540047,22.5718397452395,22.3471866405093,22.6792048836826,22.4738461071441,23.2036989122197,-0.0353877232299276,0.886617569578744,0.985429799208273,0,0
"Q04637",21.063489804773,20.5243568296255,21.254605973089,20.8052968082832,20.9844665094964,20.966772712868,20.7534412808739,20.9655207410086,20.8394019390531,20.7044574211437,20.7418569188044,20.6348496916873,20.5478856772029,20.8606018578098,20.8350390367911,20.7392823079062,20.7924451129938,20.9330120198202,20.7019745094773,20.7455790039593,21.0046943233887,20.8632754992027,0.0412507988351223,0.806582894931871,0.984534738947309,0,0
"Q04759",18.3881956574292,17.9767003053453,NA,18.4341715007916,18.3385055785519,18.0489317709681,18.2671726866272,18.3958554153378,18.0795317358203,18.1651201392776,18.3817753910992,18.1211083742996,17.8770592466665,18.1510044635306,18.12516643806,17.6605440992612,18.4402486572049,18.6635591488957,NA,17.7161278781683,18.037802704378,17.900862203805,-0.0825006042558876,0.725989178301946,0.984534738947309,0,0
"Q04760",25.8203407503714,25.2262690098117,26.1297313783948,25.6649440462384,25.3992300445515,25.9710027303529,26.0664261324088,26.160471542378,25.5646490434894,25.229720459452,25.224550093385,25.1139721725777,25.0258862867414,25.6133912466731,25.6802388637065,25.2337171751338,25.5015021376923,25.5054947574542,25.6878604307838,26.0220319541271,25.5995641280374,25.316667050297,0.0354736217921072,0.87631530963845,0.985429799208273,0,0
"Q04828",23.3991111841169,22.3381165647975,22.1722389914935,NA,21.8787127044329,22.6385004615982,21.6703211600866,22.7244117425351,22.8639398115552,23.2286744541933,22.6448487384582,22.2617496294757,23.1739673329193,22.1878709059343,22.0572521492414,22.6162260196931,22.148569605559,21.5811200092146,22.7592735425111,23.0482967140983,23.3247025616919,23.5170261164925,0.177701348763836,0.693292531862357,0.984534738947309,0,0
"Q04837",21.6688010570296,22.1103488218952,21.1947102847074,21.5586966663788,21.7374248739972,21.7821464473003,21.6934550158933,21.9222371318546,21.8169543248584,22.2743017631625,22.2673534533712,21.6864798266332,21.9730473590883,21.8596311429118,21.6397397639269,22.0259620594798,22.2073481567334,21.8124465682368,22.2722337153123,21.8936804640952,21.5763736659806,21.8248766593756,-0.349383761068982,0.123573560426025,0.984534738947309,0,0
"Q04917",21.9720038066537,21.8918783474025,21.9900608202062,21.4775690055096,21.8925262957545,21.6978967193627,21.7455568548786,21.697972408463,21.823447812408,21.829778686231,21.6889810638667,21.6900194813682,22.1506251334062,22.0003481050347,21.3695368233714,21.9213867620831,21.9779152359903,21.9426702904701,21.9560162691105,21.7617236474176,22.0206624322457,22.0487768218702,0.0802491778276995,0.641267152713243,0.984534738947309,0,0
"Q04941",NA,15.0419279921714,16.0865314306022,15.3401976550634,NA,15.107786579109,NA,15.4381839662502,16.3193291592724,16.4721964388013,15.1762458456745,NA,16.1916470277947,16.3709171433667,NA,NA,15.080759614777,15.9680354709604,NA,15.8998598961685,15.9370963795129,15.6717105898237,0.00797307459387042,0.986562123424937,0.997069761279763,0,0
"Q05086",18.4551077794483,16.6825834711727,16.7459202357575,16.9662838363086,17.0548307376663,17.0529443829205,17.1064818380145,17.1518065354855,16.349001190727,17.0771414042493,16.1789977417352,17.2601237355357,16.6072328767646,16.8646296493588,17.174153357985,16.7680075662037,16.9948392089251,16.7042602355204,16.7897540358409,16.9215352397337,16.6424146982438,16.9777742809237,-0.235503301528421,0.510779634497342,0.984534738947309,0,0
"Q05519",NA,16.1106079446723,17.0773853528882,NA,NA,16.7400456258462,16.7660630126949,16.5887921386393,16.2736880375839,16.8491894974982,16.7394755343735,16.3905133641911,16.6539157685003,17.0372608650936,16.8994149743591,16.6240893219124,NA,16.2128821290156,16.7734421651798,17.1426013683561,16.3468371922044,16.392603100639,-0.261890309244375,0.361505973851709,0.984534738947309,0,0
"Q05639",27.6135923258549,26.7966337631653,27.4846679551821,26.4417517572307,26.6481505040513,27.1230651866766,27.0021616865493,26.7441623077554,26.2951829908522,26.3928125761905,26.4166839536712,26.7712590845963,27.0308193374174,26.4276720346559,27.1480839667749,26.4045408531157,26.4404599027857,27.4774331781972,27.2560692167617,26.187344248378,26.8432049380887,27.3872649064618,-0.1246334039636,0.736991291058337,0.984534738947309,0,0
"Q05682",NA,16.8434175824804,NA,16.521714910472,16.5750732708834,NA,17.1599616877365,17.1080596310823,16.7297274475138,17.5149486780143,NA,17.005835144685,18.0746715320959,15.7366536994279,NA,16.2044174441382,16.7097854841443,16.4721773576461,16.9743476114315,16.6104958570024,18.6036743126692,16.9968783041018,0.742244550963388,0.203484540712416,0.984534738947309,0,0
"Q05707",24.6922384733355,24.6659663118836,24.6049212617728,NA,23.5059190135233,24.8055041662613,24.20406463714,23.4846654557991,24.8905025667276,24.5013657138832,23.4363507215933,23.6528181416724,24.0792557971937,NA,24.4147348665323,23.4581066279134,24.4436030147207,23.957087101033,23.9228699282021,26.8100659171682,23.7732695710708,25.1952782392684,-0.661989937636239,0.3203780230554,0.984534738947309,0,0
"Q06124",18.7146821271197,18.0097918484656,17.909792155981,18.1298048735241,18.323359041267,17.7591463619076,18.0633685634571,17.9911555089194,18.2688832204249,17.9116016161901,18.1661067385509,18.3866827929829,18.4510599899859,18.5350674325652,18.2658670383342,18.1129710830872,18.0975197733511,17.9669158257621,17.5614037984225,17.6492501116009,17.6927474295013,18.363121641372,0.113469185920895,0.65764438947019,0.984534738947309,0,0
"Q06323",21.5658553064303,21.622065787603,21.3709610380758,21.4709629597555,21.8244025080085,21.4019983838537,21.5917940372618,21.2617921373989,21.527836333529,21.7880275232023,21.4529658201801,21.5234367993026,22.2265622423206,21.29500424067,21.8996032074206,21.8839824478404,21.5147119101691,21.508568223823,21.3540108933984,21.5202440471888,21.4636536817382,21.7723236883427,0.0507424187766645,0.795355039505732,0.984534738947309,0,0
"Q06432",16.6888836280877,16.684460208884,17.6085153871697,17.8079346095842,16.5676843022416,17.3541860443867,18.2786899514342,17.3738714191696,17.1055231777004,17.2903589644826,16.5192727858258,17.0221892949357,17.0657963360669,16.7821675937145,16.6603791680035,15.5420420258732,16.3789692312749,17.2842340461873,17.1470877766528,17.9674040527661,17.23657634614,16.7318703503285,0.278751989998579,0.481334128166852,0.984534738947309,0,0
"Q06730",23.4364627117031,22.790039508628,22.6232487232014,22.6942073210976,21.0329944573934,21.6319978818911,23.394523042895,20.5170487577567,22.1305157718964,21.4025278684757,22.4246430826579,20.924145135967,21.9064254725305,22.3990337913284,23.2396951686475,22.0369963946528,21.4522349144499,21.68329129467,22.2071885007897,22.6510562744753,21.444308713955,21.87778425989,-0.676939385830067,0.27086764244349,0.984534738947309,0,0
"Q06830",26.4927954605399,26.2242942096755,27.3933001270575,26.9323114606632,26.8916602511107,27.1920996994924,26.7795043254265,26.8936871403781,26.6395480821254,26.5446945864355,26.3407286397208,26.2949797788203,26.4799562885465,26.6007267954677,26.6113836396253,26.9447590199551,26.5947834773217,26.546190328277,26.3873724221571,27.552734539808,26.954196016844,26.5992834188895,0.218269540963526,0.445734814520447,0.984534738947309,0,0
"Q07020",20.6226648320964,21.2579295586971,NA,21.2689179040318,20.8941108640048,20.6989114282063,19.6042442998558,21.6568236944291,21.0095065629709,21.1384174601616,20.532965075379,21.0740376907214,21.9626173410734,21.2434745375713,NA,21.626164858227,20.8526412968392,NA,21.1306145115562,21.2792997037653,21.3883691485433,21.4408621987475,0.226513680928797,0.594530904588433,0.984534738947309,0,0
"Q07021",23.3501102775601,23.7636144404485,23.1745207096965,23.1380426277614,23.3779730099063,23.2750034286376,23.9855263677606,23.4237474651851,23.2737264923689,23.59532881276,23.7587081621569,23.4094221345533,23.7725969608705,23.759551623484,23.4346400843116,23.5376777981118,23.7663873380877,23.5529990855285,23.7523419961273,23.0691323706339,23.2554010516289,23.6467751449931,-0.0700332499998808,0.754797152460178,0.984534738947309,0,0
"Q07507",NA,NA,NA,19.0795690315781,17.6499644761708,17.2464965488391,17.1415305452691,18.353682698275,17.5559912449518,17.2096040459809,18.0367574757686,17.3091874400669,18.1980271322517,18.4355330557242,17.0906721154802,NA,17.3660533596033,NA,18.2215955821701,17.5865595245254,18.4203822570927,17.93020755877,0.545983076949135,0.309308939820917,0.984534738947309,0,0
"Q07866",16.7425750803125,16.9843890132791,17.1544312823436,16.6624524014073,17.128563796501,16.4691760885525,17.1001576129635,16.7568793945335,17.2464235409438,17.2891353873827,16.3869197729169,17.0877141859191,17.7074326700588,16.287970875185,16.6562180781305,16.953347706832,17.127061710184,17.0524412243283,16.6841721053899,16.8916573844996,17.115193570774,17.4049491924887,0.668733562483691,0.0134633265055436,0.984534738947309,1,0
"Q07955",18.3728867242175,18.2222085862935,NA,18.3657615637968,18.5651765283845,18.6786011955859,17.0018420563436,18.156507405099,18.388016093316,18.6529644188647,18.4653554049583,18.0564169836978,18.5253361322391,18.5413424252717,17.6897815473715,18.5232184271703,18.8195968834732,NA,18.085228725193,18.6880374272402,18.849504417563,18.4869282546115,-0.19534525726991,0.560751584139362,0.984534738947309,0,0
"Q07960",16.401494912529,16.2284165909183,16.3430156926813,16.2495409344127,16.1676532899915,16.1971657972063,17.8186008910155,16.7345559505143,16.4911986817035,16.7765122280533,16.5933398478382,16.3601750851949,17.8058719606309,16.8301656768492,NA,16.2797858320813,NA,16.9144568036662,16.9844866476763,17.0837474652316,17.169877959586,17.4662132710062,0.403162868716461,0.319855128853279,0.984534738947309,0,0
"Q08043",21.9249920031524,22.4401241808061,23.2056267013004,24.9565162101967,20.8633576922317,NA,21.1543937942923,24.0374480368214,22.7948020024709,NA,20.9514625453401,NA,23.5857226824418,23.0526257098339,23.3010584634358,19.7852747457554,NA,23.3338872330549,26.4121391537952,NA,22.4434783196526,20.6660505746605,-0.720396909410031,0.542301591665414,0.984534738947309,0,0
"Q08209",23.0703075521813,22.5404820535532,23.6232495160622,23.8685613684196,23.0623899079709,23.3318406167414,23.1365190946716,23.7978770699032,23.0694313974504,22.869553273319,23.0316599817841,23.1061084066217,22.9207999440684,23.3727560617777,23.3083518740715,23.0412127971006,23.188426478199,23.1598104476671,23.3599741402416,23.7592150372696,23.5730095884422,22.992456357862,0.259736208219906,0.274810774006094,0.984534738947309,0,0
"Q08211",18.7026600939333,18.8915028209084,18.5844739384312,19.2566118036113,18.7366935872823,18.9241691681579,18.7907769773992,18.8407067276089,19.0345140279935,18.4064687338247,18.2982883910496,18.5758781025695,19.3465575139573,18.9763229214803,18.4178693006005,18.1882539777407,19.1894209475381,18.8933180516586,18.7266127609307,18.7519773458659,19.1095256028318,18.9875043666039,0.38775623824916,0.142617982989176,0.984534738947309,0,0
"Q08257",23.0617153050733,22.9953719537162,22.575883262823,22.9927319091881,21.8541564544075,22.5011852713261,23.2802770377649,22.4690758327046,22.8954118131845,22.7979220013123,22.945267533595,22.9221908922063,22.9939685271337,22.4196132300604,23.3261092403807,22.2113130809124,22.5104252098313,23.1527357069295,22.5187475606742,22.5750438528941,23.0732979113969,23.1075846840847,0.154753017301054,0.614041448926857,0.984534738947309,0,0
"Q08357",21.2767613182528,20.0054361561074,20.9332911741353,21.5783921427461,20.4886034617133,20.4656978208052,NA,23.0309104386017,20.7337554439516,19.6836156405832,21.5390542457429,19.235067343911,22.7340187847596,22.213919449869,21.3913720117994,20.0668216741146,20.3454831142677,18.7491919313805,23.493405343647,18.8509967571002,20.8707457136092,20.7406070500583,0.672369417596979,0.517584151505135,0.984534738947309,0,0
"Q08623",21.0292712074051,21.2825151215519,21.5671177252101,21.1868974614735,20.8901843850359,21.0942396383149,21.4331690996164,21.9986071801624,20.9822656556624,21.2167558905705,20.8943839665881,21.2711830441672,20.5420604450921,21.121334899042,21.0829471473097,21.0818882873919,20.6907315238557,21.4055892632684,21.158470622985,22.0720453238927,21.262888221689,21.2813425739741,0.0193246209093161,0.944047143501954,0.990192879028667,0,0
"Q08722",19.0020982403809,18.9822441001013,19.1366252636706,18.9972025665455,19.0773972781931,19.1973869698935,19.2651044999415,18.5725360317396,18.6788184364573,18.7670349880664,19.118153494867,18.4389545789817,19.1310299327473,17.8607922399201,19.0226324901691,19.0433261826366,17.6487422754083,19.2215830094529,18.2965657738677,19.2687821539646,18.9349974125091,18.9038671697773,-0.144580027044277,0.684599285703192,0.984534738947309,0,0
"Q08752",20.0669466238111,18.8957324991253,NA,NA,NA,NA,20.3528908351254,17.9822097948096,19.4461928495441,18.5872756493264,19.4411757096147,18.5054078517621,NA,18.5574618973546,18.8311951470205,19.3952026789444,18.9165591993933,19.6509952220817,NA,18.9469831727455,NA,19.6158623124918,0.111074414880548,0.861378374652199,0.984534738947309,0,0
"Q09666",24.8020210385121,24.5219158044072,24.7209003111922,24.7745821564214,24.8308564461088,24.8034997549848,24.3968093694351,24.8014432385364,24.5381583977654,24.6553306876632,24.2117668988163,24.4723826065116,25.3412596337466,24.5602823992822,24.5209030030216,24.5150073499362,24.5100038479916,24.7574396281959,24.6317673427749,24.6925277977357,24.9922096480291,24.5907635055948,0.113167320687701,0.598641341289477,0.984534738947309,0,0
"Q0VDG4",18.3316035156345,18.5426485043687,NA,17.795956808855,18.4056467161876,NA,18.163734840974,18.1842127191452,NA,18.1153426383718,17.8354677332418,17.9550752235954,18.4524207681653,17.6127286408681,18.6695557739246,18.3133321749785,17.3294737710852,17.5270890465651,NA,18.7393857697829,17.7989911084314,17.5701436200377,-0.423309910410705,0.279742323458712,0.984534738947309,0,0
"Q0ZGT2",19.6511555657063,20.5944619710807,19.874224579205,20.7331338569503,20.5689611991483,20.7613043808853,18.8526558659883,21.7839445530726,20.8040157821408,20.550455761496,20.3165618789238,20.6218414094784,21.2537864889998,20.661979033252,20.1220959720584,20.4224283371826,20.6659278064588,19.4037600198866,21.1752094115117,20.9051566564179,21.2099663549482,21.6225331936392,0.514885181090548,0.329953995700312,0.984534738947309,0,0
"Q10567",NA,15.0706008011747,15.7959058454086,NA,15.6917623072464,15.1332827860266,15.5030909038489,NA,15.612236215027,15.5536247184008,16.0122616729381,NA,15.6827559337452,16.0195349448634,16.4856759543565,15.2535823200915,15.5734479846566,16.115666110085,15.5134498171312,15.7637915412645,15.8310203687517,15.6407662986506,-0.237424510919498,0.424587626392814,0.984534738947309,0,0
"Q10589",NA,18.9113425410607,18.3990384777525,19.100754386455,19.0925690098702,18.7606861169501,18.6038889807116,19.0980113690304,18.8373548974755,18.7762458061046,19.0805835265987,18.6519678390145,18.4436630780658,18.626667991833,18.7832163708036,19.0757411145329,19.4086534427732,18.2233839214471,18.5252940329887,18.434447082201,18.9940575610922,18.6215060933743,0.23443811330781,0.333170485759768,0.984534738947309,0,0
"Q10713",17.1389837852462,18.0632596437961,17.0167295230828,17.1238157664895,16.8711080295947,17.0076642623647,17.3128899110749,16.8581988570783,18.028899240114,17.4633361747294,18.6181994129203,17.9616427347081,17.8375645165602,NA,NA,17.6389310326765,18.1559113537332,17.7530680995509,17.8651764158154,17.6969909026436,18.0336307289448,17.9076283417794,-0.0971320777781095,0.804337576099131,0.984534738947309,0,0
"Q12797",15.8641220789408,18.8335991423947,19.5100058165349,19.6734294891313,19.2312973855891,19.1806464695665,18.4330420796735,19.2007003769234,18.9831794479093,18.8072925609344,NA,18.74323382601,18.9256198596922,19.1676263755916,18.9564106165339,18.7557432784709,18.7423340515686,18.7856684279122,19.1808874725618,19.5991464756002,19.0270431903906,18.9487637613,0.494319899376752,0.401049071798744,0.984534738947309,0,0
"Q12846",14.641640415597,15.0439104968942,NA,15.451024787188,15.4906216300611,15.2526981743352,NA,14.9089795351909,14.6667675898796,NA,14.6331150902806,15.1769194701455,14.9821520908752,14.4222263528689,15.0635954556068,NA,14.4224091315395,15.1851566862073,NA,14.936023307398,14.4948239728968,14.709087297212,-0.138914117352147,0.678331634224993,0.984534738947309,0,0
"Q12849",18.6780240773005,20.0500939454981,NA,19.359319052397,19.4278322805028,NA,19.6691953839468,19.2642831158324,19.281748526749,20.1432528049939,20.028105117539,19.9615153173719,20.1678156997627,20.0386201237564,NA,18.7871340154889,20.0496854172872,19.85375768507,19.6036763850885,NA,19.4942231466259,19.3743400796907,-0.462856511295577,0.277102230019298,0.984534738947309,0,0
"Q12904",20.4092024088311,20.6302210321848,20.7159805662022,20.4173390850012,20.9431914606701,20.6578831842643,20.5235934061228,20.6936012434166,20.7436372542473,20.788617270336,20.6375757078931,20.6794799243487,20.7036033884558,20.6603310539948,20.7532989792454,20.8885772154287,20.7385054854068,20.8605151272928,20.507479762231,20.4341403568368,20.7189994306263,20.6920044668818,0.0347570629059923,0.821150593281398,0.984534738947309,0,0
"Q12906",19.3279526042316,19.6061289424598,NA,19.9421854686628,19.9502397506043,20.6579434579408,19.9287241361796,20.5117425534864,19.1111660796402,19.3746275353688,19.4138665962366,19.2290729669471,20.6553737941299,NA,20.2121205923836,19.1746026760707,19.8884807376162,18.9643315394432,20.1954432600296,20.3397905668286,19.4673489027239,19.8651020962919,-0.0629298823559665,0.892438062349223,0.98557992575105,0,0
"Q12931",20.9759198778203,21.5986584324898,20.6060550628831,20.4220522253434,20.8419568286292,20.3665174975467,21.1922631138935,20.6361911013873,21.1447780866879,20.8226463742795,21.4295024858028,20.8200635623008,21.1629420935545,21.0436460858411,20.8202747379405,20.9767451955976,20.8258874106624,21.1527237846939,21.016390675228,20.0023891120522,20.4822438340913,20.4303192175242,-0.229650324918381,0.468576424977842,0.984534738947309,0,0
"Q12955",17.143163029041,16.5168168021122,17.3349195171092,16.5434687800893,16.6306742009815,17.3450278033599,15.986064347408,17.2078053020247,16.8867463465781,17.243823032614,16.6171331942903,16.7529420477234,16.7705217422568,16.5963731703209,17.0159510996421,17.028532301913,16.5958551924339,17.0130802836252,16.7003792569743,17.5078922064662,16.8015871643547,16.7900195089608,-0.301131028889909,0.325583049509654,0.984534738947309,0,0
"Q12988",21.7187728561309,20.9094210712154,21.7089254151289,21.0636002268693,21.1337231789752,21.224760462726,20.5463032034052,21.0647977836583,21.623574431689,21.532644446148,21.1689054226804,21.4777017445509,22.6505014204338,21.5274395207538,21.1327708141898,20.9943671185902,21.2525757859553,21.2696203973483,20.6618425918408,21.1272359833617,21.1210236539049,21.3992650156141,0.258859567513447,0.465573623650006,0.984534738947309,0,0
"Q13011",25.0033034625715,26.0557667350504,24.5993729727256,24.8595723126347,25.80387800243,25.0881667861273,25.5649864256784,25.1090407280153,25.8519280305668,25.4153726627266,26.0130832129619,25.3341275505016,25.6470500846214,24.924713549659,25.375404635187,25.7880806456774,25.4985619838551,25.5225543552937,25.4118093429152,24.8134069908942,25.002149409732,25.2325298510557,-0.158776236936415,0.621960408816508,0.984534738947309,0,0
"Q13033",19.3835288198063,19.0494037606901,19.0999541183402,19.1420998031558,19.3879334673032,19.4200403766544,18.7147590030959,19.5061780909193,19.3677961458137,19.1500285747736,19.49346011118,19.1073899465875,18.9764962491087,18.7542466368933,19.1799307114457,19.2939755369399,19.3457922635941,19.2165496908763,19.5106433886974,19.4940779221133,19.4284590925126,19.4759630440519,-0.1076520673424,0.608519413742988,0.984534738947309,0,0
"Q13057",18.5572253514844,18.3203371780034,18.8389319575349,18.4999619263555,NA,18.3549841367527,19.3470325748493,18.8780550611623,19.1724810410621,18.2287586887425,18.8843874257332,18.4971947952212,17.9910160545955,18.5307288093782,18.7962197171947,18.8015653374649,19.0996552727245,18.6367562867207,18.5771662410008,19.3810439802184,19.1152097673681,18.9497273587062,0.435174507435804,0.146313179648508,0.984534738947309,0,0
"Q13061",20.949098973055,22.3862484127327,21.9826442288091,23.281380476546,22.683832054881,22.052137925096,21.0389954699823,23.4686575368038,22.5460315896541,22.2057841872045,21.9695818557832,22.5695173198843,22.7816162760738,22.6912401772246,21.813363081153,22.4988990609703,22.2227683243564,21.8548522021173,22.5621233181906,22.4025701308282,22.8527411981974,22.4626575463104,0.722298131296309,0.133158937372946,0.984534738947309,0,0
"Q13085",24.3586878212846,24.2013197500955,24.2664099072938,24.2961259232766,23.9836603829202,24.015209481423,23.9829755337525,23.5437847170657,23.6347839189613,23.6594138346576,24.193519984231,24.0842659302696,24.4225397003103,24.3282836285218,24.4923358460102,24.1509557346912,24.1544440416089,23.6651375168515,23.9523635034311,23.4119547934564,23.8546683794803,24.293787663647,0.0662759749817212,0.793552463661131,0.984534738947309,0,0
"Q13098",22.1233878537211,21.5569499411404,22.0890602253774,21.6188050235816,21.7381440301759,21.4652367240127,21.6063784647096,21.5307261709805,21.60532454575,21.509311512306,21.539886509523,21.4456132119384,21.385809619389,21.5999710013781,21.6224870890083,21.5829280051773,21.5980667041062,21.5120592945013,21.5825204461888,21.7192210232331,21.6478923397777,21.5292723568082,-0.0410819403958236,0.812162040363926,0.984534738947309,0,0
"Q13126",18.0207637410768,17.6367000916621,18.783027184715,18.3295832444876,18.7409771541421,18.4155740165329,18.4915841751752,18.4941007600279,18.190509955844,18.1409476898166,18.5506121550912,18.3796642885585,17.7030533115564,17.6865669934463,18.1269281989066,18.6389001979663,18.3271318909493,17.926822194317,18.6813393837997,18.4158897139953,18.4422390702761,18.3363749728569,0.343883247797304,0.221840428927816,0.984534738947309,0,0
"Q13131",20.9370106727412,20.6824480494897,20.590555378612,20.8311071659286,20.6163694978159,20.6835771888716,20.3080467621928,20.5877631942163,20.3296632631296,20.9941198367906,20.7072048385305,20.6436937430591,20.5661526287783,20.5408946499855,20.8371989739157,20.625118541763,20.7740992436545,20.6451866861114,20.281450355737,20.7140587736442,20.6122179429182,20.7840474684493,-0.17689748766572,0.294531915399916,0.984534738947309,0,0
"Q13148",19.8113873321136,20.1305048400578,20.4570828083633,20.4624015484463,20.2208846290564,20.5217096232444,20.2542259654181,20.1282880533998,20.4327319619356,20.075049854005,20.1757654194767,20.3940691594225,20.3452947684489,20.2796061095283,20.5021440088596,20.34024399692,20.6331930805654,20.550953459416,20.1599644705156,20.0491723739144,20.216836610147,20.1936460860962,0.236574983673563,0.192318179361301,0.984534738947309,0,0
"Q13155",20.0586955105728,20.1623998322789,20.450119364263,20.2943169232305,20.6196495623064,20.0836475225502,20.158947980153,19.8873349797427,20.1167455683968,20.2282073875329,20.1363331286054,20.2722769528611,20.2602425311943,20.3462546782702,20.4242808251222,20.201916379251,20.1279974738518,20.2862777171994,19.88798893318,19.7680362880627,20.1131146492261,20.0939084727213,0.00234586066683917,0.98991804794992,0.998338651984889,0,0
"Q13162",19.6017659457573,19.2883562456288,20.1439211240006,19.7789855825174,19.4485600201048,20.0365866463238,19.8396864864134,19.852302226764,19.3446874167929,19.9468707962584,19.3649893420923,19.8620284270141,20.0603757429185,19.8069320127237,19.5138098159294,19.546529363125,19.6057589563576,20.2205959141791,19.9778001935133,20.1608538240403,19.6749794667142,20.0350287801812,0.0388468385780847,0.870794923239376,0.985224662710431,0,0
"Q13177",18.6864041475408,19.6431056181335,19.6478469318923,19.4418389483243,19.8183152490985,19.5321073346233,20.1313759968625,19.6318151839284,20.0051347882886,20.1521433599768,20.0779596657588,20.0967257306027,20.0470215859306,19.5291550910419,19.8793760009622,19.7277689938466,19.6294856727028,19.9623020108169,19.8617919679438,20.1492690572081,19.4080858657886,19.9741406327309,0.0574223953430746,0.8444629882138,0.984534738947309,0,0
"Q13185",15.1257319635533,16.0908002439896,16.1302102333079,16.005979743243,16.0738334913449,16.4098974734085,16.1423927344945,NA,16.023071145838,15.3869721051025,NA,16.0821876153126,16.2226510402245,16.0174976193135,15.6185263145399,16.4814729637209,16.3873187853833,15.2011524259703,15.5810365572283,16.6579095189361,15.8839989944267,16.0235363659402,0.620656698647409,0.0783874394772718,0.984534738947309,0,0
"Q13200",21.4406298879739,21.5692017871573,21.821286332915,21.6570739552638,21.59897383997,21.8578627185178,21.44394665767,21.915326278717,21.2983171010788,21.6365767255064,21.4894619667958,21.6112875159015,21.7311377788239,21.6283291826846,21.4945624612198,21.6192028360434,21.7000464307246,21.604982100573,21.524302791635,21.9498437935196,21.8110585880518,22.0028837186904,0.133937656254961,0.451373684213071,0.984534738947309,0,0
"Q13203",NA,17.5782132134656,NA,18.3418099966745,19.116702319871,17.2717188115826,17.7134762801574,20.6241846952781,NA,18.68621130578,20.1011796218005,21.5629589256133,23.0066804530315,19.504304120831,19.8814435147407,NA,20.0356174421542,18.9990094495079,19.457144383412,NA,20.9430590168248,22.1893740174986,2.44001671944888,0.0167936660938468,0.984534738947309,1,0
"Q13228",25.1251870367125,24.8489090708387,25.0834673263251,25.2441652035347,24.9735447820492,25.0139019960738,25.959186933295,25.4115857765193,25.1981456579376,24.4130272431522,24.5839908461143,24.6557538588989,24.3051490429059,24.4828838675601,25.1265474122951,24.7084782209746,24.6181917697146,25.5775195755817,24.8099629306516,25.2324555781921,25.1891269581959,24.6000922773986,0.186474832190825,0.490147313000304,0.984534738947309,0,0
"Q13263",17.1270071839511,17.6311697074763,17.6819084256363,17.7666074578349,17.5642836824162,17.7835543306689,17.5789702603473,17.9359305513101,17.6504163140391,17.6505878222959,17.4155578669155,17.1973615731283,17.8273711952938,17.5509763554042,17.6159811937745,17.4960037598873,17.783400298184,17.7196848930605,18.0894349742064,17.9568962394001,17.8386914063197,17.1528777444289,-0.0432372320825891,0.833877344870375,0.984534738947309,0,0
"Q13283",15.2644406003208,16.4497496984328,16.5419535955235,16.7633592408201,16.3625815602143,16.9148759955383,15.6381466030149,NA,15.9913672667781,15.6078191233234,14.9962309345038,16.3914854191127,16.9248809879261,16.6072303937312,16.3254086374437,16.7933843853925,16.5523947523277,15.9316651408521,16.0360906491177,16.1821943979887,16.5778041806464,16.7960496960864,0.753461012656484,0.0668826543816923,0.984534738947309,0,0
"Q13310",19.5994699794042,20.5735812824486,NA,19.9014301348986,20.7794280489371,19.9421519527988,19.8518856110029,20.030971579994,20.9596464070946,20.0006134847094,20.8120797989884,20.7037547796254,20.8240617993415,20.5586990480417,20.420919467638,20.7125701193125,20.6266409698675,19.9057214319666,19.9410246525959,NA,19.9333252546566,19.9215526888125,0.139473145604537,0.713763494958947,0.984534738947309,0,0
"Q13326",22.3907270496615,22.2708568976373,23.0117896390834,22.9879429389658,22.3165814630185,22.7508699233714,22.6586231564952,22.8894198935106,22.6481907762046,22.5126545568186,22.5753477649734,22.5944076135595,22.2988975105034,22.6224707304039,22.2268412590951,22.6618656180084,22.4895234958228,22.1041549543781,22.5232377942616,23.0090820451046,22.5096580933835,22.3488119766119,0.356390366271384,0.0837390715761788,0.984534738947309,0,0
"Q13347",19.1136298935745,18.7938926752429,18.846516493693,19.2722199474774,19.2931744589691,19.0278130515071,18.1816623838869,19.240170211629,19.2001673554246,18.9844468268984,18.9243593506923,19.0888321066325,19.1730832595339,18.9997431470811,19.1598272649296,19.3182904831834,19.0488499259734,18.8402014388521,19.1828236340321,19.2048755836366,18.9542737640964,19.2290450929872,-0.0168372060303419,0.938007829888064,0.990192879028667,0,0
"Q13363",19.3482107070718,19.2972850122359,20.1349406178846,19.6192529464541,19.9669729415229,19.9414180963723,19.9398956278672,19.6583625057046,20.0769432610353,19.7441671098866,19.9590785808734,19.9068192633719,19.6969247900306,20.1380290354013,20.2280740285929,19.9908871792092,19.8610990462664,19.807689052289,19.8131502628179,19.979575539655,20.208559473688,19.6995259036785,0.0770226094182007,0.713060704054876,0.984534738947309,0,0
"Q13404",23.0133714083761,22.4978819866021,22.5912780767685,22.9305332556831,22.2863574884679,22.3925180051622,22.2504923550789,22.289774025186,22.1845964238387,22.559558782899,21.7423866372279,22.6516220658579,22.3206595408024,22.5127007733996,22.4081010318326,21.8800597209913,22.6405376564678,22.0984444300064,22.2041336840733,22.5011710412516,22.301981587116,22.0624621787723,-0.00136729125622637,0.995791553293191,0.998338651984889,0,0
"Q13409",20.1437464931606,19.696616196015,20.3224058005436,19.6211699709987,19.8436089105605,19.9921927208668,19.236369777335,19.9957040244743,19.7333065397412,20.1068539807853,19.7637394591515,20.0194121130188,20.1427594617442,19.89008475503,20.0745636094001,20.0255289576207,19.957117109439,19.8154168025682,19.7280290858569,19.8319583616885,20.047542887064,20.2885390443587,0.0694710018274236,0.736176884226216,0.984534738947309,0,0
"Q13418",20.0945656105047,20.2895259023489,20.4136131987125,20.1775881282197,20.2474064107895,20.2915624398373,20.2434090949815,20.3542379317343,20.4090917030518,20.3666074799927,20.3253245659043,19.95613713172,20.2630308357892,20.3675159375933,19.9601653047216,20.5770804830143,20.426177228084,20.2714037375085,20.3406053190315,20.5402059914072,20.4474712602365,20.1406960746558,0.0562088539745922,0.733142993869191,0.984534738947309,0,0
"Q13423",25.4667284320887,26.5848707547764,25.7421101675158,25.5755615413711,25.8319811622134,25.7102261361623,25.9569708406584,25.1793094739971,25.9079488334216,26.035272133819,26.0471685597785,25.8627295297536,26.1991861149763,26.105555563131,25.8855982366851,25.9152865290177,26.163061134288,26.2256553370382,25.6054923845751,25.3544445238435,25.6071224679603,25.8043377635323,-0.183722977546836,0.488595922375992,0.984534738947309,0,0
"Q13424",21.457985987106,20.3457604798895,21.091112441476,20.6425928260467,20.3871261725746,21.5067537864064,21.4439292594692,21.0449629949626,20.8536501196616,20.9708886481747,21.4319117990704,21.2176685067752,20.005385415061,20.7698230631492,21.3075749423727,21.3016536377165,21.3522353764636,20.9534047263699,20.9703552599863,21.3734657874242,21.1364481411358,21.1582665026107,-0.0478034431136685,0.887796730851886,0.985429799208273,0,0
"Q13425",22.0835603664539,22.2928665031081,22.8489618571494,22.6763256127562,22.2529881583043,22.7450269212473,22.8363018285267,22.9126277488659,22.5386340786958,22.8296884126646,22.9402876581312,22.3462199955401,22.3587851143083,22.7259884907144,22.4118650310889,22.5321118287578,22.9439295950991,22.6135383497115,22.5696741760244,22.8928247965335,22.773154682496,22.4817894152007,0.168387491633059,0.436650193529109,0.984534738947309,0,0
"Q13435",20.8170702071095,22.2472282929772,NA,22.3772872999209,21.8455426114895,21.6359806260626,22.5354037420616,21.690871728394,21.7916427951642,21.7074042488705,21.8995220652502,22.0649572453139,21.8696322353989,22.0874046701951,22.193482779608,21.7519738254721,22.1075294667727,22.1254066792917,21.4887319979907,21.6932825084732,21.9245981613712,21.2069974555896,0.31351740168979,0.336890358159476,0.984534738947309,0,0
"Q13442",21.9288639678837,21.8246764079813,21.7436489358069,21.5564748676799,21.9201317943454,21.8933015855668,22.0628084641045,22.2683142549788,22.1424591408076,21.9931183144762,21.8897094113566,21.8601253733102,21.9638578615471,21.927216954415,21.4816317767347,21.774120331669,21.4880822789062,21.7871803485104,21.9748444772752,21.7254489179206,22.3381579052404,22.203932466612,0.205222426983536,0.31866281778995,0.984534738947309,0,0
"Q13445",16.2113508474255,15.7802774775247,NA,15.8553726253967,15.7815712724131,16.639378398716,16.8081738001668,16.1875685867011,15.9692353586422,16.622906169174,16.1594754132531,16.190078003724,16.330083500863,16.0089764573778,15.6911888043639,16.1461403787952,16.4349443236655,16.1681348220758,15.8817329061804,16.540995648479,16.6845258657461,16.7317952954921,0.366285655898789,0.206908622822937,0.984534738947309,0,0
"Q13451",19.1780405561373,19.5479969733853,19.8914967115983,19.5271583921761,19.7045247904688,19.2053891819255,19.3780902764689,18.9081497215669,19.7484282994711,19.7635631906047,19.8199491556632,19.4508467598991,18.5091585833067,20.0660961923068,18.9773860873932,19.539186946814,19.3587989157781,19.3311895484287,18.3077250386368,19.617434925342,19.7874036566992,19.4278839547761,0.0396674833494828,0.909922950327941,0.9892707047733,0,0
"Q13492",NA,15.4908360966634,NA,15.3020965665605,15.2387828490968,15.5014405729769,15.7090164788601,15.3501831951916,15.1806115902457,15.7666781324983,15.5792400383587,15.3568304054677,15.8301868891333,NA,NA,15.3593316933441,15.4963083208625,15.9100814838263,15.9149214016551,15.2708136614493,15.435575226209,15.5225725369129,-0.323661404329219,0.171694195497836,0.984534738947309,0,0
"Q13496",19.4310495254406,20.3225139361647,20.0047239563191,21.1377781916946,20.8029546622919,20.6394215772278,20.3839825986927,20.2339279902949,20.2218064710714,20.4098157351543,20.7023548693115,20.5803609948811,20.3020425174739,20.6162407007223,20.92820990623,20.5807806802554,20.310212847326,20.657596810685,20.2952326521427,20.3933386537243,20.5686858641499,20.4126527287193,-0.107242348550514,0.712683522707624,0.984534738947309,0,0
"Q13501",15.5256234171813,15.6879206894077,15.7539554110336,15.851516721589,16.2770489142245,16.3661217566526,15.9855477910928,16.1530677113224,15.982582925712,15.909339448432,16.360926152042,16.0152828589664,15.5994381775864,15.9402583619932,15.7618868470626,16.7154815281891,16.1305724153306,16.0090341149713,15.648646475006,16.4658673240228,16.4390242240621,16.7723669486405,0.237726450011294,0.395691263246267,0.984534738947309,0,0
"Q13505",18.1266908857197,17.6899369171511,17.1108683150524,17.7900486665278,17.5483246144179,17.5157220533229,17.7070721309909,17.2394941239564,17.7674283973804,17.6463842925485,18.0307573754144,17.8490819678904,17.7211923551703,17.7244165150416,17.6462039938887,17.9500203602769,17.517431328474,17.7166204781284,17.3728321577927,17.4686573000948,17.9022170282602,17.4459783813077,-0.0914128817401405,0.667174650258307,0.984534738947309,0,0
"Q13508",20.8115763206878,20.3715977613459,21.6614346880798,21.8154365975959,20.9732357654721,21.6739269584154,21.5326785012329,21.9419907830839,21.4367040280434,20.8463782752477,20.9876824411686,20.4619246476469,19.8161908426505,21.151802819175,20.9147144947524,20.5807501973212,21.0393095440389,21.2244223808476,21.3524302657854,22.0716671693487,21.6548674271742,19.7578707939449,-0.0576058513014139,0.881916773579534,0.985429799208273,0,0
"Q13510",19.5590476482503,20.5416514421656,20.0827245228194,19.7741939653857,19.8791274491457,20.2743991152313,20.6548941211721,19.3777825148654,19.9393902973234,19.9138782554799,20.2629157046836,19.6757199199804,20.7778152874009,20.141925975888,19.8915001190449,19.9071966749238,20.4926376795573,20.485392215313,19.2557237886998,19.705576611735,20.2798489224316,19.998548313776,0.186564539362699,0.565068073875346,0.984534738947309,0,0
"Q13526",20.7743277974284,20.7873750043212,20.2497713606327,20.7954118227637,20.8472742987958,20.8612442215161,21.145579281132,20.9363277650921,20.4951416740682,20.9590087654293,20.1227574275858,20.4802306580271,20.4512212864551,NA,20.3216660379019,21.072677663814,20.6177294073493,21.0568186380453,20.6360422118204,21.3380399068475,20.4908672393691,20.7204090835098,-0.190231180119824,0.500740336315005,0.984534738947309,0,0
"Q13554",21.8381684764496,21.4989357498602,22.09058133667,21.8294603998381,22.1401627180649,21.9487391266472,20.235224031226,22.0519388618485,21.8200650356232,21.9576847498777,22.049094938049,21.8341587219503,21.9556915212845,21.8928406281236,21.861475139863,22.2197977715278,21.9124571485021,21.7840658776732,21.815456429618,22.0290285262237,22.1713223220957,22.0617250784065,-0.150724919789397,0.632904890877343,0.984534738947309,0,0
"Q13555",21.1801550211035,21.2289285070321,21.762330868275,21.6132997435908,21.6332215168,21.400441986231,NA,21.6132816934676,21.4612524925255,21.358990756048,21.7865692306819,21.3717604626184,20.8483224917691,21.7488040333548,21.4234762632128,21.5286968920412,21.528684902462,21.2119727774413,21.1476175463275,21.5323122249658,21.802415786165,21.5600683817992,0.204105608015659,0.363938973547606,0.984534738947309,0,0
"Q13557",24.2138180030219,23.6662865387321,23.8534434835726,23.7540740190078,24.1697922928354,24.0559428931462,21.4004358306056,23.8543601109523,23.7343925366725,24.1950847208883,24.248907948222,24.4540741657732,25.0410405519899,23.7587085114611,24.4433966034675,24.3023901255693,24.3591992513489,23.7411619048854,23.8517227944855,23.8886725973461,24.2385030155823,24.9683009935733,-0.148445335001767,0.736611323439152,0.984534738947309,0,0
"Q13561",21.3104426025397,21.5416050906158,21.4603400720032,21.4989060782652,21.5561767604891,21.4134984464205,20.8351807370274,21.4386113611528,21.6901029595687,21.5781911213997,21.6906872938321,21.6496129297764,21.7444798035136,21.4128714765007,21.4483986531457,21.529677422956,21.4233557163894,21.5313809823715,21.5005527934802,21.7120434899206,21.4613635104478,21.632453163593,-0.0780310322504043,0.658675702497376,0.984534738947309,0,0
"Q13564",19.3884525497831,17.7690917080404,18.0540357236099,17.9234188194946,17.9523923259778,17.8151591038663,17.9141246248752,17.819707596586,17.6956852480318,17.419088117141,17.8481429831031,17.679197671076,17.3034629972245,17.4858795294846,17.2593547310475,17.380907578102,17.7344835982364,17.6858824194206,17.6741634242143,17.8730797499851,17.804376004576,17.400429613925,-0.195855789106204,0.542924148356,0.984534738947309,0,0
"Q13586",19.8382378251871,19.6350083082913,20.3795562133196,19.8087744372019,19.7112954355011,20.2433443379489,18.8768504624898,20.294380384482,20.0099171483123,20.0594065858884,19.6190454211988,19.6735311000141,19.6571044047297,19.8721662718042,19.7291654329809,19.7172005957266,19.7540319743885,19.8457375638632,19.9862547223855,20.4908895852849,20.3516378329204,19.8634527257905,-0.125843532843575,0.671750506364511,0.984534738947309,0,0
"Q13616",19.0954163015481,18.6927853226889,19.2243653033232,19.346901653316,19.1686137706279,18.4909634625721,18.8363832730318,19.1074080631123,19.0310838349049,18.2681076872614,18.7733731961182,19.1368400034833,18.853620617565,19.0119086431731,19.1179139611817,18.4231637441785,18.5436000795648,18.6441518313297,18.7531489160367,18.3946914825367,18.9527969266319,18.8425714252384,0.368754301326984,0.129075295400451,0.984534738947309,0,0
"Q13617",18.7717176671753,18.4018609089342,18.312594196061,19.0952127615014,18.3769333250586,18.5064500780841,18.8039600010167,18.5297457740453,18.3381222783916,17.9683860448922,18.5475880732738,18.6842363021482,18.6740796773555,18.7181508680969,19.0812168692256,18.2741786810151,18.0674952208435,18.556902219738,18.389479063463,17.9882372342223,18.6324069916457,18.789384505605,0.160603964786532,0.538886705039463,0.984534738947309,0,0
"Q13618",19.3606531275243,20.3584133407005,20.0728537747115,20.6160187550332,20.4696108972185,20.3004546321483,20.345125056328,20.7691813426849,20.5144575058387,19.7974898042734,20.2419676622989,20.0793258587947,20.1932444554546,20.1805940760188,20.2779015037662,20.1388442140409,20.3284698716188,20.127515637186,20.5982977462248,19.3852169129839,20.2359764436359,20.3440316326172,0.48150594701632,0.0886678395014353,0.984534738947309,0,0
"Q13619",19.2487367079328,18.9851422284763,19.2927687420737,18.8447355599894,19.1376647152848,18.9390243645502,18.7973955836403,18.9734789137761,19.2754363090796,19.1650891663786,19.1388546383949,18.778778646511,18.7773698781764,19.1344701146094,19.0296216412595,19.2071227533631,18.7755190140863,18.9617314953984,18.989662673813,19.0515576466953,18.7300450217043,19.060511335924,-0.210839887852046,0.204386096411651,0.984534738947309,0,0
"Q13642",31.2463080657538,30.7291781118736,31.0544997581881,30.2896684472845,30.9169059375082,30.865998224922,29.9716935465146,30.7881115287674,30.307601691291,30.6916760469245,30.5529844697336,30.9402950830146,30.8962838186712,30.6757900704173,30.5873902144107,30.9708940871404,30.6499236170311,30.9343934957429,30.6411894845346,30.398885886442,30.8503118480581,31.1748416838248,-0.0852982890629299,0.71421550184683,0.984534738947309,0,0
"Q13643",24.8531680063438,24.2685085873661,24.5709757451167,24.46711796386,24.6045080116862,24.5248732013215,23.4734944016463,25.0107455354426,25.2705275743117,24.3578179885287,24.6866200688153,24.5273764611203,23.8742491537466,24.484295601138,24.7163350546461,24.8449525269662,23.8957585637474,24.2832582156875,24.3916260048423,24.4260269683721,24.6581310532006,24.1010822990529,-0.134060425899666,0.683763047810918,0.984534738947309,0,0
"Q13683",18.7884302642439,17.9247392741179,18.1669732253586,18.3322034733042,17.9680820073702,18.0776363595382,17.7036294746236,18.4086027850427,18.3471588212703,17.5495243143307,18.0267505174248,17.9320451429326,17.9272291318048,17.9073516285254,17.8486321381858,17.6100434569808,17.5193809031853,18.1302009377085,18.0232827368002,18.2460146374208,18.0288844588731,17.8182391727021,-0.089272938232785,0.710410320201764,0.984534738947309,0,0
"Q13685",16.6953306826737,NA,17.3268381840767,15.9535348349976,16.5062224400707,17.2722526285452,16.3488230926304,16.7930594377649,16.9508759342928,17.0048850154676,15.8884469936531,17.0567319567325,16.4203242116509,NA,17.1182752440989,17.5700567375283,16.7148025722972,17.3287890677418,16.4211673000043,17.4867739658081,NA,17.5868211596914,-0.0147510390957528,0.973046397551565,0.992413451155214,0,0
"Q13698",18.9325247543899,18.7655514662743,19.8510025032929,19.2188185593525,18.9692440781861,19.415783799884,18.4488254818382,19.4565811333028,18.9666000579664,18.6170609017989,18.5884281289726,18.6089578989496,18.6402490306839,19.1782816136661,18.9298627715011,18.7519007176685,18.5651296883416,18.8708582565443,19.3987546255583,18.9017431463364,19.0763677917575,18.6629603830141,-0.0313724720857778,0.907015308312233,0.988034391219199,0,0
"Q13724",NA,15.7158700854423,15.0783707937477,15.918844923647,15.9422642719228,14.9634696715192,15.0451476418841,15.1992354398319,16.1436628355559,15.7958472362529,16.8212949832371,15.847765579338,16.7392826802569,15.795718511608,15.2535847560691,15.6253964853401,14.6918866289283,14.9589869314394,14.7284330630389,15.7317977956748,16.0193723058606,15.3291074833867,0.0420728515145914,0.928347958969748,0.990192879028667,0,0
"Q13813",19.3005294134653,19.3283112386529,19.0134927932253,18.9590187691938,19.3401255578937,18.8512705797207,19.1761972584233,19.3712726404674,19.0111432368795,19.2895964134336,18.8708316884167,18.8783602476406,19.9365025502437,19.3329839132091,19.4843195029372,19.4160815032688,18.8232440510338,19.3724330941044,19.6737282107052,18.7230045019951,19.3540730212155,19.2155332430601,-0.10388061747242,0.682012745761681,0.984534738947309,0,0
"Q13825",18.8887586528671,20.9071732663818,19.8463842720971,20.0891526727361,20.13966427848,20.1360919081042,20.8269457618987,19.9654807877291,20.5701416481592,20.5206146366862,21.1043094463166,20.4679903810532,20.2676656826633,20.5047413702633,20.0290387136242,20.4396657248232,20.443986371872,20.4875907755706,20.2105182130157,19.736655279691,20.3937695019851,20.1873191549135,0.149876262836852,0.699104677753471,0.984534738947309,0,0
"Q13838",19.6817637665032,20.1716818050546,20.0385542503288,20.2915066978727,20.5622287590205,20.1431048954263,21.0527739897685,20.5313395120258,20.7555739800319,20.2984928882985,20.1797559361375,20.1068477040262,20.8594231631559,20.3478200131892,20.0126222271791,20.6693640588197,20.6504812992876,19.846660290118,20.5219717063089,20.6249980833205,20.7280311144564,20.605176127811,0.693517791501755,0.0131877347762186,0.984534738947309,1,0
"Q13867",19.9259590722503,20.1703794038363,20.450991513422,20.4095123772531,20.3532354215801,20.5526376707715,20.244985973171,20.5960327786105,20.4599435836434,20.2328770341249,20.0869141560944,20.1515111313344,20.0479260766415,20.9790030060156,19.891551656044,19.8825153971016,20.0892430780984,20.0244997091042,19.9085953393043,20.6324598499089,20.0142792440974,20.0218139515303,-0.0407143134976842,0.859206143153866,0.984534738947309,0,0
"Q13884",19.2191870254767,18.9926853755762,19.7827089089219,19.1982818679988,18.5490718025038,19.4803187143999,19.2520160319353,20.114728588293,18.6683874632774,19.3773785494268,18.5317851864203,19.0344017598505,18.6440943250269,19.5335395404573,18.6086734636199,18.829404008008,19.3078765459039,19.1959012250546,19.9892377769892,19.98726236876,19.5064481712665,19.0155396401219,-0.0284753368286239,0.937733119483268,0.990192879028667,0,0
"Q13885",22.581136889213,22.5566057114713,23.3253801170988,22.853450975496,23.0465924617351,23.158762904391,22.677679760458,22.8671958398242,22.9752367446199,23.103342558441,22.6276132938955,22.9430821377327,23.3841296302861,22.8545921309172,22.8784844228756,23.0332213695732,22.8728807035017,23.066280263208,23.2327715077151,22.9444181683446,23.1706776676824,23.2382273236408,0.205840224432276,0.317724750745477,0.984534738947309,0,0
"Q13907",20.8661851332196,21.4082945686769,20.6767075540285,19.990793207746,20.9468671673792,21.0266830979592,20.6921278693288,20.3725322378273,21.3297390477865,20.3365609246902,20.7390539547082,20.6656650491908,19.9170591532718,21.0076776338656,20.5873975342961,20.4729944113816,20.8346701960003,20.6370646720284,19.767663933143,19.7540450475645,20.8289869271012,20.4077727308978,-0.104472510634388,0.767702766387558,0.984534738947309,0,0
"Q13976",19.9221096800764,18.3919267689182,19.7924473704311,18.8346072009278,18.4622538036316,19.1973423688693,19.0197869389788,19.0358620951053,18.583246418256,18.0179908806311,18.8810624816281,18.5072867501497,18.147035639973,19.1185413791296,19.0571139932032,18.163246134976,18.6983763108137,18.4623413491428,18.7972562509817,18.3589514254143,18.9648412713619,18.7043633368241,0.0130930352227807,0.972093555042297,0.992365658656292,0,0
"Q14061",21.8591985452792,21.046784943535,20.6218654375968,20.491785460192,20.4603924795911,20.6707951148856,21.0851990076399,20.5361855333372,20.5542227913836,20.7394922778998,20.8381928512099,20.9364773838246,20.695814697368,20.7315901365471,20.6497092937707,20.4669277478996,20.8677680421677,20.9915787369246,20.8188277169621,20.5384268347524,20.537980216681,20.6562149759624,-0.330453755844395,0.198832399964139,0.984534738947309,0,0
"Q14103",22.2790495092128,22.371927628813,22.295762295724,22.6635401313608,22.6011555140189,22.7573129658728,22.6158169460855,22.7174733204349,22.6736271856199,22.6055197906721,22.4080111829108,22.2877801270599,22.5733383457898,22.2615039792641,22.2489678716272,22.866459986276,22.6898982170326,22.2537529137793,22.6255310538475,23.060226663341,22.6736696328443,22.3865856545049,0.179040041474387,0.385705669357905,0.984534738947309,0,0
"Q14108",18.6135839410187,18.1268044022313,18.9969837839497,17.9121108689972,17.6532419063295,18.3359618091128,18.8537660441661,18.4773561674245,18.2630311695712,18.0345807461519,18.1661978025874,17.6341076750217,18.0806726581072,17.8008613753169,17.8494326027416,18.1703395148481,17.6867744781016,18.4474548558498,18.4801950309628,18.5491257319329,18.5191053249896,18.0861405238926,0.149697282049157,0.615095693565854,0.984534738947309,0,0
"Q14116",17.3928492349126,17.1788269985819,17.073919713777,NA,16.9988252814498,17.405674613242,16.3426828135973,15.8012040593514,17.9463106716487,16.8713388212064,18.3815422062602,18.0581491108571,18.3426105106484,16.2097789888093,17.7469786114112,17.1384703113726,17.9873916507843,15.2848771609243,17.6629337946258,15.6168794465144,17.2101326532978,18.6793792327104,0.843940498849335,0.197709752955565,0.984534738947309,0,0
"Q14118",22.5135807446957,22.0153231347846,22.5733450733994,22.5029297887763,22.2484147108099,22.4251663839318,22.1910855375246,22.6525816813294,22.4111586194727,22.351612422959,22.4538797520871,22.1259809205918,21.9058590251677,22.2320145709628,22.0542757268194,22.5722822434097,22.3952123337121,22.0189388966107,22.2464159615464,22.6474542268713,22.4131425204766,22.1347216070496,0.149603847061581,0.441140475372625,0.984534738947309,0,0
"Q14152",20.7507509867691,20.5445904764218,20.55102845185,20.7499280237204,20.9361177744082,20.7505441945999,20.0302864573841,20.9092500137925,20.9763819349794,20.7029675335776,20.825687726799,20.8146873452338,20.7907274063015,20.6146359711616,20.7839401519939,20.8467147209245,20.8426419649764,20.5850616685345,20.7686076054479,20.5560867523702,20.7396957246615,20.8370107313405,0.0418450799207726,0.819098574057825,0.984534738947309,0,0
"Q14165",20.9953057270272,20.8426698365385,21.0169113447706,20.8310056774899,20.8463364115464,20.6168928170964,20.5582518196025,20.8227590140027,20.7488008356902,20.5748596562128,20.6123119671143,20.5325135881552,20.519804779641,20.6304894311395,20.7005127509569,20.3879353382162,20.5471782805622,21.0132116753712,20.9123924582021,20.6634337673191,20.9053556513534,20.1714238292936,-0.225823103005609,0.218864403076567,0.984534738947309,0,0
"Q14195",23.5177553024453,22.1540903426946,21.9858688818063,22.7202674272886,22.8115406113765,22.9370088134939,23.0080023105934,22.3186504509769,22.7460667927143,21.7240691563033,22.8213353184138,23.0381041511183,22.4513147588611,22.0191819330351,23.1337852444975,22.6735618466667,22.5910180731294,23.0323793098695,22.0637994173336,21.1305959585766,22.3922937940986,22.4627216061669,0.22035858089907,0.60932437253251,0.984534738947309,0,0
"Q14203",21.114491754414,20.9041509541591,20.775943273439,20.6295173144387,20.9030841371354,20.8185510281801,19.902006102388,20.8370401250059,20.7939773970565,20.6810981996097,20.7205324951531,20.8470649390977,20.9966787352246,20.4948807118302,20.7519426205467,20.7626172374989,20.759627838111,20.7415516483362,20.8210775313058,20.6808033817782,20.8234784519612,20.904205245524,-0.118393689832761,0.544451936874956,0.984534738947309,0,0
"Q14204",21.2088927575514,21.0726567456692,21.4390280955515,20.9281106957716,21.1424679336459,21.2366063790446,20.6272793613445,21.1487119544481,21.084038831501,21.0707248160147,21.2030146802475,21.2168019370222,21.523991394326,21.2336630134568,21.3422179784848,21.142129778308,21.1361639089531,21.196023367997,21.2526444801566,20.8295451019483,21.2340511310761,21.6670796075467,0.0389240734911205,0.83777090508683,0.984534738947309,0,0
"Q14232",NA,17.6694851856309,NA,18.0920345507363,17.8576244235843,17.4344530651736,17.533699131955,17.6171103245692,17.3989156984719,17.5490403057622,17.5900007405374,17.3806408564765,18.2045733761859,17.6688587020777,17.8528932541613,17.3291725588626,17.799715841678,17.3769381412723,17.2874285085596,17.3516013717425,17.8124010820429,17.951342970114,0.288586364060162,0.24151491766706,0.984534738947309,0,0
"Q14240",23.4090037461697,23.83902056148,24.0441886017089,24.1434972425251,24.2906652603458,24.3025691233836,24.281028207809,24.2927546543708,24.2999037542207,24.4835642136361,23.9093907604732,23.9975377545209,24.1915566974851,24.1830007076328,24.2404618851088,24.0334429306623,24.256929892664,24.5222938934068,24.1550434822911,24.7551188487561,24.551288031673,24.3493714640602,0.0320762462839888,0.8874059213612,0.985429799208273,0,0
"Q14249",20.1211172467609,20.295265792044,19.2094742766494,20.0227315162803,20.1563933043654,20.1563525720764,19.6676179438944,19.0414826405364,19.6152885362191,20.7411004979778,20.0167050410948,20.4316667696036,19.9312575840135,20.3868845896472,19.8469499284363,20.1948345530825,20.4474572431598,20.3684815384156,20.0050165275373,20.3469152824525,17.9341943362822,18.1705316659544,-1.409029307619,0.0111698863627185,0.984534738947309,-1,0
"Q14254",18.0479223132406,17.9347215235152,18.1746699192383,18.1054617631466,17.7074014194289,17.9496580095646,18.5911129556582,18.3117296736004,NA,18.3641868186566,17.7628976240304,18.5477245565539,18.1237660354099,18.3255369695724,17.8942284761895,18.2136942751098,18.2946483764392,18.4639120704335,18.3068681035423,18.8439269988059,18.0057854741719,18.1855690150794,0.206237922953939,0.357382485369262,0.984534738947309,0,0
"Q14258",18.3081221782036,18.8950312986884,NA,18.5286927515546,18.2561574928789,18.0003942677539,17.8865985733355,17.8199239512252,18.2532899273608,18.1534596294072,18.0479324167997,18.0732620780923,18.518212937387,18.3196686191586,18.1508694028984,NA,17.7171426460954,18.8336802128735,17.720465090017,16.9333376814607,18.5054678700661,18.1046571003986,0.043943986766589,0.907583488462273,0.988034391219199,0,0
"Q14315",27.7187832855367,26.7395624988668,27.5060051346799,26.2474133165906,27.055937971357,27.3135277911208,25.6225256831072,27.0813397246863,27.4056308544471,27.6238248772051,27.6260121720454,27.3345063955458,27.0633776739344,26.809670782151,27.7846258514756,27.6221285691857,27.2985529995508,27.2472759049198,27.3370773687878,26.6590678757078,26.7979531061822,28.040006774652,-0.38181446008636,0.370052663431166,0.984534738947309,0,0
"Q14324",21.663740635205,22.9773164677014,23.1456071949156,25.1663297820063,22.9433043851742,22.9346118607533,22.3346147509642,24.7036338645928,22.4623905907056,21.3358118932058,21.6322732873156,23.0272762235557,23.7801025388228,23.5678040565002,22.3085768864456,21.6802989742645,22.1054141095777,23.5922819106377,23.8809104047967,23.7754052259467,23.9828822761902,22.8507277864145,0.794126769683182,0.278954087268164,0.984534738947309,0,0
"Q14353",23.672110152312,23.6511492531573,23.9839916689877,24.2385648942474,24.0161829063188,23.87612874635,24.1104157121104,24.285531439921,24.0312817963711,23.5559078412201,23.9421828012466,23.159587941276,23.6651713510369,24.1330074138446,23.7938752225654,23.8005679511427,24.2554076864157,23.5123451037515,24.2907480418946,24.1011688654706,23.929689432203,23.4805266907777,0.0932763981966929,0.686469588147293,0.984534738947309,0,0
"Q14444",14.5968093804422,16.1546361240485,NA,15.8722482020932,15.6690302324831,15.5712731105511,NA,15.9234077693438,15.8501668076229,15.1153675316632,15.1400568306595,15.6956738504907,16.1633031396079,15.3013894490512,NA,15.6290028569767,15.3387494108384,14.6237226988608,14.7529745567888,15.5384518157052,16.204786720402,16.1291991118699,1.30838431964395,0.00214846253071728,0.984534738947309,1,0
"Q14558",16.2970825181466,14.815965217176,15.8520614907387,15.9454451058813,14.953413655771,15.2590828061897,14.523442296187,13.708352427764,14.6891160331838,14.639514490626,NA,15.5326005935662,14.0491157826252,15.4977821967922,NA,13.2763595287367,15.1847456011551,14.9705641988647,NA,16.0769651656184,14.8818784721817,15.0597504123119,-1.10046414894818,0.106711281230473,0.984534738947309,0,0
"Q14677",NA,16.4750099701457,16.9940721399416,16.0290203560584,16.4413483961784,16.6428914389495,15.2730763848073,16.1957940696154,16.2345075575981,16.293830212531,16.027278111975,16.1190461519837,15.5426496072128,15.7346464979806,16.0271199352101,16.6548507354839,16.3672360132322,16.0929995960088,NA,15.7059985485869,16.4908142818241,16.2388372137083,0.115498224885567,0.736014271858565,0.984534738947309,0,0
"Q14697",20.6062086332338,20.0319795680076,19.867207108143,19.7634483517137,19.9610344428369,20.0304321553266,19.8188871378831,19.6471972257854,19.8910102892203,20.1966061896527,19.6443476294441,20.0333768343478,20.3659778179699,19.5783312663272,19.8321418940298,19.8547607268557,19.9691656574156,19.7645669810202,19.5357839841738,20.1113500198648,19.9917470873515,20.0117288270053,-0.00752675112666523,0.969692527611809,0.992365658656292,0,0
"Q14714",21.9518153699416,21.398491853592,21.62200938811,21.709226146192,21.6449993438255,21.5631405158524,21.5946817592947,21.6268120787527,21.8027822203243,21.4405396403943,21.4384822725739,21.4080331128112,21.3729976263113,21.5150113246926,21.3942472459746,21.5057037579581,21.6393699863163,21.1027804723011,21.2776723019616,21.3938047561632,21.429725458312,20.9931779911346,0.15298892109341,0.37272451487071,0.984534738947309,0,0
"Q14914",19.0501885594396,19.0142970829508,18.9190723238076,18.4881989433866,18.8466113956315,18.6774759341959,18.7094333184058,18.0102409999515,18.4181356299458,17.8720556303462,18.8902501932144,19.4974428111917,18.8919370724124,18.7514582273107,19.6774816401585,18.921082489037,18.8670876907233,18.4459144050187,18.814832248083,17.579226434427,19.5027506071158,19.4986503365876,0.326579020648079,0.399188523727988,0.984534738947309,0,0
"Q14974",22.6082489432074,22.4244952933492,22.9069706472765,22.6817606646054,22.4323019037098,22.5641712198266,22.3068761259607,22.7917197079238,22.4159020905778,22.666273233267,22.5998125165726,22.3721940424753,22.9428722034624,22.5342526548358,22.5863738294897,22.3727942190203,22.6463749884638,22.325417352848,22.5496539655958,22.6744209361091,22.6367269545054,22.9120674416222,0.184576556095983,0.311569971816275,0.984534738947309,0,0
"Q14980",20.8488970081864,20.6751202851396,20.8699079756769,21.0166088560985,20.8713266077222,20.7123975476086,21.0009970601717,20.6749385304422,20.8944564558095,21.4667619269856,21.1230556270916,21.1650997910895,21.036011228228,NA,21.1216864976541,21.0697159240598,20.8573001682602,20.9316402347852,19.7211197844736,21.4630864251051,20.8763130753213,20.294428347196,0.0159997812836927,0.961333390003936,0.992365658656292,0,0
"Q14997",NA,14.0946771029042,NA,NA,14.7817016693814,14.5585705618562,15.194664744079,14.0045906184364,15.0321002661268,14.615559808137,15.3807911353922,NA,15.3984698623308,15.0188372101928,15.3923880995497,15.0716677668072,15.0222734344134,14.5181379367666,14.2597080005642,NA,14.4496114539661,14.8233608437731,0.230258478349773,0.592732500613266,0.984534738947309,0,0
"Q14BN4",23.0449801846237,22.4733494232611,22.6153938600388,22.1403979927763,22.4120339354346,22.4698823883414,21.9614782621443,22.5768804086189,22.6054221536464,22.5943605357133,22.7768293601796,22.6294969375882,23.1199318833896,22.2823298761689,22.5230556801842,22.6329171798933,22.1875088876398,22.0771295956623,22.4449111294563,22.5746669568802,22.382111170618,23.1504958278038,0.0546668976710762,0.823961024768154,0.984534738947309,0,0
"Q15006",16.0701840250118,15.9333286521012,16.4178331954901,16.6045846224243,15.9519800687428,15.2643566752504,15.5399453820358,15.8987839163901,15.0343334673578,15.7898393927743,16.2274691197407,16.4554762794089,16.5424862269794,16.7933644987695,16.4029332838526,16.5518161516263,16.1147305823829,16.2210548443942,16.1184450090316,13.8867955077713,16.359756877053,15.6519336577822,0.42108446157766,0.407207834690316,0.984534738947309,0,0
"Q15008",20.6028934029861,20.4895049542271,21.1049055428505,20.1003981167213,20.1785278869496,20.7850069961372,20.8092609568527,20.6371201602021,20.1128733787671,20.1788768160299,20.4495974080789,20.2501545883714,20.4522689773649,20.0581671894181,20.6271258084303,20.2578777793686,20.433996460927,20.8323826900961,20.5632868471436,20.4683553185124,20.6357567997168,20.7010205833239,0.0508260144693367,0.838183311529345,0.984534738947309,0,0
"Q15018",16.7038737662971,16.6968596838588,17.2426365279374,17.1986288654113,17.2921065174374,17.0679614188865,17.2405218982162,17.1533670882477,17.0126187095355,17.0474290428233,17.1143814037481,17.1317797871224,16.8725346387353,17.1148876381469,17.0404011867588,17.2571208984046,16.942882315037,16.7867763969179,17.0879658042467,17.0444039158009,17.0926936154744,16.9462168390541,0.20810367295816,0.20907462474582,0.984534738947309,0,0
"Q15019",18.1685710821155,18.4600065248225,18.3198306831822,18.1715498373145,18.2866676515878,18.2903883681486,18.2285557155043,18.3115301805679,18.2726608061269,18.3698999334691,18.1009585537908,18.1148171825801,18.5603579335319,18.1043821533403,17.6610598426865,18.1963357691899,18.2790914686935,18.3476423763686,18.5406640560014,18.3194444219855,18.2830172068908,18.0654214510642,0.0366116907986971,0.839427943599843,0.984534738947309,0,0
"Q15046",21.6501088553842,21.419413196017,21.6811489524676,21.5848089185473,21.7422310445007,21.5750959533623,21.7489202039316,21.3306364968384,21.2939023959232,21.2528157007711,21.553174435537,21.5028574002292,21.3784103745888,21.4528669177896,21.4758806942138,21.4521285600368,21.3645839231763,21.4371991477145,21.276256690945,21.2126658556937,21.6050779752328,21.0442388729936,0.0159858523845315,0.924701046842338,0.990192879028667,0,0
"Q15056",21.6294231610913,21.2788092709354,22.0011767824614,21.8958130067261,21.7989463201234,21.6113000388386,22.2186606263998,21.4437970481222,21.6217181034847,21.4065641826028,21.5209376719182,21.3772557783059,21.5170789472937,21.8241996066222,21.9824027611924,21.3398150359782,21.2411075902368,21.9075771943792,21.3717467207665,21.1344356578601,21.788144396696,21.0325007735805,0.0338143713717081,0.885176712835476,0.985429799208273,0,0
"Q15075",17.7612988919518,17.1356631631113,17.3021997875186,17.2948832493098,17.3706166859313,17.5128877888427,17.5771920527634,17.4033251411618,17.4162708589874,17.2445469812253,17.2644765324547,17.5736238735185,17.8623841899409,17.2501628031069,17.1120228968765,17.3723345458141,17.3663167458906,17.6726908556989,17.6188630382246,17.4041700456996,17.2736638213723,17.9654717043174,0.174576429582981,0.393208255928617,0.984534738947309,0,0
"Q15084",24.2617251127987,24.1942179799335,24.1774377878937,24.4147377796399,24.5108121651343,24.1475898452033,24.031569563082,24.2779998277678,24.1830850318472,24.5219456043895,24.1286120351737,24.1809773110672,24.9157216640501,24.2157427683898,24.1712673205395,24.263998407935,24.3837496173038,23.8771467728387,24.1394936074217,24.8313525330013,24.1950445747431,24.5024045693845,0.0827976312497007,0.703661341880431,0.984534738947309,0,0
"Q15102",18.6723870444353,NA,18.392499798103,19.5582698839335,19.2248737739867,19.2722647713819,19.3814507295962,19.024832932952,18.4979727863684,19.4678627245694,18.6577187089692,18.7415130589473,17.384074723952,19.0537590697395,19.2430089695026,18.9135305092091,19.4209492887246,18.6712402637875,19.6670846157569,20.3094896824422,19.0035016278931,18.8158803433817,-0.741425338737091,0.115580027766133,0.984534738947309,0,0
"Q15111",14.5366990761004,14.9608770363561,16.4424279726081,16.4095843394326,15.1334505472986,16.1410722047396,16.3654208044282,15.5057689935172,NA,14.7107900405858,15.9274326223396,14.4106938887963,NA,16.8359067225933,NA,NA,16.4396835799319,15.2948542380904,15.6719115527231,16.047965280127,16.1464889695871,14.274147960411,0.289903794177476,0.646449957295176,0.984534738947309,0,0
"Q15118",18.456445949096,19.2610975583671,18.0578896045478,NA,18.6641039312861,17.902272588017,18.6161551227097,17.6969718563118,18.553981351285,18.6817604877631,18.8956332713277,18.7955523974752,18.3554454515799,19.0693076653948,18.9340102569533,18.58068242348,18.8863519878364,18.937865065457,18.2630172653034,NA,17.4114464471094,18.1036287153304,-0.861893702678735,0.0379630600762251,0.984534738947309,-1,0
"Q15119",19.2413668579571,20.4463039060697,18.1134686027974,NA,18.6062906865796,18.258454674957,18.996093937811,NA,18.9632507721164,18.133142072829,19.5977271199857,19.3661166863717,17.9356984947592,18.2985688055023,18.7179142550636,18.5636460962537,19.1821719040676,19.5081770502823,18.6131044087563,NA,NA,18.5307294578517,-0.45317287764605,0.451284610417835,0.984534738947309,0,0
"Q15124",22.2380417302904,22.199257916534,21.4589259638309,22.198291938956,22.4206657195726,22.4616205086918,20.9899659851823,21.9976085510822,22.6717580206848,22.2688718033864,22.6366085506924,22.3172987373186,21.919944631123,21.8717390980868,22.1468044479286,22.532203428237,22.0670361472968,22.2478668095962,21.320753531464,21.9974171145234,22.3110623122872,21.7765990711984,-0.270426425323677,0.39817077831941,0.984534738947309,0,0
"Q15149",23.6692033849345,23.1741969419263,23.6365185560936,22.6651336635941,22.8777926801932,23.467052884886,22.6233258930969,23.5370282475148,23.5982895612625,23.1967430003138,22.9007397631909,22.9228183756962,23.3464268337531,22.7987858442856,23.7549509045151,23.5390659849749,22.8413585544647,23.354578543059,24.0397377961485,22.9575294705166,22.7833136902213,23.3147842395772,-0.258717490185433,0.448895200691863,0.984534738947309,0,0
"Q15172",16.7830772411158,NA,NA,NA,16.5505800707873,16.7284465363901,NA,17.0437727405283,16.1953165157943,17.1669778520705,16.3978852015555,17.2405186016493,16.6014527214012,16.9831230950312,16.8211797990289,16.3520006971022,16.3368063298133,16.9923547243082,16.5368635997929,16.6164509380237,16.2629236836834,16.9337484133659,-0.256401171819292,0.453364225856748,0.984534738947309,0,0
"Q15181",20.5438627609268,20.5560534874936,20.193951846531,20.2876727820544,20.5455249523908,20.3984113303238,20.6757651169407,19.8830067822316,20.6308645125332,20.1323863686052,20.7092613656534,20.5933443335894,20.4972728810471,20.453276703367,20.4931721447515,20.4288334844037,20.6988161141068,20.4247050475813,20.1948571455389,19.8363748880155,20.1801939607035,20.4489073004222,0.0474196570205478,0.823822593499639,0.984534738947309,0,0
"Q15185",21.8826551129158,21.3661815958924,22.3796132501189,22.0476433845035,21.891386975,22.0004823417157,22.0556406003959,21.6772687335965,21.7523650217422,21.7435970717878,21.5573478250751,21.5695859032215,21.6182878794202,22.1769662629611,21.9311495309471,21.6788095956614,21.6867666488692,22.0247417078128,21.5092051654523,21.7932841861876,21.889344031765,21.4823287656927,0.00934881110645236,0.962516674453763,0.992365658656292,0,0
"Q15208",NA,16.3087291361098,17.5885267119265,NA,16.2814271481753,16.5774175509176,17.5147638401624,NA,NA,15.6960547555154,16.9125583932968,16.450369470656,16.5805395752238,17.2541173682579,17.0733232232088,16.5035881336986,16.4037402403852,17.0064107241767,16.03433109199,15.837185583369,NA,15.6835975736666,0.825350233875536,0.0885156502797509,0.984534738947309,0,0
"Q15233",17.9412091826934,18.3803325878851,18.2409602729957,18.9457612863305,18.2725502717935,18.5646400985294,18.1284532111564,18.6989644607507,18.5215209991274,18.2259260676582,17.8036871601149,18.3230279451696,18.5549210035117,18.5591275133673,18.2604386446086,18.2942113920895,18.5490624995701,17.7320502278023,17.7255575336629,18.6041899141457,18.659695658774,18.607484448277,0.630868875807707,0.0199661964255446,0.984534738947309,1,0
"Q15257",20.5597790518683,19.872636915091,20.2547340784852,20.2926917079624,20.4139617991598,20.0233336930676,19.758044919435,19.3428779221349,20.9116292750906,19.970368205739,19.994689635898,19.4323543535311,19.8232239583116,19.9766624544805,20.0250135936247,19.8356859343429,20.3451234466048,19.6252818485701,19.7028791756967,20.7613246512763,20.2833979693617,19.8757860840656,-0.112769689875691,0.732133347178291,0.984534738947309,0,0
"Q15363",20.2907422256641,19.8927226825252,20.029328631037,19.7181493518336,19.8378518083937,20.0870998293328,19.6686911321384,20.1389841359555,19.9780970656649,20.1222090385455,19.6263323797749,19.7642028934244,19.9900893778687,19.3819135401789,19.3878228454097,20.0719984845056,19.8588000157824,19.6251010066683,20.1372407511799,20.2463217997771,20.2743926896477,20.1371215000856,0.190911240862821,0.406080503729524,0.984534738947309,0,0
"Q15365",24.2018831254797,23.691367426754,23.8883755058467,23.7832096142878,23.8582179466239,23.7548639228681,23.8591474732497,23.7447117578611,23.7603198232955,23.8246275269151,23.6639417210336,23.9045422833804,24.1371025885542,23.8548632864955,23.8208630032341,23.8730196156571,23.9359638129962,23.9446185670063,23.6522006813505,23.7220873273646,23.8368638190878,23.7188629044599,0.0768018208948895,0.607727757625945,0.984534738947309,0,0
"Q15366",21.6073165184753,21.5503346561076,21.5615840458665,21.5973757889244,21.7521997045683,21.5382695235584,21.4543943016335,21.4276190386808,21.5353308327373,21.6705199565478,21.4571401532417,21.8880038383892,21.9967591295523,21.807038649755,21.4291780051181,21.7146199367583,21.6855728010716,21.2926152843686,21.6152847812537,21.4709221974498,21.4504054728877,21.65727262476,0.128395233132814,0.41280603010627,0.984534738947309,0,0
"Q15369",21.8312638296772,21.1217164172294,20.8633550462336,21.167847972317,20.9959413589771,21.3422425505491,20.9952713340566,21.3167247664358,21.1036232672697,21.1706418784343,20.9642311603347,21.1687987195747,21.0086494475868,21.2010106581929,21.0271847448955,21.2405572858144,21.3580914077263,21.3301846567982,21.2279863072025,21.2399961482684,21.3179912470393,21.2066703374093,-0.136787817484109,0.469021324307437,0.984534738947309,0,0
"Q15370",21.3166365341072,21.388989829952,21.5615282950523,21.4065353573468,21.488744540029,21.6722220377494,21.741625685887,21.9104643228417,21.0173356119359,21.3287993576692,21.3738104503396,21.3609542570783,21.6853949310064,21.366312630939,21.1846696748404,21.5292246949731,21.5743054200919,21.2557728894955,21.7453925484758,21.9214047063372,21.5742333109106,21.5117829370333,0.14390283146972,0.497059479950242,0.984534738947309,0,0
"Q15404",20.7135243823836,20.866280553832,20.7726166493325,20.526006833498,20.8933257479687,20.7247236692533,20.9504357039287,20.7442832281806,21.2202284523625,20.8597881240237,20.8117307819046,20.6404557682016,20.7583327410036,20.5533706584697,20.7970838911157,20.7392115875482,20.4759091194384,20.7707552136777,20.9927228891794,21.2037874335668,21.2357470238123,20.7011847699833,-0.0739185519711612,0.703003020919102,0.984534738947309,0,0
"Q15435",20.4414499298415,19.9799881090464,19.8198048134057,19.8905548968631,20.2689580013947,19.9615332980332,20.3093326961931,19.6550145314497,20.13851539033,19.9055152916122,19.9525863492893,20.0032268335719,19.8772208618792,19.9488764185647,19.6834232971117,19.7359343953853,20.0080061927739,19.758381033261,19.7247231527897,19.8036139708454,19.7833607906722,19.7872059349678,-0.0403384371939879,0.817737760931875,0.984534738947309,0,0
"Q15436",18.4942405378682,18.653093685095,18.7913448773977,18.4459786969979,18.580097288349,18.6179540530474,18.3304393986011,18.729259808711,18.4698144763771,18.6126662483215,18.2217715802303,18.4842666588047,18.6237160485075,18.2655062828433,18.8453473688059,18.5148770840926,18.4457534714765,18.6314115146345,18.7105777434728,18.6045702478645,18.2934685969901,18.6200678904327,-0.0910607870084306,0.594745394416323,0.984534738947309,0,0
"Q15555",21.0955580564897,20.7860649058537,21.5136345424136,21.6031459427513,21.3623398702952,21.24324143784,20.8822425064666,21.5267404336623,21.2132569435108,21.2548457928349,21.0499541612926,20.5813339668026,21.0766980765987,21.4164770007337,21.3895607286946,20.943972625719,21.2032226333754,20.8300335213187,21.1523709313502,21.2757178256795,21.4437372947384,21.4306835480582,0.116246058986675,0.610676182920587,0.984534738947309,0,0
"Q15631",21.9706693554229,21.3713462607096,22.0307064519806,21.620165537711,21.4233689039405,21.913536634602,21.9456211644096,21.7803495279313,21.7440931569947,21.5416620915512,21.4637467489331,21.1132908346923,20.8925864734148,21.1340199588545,21.4988835159478,21.1964629339026,21.1940073355622,21.8008792807957,21.8550860730273,22.2531687825437,21.1245591815735,21.0634096366715,-0.40088928765206,0.0829388851640894,0.984534738947309,0,0
"Q15637",NA,14.8011368048669,15.0217705112987,14.8300853606316,15.3955318814055,14.0703029421131,15.0656902196569,15.3742895834146,15.4408602100801,15.1755738772302,14.6510475101635,14.2406746939967,15.5664175788137,14.693889208339,15.3949532571471,15.4323928962025,13.7976190181241,14.1667060375401,15.00452203382,15.000817208359,15.6265897811991,13.6871423200662,0.208897999963487,0.65944101029472,0.984534738947309,0,0
"Q15642",19.5001641773853,19.5983693367208,19.8786146274572,19.6318628238375,19.7221178580619,19.6163065688757,19.7182150464021,19.8257503443188,19.4827366723932,19.5459515345566,19.632541896875,19.814161714764,19.1109461620848,19.6893651693838,19.6948819345395,19.8089093101717,19.6836556041625,19.3449379858811,19.8588668637432,19.5870227539539,19.6360108946568,19.3759778881074,0.0414559949601205,0.8158985879694,0.984534738947309,0,0
"Q15691",18.0247687038699,17.9759834381192,18.4384031181102,17.9127486368028,17.8089277086627,18.1749750644592,17.9537867969453,18.3048096524045,18.3433303715504,18.1684854889277,18.377464124896,17.9954375033068,18.6804087972292,18.2904664233227,17.9726209835974,18.2602031695441,18.3023548446,18.2545852637844,18.3914185351291,18.6341213824959,18.2778592987508,18.7553333868663,0.172138609390462,0.411943472583136,0.984534738947309,0,0
"Q15746",23.464330426548,22.3970597467229,24.4896219592939,23.9606684891265,22.6916247586438,23.6098255727262,23.8484168543942,23.247009474852,22.9638528695785,21.7014072850157,23.0060608671711,22.2422797443374,21.4150791445531,21.877336205515,22.7210691369984,22.1630205984604,21.7780853450263,23.4894446993999,23.2964314640311,22.7704776790435,23.2556782808847,21.6740219330744,0.147271490702877,0.775334998849687,0.984534738947309,0,0
"Q15772",18.1452134225089,18.6258395629209,18.3981380484413,18.2738201533691,18.559865373028,18.8207565625851,17.1804706462952,18.8134514648941,19.0612967859798,18.291494902294,18.0473134933649,18.5938169135956,18.1942782287235,18.1199546023705,18.64475141755,18.7623040136269,18.4395333662615,18.3723606908388,18.3773600823022,18.1743091734102,18.6322151248147,18.3344628889185,0.0853760963747341,0.792855025221707,0.984534738947309,0,0
"Q15813",13.8315212675078,14.9945806508336,15.0107017361958,15.9097143086939,15.1866504513491,15.0947222672697,15.0141339998988,14.9871413345918,15.0723730034191,15.1552572560054,15.2561325606773,14.7793303463837,15.2801184590224,15.1680090228525,15.445564990433,14.7780646429933,14.9455671429191,14.9400948656098,14.6772588340789,14.4393930771586,15.1858274391938,15.2626885821675,0.383537411706142,0.237900939320715,0.984534738947309,0,0
"Q15819",24.2853993684015,23.6038912538153,24.0307576026108,23.765131646196,23.5839386376572,23.672638686905,23.8158151983931,23.7468885467622,23.558698221328,23.3391181570425,23.3142414574693,23.631221800187,23.2350484900851,23.6845049580865,23.7513198862693,23.5067566584853,23.6669865002842,23.3371544542565,23.4807266392218,23.8399584187568,23.4508406303204,23.35232721951,0.00538432800334476,0.979376894163915,0.994529477290085,0,0
"Q15843",21.8376851492766,22.2521206527576,22.5997496087718,22.4224728467499,22.4085477294893,22.5082029284441,22.584156901906,22.476073929311,22.4417201252191,22.0584632596954,22.032476246534,22.3279091562721,22.2205227526293,22.1421749412629,22.4362468989691,22.4117318136399,22.1663098396585,22.5422940213995,22.7448000952438,22.3118710672972,22.4633311888073,22.3913468364052,0.216633214426256,0.228503269251775,0.984534738947309,0,0
"Q15848",21.9544381480844,21.8856618547493,21.852474134234,22.0039194870762,21.2268841969984,22.1078340997638,21.7840370150817,21.9510572884432,21.8267216010546,21.9868183285163,21.3481396921404,22.0778576918211,21.7308773446048,21.6738027428045,21.9956925888772,20.966228011568,21.9757869719157,21.9680176868497,21.3634777553754,21.9403650465468,20.9531173702391,21.1774696037105,-0.176035813311689,0.538509332875806,0.984534738947309,0,0
"Q15907",22.4926584931242,22.5773663650754,22.6571393763156,22.3345427879187,22.5114778679912,22.5312207919095,22.7643765633696,22.5848723580622,22.6491089957299,22.6269521807959,22.8010038015341,22.2106212418347,22.9954916578244,22.3483091438197,22.5666633216698,22.6697995944973,22.5115990226118,22.7488499652651,22.4598801379823,22.7043121381999,22.8286470201574,22.6614732871306,0.088563795496146,0.616567770412309,0.984534738947309,0,0
"Q15942",18.7827052518634,18.5625673139367,18.4032785771468,18.5910692882905,18.6634987725105,18.3561999529612,18.5814258716962,18.5690958251042,18.5397009913085,18.6666117573899,18.1990649999526,18.5612729574547,19.147831559034,18.4277252461736,18.6852300098452,18.6973785089592,18.451765255057,18.5275456890001,18.4739177409177,18.6145012412981,18.8931066688813,18.5751231435328,0.173768465979762,0.327702363872386,0.984534738947309,0,0
"Q16082",24.6097943819707,24.1469122617825,24.8551024406499,24.538263342698,24.2912346060207,24.9676135394,24.0765801373268,24.8240412843667,24.7121215360147,25.1853292319989,24.5528994106867,24.5982541298828,25.9701624256726,24.7563270527927,24.5473581997268,24.3289496182887,24.9347538502062,24.8502399640151,24.5114720491663,25.5055497281487,24.9923375770654,25.4796374822594,0.192084291360608,0.59102992475216,0.984534738947309,0,0
"Q16134",25.0663902308733,25.7100154295807,24.6199022450249,24.2292459914389,25.0943982741492,25.0749580364748,25.7166600353139,24.6973588923854,25.1880903444304,24.685047289388,25.00352931291,25.0045257075452,25.3710441418166,24.9586196558139,24.5875506984421,24.9867691970013,25.2954761091219,25.5809665338462,24.7243532472223,24.510203714087,24.9194710649998,24.9150361967987,-0.00575662751232642,0.985142999656447,0.997069761279763,0,0
"Q16181",17.6051331367917,17.9667282971163,17.936939026278,17.3697131720396,17.8922281046774,17.5768176233974,17.9315432452756,18.1574261502678,17.4307269117136,18.2048942407799,17.7939247852101,17.2654495935276,18.2011608917669,17.8088015934729,18.1291581033144,17.7399513408259,17.5755113872576,17.9064263500033,18.5653818129011,17.8525299903352,17.8850422181251,17.9367606798697,-0.359831548323807,0.157281660778057,0.984534738947309,0,0
"Q16186",18.8786137098941,17.8828517509693,18.5149159429854,17.8574348752582,18.1262911196382,18.4478740627543,17.503815794004,18.0793980802937,17.7474291759093,17.9890994268173,17.5923729600138,17.8434292050485,17.6885516383203,17.832577030425,18.2595857954091,17.9172889143379,17.8052852848505,17.7995971184277,17.6632088577314,17.9706034333034,18.1543536392394,18.1798249385246,-0.185910574996807,0.503593078171952,0.984534738947309,0,0
"Q16531",24.067589102908,23.8388978000715,24.5304319362012,23.9113144526574,24.1695064635524,24.159671118712,24.2229382064083,24.0471290213883,24.0321388163908,24.0989456075936,23.9718445029026,23.8795751859596,24.1119641344451,24.1464707840463,23.9305926562696,24.1034111492559,24.0274131047096,24.2557877037492,23.9545249329618,24.2039155350379,24.1095692139091,24.272266847182,0.0834896708164123,0.606450405637533,0.984534738947309,0,0
"Q16543",21.6169857842001,21.5185843241734,21.5893434744502,21.0236239614009,21.7629890859278,21.2172151918898,21.57164851459,21.1097581246822,21.2739834893948,21.5837124669348,21.3070753372056,21.3306437478414,21.3675175323012,21.3066135615256,21.5176989489085,21.5194171820329,21.4768381961618,21.4549581916498,21.0620196099303,21.6552326118524,21.4284570782098,21.2627524530048,-0.189122405332995,0.310667038660521,0.984534738947309,0,0
"Q16555",22.0694942652377,21.5556042472209,21.1666366466655,21.4581841994847,21.9375102839813,21.7501083265463,22.1353562396776,21.5580062357082,21.7947182730685,21.7122371920684,21.6691518287334,21.6552967183811,22.074321455037,21.4149845062502,21.692667790995,21.84224230424,21.7893544520755,21.872960529542,21.8418236372749,21.7848931411439,21.7669927836512,21.6877511796034,-0.0785768105869415,0.697383943158309,0.984534738947309,0,0
"Q16563",20.1046837375235,20.5520806462778,21.3885540508482,21.2670704810953,21.4522985547711,21.2188854763714,20.6888777521223,20.7750322439035,20.8572978252962,19.8309151589232,20.7235754869363,20.5388029277618,20.2508974550904,20.6906249205605,21.2075328474551,21.1669764171553,20.7843519663288,21.2183866047812,20.774487889612,20.0384309117597,21.1200672493922,20.6063118186178,0.306968631409923,0.404722932598012,0.984534738947309,0,0
"Q16576",16.2444526648574,17.5712670219919,NA,NA,17.504423586722,17.594282872439,NA,17.8269622402866,17.8002217413838,16.4359730410638,17.5581905886735,17.7981203246343,17.4521065502879,17.5073790989745,17.6079399892405,17.4588387707392,17.6229774138941,17.7169332721902,17.5182210541693,18.0137017257499,17.8076870402014,17.3450080446981,0.562314912679799,0.152767728005055,0.984534738947309,0,0
"Q16585",20.8874940730128,20.6902528889692,21.2055919197348,21.0508109043021,20.9542743914761,21.2468528796246,21.0886878484345,21.1754720194718,21.1611349064298,21.0151716479929,21.0384526298979,20.9539681841207,20.656044966988,20.9762635495309,20.4162510705714,20.8913081211627,20.8851021188669,20.8302449953746,21.1920103576408,21.6492954591087,20.9882909803464,20.8635347245379,0.0244848640708248,0.907756596932639,0.988034391219199,0,0
"Q16586",21.1959823487537,21.183537943172,21.6258241838746,21.4833777690292,21.2087544966892,21.9105135933318,21.43055000498,21.6902677085491,21.5760380113888,21.8079949676554,21.6339091429917,21.4334376989767,21.1233948225503,21.3116328097887,21.1435018696985,21.6429621960404,21.7558201107174,21.3156600318415,21.5259341113912,21.9574183009861,21.345041365334,21.2601141890948,0.0470617591764828,0.834648242972371,0.984534738947309,0,0
"Q16595",20.6712674239178,20.8643608035377,19.8654304656243,20.5342500218169,20.3109162004425,20.5603581877504,21.3360903938506,20.6190274728407,20.6748108774955,20.6433301158165,21.1341357803464,20.647210004796,20.1584828712034,20.6280962795513,20.3649967171915,20.5579239395202,20.8076926567889,20.8098282609004,21.0057641861125,20.2160712344598,20.2337027614958,20.2603085394161,-0.252204112415967,0.384617833674838,0.984534738947309,0,0
"Q16658",17.550569161174,17.7299105604772,16.654836697862,NA,16.6301420513044,17.4004019959386,17.3436114982714,NA,16.6915031167134,18.0524988921402,17.3932965679007,17.9139035410815,18.9745105538035,16.9769648610136,17.8152626638391,17.9367357400628,18.3735632700432,17.4564242051533,18.1026536876894,17.2955220638699,17.4568652169936,18.0561828138277,0.0504299119195863,0.89948447313318,0.987424911698517,0,0
"Q16698",25.614614230014,25.8700372909605,24.5755395888346,24.9395463630082,25.0380235475836,24.928890338157,24.9647396025824,24.7446455644222,25.3223794757372,25.3600817263037,25.4102523906082,25.3548144590125,25.085270716321,25.0772121776286,25.2562111383259,25.2331391685867,25.4217257556326,25.5432628742083,25.2070976851594,24.7486212454662,24.8213159555236,25.1085299038038,-0.456628166031894,0.0727216647040703,0.984534738947309,0,0
"Q16718",24.0837676830967,24.7907865727968,23.5038777604779,24.1544636298443,24.2833837617346,23.5382462680104,23.7817112025837,24.0332024950091,23.8863055237952,24.3282449648745,24.0601901422677,24.3243492670055,24.0763389753842,24.3541790993379,24.350067812807,24.2231204527465,23.5598750361741,23.8891860259446,23.7831048270865,23.8170927643101,23.9097261468891,23.8185535329425,-0.362256647161644,0.172178066027778,0.984534738947309,0,0
"Q16740",17.919444246323,NA,NA,NA,NA,NA,17.5248819798888,17.5162494939018,16.9464455989053,18.8210508793126,18.2800198888598,17.2748769456118,18.3424450823366,NA,17.7863239855249,17.0830898665678,18.2847719387684,17.8180662636933,18.0079588081448,17.5092411326224,17.0640433602017,17.815300324674,-1.16884601818991,0.0137407754706946,0.984534738947309,-1,0
"Q16762",21.8500481286011,22.7700616756417,21.2719641012142,21.7208432948203,22.2586277693865,22.2363526257992,22.617154323169,21.3983135578168,22.2842305092667,22.2064138409935,22.5748488457091,22.0336753784714,21.7863505070142,21.6976452603637,22.1493408590975,22.4184909096586,21.9529171803531,22.5264619641317,21.66197632671,21.722749223385,21.5380810567605,21.4359863120087,-0.548275493124294,0.102833613874889,0.984534738947309,0,0
"Q16773",17.4890177453231,17.9216079876349,18.4940273952547,18.1925312162826,18.2108430612061,18.2477823444999,18.0856242725104,16.7226124767488,17.9400968698565,17.0398568815367,17.8771975923035,17.6132866101554,16.4041398980227,18.0003310311201,17.510998475293,17.7978260618233,18.0975795214133,17.7192547420515,NA,17.233184360583,18.095624591557,17.0905690923608,0.0142043342970481,0.97498708779999,0.992563737314942,0,0
"Q16774",14.4867073387151,15.1277147356908,NA,15.4569287880104,15.6403830559635,15.4049194449843,15.5553937233079,15.1111080370804,15.2978244117877,14.9680857815729,15.2682195022807,14.4997722491436,15.1768962537439,NA,14.7181850684139,NA,15.3535686713793,15.4474337912328,15.2169501518888,15.5529051209826,15.1990289685028,14.8620187462759,-0.00141030441035106,0.996258779793254,0.998338651984889,0,0
"Q16775",25.5203588590879,24.5612022337002,24.9864138492816,24.7594059179982,25.037494414696,24.9092346200435,24.9535609213717,24.655269109607,24.8805538751449,24.5266650893049,24.58785538791,24.7151216086616,24.272235741168,24.6191166800753,24.5884739726557,24.7898810586326,24.8051698700593,24.7276578064271,24.4303898771396,24.996675531724,24.8769024345916,24.4500923265467,-0.0309899664374313,0.890326570232998,0.985429799208273,0,0
"Q16795",23.6276668497376,25.2874166749003,24.0157995560357,24.8667955995981,24.8637390722669,23.9320663690859,24.1068115299725,24.5792381661272,24.4270015394328,24.5409718555746,24.711072892669,24.822813331523,24.5259797182853,24.9186807422328,24.6547149720947,24.6694292039986,23.9266955241888,24.1657941199994,24.4741385711833,24.3621839007779,24.2813155549805,24.1531148762766,-0.213237433854598,0.530354575673539,0.984534738947309,0,0
"Q16816",22.9285188291433,23.2038896586821,23.2937979403253,23.3704411925858,22.6868856358741,23.1057230695437,22.8821538583905,23.3057645943729,22.8894397278455,23.3838327602829,22.8806968047558,23.5436534501744,23.0825505560782,23.2599983899399,23.0207735751127,22.79141915859,23.2622617763119,23.1996329942926,23.5820315970444,23.3237458273851,23.1310765367869,23.2842933632274,0.0220343330969186,0.915730799629934,0.990177959758745,0,0
"Q16821",20.464580317769,20.282966903461,20.8042026681516,20.6864622226163,20.3649446324567,20.3135302886849,19.7041485765101,20.9049152998722,20.2932940864806,20.304798879709,20.5326137715871,20.3214212216591,19.9846785212822,20.6551832750856,20.9846651884959,20.6916817762722,20.5660509966707,20.9304841322362,20.8176227206382,20.4063605642582,20.8772825458689,20.5442032262205,-0.159944689699021,0.534549932433265,0.984534738947309,0,0
"Q16836",25.6350750540843,25.7730929677189,25.4390046005948,25.4918630445366,25.7532717025584,25.6658367015172,25.7230649625681,25.2399839414348,25.7751071649325,25.6695022133192,25.8537710219176,25.3744784450963,25.3211004265651,25.5110466498587,25.4996055261814,25.9994659734099,25.6176806052285,25.4458291142551,25.3490303706266,25.6251051186861,25.4203724128967,25.4032498393508,-0.154685606202925,0.371992117369522,0.984534738947309,0,0
"Q16851",26.5032856460096,25.9424742666139,26.258979795345,25.9952405550322,26.3448165470523,26.0150205134343,26.2288115502842,25.8164083221817,25.5102804418394,26.1747528611828,25.8019330534958,26.3114786582635,25.9805358890184,26.0240447653214,26.0274228562805,26.4429166648793,26.2177749170985,25.9974359651514,25.8352030381758,26.0960146419507,25.6508072900198,26.162034894438,-0.0368692161179958,0.865412431234367,0.985224662710431,0,0
"Q16881",20.979430321094,20.8480614959327,21.2181656045155,20.74317246751,20.9668784600138,20.7012052329631,20.9452070795845,20.9701548877597,20.6664579780053,20.6565054262398,20.6131549600811,20.6829220365735,20.5822849905817,20.8768186914263,20.6210313791851,20.5858861046696,20.6793393878206,20.9346892110623,20.7451035572845,21.106282304523,20.7914822585645,20.4996957231904,-0.105424324375239,0.524588990780498,0.984534738947309,0,0
"Q16891",24.3279300935524,25.2192380643344,24.4653826865164,24.6319048712423,24.7492376645817,24.6084318330292,24.2890030500671,24.4830792868633,24.8218540278486,24.5218801401406,24.8874817378883,24.7812338917808,24.4161813059557,24.8070087033537,24.6703939920652,24.62369943249,24.5848728522442,24.493461386328,24.6872536093548,24.2611042648311,24.6233701918297,24.6403534613089,-0.153014339665251,0.45120558905879,0.984534738947309,0,0
"Q2TAA2",18.9254257034382,18.9610463380838,NA,18.7630388731491,18.7471291590705,18.9299880322791,19.1654111248451,18.8190610958366,18.7325519308447,18.792376304669,19.5214079949802,18.9458005299861,18.8296435227002,NA,19.3277579749012,18.9375099799469,18.7449560598006,18.6061054005784,19.0334066812738,18.8925498341807,18.5248272224962,19.075286791957,-0.231497454170295,0.316755622899097,0.984534738947309,0,0
"Q2TBA0",22.9191261118158,22.5417935333842,21.4461907668567,21.9747983250773,22.7499331027549,22.573115940079,21.7931596753521,21.9956775158171,22.8108566454735,23.1495636378753,22.7871889409753,23.0214534887738,23.540366562776,22.3272875430462,23.4063172202954,23.4818795368165,22.700357309671,22.442220361432,22.4169905777585,21.6667833224889,22.2780203914458,23.7420007750073,-0.107223753021209,0.785975330712713,0.984534738947309,0,0
"Q3LXA3",18.0526412644368,16.7300015127476,16.0977860043775,16.6966784973169,16.953738495181,16.8832382645613,17.2147589886918,16.5391295227509,16.8950840923726,16.5498418458312,16.7596928335336,17.0567810881975,16.7918818051289,16.6937241911744,16.199766322481,15.7530295335444,16.9470857467899,16.7972974377293,NA,16.8267760663384,16.455202476795,16.8795791523118,-0.278504304431184,0.453960906534613,0.984534738947309,0,0
"Q3ZCQ8",19.8259324606135,20.0001677891457,19.1006439618931,19.022665146691,19.7770792211725,19.5017418566879,19.3148505750246,18.8536579098281,19.8501187905092,19.8878322703463,19.9497865448547,19.6094426478845,19.3670974603638,19.5407603818247,19.6716565513632,19.6568885867194,19.8620600032184,19.5263735474275,19.4605154259319,19.0404910758243,19.3661041948937,19.5502045530852,-0.474695902461036,0.0437380582774892,0.984534738947309,-1,0
"Q4G0N4",17.6960762751502,17.1681624139793,16.5757344418546,16.8262844632401,17.3460144034153,16.8412023542387,17.4025263641716,17.0128204136301,17.3530678236806,17.1745866264141,17.8802291963245,17.2023680821781,16.8662246618411,17.5813466122815,17.4375346053948,17.2107733618253,17.1804692763407,17.3133161125425,17.1866177170132,16.191847499016,17.1954771977276,16.8873482096324,-0.368647554596997,0.241116213566128,0.984534738947309,0,0
"Q52LJ0",18.0315225310688,18.4789018895858,18.4636228278674,17.7253482513618,18.1639446854507,18.4128946821163,18.0044569242102,18.195753036989,18.126889027301,18.416868192815,17.8467438294127,18.1726278531724,18.3605739602648,18.2231929301232,17.6448458671252,18.1195464784766,18.5993596270321,18.3200656217031,17.7645342848902,18.3570623138378,18.5601639885626,18.1156535312984,0.137448748069584,0.540989139107253,0.984534738947309,0,0
"Q53FT3",20.5504513291251,20.1214299318943,20.7423937256335,20.5699076240635,19.9323437007186,20.3308072780695,20.6589412935905,20.4501393880322,20.3015502077316,20.5249260082992,20.4853598330784,20.7676969520168,20.3657222168054,20.4497773482208,20.7207425495007,20.1845110886595,20.1009042950614,20.7711120922381,20.5451614225444,20.3153154375645,20.4063358893649,20.6510169424862,0.0726428949980829,0.711599340591861,0.984534738947309,0,0
"Q53GG5",27.2935537557563,26.6750083031766,28.1818660542722,27.6907096847001,27.465256395112,27.4496344723579,26.9583855268164,27.6612778834473,27.4225796997242,27.1746608711424,26.9564701966795,27.2441771999266,27.7051814133463,27.2333907565273,27.4349766065505,27.4319731339853,27.0071276013252,27.4446195272869,27.1476700491868,27.6507497143413,27.6427784079957,28.2379432328122,0.576448604874528,0.0626770344183256,0.984534738947309,0,0
"Q53GQ0",19.6964936789466,20.1296866215924,20.0940284621975,NA,19.5845281601109,19.4142089720037,19.7799847333114,19.5290456680087,19.9567130108587,19.7050168894578,20.2582118692521,20.0312821061882,20.3156175461343,19.5044719829051,19.8954139164326,19.8871852952868,19.4490260168474,19.7012199573723,20.0105530896965,19.4606282206031,20.0397219218254,20.4528988390113,0.360538945505205,0.169438264102061,0.984534738947309,0,0
"Q53H82",17.6181050329792,18.0851960604357,17.3878868808007,18.0076286159602,17.4540024991073,18.0677349064361,18.1457761846013,17.6748644283252,17.3863492837096,17.6029251956841,17.701722096657,17.4433908351422,17.2681620994858,17.8374732846066,18.0357776604353,17.2819465820301,17.8959254378814,17.9451446574794,17.6118821309158,17.582965410187,17.7016858197177,17.5444681132785,-0.314498700672686,0.17126917663862,0.984534738947309,0,0
"Q58WW2",19.0729939657655,18.8674265816431,19.4976795481301,18.651244239245,19.1015415179413,18.8149572124647,18.8804103420358,18.9151893614877,18.8054662729642,18.9985734271845,18.8584142473488,18.751385227052,18.5171407742145,18.8684260379105,18.9327511241072,19.0876744463202,18.7421565982275,18.7115253809091,18.7203268462627,19.0342770069115,18.8132434122432,18.3644853521663,-0.143100183468359,0.46898180200631,0.984534738947309,0,0
"Q5BKX8",23.1197359522685,22.5887005236061,22.7421976722217,22.6908359205247,22.48341247211,22.9947862119419,22.4884361393027,23.1522946374681,22.4806923190883,23.0805831081444,22.108915979378,22.4382748209821,23.3326700300189,22.0519637396067,22.5897372306674,22.5744987969433,22.5673114893882,23.046615760703,22.7898114104119,23.5738495345527,22.4361543353148,22.5635144945758,-0.176789244171545,0.59046724774522,0.984534738947309,0,0
"Q5D862",18.0878627774122,16.0193211573451,18.1616048969239,17.7666821858479,17.848617108215,18.4028630977746,NA,16.4478006427157,16.572528908691,16.4250776651956,17.7970241338397,18.1223725632373,16.3071640411492,17.7552585629762,17.226374182703,17.9233012298289,17.0188081987088,NA,18.002366616456,17.2671458039179,16.6461899529265,NA,-0.546046462829775,0.407669236402168,0.984534738947309,0,0
"Q5HYI8",16.0179568499026,15.7909663379884,16.1962465607151,NA,15.8553367749693,15.3333324803081,15.4392082097216,16.1457209635718,NA,16.1282916764064,15.5895056836382,15.5918379581217,16.0805959463079,15.7320946409313,15.8459255805764,16.3945739633667,14.6991045629178,15.7216665637937,15.2886837772834,16.2482693571126,15.8086249692419,16.0985151297428,0.168329737694052,0.65034355557509,0.984534738947309,0,0
"Q5HYK3",21.7764617733286,22.1453826925394,21.2649550637749,21.5223901755349,21.3843836211671,21.6631546756172,21.6834072184833,21.1888857080549,22.2304801316539,22.0276812863769,22.3751172314101,21.6722981598464,21.3243668415141,21.9862791533579,21.5986116503086,21.5603486787534,22.0651974581307,22.1214890158426,21.0510722516347,21.3470319349943,21.4142402383065,21.4385005013858,-0.35907804214429,0.241549178691451,0.984534738947309,0,0
"Q5JPE7",NA,20.8566683606953,20.5153028007709,20.8997754041019,NA,21.0418404517939,20.3420653941299,20.5650790055202,20.4385012405796,20.9395006330762,20.5995163077873,20.4765550500189,20.6362022997843,20.6443235537172,20.9224825276014,20.6427806623353,20.8779685322565,21.1571829414674,20.2546916660347,20.8241131596157,20.8654668477886,20.6881367149732,-0.364156728912384,0.104912164862226,0.984534738947309,0,0
"Q5JRX3",21.5809987688655,NA,22.3489170683173,22.1422173375923,22.014554624278,22.9454196481374,22.2291746732368,22.6021868259111,21.5208995286897,22.7713489466188,21.8601409890003,22.1122791830829,NA,22.8376413270891,22.0430549866438,21.8178383043588,23.1937794306435,22.0463818873295,22.7599263430573,22.5444015226279,NA,20.7940820803548,-0.521358420202755,0.297413281676365,0.984534738947309,0,0
"Q5JSH3",14.6802366245086,NA,15.9169886588826,16.2305390918718,16.8352690874734,16.7016021097094,16.5081391706851,16.3612041917578,16.3939962385612,15.7099591290315,15.8907990529298,NA,15.7605233190764,16.1829933169576,15.8439586051101,NA,16.4292993971486,16.9224816061946,16.000174026282,16.7040424777239,16.4384063362072,16.2104658638536,0.196618483318286,0.660646270103339,0.984534738947309,0,0
"Q5JTJ3",19.957332569259,20.689358711474,19.7558739309032,20.3336770460431,19.9558423587016,20.0787260155332,20.3440033167961,19.9070027692746,20.0972649093584,20.2933429058606,20.3376467284258,20.4538244341663,19.7928332491781,20.749148091314,20.3263478464506,20.0060771793026,20.5958786455457,20.1358393776102,20.3361379048956,19.6423304197193,19.8444134618749,19.7539046551943,-0.294615944188251,0.292744178256665,0.984534738947309,0,0
"Q5JTV8",NA,18.9279299707404,19.5010337621451,18.5733133625915,19.7934111403754,19.9601940509238,18.8392037125451,19.9753899163994,19.1195480199808,18.7746329086129,NA,18.3129641258979,19.029971703635,19.1824765293219,NA,19.2695296486991,19.1662885339671,18.2315740193879,19.5226369745766,19.1467612949644,19.6649107615102,18.7158962633876,-0.122005869390712,0.784740245362423,0.984534738947309,0,0
"Q5JWF2",20.6269733545516,19.3245567876879,19.6761925952568,20.2206522420055,19.6554236493648,19.8378026445145,19.6865028642725,19.9987223886967,19.9902789684546,19.9541225594071,19.2550671181451,19.5851680275117,19.3071814289418,19.4206594136197,19.2816484444624,19.2135707477445,19.5839157076368,19.5727864969835,19.3691008384997,20.5159522275041,19.822992085146,19.2666119980334,-0.0299773589194636,0.923339748617261,0.990192879028667,0,0
"Q5R3I4",16.0800193403707,17.7640758336819,16.0217115319979,16.5246397339727,16.3637991490954,NA,NA,16.1929599696018,15.7997477194804,16.676320200246,NA,16.3491741835715,17.6979481717242,16.6222299065366,16.1434570892696,16.6635105582893,NA,NA,15.7911163784691,16.850651798026,NA,15.6393462636362,-0.331336159438859,0.546756686439516,0.984534738947309,0,0
"Q5SSJ5",21.7702927444681,22.7692897895172,22.7830891975831,22.8465533174284,22.5284642374288,22.7675816902317,22.389038905115,23.4866742674074,22.8532846987755,23.2111399872426,22.2565438629614,22.4312788756441,23.0894291387549,23.0839026624929,22.511869025941,22.7681939805049,22.9891349029803,22.2200594379484,23.1814085820056,23.8581457371093,23.1760627860101,22.599679424897,0.192395454319382,0.592608469160817,0.984534738947309,0,0
"Q5T440",22.0530131211746,22.2191755449357,NA,21.2716692278125,20.9302114621901,21.7706959544549,21.6520306429884,20.7098023981363,21.3033720424584,22.0958357705116,21.6319049613631,22.0808783372218,20.9422321285247,20.7716129278923,21.6702403966817,21.0903127998549,22.2096460606194,21.8822151544305,21.6344867245847,20.8492037288087,20.8912226480922,20.833316104217,-0.58189107611603,0.173695626288333,0.984534738947309,0,0
"Q5T4S7",17.1462497331485,16.1528612042697,16.4392336357872,16.1499945424152,16.5207275032474,16.3693253604088,16.4782181945077,16.6840132416767,16.1145027706351,16.545610283274,16.5006608658363,16.5722801049778,16.6954622192074,16.3641305053639,16.2472791415,16.2657060310295,16.262737733857,16.3653751356569,16.1548382500864,16.5437787587841,16.4827429474004,16.7754630446414,0.00793830721426403,0.970550567090322,0.992365658656292,0,0
"Q5TAQ9",16.3863170014089,16.4918120942205,16.9464065998784,15.913733276069,16.7155221264098,16.809856629408,15.6363682802345,16.789298401965,16.7462562700568,16.4375766353577,16.8312862203302,16.5239585548585,16.2748099194425,16.7757169116962,17.0293183119999,16.9005646272298,16.7670525105742,16.7398520277079,16.069350069113,16.812869946943,16.6551095088446,16.6911562235135,-0.255628781629881,0.389256074952885,0.984534738947309,0,0
"Q5TDH0",21.5532308035566,23.9861739694575,23.6862391885959,25.3740348577376,24.0070613664776,24.0742026242404,22.4983332961315,24.5915719886384,24.0804302139629,23.284423329923,23.4763318742522,23.9464726017954,24.9542970478803,24.3377682740727,23.7073926669677,23.016677415575,23.2409295170996,23.2145156636048,24.8657054553526,24.5342610205046,24.4367932824972,24.0624884221463,0.460232346093903,0.489491596813245,0.984534738947309,0,0
"Q5U5X0",20.2170840476747,20.1920204266606,19.9077879640396,19.1935488672192,19.8562068766347,19.7224064954865,20.1370571705779,19.7314712583092,20.166765596563,19.7098009698373,20.2042857650278,19.7219981091385,19.3725423249172,19.8865026919651,19.5377596185101,19.5129697325325,19.8037490644096,19.8568763826847,19.8139984757786,19.3513641031016,19.2802434644345,19.3645663559485,-0.336263338056352,0.160419663474634,0.984534738947309,0,0
"Q5VST9",22.7753983601488,23.2486576159355,23.3222923637394,22.7048313391596,23.1284124593662,23.1705985998463,21.5901262838946,23.4363617991637,23.2212914338522,23.2014987389765,22.7140777952109,22.9545504803476,23.6408641950687,22.9047445164977,23.1645766944704,23.3615497503948,22.3775812166281,23.0373142393935,23.8660714724238,22.6165092177706,22.8130793366725,23.568965467359,-0.183204771318202,0.645829540227302,0.984534738947309,0,0
"Q5VTT5",22.3844398600556,22.2031448921993,22.0065127609528,23.0368520300605,22.5695699003003,22.8166714859612,21.187507561579,23.2847314262011,22.8614048201804,21.1615471712573,22.5711342156202,22.2678060776513,23.3219086438923,21.9868073873548,22.7351141856695,21.1826387587887,21.6063937169282,22.2688613114361,23.5171737643438,21.9935722538798,22.9882391201305,22.6265084886064,0.0229271526919241,0.967720044073558,0.992365658656292,0,0
"Q5VU43",25.2035532128729,24.5655645095559,25.5004651778071,24.914806701071,24.5922758197872,25.0977048514205,25.5741173084835,26.2545589276641,24.6776327770338,25.3283836987344,25.1650861474327,24.8561927659327,24.8509046000571,25.5426755679586,25.1205112135095,24.7713724282661,24.8632493864171,25.0700812156475,26.3809841711805,26.0763587589043,25.4406993022761,25.6151888556693,-0.179632823892369,0.627082888800147,0.984534738947309,0,0
"Q5VW32",17.6617277712669,NA,18.3209175974019,17.9601313527711,17.9826411231812,18.0817751988858,18.2041223814028,18.3292508305969,17.7655334531024,17.7835106833611,17.4864154367419,17.8339000673792,17.0803943348808,17.7871728842874,17.9971466496376,17.9903122846254,17.8371150745088,18.1351614079185,18.2372837817258,17.603150130547,17.743410183198,17.7634488076597,0.0834059675274617,0.720839882501319,0.984534738947309,0,0
"Q5VXT5",25.7042402368089,24.5382959651554,25.5241451759188,25.4412358356001,25.1295252753816,25.3180842385256,25.0011390602807,25.1113110358766,24.7904244306811,24.5717998824134,24.512586408009,24.728072969588,24.6964584947107,24.5587907555211,25.2278688516005,24.8159968508965,24.7964844369956,25.0599476417527,25.0185428062501,25.0119741177506,24.1369747083622,23.8007845050115,-0.268400400358473,0.389502214673453,0.984534738947309,0,0
"Q5VYK3",20.9958972997225,20.4768378795296,21.2993699547685,20.7898738001263,20.8466623549521,20.746080040111,20.9482692916984,20.7463449676895,20.9591617513276,20.7375439487689,21.0058793559182,20.9447407902114,20.6155539761182,20.7286921416706,20.9637895055263,20.7407243515337,20.7647433670892,20.6745397723942,20.530239326831,20.9030204236975,20.9617387501452,21.104106203726,0.24233214573508,0.181142513693068,0.984534738947309,0,0
"Q5XKP0",NA,22.4289597104616,21.2089096656955,21.1278979937558,21.7656666728126,21.9810054614499,21.4379555501156,22.133519127078,21.8232956980972,22.0635517090048,22.4013218565162,22.1670290202342,21.0390088389582,21.7845872430621,21.8592143960823,22.083480171361,21.7336093314778,22.1831849212133,22.4187003665799,22.1538874247257,21.7589257993817,22.4611904683541,-0.792737245040374,0.0183227325325968,0.984534738947309,-1,0
"Q5XPI4",19.9543297852861,19.8063129296306,20.3337629641441,19.456715758553,19.3263762027026,19.732485508805,19.3553734961045,19.5392934406943,19.4263532465758,18.6125871379597,19.6977686113066,19.403775098493,19.2527807043107,19.2134337085966,19.7200851310896,19.0834544271562,19.0234748708062,19.446400716468,19.7325496800467,18.6613993354025,19.2646951730902,19.3664171673968,-0.0216843888458982,0.944997193380914,0.990192879028667,0,0
"Q66K66",26.4810760038646,25.4922415547091,25.9443720273747,25.2894933829848,25.4590682359704,25.7874698259291,26.296964134974,24.8944305687797,25.7263330543441,25.0520286973994,25.1333915220751,25.0804508998009,26.3734081765886,25.7921035419818,25.9326552223239,24.8600693963971,25.6661650617895,24.6608165506566,25.2784104543579,26.092100181924,25.1094011927107,25.2050814088443,-0.106015173860087,0.806278918197058,0.984534738947309,0,0
"Q68DQ2",20.7071572531976,NA,22.6812501549368,NA,21.298795814099,21.835779133148,NA,23.0048178326564,23.0636721237747,NA,21.9954077055251,NA,22.6668816889402,21.9622073472667,22.3636337459295,21.491694552232,21.2341989183975,NA,24.9025855240935,20.6287057361612,NA,21.740069425203,0.738427515251701,0.42874444323572,0.984534738947309,0,0
"Q6DKJ4",17.5775816862303,17.3998628409775,18.0706040784297,17.8332821082337,18.1538695747505,17.9059782167801,17.8106528096068,17.5709559873903,17.9328620369182,17.8532742906183,17.8593567435933,17.9421331322596,18.1168954878377,17.687343370953,17.8365066587669,17.8113089978309,18.0255604985821,17.7021855587632,17.3492405340173,17.7940388620032,17.5474468430238,17.5296882805746,0.206993388408183,0.313457350228981,0.984534738947309,0,0
"Q6GMV3",21.1691465131584,20.620051162061,20.7177226266726,NA,20.1095603515078,20.5780057517349,20.8668522115876,20.4796087603877,20.306397531854,19.8452239628917,20.6506085497875,20.588277727673,20.930670379018,20.6710519628838,20.4624875202312,19.482780566862,20.9362699726266,20.8157655907047,20.7467183741214,20.4781376572785,20.4936265044328,20.8165039648839,0.000126371509335144,0.999696467434675,0.999696467434675,0,0
"Q6H8Q1",14.5605368044079,13.6420407482561,NA,NA,NA,14.3898274017272,13.3708793279882,14.7619726212694,14.2115136126454,14.1925280896002,NA,13.9333329363006,14.4732493146938,14.0676865192665,NA,NA,13.6799993600864,13.7588413745046,15.3289983479369,14.224173094819,14.5032986286037,14.3376622896328,-0.251787448950571,0.597372752259189,0.984534738947309,0,0
"Q6IAA8",15.5038707514194,15.7946583560676,16.1723061927465,NA,16.4060654632249,15.8348308450221,16.0975274680478,15.8751821245709,15.7706097641965,15.9004185158841,15.9546219144699,15.9136081762047,16.1868002649749,15.7167504098784,NA,16.0678217393791,15.8366011141432,15.9681364357719,15.4110366282049,15.5357244726547,16.2307725752839,16.1800724309387,0.491196143235729,0.0317530413900215,0.984534738947309,1,0
"Q6IAN0",20.4828670320907,19.7556169294551,20.656691132047,20.2900256860038,20.0006195830985,20.3658314086702,19.5436188701785,20.6102411592627,20.0494207554563,20.218335837695,20.2581268565042,20.1201580377659,19.9792812766986,19.7812315630541,19.9018178552395,19.695433381558,19.7561934945384,20.2052770386856,21.0363219579464,20.754017299042,19.7447763032144,20.3091783417351,-0.351796424204394,0.261010628240749,0.984534738947309,0,0
"Q6IBS0",19.5983167965039,19.8233145569509,19.5700950714725,20.4515567822975,20.4110624471908,19.9612133863592,18.2782377536085,20.3851265663978,20.0330815207627,19.882153120964,20.1188743082941,20.3425057978327,20.2185648065586,20.1878565639024,20.1012285089725,20.4511677264627,20.281872351644,19.5553057027297,19.9403950736093,19.5196667859312,20.0643511514012,20.0014278356413,0.14355485409174,0.699450406629755,0.984534738947309,0,0
"Q6IPR1",18.154398838342,18.2383334576075,NA,17.5276451830653,NA,17.9603735708917,18.4385600266459,18.5530313828103,18.5934472324074,17.6048969814343,19.0656526309621,18.4105622171737,17.3496028592172,18.345316932988,NA,NA,18.0289965124061,18.0265361899031,18.7029482088573,17.6451736817757,17.7613864285547,17.9959236772782,-0.17767189444174,0.664576590213745,0.984534738947309,0,0
"Q6IQ22",17.8077576616292,17.6009518224975,17.7383635867953,18.6096965663666,17.9940706236021,18.1477501513037,18.3568440334725,18.192623641237,17.878183007905,17.5804689423397,17.7283239258068,17.9774339000643,17.1927929901597,18.1428051503222,18.077464122908,17.7152132818068,17.8434434831046,18.0402665970279,18.262058173581,17.313115626936,18.4833606862895,17.8238856855956,0.217468049640519,0.443750267829877,0.984534738947309,0,0
"Q6IQ26",22.4779123363561,22.115157297128,22.8229438800681,22.9428769802942,22.2343545244648,NA,23.0676123763994,22.8791760951996,22.2621254656665,21.8556391029068,22.2922640117722,22.1858979985626,21.3184657211065,22.6007943651183,22.3403517084426,22.0717793625382,22.2298002394422,22.6702721226525,22.9661338183981,22.8373051353982,22.2502714352771,21.4968701173623,-0.162673080251935,0.543477627739315,0.984534738947309,0,0
"Q6JBY9",20.1439687915689,19.3933503405834,20.2559258340676,20.4026568355957,19.5675379808726,19.895032294297,19.5902498334578,19.9788598988969,19.4365359400878,19.898974109622,19.5072686664635,19.8545296169767,19.1531222619756,19.7359807789461,19.8226760316149,19.3780265638761,19.7231751135592,19.7257866553266,20.1416078209249,20.1841369272258,19.6304631474774,19.1788091519284,-0.237193028988838,0.356554498872582,0.984534738947309,0,0
"Q6NUK1",18.7541433729415,19.1722220775632,18.9212267489901,18.5544974687172,18.9997753037364,18.8944257110293,18.9986064799161,18.8337220462987,18.4973920259152,19.4102702362703,19.2106579805318,19.2931022601174,19.6679535126964,19.4118967217461,18.9611765959236,18.7090895173587,19.2995228768066,19.2418107887468,18.9631733690519,19.2717073417702,19.2858329894879,19.2135865285705,-0.237598508986085,0.27390554395443,0.984534738947309,0,0
"Q6NVY1",23.9850626715293,25.063270191689,23.4554700975595,23.3905175587441,23.7849262647018,24.2247050766265,24.9747756129406,23.5742881726484,24.4158609215361,24.9310677030565,24.8379964175814,24.3894652973142,25.0798269573971,23.9459159028409,23.8437890808767,23.9665974813572,24.7520206675983,24.9954537230907,23.9358370658337,24.6038223434267,24.4195206018397,24.5998799933178,-0.239400704921383,0.555999306868111,0.984534738947309,0,0
"Q6NZI2",24.4963868907632,24.3919052140272,24.2200487292098,24.0682135092011,24.2638990150091,24.550827071002,24.0056333263325,24.6194971688108,24.1191247028754,24.3388817298384,23.7593384879116,24.0373465505267,24.4990005472326,23.8060929952647,23.9975532108302,24.2132910820661,24.1033954863712,24.1184745347031,24.3095388034274,24.8989276201092,24.3881627926782,24.2457255633142,-0.0720000099747224,0.766339033635133,0.984534738947309,0,0
"Q6P1A2",17.9435985439321,NA,19.4010082771476,19.3837153158929,19.5568166294789,19.8230819251619,18.5051947003975,20.1446773927426,19.1157289142841,19.0580405219009,19.4465815128416,18.9735429583368,19.2485522068164,18.6483324888251,19.4675124524069,19.6459809456285,19.7576146687842,19.5479113172378,19.6618109282631,18.1939296255779,18.4519344533101,18.7501522115058,0.176652082647379,0.715381422104516,0.984534738947309,0,0
"Q6P1N9",18.7077194440553,18.9650248866953,19.1579992920773,19.394048049223,19.2797052912248,17.8213577238616,19.5998042955395,18.8425079606026,19.0251336302345,18.4858268628881,19.1136395410498,18.8466588072374,18.7510765715465,19.3871334499076,18.9613499665612,19.174770837129,18.7034629396191,18.8611873436358,19.0098609680965,19.0126671991002,18.6910121975735,17.8189968433641,0.0929096011908861,0.774344640941416,0.984534738947309,0,0
"Q6P4A7",17.43779292997,18.5821504343492,NA,NA,17.8792192737923,19.0149147912732,18.7857164246082,18.0760145208444,18.0782424910248,18.5340533161307,18.2664009939313,18.5897931372551,18.0506493501375,18.7580179917436,18.5002633150569,18.3275787001114,18.5750736559011,18.8066980797599,19.0217698406758,18.4676902946545,17.8440513213587,18.6413896547201,-0.349794089445524,0.329995581850366,0.984534738947309,0,0
"Q6P587",20.4804139644924,20.4049644688711,NA,NA,19.6044410411251,19.8245525094424,20.1908908593234,19.5642032248735,20.2352128721344,20.3002323201661,20.5707155348573,20.4262823136023,19.8830675938211,19.9490657610734,19.6657455626418,19.8183150698402,20.3000616712108,20.2910450433842,20.264805588854,19.7917748761687,19.8349038686314,19.8167458708771,-0.190377049763494,0.520988018610665,0.984534738947309,0,0
"Q6PK04",21.2673628672095,19.7219523968102,20.7707085232438,21.4414728101816,20.5891018298584,20.3257028498525,20.2269134699855,23.4260751783445,NA,19.6764829052644,21.500606169313,19.0508459485515,22.6030051953173,22.1188892745299,21.6558376205852,20.0566037273804,20.2760106099659,19.2157999952933,23.0293078857028,19.0162096660341,20.4678135791356,20.8946107517421,0.462006364181974,0.646632004601912,0.984534738947309,0,0
"Q6QEF8",19.1176455133759,19.216884264992,NA,19.6926849699115,19.3198557144811,18.8365811553761,NA,20.1467179532494,19.2930363006113,19.0538783314785,19.5113105726262,19.7736157964329,20.4825847909966,19.8426922239505,NA,19.3405569074456,19.2991136151514,19.3333268266727,19.8390711433281,17.9898924140907,19.7997901943606,19.7366800371791,1.04188707436976,0.0243926508197031,0.984534738947309,1,0
"Q6UW68",23.3923809911414,22.1967984768845,22.8133937209414,22.7471023663417,22.3798142363482,22.5625013081432,21.7153817620954,22.0061176293753,22.2348151569417,21.8300010112074,22.1569042204975,22.5059718199987,22.2243943101942,22.4303810071363,22.2220465333666,22.0592853374105,22.0077600753576,22.0569459695005,22.0251106905194,22.428254176423,22.2778610173886,22.084643099423,-0.15559964565831,0.610229703149225,0.984534738947309,0,0
"Q6UWP2",17.1737405930598,19.1044804675199,18.883186911407,17.7555962885557,18.3246352081261,18.8990590303549,18.6873821479117,18.5635712039597,18.6326327520585,18.5419445690469,18.1420339542204,17.7205216080677,18.3791552207313,18.5556714496116,17.9044704781975,17.737021163367,18.9675018413792,18.4793097274582,18.8132789824588,19.2449058680091,19.0674339471396,18.3329888863224,-0.0919319662553306,0.829912924542491,0.984534738947309,0,0
"Q6UXV4",22.0594482779513,22.7808494429084,22.0227230139731,22.2559754296437,22.0666187818822,22.028546145552,21.962530822431,21.9363540382725,22.5845822873024,22.3090258740698,22.6639243250805,22.334148367822,21.8773435015855,22.0568531480259,22.2024293715797,22.1568305447833,21.9752464103946,22.2948630696224,22.3302128850329,22.165350265737,22.2214823029274,22.2790826348894,-0.23488847718199,0.275652663213755,0.984534738947309,0,0
"Q6YN16",23.8310992037904,24.2730333120928,23.753244454618,23.9012196354534,24.1542279346609,23.8402361953342,24.5220895786855,23.7492256264504,24.1810299545161,23.7894086448567,24.4783728208411,24.0285836049292,23.6842569334123,23.9743249166223,24.0095451242138,24.1084806989741,24.016212845342,24.4009715518564,23.929823940772,23.5475906042408,23.5901658108472,23.6053880773706,-0.173304401046522,0.474952979773808,0.984534738947309,0,0
"Q6YP21",NA,16.9611365499433,NA,17.6690400309731,17.0769249536001,17.6356329786017,18.0238296861489,16.5326851838489,16.5682572712703,NA,17.2211753308395,15.9772585161443,16.2657772317569,17.2448950820689,17.5473216790138,16.7500907857561,17.7307950458356,17.6407794922784,NA,NA,16.9326854096487,17.1045196600482,-0.663399375415359,0.18745008502594,0.984534738947309,0,0
"Q6ZMU5",26.6071702706473,26.4589257199858,26.7708268431216,26.3776230216809,26.4585857705241,26.7453547199068,26.1373655018378,26.5691916815843,26.4003647309523,26.5478752050172,26.3530817422236,26.6977096904193,26.7556917407101,26.5070068573379,26.2847508336897,26.5402200273392,26.6573977569701,26.530689752953,26.4534322760047,26.6481904108026,26.3052462380747,26.6605154247289,0.0405582380007132,0.807189114461986,0.984534738947309,0,0
"Q6ZU65",22.8696187674365,25.3599783885338,23.0715498509909,26.3274529345469,25.5706339455772,24.6474930544447,20.9567518322072,26.1822823880597,25.7153462774801,23.0466816366496,25.0106202308738,25.1615499029422,25.8246454974388,24.3864266848652,24.2732847223513,23.6564856773524,24.3443781630528,25.27660172454,24.0725247562114,24.1350371902741,25.975677554698,24.5733282611629,0.527074813197149,0.6212381047037,0.984534738947309,0,0
"Q6ZVM7",17.5445221920969,17.326930600778,17.717834124019,17.7466755057845,17.5084492297715,17.2583307186159,17.5497081358316,17.376639798998,17.3862986965545,17.1418292836648,17.0557732398275,16.8565304593214,16.8708788548279,17.4094691568914,17.1458131626648,17.0223762034507,17.4193422731559,17.4554610936947,17.5169646997818,17.7016104435194,17.1623863611798,17.2803071149832,-0.0944347920455364,0.618485958379687,0.984534738947309,0,0
"Q702N8",23.5340581706295,23.2295700734577,22.337647604471,22.3068409210097,23.2663642095,23.1536688090465,21.8504314771622,23.2085845338981,23.4023846919087,23.7398047586969,23.1646829052554,23.5037808183704,23.5550480317218,22.7766774456997,23.5682021604694,23.6512324533023,23.4620600086388,22.9142499894801,23.3417651407966,22.7584858269899,22.7903069579125,23.984986250913,-0.30748733461839,0.375507572639372,0.984534738947309,0,0
"Q709C8",NA,18.0240124004959,17.7554737266433,NA,NA,17.9943723134722,17.7728112541698,17.694625726859,17.5845308489976,17.791308775939,NA,17.4613959445153,17.721732831544,18.00543422513,17.2877455084395,17.6679671533011,18.3326184521965,18.0031704281544,17.9050130965453,17.7159723561914,17.5428213879604,17.5715573375575,-0.299691150244797,0.242139842375558,0.984534738947309,0,0
"Q712K3",17.5979176014138,18.1768601861015,17.581450408077,NA,18.2570931352393,18.5542487742548,18.1885325457069,NA,18.4173885878375,18.0467072972949,18.3534748680732,18.5550585900179,17.8247209035277,17.5328214672488,18.2766265904217,17.7077744325078,17.7344465200727,18.0715365530907,18.2052000640792,18.2123707049444,18.3075968188251,17.5835476687832,-0.199328581004146,0.530590504427706,0.984534738947309,0,0
"Q7KZF4",22.2459647009675,22.5502555718255,22.8221408354255,23.1442720102492,22.7650668444841,23.0401280952053,21.4694260522504,23.0633492667249,22.9510236762271,23.0012152050468,22.4258423355418,23.0440532270506,23.395297498387,22.8474337899591,22.2029961218432,22.9250482247003,23.0429069300769,22.7073228404889,23.0084808628697,23.0249005015948,22.7105164027872,23.2248841455506,0.317521157404489,0.349242584613919,0.984534738947309,0,0
"Q7L0Y3",19.4283997782204,19.876761601176,18.848446861105,19.3523717971182,19.5039650467813,19.331927282159,19.1934753259664,19.1255794019783,19.4159182462289,19.5888583655094,19.8582111491186,19.2708211360715,19.4455808342059,19.3826431932677,18.8646653627089,19.4921401981966,19.634094136652,19.7842079492383,19.6636192182179,19.2653741557426,19.0143814593533,19.5474366145189,-0.402221790016739,0.0845180873088718,0.984534738947309,0,0
"Q7L1Q6",19.4438487298238,NA,21.0297188478558,NA,18.9789608134138,19.8549014932367,20.7757743171601,19.4272473808165,19.1449844906994,20.2463538703854,19.3652332645975,19.3470789591353,18.525690155909,19.6204088144567,19.7443361037263,19.7526460318511,19.6474796128798,20.7562393968117,20.5152262873631,20.3286308015859,18.4576917795953,20.2205636199997,-0.347206148949898,0.527518993498566,0.984534738947309,0,0
"Q7L2H7",18.6689383152718,19.1237531586625,NA,19.0484713639756,NA,18.91971743801,18.7386180470316,19.2083899455589,NA,19.102900058752,19.0550054708264,19.0008052073981,18.7181464698903,NA,19.1542755854792,19.1166733063389,18.7568804166348,19.0077741041275,19.3579482416742,18.5663906750929,19.1544650368282,19.4185370267053,0.0162161547530282,0.949010585730727,0.990745751603673,0,0
"Q7L5N1",21.3239106207397,21.4214744462035,21.9707604313852,21.7093449844714,21.5552512464124,21.5982797265521,21.5459247434739,21.3019052443521,21.213964309379,21.6311875228049,21.4336793006265,21.4719264544361,21.1498452920121,21.6382372511353,21.5788909896582,21.5248038489574,21.5396224410961,21.3329733886498,21.4725531448086,21.8463685430347,21.3881809697893,21.3981319996081,-0.107303363751669,0.557967248270901,0.984534738947309,0,0
"Q7LBR1",19.8583987789489,18.6079827236384,18.8430941263666,18.6394630824778,18.5296579492111,18.4097902039814,18.9046730585266,19.3383315812816,18.3364242511049,18.256224452089,17.9623850951211,18.6479665562353,18.3483093250156,18.4127928869119,18.2655145511566,18.5925464586792,18.193608571619,19.1854563209044,18.6307756211446,18.8105126512995,18.667018195335,18.66590426828,0.0665391756970912,0.846992318130179,0.984534738947309,0,0
"Q7Z3D6",22.9873803790327,22.9827699108124,21.6983931609764,22.7321132314697,21.8069380637881,22.8421410980557,22.3784317781562,22.0824347479006,22.0229123648858,22.8031710854777,22.2370166509367,22.8394084835382,22.2071843028437,21.8955117284554,22.65686101992,21.7732513904895,23.0623735305312,22.0904036246762,22.4421575483237,22.5499880226764,22.8388163789344,22.4108313758617,-0.232052619783367,0.489181249065516,0.984534738947309,0,0
"Q7Z406",22.2569897132589,21.7403464815423,21.8020724570822,21.2387458713547,21.5372458760572,22.0206021254472,NA,21.8594166090731,22.0928593694232,21.8906895815844,21.7889574948503,22.0143841170966,21.5388821454759,21.4618639241723,21.5634771159785,21.9007541534419,21.6056873129324,21.7439579116781,21.4055741177135,21.5888403538651,21.705601682701,21.8312091315334,0.0931494056813236,0.662776650330213,0.984534738947309,0,0
"Q7Z422",16.1816746504222,17.4557819259459,17.0874286257532,17.8480768652734,17.180462677329,17.818282762291,17.2577537165091,17.8853170799231,17.0577623637285,17.0055194819335,17.7420556316622,17.1439586889915,16.8152801097908,17.4474068026853,17.2147377493404,17.477400191854,17.4433736744904,17.1702773462352,17.1167874883795,17.6351446025588,17.3739145229353,17.3378118404791,0.145057248890542,0.657339464840183,0.984534738947309,0,0
"Q7Z434",20.2460572265059,19.8946371965299,19.9121054416872,20.018713089935,19.833998370651,19.9213708914722,19.9641216869201,19.5963291010167,20.0614085543475,19.6434364668481,20.2595787532348,20.2579988971416,19.6416747427635,19.9277135510871,20.1113034549289,19.7206135423484,19.7186928990556,19.9394194788442,19.6700822870493,19.2662669856862,19.7833056557821,19.5098374732754,-0.0669141925503602,0.76140333983698,0.984534738947309,0,0
"Q7Z4H3",NA,17.9232330635473,18.4356885377714,17.7911706795889,17.9352990347275,18.1330810578478,18.7972631948658,18.1083508122735,18.1064562495465,18.5112484315984,18.5354517244176,17.7476381042279,17.807914851181,18.4207924945018,18.3262385503467,18.11875712994,18.3672907876429,18.5541843909652,17.8529496636831,18.5028833117682,17.4376381789646,18.0207673629773,-0.371787185031128,0.181984601217552,0.984534738947309,0,0
"Q7Z4V5",17.2189325615108,16.2069734761323,NA,16.3678055542905,16.0725418226725,16.1787529073487,15.8176646789989,16.3807961815186,16.7685552077953,16.470778325117,16.2066680961791,16.1820127903371,16.6791167176085,NA,15.8460008891484,16.032680380111,15.9204796547605,16.0605317394805,16.1679880411267,16.8839681262539,16.4185148444141,16.4624760974007,-0.0158112440729781,0.961376534046221,0.992365658656292,0,0
"Q7Z4W1",23.7075834632579,23.1844221376643,22.0823393465738,23.3533372910972,23.1594723973993,23.0154481007344,22.6376573043924,23.2328589860967,23.0991368171724,22.5591811865565,23.2404693591152,23.4462094706844,22.1380254140514,22.3695832079454,23.4047430778976,23.193314864735,22.5572397639578,22.6936233454455,23.2497703745656,22.462075495799,22.9666725384297,22.7885826633044,-0.250981806191582,0.47904290093002,0.984534738947309,0,0
"Q7Z698",23.8654969890505,23.9987947335494,23.8934128567167,23.6082482600351,22.4539357831619,24.3434371801693,23.2123006422875,23.3787693787869,23.5805359160075,23.9896757529255,23.0785975343463,22.8339967434246,23.1757702292755,23.2347724763846,23.1873112005323,22.1507400032445,23.2128992334763,23.2828549235956,24.5707152187796,26.414483568686,23.0446185557914,24.874389142071,-1.00962807781548,0.153182097556264,0.984534738947309,0,0
"Q7Z6Z7",22.9316271314367,23.0486049834446,22.3251592909448,22.4288157669603,22.8542268307469,22.4837767440088,22.902212511156,23.459890372498,22.0299323850231,22.5263334067218,21.451784655948,22.1287273062561,23.3597280617407,22.0763831203626,22.8590328844919,22.7176080801327,22.6454120774584,22.3706564592776,23.9001766336099,23.2260352077981,22.3490728804127,22.8401617078512,-0.133195402200695,0.763360306499948,0.984534738947309,0,0
"Q86SX6",21.3644732722765,22.4878660059163,21.0038382437618,NA,21.236421926042,NA,22.3404443796335,NA,21.2202120225481,21.7621332343225,21.5624793228207,NA,21.5880568630966,20.9757599823675,21.1043780441291,21.8843583901121,21.7270072330365,22.53339144222,NA,21.0829870178725,21.0466930304293,20.9452553545401,-0.166299147235161,0.739852386646606,0.984534738947309,0,0
"Q86TC9",20.0380609078191,20.1585719497715,19.6795239018423,20.4313576446038,19.8082530928643,20.3673043877574,17.7203271391443,20.7694287968555,20.6435039352939,20.6235818253445,20.0052951236206,20.2263339316604,20.419917404466,20.0170071280857,19.7520413390658,19.7355588590108,20.0999050151803,19.8250911330018,20.2949698836018,20.531752955206,20.473370974627,20.7932992039648,-0.110791187288939,0.82655054903576,0.984534738947309,0,0
"Q86TD4",25.1737598634494,25.3562420091422,25.521917664745,25.1327717265222,25.4227955087,25.2667131437352,25.3646931734455,25.3956261793938,25.3195618952395,25.3463171013221,25.1820652472811,25.370524741089,25.7212101707246,25.63020017022,25.0343913434604,25.1340785218527,25.4253670690887,25.1012630748722,25.1054231040781,24.8956277332061,25.5856586389752,25.6473690544963,0.382918929801267,0.0418606572866731,0.984534738947309,1,0
"Q86TP1",16.8055358683027,17.0808086596068,17.6386502689408,17.5493938875401,17.5536810574854,16.9467699916644,17.8078236118114,16.8941351720344,17.5868025632784,17.0073029400949,NA,17.1459528450811,16.6583326748143,17.4344228792582,17.0574613750658,16.8011271335416,16.8774536182554,16.7569090794476,NA,16.9309834584477,NA,17.0783478316277,0.292381065414425,0.270852230264941,0.984534738947309,0,0
"Q86TX2",17.2482136173069,17.5220817305414,16.3678513762833,NA,17.1740148061613,16.3132690158596,17.1329424641809,17.7370710901745,16.5258651481969,16.6462168299797,16.9851799864204,17.8293893463139,NA,17.3350255925522,16.3686128262321,17.4315423115512,15.635939366915,17.1781296300654,17.8441129477905,17.1201931290827,16.7363467661138,16.8989232841029,-0.311058651068429,0.525213728481556,0.984534738947309,0,0
"Q86U28",20.4982790318393,21.0278978720632,NA,20.1536605657562,19.9483605156195,19.9370146679863,20.788334177404,NA,20.578102154519,20.4024763865648,20.5694128574373,20.9725695018966,20.4399463156068,20.3259187970112,20.4320127749221,20.8715304678956,20.6389828894624,20.086706123986,20.7120500576551,20.0433382105053,19.7122809386409,20.1865031395716,0.270866543189321,0.435821827750366,0.984534738947309,0,0
"Q86UE4",19.0919842165075,19.3230758558475,19.5655968475503,18.9385502152956,19.3250483575884,19.111125340524,18.697209803194,19.4136108355677,19.2341429523282,19.3789444468321,18.1602710152123,19.3661534490849,19.6996720652279,19.3387087322025,18.9679134861737,19.3509626534483,19.256969133792,19.2757323456124,19.0263509211927,19.1174133205813,19.7067145221009,19.591060852957,0.454778943651181,0.0951644978673366,0.984534738947309,0,0
"Q86UP2",16.5671115831854,17.2823315238023,16.8576412623555,16.868425168942,17.0243765509416,17.1543991318479,16.5580880283459,17.1298144436483,16.9685066174945,16.8407605909982,16.5858656900337,17.0640229852032,17.6912120808953,16.836786961768,16.7306537562429,16.8466836432755,16.9750040235101,16.9068797626778,16.5824922360743,16.5698448922581,17.3679197690647,17.3269206505997,0.453983262642947,0.0495525595341437,0.984534738947309,1,0
"Q86UT6",18.3687392496106,19.3316194437109,18.202780433923,18.7106708208594,18.9347021511846,18.2650127967697,18.4554168081113,18.1447772773134,18.8037211327975,18.5734847088558,19.1264779790948,18.7395677113706,18.2205995898037,19.0227594237522,19.2793123332555,18.9056319294755,18.5775235811259,18.5648001799301,18.2577059469583,17.5404121874887,17.8772383667881,18.2385702237627,-0.409675540826047,0.272847689519436,0.984534738947309,0,0
"Q86V88",17.255125942315,17.3483478593398,17.1474727494287,17.9505222863638,17.3712332931326,17.300013839658,16.7353740406253,17.5134634564879,17.8939857509181,17.443594220634,17.1040385013582,17.6572856208165,17.4830567892703,17.7191295960883,17.6036931291179,17.2224525717606,17.2944076559755,17.0791730104902,16.7122145092506,17.4815897911171,17.1510635744489,16.4972908100218,0.0428708771945985,0.887649802600468,0.985429799208273,0,0
"Q86VF7",21.8377821427529,20.9820290275046,20.8840419526778,20.5280141808603,21.4846322160208,21.0400396291864,20.8304071373501,20.5387859915368,21.4191970891665,20.8137739131175,21.1701477275499,21.5807974375604,21.5919206187382,20.7034524096009,21.9369710788815,21.9920607814524,20.9887990081381,21.685441399791,20.7499614587759,20.2328464014592,20.9154175598241,22.3345364023553,0.124209245939351,0.760528969927712,0.984534738947309,0,0
"Q86VN1",17.2359569291831,16.9414746663539,16.5881388159688,NA,16.8907279447354,16.5620620696554,17.1791662434007,16.689376927843,17.1673142225784,16.5031737380746,16.8653577551195,16.5173722704472,16.6050500518284,15.6276598945806,16.4365364904736,16.2178749002676,16.2733249219378,16.6405253269658,17.0065647774445,17.0149663225387,16.4917745668216,16.7923367123371,0.00830211531599545,0.977582672013354,0.994151869844088,0,0
"Q86VP6",20.519878563273,20.9082577758547,20.9931168103585,21.0478185974517,21.0045213047117,20.8201695896784,21.3290090609048,21.1596664228779,20.9603778069374,21.0399303394582,21.0524227514469,20.7067197867466,21.1563798266996,20.814381296359,20.8583311495755,20.724594666257,21.0667590506607,20.9399036932413,21.060619406912,21.057454505572,20.9756529270104,21.1276174955844,0.220616967463361,0.19431114332006,0.984534738947309,0,0
"Q86X76",19.8136081223034,19.489692555717,19.0992375674132,NA,19.3655220492755,19.2679250887709,19.5906366118584,19.4165243914533,19.3410117099464,18.9570740317666,19.1700944274381,19.4639814383732,19.1411460912601,19.1752877404557,17.9968208460387,19.0645115926981,18.6248556530909,19.4987208871518,19.7159668260994,19.3584926624349,19.3006396487559,19.4960804929337,0.026550514856261,0.937252806282347,0.990192879028667,0,0
"Q86Y39",22.3196836753635,22.2794052257392,22.7140796342834,22.0324379894984,22.2761368604512,21.6709177957684,23.0098949707899,21.7994999327299,21.8660993543554,21.3503214865231,22.0888331446596,21.8193542486846,21.2457134767291,22.1019133197993,22.7072967404404,21.7602683902389,20.995864656852,22.3998394435801,22.7142539682797,21.2611537002466,21.5352602607198,21.3736721328165,-0.495016561881886,0.184714147105851,0.984534738947309,0,0
"Q86YB7",17.8905120162407,18.8174303547091,18.3258783411306,18.8284021981846,18.4623059095156,17.8549070598157,18.5658677140984,17.9024246960929,19.013907302251,18.6107448855256,19.0885650361856,17.8314558195394,18.152004137075,18.6738931037554,17.5074495433981,18.377057647134,18.4575003836648,18.0311118686249,18.1565902381029,18.6951785264469,18.4602838274318,18.0031764038734,0.073953553740207,0.828806404601736,0.984534738947309,0,0
"Q8IUZ5",16.9272695226804,16.5424034239625,NA,NA,NA,NA,16.4773398712731,16.4424859456876,15.5118893410204,16.761319922813,16.5042096560286,15.6893067540466,17.1670743664331,15.9812851700746,16.3404355387111,NA,16.8230335117371,15.8965247409535,16.8535598675901,16.0551522347352,15.6450708584545,16.5353151419724,-0.406375603868259,0.366892513047982,0.984534738947309,0,0
"Q8IVN3",23.0877911276212,21.3388821426345,20.7965110437074,21.487689991366,21.6901166770501,20.2083030816946,22.8837078635757,22.1989537750008,21.0831935092638,23.6277979430375,21.2131077284302,22.8493696769736,23.0394314900971,21.9058017426416,22.1575664585488,22.165661793682,22.6153238947032,21.9150253618688,23.024803130612,22.2330418640973,21.2095208141152,23.5335756446881,0.150577627327547,0.831933937709827,0.984534738947309,0,0
"Q8IW45",22.5812211918513,22.593274408208,22.5692340900237,22.5095066115718,22.6136661599497,22.5788681310295,22.5834995482046,22.7526346110399,22.814201976082,21.3567207220585,22.7675346360902,22.4036205085392,22.0203393474977,22.3786909348279,22.3794768439113,22.4874098236987,22.6546673156197,22.4627962980279,22.6615809685084,21.4597616031203,22.345808074703,22.1484961596201,0.305530034453792,0.323651622858798,0.984534738947309,0,0
"Q8IWA5",20.0223432704166,18.7443737661963,20.0738838475924,19.8098593810944,19.9785932246458,19.9499421556781,19.7033334937616,20.1306545284889,19.9717297697891,20.1164210086765,20.0364271040514,19.6913157861314,19.2093484863359,19.8079836634347,19.4805902882447,19.7090949611662,20.0115004235296,20.2301817435448,20.0518779544477,20.9363337458717,19.8179302229712,19.2691406417184,-0.353462942932136,0.291610233428594,0.984534738947309,0,0
"Q8IWW8",20.6789377432533,21.9335459218713,21.0659131767747,20.7997822873263,22.1467983565163,21.162264351531,21.8305139822777,20.2244202505407,20.9079379756954,21.9528088068446,21.456970925257,20.8822167764333,21.2339761211474,21.8768109111725,21.1499154322812,22.2155233272742,21.7412979788255,21.3403309587555,20.9119211170482,21.1549797830353,20.6600994481173,20.6685020382929,-0.642696508466081,0.138717369990165,0.984534738947309,0,0
"Q8IWX7",22.4228965474875,22.3640208479543,22.7482555940583,22.7258399039205,22.1913234466639,22.1258467925674,22.088509110841,22.3359024552209,22.0444384055464,22.799303826852,22.3411744104266,22.8303413502827,22.7957171385135,22.9690257180757,22.5630607803047,22.1457739860715,22.4814039082985,22.4554690566575,22.3989187133566,22.5526146793589,22.5143015275495,22.9152407771457,0.0404734403516933,0.859954666423881,0.984534738947309,0,0
"Q8IXL7",NA,16.7696421719836,NA,NA,NA,17.2412994010068,17.2026218313794,16.7999115139121,17.2772505235573,17.2789095866751,17.3287127770704,17.3786131444159,16.8472016492945,17.2240004947024,NA,16.7418390270812,17.486641415313,16.7081179417489,17.1700871284465,17.7783285803408,17.0156651833767,16.5868069197836,-0.274070035168922,0.405949448042707,0.984534738947309,0,0
"Q8IXV7",22.0247174535829,20.7247905205698,21.4468221005476,21.4077754919029,22.3184449491693,21.9165341215099,21.6767508830645,21.3621896072609,21.8229722810459,21.4136923249526,20.3183549683531,20.5413411761575,21.4249635900538,22.5109250574575,NA,21.595679067991,21.6559703668023,NA,21.1474153661713,22.4634654654329,21.0524981918875,21.3042328506028,-0.687550062476923,0.165705555049718,0.984534738947309,0,0
"Q8IYB8",NA,16.4957352227525,16.0056072965074,NA,16.3348052196134,16.2711670203793,15.8534018863946,16.0937069661032,16.1912069826808,16.4385504575432,16.2833426360361,16.8281377275701,16.3274859197977,16.3969806427996,NA,16.0616762695017,16.3537039344747,16.7084448722099,16.3935147187386,15.8139426929965,15.6039592871205,15.944748136817,-0.481088033333613,0.095317495178981,0.984534738947309,0,0
"Q8IYQ7",NA,15.8750596662349,NA,NA,14.5016923649909,14.9141576896135,15.2558361021763,15.3170421800155,15.2938364975187,15.0192041098758,15.0445271594935,15.3076261648733,15.1060182350511,15.4926314560146,14.9572948027611,NA,15.8344119351696,15.6221557153157,14.7896132081275,NA,14.8685793374771,14.9626553467521,0.207584865169109,0.5759123494125,0.984534738947309,0,0
"Q8IYS1",20.2135386830126,18.9442834985631,19.1529453627834,18.6560588055457,20.1789210165732,18.9530459499574,19.4135868801433,17.5161344176425,18.8170518151359,19.3113478269514,17.3780185676997,19.444763515067,19.4034761174989,17.4837854429254,19.101121321775,19.4318765364862,18.1982250647456,19.7543519982117,NA,19.9156251262279,19.4591940252128,18.7132325689207,-0.382273550618383,0.57220315471503,0.984534738947309,0,0
"Q8IYU8",17.2573813204138,17.6952635477033,17.2589658076744,17.4747472055243,17.7929334804146,17.1466776809224,17.110856430517,17.1428010182846,17.6773938244641,17.5230383807231,18.3186463160911,17.5194253965589,17.2505565004711,17.2112233353267,18.2828927889497,17.6224023508007,17.3407922772627,17.4845075145463,17.2307243270312,17.4491985716162,17.134000541076,17.2575257125441,-0.466962774793579,0.100175248835848,0.984534738947309,0,0
"Q8IZ83",17.1962308782243,NA,NA,NA,17.7901412579488,18.2415258215749,17.2534683269908,18.5854604779806,17.9978490277085,17.9843105877471,NA,17.553413391963,17.5960661439511,18.0386058806372,17.4552754961537,17.9782187193064,18.5839988673509,17.4175456198444,18.4135039482704,18.5147688824796,NA,17.8203494529326,0.0802807198063462,0.853386700940969,0.984534738947309,0,0
"Q8N142",24.8435712417958,24.9813040259633,25.4601102509981,25.3820515092005,25.0767267462995,25.2607879211562,25.5076982824714,25.5081571427188,25.0024336679045,25.3293787485751,24.9729109630584,24.9935050627402,24.7869288245213,25.5898053180596,25.138730587865,25.2605057980234,25.4659897482472,25.1984007668107,25.6005673960541,25.6432301132033,25.2943613591179,24.9327969159759,-0.0171553221102734,0.931492578413671,0.990192879028667,0,0
"Q8N183",NA,17.9674057595519,NA,16.825974154956,17.4437806738167,16.9583752851174,16.7209222207949,16.6076438325639,17.1478515387627,17.37748419351,17.2756472180156,17.482723007842,17.2352677765445,17.1988724508532,17.5169290295565,17.0880075391992,16.8344647142182,17.2987228489318,16.6167058372711,16.4430739572134,16.7536409126725,17.3018564846273,-0.480098314205026,0.119073463170944,0.984534738947309,0,0
"Q8N1G4",22.2150451235628,22.2580820111267,22.1941763247985,22.6781609474321,22.2295821481722,22.3716820056679,22.1075766900874,22.2117586376186,22.3491203088785,22.4499394624716,22.4922228049637,22.0996867730155,22.3840247210838,22.3277034455548,22.2710428921282,22.1731790965078,22.3906208513687,22.4424309564719,22.1530470362804,22.6191933017733,22.0917007446547,22.0214208021891,-0.19717837253625,0.245385741803732,0.984534738947309,0,0
"Q8N335",26.0333731361657,26.0933095441866,26.1388594461063,25.7765446133257,26.0214460104475,25.845369302559,26.5236345742783,25.6234038186286,26.354749881378,25.9413721147136,26.3757026736945,25.9243247981048,25.6381859802811,25.8608939438836,25.8051051840423,25.8340052098908,25.894593537156,26.232490144687,25.5719424570664,25.9687157363644,26.2162902756016,26.0658913821137,0.0727287070981681,0.735661119245448,0.984534738947309,0,0
"Q8N3D4",20.2770829522335,19.3057725246129,19.9570054252392,19.6932350828084,19.559804613962,19.8379943838236,19.0469589093724,19.9458532473711,19.580860486492,19.6055655679116,19.4597244500468,19.8685321129728,19.8565660079406,19.4259164203442,19.8789671893689,19.3387741871909,19.7593923151463,19.709580671404,19.7817090028689,19.5531981897639,19.5643568159339,20.3365530124816,0.0879466620192773,0.739651247483599,0.984534738947309,0,0
"Q8N3K9",25.6973853476778,25.7082754686503,25.1006733083216,25.2787167533452,25.358624633113,25.099665809349,25.3048854994355,24.855455484633,25.4582861553402,25.2107807771685,25.548199086738,25.302423343917,24.9819995444637,25.1065883533966,25.2510781635545,25.1882132508781,25.7850957910346,24.9816541312162,25.4968711451165,24.8055758162538,24.8240694775777,24.8285426930441,-0.214181251989285,0.386897834877267,0.984534738947309,0,0
"Q8N3L3",21.6103866910983,21.11572720559,21.4053615570189,21.1381431336624,20.7892495233255,21.3486615080234,21.3874804118255,21.3203862501397,21.2692358469658,21.1875305398245,20.9898275298326,21.0541273010036,21.0072872989715,21.0430974889838,21.3303979925483,20.7581663577595,21.1381137588909,21.5553989292139,21.0232244027057,21.4766265887054,21.2428532943567,21.1709097156289,-0.09328185235616,0.629512096439742,0.984534738947309,0,0
"Q8N3V7",19.0425607561046,19.0580304219207,18.8880705799322,19.582726590466,19.0214879541338,19.1541336341608,18.6841511103944,19.1490693077691,19.340663342549,18.8241701295189,19.108559421297,19.0828794809373,18.6232964375524,19.4423681928953,18.8179985195513,19.2196532154904,18.8210364003074,18.5513977367763,19.5628729977032,18.9976242791912,19.1314882111426,18.7204977161572,-0.047197968259372,0.849536501827733,0.984534738947309,0,0
"Q8N4H5",NA,NA,NA,19.2814124652963,18.9161235920814,19.0078133398196,NA,18.5485950523171,NA,18.9350991490178,19.475356178851,19.3986190179676,19.0047117214041,19.3187474711346,18.8164167032589,19.1097195270598,19.4462307530436,18.7025249870709,19.0597334141296,18.4292614660277,18.6897462410197,18.6989560173963,0.0119569570612548,0.972208231214837,0.992365658656292,0,0
"Q8N4Q1",16.815242160524,17.5666525738552,17.0635772464948,NA,17.0606338280339,16.9666714042752,17.4217769376099,NA,17.517739049269,17.8484951105174,17.8314496852955,17.6045987564501,17.2237177354209,17.6177610756442,17.1425666525272,17.5305397244657,17.7088520122989,NA,17.6385305057497,16.7705113946463,NA,17.4122127259578,0.201866589902803,0.550523255311909,0.984534738947309,0,0
"Q8N4T8",20.7164755233255,21.1528441813693,19.9128595016959,NA,21.2243852606774,21.1372703250767,20.8885847547085,19.4345031355501,21.3699891640574,21.2936904821226,21.793663534579,21.113545634684,20.9563472063522,20.4541347900944,19.8359942920099,21.4537843684008,21.5956905135143,20.9074784204576,20.496311789452,20.3675841290751,20.2705278303499,20.6046061807973,-0.243522093928359,0.572596744170135,0.984534738947309,0,0
"Q8N4V1",NA,15.8674921185409,15.9532198305446,15.7227842010613,15.6495754174503,16.1347075373589,NA,15.673790346666,15.4017779861617,15.84429056764,15.0602335869467,16.0991984965138,15.9314129137258,16.1917421955895,14.6636891019635,16.0243203685411,15.8670886429764,15.0275924757743,15.3212160366075,15.9588688616376,15.4897375954817,15.8582258823657,0.4101611085004,0.238841677902776,0.984534738947309,0,0
"Q8N5G0",19.6390933494035,20.1440237016325,19.4048557902566,19.429451596748,19.9293708850554,19.7110416856189,19.7616435874638,19.2777847626703,19.1433048742322,19.320051488217,19.4661498268251,20.0172834490368,19.4819129447215,20.0750733609256,19.3341820264414,19.8932736995189,19.8618872896968,19.9420041978982,19.9944422769106,18.7633041838171,19.0838855624866,18.7544349201831,-0.404568598775839,0.229402091625604,0.984534738947309,0,0
"Q8N5K1",17.9419163360554,NA,17.9393767904881,17.9723205330424,NA,NA,17.9574214799121,17.4372979144039,17.6669081033791,18.0716675160031,17.7756497382852,17.9205001530762,18.2713804702917,NA,NA,NA,18.0006609327895,17.5522294888482,NA,18.4214335045524,18.0158160436672,17.7971740553677,-0.12687244578343,0.673487932728174,0.984534738947309,0,0
"Q8N5M1",18.2769929404739,18.3203314434273,NA,NA,17.8534008724234,17.617922527727,17.940424956501,17.4344065584966,18.0766446529452,17.5732069103293,18.0950640115852,18.2483751914372,17.5425198938088,17.9567160843908,17.5232613962069,17.593374531188,17.7158501872237,17.7283151641682,17.5104609475769,16.5246825948928,17.3627774157099,17.447868615155,0.0803786311330121,0.813703171728275,0.984534738947309,0,0
"Q8N766",17.3602309626754,NA,17.0188724342853,17.3361059862893,NA,16.832903654527,NA,17.0677337607837,16.5897063573045,17.6546273007156,16.2889747088045,16.8417645832675,16.2892535490926,17.2487970375694,17.0599244584224,NA,17.4714485413934,17.0804959178741,NA,16.696062957305,17.4495973095496,17.5315923144078,0.0815420570429062,0.840835213801109,0.984534738947309,0,0
"Q8N8N7",23.3419685461208,23.2299621859427,23.8164153610578,23.328950258689,23.0776222386709,23.2991940686241,23.6866872073528,22.6720497473211,22.9897131182435,23.2742077268148,22.9969507956743,23.1448496409723,22.5512598826438,23.5193327004708,23.0191124785839,22.8524326350209,23.0202000519108,23.2139060837633,22.2668449506709,23.8687503286022,23.5317245861188,23.1834813858439,-0.0348190664415924,0.913714859380385,0.990177959758745,0,0
"Q8NB12",23.4812307317501,23.7974442931353,22.9951975409278,24.6856381797816,24.1007123101383,23.6388348909381,23.9143849083189,24.2085380085061,23.5609111381478,23.0368224617515,24.0717698292223,23.981725640023,24.4876971282967,24.1982476883763,23.4820103176801,23.1941009654543,24.0140898060767,23.3658326248805,23.6664069073,23.3825725041926,24.5001452649746,24.1561686846799,0.621772108745503,0.113870561087249,0.984534738947309,0,0
"Q8NBF2",20.2078311738935,20.1087095237089,19.9936243090643,20.1506378669143,20.212899619189,20.170193952753,20.5315262129077,19.7998996514655,19.9005951777389,20.0337325424518,20.1817359468996,20.190990851628,20.1667359812975,20.1274148557089,20.0995505995615,19.9589119194264,20.3182810478936,20.6505493748633,19.8921626456621,19.6413147337757,19.9919215018664,20.4202613026924,0.0150581760219737,0.942002644290937,0.990192879028667,0,0
"Q8NBS9",17.3273689018443,17.1053404898168,17.2644563226729,16.8764856199965,16.9268419408589,17.0082199665362,17.1424610271759,17.1599193411027,17.0280869684608,17.7357105892305,17.1701840422991,17.2545460477196,18.0755343201324,17.2498541078861,17.5242703444369,17.2916030108395,17.2927667588416,17.4363987952923,17.153408960217,17.374024233459,17.5313350428194,17.583321185926,0.039263973572254,0.85434634566524,0.984534738947309,0,0
"Q8NBU5",18.120202462788,19.444867259778,18.7566869432243,19.172475518289,19.0811293376716,18.9877983725996,18.2518839008978,18.639325184436,18.917872578612,19.0242442840155,19.612625627294,19.2923487481441,19.1365838550624,19.2972515324808,19.0398155717955,19.0319864213248,19.1511172990185,18.688096945189,19.2664728216102,18.4355881438246,19.0361340297029,19.1387898893799,-0.111780694807159,0.707293048612774,0.984534738947309,0,0
"Q8NBX0",22.1568657021527,22.6547444404974,21.9962878707093,21.9876191844625,22.2374765153078,22.2623774628382,21.9333255733716,22.1229901814547,22.0618399941654,22.1658338847793,22.3180845030295,22.472563938835,22.3747510946818,22.3955644498474,22.2688544925588,22.214670517276,22.3280604521345,22.370030396167,22.0614469470658,22.1184396109062,22.4598458711842,22.2069155642059,-0.178883796857583,0.239566662636652,0.984534738947309,0,0
"Q8NC51",20.3786693997723,19.3172916183782,18.8562242837679,19.2866729677054,19.4887843437746,19.1485510274911,17.9791888701821,19.5722900296409,19.4510208526659,19.3262014803381,18.9223948979089,19.326726790295,19.4886173118977,18.9984000541383,19.1269767180338,19.4180708098582,19.2198170075515,19.0264895651357,19.2715180736642,19.4576705718701,19.5188627039595,19.4219909696003,-0.178432791526127,0.59055160775734,0.984534738947309,0,0
"Q8NCN5",15.5492985840135,16.888449997224,15.7591561527303,15.7068826424398,16.3039204199035,16.1894262003037,16.727411569819,16.1356156179622,15.9354558851816,15.2416587534845,16.9636700122407,16.2024080744273,16.2051904505505,16.6172352567251,16.400497197469,16.249025830885,15.8703017418202,16.5207958610257,16.6917213262706,NA,15.6572214520594,16.0512420355256,-0.652371110473467,0.0827620941072091,0.984534738947309,0,0
"Q8NCW5",23.100707090567,23.3223347163848,23.4923950798107,23.1087034791964,23.2402256537528,23.3042291993612,23.6866645174197,23.1383744504189,23.3988152164171,23.1598001328471,23.5677541273366,23.1852171919156,22.9193480609222,23.1656714600831,23.3952494061651,23.3762818978685,23.2349009431089,23.2783378381074,23.3124145484079,23.2608495567932,23.4259460388014,23.2167759085887,0.0263891735671926,0.877447169040234,0.985429799208273,0,0
"Q8NDH3",20.9282682614587,20.4518328958636,20.9157247051054,20.078609362528,20.5836342838498,20.701411191466,20.1194448503199,20.6431024729409,20.4372406564818,20.7939351220951,20.6206441529275,20.9905345593987,20.4555031036406,20.7788215857744,20.7629175415385,20.7029094199035,20.8065553891478,20.7051745174381,20.6535886759783,21.0496051758917,20.4515494116927,20.8114245195886,-0.328072007230489,0.116384490922707,0.984534738947309,0,0
"Q8NDY3",22.8272873744643,23.8789120348858,24.5937691167653,24.0920388720434,23.7720367741613,24.0824578018246,24.1932407628517,24.017172325635,24.0752171481548,23.9915385373168,24.3550111462404,22.5936991227764,24.2346745326903,24.1013546121509,23.878577020237,23.8548786046891,24.0516955388424,24.4792030366876,24.0252300530306,24.0324640331781,23.9273632096918,23.7834104932163,0.014001532868722,0.967078252697898,0.992365658656292,0,0
"Q8NE62",15.4987695666425,16.6800550455958,15.0088763628225,16.1614143311405,15.892711002135,16.5117671325358,15.9222705873133,15.5184313739887,15.8043228660021,16.5952612074605,15.9875934223788,15.8512657784819,15.7897453110924,16.6375358527917,16.4833383716186,16.1460618533868,16.8887091869251,16.9670273953917,16.4294484026832,16.4426217350548,16.2080887226282,16.1890686323177,-0.924467562573948,0.00744366517665681,0.984534738947309,-1,0
"Q8NE71",20.0974353430294,19.2416284867347,18.4529895173368,19.1121003737032,19.4298449157915,19.0487166123223,18.5599931082138,19.3197345670731,19.1510387244801,19.3807245291021,18.8472187102316,19.2928695876905,19.5200335533631,18.9280663513706,18.9860880122434,19.3530227718284,19.0260154162095,19.1246195594969,18.8007088811832,19.3862004170887,19.0481671230534,19.475517870663,-0.180955765182432,0.504758262044376,0.984534738947309,0,0
"Q8NE86",20.7774599028552,21.1899326209243,20.7228427510416,21.1705820184031,21.5543046476178,21.4893293802748,20.3285431415839,20.8745828553407,21.3645433274626,21.3310303737452,21.8273814855578,21.467492892168,21.1263589041718,21.1288734923703,21.5527359077646,21.5423577871013,20.7867213760688,21.1343137891012,21.0827051636308,20.7004073893446,20.5475312139263,20.816916953292,-0.541264877050367,0.0832587753955243,0.984534738947309,0,0
"Q9H496",NA,16.0918971819434,16.5165387628069,16.0076548792287,15.6440675439074,15.7623716586819,NA,15.6820163223871,16.177286694463,15.8693258989884,14.7441196043652,16.3041429556741,16.3970662327253,15.067857515961,16.2271838709204,16.3457004201415,15.8819161212079,15.9207712861426,15.6762211696758,15.2709706098392,15.7754608471007,16.3087757838567,1.01352830514627,0.00804608773664751,0.984534738947309,1,0
"Q8NFV4",NA,18.927190083846,17.0154948736984,NA,17.509859851139,17.5244117616105,18.5790944499398,18.3570926336329,18.6647121684329,18.870935441366,19.1012117127118,18.2604903144819,18.4310117500051,17.8810958191725,18.4559132613641,18.1652051709281,18.5018344356926,18.5407267310346,18.9858396747877,16.8592090875461,17.9107827657712,18.3256535529783,-0.104741371057248,0.847641618116156,0.984534738947309,0,0
"Q8NHH9",18.6840468020433,17.7189312424517,18.5849392746772,18.0290687514705,17.6423899139588,17.7161620512027,17.5419144586867,18.3706420792117,17.8117663143345,17.3705729679643,17.6914882898047,17.1247781117784,17.039010886517,17.5504428294125,17.3402962147983,17.3588527533674,17.2737225574084,17.7297508709316,16.9053211063503,18.4817943073987,17.6087182828993,17.2645789289113,-0.0595098478594487,0.8630062321085,0.984534738947309,0,0
"Q8NI37",19.1339033459947,18.0268573025431,17.6663143330266,17.3110825378919,18.7177882354543,18.7170100614167,19.4462101157408,18.0692263503756,18.9580651132152,19.0471487036304,19.2954124542036,18.9368249888008,17.7015154864966,19.1879662923331,18.1350427076431,18.8426636032208,19.3594034957518,19.1937023314235,18.9173392148126,18.1488177619032,18.467105751734,18.65943647101,-0.588255689277865,0.222540907950739,0.984534738947309,0,0
"Q8NI60",25.0218992452317,25.262111630422,24.7314024755498,24.5968711915616,24.9887276251492,24.8425684986882,24.7690168320461,24.2545157059341,25.443585399817,25.0614733866564,25.306954566617,25.0225924626603,24.688327650338,25.0353342329392,24.6528027075327,24.8068607850285,25.0123190467487,25.1169002877483,24.4573031322051,24.5340295592059,24.8152750373033,24.6188347496822,-0.253449866445077,0.290628742899948,0.984534738947309,0,0
"Q8TAT6",19.3540190782666,19.1921031501168,19.7442477216582,19.4400777308641,19.4024325975821,19.1964162391316,19.3482733691184,19.5706038085959,18.9935776770158,19.1595435990265,19.4255045153387,19.0201418230062,19.5524427451285,19.7884932955192,19.5613278121414,19.4689456165458,19.5390924529691,19.0070375166568,19.2838212778618,19.218919814052,19.4521919515497,19.5091889602263,0.182766846531411,0.369375912891462,0.984534738947309,0,0
"Q8TB22",NA,NA,17.4007951888946,16.9188925688385,15.5297737126583,17.2058981822109,NA,19.4839438969606,15.8394000186626,16.8578147065085,18.2473825614789,NA,18.2954849520908,18.7071797227349,18.5191483947629,16.6890335016592,17.1631854237416,15.8223420461873,18.4161114769682,16.2477030321082,17.5646860893596,16.4912870432927,0.0906737324062767,0.926913045390597,0.990192879028667,0,0
"Q8TB37",18.1072005013361,19.1476362736307,NA,18.1725241881395,NA,19.3728366177449,18.7418719574977,NA,18.2042410565589,19.396011724537,18.9575881963005,18.7899967936658,18.3586680630067,18.9897371171268,19.1320002481524,NA,19.3939428522159,18.8987678503726,19.2787548340182,19.2491442020942,NA,NA,-0.874067400650059,0.0349858773653512,0.984534738947309,-1,0
"Q8TB45",20.8879750917608,21.0112787641419,21.8912467284424,21.3616873316186,21.1492196077078,22.220236285529,20.9788660311366,21.6938002026382,21.4250446027822,21.6499846619616,21.2696468954669,20.9137589940943,20.8752401966693,21.6916039924303,20.441648676543,21.4234098658002,21.8238418185102,21.2302582104283,21.3128407839553,22.4124851454698,21.8062734796691,21.477719539758,0.0743453822137283,0.848856784610797,0.984534738947309,0,0
"Q8TCA0",24.0657931897086,23.8939413214897,24.5977234089412,24.7278236829509,24.2347590701668,24.3299135234169,24.7087767150498,24.9477477723272,24.3804252275751,24.0872033026649,23.983429811362,24.1837447614919,23.5809418674508,24.5591536486601,24.275028767439,24.2006672801171,24.276693689371,24.4051983727834,24.4545193614949,24.7712054368179,24.2460713330389,23.718637942844,0.114764353180586,0.563125668886038,0.984534738947309,0,0
"Q8TCD5",17.4218164111337,17.3456367875039,17.9960159909333,18.1147928061212,17.3575930683407,18.2238049763531,18.3729132972913,18.6697269355637,17.4669777177022,17.8736771306524,17.7974187556164,17.6766417902759,16.7868122148692,17.6312574758436,17.9334133514817,17.9363725568179,17.8108068891054,17.835957671485,18.2840073322384,18.5690631644288,17.6964569004577,17.9896559593696,0.0528120806427985,0.870377354066272,0.985224662710431,0,0
"Q8TCS8",18.0875333554217,18.7353288972558,18.4867448809145,18.7821649624265,18.3189325754516,18.0228168986513,NA,18.1896070045073,18.0620677248183,18.2979277579611,18.5009416481193,18.3330222142089,18.2831993519224,18.3944297342157,18.1576089358773,18.0432604889122,18.14522313007,18.6071150836142,18.2636015316135,NA,18.1605641785593,17.7513074811684,-0.171179815359025,0.463853506083645,0.984534738947309,0,0
"Q8TD19",17.6342525023844,16.345405609773,16.6165540228306,16.3112374668082,16.5682527124432,16.8129383178884,17.059114593089,16.5356332222845,15.9016864711682,16.3674925060208,16.6453853635492,16.7703272676736,16.3928193964596,NA,NA,16.8150907317036,16.0520614767226,16.5051697171871,16.9329780914947,16.3599090569218,16.5960564490725,17.0056701983965,-0.236954256434359,0.498934187927342,0.984534738947309,0,0
"Q8TD30",16.0216161990791,16.0202245159364,NA,14.9927998641026,16.1060362149911,15.2256365634074,15.4202636687589,NA,15.9422852152695,14.6476889240582,16.1832243251869,15.900831790317,14.5452465332316,14.5018100478974,14.3805546249781,15.9901482550867,14.6933651782506,15.7975336907142,NA,14.1211558386025,15.2198765138586,14.3534709378746,0.162397396376472,0.773833005031833,0.984534738947309,0,0
"Q8TDX7",20.4173782840451,20.7732466699078,21.4341546900012,21.2138854175461,20.6497835481105,20.928555709224,20.1530423485027,20.9077870977827,21.0899404514421,20.2968601417609,20.8437556642757,20.5864786181918,20.2700160442441,20.6625477223474,21.1589853053101,20.7658092401175,20.6247808847545,20.8815358165055,20.4699017219363,21.1228381384329,21.1536493084939,20.7291220797982,0.137312953194538,0.620810355362873,0.984534738947309,0,0
"Q8TEA8",17.4982603904004,16.1174222880026,16.6119420295166,16.5266822662007,16.3756137035681,16.5662446219666,16.1233968251983,15.981321716903,15.8764105841162,16.1741179960207,16.0916691188366,16.633198687132,15.7922046985932,16.2451679335228,16.5066305796498,16.1059294093094,16.19553083756,16.2289236699853,16.2349182735249,16.7135853233535,16.4244912583817,16.2495735833009,-0.398961079039957,0.184964153372065,0.984534738947309,0,0
"Q8TED0",25.8914344411487,25.9127537933669,26.2190052306771,28.0791468714019,26.3638225693714,26.1318063600483,25.1207830277906,27.6376544555917,26.36734503323,25.5433471921551,26.4442892949011,NA,27.4151010158257,NA,26.0902453689048,25.6381378078694,NA,25.5140384651401,27.6445648524488,26.7532240914461,NA,NA,0.66516246012452,0.416557779403753,0.984534738947309,0,0
"Q8WTS6",20.2353528586447,20.1321035325712,20.6072495337972,20.488076397607,19.9804083352866,20.7352188289294,21.1573430028531,20.3897332255459,20.2486251329361,20.4819256248295,20.5723333786659,20.4699689206723,20.7885550109639,20.5001203247993,20.5905165659338,20.2029635866882,20.2951139623025,21.0564938719477,20.2516168785082,21.1297173848436,20.6697869234379,20.7429266661678,0.0445078718922431,0.862495792940414,0.984534738947309,0,0
"Q8WUM0",NA,19.5807382252557,19.417058011463,19.1750308197767,19.894049530008,18.8516172636,19.4075679451263,18.6304795144271,18.7840692662896,19.0801453620227,18.1230095984312,19.072894701398,19.0995006895572,18.9522628406036,19.0541852236182,19.0531044893357,18.7751051344881,17.8772642289508,18.6969945603189,20.2281354878789,18.1636069566688,19.7221099168901,-0.00532419590527056,0.991447558028378,0.998338651984889,0,0
"Q8WUM4",20.6563234049928,20.341409402924,20.3472270237369,20.6558208033961,20.2581662716248,20.6455535211317,21.1223084282085,20.6794181309088,20.3722758400914,20.5728940456946,20.3137392202446,20.4926111371773,20.4352124910853,20.144290343016,20.5277318555953,20.4179515625169,20.5624100206696,20.7980421648209,20.5094889012217,20.9264376185285,20.5171184058494,20.6827932117066,0.10754702903062,0.596358266939679,0.984534738947309,0,0
"Q8WVI0",17.2708965542777,17.6390988766182,17.3025932418069,NA,16.8694184705176,17.0060968304723,16.529096032082,NA,17.2439728176073,16.5678699264068,17.3295813625611,17.4085513548007,16.9053783168591,16.8631175345738,16.8469723164537,16.6743669937375,17.1065456345787,17.2905121605256,17.7766276056231,NA,16.7341145404007,16.904773104673,-0.325428194668845,0.330549985916333,0.984534738947309,0,0
"Q8WVJ2",19.3773252962541,18.4473345692996,18.8193091165185,19.0176325634638,18.7129693837794,18.3435387206698,18.8649740890841,18.8519646739947,18.5270509221486,18.4930495170989,18.4219874493077,18.6684603241905,18.4757319423146,18.7684906574871,18.7763901921924,18.4809886273296,18.4211551007029,18.6394276963429,18.9046787485219,18.9032814806688,18.8286885768129,18.3228315875053,-0.0819922782596052,0.699871334564164,0.984534738947309,0,0
"Q8WVM8",15.4813449555235,16.8705060922302,16.8565858509227,16.6997732541829,16.9408603442793,16.2232877727936,16.4390020496157,16.5688726270997,16.6517725501878,16.4189188139625,16.4408542749007,16.8794963823984,16.9007927542296,16.9917501862746,16.6261107877802,16.5227933910654,16.1062203609295,16.1155641811909,NA,16.3191238369255,16.3506571941316,16.5323581294405,0.284378089381288,0.365884424734462,0.984534738947309,0,0
"Q8WW22",19.8719193353885,19.7954743520556,18.9518167789365,19.2608561313129,19.1644136120574,19.5849529089141,19.5112573832016,18.8464807737176,19.4414912546467,19.8955636883867,19.7037380817318,20.3540585518817,20.6776806381845,19.0956699738093,20.3231201192385,19.7188504213805,19.7701292461264,19.8635127421616,19.3427451611094,18.543989015404,19.2925734912345,20.4200594379303,0.138121363385814,0.708878696200959,0.984534738947309,0,0
"Q8WW59",19.4573475165889,20.1659683695087,19.3268767003197,18.9048080073721,NA,20.085486683892,20.4855050441802,NA,20.0495227310276,20.0732032867141,20.48142975033,19.5219458185683,19.9459922364065,19.4436936962263,19.8427853760449,19.3622694389196,20.4490020738226,20.8015171533712,20.1355400511857,19.5038771020875,19.2984711911012,19.8367856601571,-0.56051121942567,0.186462926356158,0.984534738947309,0,0
"Q8WWV3",17.7305276895961,18.7934926900869,NA,17.7168943431685,18.2418161134246,18.2174156356111,18.6343927424285,18.5405664287195,17.9872069254667,19.4354675973899,18.530035235284,18.479894230867,16.7997335035318,18.4202425105223,18.5009151616067,18.3440127562678,18.5602725509678,18.8527220273565,18.556393428895,17.8927120455854,17.8610703742539,18.2301624723037,-0.670943410813191,0.136855099800312,0.984534738947309,0,0
"Q8WX93",19.9285788870901,19.9612020080034,19.154273824978,19.996922612059,19.6191731693271,19.8089167085874,17.3182059207072,20.1770934134275,20.0041999387773,19.8200554668605,19.8532776162607,19.7440376884045,19.6244020549755,19.4479612647678,19.2839972915182,19.2714313317807,19.5944584417291,19.3080887690024,19.9463355139689,19.8216820314007,20.1580919134927,20.0788441149324,-0.318130217277528,0.498176019831649,0.984534738947309,0,0
"Q8WXH0",19.143525683327,18.1365715371518,18.5633169664909,18.0246350740749,17.7761209622177,18.5542422705682,18.2825286213845,17.9503016113414,18.40184673884,18.0512194923985,18.2451813709623,18.0671224977206,17.8557170110831,17.8221910251869,17.8965449588689,17.0456659258227,17.9205355485207,17.3776826523109,17.9942319999531,17.7585871645432,18.4114668987484,17.9729644131633,0.0357800719925976,0.906731530074757,0.988034391219199,0,0
"Q8WY91",21.2206686409087,22.4234555614547,21.4499986618709,21.749017164533,22.2102226036844,22.3875622727826,22.2122034984279,21.7811571545362,21.7256637212799,21.759865849769,22.0255756689872,22.3446350688215,21.9781741271833,21.8738815771655,21.8495769764192,22.3109761559976,22.6164954422548,22.0643163851514,22.1849767467351,21.5433306929276,21.6392322994293,21.6919814484233,-0.0272511114630056,0.925259826112959,0.990192879028667,0,0
"Q8WZ42",24.1546968889527,25.2904985761663,25.3399591514607,24.6860782744374,24.5415724224153,24.9947528946377,24.1873501433355,25.7219222580698,25.9609298926926,24.379999470017,24.0954833587792,24.0965251525662,25.6305053388168,25.1125606136318,24.8701879551013,25.1811032984033,24.4651767973847,25.5568871536975,27.0941577070841,24.9944154116273,24.9362008463509,24.8657534856024,-0.060016939536478,0.90639196615858,0.988034391219199,0,0
"Q92499",21.0122045105218,21.2944711611684,20.9176254927396,21.1187378735119,21.3062402061543,21.360118939462,20.4998296486185,21.0712889729625,21.2299914393488,21.187381914314,21.0484276454499,21.4697973519259,21.5631863378034,21.2166372377424,20.6754387663298,21.3191517285572,21.3176514786053,20.9265677661918,20.6997471959139,20.880332492202,21.3599337913248,21.5096907223037,0.309511166001954,0.0995237470426648,0.984534738947309,0,0
"Q92506",20.7965805785292,20.690483118403,19.5408850092232,NA,20.6697580114629,20.6467917811532,20.4899215442515,19.6283660824213,20.748634640692,21.1860776819927,21.3310585387346,20.5064027240826,20.2736197144514,20.4190785485067,19.6026976552596,20.8659112797907,21.1825107638793,20.6410645054491,19.8756989758463,20.871017066434,20.2399878132723,20.4330979061699,-0.497385239245546,0.1765173343485,0.984534738947309,0,0
"Q92523",23.8619534481618,24.3051465291057,23.3381107746964,23.161430047944,23.5040500970171,23.7751336375187,23.8190794843757,23.0551299542873,24.0166072618859,23.1253465359344,24.1672151040648,23.287883794002,23.18321282473,23.3855027762308,23.4686983143793,23.4710021187702,23.5525392915384,23.9310666603244,23.0533804186898,22.6599501817231,23.5009105855858,23.1981137964988,-0.245845322411142,0.435791488304181,0.984534738947309,0,0
"Q92530",20.2767985395096,20.7832995370407,21.297910567222,NA,20.9036136635431,20.7567335532428,21.2797117466227,20.6896744206888,20.9487873425158,20.7469695688225,20.8611363349527,NA,20.7872937925779,20.433466547056,21.1405365338257,20.3153451685834,20.8043584179023,21.0017726195825,20.9324755988841,21.5739690285614,20.6473967455052,20.5208052971427,-0.0736581561820095,0.777226729890716,0.984534738947309,0,0
"Q92575",17.1439856563484,16.5047529053467,16.0802871567755,15.8746411206208,16.2293979304514,16.2615473828871,15.6753380683226,16.1632554066405,16.2104296606702,15.8335411864904,15.8403247933343,16.529779181648,16.3661511641809,15.929975341347,15.8292060005589,16.011891756751,16.004039140259,16.0456731533421,16.5158688029214,16.6114954634597,16.056064580681,16.4233955397195,-0.256024884989692,0.361249341329328,0.984534738947309,0,0
"Q92614",18.8405789428797,20.0125740818574,18.8988369025877,20.110237189176,19.7622890580607,19.6090211580512,NA,20.0116699062054,19.8207417321148,19.5269562861991,19.1275128851025,19.5687051111689,20.7420946747926,19.5209822389246,19.808622976734,19.6767080372561,19.4790450635903,18.9128529470128,19.6751434987882,19.3574408801464,19.7231906915719,20.4708510627375,0.707620780237932,0.070832816301696,0.984534738947309,0,0
"Q92616",17.4526448299343,16.8457095539414,17.2509805982362,16.3814305685737,17.1504815541567,16.6647372346433,16.5012688052872,NA,16.645978296326,17.024920192716,16.7107150926181,16.889602553046,17.1368886363194,NA,16.7788403853904,17.1197225591259,16.7267283700927,17.1824428328872,17.1268571216338,16.4202131070178,NA,17.3202465571906,-0.124116592021394,0.661792757101166,0.984534738947309,0,0
"Q92629",22.122848360999,21.0642317062634,21.5541137455223,21.3126912855138,21.1386901186627,21.5412866984939,21.4799743557186,21.6791522222358,21.309174827931,21.7364638369076,21.2167095730163,21.3745871021401,20.8518180685804,21.2064395785344,21.0432939569075,21.1851618626935,21.1660557795581,21.1323185215014,21.2569643005877,22.0591524102235,21.2055431665076,21.2656398666692,-0.167849874198936,0.517160805908554,0.984534738947309,0,0
"Q92667",15.4789788860451,16.9490125621379,16.0723344432117,16.5396861520998,17.4851977473156,17.0040057051311,NA,16.845073796191,17.3159449159825,16.83778184478,16.9396868909099,16.7207947896472,16.3994171958081,15.9046819749179,17.1784217447057,17.6540675067937,16.5608717378733,16.1249751330351,16.6672580080049,15.9951371263493,16.6057004925787,16.5347395893247,0.277436511655356,0.535576290768729,0.984534738947309,0,0
"Q92696",17.5719705938339,18.2135662446449,17.9889949770339,NA,18.2580301147322,18.1872170723422,18.3141992445727,17.4788284379859,18.2227705454195,18.0302242605556,17.9567281857333,17.9984899246243,18.1991633468245,18.5495470394986,18.1548310025243,17.9394415033561,18.5343149318213,18.3237987764446,NA,18.1501052713021,18.0636248968097,18.2452516602862,-0.15809710774511,0.508589449303266,0.984534738947309,0,0
"Q92734",20.0178846778756,20.9692085492505,21.5587440529737,21.0619851281267,21.0998545715556,21.4183737104967,20.9707175882435,20.6883520638903,20.9362485117835,21.194753815037,21.1047176401384,20.6988159964834,21.1055936472419,20.8117983646149,21.0672367390026,21.3576888882848,21.1645427566621,21.1488020557349,20.496242550156,21.3691238659034,21.4624218856891,21.2693566175401,0.273506558512473,0.351520432742133,0.984534738947309,0,0
"Q92747",18.6161452993415,18.3999069656648,18.0479173414351,NA,17.8454600083096,17.9170431722733,18.3843051210413,18.2580548949996,18.0839142662968,18.1552156287013,18.1628417794989,17.908152509369,18.3266471833738,17.7426047541414,17.9213019504082,18.0915569486382,18.25043021504,18.2058517192107,18.1833231453714,17.8202678007348,17.8854501170186,17.980201142942,0.108731406601812,0.597001042546454,0.984534738947309,0,0
"Q92791",21.9701193409393,NA,22.8910601066553,22.6741906153331,21.1342035603986,22.3307112202503,22.4736259858618,21.8170355236116,22.6476378226693,22.385323601764,NA,21.9173274423893,22.2579790990961,22.9109191736068,22.4578423400035,22.1223483443964,21.9085876148123,22.9613375047864,21.8177462689299,23.4845154018652,22.3871292544497,23.5025908682181,0.146239464863697,0.746107398227414,0.984534738947309,0,0
"Q92841",19.2332764888905,20.0537222751673,20.2527242779406,19.9952595746321,20.0598045633266,20.2179031326861,20.111468520723,20.3381217848109,19.9283576616574,20.2236135884052,20.1374771180611,19.466920022475,19.9779555810883,19.9818670904011,19.9156823966188,19.5652249456446,19.9843325337211,19.7285655898347,19.8751303093609,20.5819864642496,20.0290402306433,20.1982829427982,-0.0088001578346244,0.97198642487015,0.992365658656292,0,0
"Q92879",15.5490632049772,15.3967571608956,15.9213257117938,16.5101553386277,16.4208038449049,16.2499976654683,16.6365903263697,15.7351601641856,16.2055776722669,15.5736868090324,16.272991324326,16.1745801661963,16.3867872973233,16.3573423034085,16.1500823017121,15.9925060438409,16.2015476791308,15.7095503787395,NA,15.9426123322605,16.1783740444114,16.7239162940533,0.537370714263917,0.0840791626881677,0.984534738947309,0,0
"Q92890",19.583975595447,20.1964506962586,20.7380139335204,20.2807347348284,20.4849848955109,20.3382530239291,20.5737404247676,20.6722340051687,20.1540263341763,20.2295182480179,20.1322195309641,20.8755519846097,20.7549288514961,20.4706938225099,20.4975634917175,20.7448363749401,20.2971611908451,20.5038520474962,20.1777753466738,20.3367514982974,20.4682405118235,20.4942883263269,0.531356853472296,0.0195897942982648,0.984534738947309,1,0
"Q92901",17.1952402955854,18.4203498368715,16.9013622698505,18.3214776392968,17.8135126307023,17.4242689723816,15.7233248865662,18.0878439644362,18.033226670455,18.1925439747657,17.0617018959361,18.4708114780678,18.6718143137794,18.4111600776627,16.5126307557357,18.2487368197665,17.668968914312,17.4168863706739,16.9385300006652,17.8096723333317,18.2141868389557,18.4372004711093,0.596354716798462,0.287075926371679,0.984534738947309,0,0
"Q92905",21.8364929514274,21.0705103115593,21.5127801657968,21.1529808564044,21.100953966446,21.29581206586,21.3936710400049,20.7741457343165,21.1585638648099,21.1287294439019,21.3799203681536,21.1320574825935,20.8099095527223,21.3347005036121,21.4051583292838,21.1754825766394,21.1998209131347,21.1550961287809,21.0598405845706,21.1781917785937,21.3690977844655,21.0671490987334,-0.204652749211647,0.322568991232175,0.984534738947309,0,0
"Q92945",NA,17.5975433143284,17.8761373451386,17.5022130478175,17.7046537162036,18.0647205755129,17.8988576001076,17.5500734939792,17.906110104969,17.7240982992433,17.7409104959321,17.2688119722444,17.7473388309805,17.7434564249795,17.4340673357766,17.4972603132726,17.7366083517103,17.5250331342197,17.7167606837699,18.2078606663951,18.248027797463,17.3999186862199,-0.089101760866992,0.704468466124794,0.984534738947309,0,0
"Q92947",18.8115427936675,19.7174069159937,18.9142848199569,20.0267314170652,19.9637548207398,19.5167419403365,20.365868475103,18.6814407966218,19.5740558441326,19.7169314308494,19.0989475706766,19.6224892167829,18.8604674633344,19.029862580605,20.1071940713696,20.1295923382047,19.3753351808974,19.7047897337098,18.747331175579,19.516515116082,19.4320362787284,19.4092870335348,0.0919847416433477,0.819247178142308,0.984534738947309,0,0
"Q92973",16.92508642473,16.6185916613997,16.9382733191235,16.0231579358733,16.4183064831806,16.5088575826313,16.4341258025456,16.620611323455,16.368590517229,16.5767731770883,16.3352421172211,16.6907034052782,16.8700823346266,16.5252502057185,16.4258484309891,16.7685153513737,16.7252070194028,16.5168400676369,16.448976489253,16.1860028385925,16.5109699649918,17.0575859018294,0.26306926174918,0.197059376055993,0.984534738947309,0,0
"Q93008",17.6393911895504,17.8089976265876,17.6960601300466,17.4770008267307,18.2924243117672,17.8508111764385,17.3482292859178,17.7919384816708,17.4841638670814,17.7841003896416,17.4725018718088,17.5631091129184,17.8300295340167,17.5170473328021,17.6752106740424,17.9581451066874,17.8238339970853,17.7123461375391,17.7472857893475,17.7758029689092,17.8773085139476,18.0612685306725,-0.081815357316291,0.652901216110944,0.984534738947309,0,0
"Q93034",22.27209178171,22.4096536694704,22.803311823037,22.8793083442907,22.5840595470466,22.6821012486333,22.4217594173536,22.8476937672826,22.5704551928192,22.2211024335197,22.5254379072534,22.3756752763851,22.0632163888811,22.4665930266503,22.3569069608722,22.4240667063781,22.5326737766826,22.4943101081379,22.5437774824017,22.7797539081068,22.8562129894018,22.3740862436853,0.164818210686281,0.38634849021409,0.984534738947309,0,0
"Q93052",17.0334339466067,16.9246789592672,17.0256943084502,16.7722028301488,17.4987992457003,16.8350242432289,16.8728623865217,17.3653996238525,17.6058878013954,16.7898942509996,17.3222053440355,16.8615084977134,17.1385294705545,16.5978558882442,17.0623684479698,17.3204287525786,16.9462102656062,17.4031146249153,17.4280180978728,16.46608259061,17.8274132769141,16.3289036293763,0.140081110635467,0.669088360911655,0.984534738947309,0,0
"Q93084",27.3002657363039,26.7906229925035,28.9437124464621,28.0817803627683,27.1023803009498,27.8109861075347,27.9559083932685,28.1781810507031,26.4746936490489,27.5042157165677,26.6541519391044,26.9964336370506,27.2215297454989,27.8798749302826,27.5317416025512,27.1031710518989,27.4108342616925,27.7154232476704,28.2706974105305,28.3204744852155,28.0185984732267,27.7197227638503,0.201157368575803,0.641784526573702,0.984534738947309,0,0
"Q93100",22.0749723517186,22.4310991737386,22.5055591074183,22.2620395559821,21.7310276015792,22.0428467290993,21.6497019491161,22.6616757024153,21.7902957682363,22.4287918379509,21.8612019524825,22.682802675556,21.9170410597831,22.4006281827918,22.2075580571464,21.9813779219026,22.0927766387997,22.2798108749152,22.6952349070529,22.42966560865,22.2732380361178,22.3122699882516,-0.113797330503985,0.655873377325769,0.984534738947309,0,0
"Q969Q0",19.2872640952598,20.434350069728,19.9958338537334,20.5885487538244,20.733050959694,20.5527593166892,18.3943811172324,20.6037488592758,20.7179328310581,20.492372535766,20.2326746252197,20.4832395036322,20.6024272883507,20.2219141173351,20.0393552267958,20.538426423668,20.5674941666144,20.2833295512029,19.8985139501675,20.5958125431313,21.1685742725053,20.6797485549014,0.236877106517518,0.590346886433601,0.984534738947309,0,0
"Q969T9",20.1825959847561,19.4584029229603,19.521911060554,19.3871595555389,19.8391736725173,19.4936419744635,19.6170382629592,19.4578571992632,19.5822327189989,19.660519240902,19.5844007660031,19.5264302801898,19.092675151955,19.0747886322757,19.8063654478361,19.5868154782021,19.542831728794,19.7443224486788,19.5134095021924,20.2538895766685,19.4352063627008,19.6554815773776,-0.395197692464663,0.0969498806608215,0.984534738947309,0,0
"Q969X5",17.1497235106458,16.6728885055007,17.0090283625139,NA,17.106410380474,17.3944994378816,17.7467556147808,17.6911108833611,16.5866124214186,18.5144900264436,17.0716525420556,NA,18.5808256246901,16.7995224426684,NA,18.0727935767268,17.5989820480036,17.1506416946792,17.9927361797479,18.2929416768855,17.3734801627246,17.6040443836968,0.224340521143183,0.659552855241891,0.984534738947309,0,0
"Q969Z3",17.4127262680197,17.6043028745787,17.878533095912,17.2247886466247,17.7547791192195,18.1962361630845,17.792227024939,17.7318107856226,17.8374614478032,17.6417375581419,18.3564452685161,17.5590935999609,17.5262971026426,18.1350683395836,17.6484512504969,17.6774897317509,18.2080603648949,18.0804386643438,17.8411147625129,17.2256820934101,18.3827814881497,17.6111695376361,-0.0934093929766924,0.741050510110775,0.984534738947309,0,0
"Q96A26",23.0532692645387,23.1125151390436,22.4936130956057,22.4542759535031,22.8816024798622,22.7730784924698,23.1527666534533,22.2927038263412,22.9962070777703,22.9832112987813,23.5323007174061,22.9283963463363,22.6638805090633,23.152677850801,22.949349049301,23.0550803321461,23.1812593911277,22.781171408795,22.910824369289,22.2216243984268,22.6943115008198,22.956557258439,-0.267964769682791,0.296332588362842,0.984534738947309,0,0
"Q96A33",NA,16.2235724818291,16.0480047618362,16.4479306777539,16.4037550069855,15.9188348004969,NA,16.3588679773444,16.1860154166298,16.1153072079859,16.0531637679658,16.3525111768415,16.5020536727668,NA,NA,NA,16.2895114620022,16.0714767645292,16.5749375740459,15.5127388471864,16.6179451713829,15.9991719945908,0.422011070477552,0.135056779870135,0.984534738947309,0,0
"Q96A57",17.9834407875115,NA,18.1930224603433,18.4031769594822,18.3443078758096,18.3227904421271,NA,18.4242024444558,18.3736673344168,18.5483501754888,18.7590671425164,18.5911827811939,18.1278661467541,18.7679855686133,18.1362490126737,18.2589627656352,18.289517876802,18.4877489579943,18.3365516864553,18.9192766338066,18.1966219362494,18.1655657057598,-0.299484267615494,0.193159636012915,0.984534738947309,0,0
"Q96AB3",22.0804639420262,22.0239625089773,21.2342439505993,21.9155788499361,21.9528848782132,21.589041598414,22.4037587328406,21.4478650541724,21.927606076384,22.2198541643631,22.2205523403284,22.2634046736726,21.6956127106584,21.815477273046,22.1268556850746,21.9404123461961,21.7897696710391,22.0629443272332,21.7028444328451,21.7046369278859,21.5744785256477,21.8333924663022,-0.261689369564831,0.289187791843854,0.984534738947309,0,0
"Q96AC1",19.8945375012983,19.1212497744639,19.8148095497698,18.6643939449655,19.0204375304102,19.151821752523,19.5407572962382,18.8001500692534,19.2598131684417,19.0460646250318,19.5172496295239,18.9544291389484,19.3901137231335,19.2440085210011,19.2997079606017,19.1174849801867,19.1182979670797,19.5989849082261,19.2382211846719,19.094055828668,19.4332761716998,18.9967050737213,-0.202519834646985,0.452214319277431,0.984534738947309,0,0
"Q96AE4",18.329138177923,18.0625919075691,18.2101966903169,18.4675499271221,18.2716581024165,18.2099955221365,18.0533666156307,18.2752964045468,18.1959772462784,18.2187063788572,18.2814510997524,18.2306802405676,18.2898079192648,17.9016738629423,18.2311520634829,18.2924559923133,18.2966851340949,17.8785743190982,18.0549122632834,18.2115770157586,18.1301711908803,17.9084362739447,0.147348732267741,0.328884188270154,0.984534738947309,0,0
"Q96AG3",17.5040494457515,16.9668580994342,17.4053857688493,16.5075438496866,17.1082671698276,17.1852026202324,16.638779852601,NA,17.2118362979259,17.140396734735,17.6766431709695,17.3782307301661,16.8928094641504,17.5945266749214,16.7833995407322,NA,17.4795116374404,NA,17.0804368807997,16.5536908677644,17.2733973307619,17.2702234294438,-0.0613464723556305,0.836358891812469,0.984534738947309,0,0
"Q96AN5",20.89177427847,22.234268794151,20.3649105743665,21.6166596268106,21.7639247986974,21.5873489181354,21.0970279722466,21.3743669971927,21.5940544108349,21.4952110507298,21.9294360122802,21.6061974952866,21.2661669886086,22.0045882604125,21.4730325069885,21.4822930180116,21.8460710953032,21.0764300234381,21.612700982163,21.2151175288844,21.9084718908546,21.4940682490423,-0.316752463313165,0.340239335067668,0.984534738947309,0,0
"Q96AQ6",24.4154588610718,24.0622652125371,24.8000113225856,24.5532704611432,24.288351538006,24.5525530763891,23.4084887419257,24.5970761757173,24.471039753628,24.3652137790512,24.1183350663878,24.1451854307986,24.4950399485339,24.1995915865147,24.2569396334128,24.0594185944262,24.3663110276585,24.3254474399559,24.3472515518112,24.5911791713507,24.5586152587701,24.2130799964243,0.0278075349190061,0.912602123870436,0.989941286910303,0,0
"Q96C00",NA,18.4630902328481,19.2802557786427,19.0706401289532,18.0970805270507,18.7171928412958,18.9601475278347,19.0273064077704,18.2827984211929,18.6174132265089,18.9616705488039,18.3459249977941,17.541716424383,18.5804280555986,NA,18.6585591208581,18.3684622196567,19.308549534142,19.0808108826557,19.1499874976909,18.7252562117203,17.8418729097528,-0.434762016540507,0.197203880807172,0.984534738947309,0,0
"Q96C11",20.7527719284566,NA,20.953236180111,21.444930359288,21.1560890692051,20.4717496127981,21.2161421612026,21.4965538137156,NA,21.088944430227,NA,21.3012004926337,NA,20.8725445141608,NA,20.9159280046769,21.6943124886842,21.1888901707997,21.6197326163591,21.6011415210638,NA,20.5317921317169,0.220104376513365,0.526727447146825,0.984534738947309,0,0
"Q96C23",19.0101953160483,19.5165233055469,19.3476143089805,19.1594663767944,19.5003132478313,19.3511541748635,19.6291798145755,19.607268699178,18.9860038039455,18.6861730282349,19.2300460239768,18.9442714295994,19.5016662079371,19.3174237091587,19.1898196171342,19.4344041013829,19.1516763426467,19.475616685814,19.8216028258708,19.1284304983495,19.7615774021407,19.2314452216302,0.0811005349018963,0.739540603260816,0.984534738947309,0,0
"Q96C86",16.1502224079264,15.7181670826785,16.5695765140806,15.5772524685568,15.8554753784209,16.1486108662126,15.4116840408686,16.2228453749655,16.3645588819503,16.0448317378658,16.3630065848394,14.7011975414664,15.2375165379944,16.2428412165069,16.0868400985207,16.0378010672504,16.2288976798039,15.2745311728302,15.6609989251746,16.5587249497907,16.1503345572188,15.744779456926,-0.298901686027541,0.424439949743293,0.984534738947309,0,0
"Q96C90",18.1535729552923,18.0123215444128,16.765659532486,17.7652894629455,17.5662316998435,17.7531362871779,18.0079266436955,17.5887493048916,17.2800796723422,18.4855722106754,17.9980008613981,18.3307587581625,18.1464192304814,17.9596959199446,18.4871387251109,17.6941071743159,18.068536701257,17.8736859505798,17.882967837433,18.0620102528918,17.7055016067607,18.4077033843239,-0.507526931169647,0.081164685770538,0.984534738947309,0,0
"Q96CM8",20.0568429383885,20.8306165036025,19.3243318004081,20.0220627524132,20.0099231119886,20.4760464246485,20.8893997990898,19.8916980148137,20.7450420461538,20.5163303003125,20.7707008342413,20.08924223992,19.428348552719,20.1000886421702,19.5109667484386,19.714987102554,20.7426003275858,20.6923613006699,20.0849133678357,20.2934156983275,20.3637593332233,19.8685234527551,-0.370675452983448,0.325003449860064,0.984534738947309,0,0
"Q96CN7",21.1626644162101,20.8014465120522,20.5091253553406,20.2675164123468,20.7981845232024,20.9061528891951,20.965928371162,NA,20.5940421134493,20.8594041448861,20.9940715620303,21.0250631961811,20.2171912233462,20.7095894108983,20.6344783767657,20.6989950709361,20.7937162244066,20.5759858360411,NA,20.9124459293702,21.1303795427293,20.4056288630617,-0.332463479680015,0.16519112538493,0.984534738947309,0,0
"Q96CT7",17.8709586226752,18.1528009095007,18.1778864290504,18.1997496456445,18.3615348449816,18.3062487456903,16.9197329202463,18.1877938379388,18.2364870475359,18.2484379916779,18.1773580717697,18.206424501534,18.312219692987,17.6477339827721,18.2778325934122,17.8055662105943,18.1969708331518,18.2251962857039,18.2562217082159,18.5399691502055,18.3631286757112,18.1614710878516,-0.256987132056299,0.361502711382462,0.984534738947309,0,0
"Q96CV9",18.5174039517758,17.8186402226573,18.066734653742,17.0508982596271,17.2681658384804,17.8203692436363,17.4799603219407,17.4459125879145,17.5848344799145,18.2539947802856,17.4105941065438,18.1136653313181,16.7854508036756,17.620273045477,17.3141277131179,17.352192875916,17.7347164174393,17.832787536492,17.6352814831629,18.0330872303713,17.0219079491497,17.0607599449148,-0.664855811257365,0.0541189380256802,0.984534738947309,0,0
"Q96CW1",17.1764290896517,17.4040391783949,17.8206256300729,17.0031664700883,17.3450429929912,17.3616420190706,16.9055630251708,17.0880130385398,17.1358730709947,17.1590078888081,17.3838615964613,16.8636469907115,17.6852868983894,17.2610204215747,17.6033970679146,17.209628508628,17.3452010909379,17.1960449465627,17.8931838620457,17.034940634359,17.1927797648458,17.5142760572101,-0.210269715293894,0.38531858460259,0.984534738947309,0,0
"Q96DB5",19.4797642290058,20.1733694345151,19.4087804935924,20.3339076430338,19.8445916378237,19.7378368596331,19.6307861424471,19.4291785058928,20.0661007433246,20.2384780587675,20.4990771547217,20.0341985499263,19.65826944771,20.3189206181161,20.1223108403873,20.1285378118885,20.1376915060609,19.8855377134025,19.8135613272926,20.0714409439856,19.6769814460391,19.9066432263103,-0.340402814067314,0.200903882136092,0.984534738947309,0,0
"Q96DC8",20.6083019948311,20.3475365766248,19.4217576437353,19.7569580988966,20.6505371721092,20.144928100332,20.6098448099965,20.0327677585541,20.9292207526528,20.4381317631519,20.8961828162569,20.2661132499576,18.9583834286039,20.2805819710489,19.9379899867514,20.5844151575705,20.2913833206549,20.3770463673845,20.6924545037387,20.3021083130551,18.5867451536696,18.0636922119768,-1.22374073244074,0.0233995371900298,0.984534738947309,-1,0
"Q96DE0",17.3285426357968,17.0884699314288,16.8405095125138,17.594186518858,17.3074839168242,16.8147173116356,17.5644628475326,17.2422902510879,17.3307712135367,17.2522095347334,17.440442268754,17.4069056933189,16.8121109977364,17.3660584415487,16.2690372733078,16.9014524810117,16.815762042137,16.6905723453854,17.2156041178247,16.957714202951,17.1177655357874,16.9421739814082,0.208697647873468,0.417074481718775,0.984534738947309,0,0
"Q96DG6",25.9501392480096,25.115979569642,26.7354778905429,26.3051934796111,25.2896519770126,25.5982826381602,26.4205934023857,26.26245065033,25.7236660707516,25.3270073972739,25.2443422940607,25.3207614171457,24.7324553731148,25.771736789541,25.9510680116132,25.015175841334,25.0890272834963,26.094502638559,25.9072182475472,26.261286036095,25.9923130323541,25.4728936997475,0.141851207892074,0.613197036698959,0.984534738947309,0,0
"Q96DH6",19.8443531214053,19.3217761860558,NA,19.8710235082008,20.3846881461581,19.840588589467,19.6606255717042,20.0521862017771,20.1633174797169,19.7410815521097,19.365733738741,20.1228303145702,20.0472459550351,19.4543149007094,NA,19.7101312119504,20.1086698822964,19.881046267046,19.4614945858598,19.6773871778901,19.6732331100251,19.8925588446923,0.492195862418356,0.0625850314798928,0.984534738947309,0,0
"Q96DV4",NA,17.0753115243085,NA,NA,16.3026722790152,16.7402014108172,16.4593390808232,NA,16.7821982110218,16.8833095308166,17.2171856656081,16.9074944350842,16.3815945823842,17.1779813363645,16.281577285351,17.2206531038278,17.3201506918545,16.8883753821587,17.1711502970645,17.0778350834476,16.6805898784978,16.851366936728,-0.254278962818621,0.467359736148124,0.984534738947309,0,0
"Q96E11",17.1002307867247,17.8638917149018,NA,18.0823291286423,17.0306712133817,17.7594052449015,17.5691410173831,17.0982866931699,17.9323102655275,17.6890014905814,18.2117063197716,16.8717056915257,17.6832905739783,18.2307826531037,17.3597170309044,17.3569925932333,17.8758295748457,17.7418983852011,18.3052046171023,17.3451774923109,17.6015698922927,17.9771921322703,-0.165001117332256,0.645080537440873,0.984534738947309,0,0
"Q96EY7",17.6231140753181,17.9337448660101,17.1753153225142,16.8837660377196,17.222918105747,17.2362785684185,16.5136247978825,16.5427082951095,17.159653575753,17.2183533563902,17.6194451349931,17.5618897961984,17.6207864319327,17.6866125908378,17.3944934028204,17.7932195276385,17.8009085842169,17.5570871996999,17.066081754597,16.4218998189144,17.1916481437251,17.3044352404702,-0.300382411360662,0.298975401614289,0.984534738947309,0,0
"Q96EY8",NA,15.7666634646487,16.9075738607778,16.6627180418068,NA,16.960792619472,17.2320499094255,16.5579819341951,17.0245193745226,16.864846182755,16.9556578358724,16.4142030830682,15.7620835005522,16.2138630704971,16.5606096104157,NA,16.6943210314484,16.8400811641493,16.7607723236554,16.0337219211134,16.7544859977767,16.4910148399637,0.181579517002238,0.591533210461835,0.984534738947309,0,0
"Q96FJ2",20.1282401413968,19.3165959926664,19.6479380707104,19.7389073066075,19.4010232653835,18.6590910752873,18.5229530785379,18.5415629955221,17.8482737723477,NA,17.9840999292115,NA,18.937680045599,19.3033305251094,19.6530753421407,19.6556274034013,18.3662966163192,NA,19.9798411473074,NA,18.9864599721034,17.9754333006378,-1.04723501579434,0.0952952947820626,0.984534738947309,0,0
"Q96FV2",20.2040655476898,19.8682504363102,21.2088506189473,20.4267519958727,19.2722544865284,19.6476719004203,21.0795918845715,19.7917705294342,19.3458281888132,19.7784991348284,19.3486665221564,20.1248212904474,20.0386566180197,20.6723304328561,20.5218009937904,19.1512171293789,19.3761110384273,20.655531341363,19.8108646392045,20.1599530129524,20.1752624648596,19.9808984925457,0.127722393785355,0.743369723896182,0.984534738947309,0,0
"Q96FW1",21.5062219308103,21.3924956855475,21.7293117340246,21.5581758643334,21.6303046266111,21.7556684809471,21.8506660660897,21.3091828031969,21.4935138151663,21.4946887082793,21.4372930631525,21.498575916015,21.3592840168682,21.2493631712994,21.1038357025009,21.560171914878,21.5269711408024,21.5268659714946,21.5667172871942,21.6711305491326,21.3661476866029,21.4302496823774,0.0853754972705403,0.610167030077734,0.984534738947309,0,0
"Q96FZ7",15.9469621532123,15.3814101786367,15.1899314194197,16.3019675633525,16.0261266255018,15.5342994132192,15.699829276673,16.1729361117656,15.9295289705611,16.0374073737997,16.4399231841017,16.2758925068062,15.5831425842698,15.6812695312647,15.9578392394185,16.0570458210958,15.8548497884838,16.1908050371329,15.875542004253,15.9890835514373,15.8519489949704,15.6597641281987,-0.0939833884547134,0.727307226742162,0.984534738947309,0,0
"Q96GD0",17.2982855865765,16.4098712023738,16.8405151962608,16.4729433570656,17.4237402557394,16.7917105121932,16.2704406012898,NA,16.8682638839235,16.4933617999762,16.5409771511015,16.5210773439303,16.5972910837123,16.9446974379114,16.8058900157372,17.0079560673618,16.9062061396116,16.589153292189,16.5691074602425,17.4415807064647,17.1899099624933,16.4082498430827,-0.317890063661508,0.290652065814379,0.984534738947309,0,0
"Q96GG9",15.7742935499036,17.0015469362778,18.2756989190893,16.8820839649428,16.8230701796668,16.7459876588591,17.1912044439152,16.7756109522036,17.2456948216798,17.3500184777758,17.1299693547008,16.8621978310694,16.8811813892261,17.4069349608039,17.3758594441855,17.2953567334392,17.1450541102685,16.8593697809825,16.9766977327337,17.4341156883073,17.4764966790055,17.5313184803559,0.457916276660342,0.198397048283267,0.984534738947309,0,0
"Q96GK7",17.8086489926813,19.7376012848057,NA,NA,18.6458193030345,18.5031244105138,18.8242133143309,NA,19.0661572267897,19.2583108337642,19.5223557302708,19.3797680626938,19.3031631712868,18.717262776839,18.1237062432395,18.5316205432274,19.1830053956729,18.7360710922197,18.2903968746006,18.5235524415818,18.1295511511829,19.2173038493849,0.499047057564077,0.316882738345113,0.984534738947309,0,0
"Q96H20",16.7275174201059,17.469640730241,NA,17.0189231817453,17.4568085177422,17.7510582746748,16.8982026887096,16.7948667308106,17.5810023610056,17.0577976575491,17.2276605698644,17.1510502342924,17.6466649997422,NA,NA,17.0506679896254,16.977179455511,16.880410414501,17.4037797722469,16.9207054545154,17.271985731652,17.2624812674018,-0.0486086485694699,0.867695119691813,0.985224662710431,0,0
"Q96HC4",26.5707025500003,26.9893277455107,27.3221314244219,28.0393021352157,27.3765233005804,27.4434285704077,27.0802364146847,27.6861031059922,27.2172307032413,26.3831724250135,26.7258943919493,27.1107979543589,27.3924810101369,27.0788439786465,27.0659870887484,26.5973635293836,26.6098702741649,26.5521239145812,26.9290260267464,26.9658608151919,27.5603904981989,26.6030824709225,0.614788517545609,0.0601337445946452,0.984534738947309,0,0
"Q96HE7",16.4934085844038,16.4757526455861,16.5879860669324,15.6334977510568,16.2080517577683,16.3104695396226,16.3567305519299,16.383408588151,16.2084988305388,16.906967317151,16.2951111697977,16.4015946008101,16.7080640319914,16.4343806739841,16.1292453430405,16.3539737718915,16.4130249558772,16.628383366411,16.412314743758,16.871238985172,16.3858142607017,16.6817468785921,-0.218678683828905,0.335771099424755,0.984534738947309,0,0
"Q96HN2",19.0618261463576,19.012787425396,18.6537691873569,NA,18.7299992850696,18.7056233431938,18.9239989284587,19.0886972249435,18.9215163244627,18.7087487372202,18.9883552823721,18.7903734737141,18.9883731516229,18.8735505600455,18.7673424213744,18.5820459182299,18.7719278936086,18.9931269876151,19.1678348499469,18.813725791316,19.092089426535,19.1117795360355,-0.00784101323870345,0.964926822523693,0.992365658656292,0,0
"Q96HS1",19.8611103877265,20.1821876835899,NA,19.1659244901447,20.0802174995416,19.5677090112647,NA,18.8349257441928,19.417515534024,19.4549905716502,19.5566123161737,19.6412431044651,20.136567387257,19.2971854715348,19.4615335740242,19.7417251482287,19.4427364619196,19.1200535137956,18.846627882179,18.4344480634198,19.6197559368795,19.7345921716864,0.0529816100234868,0.849240032281756,0.984534738947309,0,0
"Q96HY6",18.2084256059476,17.5583533438671,17.3616603329187,17.1928289301674,17.3124458999138,17.3853971649196,16.2444071051084,17.3677155403819,17.3250680103702,17.6038838015119,17.235164473461,17.787340476886,17.6141465362655,17.4488260935511,17.2265146595619,17.6504781028951,17.3880657121694,17.4119836372011,17.0082778196734,17.4518269342676,17.4880481024352,17.2302951980402,-0.235365871883296,0.379860829718985,0.984534738947309,0,0
"Q96I99",20.8697347249165,21.7674778680833,19.8200168140628,19.8835896381548,20.9117040497631,20.4029924937623,21.6559351574147,20.251407876182,21.1106720767569,20.1633985176798,21.5350019424017,21.1427213799741,20.4395467081893,20.6834771359965,20.1290361687852,21.1963197735633,20.8962342799149,21.2902493790719,20.8080083216788,19.3821804303229,20.5638809255648,20.4884249431612,-0.0681295723632971,0.889758455846305,0.985429799208273,0,0
"Q96IU4",22.8402582749373,22.8215489601665,22.9573063696211,22.587555403435,22.3254902359475,22.6987410166461,23.2325107990534,22.8582100490121,22.5963276765346,22.4857798439011,22.6038456113847,22.8797871131354,22.3961942218605,22.8418581826383,22.1705710461048,22.4177016525727,22.6802096573115,22.4964595575368,22.5520683345086,22.5837511969974,22.8877406251826,22.7135810266271,0.350698788258477,0.0924462224954013,0.984534738947309,0,0
"Q96IV0",16.7035494658647,16.8579942819871,16.3988671352565,17.3474390350865,17.3592312149779,16.940359576303,17.0293766904025,16.8550340598925,17.3081511183277,16.7890051935989,17.0533900963134,17.4055179359825,16.9470132360125,17.3062401103554,17.205074722705,17.3761801421023,17.4222064267215,16.8768219365185,17.0432007186007,17.7507504739743,17.4522445748417,17.5909043653781,0.166445490694681,0.496717688099749,0.984534738947309,0,0
"Q96K17",19.6628540922172,20.2772136107844,19.7278089665271,20.1007624820412,20.2321250352827,20.140938727724,20.0288345479137,20.262245849748,20.340821035939,19.6978534545158,19.857857064064,19.8392542830071,20.1806583036846,19.8730596471953,20.0285771448989,20.1991370907714,19.7449040606628,20.396346018059,20.0092180560956,20.0887778904153,19.9141930035001,20.2182890014478,0.0508311181819323,0.801888939518342,0.984534738947309,0,0
"Q96K76",18.6079624112075,18.3572704510476,18.7800382849492,18.2326558162642,18.3647543153468,18.2060897827275,17.7729277900068,18.4447871332287,18.3792780692101,18.2046258901863,18.0776858110985,18.4821596923763,17.8441113188612,17.7437075410785,17.9528871492225,18.1204923303833,17.7925167447722,18.3207876661557,17.9574698242271,18.3511377978231,18.3035520864854,18.4285402123003,0.115570043624487,0.630034784770793,0.984534738947309,0,0
"Q96KP4",19.5678548619695,18.8743496494073,18.9869034719652,19.1471629883336,18.8000881506762,18.6426875289155,19.7307684948482,18.9508701552854,18.9944252842933,18.7759960579442,18.6013529338687,19.0380006373032,19.1572757774179,19.1248287050203,19.4090250428231,19.0748998542898,18.3907053891167,19.1032145095511,18.7737091340406,19.3245733037369,18.9436409877592,19.2833693296111,0.119216405363517,0.645724708562929,0.984534738947309,0,0
"Q96L96",17.4731007436524,17.6599340572716,18.2397122506184,17.835749925879,17.7828422282601,18.0149311219273,18.5298940608779,17.4209392272055,18.093440084873,17.8042131699171,18.5942608263987,18.1941906124835,18.3454511329406,17.7665811742682,18.3296470103427,18.6645142733943,18.2906843533715,18.2580333520712,17.7291660097745,17.271852037043,18.2194726919226,19.3653995347685,0.77796293509984,0.0262255011582282,0.984534738947309,1,0
"Q96MF2",24.6169732470339,24.2370259267724,24.5409215243777,24.7094067231663,24.4688480552511,24.9790257662763,NA,25.3474377238398,24.4986648994809,24.386450466974,23.5594431383592,24.2918844710156,24.1543677987629,NA,24.3973727714035,24.5238494175446,23.9778720175999,24.5883192934791,25.4378311226823,25.3688435597572,24.8058553024822,25.0849864024151,-0.0781831883360837,0.839524477456316,0.984534738947309,0,0
"Q96MF6",21.3652661199589,22.6348608455968,20.7073119532123,21.7803063341949,21.7177848701704,22.0278369435021,22.0071816347377,21.9996083790179,22.0812406851025,21.9001677219323,22.5480926385039,21.9447188384707,21.7129002600335,21.758754950429,22.168448206508,21.8094891055222,22.612933773195,22.7310146492037,22.3587993173453,21.4748354074174,21.7864974577958,21.6957902717523,-0.488520614410074,0.200436958213554,0.984534738947309,0,0
"Q96MG2",24.355103045363,23.5658200264738,24.413367483839,24.1881157089481,24.1083927243538,24.1135853271463,23.6376760742021,24.3909169200755,23.615574552827,23.9446671476729,23.333432608106,24.0236087123301,24.2562423856155,23.7191595757089,23.7849505694586,23.8291304031485,24.0528631264381,24.0019669329237,24.0025016419519,24.1957808443166,24.1394246828268,24.1266192863877,0.276072854711543,0.282115827845444,0.984534738947309,0,0
"Q96PE7",20.2516379921884,21.147257689397,NA,NA,19.7977326130044,19.7285005303714,20.4901397320873,20.112771766962,20.1253223294561,19.2416367408224,21.3487664996728,19.7070768638424,20.3173706993194,NA,19.2516544926402,20.3938211885086,20.6306618903874,20.1361676441284,20.2656275022383,19.3112357869952,19.9881761158228,19.7789684539821,0.371330067154563,0.466128057286962,0.984534738947309,0,0
"Q96Q06",25.3296426764727,25.166312729869,25.1258951079993,25.0256915810127,25.2300806426208,25.2618668024513,25.0944109452326,25.0010225306912,25.2402196549544,24.5321179250984,24.807323394609,24.818171286748,24.0724571698112,24.6787605666013,24.6224499841785,24.8768772792915,24.8876604666583,24.9314663447802,24.2957326541529,25.1037193080816,25.2238895164692,24.6729997501649,0.0751407420894985,0.766648775686633,0.984534738947309,0,0
"Q96Q83",NA,NA,NA,14.1875213483068,14.1148741618731,14.0646457052563,NA,14.5806959429445,13.411653044069,13.1393521567696,13.3434680716906,14.0969662624739,NA,14.3796980405307,NA,14.2747278986703,13.7454890868967,13.8148083451584,13.8829188334546,13.7852522064374,13.330158594874,NA,0.283306286038036,0.498222762674376,0.984534738947309,0,0
"Q96QK1",18.2622825911746,18.1569537824925,18.1004571412083,18.1842793485741,17.551359579957,18.004380241403,17.5419627962201,17.7570267708304,17.847784455906,18.1950997666514,18.2056826402707,17.8533896944562,17.7589776926839,17.2248573234215,17.8111669197901,18.3190179357523,17.8552885003936,18.4315016312561,17.7177523881001,18.2062398976873,18.2734600766197,17.9794644824098,-0.0480282327755468,0.856070348577869,0.984534738947309,0,0
"Q96QR8",16.2140834444977,17.0506795413266,NA,16.8061470096453,16.8730809173916,16.9541971553699,NA,17.5288739613715,16.8138789885366,16.4123225146677,16.5791217601981,17.0205552633595,17.5942067130781,16.727710381791,16.3731775817855,17.204419408968,16.6723793059292,16.6291145181762,16.81282100405,16.4201530370328,17.0379216398331,17.1378852355695,0.89247698985913,0.00339417645325669,0.984534738947309,1,0
"Q96RK4",22.2592353712534,22.5037638676333,23.1252704488923,23.540310271111,22.7009501473166,22.9990165784192,22.5701528710357,22.8581131719238,22.4487341523101,23.5036194782164,22.5364027536124,22.6918147064966,21.8311824260272,22.9627151439225,22.795786740912,22.3417484763721,22.7612272035209,22.8662415980068,22.8285075057256,23.4248349797617,22.3213309981285,21.6771018249086,-0.546864770777351,0.104473606021943,0.984534738947309,0,0
"Q96RP9",19.8491500352274,18.7802255526034,NA,19.8169240263878,19.7067672714751,19.5280866404539,19.6623399242202,18.9557434229793,19.429438168261,19.532799868086,19.7916206070616,19.1612917873369,NA,19.7950245406329,19.2632966126852,19.3302888979214,19.8379896211061,19.7838163518546,19.1799412467866,19.1348224925992,19.4311619538491,19.1067578435077,-0.128182068814599,0.669619037207086,0.984534738947309,0,0
"Q96RQ3",19.625411183053,19.6889157328179,18.159772211508,19.252925328679,18.9410942130159,18.905088833907,NA,18.7115401284603,19.3692149345467,18.9897561176832,19.5287024301897,19.6102769567022,18.906463266017,18.9538038851398,18.8135912688128,18.8437497043653,19.2591868128068,19.5092882168471,19.1206647850252,17.6464085514789,18.5095131493071,18.834653985912,-0.206573341267895,0.616130071498345,0.984534738947309,0,0
"Q96S19",18.944778872434,19.0035554605655,19.1991138490415,19.4366794248919,19.7481463370592,19.4839846034664,19.3277451357441,19.995654672398,19.1932689013659,19.59937031421,19.3379196403723,19.6265952185079,18.2283949939436,19.085062384269,19.2024622493698,19.9287239488108,19.0158686626231,19.629909667973,19.5621404924845,20.1380301250102,19.2703455941274,19.4021870473275,-0.200635214260874,0.557408533179271,0.984534738947309,0,0
"Q96S66",16.8184341878304,16.3003474917925,NA,NA,16.7692312577514,16.6338333011678,17.1300536935527,16.9641476943644,17.046808484172,17.0290176707819,17.0668557279858,16.8312806559821,16.4125773038496,16.8825349801003,17.0214609298968,16.483490782914,16.7340927280767,17.0332200896,NA,16.9255126053521,NA,16.8391534137917,-0.0227815162608955,0.915250570708097,0.990177959758745,0,0
"Q96S96",18.9532144478658,17.5976974675782,18.6316238404649,NA,18.2606470378461,18.1473080034294,18.6000933565325,NA,NA,17.6673470863281,NA,17.7101258702615,17.3112626468245,18.2301726112398,16.7497673706596,17.5845199461121,17.6562940152055,18.5386731026294,18.0206432799115,17.668181975348,18.0732581842429,17.355583766988,0.223175403122511,0.632727056560888,0.984534738947309,0,0
"Q96S99",17.5974648537719,17.1667109369423,17.7546614573309,17.4651957856768,17.2949992930448,17.7051770144741,16.5393003477164,17.6051168735529,16.9972191226407,17.2464046624732,17.2666305620997,17.391223715905,NA,17.6390629169543,17.0332660792338,17.4138780217117,16.9758933942979,17.4076371264366,17.2893277735663,17.6049435321692,17.2826145664592,17.247957705654,-0.243365495347444,0.357721362422754,0.984534738947309,0,0
"Q99417",14.9283528050088,15.2396138128439,16.1353684001048,16.0554749215826,16.0730859614401,15.8434400231721,15.602099805969,16.1080809739353,15.9023062718358,15.8469486441107,16.1214632367467,15.9626200842338,16.0331667367258,16.3423026549705,15.768151750902,15.8856239780606,15.6374955024887,15.7916823993128,16.3816247636105,15.2995045603279,16.1223884788488,15.7127112953006,0.26086311425011,0.37683310802673,0.984534738947309,0,0
"Q99426",19.7610418522353,19.1644102616394,19.6394913813974,19.33362656651,19.0624102275387,18.9010131846461,19.6354110343885,19.0933539511813,19.1443300238703,19.4646204508378,19.2919378563642,19.29672550781,19.6421138082468,19.3976091864591,19.3456974203228,19.4198824114832,18.9434794578251,19.4290446360384,18.9536565899788,19.4145840399563,19.3871705925994,19.3870994601866,0.13296378440004,0.540953847054553,0.984534738947309,0,0
"Q99436",22.1879701547753,22.0830244211491,22.762755625719,22.3506549788836,22.4060895646526,22.4887285189574,21.9845732843594,22.5269224754567,22.2194325396978,22.1385811149365,21.9615088531244,22.0559495811784,22.0603308531811,22.1205425797798,22.3810251993075,22.4533771100712,22.3632377539698,22.1141698337744,22.1660393309918,22.365620914456,22.4062273501967,22.3306912928544,0.206706761470794,0.279139434445577,0.984534738947309,0,0
"Q99447",17.1365623700537,17.2543826647358,16.3643671806352,16.6263726813852,17.3162297366647,16.4565439840082,17.0618480786607,16.5134808562934,16.9566137669703,16.1239370482874,16.9919510697198,17.0241182219152,15.5715954886283,15.8871373453867,16.7124577130804,17.162660553961,15.9724831557878,16.2166383524849,16.2261395007341,16.4707947315819,16.0816668547104,16.2763257026013,-0.129889831842263,0.717920534850078,0.984534738947309,0,0
"Q99460",21.2822132345636,21.1338279868895,21.5394235263232,21.1289062037441,21.2137391899332,21.3916418924856,21.0926072924982,21.5487662255852,21.159471173242,21.258886978013,21.056862988216,21.0474965096059,21.2366541327607,20.9964621153073,21.2431803730574,21.2249248092528,21.0351758103274,21.4842790736793,21.4524606420223,21.3657156350011,21.2438177035228,21.5341066729225,-0.0170841221530722,0.922737098026694,0.990192879028667,0,0
"Q99471",19.9675780103353,20.1991879246003,19.8802679764271,20.246647425973,20.0986914262817,20.5044510687527,19.8609869653615,20.3154693726024,20.1462271780901,20.0270982388925,20.2862195239635,19.3225040130567,19.8566653567309,19.9691254970331,20.155152708345,19.9280321493589,20.2177952928479,19.8321503358415,20.012341028475,20.0124557707557,20.2876849072794,19.9252782412381,-0.163869656451578,0.425941094102266,0.984534738947309,0,0
"Q99487",20.8470275201799,21.1424589696612,NA,20.9833759411725,21.0641962696501,21.1731359219391,21.2938407373117,20.9430313392574,21.4990185972404,20.6964529886816,20.4748440756132,20.5050886064292,20.5086766826807,20.5856889645357,21.4248341519937,20.7150707772422,20.9020086665807,20.279257497283,21.2842909039038,21.3930212609509,NA,20.7512404232209,-0.0488130111849614,0.86716420605921,0.985224662710431,0,0
"Q99497",27.1284592369601,27.0345817171437,27.6473719211652,27.0741910660816,26.7901856876468,26.9439700810246,27.1410807871563,27.1630361358804,26.9441030296505,26.6670952206141,26.6279599538094,26.9155617243534,26.9029959491141,27.0081844876946,26.9101118757832,26.8809872985655,26.7259167287744,26.835571162228,26.9707220500676,27.0779404693212,27.092136674012,26.8608872532428,0.264489534111881,0.137770676031655,0.984534738947309,0,0
"Q99536",19.3132332397725,18.7798344714368,18.6912283945623,18.9413653376254,19.0000029763983,19.2144166066888,19.3298049277467,18.9816890826853,18.8787081867815,19.114492512942,18.8668394005133,18.5576224171016,19.8095992312666,19.0846367152844,19.1659746169111,19.0321078211493,18.6768475660947,18.8026192410325,19.1417133496427,19.2787817671459,19.136330320457,19.0512101018689,-0.134369577092027,0.590764342914608,0.984534738947309,0,0
"Q99541",22.720269646878,24.4597602151659,22.7585711624978,23.107093618848,23.2436006782593,23.5451273731403,21.6686965267091,22.6705892338384,23.3645815049011,21.4871693606337,23.780854062442,22.4719939505702,23.1085050521076,22.9249243131768,21.6098711315363,22.8446221959728,23.4966624079318,21.3101503414258,22.657768524914,22.1328817920794,22.8918963358035,22.0614930670368,0.193185800883047,0.73438611901464,0.984534738947309,0,0
"Q99584",22.6829845260763,22.8717289678,22.9206324652619,21.4664108291591,21.7169253566409,21.3829759238786,22.6110380078476,21.252698424966,20.8960709955328,22.6819055206168,21.790267772648,22.2431502840577,25.760406627849,22.6036298506733,21.9627687759644,21.6013929171659,22.1193873293607,23.2546425057723,21.5990200149842,22.0543155495826,22.5374878260645,23.942170971735,0.380696119920152,0.620098905189375,0.984534738947309,0,0
"Q99613",23.371265553233,23.6182545407794,23.7230940340102,23.5358382264997,23.4113250251302,23.7783420236036,22.5267191500611,23.8971222695231,23.648752528349,23.6527216800556,23.3776326271178,23.2205928295373,23.7558019968997,23.467840823876,23.5922571120244,23.7061979902254,23.7300181525128,23.586257774012,24.2944096528769,23.9550830972926,23.755960880067,23.7148427984683,-0.200552250695949,0.459070415966167,0.984534738947309,0,0
"Q99623",24.8229304225354,24.9678200662998,24.2451028434364,24.4373315005172,24.7267820622331,24.4951061158014,23.9683042170803,24.6675546285165,24.7466354218576,24.6887634995938,25.0773309029055,24.7363043483328,24.6215937623528,24.6798722177744,24.5017444887721,24.9952168451278,24.8255290079962,24.6059130483609,24.625572686799,24.2297161152441,24.5352909503991,24.6969078500801,-0.176893039955168,0.380450916940742,0.984534738947309,0,0
"Q99627",23.4691861927776,22.3921465987721,22.5382332635185,22.4964438577156,22.7975112917196,22.5130332732018,22.6564993818823,22.6807091009457,22.4458592375423,22.5036977268076,22.6141384489804,22.6543809028909,22.4499999844286,22.4678887650057,22.2707422906667,22.4933900573205,22.3885307396187,22.6137983470641,22.7204888540892,22.8921964260101,22.6685386643141,22.704542182538,-0.184529135104317,0.395687985167552,0.984534738947309,0,0
"Q99643",23.1575251716564,23.8536038099057,23.7650155045801,22.4038776042073,22.6041421793725,21.8022739875931,24.2058683489241,22.3466112869207,23.0510401685693,21.8243728065799,23.2826151241505,23.073496704796,22.9041476485252,22.5482690747709,23.3861098120314,22.2026394611144,22.3846424952883,24.1591480257355,23.5840171921433,NA,22.0172403514261,21.9152647967402,-0.600587671964064,0.289056799554391,0.984534738947309,0,0
"Q99653",18.651784852241,18.2558985174485,18.7185334443012,18.6363252586806,18.2716192555113,18.6039160907295,18.706917299704,18.5570255017903,18.292479255446,18.6581021373883,18.306621844713,17.8564297459616,17.9715394241019,18.5258481146562,18.6389330293135,18.6119312037096,18.4818296693911,18.0765859666656,18.7552395599313,19.1438111869699,18.2792286396381,18.5098681443224,-0.218680064674022,0.364577528486017,0.984534738947309,0,0
"Q99714",22.3525803969622,21.5313846173981,20.9726026101848,21.5563821483525,21.4317071527843,21.5663460379152,21.585081757087,21.1171863369704,21.5395024049501,21.6145461569644,21.7698904417863,21.6656221336027,21.6141203590623,21.5277649696206,21.6884087746184,21.4326307653765,21.744075479575,21.6538704118194,21.466548081185,21.2355241536085,20.9707893534015,21.2938368854681,-0.41783553121547,0.0874795720653987,0.984534738947309,0,0
"Q99733",22.5118379700752,21.7991706441474,22.6797179884121,22.4326073964471,22.3223747279216,21.8273444538539,22.1892975154782,22.3593670163459,22.2121460442969,22.2541987567921,21.9266839781516,22.2238622299461,22.1714837261406,22.4272926387152,22.4626621482103,22.194201908391,22.0996789294962,22.2542781631076,22.5507727347762,21.8703867625817,22.2756184492076,22.0158553274673,0.118063709335679,0.553935584485569,0.984534738947309,0,0
"Q99735",19.4036143282099,19.694218662669,NA,NA,18.0300021127752,NA,19.150715311903,19.7758123792839,19.031781177106,19.4889644146672,19.6961464502838,19.2210548144454,NA,19.5578124459259,18.5577266166664,19.5784242006972,NA,19.7026527469817,20.4936693627784,19.4555691614754,19.0243132348477,19.3006506619581,-0.234170368784145,0.647613741385975,0.984534738947309,0,0
"Q99757",18.9237929045721,19.5259399774338,19.009223403866,NA,19.5682058425646,19.6764690054622,19.7836547148591,20.1931777937839,19.484084070421,19.6227221898697,19.5171380665659,19.6838419235303,19.4457488266136,19.4571567297659,19.2272949944531,19.31895080097,19.4965448782766,19.388048482133,19.9994311566126,20.1250929023418,19.4144788784648,19.7373810980447,0.0132804675513221,0.962333407704015,0.992365658656292,0,0
"Q99766",19.1863336235777,18.7449374398701,19.2893814791966,18.9938431432199,18.3989498155753,18.8239725232368,19.4559682234652,18.7935827431438,18.7846118410685,18.7422862570172,19.3414643352769,18.5667531710898,18.2405410249014,18.8266496045705,19.231268263335,18.3567007575014,18.7615885157536,19.6666369185609,18.9405452104696,18.0072411257287,18.5140188859471,18.2353099500332,-0.298162686735377,0.332464889292732,0.984534738947309,0,0
"Q99798",27.1610257158741,27.4887432919194,26.6988775584481,26.5943645454138,27.0087589961111,27.0945323831144,27.5127882214823,26.332424995197,27.1941080976059,26.98613563595,27.3919208625749,27.0942905014554,27.0533912266909,27.122601025175,26.8155232103805,27.0750347745176,27.4033385197637,27.3226431696414,26.6877930899324,26.6830184361497,26.9184187310396,26.9958236750804,-0.15827301212574,0.520381205178656,0.984534738947309,0,0
"Q99807",22.991751152372,23.0050776979007,22.762068144837,22.4343970822934,22.8394366849262,22.8522199817925,23.422826588115,22.7717399044916,23.1280530374503,22.9366254833814,23.2046713199144,22.8594517594731,22.3593940778347,22.8346771301583,22.6608192632401,22.8589314165546,22.9645004126992,23.0671535942815,22.6710274726675,22.85083730699,22.8997703882592,22.6183703877311,-0.124646648319203,0.550761400367671,0.984534738947309,0,0
"Q99808",17.2988897113138,16.8152722967028,16.9220382240737,16.6852339869526,16.8384076539347,16.7860775335155,16.4642153998839,17.0184038612445,17.0647461691799,16.9981320135283,16.9602948702266,16.5478357023911,16.402949811582,16.8457919908583,17.0163743608017,16.3354732755574,16.8852879432398,NA,16.9111293370605,16.9211276999177,16.5758436961904,16.4212220130742,-0.50640978994711,0.0129270435459496,0.984534738947309,-1,0
"Q99816",17.5240753918091,17.1981707544221,17.9847062025494,18.0157120295117,17.9732942474479,17.5318767197964,18.144274175941,17.6355775971075,17.8982111665501,17.6109685942348,17.2831720265665,17.3055810455759,16.746798875099,NA,18.0594836291126,17.619659049821,17.532010081691,17.3931856834524,17.3958195795309,17.6218222936345,17.8052327340395,17.2720514662866,0.177054775605811,0.482921076230015,0.984534738947309,0,0
"Q99829",17.9776485447021,NA,18.6993290446957,18.2384792731403,18.0202267731601,18.3311972232599,18.5550674829511,18.2759504300316,18.1319058983201,18.091048042164,18.3858919859773,17.8025240464584,16.9097212393495,18.1498856451093,18.226056246551,18.2785946352678,17.8576785668706,17.9811522049353,18.0993242058863,18.2201862784366,18.2409697254995,18.0750065876631,-0.0396965629427726,0.881389026922548,0.985429799208273,0,0
"Q99832",22.7211890349581,22.364613527006,22.6030345729561,22.2179353452557,22.3259047064116,22.3845417645052,22.5469770229048,22.3347714762017,22.4558401577886,22.5808353317072,22.462883733961,22.6135403554913,22.6771789738554,22.3876652732072,22.4990081313473,22.5668575076032,22.3256370130551,22.4512860938769,22.3693346398747,22.7075490190185,22.4468255013222,22.8312840059229,0.0523022933399666,0.741904083582048,0.984534738947309,0,0
"Q99873",19.0595997350017,18.4881212643276,18.9784777286925,18.825578354672,18.7413065674495,18.8746151887756,18.9264691977778,19.0844142956381,18.3617190959685,18.4593135549075,18.3859838976563,18.3639759949766,18.8150250520923,18.4118000653557,18.6383092710016,18.4342012642825,18.5396009108233,18.9399903292553,18.8869119118647,18.7728059603372,18.7179121942276,18.5269388906038,0.00348724346819296,0.986683617933099,0.997069761279763,0,0
"Q9BPW8",22.1587019790531,21.2852703182043,19.4623743554953,20.7272387639412,19.9081875066055,21.0348232560038,20.5058890570893,20.5880467675433,20.6290350481875,19.3891042462344,20.8130859370603,20.9721485988199,20.3883919587336,21.0029504072158,21.0488654740804,20.4191571358454,20.7566829544221,20.3551600110344,20.5487279916889,19.3763046332878,20.4761758767152,18.3747596279206,-0.61752775346088,0.333354701248177,0.984534738947309,0,0
"Q9BPX6",19.0607798221403,19.0581581903371,18.6676088088552,18.7926481915206,19.3894033124646,18.994315623995,17.4279847440144,17.7556770827237,19.5483409887799,19.723926083583,19.3446714380318,18.9189958250076,18.9511928216163,19.0927640815272,19.2684819903153,19.5903328687042,18.9774972289652,19.2165918874604,17.3847085437239,18.5443574722956,18.497123325546,18.2604314032167,-0.658875664801695,0.175444029391235,0.984534738947309,0,0
"Q9BQ69",24.9250312846216,24.4770162632563,24.8854364208443,24.8488903783591,24.597766526854,24.6629514960046,24.8078651224093,24.9751847822982,24.7669734214771,23.5340537013596,24.7572904539224,24.6115212941733,24.2235732801221,24.9296048761056,24.5321005754842,24.3908529593381,24.6946418660449,24.8310348521773,24.7458549111647,23.5005115846851,24.710382744688,24.5332787935598,0.384072200472151,0.230584431854778,0.984534738947309,0,0
"Q9BQA1",20.4263664942753,18.7687506108538,19.1834995311384,18.7182377576828,18.6999524605788,19.3015561084359,18.9795132696704,18.9284221573631,18.6509685488031,18.851571004916,18.653730946213,19.2002902494528,18.5261997119269,18.7647510205158,18.9064532987919,18.4021191727855,18.4988196477494,18.911497236507,18.2907521847663,18.8220927891865,18.7425604002281,18.7712556737981,-0.273761514577238,0.410007728902602,0.984534738947309,0,0
"Q9BQE5",17.9970205206423,17.7141096321684,17.3323446453251,16.4799747432649,16.4850835798921,17.1946760087255,16.7886187178174,17.0690976914991,16.6420122016588,16.516267565928,17.0557146175574,17.6068212828703,18.356598105293,17.0696042625224,17.5265651193726,17.3185202542489,17.4393441216264,16.7806889298933,17.0623078774034,15.7348109353983,17.070733384627,18.0977060563025,0.515422721670813,0.226152832124353,0.984534738947309,0,0
"Q9BQS8",19.5366750284664,19.6543329911909,19.9966194545995,18.9036089397443,19.6254458649908,19.7537189556868,18.1647056009271,19.4763093399717,19.8039385883061,19.2398807969666,19.5147748943248,18.7850433509599,19.4195648224993,19.5624546866818,19.3136765577818,19.6596762650223,19.4433350301438,19.5844399670998,18.712368478114,19.046650431915,20.1584764868634,19.9495084422239,0.0402476714056839,0.915351274384447,0.990177959758745,0,0
"Q9BR39",21.1434944592014,20.5020861021021,20.9392171588659,21.0807159891649,20.759896497716,20.6636431030043,19.6571814913025,21.0448299088879,20.7654582658768,20.2889105583356,20.1942826610429,20.7773208803861,20.0710134422837,20.6816842632075,20.5928787393169,20.6892474875902,20.2672460444893,20.4586385689406,20.6367556035422,20.9109208013336,20.7823226749152,20.2024440923984,-0.085814825671811,0.777716101084805,0.984534738947309,0,0
"Q9BRA2",20.4065864449722,20.2410175625225,20.5237519570364,20.0428236314116,20.4623668329167,20.5520012814953,20.7219388289909,20.1945553574346,20.01426725089,20.1133893406418,20.1585283792555,20.5396706354432,20.661785018245,20.5550299716417,20.5420141574936,20.6471570563941,20.3746851640716,20.4257196127114,20.3327936331826,20.4418328693311,20.3845619502323,20.499150588404,0.0355094514450158,0.842192642022904,0.984534738947309,0,0
"Q9BRC7",21.3001219481547,20.9839015808236,21.4470549491136,20.5261137389521,20.6664406899822,20.7759118622738,21.3423079205287,20.9852429977847,20.8800528820411,20.9789979261675,21.2635976552997,21.0223973066828,21.0710676583678,21.1055754446288,21.0900282839722,20.9048132604777,20.9044325199825,21.1737813179834,20.8760653900643,21.3408557023637,21.343218707901,20.6811677009553,-0.0880858148408272,0.694627455020783,0.984534738947309,0,0
"Q9BRF8",18.8238721561353,18.160758462016,18.4166587376108,19.8440707088397,17.7813981121321,19.1750591621227,19.4566620508529,18.9753616050384,16.8231251837521,17.2798104663929,16.7377226945666,18.2755289010218,18.819753204151,18.1916158528598,19.4800289703598,17.3330491877694,18.59434930923,18.8543172219058,18.7411623117163,17.8945199233135,18.0020371157954,18.8114351649928,0.383768772786858,0.549393383390042,0.984534738947309,0,0
"Q9BRG1",19.4118749258197,20.2058209250173,19.2106360081028,19.0742196821613,19.7783390818318,19.5409393312334,19.8744943570152,19.4778062157209,19.3726644576385,19.7765350870234,19.1927218935223,19.2214151664445,19.9957618231819,19.2949373174798,19.5314586679073,19.2920083020846,19.1884630102522,19.4263803320292,18.7332243107866,19.627385369965,19.5232337764535,19.6575743924601,-0.092008851100978,0.73321131910583,0.984534738947309,0,0
"Q9BRT3",20.2431881581605,NA,NA,21.036715427911,19.7664742235078,NA,20.9961697094963,20.723754698746,20.1813694114206,20.311777613298,NA,20.6060022687029,20.9273873257467,20.8546708853923,20.8568643883017,21.1626418625289,20.5496180793441,20.7818592353666,21.0400506558168,20.5006940837487,NA,21.0252401029121,0.681141602306298,0.0251359190341076,0.984534738947309,1,0
"Q9BRX2",15.9469118434183,16.6250153581572,16.2903544772376,16.675344918773,16.9292627800094,16.8145049335197,14.4107488837619,16.9750597553919,16.5933967806023,16.8177677580797,16.4487804507135,16.6680883227679,16.5060992042205,16.8553864611445,15.9928551408921,16.9645653694673,16.7193679897427,16.2801705596737,16.5317421934881,16.6309884415091,16.3962742120306,16.5796366562113,-0.227282824431068,0.596708311853879,0.984534738947309,0,0
"Q9BRX8",20.5193701540475,20.5287930398347,18.9184379026401,21.060508579323,20.6711878230848,19.6904757263959,20.8303827883035,19.8829846424727,20.4688820504258,20.0403794373062,20.871648146386,20.4175962327582,20.1275040224314,19.6588357274581,20.8807112968877,20.4437893723028,20.1718430505565,20.3926126998183,20.0734606535426,19.5740668419819,20.0681207677944,19.6721807851759,-0.120501600643994,0.775589283875252,0.984534738947309,0,0
"Q9BS26",19.6819695190766,19.7933421074148,20.1538997854614,NA,19.1953598273533,18.7798829228584,19.6304533921327,17.6156655187382,19.0960023596244,18.5774023787775,19.393942902654,17.8187393343186,19.4565515825446,NA,19.3516952108812,19.4067190021038,19.583514599229,17.9097073515372,19.0128553014774,NA,18.9501438308864,17.8042043437577,-0.0498705714369443,0.941141656991733,0.990192879028667,0,0
"Q9BS92",23.2123081533371,23.6466853979665,NA,23.3142318752215,23.6274737634329,23.8409223101159,24.1945056348201,23.2412357670354,22.8849393523496,22.9602564487756,23.2239875169652,23.6146412611202,22.6557329170292,NA,23.3755819566885,23.8119993749138,23.5327173839916,24.0467050658859,23.1415421138915,22.4295028316057,23.278001722511,23.3592101879118,0.11717337481948,0.763548741176457,0.984534738947309,0,0
"Q9BSD7",16.5514664877878,17.3887967850233,18.3919991242498,17.8906717153534,17.9089526608636,17.533127483814,18.43319661382,17.6441161432379,17.7398626132588,17.4964561317457,17.8645954005908,17.1674183696275,17.016596242876,18.2006605773574,17.9890342024367,17.9241009199466,18.0251489163769,17.9099903707486,18.3883203989556,17.0018074899235,16.8232313532217,17.1528485986103,0.0163315425719475,0.965114860421165,0.992365658656292,0,0
"Q9BSE5",20.1850403131536,20.3777652170108,21.4488496787737,20.9505717951094,21.0054445778328,19.9770579368043,21.4469278686374,21.9764640750053,20.6372274272787,20.1129812617187,20.9157868020919,21.0926585884334,19.7897648171167,21.5474962695693,20.2850233872837,21.778290506103,20.2197114124729,20.8693138891117,22.5173902216274,21.4295057442408,20.5268873846076,19.3704624702601,-0.0037878883421314,0.994263757908879,0.998338651984889,0,0
"Q9BSH4",19.7419063061336,20.0337229417596,19.0729112777546,18.936452192147,19.7831619345414,19.3252416322486,18.8370497400921,19.0622291287275,20.0480125492365,19.9699524973148,20.3319174277692,19.6209631269611,19.294494364697,20.0313209160748,19.6375397293788,19.7814355344383,20.0094965442087,18.5075744509957,19.3054603952221,18.9812979778641,19.3560683496469,19.4125532593928,-0.386456309719325,0.26860908156249,0.984534738947309,0,0
"Q9BSJ8",22.711194036071,22.0374500364802,22.4973370242145,22.5943476675914,22.0092900033403,22.5041873805729,22.4942631303106,22.3791230930698,21.9912414282173,22.4754065045141,22.2968788344461,21.5902732521137,22.7857482669945,22.1521494331085,22.4666965055112,21.869803438365,22.377606234549,22.6022144780307,22.0556544568946,22.4752307608312,22.3478691974404,22.3524537300104,-0.0775687708531301,0.765200240215547,0.984534738947309,0,0
"Q9BSL1",21.1073654928749,21.3589233603091,21.3156302699388,21.2864785294362,21.29427427397,21.2456498083342,20.8242951092335,20.9126769203211,21.1256987176619,21.0128753135655,21.0410879670858,21.4724952329801,21.1356688373443,21.414578759617,21.3425991402792,21.1497047899609,21.3053605406006,21.0401872212067,21.0499946143306,21.2016448269588,21.0138052906267,21.0237002468375,-0.110085216125047,0.513554389630884,0.984534738947309,0,0
"Q9BT78",21.449227646544,21.1437301434839,21.6516293860091,21.3424836568348,21.3260385344706,21.4025403850723,21.1311251191945,21.249011870835,21.2660061606329,21.2809627239492,21.3029406072858,21.1406155982887,21.1848028307406,21.3394940923105,21.3212336944158,21.2465796235932,21.4297043968275,21.3587026900317,21.1415461857755,21.2035641971045,21.4318335461904,21.2229796961252,0.0136556752669357,0.925387672698201,0.990192879028667,0,0
"Q9BTE1",15.9218223716032,15.3619845472613,15.2351577582469,NA,15.420607460781,15.3611100137137,15.0770905618577,15.309767395726,15.2938157105533,15.5074442561105,15.7143672014332,15.4556820807673,14.9568991903786,14.5258866717263,15.5788855299315,15.4445372962946,15.4241399088746,15.5230454361188,14.3981354476109,15.5604252885535,14.996552677813,15.7038371831866,-0.0962664824398178,0.746882814928893,0.984534738947309,0,0
"Q9BTE6",16.5720019813885,17.1053730009528,NA,17.1365943499473,16.9295229340902,16.9374375722435,17.3250876422276,17.338003523663,16.7681792098505,17.0657757717053,17.3709214165126,16.7499916988083,16.5859046990003,17.0151202550586,17.2969017211756,16.2620066683906,17.0097269394833,16.7615060256352,17.473235045171,17.4354698048671,16.9397325872905,16.8373138190284,-0.324336665236103,0.19094314487897,0.984534738947309,0,0
"Q9BTV4",20.4430158546837,20.6436856731598,20.8806773252284,20.2939349221166,20.2484997443376,20.6120326194533,19.851469375659,20.8302773495084,20.7485121169878,21.0879023909321,21.293684648428,20.8941347892114,21.6061991345181,20.9013215925664,20.5625775824663,20.461713510557,20.5553496638504,20.6794059594946,20.6650216780005,20.8600153260904,20.7812705782318,21.3931131969857,0.0144657805697328,0.962265863511933,0.992365658656292,0,0
"Q9BUB7",19.5365126735118,20.8322198444422,20.3346660995383,NA,19.0630601673301,20.4072537044261,20.9552808026143,19.828093352782,20.2104834163686,20.1833626006799,20.8937483271339,20.2415748874285,20.6399157373274,20.3367681973522,20.7004702636475,19.9695591715738,20.9985737928954,21.1580466095462,21.2287478241958,19.8985579280911,20.1662376130201,20.788067034583,-0.0170059379566574,0.969327853802593,0.992365658656292,0,0
"Q9BUF5",18.3655734485992,18.3837703338384,18.5207035742381,18.3351828146168,18.5816538439106,18.35034944547,18.7155255381031,18.0419675064961,18.8082768377673,18.8816682038587,18.8245592420995,18.4474682610555,20.7388726404342,18.6398701334844,18.7266733766532,18.986102294594,18.422042922959,18.5552372643329,18.338105571675,18.2557092810081,18.5944208753952,19.1346028801047,0.470534688274629,0.246673434576108,0.984534738947309,0,0
"Q9BUK0",18.1836003324551,19.1133540639627,17.9098791111898,18.9819266483145,18.4481007953761,18.1787469807098,18.911299021412,18.4725487629888,18.2439715427894,18.5668693387326,18.8686697899258,18.512982910493,17.7094475810787,18.9863362717982,18.8051848019606,18.8646249791349,18.4923920551727,18.8908734092373,18.8116511605346,18.2197468605546,18.0749165438451,17.9439403019281,-0.532339638396397,0.107788226751184,0.984534738947309,0,0
"Q9BUR5",22.8949846401051,23.0861406788188,22.4626934972598,22.3161182693642,22.7256411002169,22.5734204803397,22.5440270406484,22.3236740900794,22.8656278258745,22.5279258562865,22.9839196945382,22.6074736161289,22.4996536034359,22.7936551288415,22.6364346714791,22.3655931219447,22.983164514913,22.6769103804014,22.5864033633469,22.183013241085,22.6895139060351,22.6167245487914,-0.244506735561565,0.233844431679171,0.984534738947309,0,0
"Q9BV23",20.1829160849313,20.1205864929731,20.234944245639,19.9692964200175,19.6186717667359,19.2997296463191,NA,18.5935590433634,19.0434537411424,19.3439856314779,20.2453224085049,20.1408375774714,20.0082547870047,20.209277108559,20.4602104638498,19.741676024418,19.814370768141,19.8054433740766,19.1497755079808,18.787279802936,19.7586022118057,19.2268879310686,-0.239604475355392,0.581705190046688,0.984534738947309,0,0
"Q9BV79",21.5098716477688,21.7573177312301,20.3668199858652,20.8954399290394,21.4262353074055,21.1749985816031,21.3089029996577,20.9279010021456,21.5672629236089,21.6961734628109,21.6451688977641,21.4752945352304,20.9100373141788,21.2654389120227,21.0153934880014,21.5770776203703,21.5824133618104,21.5165529016934,21.1066809972659,21.0221517074799,20.9127996084928,20.953827215185,-0.471697562115104,0.0869035726605145,0.984534738947309,0,0
"Q9BV86",16.0671669393001,17.4257724971032,NA,17.5307332239063,17.2492304393238,17.0769543005888,16.3300243367493,16.9906004702022,17.1357681871494,17.4862687121109,17.6992332222132,17.271942122372,17.3602859782397,17.6763959513263,16.3908545506879,17.0800428057396,17.7817062007185,17.006089080428,17.3500310445907,17.4845794915526,17.2352104853314,17.4855971824461,0.0272456750008843,0.943288169838037,0.990192879028667,0,0
"Q9BVC6",21.8800455008543,21.262859875211,21.9861106149773,21.6417381474084,21.8616536982676,21.5789074121558,21.6715277855137,20.9861596449706,21.1401365236668,20.6771035460027,21.4268468125729,21.3843047156572,21.3591900166553,21.4207420029337,21.5266720827935,21.4317075109793,21.1393552735337,21.5342807544398,21.047476774306,21.3677545602357,21.3970356573034,20.5391698165216,-0.133693000703353,0.651144580460259,0.984534738947309,0,0
"Q9BVK6",20.8334669306314,20.9826602182908,20.4937964569747,20.9011062763242,20.9599348185655,21.0521883345007,20.226615766177,21.0549623697164,20.8580205662322,20.9889668520809,20.6610122414615,20.7598908744277,21.1406081202336,19.7311467830492,20.6552803282699,20.7165876987475,20.6608390070679,20.6100330992013,20.3175380350995,21.6897084265369,21.2625336665443,21.176372553987,0.145926040233132,0.650916153165085,0.984534738947309,0,0
"Q9BVV7",17.5117913635312,19.1321237739879,17.6021360457932,18.0086865832489,17.8202698263856,18.2951699707819,17.9946957981938,18.170109961041,18.6687046147332,18.0692488771478,19.050574118604,18.2389219225072,17.9964232882375,18.3443870328688,18.0459665355444,18.5481796481723,18.5144328276594,18.3524911491992,18.650854557511,17.9593738816456,18.0948277350997,18.3095986335989,-0.211213676612321,0.540939094697883,0.984534738947309,0,0
"Q9BW30",20.4597984683809,20.3241719409499,21.6982057347376,20.2915922606494,20.7419142294392,21.0862998732714,21.8943982576902,NA,21.613609655201,20.3462593369662,21.2831033799379,20.9105407735677,22.589666234073,20.8931066266535,20.918661014457,21.203058477214,NA,21.4084541446306,NA,20.4023150611656,20.4508331704691,20.7701558042697,0.953098790443004,0.0766414791218458,0.984534738947309,0,0
"Q9BW91",15.9668308779198,16.0079317773565,15.6616884069936,16.5617281781251,16.1707954562004,16.1950357724922,16.7909002104463,15.7176926339306,16.3173485546862,NA,16.4317705381889,16.1030053377184,15.4425749324141,16.2758403288486,16.1571690537089,16.2948244267924,16.3966336959327,16.4726427563022,15.6156120269279,15.8127955205067,16.0002256388287,16.3015518227974,0.0798899821805676,0.787045240814145,0.984534738947309,0,0
"Q9BWH2",24.6503391447107,24.5040874805444,24.7123435359227,24.1995178511805,24.3530218816053,24.4805312335311,24.6585824861507,24.1486786636381,24.3320332354257,23.9633489788225,24.6620434688471,24.0105019482936,24.0311744373854,24.1346761435189,24.5422788789323,23.9540424065361,24.3522209043824,24.6475211673935,24.4736771213666,23.7360429030398,24.2165796942055,23.998059062598,-0.238407044163353,0.303183273157077,0.984534738947309,0,0
"Q9BX68",22.08491745716,22.1763120150305,21.5636956482287,21.6024446278317,21.4950341610025,21.8476980061521,22.1383486426885,21.4450018794296,21.599371076802,21.9623366824612,22.2928554293473,21.5533948411081,21.0465527623683,21.8583492040807,21.7777201651035,21.975656391849,22.0948400399699,22.0685977061543,21.6625740234192,21.3997409245058,21.3315375640812,21.0761897427206,-0.547121097832687,0.0545693841888135,0.984534738947309,0,0
"Q9BXI3",21.6942481544695,21.8693033780139,23.5576005727185,23.3672005628265,22.0905201230112,23.6048295662382,21.9121104754481,24.3186808227857,22.0160621708962,22.4557938938595,21.9984908122731,21.7360998362422,22.8367831825783,23.0874038120612,22.9914592590866,22.3258548411557,23.1062893287086,21.8656101966973,23.9821601947005,23.0072229035848,24.1025444904928,23.7039687697713,0.73061873455617,0.254057404239685,0.984534738947309,0,0
"Q9BXJ8",NA,16.0418332249497,NA,15.2889224709307,15.7099324666835,15.2602513396527,14.9001648230259,14.2434110154816,15.6435674598825,15.204919807485,15.9411838543191,15.3042092589252,14.9702614303507,NA,15.1530497238844,16.7705677962844,14.3794329647805,15.3763460082427,NA,13.9412009362983,14.906641921212,14.8201121255363,-0.224496377966899,0.699848224048347,0.984534738947309,0,0
"Q9BXJ9",NA,17.8231063755831,NA,19.3262645407936,18.7154973294958,17.2132264983364,NA,18.9060712490084,18.1819814103685,18.5725790011996,18.1091139993089,18.2550611698796,18.590341622207,18.247507822626,18.207263145008,18.6132841424357,18.8058195078237,18.3412130759901,18.8862687799232,17.7656955674988,18.2671970092489,17.6817851996101,0.799566489212943,0.0700380637414994,0.984534738947309,0,0
"Q9BXK5",21.6989465741246,22.1279235962464,22.4157426896264,22.0289377405009,22.4389401963963,22.3173686590875,22.42076425066,21.8988677713247,22.2651676088709,22.3336493350292,22.406524690852,22.1737971038122,21.935453315305,22.4692837354299,22.3149944115636,22.4578683070681,22.2726215713544,22.1376788751143,22.1375951953869,22.0848353107084,22.1327760257356,22.2231462759957,-0.044263235521516,0.819332859790421,0.984534738947309,0,0
"Q9BXS5",19.6094489702863,19.2076178207738,19.5172939122268,19.477446102023,19.1783239022262,19.3004958916724,19.742623797626,NA,18.5454267400689,18.5035916594885,19.7000895961785,18.9154970338335,19.1802703600002,19.5675167038805,20.0191135529762,19.1635064905163,19.0156839384514,19.430464574013,20.3510786990029,NA,19.1392178585829,19.518602064087,-0.588342745106136,0.0920747377220818,0.984534738947309,0,0
"Q9BXW6",17.2607684229034,17.070003888132,17.5378429400625,17.6368397594495,17.37755084271,16.9283946673454,17.2359373790857,17.6941184476412,17.1826533204727,17.3735829552369,17.0773236448875,17.8616487018943,16.9892633393784,17.8068192501459,17.4964137241126,17.149117506245,17.3618514891034,17.5243535752716,17.4308071373757,17.1314696245598,17.4508735353025,17.5104985584117,0.185443825235847,0.384357634811393,0.984534738947309,0,0
"Q9BXW7",19.6279330694581,20.7552674581568,20.1743520585842,20.2514602581229,20.4157224478808,20.5282373350085,20.4604870066748,19.2487262070614,20.2966330572153,20.8139818197734,20.5549726432524,20.6546289751606,20.6678249230143,20.911916195286,20.1735153306862,20.4887740000454,20.8495056875424,20.5691088404025,19.7831926929695,19.4870954367859,19.956326740485,20.3128391424427,-0.0596698658342696,0.867015873650142,0.985224662710431,0,0
"Q9BY44",17.2474582379615,16.14541729307,16.7697794830232,17.1219666098731,16.6014703063955,16.7462575982628,NA,16.8980509471217,16.59816847156,16.5966955098334,16.5546623663922,16.9049061196031,16.7442230234509,16.4715529742096,16.5694764870661,16.4987097810517,16.6828584195646,16.7538390793451,16.8344007140253,16.4825663705615,16.5715413195634,16.8410733775892,0.28593567655992,0.198502180013154,0.984534738947309,0,0
"Q9BYD1",18.0913390812843,19.6598355942212,18.80830145167,18.892511866579,NA,19.2109325938608,19.1503383802072,18.4041147569963,18.9617796860964,19.116711774029,19.0093136504683,19.1333097073705,NA,19.3695055756386,19.296564296176,19.4661126692751,18.971671071113,19.6531507100249,NA,19.2365947019302,18.4888367683973,19.0255263183642,-0.533589825539547,0.120436452075347,0.984534738947309,0,0
"Q9BYD6",NA,18.2825471281388,NA,17.209962201873,17.1988013596858,17.7182256938531,17.2570435179677,17.7843119572447,17.6128287768118,18.0640802482278,18.335181026665,17.8365476820444,17.7058675777963,17.7211028660849,17.493100907137,17.9851094604427,17.9235107543,18.5763769448539,17.8794595211614,17.6883142071919,17.275448503415,18.0085819922799,-0.540170065228271,0.100433635733814,0.984534738947309,0,0
"Q9BYV2",20.9058689954818,20.9051731629797,21.0313296229446,20.2887115933641,20.5361408831239,20.7090495446543,19.6078712283556,20.9715052251772,20.7288113432177,20.6433370591471,20.8197754330808,20.9464138880258,21.2108203845703,20.7949802047868,20.5881403481924,20.5223341345363,19.6282891801803,20.6101133829115,20.8808284221277,20.1242660482513,20.981388206945,21.4725578309099,-0.033610120858711,0.927247707826102,0.990192879028667,0,0
"Q9BZL1",21.4665706663863,21.3303006005019,22.1023099535298,22.0649543670028,22.1750914709089,21.9941408928451,21.8478641825067,22.0892575402039,22.0940547656511,21.8681971745193,21.4764592002616,21.7581771703044,21.2997387534172,21.8052202107131,21.7621678003259,22.1482761136055,21.8684429279118,22.0825105496213,22.1477239045535,21.9611486758954,21.6729074436432,21.4875936800947,0.0753299474826008,0.7266660025209,0.984534738947309,0,0
"Q9BZQ8",19.6648080098215,19.9992368189461,20.8731504747317,20.5491201691317,19.7435523592914,19.1339894455887,20.9486591953456,20.670061364511,19.8930963197467,19.6567392581033,19.8975234769685,19.7484992218417,19.2058218168981,20.2171004939418,20.3155553376629,19.9919402324491,19.7490981125648,20.1107384324211,20.5947163455733,20.0759971083662,20.4359490530107,19.7415821201135,0.453502825793379,0.1174239742517,0.984534738947309,0,0
"Q9BZV1",18.6777851727137,17.43174057609,17.640492486538,17.3827744675466,17.7987364574837,18.1154350850199,17.3843498657631,17.6222097580833,17.6943016084762,17.6752378015447,16.9453595190062,17.9930030709815,17.6035739643455,17.879302133435,17.9652646513682,17.8810255410304,17.7090064986641,17.6863917015541,17.7757395644364,17.8102506715119,17.6114620287278,17.9174604216684,-0.266691288253092,0.333918336345269,0.984534738947309,0,0
"Q9C0E8",18.6651632957789,18.8667773237882,19.0168811586925,18.9705479167362,18.6304408016212,18.9291963366671,18.9262451217874,18.9802111270507,18.7044778566882,18.7022263659649,18.5308273008141,18.8410155219913,18.4229571364588,18.4879314149039,18.800262593603,18.4259261582312,18.5690635675816,18.9955109047378,18.5406048037085,19.194481188201,19.2159537904488,18.8906002236052,0.122728617440604,0.562989806432698,0.984534738947309,0,0
"Q9GZP4",17.8718682160518,19.2709506666101,18.5870651788033,18.3392512887231,17.8446443669357,18.5818519538968,18.872114727822,NA,18.9787700424135,18.3800875748318,NA,17.9053261090312,18.9865832142211,17.8709159486989,18.0684515950752,NA,18.7073633866264,18.5231680850406,NA,18.397092876819,19.0603394271056,19.0209853833534,0.811489622842579,0.0451267941063156,0.984534738947309,1,0
"Q9GZT3",18.2623718186278,19.1418383071278,18.1341752804729,17.5787783621531,18.1034336125726,18.3399374974348,18.1245415831645,17.880076646417,18.6922544893016,18.6264784097689,18.6012299930072,18.500894443674,18.46005139857,18.4717935781912,18.8628108482615,18.2886214987611,18.7003034441303,18.7830886443379,18.3897800375822,17.7632966275013,17.9796346298241,18.350629978686,-0.504714382355225,0.104172897407683,0.984534738947309,0,0
"Q9GZT8",20.5848091116297,19.9451844884058,20.8015820921978,20.4210811294294,20.0721290923507,20.4165024842822,20.592955821653,20.3851688507494,20.0530642404382,20.0420933760179,20.1930665191613,20.1279348505309,19.6523296572157,20.4190683869422,20.2595486790341,20.1258507905192,20.2801232097659,20.4471620444245,20.1669916383085,20.3344401220349,19.8573264820753,19.9499233238408,-0.0847212069052539,0.667517259485638,0.984534738947309,0,0
"Q9GZT9",14.6878232166818,15.1684669894481,14.2433139391171,16.123480940969,16.4402566141041,15.4662501254469,15.7251523874365,14.8446765399993,16.0924664553085,15.951928608745,16.0454497429375,15.7721125553922,14.9992337717035,16.0941714132591,15.9541378798894,16.1865147136203,15.2606626242622,15.7294757342426,14.7852031996664,15.9090558913627,15.0527996564912,15.7115414978821,-0.418142517453257,0.386390567289721,0.984534738947309,0,0
"Q9GZV1",26.5910623207292,26.5268517268595,25.546206298325,25.4523139203529,26.853264202267,26.8088498301098,25.8799322780836,24.5262933184694,26.9432611156356,27.293202111356,26.8624484019449,27.2026308435197,27.0298358374695,25.9267112425896,26.3169503582502,26.9660930503287,27.4976033247267,26.1681301040776,25.3919978030688,25.7254135051472,25.8571099172398,27.7984430829999,-0.00023297261709132,0.999592094124766,0.999696467434675,0,0
"Q9GZZ1",19.5242709703377,18.9360646065531,19.8111706448963,19.3803622593171,19.5118688886253,19.7295389094872,19.896590012772,19.8930385258354,19.7612031615814,19.7156787953597,19.9279600512858,19.1284702575438,19.6995206677155,19.6262979139927,19.7803773568857,19.2823202790768,19.9208875049961,19.5471836561752,19.4856131885687,19.845663448219,19.7592163687473,19.5198130112891,0.0855867860655053,0.710674585879058,0.984534738947309,0,0
"Q9H061",19.6001261809974,20.5233937972381,19.8645513888874,20.154818994413,20.140614976926,19.6610031846395,19.9198944625403,19.4868355631143,20.3050481933252,19.9574110604828,20.6661175502913,19.8131315919945,19.7282307030511,20.4297817647363,20.2916698144667,19.9457936420443,20.0553517146192,19.8104977016201,19.8132740269923,19.4238911845295,20.0695979117678,19.5564183911647,-0.237616977335186,0.414976247006612,0.984534738947309,0,0
"Q9H074",17.3086459178719,17.2206214527897,16.8687782061457,16.9879848375766,16.7919739430047,16.9107970314546,16.7705638477496,16.7262246043834,17.3975128018164,17.1394144901378,16.9161551349081,17.2168592717611,17.2353074623016,17.2617358127481,17.3780732245888,16.8984568907415,16.8669270431762,17.0395765721372,16.8760277136088,16.7666413093176,17.0975131089259,16.9114519887194,-0.124380101035953,0.532142627979927,0.984534738947309,0,0
"Q9H0E2",21.6559389324118,21.274674237314,21.8538876316943,21.4618526541172,21.3027799013701,21.783583540203,22.0658102121017,21.3453631017243,21.6282624072602,21.2651189802956,21.9655123082648,21.4146500950229,21.087815166241,21.4945449889342,21.7482466752102,22.1679951073767,21.6930124916397,21.8513232866904,21.3937736037906,21.4636296625612,21.6448282189609,21.5770888552696,0.1370285637175,0.579911294032606,0.984534738947309,0,0
"Q9H0N5",23.3729569384975,23.3339783984107,23.3230852597154,23.2867799781107,23.2538887574059,23.4888776945641,22.9743193083718,23.481177938148,23.5884493089377,23.3895131363047,23.5943120485336,22.9121332206964,22.6144696200844,23.0821264053314,23.4263246030253,23.2430232872786,23.23292258771,23.4029180377832,23.3799859720776,23.4097969430341,23.2641920962719,22.9480623392776,-0.379255337326487,0.0482340805044925,0.984534738947309,-1,0
"Q9H0P0",23.8960824795171,23.4478100854923,23.9379269902297,23.8252516539264,23.8327302417645,23.8003810288143,24.0277437825117,23.5775143262412,23.5661393226954,23.5956506394281,23.4482318390417,23.521489383906,23.3528426379934,23.656086483631,23.6868118490408,23.6615029134977,23.6105834365837,23.7334635336875,23.5832116508361,23.8760353975629,23.6513795584327,23.6488139539904,-0.0159189727730755,0.922320534906029,0.990192879028667,0,0
"Q9H0R4",19.918982089563,19.4245761531806,19.8375160256369,NA,19.6901360081981,20.079741212436,20.3551536962954,19.7611222727959,19.6762678710101,19.7914271479871,19.5331060365429,19.6669232372095,19.1507014946216,19.2254142038292,19.6678919621558,19.9912521061167,19.7408051285546,19.7533439607367,19.8312030513214,19.9812388660619,19.6910840668563,19.6165345347485,0.118417534317558,0.62072621416198,0.984534738947309,0,0
"Q9H0U4",24.0620074380153,24.022220676108,24.6955905787468,23.9931582577378,24.2158571235688,24.3697829555176,24.6878944719988,23.7245223149137,24.2129389195691,23.6995955182788,24.3931663945984,23.9387906133834,24.4965729188723,23.8386926374825,24.3796945174794,23.910896343704,24.1534083096877,24.3952062420295,24.2057734683807,23.5031117651284,24.4635816713676,24.1354114065547,0.254330375406933,0.358782549979856,0.984534738947309,0,0
"Q9H0W9",21.9980381276406,22.2405610855187,22.7531449604787,22.7070430377918,22.5928881466346,22.0940563330592,22.9514870306461,22.7898924940915,22.461180473105,22.1441171757329,22.5600298318922,21.7790994105733,21.8548765543812,22.5222717556254,22.7755013068358,22.2865316359497,21.9828335049203,22.35509120285,22.5698087081592,22.3889907003312,22.0712343076205,21.6832570813965,-0.118426169810505,0.532988470640111,0.984534738947309,0,0
"Q9H1E3",21.4085414579264,21.5023160159875,21.7848182793908,21.6654090287516,21.2273222122603,21.4298248017022,21.6807674777633,21.4149508658371,21.5354571022906,21.5947410340806,21.5575471549277,21.2487418913811,21.6737744289984,21.4591684587329,21.3059076826115,21.4970381877741,21.7175369976384,21.4701701584204,21.4795996085221,21.2683846759581,21.407976663704,21.218670617055,0.226875452235429,0.159482279822447,0.984534738947309,0,0
"Q9H1E5",18.9055224275811,18.5592103196043,19.0043428012839,18.9039001271676,18.4550774726067,18.8732124852804,19.0363820454407,18.5184395795222,18.7034186961033,18.3782807336415,18.9935597365184,18.7484229918686,18.3621021328434,18.8226383642295,19.0860667053305,18.5750577303211,18.6197815040777,18.7707461038547,18.1611114104914,19.2506774574724,18.5742530851782,18.2967054059342,-0.149708079206984,0.520376653036389,0.984534738947309,0,0
"Q9H1R3",23.2180721573427,21.4823247272009,22.9105223998135,22.9123322686757,21.8601110494441,22.1961196071796,21.8835447455336,22.8396292925749,21.9821005039566,21.0035218565092,21.4650928704919,21.470719071362,20.0549786214171,21.2886169694859,21.766003900564,21.326899087951,21.067300590385,22.2765744335983,21.8965101692494,22.3949852426232,22.4134041829663,20.6815679467823,-0.120641095544027,0.816635648392046,0.984534738947309,0,0
"Q9H223",16.3676263294642,16.6356666672593,NA,NA,16.2298719573098,16.1319276179457,17.0027693018977,15.8976270949709,16.2186382234771,17.1815615785483,16.7610545505245,16.7020743587324,16.8463234036384,16.9161681067955,16.6875876097766,16.5585219068063,16.8238752577503,17.1510617620692,16.996076252873,16.4984850950315,16.7792912708843,NA,-0.285297925437078,0.353653518124843,0.984534738947309,0,0
"Q9H299",20.0347604310689,20.4921940677056,NA,20.0425067231083,20.0407260057695,20.2092929968574,19.5343561660992,20.0007381673084,19.9803899749559,20.1646629933278,19.5913743514618,19.9256896817889,20.8807551890658,19.858797037537,20.1538336909545,20.4924493647371,20.1916423778683,19.4668185051212,20.2840278407845,20.6669408273315,19.8016266507977,20.4024410631564,-0.00774619607948779,0.979191545076177,0.994529477290085,0,0
"Q9H2G2",17.0708338871204,16.8218609620032,NA,16.8982835196507,17.2398156686563,16.7201934060745,16.8017706866809,NA,16.6214876831563,17.2434897316459,17.2368909702805,17.4681940962088,17.5535917837997,17.2021624477087,NA,16.7859201356039,17.3591826691732,16.7465050449552,16.887385827812,16.7641626570591,17.1694811176285,17.6829219709203,0.160333352078542,0.519179101866795,0.984534738947309,0,0
"Q9H2H8",20.2992195262391,19.3591287133115,20.0466930902474,18.0397981775228,18.5632208103392,20.1151870896832,19.1628623270598,NA,19.6572004182014,19.9124708190547,19.3534539676116,19.8930704741926,19.5257236571027,19.7600330707106,17.9683435828937,18.5527128901807,20.0229699147364,19.0357128199301,NA,20.328079807671,19.7904669198575,19.6708371845363,-0.0708871313156472,0.903098307336399,0.987424911698517,0,0
"Q9H2I8",24.2563892960925,23.7983690071696,24.8130132621346,23.8206030204185,23.9895834056715,24.0588992344704,24.2649795694649,23.0989451910266,23.3774722639548,23.6151414859918,23.7241985012775,23.8703245837233,24.341486023064,23.9589409209798,24.4126813380682,23.8259472656537,23.8674910463717,23.9519279018233,23.7038026904884,23.3317001427519,23.6363193086806,24.2658534332839,0.0639988509282503,0.846732778052207,0.984534738947309,0,0
"Q9H2S6",24.5350774868074,24.8790807009379,23.9174556358099,24.5781084200319,24.4341490314932,24.3470777690082,24.2928868121769,24.0897085823849,24.7170510069116,24.3174171780611,24.7537158054882,24.0827966873042,24.4224128017162,24.5992611996565,24.5087360059303,24.1379619824886,24.4173709394956,24.1499103399065,24.474988391921,24.0391627352351,23.8826456345087,23.7160540409693,-0.469915623952403,0.0543321959687673,0.984534738947309,0,0
"Q9H2U2",20.8300797311818,21.5362296348287,20.2669181920764,20.5608113170855,20.9611535973727,20.5146003676825,21.3324728046405,20.9067714722075,20.9763879509949,20.7867826084059,21.3484757081777,20.7923332715256,20.9095516647474,20.3574621214495,21.1671551567274,21.1533817976066,20.9048655888659,21.2151488530102,21.2721880223451,20.5926741271457,20.5306975308518,20.2581710894914,-0.350306759494721,0.255165545979377,0.984534738947309,0,0
"Q9H2W6",16.6106173682157,17.3874438611051,NA,16.7868453068162,16.6413751173527,16.837701588076,16.2479270716074,16.5513854748351,16.8881269613906,16.9893377664936,17.4790550087044,16.8316969043674,16.4725795092286,17.1267564876187,16.9112800734671,16.7047047829458,17.3524992199329,17.223317954467,16.5792779888455,16.8197548644538,16.7848369787126,16.6394832965747,-0.502718107637985,0.0737289365440553,0.984534738947309,0,0
"Q9H330",21.4808782196469,21.6376272530215,21.628112008601,21.2535526631284,21.9785066542308,21.6699296447041,21.1723099853917,21.1630815832097,21.6760793027003,21.5252138185477,21.3774731442683,21.5091274932235,21.4500747709193,21.2077328388231,21.4212217799903,21.8151968697699,21.2797160281132,21.8151374918105,21.4866733447388,20.8923895268133,21.5011196478978,21.3843415119904,-0.107679289913193,0.620909367300517,0.984534738947309,0,0
"Q9H3H3",18.8543819403958,18.3964213706575,19.0067991668716,18.4447566321147,18.543495553235,18.3798317587213,18.97879635831,18.7657340791599,18.4007202280203,18.6776913524049,18.7637839861269,18.3303946354059,17.9678296179871,19.1516620340415,19.3804294324461,19.3211187128906,18.4057797610458,18.7060676858714,18.8226023900872,18.2912853874873,NA,18.2756972757097,-0.292227196980839,0.33663391021031,0.984534738947309,0,0
"Q9H3K2",18.8403636930099,19.7619850890371,19.0819999370316,19.3610770714952,19.5616978374858,19.1500041439228,18.7540361958419,18.9289905844234,19.4394136182562,19.6634346194433,19.6856712821497,19.6863836349333,19.7464003888324,19.8447630540582,19.4848345981052,19.4988304662579,19.452389336352,19.0840397349561,19.3845867373577,18.1580121537257,19.3405458438225,19.4537799960443,0.00771839263472529,0.980563751305049,0.994529477290085,0,0
"Q9H3K6",18.4132502992886,19.1916737497401,18.4860659133943,18.3961844804045,19.0484569733632,19.0244589768465,19.33475057194,18.9026022286828,18.4781736261253,19.14162795394,18.5426436070156,19.3280009467603,19.0629097665519,18.4079725180805,19.2335001969411,18.6746518729231,18.9539687250666,18.9798651169497,19.113143639363,19.2234027268844,18.826519517192,19.5943979376438,-0.0922986078771082,0.749901847253758,0.984534738947309,0,0
"Q9H3N1",18.668122088849,17.9968591050279,18.5992691991809,18.3685760693814,18.3532874841011,18.4713626832731,18.6692438346734,18.3395445146917,18.3201683864271,18.7734177335981,18.3224033770074,18.4716623267184,18.39427579123,18.4609917348206,18.287379844289,18.406063521263,18.4916478144539,18.5145537085691,18.344969581212,19.1258656064801,18.3522091494,18.4301077004964,-0.0939727222523743,0.645698407902942,0.984534738947309,0,0
"Q9H444",21.2831380558654,20.0466384851452,20.3514020954775,20.520016453389,20.5117089206069,20.2564025084813,20.4492697532412,20.456233059372,20.4353558889171,20.9016677739827,20.5664371211914,20.6537916333308,20.6777629281005,20.3859511300436,20.6110267953874,20.5787888844864,20.5761280422206,20.6941817442741,20.6170180062871,20.521542032023,20.5128009073326,20.6947918648919,-0.102143259008642,0.633251385584202,0.984534738947309,0,0
"Q9H477",17.8547539843803,18.0169782931797,18.6307040466845,18.2844845818404,18.4008738314697,18.3027064765862,18.6597127937942,17.8083052793738,17.5592694558172,16.7382219286346,17.3901611230543,17.4360741767772,17.0487649740718,17.9478537481037,17.9362951355417,17.4156567396167,17.7227179553964,17.5453261744396,NA,17.6468502951186,18.2314504916608,17.2450542500958,0.160045406840556,0.685373535876945,0.984534738947309,0,0
"Q9H479",21.9058338105539,22.5027619223028,21.7868530945803,22.0399364404476,21.5743458069471,21.8188781965743,21.5357871842457,21.8152197480253,21.9346421125327,21.8562580512194,22.2032184062387,21.9686062233365,21.3976232488904,22.0345014018528,22.1557500276117,21.7471545657591,22.1728865148005,21.6370659845803,21.8524921333207,22.2417524046605,21.7321389265866,21.6096875530302,-0.36735786801103,0.119190374842929,0.984534738947309,0,0
"Q9H4A4",21.2189942259479,20.6577165911031,21.3467862817205,21.1630814525139,21.1073678819514,20.8966707228162,21.555090064015,21.1109580546257,21.0584628215383,19.9553883937058,21.0039668198503,20.8758132206701,20.2266462650587,20.9907431966319,20.9561108160189,20.8593805937408,20.7679349859199,20.9264803849024,20.7863020421702,20.1825509515654,21.1298621951612,20.6549420855915,0.424184041752827,0.140656457387526,0.984534738947309,0,0
"Q9H4M9",23.549114496172,23.6896253452455,23.1323779331816,23.1235355367906,23.6837322740697,23.6446277772294,23.2241671448956,23.5721893773611,23.7044553558433,23.7967355398159,23.5938997357262,23.1966154406244,23.6903079539444,22.990406914835,23.1888161317981,23.4758597469315,23.570538137613,23.5861030866008,23.4459831396053,23.3445331774866,23.7645417018477,23.2274882211599,-0.131887414807014,0.489209066069006,0.984534738947309,0,0
"Q9H6F2",23.4702880885231,22.1633052908815,23.2777362574338,23.2593653461985,22.3955306631434,22.953937287879,21.5992305335281,23.0893350954172,22.7288540867131,22.1295571002413,22.4409749615259,22.8737524638132,22.600534538776,22.7818513506913,22.4483858123734,22.0468574786465,22.4399713755817,22.0413688262098,22.9820729540458,22.4045095306009,22.9738740471248,22.1755994009931,0.185432554530784,0.6331775094519,0.984534738947309,0,0
"Q9H773",18.7073154154032,18.2809919539916,17.8905275596317,17.7632021551913,18.2506369373739,17.3369160920386,18.1290899839933,18.1686629614273,18.4670019457522,18.4048063273456,18.0984721274315,18.2928995114748,16.8119842744463,18.3563011554868,18.0310053533118,18.2616251365284,18.1730198736253,17.7453522481531,18.990893775679,18.7374571958991,17.3568316534183,17.4141207741949,-0.749947962822848,0.0597302018612373,0.984534738947309,0,0
"Q9H7C9",25.731819665803,24.8462345918234,26.0186981504196,25.9309276455757,25.9317282015491,25.9389435718457,26.048607799456,25.1434072726241,25.8305046682108,25.3823733585822,25.65285969949,25.2778678097971,23.8828278849367,25.3886674838814,25.4000663409459,25.7596675645167,25.7434506517257,25.7795506197145,24.8475277534187,26.1707369376595,25.7821031469529,24.9831702134857,-0.0653593561465016,0.871993223073949,0.985429799208273,0,0
"Q9H7Z7",22.3836863779979,22.6554471800143,21.3673802978903,21.4442848453543,22.2133217158049,21.9662712716447,22.3394898148572,21.6157456617411,22.224190547831,22.3965651133622,22.4611425501536,22.3364367978242,21.9182314355644,22.1113060957567,22.08071549441,22.4470214724814,22.4355010661943,22.4309328225502,21.9488953319704,21.4612304873729,21.9564237645401,21.9996160045415,-0.372265090849215,0.177772159224316,0.984534738947309,0,0
"Q9H845",17.5206439024484,18.5780442248621,NA,17.3034909968083,NA,18.2994119100449,18.3648771244327,17.6199657365932,NA,18.3440431515302,16.9678090418305,NA,17.6363529634351,18.1532551956752,18.1647419306773,17.6901135025708,18.4698418043178,18.4097327317001,17.7901303206357,17.5538248997547,17.7251695484543,17.1826087478027,-0.468025589896722,0.296895492202393,0.984534738947309,0,0
"Q9H8H3",21.7367327468368,22.0183575229552,22.4186098514116,22.1781974575352,21.8979267552669,22.0302490762165,21.4834941753491,21.931633580713,21.9842848726177,22.6027896053262,21.918755931968,21.0364998447478,20.9272200828247,21.3152205051127,21.7714534269772,21.5099501132985,21.4741010088076,21.8430794712023,22.2994366526186,22.7463673811295,21.6560520127617,20.9996797114443,-0.762752310663515,0.0196228714464094,0.984534738947309,-1,0
"Q9H8M1",21.2332367648026,21.538096882341,NA,NA,NA,21.4518563636047,22.0667225098566,21.6212140261112,21.6995760056436,21.8062772481568,22.1044870984143,21.7728089619011,20.7424038516346,20.5026035263958,20.207408221687,NA,21.8559849331796,21.9235622538159,21.3028770151013,21.2502098941499,21.5955658509243,21.8945567000698,0.665878163718485,0.130636648238798,0.984534738947309,0,0
"Q9H8S9",17.5709587523812,17.1445041042598,17.7037416936437,18.5288685056163,17.8220728131745,NA,17.5692482415355,17.5827792126701,NA,17.3051247717436,17.5368107563792,17.4862804924595,17.8081667468296,17.6598306425629,17.8965380011331,NA,17.446328763064,17.4572971513217,NA,NA,18.026544767432,17.3904954711256,0.347013644169571,0.259500633692235,0.984534738947309,0,0
"Q9H8Y8",16.2360286616036,16.4545700448003,16.5700012288249,16.1304841727527,16.6361957350157,16.495272427029,16.7535176278532,16.3581872249547,16.4421175650762,15.9914399147342,16.4060099452018,16.1312636640311,16.6237024281309,16.177060216497,16.4439010313435,16.4313070109344,16.3116283276551,16.2610270345771,15.5228650216515,16.5069793132748,16.3687467770985,16.3895429253106,0.274607441219572,0.224645166013396,0.984534738947309,0,0
"Q9H910",15.7539363011683,14.9538947462669,13.8104371058064,14.8762207716487,15.5407884040949,15.7041193765824,16.4644786015255,16.041143088676,15.2542928815335,15.8599761019541,15.9719907458006,16.117516907609,15.9648670209489,15.5365683404843,NA,15.9820519894082,15.9223405389734,15.7913897134844,NA,16.1297846323046,16.2540860755033,16.0675769539721,-0.118768063426234,0.803229299615593,0.984534738947309,0,0
"Q9H987",17.0569373342937,14.8827969102794,16.1988632768704,17.3613585700974,15.7901408810815,16.3369593183213,16.1681964641713,17.4183221122948,17.457544875411,16.6416210469005,16.2880669804778,16.3736260195316,17.5939083710331,16.7965385866915,16.3011557388998,NA,16.3661535260012,17.0205267601497,18.4646329694378,16.9475987670779,17.2948460079952,16.3121637090304,0.43052121592828,0.451275542341016,0.984534738947309,0,0
"Q9H993",19.0508746813318,18.6343207730363,19.8173465558531,NA,19.245681163335,19.321157084084,19.5843006889243,18.6746319507214,18.8006858837942,19.244769905047,19.3132845509331,18.8794966044923,18.0072696853529,19.6160653890125,18.8638180431951,19.3792131566955,18.8289738614193,18.61721852796,18.6794026222639,19.4676781893319,18.9409559622286,18.9792773807385,-0.132619747533184,0.703894659287069,0.984534738947309,0,0
"Q9H9B4",18.4828842301306,19.7235279810188,19.0074352610188,19.2424518806267,19.0941469634938,19.2021629289837,19.0195506792533,18.8362065089801,19.4548810371159,19.5497452120883,19.7238640827701,19.7036274586496,19.2900514719382,19.4887446726726,19.182014094876,19.4498238900442,19.5224688549621,19.3256829400753,18.7333671977781,18.9739086887339,19.0918739942203,19.2983736802982,0.0680095465096997,0.804322832526998,0.984534738947309,0,0
"Q9H9P8",21.6656359412452,21.6529333066517,20.1848033226768,21.2668265323322,21.3319289947293,21.1593849117533,21.8446348502209,20.6753988604448,21.1817306585093,21.6644895903205,21.5343071969882,21.4488824206172,20.5089391117897,20.9718102240141,21.1154395092336,21.1928792005297,21.3300247470921,21.644486995912,21.0652999697098,21.4059442095269,21.5154734075361,21.3497065827007,-0.48704641541293,0.127484762003331,0.984534738947309,0,0
"Q9HA64",19.40173892901,18.8007111747308,18.8499689482269,NA,20.5429428707001,18.1438701201821,19.6099253828804,19.148465346388,20.7559934329941,20.3817388140874,20.8677001299383,NA,18.9909685095416,19.9181614221276,19.7288257187523,20.6543377856389,NA,19.4576584704217,19.1816917439585,20.4993571116842,NA,19.2608397113758,-0.252929257598375,0.729828495642385,0.984534738947309,0,0
"Q9HA65",18.1606042557984,18.0155936297898,18.6811154078324,18.0540305150321,18.4660784750682,18.3452557857936,17.6552482606208,17.917905538361,17.9191094150137,17.4602008471767,18.6166419028866,18.217593143098,17.8891371754127,18.3605532170978,18.581464305131,17.9376721855566,18.0078402053169,18.108610845435,17.98859103879,17.7379875306784,17.9744474231488,18.0493100143116,-0.274688684999219,0.308086264963439,0.984534738947309,0,0
"Q9HB71",19.1122444280472,19.8424734504856,20.6724933089274,19.534068828794,20.156726622503,19.7395977426474,20.2308134104236,19.535674958802,20.1765328736844,20.2659493694606,20.235262081886,20.5250813237313,20.588356191612,20.128474079388,19.9790018742262,20.2802794566432,19.5854317260456,19.7706054244552,19.8960245704345,19.9734463382007,20.3449063108566,20.7512199670614,0.534243098938724,0.101765317511447,0.984534738947309,0,0
"Q9HBH5",16.5839908651345,17.5035846158393,16.6713191282614,16.867972593323,16.8954026080307,16.5266975345106,17.2672002098955,16.5106588620971,17.2374670217697,17.7528989514238,17.6683653898827,16.8254943804252,16.7940868640812,17.2107831172498,17.1830683007827,17.5049819072098,17.0085061510655,17.5791374838751,17.0649449425866,17.6060644277377,16.9767705339254,17.1992621002771,-0.521515762683226,0.0951150253839711,0.984534738947309,0,0
"Q9HBI1",19.1867694177798,18.7249428792384,18.9499205390381,18.7463394300811,19.2556334685284,19.0338096721703,18.7421865680211,19.2051884116521,19.2670723114435,18.9198976897371,18.7822431764843,19.3225364708051,18.4049368122032,19.1725254236323,18.9414216330394,18.9774125636867,19.0495990888572,19.0283200197726,18.7532914416224,19.2194337859113,18.3528252242527,19.1105944339065,-0.155088960452851,0.508272812762921,0.984534738947309,0,0
"Q9HBL0",20.5494100158876,20.8874676581571,20.3851236234156,20.8581719592872,21.0494294961978,20.9768915447191,19.4958004822489,21.0799120561853,21.1200493093397,20.8996803573203,20.9421234010745,20.3131722206952,20.4710204265092,20.8169282459715,20.4221409460242,21.018691441212,20.8873825877561,20.4725099290359,20.6252441781008,20.9199248363008,21.1119531563999,20.5288259542727,-0.225864255409835,0.465656405379132,0.984534738947309,0,0
"Q9HBL7",20.5946667097056,21.5095311439116,20.7966017900603,21.3728423420099,21.233050318944,21.4423998835819,20.8574402945879,21.5654260786338,21.3224563932511,20.7919941444095,21.3726534677343,21.3857779481147,20.758461341834,21.4027612561086,21.0237616345654,20.9759716942911,20.8837978265405,21.0447659366846,21.8565186038067,21.0164320727431,21.2002549826147,21.1201554947306,-0.189207251099958,0.490570796295184,0.984534738947309,0,0
"Q9HC38",21.8544787500775,21.7847443387945,22.2007561113007,22.0349205823248,21.6797815914087,21.9738466774559,22.179293328797,21.9520907869765,21.7954488281231,21.7467321221943,21.8742012573061,21.6270975494041,21.6027359962786,22.0988480175215,21.8598926936408,21.7702929500054,22.0438186987079,21.7512255776457,22.0664507942923,22.0937465566262,21.7661583797984,21.5999779489133,-0.0254813361290651,0.87010278787366,0.985224662710431,0,0
"Q9HCC0",17.7842327541102,18.052148899017,16.6729745571835,17.2832228106697,17.2684780981077,17.5041685382633,NA,17.5468662093336,17.7195618520377,17.518388738409,18.2348004042715,17.8869719211919,17.3567233596285,17.1028237840045,17.4298683928807,17.1410280122763,17.470387042078,17.8300150628181,17.8808457988652,16.4343210175879,17.3602404665873,17.4808423572811,-0.297235789705606,0.394028341006157,0.984534738947309,0,0
"Q9HCP6",24.6763879661876,22.9175226912491,22.8837326941335,23.5065035534164,23.1893691280084,22.3090892172209,22.0544974992094,23.7582144807759,23.0349565364246,22.7209178521476,23.0283533595002,23.0121209528643,22.6266601007421,22.5722900485352,23.1888612952597,22.7627497850032,21.9176226320034,23.0476187670327,23.4210659295573,23.2751354437737,23.16092094054,22.9373127533263,-0.457455519012182,0.321305893290863,0.984534738947309,0,0
"Q9HCU5",18.8607983083638,19.0674533621048,18.542461307426,17.9828552885288,18.4225658161221,18.4132143566172,18.3020260263558,18.2502577814623,18.5606332227376,18.6977460389766,18.6171744301736,18.9838752604473,18.7210209672791,18.3312932655694,18.283248665722,18.5972030275623,18.5366553213549,18.5601306998121,18.1983734388825,18.2032278824089,18.6637242583844,18.5812501925889,0.013188054032895,0.943674933801085,0.990192879028667,0,0
"Q9HD33",17.8431667662658,NA,NA,NA,NA,17.4740944319029,17.5065501344794,17.6050364738001,17.7752113717843,17.6856996568741,17.5260668109245,17.3316491496525,17.4407801819956,17.3812257906889,NA,17.4280160816162,17.5700504065682,17.0714427185479,17.4325316353546,18.0479030182477,17.4398232072595,17.2727093057983,-0.0764722111426117,0.748872514032564,0.984534738947309,0,0
"Q9HDC5",22.4605519800912,22.1853199682987,22.7820418682403,22.7721591393048,22.5006168268505,22.547789955782,21.2095846947494,23.0078448685987,22.3681099639145,22.2186137237928,21.9420242947738,22.147477428582,22.1186166990821,22.4456543779811,22.2089249606093,22.0396262460028,22.2947919616951,22.2343955561755,22.5835291712179,22.6919242747942,22.7603889920303,22.2796759716658,-0.0406608029492048,0.898161737834147,0.987424911698517,0,0
"Q9NNW7",20.200691143047,20.6045337216385,19.4449982875194,20.4238481676483,21.0922442227186,20.8906789242337,20.0920814757368,21.2733449912873,20.5004673857699,20.1532124608777,20.2571349016301,20.255544597721,20.1215272577521,19.5676507740417,20.7968254991774,20.9475349470222,21.1037091982966,20.2654349828262,21.3136969404773,19.5513678090515,20.2379899850361,19.8817534648759,-0.0604531267627166,0.890405984859847,0.985429799208273,0,0
"Q9NP72",20.1332425968934,19.249531042584,19.5668787312814,19.8121060578585,19.6478823891752,19.7070971199295,19.6730082778883,19.5073427476717,19.4489707268516,19.7418403667185,19.3614880169503,19.528150958217,19.599201963566,19.4007777037371,19.198294145211,19.5554209785482,19.8213140202821,19.3453744110713,19.7417334529012,19.5599389576585,19.6052570128043,19.4101570147614,0.0988409768491856,0.613227154991653,0.984534738947309,0,0
"Q9NP74",17.2428891197832,NA,18.0918069320105,17.5103165275676,16.8900789050725,17.0181210490895,17.3391256996724,17.6379096169042,17.5019276550723,16.7919977967026,17.1560292271212,17.1856776802916,17.0263923176679,17.2160311727312,17.3928421458279,17.3720593239265,16.5763104133982,17.5632573549053,17.3898136659867,17.437937368085,17.4743644992475,17.4204156806478,0.374791711979711,0.109453975518015,0.984534738947309,0,0
"Q9NP77",NA,14.3032662207153,14.5039532939607,14.2731902787872,15.2958394999478,14.8115132002399,15.0565373162243,15.0388421554964,14.7948125949043,15.0523623799492,14.6642055849842,14.921490728208,13.9831167852835,NA,15.3287726807449,15.096794728842,14.6754397019255,14.4509210683607,14.8606670234942,14.5768071688678,15.1801265756406,14.6593502785631,-0.141563704521193,0.664799867054364,0.984534738947309,0,0
"Q9NP79",18.7396327678886,19.3035369041305,19.3960306956497,19.5071496292916,18.9283045442239,19.175736587589,19.566500688181,19.1500716147424,19.2122667493408,18.8415774502343,19.2701999994935,19.4937642148885,19.0662691400978,19.1788050403302,19.2989837811427,18.8298562934443,19.1443849031343,19.1050776744894,18.9715802237413,19.3680819561666,19.1662996304062,19.2125401384432,0.290919151409501,0.130407430061245,0.984534738947309,0,0
"Q9NP81",18.6927424244733,18.4532373721785,17.3949860279764,17.4819563711855,17.7938771798231,17.7109250213238,17.9679599521407,17.030159482749,17.7109911849524,17.8499484654831,18.2545424007256,18.3298023926733,18.1176800112172,17.9235972157433,17.99628236603,18.1563847096553,18.0199628366424,17.9057835402818,17.1177324115817,17.3415638232135,17.4147476676628,17.7099473601868,-0.307572581897528,0.304374699057018,0.984534738947309,0,0
"Q9NP97",17.7889638145004,17.7674801065539,17.7356796453243,NA,17.82958736733,18.1248032131957,17.8575767413313,18.2138853943909,17.3834747715042,17.9800351057112,16.8729736449499,18.109794568566,17.5144127731226,17.7027486574831,17.7181860076346,18.073219735975,17.5578334000133,NA,17.8729640017641,18.3461783672169,17.9477076769079,18.3261133243492,0.0764568388509588,0.811186559923622,0.984534738947309,0,0
"Q9NP98",20.6027164924173,21.1336516291111,22.5510333050513,22.2050961084377,21.2605139088599,21.2075505605434,20.4243675029786,22.7014848082402,22.7714464640662,19.788357758983,21.1353508907117,20.3959973152484,22.8160127443909,22.3415419727966,21.8831399520577,20.0091158397804,20.7848022595721,21.4919617672384,25.3636413309986,20.7563317448502,21.8416953612329,21.2356185587677,0.0892124238941854,0.917596652993245,0.990192879028667,0,0
"Q9NPF4",16.606580303568,16.6452789733627,16.3466329475819,16.2929509758276,16.9383464855756,16.3865406920193,16.222499868738,17.0441260922595,16.5777350854833,16.7533162463753,16.4710247131309,16.7165777677077,16.7721829277426,16.5790304607142,16.3664262030603,16.8943564208081,16.615641885556,16.7392981349709,17.2745586063374,16.7508307990506,16.6869660690508,16.5174043474147,-0.17823284614057,0.408495554593175,0.984534738947309,0,0
"Q9NPJ3",22.4179443458999,22.9602607239821,22.2556313018349,22.4767581065752,22.5172878819402,22.4102992280415,22.9209565984098,21.8284255193562,22.5329141232685,22.6943241221883,22.8648709384583,22.8302456651499,22.4840821780775,22.769715224402,22.6186518441957,22.6388202054493,22.6953139744893,22.845911454947,22.2379651926953,22.6590036403565,22.4847952615475,22.7354373650645,-0.222694439885782,0.320127199635145,0.984534738947309,0,0
"Q9NQ50",NA,17.0991942323102,15.3987116478338,16.6777332926576,16.6281720158217,17.0185375335204,16.595709690129,16.3241793449147,16.9511947942263,16.8699529525266,17.5739499992455,16.7611382679743,16.8563282828364,17.3250375540468,16.6370124346961,16.4382817889545,17.1940117982261,16.8603471494831,16.639776415463,16.6596007092293,16.8151007903874,16.8012281083,-0.660960089882945,0.0505249122199516,0.984534738947309,0,0
"Q9NQC3",26.4348554196861,25.670168176725,26.3893400008505,25.5815296276642,25.9946486827399,25.8856723988437,25.9543973782008,25.8812079087492,25.9288279354462,25.7807719973314,25.6557188894325,25.7557437382587,25.7710157810136,25.6308785212817,25.8539958986869,25.6745893963157,25.5701734059423,25.9107537738124,25.7076397150183,25.9540716513202,25.8275503420888,25.6969876446924,-0.0520365512495751,0.792987282677285,0.984534738947309,0,0
"Q9NQE9",19.620906435293,18.2053647233305,18.479536478977,18.887718158379,19.215644540187,NA,19.2600384814998,18.5748148766094,19.0409531735263,18.145816425222,19.1889297600126,18.4590493257811,18.2165992724431,19.2763396470297,19.2352902053518,19.3354284388596,NA,19.2785726964264,18.8700454387704,NA,18.3022842097194,17.968649212392,-0.739407588585959,0.0732635928312956,0.984534738947309,0,0
"Q9NQP4",18.9991316604004,17.6399474941584,18.1187767570185,18.5475365377054,17.99338334146,18.2234128153973,18.1831229236436,18.2746953800876,17.7689907045737,18.3526848001827,17.590834664436,18.0132896194508,17.5791867132037,17.7923453098689,18.1595124168732,17.8034675737174,17.9117310239471,18.3864227135079,18.0266749029828,18.7424148596078,17.9063638633533,18.0713430723317,-0.295185064967487,0.320250538342391,0.984534738947309,0,0
"Q9NQR4",20.1836009650133,20.1263868041659,20.1122583314256,20.3007088305403,19.992737063643,20.3178178395833,20.7871128062545,19.9417223785024,20.0145565478931,19.8876986659838,20.2101481919369,20.2211741232434,20.1108757604403,20.1258862163589,20.2893534418043,19.7894841883107,20.2221610134396,20.2049595561112,19.8278260293082,20.2694881301712,19.8824761340288,19.9566413502466,-0.00149372259702929,0.993890763623363,0.998338651984889,0,0
"Q9NQW7",18.3822681219538,17.5833949884497,18.4734964024456,18.2611825632578,17.8576948874477,17.938170852432,18.3866504287573,18.4124218895745,17.9332012572873,17.6253801446195,18.2248663801758,18.09923079865,18.1591229984857,18.0745346139565,18.3678331077684,17.5945264135475,17.9734088895357,18.1986113912149,18.1021915569808,18.1940674840641,17.9266748812528,17.807593029502,0.0974064834501043,0.634675552177529,0.984534738947309,0,0
"Q9NQX3",16.67421926433,15.8193722527788,16.3768321453034,16.5061142752078,15.9459604916379,16.221317061857,16.1060883875555,16.3176145643449,15.7215755750691,15.733361721014,16.4141559025007,15.8515450266769,15.0484121449199,16.0590942069283,16.3401928919998,15.7260288227152,15.6446669021783,16.3451053549113,16.0682636400811,16.0227213918487,16.1158421539774,15.8962260123783,-0.382374779536461,0.150669081055057,0.984534738947309,0,0
"Q9NR12",20.1102200383519,21.4272934133169,21.426241087205,23.3986573193013,20.9937878756593,21.2134552209084,22.1107089786778,22.6062242474828,21.5595104427998,20.5273895517684,20.8696657747506,21.3244465556612,21.8051624939585,22.422415822942,21.2545326219039,20.9861723045315,21.9105289827696,21.4767094821706,23.3962704314261,22.1500286317367,21.8346915716923,20.554286394817,0.625856421836609,0.237811881691713,0.984534738947309,0,0
"Q9NR19",18.1699087599755,18.0158354931159,17.377836458595,16.8770267739476,17.9207563788748,17.8632227296224,18.0041187522775,17.634312811033,18.1238083481695,17.9975518792793,18.2609824486946,17.981922751103,17.2164683689023,17.7120939346814,17.2327898408,17.9673365146633,17.9630654731038,17.7285909036315,17.8207379587465,17.6168415883077,17.8732141699006,17.8132167105226,-0.254295833323368,0.326461283973801,0.984534738947309,0,0
"Q9NR28",20.6116041596072,20.4017528411156,20.1426036303279,19.9984485699459,20.1679927106032,20.5007597178467,20.2151106265806,20.4715124022863,20.4247103448483,20.6871814848179,20.6483981566957,20.4451411712738,19.5846527347426,20.0210036539171,20.3147064985162,20.7724715685561,20.6175394196951,20.3584068721005,20.4934159671712,20.5416064773223,20.0049630223132,20.2419967256329,-0.32050485041978,0.190035318027515,0.984534738947309,0,0
"Q9NR31",24.2104616858612,23.9411081396029,24.7152794034989,24.4930505200858,24.1299933853164,23.9899448159555,24.6680635308904,24.4685731833154,24.2945174206677,24.1081956978117,24.2344952815621,23.9110995181387,23.9233155465418,24.1006063610688,23.885858297051,23.9338494442638,24.0337281645945,24.3214454637846,23.99300569042,24.3056756401253,24.5201034388715,24.0586422893986,0.367668420484879,0.0433160898404905,0.984534738947309,1,0
"Q9NR46",16.6928637764188,16.8954936385894,17.0707807641951,17.4569213278539,17.3958396658504,NA,17.1816907462351,17.5027328089566,16.8133471718618,17.2322802845505,17.1413202178876,17.2664673660016,17.3008200206929,NA,17.4938446329771,16.9373469847855,17.2378195217501,16.8349449090613,NA,17.3428721764637,17.568793967889,16.831255857091,0.0947110979600083,0.724671000253622,0.984534738947309,0,0
"Q9NR56",19.8257387437335,20.0242672324658,20.0553503281433,20.0979437207969,20.4653693763822,19.9709914581735,19.982272259474,20.4618026365225,20.1860178124147,20.1875204113259,20.2789241973418,20.3973773020842,19.8645428724079,20.147255646934,20.6731482647167,20.0062174436078,20.0900861574204,20.1698318434682,20.3873424293709,20.7704598823076,20.1887165743265,20.2047584974037,-0.273115690584536,0.179434310194436,0.984534738947309,0,0
"Q9NRG7",21.8499161636377,21.8252729209376,NA,21.1385017648814,21.4883489918388,21.7295697093641,21.832956684969,20.4358475355352,22.3866767321262,22.1087199645951,22.5383379116581,21.523258602859,21.2823888134588,NA,20.6039826381559,21.7748999563671,22.029115199777,21.5291358945646,21.032028003188,21.9611296437838,21.0181021287063,21.5984952623727,-0.218724315293546,0.613264057797818,0.984534738947309,0,0
"Q9NRP0",17.8013608619825,18.099441233553,NA,17.7438854535885,18.3595655144143,17.9678570790576,17.4912962455048,18.3927464887692,17.9963132966752,18.1535743296999,18.1190258550915,17.4530128624523,18.5876642246958,18.2452406519166,18.0386062974726,17.9857722003967,17.5408022189134,17.9989400546485,18.2217588158144,18.4835954417028,18.2961070793608,18.1993283813788,-0.363593881458254,0.186057800448428,0.984534738947309,0,0
"Q9NRP2",18.0567761914035,18.8179131484636,18.1448638405796,18.3519996083503,18.4293285545902,17.8609766309139,17.9987400839205,17.8551995112629,18.0179838673874,18.4023076665627,18.8054030962778,18.692153752495,17.9926006668362,18.3042506837822,18.6300119528723,18.0368620658743,18.7373849480573,18.1610590138991,18.0762281345603,17.5744702318782,17.6176620787705,17.9215624799463,-0.304526503803594,0.322552238247028,0.984534738947309,0,0
"Q9NRV9",19.8575440330798,20.4504966597642,19.7733109467336,19.9396065988809,19.9454900415205,20.0739984905906,20.1642063262588,19.8276689507063,19.9904367545915,20.0951010653439,19.9872835595538,20.2734537517859,20.2038182560554,19.9404106692454,20.0809164352007,19.7818102789268,20.3080834692454,20.1782668695385,20.3346146352276,20.509715554235,19.9811124279597,19.8393227638197,-0.273457734265193,0.152116302877324,0.984534738947309,0,0
"Q9NRX4",25.5125884867892,25.4001428964524,26.0235604351672,25.415100968973,25.8118565448711,25.9536383782467,25.9216011779866,26.2500653159731,25.7128694180058,25.8627525005471,25.3917675429149,25.3102349328041,25.2448250234335,25.5120211163923,25.4651675471533,25.8940613328249,25.4710947430609,25.695657287092,25.7174365358775,25.9680443521708,25.747839832662,25.7135037443024,0.101109638695039,0.647335437710472,0.984534738947309,0,0
"Q14767",NA,19.385026215053,19.0510511595788,19.5852864941606,19.5953445695673,19.4740849729545,19.0663853005507,18.7588735511857,20.4039295834739,18.8304815121453,18.289899278611,19.2580791331061,19.84965739424,19.0897850763902,19.3894480776507,18.6649429784998,18.5275271546807,18.8837632532081,19.1850907022767,19.3050773777968,18.4804903081152,19.0631381966465,0.0567182774179216,0.888842067869302,0.985429799208273,0,0
"Q9NS69",19.438458328812,19.8442649380814,18.673838908566,19.5801610001249,19.3166001996474,19.5121984860344,18.7027911315338,19.3982455836736,19.5031559774371,19.6202801026693,20.1431956315599,19.9039992056415,19.7800812608146,19.6584170746935,19.504525837688,19.2082045629721,19.7563869031823,19.429066377438,19.2224447888371,19.3084505629083,19.7011063082969,19.8505725052996,-0.198716898145459,0.436738251669669,0.984534738947309,0,0
"Q9NS86",19.0467816797757,18.1325642345994,18.2305537238982,17.9376218092492,18.0736031171024,18.5773881011353,18.1320452623711,18.9473883971718,18.4282222371713,18.2392456148359,18.0727346631602,18.0578291721782,17.5557649049997,17.9426807275422,17.8964791084888,18.1257052780385,18.1317210277462,18.2093226499716,18.6702445988754,18.3983886846006,18.4295078223164,18.1418667856904,-0.171577271196668,0.538724213511415,0.984534738947309,0,0
"Q9NSD9",23.2347421189421,22.9324421509212,23.0654846959111,23.0047602506144,22.9927484903485,23.1564865712116,22.9405986565156,22.9189057846744,23.1889728702396,23.1062576411669,23.1442329306601,23.5736993668288,24.0274568436142,22.8929957913405,23.3524407741433,23.372744719148,23.4429608202461,23.3012882671783,22.8021195452381,23.0113878492034,23.3303334539089,23.6047718118379,0.415874191559229,0.0299950372485573,0.984534738947309,1,0
"Q9NSE4",21.6140556374329,21.8951623352161,21.2351703052488,21.3248414574305,21.3034208829482,21.5091410586011,21.6686417047722,20.9999582988635,21.466577258525,21.7164088585542,21.9716962961043,21.7594407040963,21.3774468215678,21.76449453934,21.6772207127503,21.5429437800325,21.7817607074504,21.9566023347554,21.547520268541,21.3204668735925,21.2670695365573,21.303966249124,-0.477099352499227,0.0324505537580586,0.984534738947309,-1,0
"Q9NTG7",18.5054346777687,19.1971880411257,NA,18.5949629620632,18.7190956766418,19.1002883464572,18.8616530498257,18.3318602211887,18.9097882306205,19.5865173757422,19.6203879006834,19.3076828625921,18.4005785495869,19.4783336247962,18.3215076381893,19.1634512407157,19.542279897349,18.9434642876593,18.9644156390374,19.0686849330453,18.4285385096263,18.9695347212597,-0.422570311749865,0.235576725911826,0.984534738947309,0,0
"Q9NTJ4",NA,23.0959144252895,23.2774216595901,22.3944669980232,22.5131816820978,23.0139831186196,23.0048572812456,23.4822374543023,23.0133448427203,22.9863136339051,22.9926865314056,22.5002667820972,22.6583699512365,23.0792289808287,23.2081189730944,22.698483601272,22.1675331713081,22.812092172959,23.967233242604,23.3003034878939,22.7430641388946,22.5199248072041,-0.610606580918983,0.0347829452591015,0.984534738947309,-1,0
"Q9NTK5",23.3348356840389,23.2800777636177,23.6762392366413,23.5604731705034,23.4605645143705,23.398879071487,23.5570415676118,23.6221011413004,23.2671738597705,23.4856076488038,23.1018009418474,23.308576693081,23.3583666002737,23.3813389021356,23.3079202997884,23.0489370437918,23.4078069388489,23.3057174767748,23.2872790038077,23.7491567520373,23.5426814430562,23.46163103154,0.141362329327826,0.399042011703377,0.984534738947309,0,0
"Q9NTM9",21.8663822322634,22.1476659658746,22.7284983462285,22.702742667913,23.2606098042253,22.8898378781121,22.5827168164387,23.2264422914493,22.5975865217043,22.6948855254082,22.5453147347895,22.5131171653484,22.4665746507805,22.8015706104646,22.5700196095806,23.0035441457774,23.0065491252915,22.0938366027766,23.0516410561456,22.9154689017397,22.4764490793573,22.5513882255006,0.183244347835764,0.531526955053884,0.984534738947309,0,0
"Q9NUB1",17.49724907518,17.968242509923,17.4652257352758,18.1240873809774,17.7141476471691,17.8345804529747,18.3667891012005,17.2169798721877,17.938769642148,17.9526895696369,17.9675904771782,17.9881663866511,17.6749267667582,17.904530145291,18.2364427676976,18.4521774175328,17.7019365105865,17.5996269018646,NA,NA,17.3490683306196,17.2771873719053,-0.15935004986509,0.629804530817746,0.984534738947309,0,0
"Q9NUJ1",18.5256832767711,18.7104677673567,17.8936442046767,NA,18.0574807199426,18.2368062825698,18.5802244816104,18.5329623561332,18.7689317208001,18.6655290567298,19.1663614042022,18.5949299704732,17.5234931899027,NA,18.2859480498071,18.7285518079617,18.2590301702047,18.4604471598346,18.5337623461886,18.3956173532041,NA,17.8192388000413,-0.339656052432954,0.330308137072935,0.984534738947309,0,0
"Q9NUU7",21.6348194558279,20.5502435579488,20.8398843115318,21.1295780299258,20.7356813002061,20.6606829106585,20.9663175204904,20.8250556800611,20.6725053080646,20.5990747161663,20.7515399190863,20.8382497420074,20.5612056239745,20.5579659730873,20.8199471863725,20.4818096660084,20.6739334584881,20.9642044261754,21.0873862749599,20.6993224085664,20.5755024434715,20.580813813564,-0.14251826921419,0.515860108167972,0.984534738947309,0,0
"Q9NVA2",NA,17.7868818799353,17.6220745683993,17.7554063094787,17.2762393709019,16.9364651975892,18.207405939701,18.3725745520787,17.4911380887789,18.050047352434,17.8096802703814,16.889294572554,18.4032160446133,17.4070448234158,17.7333538388788,17.4920889377966,17.5375879935099,17.8511779171911,18.5068853022548,18.224503438861,17.8576744032181,16.9759522034691,-0.0901015989396434,0.809110031636972,0.984534738947309,0,0
"Q9NVD7",NA,17.1933858712498,17.5262989709413,17.5029864489239,17.8344192594713,16.929268390155,NA,17.1416691411018,17.5070610325394,17.2984610468545,17.1035634821608,17.2050665205918,17.2133099163463,17.5038664922549,17.4185234098828,17.8186096979854,17.2324140704012,16.794139348432,16.8369072140441,17.2626055414962,17.5057674284174,16.7502954297572,0.26570710107595,0.333779230844,0.984534738947309,0,0
"Q9NVE7",19.623864513357,19.5022464951848,19.3832474904658,18.7997997451601,19.4346870369921,19.461182241399,19.7505442310909,19.5338461245258,19.1124584289745,19.1916239885481,19.5195176758935,19.5301106005786,18.5524639657476,19.3645928135989,18.7571366676668,19.6025733894433,19.3734019249102,19.5724503726742,19.6181753768116,19.0262754501837,19.2664519062913,19.151096919254,-0.161250806335204,0.541073421200108,0.984534738947309,0,0
"Q9NVH1",NA,19.657605744878,18.4037959787004,18.8875596744891,19.1243293156365,19.1131710591138,18.1384255526299,18.2791661120328,18.9789074431386,18.6842627058152,19.2259919589568,19.1245820477998,19.5116896001808,18.6840640480025,18.8504165777533,19.1851258698131,18.8908958845639,18.6563430151108,18.2769627356961,18.0255337417321,18.9214744903993,18.8635867352364,-0.0399711610287738,0.883282819443048,0.985429799208273,0,0
"Q9NVH6",19.2454110617127,NA,NA,21.1281141450213,20.6630063790266,20.1441630704007,NA,20.7597928813194,19.9529072621934,19.6657029228207,20.3924693805988,20.4199673239574,NA,20.1971829710806,20.8050411614534,20.7264425975186,20.5245042275979,20.0451341175972,20.5055757756721,NA,19.9317991220003,NA,0.611034413595515,0.166221929875513,0.984534738947309,0,0
"Q9NVI7",17.9445186706865,18.7453079142509,16.9612424340513,17.4831667587946,17.9677480694761,17.9199459271202,16.9060702037762,17.8921347243488,18.3410511412884,18.1615161695481,18.617857207,18.6068776656543,17.4365541380279,18.3587915646918,18.1010622994521,18.3387310770174,17.8615206831908,17.6744541086497,17.8498740467714,17.1798971093666,17.9743258566432,17.8372571068204,-0.533020678455763,0.162666533655629,0.984534738947309,0,0
"Q9NVJ2",21.6601139333607,21.3878737039252,22.037874197982,21.1108791825118,21.5271739853165,21.9780750574763,21.6715209353975,21.7830930842684,21.8583393883897,21.2370503630491,21.8584144381031,21.3873189614568,21.6680613959599,21.4346347496515,21.3979722726247,21.6910671848018,21.5432860280718,21.8293811729751,21.5411243446869,21.7061535574947,22.010867972095,21.7811070926339,0.182655997188029,0.422913400371384,0.984534738947309,0,0
"Q9NVS9",22.0931727658673,22.3185085963421,21.093373432511,21.7388619215438,21.9660484047112,22.3873943533022,22.5852733485326,22.0061981565574,21.9533261612805,21.4008166421756,20.9570502826094,22.1223245517886,21.3436551120087,20.8455790290861,21.7755370475129,21.6812181889383,22.0784926636471,22.1637824793492,21.3764770040429,21.6464051193998,NA,NA,0.238177065082663,0.562030102358279,0.984534738947309,0,0
"Q9NWU1",16.8971025993391,17.7558842388409,NA,17.3154954032023,17.0786965147608,17.3581416265297,18.1084571629182,17.0080682351251,17.6608511873756,17.709493723364,17.8509117641835,17.7595440626092,16.8316187434807,17.4746160803222,17.4338614549835,17.0875177267527,17.5768672992477,17.7122604303848,17.4926210114224,17.7677243448075,16.972607206818,17.1743575541796,-0.263079120844747,0.389994145670236,0.984534738947309,0,0
"Q9NWU5",16.4572449666443,16.5359211495109,15.8783981307459,NA,15.6898032149349,16.3890739401481,16.0083652750453,15.8485346254065,16.1661786103984,16.1134967792796,16.1992309499567,16.0793013460015,15.6645722939683,15.884530301401,16.2952920783537,16.3663962227645,16.1775662093369,16.6200095798886,17.027577738835,15.8033492501978,15.9507858173894,15.9368013938773,-0.552986771912444,0.063264433394595,0.984534738947309,0,0
"Q9NWV4",23.6718431741563,22.9000162795066,23.4354343444593,23.2974603323501,22.6735808157521,22.4680682727526,23.5248580552138,23.6302693597759,22.9532717524366,22.6923515636502,22.8696236564299,22.9969761975335,23.0938591493508,22.9916484048741,22.9178792794202,22.7853245359275,21.9966394626367,22.898717271766,23.1305583630854,23.2961991136367,22.7273579500536,22.6383497974583,0.148428837409426,0.58338492200504,0.984534738947309,0,0
"Q9NWV8",16.7264166382393,16.6977168206204,17.8218786023365,16.7896261204787,16.6536323151519,17.2373262295559,16.8135686957299,17.81575070984,17.1989669091108,16.9485255620992,16.6322648701915,16.6496052112485,16.7708995367003,17.246590739307,16.9140140789702,16.9797130950092,16.999660019578,17.1359694530429,17.6336214424217,17.230843418683,17.1770013908861,16.9301382022783,0.157606217654532,0.536276256051818,0.984534738947309,0,0
"Q9NX14",22.7143610858193,24.0525907190952,22.9136434093793,23.7938627934862,23.9106164914351,23.3707013932984,23.3492026952534,23.1838359558974,23.5388167593726,23.7807704602169,23.5693815959688,24.1518728281843,23.4063010783387,23.6558516479477,23.4623320495392,23.6150738183544,23.3134254729135,23.473983143759,23.3883444021244,23.3278404840118,23.4411553589769,23.3372468102795,-0.128022419263001,0.6586215715552,0.984534738947309,0,0
"Q9NX40",20.8101638214636,20.5318944656652,19.7844700509469,19.6355011783223,20.1561625661013,20.2510959707847,19.892293165824,20.0426842567848,20.3264801949739,20.3302091905878,20.3779027818396,20.2429708205555,19.8851209047122,19.9886204448858,19.8847636667445,20.182100361863,20.3377794100811,19.956750738759,19.953663151335,19.9894765561723,20.1715090917078,20.4313310630544,-0.2194719996203,0.244337991459146,0.984534738947309,0,0
"Q9NX47",16.123370695541,16.3478685857085,16.2373292499223,16.4539881578322,16.1839397803994,16.0076710257988,16.6161450185318,15.1691107231852,16.6165639840569,16.6964047070293,16.8822886647363,16.662060986837,16.3291759514669,16.4437219743772,16.982702046798,16.4882466257689,16.5363999434575,16.8322637238104,16.5926232552959,15.0929781578321,16.2252610532287,16.4992927527214,-0.0870814292059023,0.825452060438903,0.984534738947309,0,0
"Q9NX63",23.7535844783061,24.4392623928223,23.4197040245298,23.7862182211428,23.8028873639559,23.7175083022921,23.3677372601551,23.7038122751963,23.9521435279793,23.7029102401075,24.081018613431,23.930715959009,23.5094772531161,23.8320778815703,23.9241679194619,23.8378074744442,23.6639285423371,23.7419145213194,24.0826260323924,23.4766339670961,23.7201183343253,23.7328664782282,-0.349270560809853,0.103538042219472,0.984534738947309,0,0
"Q9NXA8",20.8761465180639,21.0536382671406,19.8804499286037,20.173255908746,20.11001107413,20.1854162580924,20.7903122657075,20.1751340090711,20.5021761105235,20.3647406214683,20.8481212384547,20.8777898091682,20.3167416790653,20.5254114393746,20.4998693327173,20.5287650626225,20.5384248233869,20.808242665984,20.2691216405563,19.9214174231666,20.1262939860814,20.3450239069754,-0.218052640837776,0.432777182919385,0.984534738947309,0,0
"Q9NXR7",21.4342629098345,21.4006892543686,21.2923577799248,21.1405773685946,21.308629205404,21.4303795234461,21.1768980136834,21.2212878197636,21.3339074613537,21.6190621505759,21.5834530477437,21.1584333920081,21.3571402899966,21.4974429037813,20.8578972740643,21.4516763037959,21.5725111296586,21.6266475375717,21.2360276016048,21.7170645362405,21.5107648944843,21.2556994081671,-0.232385394198868,0.208624778161971,0.984534738947309,0,0
"Q9NY33",20.9738100635252,20.1129472471632,20.4028513886613,20.2316157950952,20.0685237450484,20.078596297381,20.8503117419829,19.9977238107569,19.8830159412931,20.1367117139283,20.0808168998727,20.5787328011525,20.6353381565805,20.1249417268302,20.7464685673428,19.8365725162538,20.1600436168717,20.4994626425802,19.6448020247497,20.4176657390524,19.9915891587333,20.4101737366296,0.0132762653305818,0.964041590194711,0.992365658656292,0,0
"Q9NY65",21.9926039369779,22.0094091718201,21.6380083164521,22.2347136911096,21.7159897128089,22.0410810999667,21.5073068159303,22.1033220790073,21.9360824109562,21.9654905188037,21.7016160761882,21.9921387619222,21.5990034652353,22.0007862291231,21.9698842168086,21.9133226444316,22.0714119530982,21.6858759286121,22.322634759581,22.0720679798088,21.8260454585612,22.0163699376142,-0.12767954271272,0.510534186581538,0.984534738947309,0,0
"Q9NYL2",22.0594231142201,21.5773142977967,22.9436653386063,21.8535362643172,22.2456114063353,22.2315963113839,22.6048462459289,21.7860841302076,22.2042422361412,21.691529434586,22.1786908815401,22.1659351665128,21.9154974149892,22.0174148650337,22.0997946076223,22.193683635638,22.0249111409891,21.6178848800239,22.0724713660377,21.656998314983,22.0080196327196,22.4200946544651,0.509558069542106,0.0603029841179066,0.984534738947309,0,0
"Q9NYU2",17.9734770793608,17.8316981142011,18.0791277074439,18.1376133859066,NA,17.9008394461875,17.8986831893726,17.4765028087892,17.7300760803019,18.2039817767333,17.441148752348,17.5190725235173,17.6423310853726,18.3574432046093,17.7552194766806,17.4117086328341,17.9984990408895,17.5902844046572,NA,18.1812702390769,17.8676221847464,17.8124314817716,-0.255175875907536,0.310861487044322,0.984534738947309,0,0
"Q9NZ01",20.5668502595853,20.4306812768958,20.5374560624978,20.8286106931349,20.4505019078005,20.3647858613,17.8642372659683,20.4810961692566,20.4426526262136,20.0683293677729,19.9766496565495,20.4828048442197,20.2977963415271,20.464977087786,20.0805290723089,20.4423725758068,20.1447795080084,19.8354047631935,20.0091234821737,20.4808843543071,20.6894115206958,20.4437724416682,-0.036183371535973,0.938603032386342,0.990192879028667,0,0
"Q9NZ08",19.770138794554,20.7215533987771,20.9593354480042,20.1516060377584,19.4759293554627,20.0113868339466,20.1647450428799,20.4093339710302,19.4549250887102,NA,19.3325506783379,NA,20.4550552491626,20.3230080081749,20.2196819794519,20.0626744528914,19.7354842128567,20.3929499930485,20.4513751914356,20.0194699455283,20.3288994480907,20.1899821410129,0.234256390193043,0.496184556339157,0.984534738947309,0,0
"Q9NZ45",25.7484217212328,26.4266470551733,25.790418905139,26.0804712972154,25.890506179417,25.8742294708212,26.1753043263184,26.0845846491357,26.2608940208014,26.1897699250545,26.5886344080829,26.1265181991675,26.0345466566624,26.2001365820952,26.2996510503794,26.1559726863507,26.3616051269598,26.4076417327351,26.3197803063187,25.9688596159164,26.0032838833324,26.0462833792391,-0.1592123557786,0.43130800919076,0.984534738947309,0,0
"Q9NZA1",22.8081652259099,21.8389662045402,21.8843517416875,22.32050936194,22.2352441292409,22.0152777020474,21.8694572119272,22.3132444183272,21.9240032025568,21.373692596602,22.0580961275111,22.1719850794092,21.4409245738184,21.9429556086399,21.9703397278612,21.9510589522391,21.9384165642234,21.7950580775049,22.1029227840639,21.7014883583155,21.9625133883029,21.6014939190572,-0.0507479754562112,0.843431730510767,0.984534738947309,0,0
"Q9NZD2",14.8782059277293,14.2607342541409,NA,14.1199884349604,13.7704076120654,13.2491247806517,14.6164865392311,13.7227623505168,14.1607914447526,14.0382876540502,14.4837771125525,14.2597186100635,13.9161028745403,NA,14.5341300583425,14.2074839928524,14.2131596294195,14.1163492650495,14.1522582387307,13.2166432399116,13.5868868134586,14.2067088142282,0.101749224085427,0.789738788249462,0.984534738947309,0,0
"Q9NZJ6",22.4400352570288,22.9190518884147,21.878947342307,22.4357854269903,22.2661226589227,22.3365758247892,22.829857556122,21.9104524359636,22.6030321152557,22.6117706092077,22.6272868979263,22.4728077499049,21.9391866780968,22.6427773142007,22.3570816798803,22.356695811104,22.6003526017474,22.4945095687052,22.4917519758197,22.388599202067,22.2505271952172,22.1978989380698,-0.373891333165055,0.120187462967635,0.984534738947309,0,0
"Q9NZL4",16.8846106293057,17.4801748633769,17.7237773588738,17.6788077488248,17.296689630148,17.5890218040855,18.0673660544217,17.0875600799554,17.4042154739611,17.5131291647122,17.4334803592457,17.5535333887676,17.2684560505967,17.711220093564,17.2442294058911,17.2612893374308,17.5930546672988,16.9411675676049,16.8755487556005,17.4319232093985,17.2625572524898,16.8312052866342,0.280359125519581,0.28120194320946,0.984534738947309,0,0
"Q9NZL9",23.5684887873017,23.4836547866591,23.3299184587796,23.8261882899559,23.8626304022121,23.4361251523118,23.6995974231145,23.6966693907799,23.4066026540794,23.4951078229332,23.249668621254,23.5054821755087,23.6432184953893,23.2052943999029,23.6962212256186,23.4366832797774,23.6360009520915,23.4220708916395,23.8934097833867,23.7977659836683,23.272811612547,23.2837499382004,-0.064112066694257,0.739232792893905,0.984534738947309,0,0
"Q9NZM1",20.7644233932462,19.7491855112704,20.6025528832255,19.3912211180391,19.7790315452339,20.2616286085225,20.0428623190845,19.9897005014057,19.3219041597834,20.1209572015776,19.9857593197291,19.9035567999139,20.2545976937835,20.0374477525364,19.9410021498429,19.8209041375735,19.3376517974552,20.0808026162524,20.2345973116383,20.7541698201424,19.6434479907737,20.6160171136426,-0.520757408181066,0.138832618022456,0.984534738947309,0,0
"Q9NZN4",23.0189416365599,23.2412938868829,22.40798113068,22.6539537327443,23.1972291557876,22.9232462702871,22.9888953257922,22.75622580025,23.2583406976485,23.0446718047792,23.0025900550182,22.729751396855,22.9016290816903,22.663228282679,22.7055223078089,23.0143452627912,23.114516646876,22.8244015710895,22.921310945577,23.0909145318219,23.0924513245906,22.4725242029111,-0.211788672639059,0.29136731293544,0.984534738947309,0,0
"Q9NZQ9",20.2904807785734,20.1994761828219,20.370758588705,22.8254534883971,21.178295726015,20.4303855976761,NA,22.3130302002687,20.6843957657623,18.6196044540973,21.1108110127946,21.276495221017,21.9218440826538,21.5186050035261,20.572809530636,NA,20.157591730835,20.3907321531885,22.690088389692,20.6592467998593,21.9690503910153,20.6358815617981,1.26783524943239,0.113400245093858,0.984534738947309,0,0
"Q9NZU5",25.5393314787725,25.324920462996,24.9128200848557,25.1629487409454,25.768641875884,25.4760481562825,25.4744938285281,25.1744721726487,25.5802467436946,25.8283853484926,25.8211764131734,25.7113497730027,25.3625122552724,25.2569857058387,25.3951356905568,25.8267598215527,25.8735362190657,25.436407688506,25.2946053895931,25.1749108385424,25.405826967847,26.0587951907874,0.0294333335149162,0.88296283057526,0.985429799208273,0,0
"Q9NZZ3",17.8350326236068,16.098282834313,NA,NA,17.3841276790136,16.0859158221492,16.4413712709452,17.0442126575521,17.1122976411556,16.660632203146,16.8120396339308,16.6919812911039,17.5037317043006,17.1519257141957,NA,16.8435811777183,16.9653775846923,16.7446097818616,17.048812737905,16.6657408584412,16.5030920882121,17.1030554722586,0.0926092318514158,0.828052175622454,0.984534738947309,0,0
"Q9P003",20.0684328508892,20.1420004105504,20.4854688199077,NA,19.3561516369899,19.6935163632607,20.6267783434989,NA,19.6965238608613,20.0825998409878,NA,19.4637517609231,20.1617951962862,19.947720450044,20.0853853032056,20.1615005291443,NA,NA,19.4421573947827,19.7176327254131,19.6767864009697,19.9654113591768,0.474465164935197,0.160950729478049,0.984534738947309,0,0
"Q9P032",17.970922680085,18.2620021948617,17.9150614045226,16.8843910421149,18.2758473942103,18.8280695773401,18.4286533607043,17.7458736798694,19.2351510254679,19.2822495046827,19.2186718348113,18.4882336744826,17.933709040495,18.9132462990355,17.8421179116524,18.595066129491,19.6075076165311,18.7530413150938,17.5902716026278,18.8965283041726,18.8809748372181,19.0872143689888,-0.231391237111328,0.640069662990693,0.984534738947309,0,0
"Q9P0I2",17.4093038021545,16.8130186673348,NA,17.0537856448298,16.6564842492489,16.8309659913107,16.340932252258,17.1276180589108,16.144537830818,16.388334567716,17.0040111986402,16.9477579813414,17.1333670198511,16.932185619682,17.322094011543,16.4584850365009,16.209210277017,16.3573114963484,17.3135579891127,15.39733908509,17.0105147807831,17.2737383752785,-0.00368141791352983,0.992980354007934,0.998338651984889,0,0
"Q9P0J0",24.3557999609489,25.7724980692907,24.6665431785828,25.4474513799164,25.5779337409868,24.7503568959336,25.1055984215236,25.380972579132,25.0402722664191,25.4534426119632,25.3377603482819,25.4946768069714,25.2051428506514,25.4278411392507,25.1427009025377,25.551062585972,24.7572781554175,25.1391822184418,25.2294592740567,25.1705971371365,25.1832359455904,25.2153789395866,-0.0672912930391831,0.817249231020903,0.984534738947309,0,0
"Q9P0J1",20.801985551109,21.6997090710584,20.2606557047008,20.7012299790151,20.8739555711086,20.9448087688816,20.7462033456138,NA,20.7481745486288,21.68186692575,21.2721640161915,21.3866030874797,20.7057099971007,21.3116576518362,20.9583296444861,21.3899462563157,21.7768557717143,21.4711148555334,21.3583248622212,20.6861080020562,20.5982310463304,20.6530023716125,-0.666184584753694,0.0569599754450365,0.984534738947309,0,0
"Q9P0J6",23.0324022428979,23.1825592947442,24.0794763342675,23.4260762539332,23.4936923972458,23.2336362605312,23.5957690917765,22.7804722235818,23.4702183622375,22.6537150741085,23.3401149523043,23.4926018957696,23.7021313064154,23.8991780793349,24.0704701425063,22.8377754139978,23.2812549142915,23.433550040203,22.9574714893373,21.9040797211618,23.4000664550302,23.1618301948026,0.374042551729847,0.354870602445397,0.984534738947309,0,0
"Q9P0L0",22.012802856703,22.4368255794232,22.4126981192004,22.6641243218639,22.4744519342189,22.2124869781484,22.1517703157566,22.7048530679915,22.4572863427437,22.5882414114482,22.0960719901927,22.6168050185585,22.8102462836044,22.3101366644721,22.365187299599,22.6042808664575,22.1551292299921,22.131886832438,22.5301087815746,22.6200450494278,22.4148731334804,22.5668757380744,0.311228428014413,0.118426027774119,0.984534738947309,0,0
"Q9P0P0",NA,15.7771016790549,17.2483621469006,17.1915434537874,16.5178248003209,16.4893088954874,16.4283646442972,NA,16.3856225766773,16.5420333234505,NA,16.8047107857793,16.3655251893372,17.1332931060225,16.816486740791,16.1479748652644,16.0280046531939,NA,16.9202676277567,16.7924760746342,NA,NA,-0.0943466752668947,0.777154204091223,0.984534738947309,0,0
"Q9P2J5",17.3336413292818,17.7523156037236,17.6881637156611,17.3161795230926,17.3762600730584,17.3722614545566,17.6223484213292,NA,17.7222775589702,17.3894023226909,17.7340440365037,17.5057847862055,18.0875973980575,17.6510880658742,17.8226689302041,17.6833690334663,17.5042722541325,17.4549800375367,17.2951667377094,16.7522739147068,17.5143700446085,18.035043379939,0.418663380636673,0.0972882147666485,0.984534738947309,0,0
"Q9P2R7",24.4859497040587,24.9416567427294,24.3799243088147,24.5103337680396,24.687808795018,24.3658156617304,24.999268196133,24.3455245459383,24.8687183535934,24.7691613245626,25.2647357320784,24.7942811637149,24.5073380803896,24.831315737813,24.7119293432052,24.793416475243,24.9999033297578,24.8625128155762,24.6631739593028,24.3638674054534,24.4860571446079,24.4893928407167,-0.139929172057577,0.54503782791933,0.984534738947309,0,0
"Q9P2T1",19.4935037606724,19.4134542675665,20.2807255396458,20.4452050544969,19.4566009206619,20.0678559034305,19.7344809011197,20.5765584524636,19.512600801997,20.3292654120566,19.716307942733,19.5225114941169,19.7653727003699,19.6161517726778,19.9800902596785,20.0949052422143,19.9104777179094,19.9067285904471,20.4307824096372,20.6073644137804,20.1110505808558,19.9918910677591,0.154894093384485,0.60529693828068,0.984534738947309,0,0
"Q9P2X0",NA,19.2828106674594,18.7103046943458,NA,18.6555697623443,18.535621199952,19.1520968581916,18.2148700770422,19.3876888889412,19.2812688306329,19.0969706611242,19.1853762858545,19.4971307176789,19.0181993852237,NA,NA,19.2654609217051,18.7656531450041,18.8775562840632,18.8583861964675,19.5245550930377,18.740774406577,0.254113968602336,0.424860181107233,0.984534738947309,0,0
"Q9P2X3",NA,17.5437186762455,NA,18.7565069540102,19.1550332663457,18.9611633237429,18.8409642067013,NA,18.9032436337241,NA,18.2753418170015,19.1369508372155,16.9099466355185,17.8048430760101,18.6969952415559,18.0788699496882,18.9284230921641,19.3115073093774,18.6967559096028,NA,18.8422789487183,18.9893507871216,0.158856596970026,0.794071813329278,0.984534738947309,0,0
"Q9UBB4",16.6805306489068,17.0450968924247,16.5219534838724,NA,16.9760081150668,16.3784187172137,17.1639989945618,16.6527420525729,16.5559442508963,17.2263920877683,16.761267219691,17.4254680138444,16.7141308061475,16.7792582209723,16.8003376772911,17.019325701535,17.3300623694886,16.8257156358681,16.820464185919,17.0539687950694,16.9184130981565,17.481701503527,0.170110951427557,0.487076085547051,0.984534738947309,0,0
"Q9UBC2",15.9220761239968,15.8400101992504,15.7756879367165,16.0721324224426,14.8481213838233,15.6903414123379,15.7043434085672,NA,15.4705357823551,15.971309609145,16.501821855607,15.4870380093018,15.5091598090586,15.7865558483028,15.683931293002,NA,16.4332475324492,15.3356710168117,15.8881105935373,15.8857676552358,NA,16.0185661674698,0.0934997384480933,0.789948373796249,0.984534738947309,0,0
"Q9UBF6",20.5085479838043,20.6378968017939,21.2975674940084,21.101929221137,20.7590440106438,20.7940379027233,20.5994212650053,21.1567173181639,20.8071063094264,20.5126115895682,20.9134317250328,20.3567463308668,20.0970947690209,20.6816137544769,20.5933012832077,20.8294300237058,20.5973244519934,20.8167294450692,20.7472401544588,21.0056793007923,21.1596265986605,20.467814408494,0.120713295476364,0.595754873547668,0.984534738947309,0,0
"Q9UBF9",23.5762898907488,25.0176203249005,23.4797734243839,24.4881850059838,24.5984924936814,24.5297747271635,21.972304628359,24.706391408122,25.460451919053,25.3881109770654,24.3933263369257,25.0496146236536,25.0669555332815,24.9020212679305,23.915093694943,25.2998743791346,24.7516828761498,23.9268171168812,24.5310623282764,24.4145583361096,24.8317348900488,25.045290358662,0.107100380093019,0.851595072596176,0.984534738947309,0,0
"Q9UBI6",19.0499083950235,18.6700692259897,19.2509272559421,18.7519863935392,18.7657403840646,18.4659526004683,19.0674165722056,18.7670904950571,18.5214955958972,18.8469373665292,18.8117862023012,18.5972556169677,19.0253201971976,18.8219334496012,18.9222199582807,18.8391086378497,18.7630963474094,18.7367698075962,19.0268272184388,18.9123898782167,19.0305157771148,19.0723221651845,0.107292627992724,0.569408074140403,0.984534738947309,0,0
"Q9UBQ5",22.542618675653,22.7447741739677,22.5856880786275,22.9940555324294,23.0277174979507,22.4437887988098,22.1870356096549,22.1745160390721,22.8617284925936,22.5389765032542,22.7808669224699,23.0714209899894,22.9836236841831,22.8426585757201,22.7643542471464,23.0114652503188,23.0561089426567,22.5881536441716,22.543988135419,22.4997424988697,22.6719765752083,22.5583995418239,0.12520073222267,0.563364490111844,0.984534738947309,0,0
"Q9UBQ7",23.7095815239911,23.451637113578,23.3921466799012,23.1898817072671,23.3031114852007,23.4360691777605,23.8098401080437,23.4680339540769,23.3227368240478,23.6066360920528,23.3300035554969,23.6325642298573,23.2727678499832,23.2986439977625,23.1790002685906,23.4231801296612,23.2817781779806,23.400042914351,23.4315863990626,23.8476760066191,23.343256453354,23.5689996710577,-0.0472774686407966,0.796226933070188,0.984534738947309,0,0
"Q9UBR2",17.453909789157,17.9644474122961,16.7373875672062,NA,17.587767143176,17.6009915331811,18.1683500570603,18.1435778456313,17.4046661534794,18.0749474036055,17.6674054990271,16.8341413754558,18.5398001153475,17.1558495636849,16.9796479646687,17.8811585044656,17.9638904962334,18.2251549512191,18.3115100158227,17.6667477493068,17.1958742959034,17.1133784479115,-0.205566813236782,0.638536519297185,0.984534738947309,0,0
"Q9UBW8",20.8067404193259,20.346703490069,20.3157853974075,20.4245956095092,20.4597466633629,20.5398925633389,20.2688961252711,20.0992342728158,19.9593688716546,20.4108165681742,19.9800847830249,20.4983062508561,19.848055560306,20.4654756766309,20.388685376855,20.1564647006221,20.3478982642901,20.4213920250962,19.7598069750183,20.6626914216924,20.293398635394,20.4197613138745,-0.289384200052424,0.20412264664159,0.984534738947309,0,0
"Q9UBY9",27.1111344742373,26.0970670858667,26.5750419108414,26.3102196418503,26.5582698747117,26.8195264860648,25.3775491490119,26.386497767918,26.7851857696463,26.902716614538,26.9369268490046,26.9310950233097,26.79314503531,26.2870995965762,27.0134958170544,26.7824225352547,26.7685855621363,26.4485988577598,26.3690480050576,26.2437795090586,26.3648305688223,27.4626411461476,-0.0726590948215105,0.819814264129548,0.984534738947309,0,0
"Q9UDW1",25.842469666764,26.194509594456,26.2727328574078,25.2666003916186,25.0625697512846,25.6540065028596,25.2219498700884,24.5387427503051,25.666105071284,25.2566379749776,26.1013451329914,25.8773389234197,25.7074935623871,25.9766576996386,25.4951463744738,25.028432057861,25.678302118174,25.2701783813042,25.5314092573362,25.1838631447572,25.3720347602457,25.4741437032162,-0.260523699699437,0.449927088848357,0.984534738947309,0,0
"Q9UDY4",NA,17.0887945304337,17.007125067814,18.4576976467116,18.1799403558278,17.5203820971449,18.9530698089246,18.0851706133988,17.3220254985647,17.8176122700152,17.4711938223371,17.8235430310165,18.4491479807388,18.4536449384773,17.1694343043435,18.1860471409493,18.104542722589,16.7360406537512,18.1856752131597,18.0625156376827,18.2916934208373,18.5029803349718,0.861044018830405,0.0794215774644261,0.984534738947309,0,0
"Q9UGL1",19.6821880010166,20.4762207199304,19.907078448225,19.4741981486479,19.8133825574409,19.8661734406947,19.5585457160103,18.9846188200782,19.5788396806327,19.9132241825897,20.1219385531153,19.9075522073807,19.3467796225751,19.8104201569634,20.166072112343,20.2798984581996,19.9714603946472,19.7936484813679,19.819062023085,19.3493820973249,19.3002346690619,19.4789386505879,-0.551771386887172,0.0548589244204237,0.984534738947309,0,0
"Q9UGM6",NA,NA,14.7082342147154,14.7030194816788,NA,15.4706491727898,15.0093334770308,NA,15.3359901717397,15.8872946654858,15.8218297363295,15.688962988666,NA,15.1541606568068,15.0014530081366,14.0471398724314,15.6930065852349,15.8128977646916,NA,14.6729997590132,15.2485317770802,14.2956710069249,-0.946092385481608,0.0682711346919106,0.984534738947309,0,0
"Q9UH92",19.4323182735376,20.1495411878793,20.5532207099226,19.3340605630579,20.0303225227256,19.9296371939975,19.9954526942826,NA,20.0704395309983,19.4589692158025,NA,NA,20.5150281951276,NA,19.6722807138922,NA,20.0853951606517,19.621008809174,19.8857393104836,19.278658018864,19.7472799610523,NA,0.679491730613059,0.0680236322686881,0.984534738947309,0,0
"Q9UHD8",17.875114786312,17.3100419044279,NA,NA,17.8580388222093,17.4366454295958,17.6502843935418,17.9213071335349,17.7373783304529,18.0318586170222,17.426700395635,16.6003045574817,17.8981166319851,17.4180294214563,17.7635538307081,17.5588768539267,17.6202410164367,17.3566547455765,18.0515552627026,17.7657848853259,17.6686735407308,17.4744261456929,-0.0922377494257987,0.760460009590692,0.984534738947309,0,0
"Q9UHD9",17.1975573215936,16.411822614587,16.5682316226895,16.340546200112,16.2262037465705,16.2647151211904,16.2075841864032,16.271311838271,16.0990146098052,15.7253937663335,16.0231765528661,16.0477760414435,16.507113360729,15.8859358216343,15.948581303706,16.6697933399842,16.2278410768084,16.1108102161505,16.0962253988292,15.9652417008483,16.4907047551706,15.8399312311786,0.285027250251375,0.295654584793895,0.984534738947309,0,0
"Q9UHG3",23.4730680602514,23.1194392833487,23.9027477743216,23.5466704244068,22.923911119187,23.374476829166,23.6564700534155,23.7820539047699,23.2585588769636,22.8047705082914,23.1031549059483,23.0765019637124,22.8442409222836,23.2594204410827,23.2183233699618,22.9026206209745,23.0579249811676,23.4672258507686,23.3363331092304,23.6123478902212,23.5550647616255,23.1587710003423,0.21662066517472,0.306580792152085,0.984534738947309,0,0
"Q9UHL4",13.2989919692827,NA,NA,NA,NA,14.6251030041105,14.753780358381,14.4694097190948,14.1514983402886,14.2014959747217,14.6516102355585,13.863559941713,14.0537067685724,14.3095612724738,NA,NA,14.8026668834817,14.6169039029926,13.1956668510132,14.7374733867593,14.5722409466806,14.4442240365309,0.405097689314644,0.403472138645153,0.984534738947309,0,0
"Q9UHP9",24.2544572548905,24.1238428643338,24.3029034404562,24.0026442762904,24.6832154383598,24.2161588762086,23.5571866157113,24.1018439041645,23.8654745237362,24.683130254272,24.4813784643707,24.6269824617279,24.9026880899964,25.0240246771589,25.105913162362,24.5897817494695,24.8223558833477,24.183295718399,23.9403215364863,22.9865057826341,24.1902431507433,24.7920292176176,-0.0350187232584709,0.924385052889741,0.990192879028667,0,0
"Q9UHQ4",19.6557951467134,18.6141428404865,19.9369879428601,19.4746745394079,19.6099998155456,18.8605987382328,19.2939142228656,19.5804300846915,19.0884125076317,19.0153962175564,19.2474555824474,19.4981012697637,18.9405259211685,19.3036429315806,19.4554535885033,19.3286446928754,19.2842807631813,19.4972837546218,19.2940325097186,19.0341515291686,19.3836540471676,19.8065100702837,0.364359067349135,0.166155061882482,0.984534738947309,0,0
"Q9UHQ9",26.3623000432429,26.5306081660174,26.0945370309697,26.2437239810737,26.6375916338578,26.4198773907145,26.3480363958416,25.8975304813881,26.7331432407147,25.9331236197715,26.5251803827661,26.3167896543529,26.3236626229898,26.1434701053931,26.3831317515452,26.600712500517,26.2223029096386,26.4136028756617,25.4728428083451,25.9093134266329,26.2989476014535,26.2892839677084,0.139425035863702,0.550299056751164,0.984534738947309,0,0
"Q9UHV9",20.8355448494446,20.6772512955793,20.8388201811117,20.9595946801414,20.8223321943213,20.7122336492225,21.2274259692204,21.3591948166555,20.7472309069713,20.6547730534591,20.9298117837195,20.8208785299486,20.6482530850196,20.6937532668608,20.8160242312297,20.7847116082518,20.5804986369553,20.6120751690216,21.1912612426648,20.9748292411403,20.6208474334042,20.696827073745,0.0888762708996431,0.603875830911655,0.984534738947309,0,0
"Q9UHY7",20.3513662113385,19.5497394356093,19.7349883480537,19.8885322344813,19.4891716261142,19.9506504253018,19.8983169742935,20.0176889309174,19.3066834143422,19.5017819262501,19.5349099149892,19.3348579382425,19.0830301407359,19.5519040314695,19.5703612243136,19.7523436125791,19.3894816617988,19.7220721752465,19.8959771601434,20.0626287594929,19.4328929209002,19.4583459213103,-0.312457913721616,0.191611406873459,0.984534738947309,0,0
"Q9UI09",23.3034400160676,24.1771957490443,22.7008686995146,23.1422023077474,23.4467481548803,22.5768133104307,22.9478869154671,23.3191124282489,23.0429458005109,23.3442046210159,23.3986159153861,23.7560398610973,23.4893915103624,23.5277754222983,23.4550063121692,23.5154258369044,22.4146235910014,23.2418615677404,23.1901584313636,22.7937929577826,23.2091329834433,22.9170409909185,-0.368676206822606,0.257981736908852,0.984534738947309,0,0
"Q9UI10",15.007536087498,NA,15.2749039381179,NA,15.1284591735946,15.424093777523,15.4307271114591,NA,14.6976560736294,15.7208918535085,14.4110053805456,14.4891997710898,14.8325275826537,14.7479978277163,15.6212263656603,15.1751375795063,15.1855157661734,14.5405719976213,NA,15.4026077046127,NA,15.2204663704954,-0.0738898073060561,0.853440392896821,0.984534738947309,0,0
"Q9UI12",NA,16.5472743808997,17.4504415459379,16.6860974359753,16.6967383676729,16.8886770129286,17.1875455943883,NA,16.7379924094618,16.8193752381875,17.5523499381037,NA,17.023395705235,17.1728325029393,NA,16.4319497514425,16.8411760294778,16.5906714279212,NA,17.1445281581276,NA,16.8252186674104,-0.0667821941893756,0.839940009507607,0.984534738947309,0,0
"Q9UIA9",15.773890510187,16.0028741175818,17.0321703862112,16.3724754612115,16.0119144077266,16.8319658778142,17.0045791956879,16.2093115411306,16.842882349839,16.6427316178103,16.733704198382,16.9542197186183,16.0005164993702,16.1117862678042,16.3624695253173,15.8602034581812,16.9086591457809,NA,16.6073097519719,16.6165797842055,16.4856489591836,16.7785199491546,0.426322616636895,0.213994772789831,0.984534738947309,0,0
"Q9UIC8",19.0882148370613,18.8095131882721,18.4039156922264,18.3906210337909,18.5209792563327,18.6907268217076,19.0733735538,19.2114960253147,18.54617727167,18.5877660190564,18.5007217299411,19.3580748138327,17.859985176426,18.8775821229804,18.1457476386645,18.7044944328103,18.3493915164895,18.7639368200119,18.8648446563278,19.3043136810445,18.9248761332318,19.0227503256853,-0.0625598440946753,0.846301097100613,0.984534738947309,0,0
"Q9UII2",24.0655559575824,24.5793550267027,23.6461488565502,23.6660526059309,24.1087907047543,24.2331102804829,24.2068478779786,23.7060665689779,24.8610065820528,24.349117233665,25.2564554815472,24.0443496657077,24.2418192066051,23.9154038718348,24.1627690509143,23.9507997082956,24.9938529133502,24.93807527037,23.705611494286,23.8253074202113,24.3859299499235,24.0451479577572,-0.247289803741062,0.498737488786214,0.984534738947309,0,0
"Q9UIJ7",24.2501290555189,24.9628226024008,22.7164214663801,22.8963829748459,23.7830477307746,23.2692849981481,24.3563581588802,22.4227563714712,24.3362801899674,23.3058690755077,24.7045554429177,24.4035992454503,24.2555263218364,23.0822524723928,23.1247609660672,23.8584615476214,23.8515912196427,24.1330104275372,22.4700195803073,22.9473651204863,24.2320740160937,24.3259095927612,0.302733625307091,0.543847045314169,0.984534738947309,0,0
"Q9UJ70",17.2311844381932,17.5692063904269,17.2651477281108,17.8822410183675,17.7181284379127,17.4979678109064,17.7434166864321,17.4969327238135,17.4982174614692,17.547177412733,17.6403791602112,17.6013800287431,18.0284232993804,17.4674278565589,17.9006247196085,17.9992729059568,17.9125014821103,17.6994270616584,17.5322153395981,17.3993477837684,17.4423229156782,17.7856266852749,0.238296515860227,0.212588300596432,0.984534738947309,0,0
"Q9UJS0",24.5918706170687,25.2663645833639,24.5304624587739,24.9473721881472,24.8226680272578,24.8696565438243,24.719493726109,25.0482229223553,24.7653206809562,25.1413130471131,25.1151331118942,25.1123221779063,24.699302650546,25.4033477982574,24.9225159016406,25.0059414161443,24.9768618980146,25.0832731027175,25.1568103357124,24.8991497486571,24.8309464552331,24.8039343059663,-0.353794486580551,0.0751759989083932,0.984534738947309,0,0
"Q9UJU6",16.2320193134373,16.670059996409,NA,17.0078449514716,16.8915114148421,16.0347055295646,16.0884866587816,16.5338414225668,16.9040794594696,16.3509195577456,16.801213072868,16.6028001941554,17.3559332863398,16.2365122335748,16.2695985588647,16.6514850580962,16.6528361233721,16.1943055212683,15.5049238917623,15.9394933715267,16.6883976159047,17.0659597761028,0.948439520690304,0.0029362680405649,0.984534738947309,1,0
"Q9UJW0",18.6995525079606,18.3929122968567,18.5350645431461,18.4333977031226,18.2360032235629,18.6430029988994,17.3086422526089,18.7027286848668,18.4279249825434,18.5339831726758,18.5489090855555,18.5008146205759,18.6338480099441,18.1707135382243,17.9553906920323,18.3247191559271,18.3680482421406,18.3414414602479,18.3564809914758,18.5962079584292,18.3598742591145,18.8447049601033,-0.00622096777521008,0.981061890618449,0.994529477290085,0,0
"Q9UJY1",20.1626558807767,19.2902294126709,20.3471070224635,19.6762954720442,19.8255150237404,20.696661644996,NA,20.1564831276405,20.4838297388606,20.1574009058219,20.3899501085611,19.9430585610823,20.7727157871798,20.0155633017375,20.6480220834223,20.6373970761385,20.1165211643732,20.2780083916819,20.9331603937462,19.1137552896985,20.4530799265513,21.0206274319499,0.373406361865111,0.373163297969863,0.984534738947309,0,0
"Q9UJZ1",19.7270474176303,20.2341641336065,19.7970548328448,19.5108403209466,19.4926088913749,19.5903358851142,19.6920061830127,19.7820649253895,19.7475240551302,20.0078886938589,20.054982024352,20.0491495903042,20.1232139536853,20.0981959620714,19.8918991742729,19.6600072467427,19.7406203419478,19.8052957686793,20.0456330042997,19.6132396265769,19.9284230363017,19.8887429139057,-0.137766304223476,0.463651854968607,0.984534738947309,0,0
"Q9UK41",17.233634565746,17.1369161470856,16.9124294591818,17.245201318686,17.2184764234689,17.0258706936084,17.0123275905792,17.1723507585371,17.3020912345797,16.9423886554634,16.8387175499119,17.3809925192875,16.674786249547,16.9968272627611,17.0648440545495,16.6590396139773,17.0580268506677,17.176702031174,16.9034055353044,16.9560212361652,16.921171668052,16.955213003181,-0.0151423067733454,0.931807426747189,0.990192879028667,0,0
"Q9UK76",17.7370392474839,17.4678635566983,18.0714542602138,17.8092739698108,17.8200395191504,17.5412058122185,17.3363986145495,17.6825351291172,16.9044483429246,17.9977047509622,16.8378490899322,17.9560761575746,18.4022085218706,17.1451301769616,17.2232844304472,17.5745649656379,17.3932197660496,17.4025528900602,17.8307911392278,18.4145968650014,17.7808013252531,18.68356504467,0.355673263751896,0.355183697929845,0.984534738947309,0,0
"Q9UKG1",19.8341662296649,20.1991088600119,20.503128381899,19.8939977857728,19.8523587718786,20.4003181419235,20.296190810256,20.4580844596945,20.4186912134045,20.4528285848604,19.8922115402242,20.2692154312797,20.4025819052115,20.2943579946236,20.0974395676679,NA,20.3696456490267,20.4015922932092,20.1898174986307,20.4182250742213,20.0072129188874,20.4576462626142,0.225592190115432,0.276371592876964,0.984534738947309,0,0
"Q9UKS6",23.7445955630511,23.5875687325082,23.8718350054437,24.0221766795716,23.3755848883046,24.022396436152,22.979499737596,23.9310477022551,23.8525475455981,24.0678278376554,23.4029683615611,23.8087823566472,24.2404644996975,24.2470616996608,23.4795154445552,23.4494146201155,24.0562078236567,23.8623271205185,23.68262453662,24.4548034962641,24.1583305025488,24.0755648011694,0.0507920053363442,0.8586197652796,0.984534738947309,0,0
"Q9UKU7",20.5589513522895,21.0827333077033,20.5028039333047,21.0639821342435,21.0565439476088,20.9914927350488,20.8392150960435,20.8081745706451,21.1358669442411,21.1472515017277,21.1732701301701,21.161518247172,20.6243288140327,21.0231920326922,21.226849490262,21.0438474009911,21.2536164747111,21.4908482718573,20.5083717218325,20.9638575817192,20.7395700861444,20.3789511673829,-0.307350414662739,0.229931565643902,0.984534738947309,0,0
"Q9UKV8",17.5210626577449,17.9070751188759,17.4313875296873,18.2837356318586,17.8906993070675,17.9302073938544,16.8566370673061,18.0418451868305,18.0565022156966,17.7442536516441,17.8816559457096,17.6932570187237,17.4317055478689,18.0684924248638,17.7808880892315,17.7126941890039,17.7877908095768,17.771542581418,17.855888443277,18.3938198479783,17.926422968958,17.3827777005457,-0.396822391114487,0.153184042357861,0.984534738947309,0,0
"Q9UKX2",28.4471074454317,29.8196105333278,29.6035402070208,30.6933127241993,29.3871853768535,29.7425481793396,25.5113442165555,30.977427152524,29.0086151526962,29.3095825886842,28.5400016337313,30.3631284855268,30.5430966069952,30.4103048954429,29.1142099012931,28.9270043889731,29.0612711486956,29.6231216142178,30.0909755754585,29.5932503408217,30.4934184915932,29.9451253544239,0.0736435449589692,0.934010647215862,0.990192879028667,0,0
"Q9UKY7",19.5393611481505,19.3528637542842,18.8997857497147,19.3320152858891,19.361254915037,19.6816013377241,19.3664944827101,19.8668481807438,19.1433387763673,19.4918296534444,19.3644392566193,19.9418109333096,19.1606786319108,19.0839793919642,19.2425591295881,19.4155897112874,19.5026419643477,19.1686305884169,19.6630733177811,19.7073669215852,19.2449553262621,19.8688042907392,0.0057630906508237,0.980536248788188,0.994529477290085,0,0
"Q9UL25",19.6632262149923,19.5525561186527,19.9016885334352,19.6457397167563,20.0164445903583,19.5892451358148,19.650023989933,19.4673348428362,19.8378473242041,19.4430067275509,19.7890380114388,19.6675177050028,19.5597735053045,19.6139393723988,19.8391804691774,19.6028059017113,19.4001002082397,19.5971711600619,19.3754504972761,19.2487354728275,19.3692556508264,19.6065943307668,0.024386570925234,0.888132445178763,0.985429799208273,0,0
"Q9UL46",19.9355635148217,19.7752148584848,18.6461871961347,19.6583378062389,20.1306004012142,19.6760870007154,19.6081240290712,19.5641608155424,19.5314736925862,20.1023222178679,19.5500127021994,19.8336396861273,20.5091827817665,18.9680563813417,19.570501648648,20.2535190241462,19.8896622797927,20.0481686591421,19.8120619193325,20.0958368941037,19.5051805866265,20.7069426115333,-0.0425473468174182,0.893115582920159,0.98557992575105,0,0
"Q9ULA0",21.6314364731804,21.1042419656827,21.9030477654035,21.724895640166,21.2102787990994,21.2784669613736,21.7114975780305,21.4395394550606,21.3906331198716,21.3822067584927,21.6436259443226,21.7495730559338,21.053258506975,21.5428140605823,21.893698385753,21.1998175294652,21.3131379109906,21.5754428793657,21.2906678012108,21.7062828073985,21.5340354569019,21.4155547186526,0.0346615709723039,0.861216687070901,0.984534738947309,0,0
"Q9ULC4",21.8299788815764,21.9523240991439,21.9463772127308,21.6188582871323,22.0873962518069,21.8798080915952,22.1836606247201,21.6521471918768,21.5570206311179,21.7419422241436,21.8218245364236,21.7679937605162,21.9238471810559,21.9865185358275,21.8267626470517,21.4808771836302,21.934359066296,21.9028120236439,21.8201253781885,21.9895365132078,22.0191652519252,22.1542300307873,-0.119005165148085,0.510173145514338,0.984534738947309,0,0
"Q9ULP9",16.8363819776637,15.8992999625349,16.3368872740533,16.2129757287047,15.7557190632346,15.8997278566716,15.989943933899,16.062975207073,15.7047620111119,14.9669432916903,15.8286712921324,15.7796839773701,15.5570807157348,15.4838856660409,15.8429028748988,NA,14.6781966333645,15.1354392161758,15.4658080235886,15.0415690759604,15.559753639729,14.974735254171,0.111199116726826,0.751383097474266,0.984534738947309,0,0
"Q9UM00",19.9166445870885,19.8685989525256,21.2066901521531,20.2551196984329,20.371910514431,20.0710131712479,19.9928985101283,20.1995155083393,20.2516027878896,20.2783468024512,20.1822588467242,20.4841757249357,19.7221543021529,20.1226025719751,19.5256983356268,19.9941318375642,20.1615235262524,19.9544702345419,20.4277475154134,19.9224879557024,20.0143692754932,20.0100707633109,0.340172767943578,0.20423306662306,0.984534738947309,0,0
"Q9UM22",21.1353109790219,21.8784071082274,21.3807328549125,20.9853594744355,21.2487253503183,21.4204617315266,22.4758283012475,22.5441687794468,21.6099846587901,21.5061690491174,21.6484969804787,21.140934870504,21.6398659985837,21.3087603037877,21.443247836368,21.0603889052146,21.2790254838203,22.2171616438655,22.2503774710482,21.3465826241884,21.7900086456172,21.5988632835207,0.0312415026766075,0.927405199666926,0.990192879028667,0,0
"Q9UM54",25.1880449376549,25.5196446200209,24.6730336887976,25.1381979650881,24.7699734079802,24.9499327895528,22.7917694245812,25.1667961117366,25.8208463253211,25.2856189580789,26.1101938698998,25.2486538616288,25.019777538904,25.1371738857086,25.2526742325989,25.2829748756936,25.4580079652671,25.5623943174867,25.5021154809701,24.8529683042702,25.2747041778715,25.1482465136652,-0.608510482794891,0.217712250875805,0.984534738947309,0,0
"Q9UMS6",22.4439471077092,22.7364027059857,23.3553054821709,23.1918771366939,22.847713316596,22.8639352813102,21.9599620832858,23.5919834119669,23.3018515395091,22.7270324372792,22.0022719667816,22.773336132714,23.4010638951044,23.2560965959762,22.6531354645604,22.916177244445,22.4760195213887,22.2751454787158,23.3920290348978,22.9572099808946,23.0605124269681,23.1582809771478,0.534153850067387,0.131359383026494,0.984534738947309,0,0
"Q9UMY4",19.6870279910147,NA,20.2487074704272,20.0851763843385,19.7830837416385,20.0692329602917,19.8785952330938,NA,20.1567172530057,20.0893448879333,18.7983597182692,19.8384256111235,20.0022699281928,20.2182934222693,19.6499552199859,19.8485745570681,20.1891435603112,19.9940054300333,NA,NA,NA,19.4479171674784,0.320819906525657,0.330976710671293,0.984534738947309,0,0
"Q9UN36",24.8479457468782,24.0344861095114,25.2219481634669,24.8079776715139,24.220479499166,24.7786848262721,24.8315277386059,25.0076889715426,24.5392232291724,24.6518649474293,24.2598967793999,24.1638497306054,24.782675772652,24.7025066999276,24.3368525376274,23.9959256456739,24.5077935333324,24.491182275119,24.7925366291858,24.9303222077855,25.2642310484525,24.7359106726829,0.340497834055011,0.231028969525185,0.984534738947309,0,0
"Q9UN37",20.9703445849608,20.825848043404,20.6351853476462,20.8804594334057,20.8462739711079,20.6252520285923,20.6697937559585,20.3787671698204,20.8412361719976,20.7675176188927,20.9829844847979,20.7347841987647,20.7319036184377,20.8507804140382,20.6964718948275,20.8767068773692,20.8331243648132,20.3135310578984,20.5096743177452,21.1606579480089,20.3670707814755,20.4280619986468,-0.199562899446029,0.318215710012174,0.984534738947309,0,0
"Q9UN86",18.9701344805024,19.2084485883989,18.5180386998185,18.7489550580627,19.0890223984872,18.997685222989,NA,19.376020622662,19.0800219117544,19.3674042616274,NA,19.158796173694,18.8703464792665,19.3262450561108,18.984293612471,19.456410394351,18.2479210256855,17.23344711997,18.3380164175773,19.0144684481038,19.16062295832,19.1180698541508,0.19682838251061,0.64158636702655,0.984534738947309,0,0
"Q9UNE7",17.3777111607934,17.833576210745,18.6208563441381,17.9929343988388,18.3184279993836,18.4315096579748,18.134726729499,18.1468644505446,17.9731369182488,18.2696877452133,18.2206341853929,18.0801558519384,17.9173697971691,18.167299930125,18.269607734339,18.4999972852809,18.0651844761094,17.9380652370074,17.9132450228796,18.1253800076106,18.0771868114878,17.9412148839569,0.112577872934803,0.629741682474183,0.984534738947309,0,0
"Q9UNF0",16.9332656690947,16.7429706331195,16.3279540050316,17.2325774602743,17.0289977006781,16.8491871411693,17.1262367392806,17.0886997415663,17.4582940926417,17.7763926450797,17.1305826493633,16.6719817923863,17.2948654608917,17.4206240484111,16.9673211431535,16.5473108793632,17.3776895451382,17.8116044862839,16.9719548227533,17.1868874942678,17.2969208830753,17.3483277033346,-0.212309353600919,0.491930090681045,0.984534738947309,0,0
"Q9UNH7",17.5198460269326,17.5410186624952,17.828747758592,17.7320553906715,17.5922346046997,17.3961081685513,17.6365951710723,17.6331512742496,17.4616874072404,17.6795323239243,17.4056881253365,17.5203429761841,17.5775517697766,17.568455524084,17.5676824719291,17.3562912265021,17.0592921227121,17.7563252501681,17.4015090933848,17.4013455418007,17.436713311418,17.548737563984,0.013467333864714,0.930222053931756,0.990192879028667,0,0
"Q9UNM6",21.7411338953148,21.501447678187,21.6746424362342,21.4732007623027,21.6188950633255,21.4719273572145,21.2560224887906,21.599416630145,21.4843497356614,21.4360178142703,21.3534540877157,21.4633127783805,21.6766635171286,21.3537347510735,21.546911248774,21.4651205762083,21.6000482712479,21.4206843976286,21.481611491935,21.4630727904627,21.6537961472035,21.7498426061483,0.125308141366954,0.386866728464504,0.984534738947309,0,0
"Q9UNS2",21.4176432225272,21.0788009590304,21.6963431269253,21.2995557712712,21.344676046905,21.1602692415561,20.9638694011599,21.3313529189994,21.1622103780303,21.2187873161751,21.2173932154995,21.171603928141,20.9681835507161,21.2630014536297,21.2393278760876,21.1277346163077,21.2189885502263,21.4039658349741,21.3446168050845,21.5533733931371,21.4751766680302,21.2516478716526,-0.107563222741959,0.53264085263892,0.984534738947309,0,0
"Q9UNZ2",23.6179736857958,23.0453950540683,23.5703196079799,23.4534891797208,23.3286171429697,23.4411434235507,23.3062325736333,23.6061982854808,23.1585470815994,23.0351298359496,23.0203451979787,23.2501562495404,23.2213947009784,23.1310939177651,23.4621436168614,23.1769993053398,23.4378170899198,23.339413753981,23.3046983950379,23.6001479343347,23.2470301646587,23.114006631552,0.0445911223662314,0.802211935734045,0.984534738947309,0,0
"Q9UPN7",17.6245413119792,NA,16.9971851096143,17.793317278068,17.8217629675836,17.2358402298361,17.735852092035,17.7650172845575,17.5575428169269,17.6141263368117,17.766106207444,17.8031738014538,17.2260705904545,17.8744094211421,NA,17.7839222763097,17.4184633531106,NA,17.3834498820149,17.2958101514411,17.733533860056,17.6137134880752,0.0312247005718511,0.904110934773954,0.987424911698517,0,0
"Q9UPQ0",NA,18.7078364265728,19.6562695457235,19.5597476184667,18.9076715796864,19.3910190113369,18.7225751905926,19.7098899284496,19.0545985208062,19.6324352350522,18.8853152515302,19.0395875267587,19.3362565680716,19.0102390411543,19.0579374730643,19.1251417404689,19.3563064354387,19.2477224944032,19.6115878960391,19.6908078598436,19.1577115403636,18.762346807985,0.0431673067933147,0.879759015817711,0.985429799208273,0,0
"Q9UPU5",16.7485911466219,16.4565991258296,17.1313021749915,NA,16.5677310418605,17.2323544575996,16.9433295787083,16.3542021426184,16.7248737813977,17.1424484063732,16.879358265882,16.7107912955838,15.8651655562789,16.7114633531482,17.1228001210452,16.8752117525186,16.9216733337587,16.5640063229978,17.0356447253764,16.9699797336189,16.3709863511683,16.4899780589003,-0.386163454845843,0.171559616689261,0.984534738947309,0,0
"Q9UQ80",21.4943045975342,21.7497806495295,21.4016192502448,21.8173966869325,21.8169380347705,21.8618522459728,20.5956314804228,21.6604998547239,21.7559359209701,21.5767116992286,21.4784771741603,21.7230605986313,22.1503437713221,21.6244790673259,21.5612449559508,21.8895067790028,21.9729157171247,21.3619014221616,21.4071462962836,21.8418568279188,21.7079981055744,21.7010468942484,0.0813588355152994,0.730309389895322,0.984534738947309,0,0
"Q9UQM7",21.4157057123558,20.7956592118832,22.1165733425357,21.7695111938645,22.0074766781795,21.7461971680738,19.7599729033437,22.199281797847,21.5008314989026,21.684233479392,21.8735122954598,21.5768026430017,21.6523827919984,21.6936852959125,21.9020242389001,21.7658527615723,21.4367164166466,21.2671494515824,21.8633490074523,22.561287743635,21.8788535204092,21.8867702002898,-0.275832702102093,0.533227034719674,0.984534738947309,0,0
"Q9UQN3",NA,NA,18.0397600476347,18.05907893118,17.2519992966772,17.7038221732052,17.4910135061577,17.5512970132022,17.3677119010618,17.2588868437719,17.4148888105603,17.4807258983994,NA,17.6683042376706,17.6572824105098,17.54030067825,17.4626709602295,17.5846056409251,17.5288539347168,17.4060898160815,17.6415181738819,17.3311679372069,0.216843450491375,0.298828142698217,0.984534738947309,0,0
"Q9Y230",18.8887158363054,18.9256706349384,18.753639362707,19.2500647739321,18.814978366225,18.8844517906228,17.9521150875414,18.8180398910232,18.8347167971898,18.7238211375138,18.7022858069056,18.8742095128605,19.4169247998915,18.845540582558,18.918966477765,18.6724131252136,18.925815625796,18.6394927809639,18.5418825998051,19.0189634038603,18.6494100140406,18.6277779808538,-0.0334827388209504,0.889877603480252,0.985429799208273,0,0
"Q9Y235",24.7050997405501,25.7461069135511,26.2710163872805,26.6910062465714,26.0890139102734,26.2230577152472,24.0752478511715,26.5710284322708,26.3879244199363,26.2389525273768,25.9580516343839,26.043053803934,25.5625008718709,26.2157986012536,26.2149584610675,26.2988419407213,25.6224992422849,26.1807296292437,25.8763647419821,26.9422381769407,26.2629524601157,25.503974389293,-0.231183210178553,0.647581970390904,0.984534738947309,0,0
"Q9Y237",19.5124950136486,18.2132027247409,19.3423149643154,NA,18.9280936624996,18.8310777476954,19.0032289594282,18.5674796997202,18.3337552854206,18.5401448847821,18.5195634201434,18.988949953533,18.2911554708539,18.6117479022049,NA,18.4781236152962,18.4325381410965,18.723914552173,18.5323990120101,19.1871452447901,18.795422941529,18.6712385633213,-0.099965078553442,0.752964858447401,0.984534738947309,0,0
"Q9Y262",19.4757736443666,18.7949148593959,18.6866351153847,19.0661207472802,19.4792250029935,19.4118383902884,18.3825902246072,19.50486257077,19.2440221036486,18.8522657556079,19.2613177484239,18.8834893552729,19.0137119383703,18.9554241871278,19.3428442242646,18.9878946998399,19.4473118168319,19.2378679466963,19.7273894664864,19.4338849347136,19.3111920056075,19.5177810987094,-0.381628413926929,0.162132264520986,0.984534738947309,0,0
"Q9Y263",19.3907022825666,18.3470756166193,18.9274541143196,18.7151204767258,18.3343821186233,18.650387760425,18.4861673556075,18.7902966958486,18.4789404431394,18.3934284531113,18.6288998598261,18.4410853356918,18.2068623721516,18.4199875974544,18.6876380692641,18.0386600488097,18.6044551430734,18.874947613254,18.562333492289,18.6250246177191,18.6795774249155,18.5760232743675,-0.154092542894968,0.512792171922109,0.984534738947309,0,0
"Q9Y266",20.0190430002693,19.4531233939714,19.8092298364102,19.7051055083279,19.8554333705975,19.2560723522486,19.8803381163695,19.470361803277,19.6497233704007,19.3780672796494,19.6430485934446,19.6999190288587,19.6174726197416,19.5184723545854,19.6996338958354,19.515907928981,19.5379154631632,19.5738596098554,19.4032903634052,19.3292027886164,19.5913263328604,19.4869724723158,0.172180900454119,0.33457057993233,0.984534738947309,0,0
"Q9Y277",26.5027195697152,26.616065661375,26.2555005511264,26.2423356695179,26.3992113347911,26.5864014072029,26.0573037929339,26.1201555393929,26.1328082066238,25.5348415996011,26.6495483945719,26.2807823053545,25.9526510815596,26.1530325791731,26.4346923180412,26.1573385192841,25.840919600325,26.1962488939715,26.5973453566331,25.4358420271777,26.0062947010492,26.1160331069313,-0.324272925205928,0.226558683097262,0.984534738947309,0,0
"Q9Y281",27.2504706585287,26.7890969850594,27.0617961308631,27.1926326959342,27.3027708199123,27.2204510298671,26.5469753951111,27.1144703107881,26.94791998379,26.9263303604253,27.006552071449,27.2530925187854,27.0965155322506,27.0338456028378,26.9989403773398,27.3173207837936,27.0841860538556,26.6341366122849,26.8791021303281,27.3072800377563,27.0785426768989,27.1749253068186,0.0869164423813906,0.638865700254848,0.984534738947309,0,0
"Q9Y285",19.142939881427,19.1775232280849,19.1446035020738,19.1789504296849,19.3208444023493,19.1993327601284,18.8218517979178,18.9464281312123,19.3549643696904,19.3747539721465,19.3706042084751,19.6857396855842,19.7250027565341,19.0405990879224,19.4778809350607,19.2073397122456,19.4583708414412,19.3521351519018,18.8461907034682,19.5396994054659,18.7292678187328,19.5825574681134,-0.0282281056412579,0.901653056839062,0.987424911698517,0,0
"Q9Y2B0",17.5451823376829,NA,16.7780545696535,16.1504729644699,16.7897930668565,16.1083205336947,16.4514331038748,16.4949002086779,16.528295004917,16.6028753287387,16.2332494634685,16.6032967950268,16.787395252066,16.6847548145791,15.9400704748031,16.3642256019718,15.8896272438637,16.7897784249214,16.5524870416561,17.0229290015898,16.7886289310156,16.7772005574499,-0.24242152771178,0.459768008058337,0.984534738947309,0,0
"Q9Y2J8",25.7179223717845,25.4034075632125,25.8966987055309,25.3742528409804,25.4411519692316,25.5505916363548,24.8289190002459,25.2326861377135,25.0817143511891,25.455702775375,25.0724096002376,25.2193492498243,25.9562628579306,25.5093508101245,25.3650279484257,25.3886515834234,25.5009883721933,25.2003947583927,25.3655155762305,25.5838330513982,25.2789321102214,25.6465729580448,-0.0637083525420117,0.782391544436695,0.984534738947309,0,0
"Q9Y2Q3",21.841873286981,22.5833260481091,21.448907089644,21.9491084507891,22.1584633821775,22.0616996903404,22.5928876453094,21.3837217820631,22.3951027133653,22.4951012271698,22.7183356648571,22.2699925534496,22.3798611709464,22.567200422935,22.1667064520466,22.2285692531319,22.5882713092522,22.573123081392,22.0330837881511,22.0761638864092,21.7555629618165,22.0561812414296,-0.426036791554051,0.164264463668732,0.984534738947309,0,0
"Q9Y2R0",21.4760978770471,22.537493959847,21.5600254689154,21.7957236164062,22.3013395243802,21.0814171744755,21.8744009148142,21.0492741552822,22.1070507419816,21.4988287164529,22.3000981894802,22.2360794651889,21.6772835913408,21.9577490913916,21.8645250155374,22.2536245632203,22.1799272402906,21.8983098637189,21.5447600035123,18.9825612807256,21.6715380025464,21.6972914864604,0.51445874639683,0.364154992161513,0.984534738947309,0,0
"Q9Y2S6",22.6753728882122,22.6473453506674,22.6501881939305,23.2679477765135,23.4427429858027,22.4920893176089,22.1720052700744,23.1116034335532,22.9509748299559,22.6568703885554,22.829038315536,22.4943950099916,22.8017054328581,22.8111997735825,22.6505952996351,22.8612916658973,22.4755993246632,23.0483080027496,22.4777649935784,23.4225973045816,22.6395191709393,21.803421924348,-0.329470293634142,0.288135563595236,0.984534738947309,0,0
"Q9Y2Z0",19.333781115982,20.3273162564628,20.2625949968076,19.7520754994493,20.2611809525389,20.4092175406692,20.5696734802368,19.6914488199652,20.2498714244775,20.0621832606297,19.9724543568614,20.4825257304162,20.2409163782408,20.0270619511908,19.86048536065,19.9853645026624,20.3333197109058,20.3128616565025,20.048371934539,20.3577088438923,20.2876754559658,20.2878664351049,0.192424016524352,0.445529875214959,0.984534738947309,0,0
"Q9Y2Z9",21.1206172936342,21.5301712354482,21.1989903150975,21.2900217455087,20.987981592812,21.0913234208226,21.974563624818,21.2602930701519,21.4272896133809,21.9025436310773,21.7515442648744,21.3663569534092,20.9624989472113,21.1697882997608,21.0727100276583,21.1646689297761,21.4660000923875,21.4871777815439,21.1195256817169,21.7637336832612,21.491814184864,21.4902360212132,0.0338768607019979,0.893507095750237,0.98557992575105,0,0
"Q9Y305",21.4628215039389,21.9764504869657,21.5911465015673,21.2548464693017,21.6917854329345,21.4867062012732,21.7198591650419,21.3326057856503,21.9276746670462,21.8021956487972,22.3425170484463,21.9528749858667,21.7636582394348,21.947416788043,22.0199267302962,21.7199989702231,21.9434332183809,22.0241141979413,21.8165024082365,20.8085059896476,21.4946518483249,21.715815061862,-0.186740704822014,0.510682274517424,0.984534738947309,0,0
"Q9Y316",18.0039689031581,17.9807916276595,17.6057811018868,17.5849976888332,18.3391896689708,18.2379312788029,17.8654254094302,17.6747950937371,17.9933252177122,17.8774076416613,18.6082511855,18.1591672304647,18.0484218058358,17.5667038224084,18.5776015612255,18.1238676985578,18.4237193472529,17.7845380827087,17.950928064386,17.9516540862438,17.8633947122732,18.5958262764125,-0.193610760233835,0.411904429712295,0.984534738947309,0,0
"Q9Y320",16.3962194237458,16.6859014234698,16.7289811954029,16.6136624857926,16.5140597884148,16.0624721293025,16.0250890883902,NA,15.7018994783893,15.6246601222752,16.7525613422058,16.371356408246,16.6282102875508,16.9218313474978,16.7544334535363,16.612526221712,16.28878112817,15.8526337334297,16.7216115903939,15.1719375741678,15.7897110613889,15.8077023540104,-0.097526115783861,0.810753227320076,0.984534738947309,0,0
"Q9Y371",19.2182603092241,20.4530149815725,20.9471427178741,20.5439023108114,20.4922538011576,20.414784828052,20.7181983456011,20.4373305513257,20.172813162275,20.0118502879443,20.1164188951623,19.8721089281774,20.2218172430628,20.5157247720554,20.4294894754654,20.3796460353196,20.2595021152951,20.1477849401625,20.3947356995623,20.1611482750303,20.5054385604662,20.05857663855,0.332518521415338,0.210463635396495,0.984534738947309,0,0
"Q9Y376",22.8192835513442,22.383560219079,23.0617462114261,22.9299558097794,22.8743784863734,22.5212879478338,22.6127229859504,22.586888003996,22.6141244500843,22.8294254881711,22.3583505767913,22.7748088494125,22.8186028872625,23.0547178531591,22.5687063757732,22.8988011708371,22.8881406856276,22.3298012798903,22.659873281008,22.9111169939958,22.9126449229966,22.6135443174342,0.242953762811581,0.217891614628339,0.984534738947309,0,0
"Q9Y383",18.2946863270054,17.2001113393541,17.4398181427862,17.4089473502192,17.4656159925181,17.4657391309395,16.7076279950129,17.0922146896044,17.3272055375257,17.361761897591,17.3029211624476,17.4665027044174,17.2887699073571,16.8265018933013,17.1498045165516,17.2309621195261,17.47886248067,17.3293229744067,16.9962765381006,17.5725642737071,17.4665709362401,17.4272844338083,-0.101711840823189,0.679123489549617,0.984534738947309,0,0
"Q9Y394",23.8402395754146,23.6947297529522,24.4008789597536,23.1101330256837,23.8993971225834,23.8465016450663,23.6186644768941,23.5986460208253,23.6742332785031,23.8685585837876,23.4378653413687,23.6998222993429,24.241853955242,23.8529248644813,23.1746472099579,23.8461241408129,23.562039784515,23.7856056088632,23.647660815509,24.3825636933061,23.8367107926614,24.2338295903435,0.0506788041992579,0.856223983833549,0.984534738947309,0,0
"Q9Y3A3",NA,17.5736394123828,17.8976027387352,17.4569010140909,17.3962026550727,17.9438841530047,17.4011269799775,17.3279143879869,17.6510610688091,17.3016496128769,17.1993700984293,17.8216246699924,17.7023042926881,16.9858922079071,17.0495157474171,16.9027658902955,17.6183975951371,17.2494957804321,17.3783140244867,17.0681573748725,17.6617106915112,17.7633791689684,0.49198571486307,0.0470496991473084,0.984534738947309,1,0
"Q9Y3A5",22.0911913704445,21.8509486019555,22.2762715447594,22.4494959220825,22.0839151882114,22.2739031588216,22.1441026531475,22.4388357225585,21.9445791755046,22.0173689700217,22.1239089627353,22.2888399671375,22.0874229541042,22.0414954252276,22.4901540573831,22.0020838423446,22.0452344392746,22.4088914227514,22.3767224713528,22.0055317901343,22.1687491766631,22.3828898338961,0.0750952971123908,0.660236252142922,0.984534738947309,0,0
"Q9Y3C6",20.0929490871956,19.9267106961861,20.349642654348,19.98939850747,20.0898622012716,20.0539307756404,20.1487101280975,19.8793043774243,19.6580715685309,19.9708823145853,19.8261483537697,20.2657961681307,20.0389740263297,20.1236388529392,19.9797944962916,19.84228579294,19.9725252934333,20.0250664020089,19.8818015082113,19.9012396697188,19.8283292149986,19.9424023334975,0.0110221614537025,0.945821824183369,0.990192879028667,0,0
"Q9Y3D2",16.7109859825144,18.3454154563169,16.7435774933796,NA,17.5035806762805,17.5814223000973,18.5369296642283,17.3984954686543,17.8312765605799,17.8274388757587,17.8714557526398,17.9714109807551,17.4663060094159,17.7577826261142,17.3338939417932,18.139265487754,17.9922511349363,18.0776307166582,18.1287103654522,16.3623775649505,17.4957452689024,17.8515017722883,0.270704440589682,0.56332998652876,0.984534738947309,0,0
"Q9Y3D6",23.7678553666518,23.1702091872679,22.8266622399708,22.8590073719732,23.171104691804,22.7469008081449,23.1467239412818,22.8513198547782,22.8921961891852,22.9382771483076,23.5810032117851,22.9306082152986,23.1087888881956,23.1479546366822,23.0760608085748,23.056485948865,22.7837198433225,22.9738393861096,22.9719805433699,22.5031015961887,22.8536836757616,22.9303245253355,-0.304695360944223,0.168437380035914,0.984534738947309,0,0
"Q9Y3F4",21.480424496979,21.377349035719,21.4821172936007,21.6446385195729,21.5786098732456,21.6503135645069,21.5888098252123,21.206705783912,21.4961036925102,21.3885947786301,21.4879436994573,21.4585067251513,21.6736741979565,21.3598331748892,21.4492315455116,21.472363922908,21.7799384379487,21.4056837564307,21.3100704538893,21.391283170393,21.5503680685713,21.6793413793597,0.208947483298513,0.141680991692417,0.984534738947309,0,0
"Q9Y3I0",20.8777289360178,20.7247121818663,20.6699156219894,20.7618070583701,20.9013386285397,20.8489562167017,19.9589658885202,20.6479734800965,20.8145688048895,20.6495696580599,20.789234610889,21.1312201393124,21.1544299851149,20.8705339584928,20.6336718491962,20.8133485819109,20.8929418359778,20.7014247923215,20.3525063220333,20.5767160513678,20.8574249755375,20.984838108129,0.117452808408814,0.538475388800657,0.984534738947309,0,0
"Q9Y3U8",17.257106913865,18.3987540174342,16.9565565352192,18.6526234576006,18.1705557575896,17.7898040959268,17.3959165702708,18.257170029231,18.1004980140834,18.3646007279636,17.8404804756071,18.810603731167,18.7860487046458,18.7688758058043,17.3562694755723,18.6330050451667,17.903666040981,17.8106188030497,18.1358375400517,17.6641346292233,18.1277333771871,18.2623646868664,0.375758936811966,0.361303620121762,0.984534738947309,0,0
"Q9Y450",17.5187015099238,17.1824417419902,17.3896618027668,17.4198976260802,17.5234287693855,17.1147832599942,17.0621919310172,17.1908120792119,17.2678661294448,17.4713182051038,17.1931064036121,17.418641999425,17.481625073798,17.1973860663233,17.2804620926837,17.8535458106116,17.6376793377081,17.5670842759887,17.7569269531148,17.5182379903674,17.2479229358082,17.162082081747,-0.0649806704766753,0.734433771810144,0.984534738947309,0,0
"Q9Y490",20.6423285394078,20.7459620039678,20.3205189324241,20.3184299007117,20.5060007132068,20.5516403624831,20.5336518050327,20.593977516461,20.6184561176047,20.8340012538074,20.4841847760036,20.4599723220609,20.9981445945803,20.3813606431816,20.4132694399193,20.6075811018657,20.670862137884,20.6054166110769,20.5671941033443,20.5800402535211,20.812275949992,20.6718479929637,0.0436450526498788,0.773723252792258,0.984534738947309,0,0
"Q9Y4E8",17.8364174558938,17.3538271963047,17.9172569162221,17.3002374679595,17.9557167098786,17.4019470122661,17.793410509068,17.755069754984,17.4867956198043,18.021681396304,17.7798849283509,17.773410325637,17.6797507163,17.4790479845181,17.7807777255936,17.8811520721771,17.4293004577919,17.4935596300444,17.3195347054006,17.9495387831648,17.8352738034017,18.1320392815776,0.109637614177831,0.619589039536253,0.984534738947309,0,0
"Q9Y4G6",18.7326356399128,18.2118722599667,18.791766762503,18.2395406915686,18.347276948355,17.6918067632977,17.7779679955883,18.8577461801359,18.6726939209796,18.1678620362088,18.1976789006913,18.3101481521989,17.6796685920987,18.3661240120572,17.0760718293795,18.1008341419699,17.6725393085483,17.7381562806858,18.3032889299458,18.5798153089639,18.1542206649106,17.5527524776389,0.142090302770839,0.671902542943998,0.984534738947309,0,0
"Q9Y4J8",21.397812797891,20.6748693869091,21.5546823336869,20.959748099786,20.8751617250747,21.377170508294,20.9643345150985,21.0172898400761,21.0498092746713,20.9355641477145,20.8519274052045,21.0538833753834,20.473879136318,21.031586429582,20.8427810257508,21.0607521310477,20.9988434040521,20.7992827837411,20.7018706340078,20.939036261606,21.1107631510689,20.7632562584044,0.137739966590672,0.510067553524541,0.984534738947309,0,0
"Q9Y4L1",17.6843805463187,16.7311603055909,16.8300560947166,16.1520619162594,16.8724870222309,16.5324804398094,16.9173923800246,16.3727369367091,16.3748476669114,16.8986809235414,16.4628227663569,17.0819687045687,17.4051490921472,16.795001576286,16.8790286282346,16.8544973767342,16.7056389822453,16.6678348782541,16.6509441031469,16.7864794512443,16.7385773367111,16.9140625291546,-0.140125058890149,0.58920958849262,0.984534738947309,0,0
"Q9Y4W6",22.1202490148822,22.6751676536831,21.9302843821593,22.1781509405454,22.3129549839719,22.4038653189979,22.38245408658,21.9339912671016,22.5674322277768,22.5510560902959,23.0010611458693,22.377850337986,22.1571067573302,22.5707206349091,22.5630637035883,22.6080608915916,22.7547300310287,22.6278415416185,22.4261858289198,21.9202783547002,22.1727422763087,22.4282573339853,-0.317423195159499,0.192921552252318,0.984534738947309,0,0
"Q9Y508",17.7510849905337,18.1821244252692,17.7908184826278,17.9635365501193,18.2601202828797,17.8375500115931,17.5973838520587,17.9273528568843,18.010722700389,17.7210120127629,17.9892639229368,17.8669242838642,17.2194164491531,17.9250621669839,17.8784662527049,17.79335592011,17.7355453482293,17.4981305946532,17.705513491016,17.4692114032412,17.8628789651681,17.4809409503352,-0.134329514823303,0.502535875062552,0.984534738947309,0,0
"Q9Y512",23.7988686954051,24.8702944840089,24.0038387624408,24.2288682608345,24.3568016761742,24.4784115127681,24.1430194016895,24.3760985152392,24.4519554679137,24.1560674587973,24.6728375239545,24.5293034204338,23.9977898753237,24.4322967761074,24.3913497875129,24.3905946466601,24.3149900185274,24.3677323518947,24.5857624521559,24.0181412934388,24.3266153241709,24.5164375639945,-0.16122553426468,0.478533859438858,0.984534738947309,0,0
"Q9Y5J7",19.7785430969731,20.2376569189114,18.8625324330259,19.9070464925069,19.5985768381744,19.7273187448534,19.9294852675021,19.2909494968246,19.9375879450668,19.9567102760919,20.3368276378805,20.5557295362586,19.6461075253236,20.2418804422748,19.7037861353224,20.3304238233667,20.2590057131854,19.8747286164513,19.9991586215111,19.6546210721107,19.4769599719988,19.7823985362532,-0.240149384965225,0.443040973504785,0.984534738947309,0,0
"Q9Y5J9",16.2781403509944,16.6323384433335,15.235371034611,16.4527795605246,16.5656834027097,16.0225160735,15.9894293542276,16.4787978326246,16.7531697046677,16.676249031524,16.8545724346201,16.5119004365452,16.4264514258032,16.9925714106682,16.6274522629569,16.5494327913751,16.9617341918069,16.047686030445,16.4034405975752,15.4471472185702,16.4496844943632,16.4908657931163,-0.0616551073240004,0.862976701190789,0.984534738947309,0,0
"Q9Y5K5",18.2702261195674,17.8406266626534,18.4652146839503,18.0973571144316,17.8363029396217,18.5643228159397,17.2396223166683,18.1766785096842,17.6433298460578,18.0477376312117,17.6415387727501,18.0330408419588,17.6133746805382,18.0761931542112,18.1524709470472,17.8200803782313,18.2835670367719,18.1161874108972,18.2002013548735,18.3625275432067,18.1805735115004,18.193864825292,-0.269784532463955,0.314114590244903,0.984534738947309,0,0
"Q9Y5L4",21.4868225218163,21.7207887752542,20.3702858071423,21.181743431228,21.2005342866794,20.8590933714515,20.8151648186756,21.3213515331299,21.307300153795,21.1340289166869,21.5838559808533,21.6079550631753,21.0064345693549,21.2640784185465,21.389775711931,21.3781867561019,21.114895598359,21.1550912920768,21.4218318132448,20.8735857815411,21.1070415401668,21.4595332929609,-0.273549626777726,0.283687692911601,0.984534738947309,0,0
"Q9Y5M8",18.7739866960726,18.363315798798,18.1632770053929,18.0519234660068,17.7667041054459,17.9458640290933,17.832168780817,17.9617730235694,18.0888905579205,18.507642560392,17.8742951141059,18.4702007194937,18.1943369167961,18.2354229883657,17.9820137245224,18.0766748605445,18.0705552232383,18.3740229690477,17.9171097206462,17.9807012261518,17.93751765827,18.3092575638875,-0.107125119285008,0.629595859595476,0.984534738947309,0,0
"Q9Y5P6",17.3610632259859,17.2747652286677,17.4396955756824,17.4277099728209,17.0219628138703,17.7168586320244,17.5280619064135,17.2361606807702,17.3385638314782,17.3127674192854,17.1430412003858,17.007096770008,17.4549954987883,17.2733327438909,17.181215937169,17.2656507397079,17.4952948741003,17.2602212476786,17.1708755139178,17.7431817394961,17.3546529629642,17.1682181114332,0.0541813631329973,0.768064735377787,0.984534738947309,0,0
"Q9Y5U8",21.8770421587305,22.6600376082529,22.0692592185291,22.054741580661,22.3008891667277,21.9431916606857,22.6151026539644,NA,22.4428768299137,22.0638174091958,22.8333019032249,22.1810181714447,21.6192718834782,21.9846557075764,22.5250862247864,22.2291510632491,22.242030222676,22.9329479203288,21.8547130471659,21.1350331754895,21.7185847894543,21.9898438202482,-0.0789087265177244,0.826392523002371,0.984534738947309,0,0
"Q9Y5Z4",24.3300931798352,24.0748065917665,24.5775314937963,23.8776728005705,24.0170773498281,24.1599867037129,24.3780426249441,23.8708533111844,24.3180698964828,24.1123862228447,24.1348096712271,23.8324800520558,23.993275797234,24.2019856251667,23.9447253256764,23.9092810546447,23.9830295267476,24.1625518700268,23.5112291560657,24.589390655872,24.2990537446256,24.0894665770924,0.00202867103174142,0.992601054464826,0.998338651984889,0,0
"Q9Y5Z7",21.0153771238355,23.0364891511834,22.9670299940078,22.7713584581305,23.5710018006534,22.8123308474423,22.5591140316124,21.7003407805241,23.2669489851255,22.1432286089129,23.3147167777887,22.3235177394876,21.587721164913,22.2521209705405,22.784529199894,23.8006447943636,22.8581974274599,22.5531121187234,21.2961656657069,21.0465945964894,22.3862057563201,21.9434942507624,0.500893410190997,0.408038170559307,0.984534738947309,0,0
"Q9Y613",21.7098744186274,21.3360664359275,21.8133052975782,21.7811653601708,21.7822424358154,21.829617398792,20.7455656990464,21.6722923227967,21.8060202202222,21.3810407182844,21.6694794761818,21.5032681639203,21.0822275752283,21.8153817029284,21.7050850955813,21.7485671322228,21.5604847568343,21.400940537305,21.6411585996595,21.7400538569778,21.568681042119,21.2444990685734,-0.263619702649262,0.269245667298195,0.984534738947309,0,0
"Q9Y623",NA,22.4671427949029,22.4841864145566,24.2681831060245,22.5407771864582,23.5430407582494,NA,24.9329811522945,22.023223833998,22.5076437358378,21.7286665197178,23.6288876109911,23.6247433097252,24.0359456731819,21.9321153217018,22.7614994536619,22.4772718475098,23.3319032672259,23.9081886251637,22.5301373638171,24.4917544513089,23.2089756675251,1.08699964016363,0.149398454350937,0.984534738947309,0,0
"Q9Y676",18.4861414388106,19.2077027209513,17.9268027469115,18.0324580303747,18.5059295284527,18.7929895685868,17.9690125435172,18.1866840143268,18.6062422178108,18.4255385586621,18.8362397953229,18.8390492051661,18.9536953375139,18.8008971329215,18.7544517125529,18.8016843845242,19.2018428470511,18.6338395244078,18.5809971602627,17.5899663965926,18.5346796493614,18.6100559361089,-0.213379516602743,0.447852374847363,0.984534738947309,0,0
"Q9Y678",17.4896478605896,17.8298824944273,18.0841204161947,17.9177040402932,17.8641108817821,18.2052286933119,17.9206397113273,17.7509115077172,17.8004281406955,18.2186942807897,17.7907817906529,17.3849154712086,18.3658554651949,17.7244661527421,18.0149419831864,18.1539253050313,17.9302883674017,17.8988832085061,17.5799328301085,18.1641671949442,17.9932995217944,18.0964882019306,0.106020211182784,0.631416630982612,0.984534738947309,0,0
"Q9Y696",20.1153704632503,19.2775725042761,18.6482089848304,19.0719462288501,19.4654147809413,19.1276092844968,19.3080848784597,18.6565851822283,19.0729946029914,19.9874396263229,19.06355277228,19.4183320548392,21.0951277489363,18.9086259354618,19.4849535095354,19.5540296351604,19.5437889089607,19.5726306518127,19.2691106649404,19.1512186283854,19.5680583924831,19.5309283281334,-0.0468596297308821,0.896276102508171,0.986957464694711,0,0
"Q9Y6B6",23.3308887988278,23.1245334152,23.9881221172511,23.6001115376471,23.5802117535162,23.491318075204,23.7204927286353,23.7493818646446,23.5758181852928,23.3369461098862,23.3781601805951,23.1445776921656,23.1620291705015,23.3841531246871,23.238686187281,23.2082816942416,23.2817872039951,23.6875409991123,23.7138982562181,24.0659377856971,23.8553218368765,23.5111411120359,0.0955887455262356,0.649654163710878,0.984534738947309,0,0
"Q9Y6C9",23.2159868898082,23.8027300792398,23.1075583411427,23.2720140802863,23.4019296124917,23.5942259290402,23.0599931835229,22.9474972838904,23.3079693390824,23.5729817523615,23.7630319864025,23.5986194006134,23.6335474531466,23.6358875722887,23.2856731915203,23.3980716500779,23.480788937342,23.3314954413349,22.9975538626112,22.9686610211343,23.4369463445156,23.5234858076516,-0.151418881525757,0.405065020303626,0.984534738947309,0,0
"Q9Y6E2",22.1543568923118,21.7749610350397,22.5682323196728,22.132015389219,22.1431376601371,21.9312862963356,22.098977826031,22.0563268430132,22.1304033344176,22.0563069000978,22.1034673388949,21.9962830196616,21.437692666133,22.1877568574011,22.5465483930755,22.2771422989406,22.0003182077402,22.1064067032547,22.419281157319,21.8894844698996,21.8501258628078,21.79444555238,-0.167289126244871,0.408705942216245,0.984534738947309,0,0
"Q9Y6G9",17.4293333186216,16.6501068030336,16.4877400775004,16.6852550621445,16.8122146123566,17.14203675089,16.2118571287038,16.8667768239427,16.6668109229637,17.3248271338395,16.448498890139,17.1970751313433,17.1663596735415,17.150204815405,16.3882203977465,17.0043892949344,17.2315732204615,17.2037961212972,16.7656436251872,16.0363157172476,17.0458476684033,17.6927878388868,0.130021087456051,0.660993620558956,0.984534738947309,0,0
"Q9Y6H1",21.1575659519059,21.7940165849841,20.5790587557368,22.1205151694196,22.2091700430416,22.3517595301347,21.6195992234451,21.7843324145563,22.4247532069382,23.2928317004953,22.4604607966855,22.0776649879955,22.3205439976437,22.4552243777944,21.5260297938706,22.6926729799955,22.5958084907386,21.5238614340802,21.68512760773,22.8240305643591,22.2847474833375,22.3108089613308,-0.127795952581916,0.77902582740923,0.984534738947309,0,0
"Q9Y6M9",23.4514243240435,24.3932061257684,22.9627031099473,23.8394233961582,23.9960305826914,23.1231599760857,23.5782852183452,23.8825316451732,23.5163266419562,23.9428040535259,23.8877946482341,24.1665504561358,23.7349155635094,23.9373847805918,23.8839689059085,24.1628243022064,23.0267417486352,23.7250683544214,23.8197046450607,23.8033631111883,23.5869037136397,23.4885896734294,-0.382692999250327,0.20814475473174,0.984534738947309,0,0
"Q9Y6N1",19.3104268027062,19.2713008622779,17.9186560827234,18.4485777483112,18.8197531029338,18.6182363748442,18.7638335764508,18.2026297338484,18.4511679428311,18.2122542015522,18.700640142916,19.0429743980674,18.152558673407,18.6607002395569,18.8489838315562,18.2971785604884,18.6577675590309,18.7130458310982,18.7692264415982,NA,18.103150926857,18.2203776613419,-0.80275575697258,0.00909519125586966,0.984534738947309,-1,0
"Q9Y6N5",17.1561246512278,18.1747739201207,17.63184456656,17.5341179735411,16.6523231496168,18.2835406143594,18.0390895139159,NA,18.0985366618248,18.2993625867046,17.1673761178183,NA,16.7641416167002,17.4692879018154,18.1829219911029,17.5602500576873,18.1709247386121,18.3794281892057,17.8351552366383,17.5171312862654,NA,17.4071810495862,-0.193967279140047,0.672424775269881,0.984534738947309,0,0
"Q9Y6P5",19.1681679586922,NA,19.7522576441414,19.3117239132451,19.5400145825663,18.5337352653643,20.1666174599164,19.3183149842331,19.1635276459787,19.0834065531374,19.4515815426159,18.9903509197979,18.4537133789072,19.6403703747585,NA,19.7863503104317,19.1851154046157,19.5279398426214,19.0266007448607,19.6643834693453,19.5143867249419,18.7425776295943,0.0502268303168094,0.885142801590486,0.985429799208273,0,0
"Q9Y6Y8",NA,NA,17.076777846629,16.994294866892,16.5746534119655,17.0249033784366,17.2697480511527,17.1783566379887,16.6283892450645,16.8323453136385,16.5896340244803,16.9072325427757,17.2121067246937,17.1223805677834,16.7764892671017,16.4502005562195,17.2658105724395,16.7763311953798,16.8726166394295,17.1159933535178,16.8310065957888,16.9975702113831,0.280510302344517,0.218640649157319,0.984534738947309,0,0
