contrast,gene,P.Value,adj.P.Val,pi_score,sig_pi
Aging,MMP24OS,0.16121267798371608,0.374205586975447,0.45987209003175467,0
Aging,ESYT2,0.14575711025164859,0.3551879523281773,0.6391268155508284,0
Aging,ILVBL,0.23111801289273057,0.46379599392815063,0.6888290754918648,0
Aging,FSD2,1.2618988262175714e-4,0.00373770877681063,0.00396944504493662,-1
Aging,TARS3,0.787756934584828,0.8882857015720607,0.9858667230787226,0
Aging,VWA8,0.02401370136295776,0.11717126210278464,0.08386656366401839,0
Aging,CARNS1,0.15917398757638188,0.3712427575100042,0.5056975272839425,0
Aging,MAP1LC3B2,0.02283383644695113,0.11245798137690452,0.16139930536382885,0
Aging,PGP,0.18560778477097845,0.40607897625787553,0.8179079762640198,0
Aging,DHRS7C,0.07725192349041014,0.24175713556597103,0.5020376978587551,0
Aging,SMTNL1,0.41498308524246674,0.6361687459148656,0.8554210976867596,0
Aging,NUDT19,0.09216386019938191,0.269195274999028,0.34918849948115077,0
Aging,NACA,0.00160482664546754,0.01950838401975869,0.1831678414264164,0
Aging,SLC35A4,0.187929007437001,0.4091249509730984,0.704810754034218,0
Aging,PDLIM1,8.597606652973337e-6,7.533652829667887e-4,8.70240545530446e-6,1
Aging,MYO1C,0.06288400498166181,0.21337585574865792,0.45472757919887186,0
Aging,FXYD1,0.00996348173383279,0.0650720561684794,0.07073175502142448,0
Aging,STXBP3,0.4563986199612913,0.6665321512351358,0.9288440467085204,0
Aging,NDUFS8,0.8874779123080134,0.9464330880242152,0.9972921257801776,0
Aging,PSMD11,0.30902975529663024,0.5438406488609318,0.9124241149649504,0
Aging,PSMD12,0.15229318253565016,0.3627095842270354,0.7312016308499195,0
Aging,PSMD9,0.6587012293370398,0.8128286181497374,0.9816364918727132,0
Aging,PGRMC1,0.8028806914281524,0.8985051201443869,0.981712484249484,0
Aging,CLIC1,0.7277263500309712,0.8534674466902405,0.985667157274093,0
Aging,EIF3F,0.29493101072599587,0.5341300385278606,0.8832166781954085,0
Aging,PDHX,0.6715560980964397,0.8187144778532247,0.985259553147818,0
Aging,DCTN6,0.11108432355783664,0.301044242837797,0.494744094295266,0
Aging,IPO5,0.1378543043046987,0.34174796249253786,0.8169480219061163,0
Aging,EEF2K,0.9867887117315892,0.9953077509695598,0.9999588063869064,0
Aging,EML1,0.43546020802441543,0.6517955996265806,0.9319473516543956,0
Aging,DNM1L,0.16062445776386353,0.3732521930137072,0.7866859989674345,0
Aging,RTCA,0.02204341975442234,0.11037455177035758,0.3802268469580371,0
Aging,NDUFA4,0.7104914286715994,0.8441601550826969,0.9852413960008022,0
Aging,PSMD14,6.390831384457806e-5,0.00244362152754813,0.03775464505078919,-1
Aging,BIN1,0.7175333318985742,0.8476485259516064,0.9913338107666656,0
Aging,KPNA3,0.2908739321570663,0.5291331822253755,0.8417241594136842,0
Aging,DDX3X,0.05578342406645942,0.1987861210704366,0.4264234117078231,0
Aging,KPNA4,0.9575568889687875,0.9804089430622784,0.9998171594667816,0
Aging,CES2,0.1528831961846068,0.36329193398443854,0.5104842658737153,0
Aging,FBP2,0.5009774648284366,0.6967960373903453,0.9186187433925096,0
Aging,PDXK,0.7683139587929946,0.8748851880027358,0.9933932154336153,0
Aging,SDHD,0.2793304051222371,0.5187622010348694,0.807960112719977,0
Aging,COX7A2L,0.6790804503985645,0.8221682136949805,0.9561264125550116,0
Aging,GAPDHS,0.3121725263110482,0.5470388954795947,0.629360648268069,0
Aging,HSPB6,0.04253311997751521,0.16777165059654428,0.2862229174177309,0
Aging,NDUFAB1,0.10369209851350213,0.2907526442318599,0.5449829934358402,0
Aging,IMPA2,0.15377363909122763,0.364173381766725,0.6881637049606849,0
Aging,PDCD5,0.7469459706663992,0.8619709824217849,0.9917314506597136,0
Aging,PRMT5,0.33151626122594247,0.5645171638527587,0.9044033660780716,0
Aging,PSMA7,0.2750540369949573,0.515083383615668,0.9094374618223486,0
Aging,OPLAH,0.00269392153518219,0.02793583031504623,0.11707985670039614,0
Aging,MGST3,0.2415802460129313,0.4764197361152235,0.80103437888464,0
Aging,RGS12,0.593372091786337,0.7683876287110017,0.944579324362732,0
Aging,HAT1,0.00551320293121074,0.04459332986283149,1.9351488682827563e-4,-1
Aging,UQCRQ,0.8058574153427861,0.8990113604880956,0.9945261509425366,0
Aging,MYL12B,0.23435059563613225,0.4677247405756811,0.7495788000650737,0
Aging,UQCR11,0.5907824110388791,0.7669318503702091,0.9466522235291356,0
Aging,CASQ2,0.228843710992678,0.46319376729316825,0.7156151162757861,0
Aging,HGS,0.29074209309114446,0.5291331822253755,0.8249503705991239,0
Aging,HNRNPDL,0.07185125914367879,0.23104464522806809,0.4964608984117755,0
Aging,XPO1,0.08927728338239214,0.264064876164797,0.6851548389725945,0
Aging,ATP2A1,0.34496109784861084,0.575299911796692,0.859873444252454,0
Aging,SYNJ2,0.9808624175899658,0.9930266217007276,0.999868912548955,0
Aging,SYNM,2.5756097106240973e-4,0.00615512184254826,1.5359784252159066e-4,-1
Aging,ARPC1B,0.950711702809608,0.978153968203819,0.9994243701129648,0
Aging,ARPC2,NA,NA,NA,0
Aging,PGRMC2,0.15942629849919543,0.3712427575100042,0.6634148552674629,0
Aging,PFDN6,0.10157492242364775,0.2863432464570124,0.6759690153899537,0
Aging,NDUFA1,0.02123972701170035,0.1073729468884756,0.05101893373105665,0
Aging,SURF4,0.9560852763228016,0.9804089430622784,0.9996065053231676,0
Aging,MAPK13,0.0112059914146461,0.07024905914315029,0.04307754958993577,1
Aging,TCAP,0.02518237286897065,0.1209098861722495,0.08553315167383337,0
Aging,PMM2,0.6019830290136996,0.7735323976774764,0.9462571955983194,0
Aging,EIF3D,0.02066547477861339,0.10548420742578628,0.3655717040102456,0
Aging,EIF3H,0.30432901895493636,0.5410007834845572,0.7678896245488761,0
Aging,BCAT2,0.0930749411805935,0.2708365156349402,0.5759997195696781,0
Aging,STX7,0.5031904324741387,0.6984881052759826,0.9429660274891748,0
Aging,SLC16A3,0.31548762227362065,0.5504856572133267,0.7631609853108268,0
Aging,YKT6,0.4357781141280538,0.6518075206339239,0.943718201040049,0
Aging,ARPC5,0.34250128407579916,0.5739284465429527,0.7856144924127005,0
Aging,TAPBP,0.8570374737477893,0.9295254292375456,0.9907398003914168,0
Aging,DHX15,0.131668342281382,0.3304278327180744,0.6528573909262062,0
Aging,CYB5B,0.6384981107231564,0.7989017341974803,0.9582177535271604,0
Aging,NDUFS4,0.18925543017301225,0.41044604922305633,0.6864552209834103,0
Aging,DYNC1LI2,0.8153727482652966,0.903615014171258,0.993309084603474,0
Aging,PSMD3,0.00157801921363584,0.01940686787296012,0.12610979154705648,0
Aging,RASA4,0.03734108459509839,0.15488816746250872,0.220069135330557,0
Aging,HNRNPR,0.0012255989659101,0.01631287737537315,0.087717959386711,0
Aging,TXNL1,0.00991075557598016,0.0650720561684794,0.4256950541913296,0
Aging,TPD52L2,0.6374587045792488,0.7989017341974803,0.9841708034239938,0
Aging,ERI3,0.9303272884035204,0.9678933096483202,0.9989586859986328,0
Aging,AKR7A2,1.6568113359577152e-5,0.00115312251106187,0.00698220621174302,1
Aging,LAT,0.8168351704710068,0.904583656398382,0.991471588268371,0
Aging,DENR,0.28537144733794517,0.5236790172353392,0.8884459128085491,0
Aging,DNPH1,0.756891951702802,0.8683817645559152,0.9891128370005214,0
Aging,TIMM44,0.01357556728451514,0.07974697765177471,0.2842742546139655,0
Aging,TRAPPC3,0.02996605889035636,0.13465517488551162,0.14487319934055598,0
Aging,CHMP2A,0.02720712814149419,0.12773451318495405,0.5038980949859168,0
Aging,NDUFB5,0.8698927618201966,0.9367048018985528,0.9967514602329496,0
Aging,NDUFB3,0.43330591822955855,0.6499359002235106,0.9015667773783056,0
Aging,NDUFA2,0.26073806182285014,0.49622818462756,0.8116270351502597,0
Aging,BUB3,0.0596935476010807,0.2071543409324632,0.2487633209986588,0
Aging,ACTN4,4.212825115128473e-4,0.00830367293487701,9.26127369136378e-7,-1
Aging,GSTZ1,0.17003971785146638,0.38742527263448945,0.6028822455520729,0
Aging,PRKAB2,0.4234763674067481,0.644407236364972,0.9323491464217838,0
Aging,AP1G1,0.494447024975476,0.6918310668818536,0.8740298717703971,0
Aging,SYNGR2,0.1286576026067307,0.32559198349212354,0.5749881625712642,0
Aging,SGTA,0.00434377584546748,0.03840488970939914,0.2257520017373457,0
Aging,ENSA,0.5210483753493219,0.7157183104896303,0.9416109418305312,0
Aging,SLC25A20,0.05275319817192926,0.18996571191021783,0.3967477983649531,0
Aging,NARS1,5.633809788502999e-4,0.00979165453324116,0.03765640121216015,-1
Aging,LANCL1,0.14627391196276343,0.35562316399733124,0.7252731601607576,0
Aging,SLC37A4,0.0764654345657295,0.24032044787443685,0.4609654743708642,0
Aging,IDH3B,0.21142644795338045,0.4412138290033164,0.7762630529505861,0
Aging,CALU,0.04777961457308382,0.1793989868322105,0.4701809160220019,0
Aging,AHCYL1,0.6767910505890573,0.82021953520880575,0.98130165080027,0
Aging,NDUFS5,0.19276076353693053,0.41322720256693674,0.6930805295422572,0
Aging,TIMM8A,0.06726941904020187,0.22208412596788785,0.25716198134326207,0
Aging,PPP1R12B,0.9812217403205478,0.9930266217007276,0.999871464234126,0
Aging,PRPSAP2,0.01714328218703999,0.0931584559156204,0.17753941645400434,0
Aging,SPAG9,5.489060082437597e-4,0.00961957779447188,0.00983924477009364,-1
Aging,OPA1,0.04489478289597164,0.17260279420517066,0.4965962771724706,0
Aging,TBC1D4,0.2760452523712449,0.5164796848191531,0.8360154478650236,0
Aging,SNX3,0.8040774168068039,0.8989765058717217,0.9957668959064772,0
Aging,SYNCRIP,0.36217374486898646,0.590885481349479,0.9015408618576668,0
Aging,SELENOF,0.37465271745567497,0.6000720981030346,0.6479041669507156,0
Aging,KLHL41,0.09162332685619444,0.2687762042747706,0.3476867717832954,0
Aging,PLIN3,0.00115247264169751,0.01556659661833435,0.09377472902469058,0
Aging,KPNA6,0.11432280860163176,0.3053482508325906,0.6603572627603486,0
Aging,SNX2,0.3767584269595848,0.6016581419086041,0.9102889117881172,0
Aging,USO1,0.2417212831359693,0.4764197361152235,0.8247342828999445,0
Aging,TOM1,0.27726198287311726,0.5178347690782998,0.8569768442497547,0
Aging,PFKFB2,0.9461104203560344,0.9748506683041356,0.9994222868537112,0
Aging,EDF1,0.4624793651487318,0.6708759503067784,0.9352543614594632,0
Aging,DNAJA2,0.08295126232516217,0.25388795815482523,0.6769409193899193,0
Aging,CUTA,0.3964450775271663,0.6217181193434979,0.8748892397025444,0
Aging,PFDN1,0.4673136291090475,0.6740470247025562,0.9432346747484284,0
Aging,NOL3,0.3191328302446818,0.5519213338853338,0.8587250586434397,0
Aging,WDR1,0.04576831805258106,0.1743673421459746,0.5844584450161315,0
Aging,LDB3,0.8645466285715486,0.9337992450371578,0.997158707456424,0
Aging,CLASP2,0.251031271232747,0.4861130418070598,0.733991189521436,0
Aging,COBL,0.48798827873028783,0.688441821664005,0.8706715779372196,0
Aging,CPNE3,0.32793138992486515,0.5611389039967383,0.8997773858632384,0
Aging,CLUH,0.310015601517953,0.5451194063480395,0.6787161763422974,0
Aging,CAND2,0.800172538004215,0.8969951212275394,0.9925757836293828,0
Aging,COQ9,0.08778113043973317,0.26087496900611895,0.6531154152711387,0
Aging,GGCT,0.22053121166781375,0.45336333406955936,0.8160165614462626,0
Aging,NDUFS7,0.833584998444809,0.9154199747934378,0.9926388483029384,0
Aging,RTN2,0.5126607395233937,0.7076027090088038,0.9583636675616573,0
Aging,NDUFS2,0.3522306409144419,0.5809733630141736,0.8584733514743995,0
Aging,NIPSNAP2,0.11477084963344748,0.30552290731536713,0.6799738703389813,0
Aging,CILP,0.2822773401411174,0.5207274090497982,0.6648438365942742,0
Aging,TBCA,0.02865945831148707,0.13126394999604368,0.501661541789186,0
Aging,ATP6V1G1,0.16265554411530672,0.3756227471767545,0.7776525517055538,0
Aging,VPS4B,0.2804466439546852,0.5191719121801963,0.7671325313208487,0
Aging,MACROH2A1,0.2157890298111002,0.44712426894398455,0.5556572201862849,0
Aging,SH3BGRL,0.39248375512335,0.6189938686474165,0.8323576268339952,0
Aging,FLNB,1.0833743952608698e-4,0.00340050201975165,5.984090073723849e-4,-1
Aging,NDUFS6,0.8294098893850345,0.9122641199669076,0.9938432627928476,0
Aging,CS,0.02985998193693419,0.13446582872242527,0.4634803765161205,0
Aging,SEC22B,0.0654526236555196,0.2174516075000912,0.6428084062572742,0
Aging,MTX2,0.7389024472785899,0.859464516939643,0.9888256618708828,0
Aging,VPS26A,0.7010268520413819,0.8371069741033099,0.9851731275555186,0
Aging,NDUFB1,0.4406184965672406,0.6548873831378872,0.9019726107261288,0
Aging,PMPCB,0.02463216237965653,0.1190837643319947,0.3501546100734211,0
Aging,NDUFS3,0.745992091413552,0.8615164021102142,0.9873762844643676,0
Aging,ECI2,0.00638594825723722,0.04883508794534499,0.15719040355490707,0
Aging,BANF1,0.00290569209770408,0.02937822346861392,0.03630838413224881,-1
Aging,CSDE1,0.24779764670072504,0.48276395637305863,0.8449479419443162,0
Aging,PRKRA,0.843642914017921,0.9206959253656918,0.9916718566849966,0
Aging,LYPLA1,0.8112115509384379,0.9016852729354472,0.9948529185641526,0
Aging,TIPRL,0.4758038652017406,0.6797659840484108,0.9530330037766904,0
Aging,PPM1B,0.21250683956740687,0.4424771124854026,0.7590457439835019,0
Aging,SLC25A12,0.46101836717225264,0.6704852186467823,0.9451433828171636,0
Aging,TCEA3,0.3375022153194114,0.5700941034672466,0.8020349463867787,0
Aging,EIF3G,0.00210170445507468,0.02314075638231441,0.1028972205570688,0
Aging,EIF3J,0.10740085816365696,0.29524706499107267,0.7652838351186837,0
Aging,PSMD10,0.9267531475687244,0.9670764593237392,0.9992851805229842,0
Aging,IDH1,0.4958882364778951,0.6924654457589732,0.9595497268705014,0
Aging,SCO1,0.00270989509475484,0.02793583031504623,0.02610866348095912,-1
Aging,ALDH1L1,0.6848639504062803,0.8263160572027581,0.9784268806185038,0
Aging,ARL6IP5,0.23962639322376708,0.4745144114402845,0.8493957131646684,0
Aging,DYSF,0.03901990375471017,0.15933758756535046,0.5411115975280383,0
Aging,PIAS2,0.5781567896007231,0.7596473277175875,0.9607699697976204,0
Aging,DCTN3,0.00870804007552957,0.06012353346613182,0.04550036401302258,-1
Aging,ATP5PD,0.13427351470535462,0.3345701438689109,0.7443566503785745,0
Aging,FLOT1,0.9601459920892714,0.9811404379804364,0.999737668845034,0
Aging,ATP5MG,0.7134956052821351,0.8453415537511719,0.9873041704605364,0
Aging,GLRX3,0.02251713181036593,0.11194687517068456,0.3194861509196693,0
Aging,SNCG,0.7714467110523056,0.8760002339865004,0.9604838619994536,0
Aging,DDAH1,0.3439745998670256,0.5750227213993282,0.8765842898613336,0
Aging,TPPP,0.661515263673602,0.8140237562934962,0.9466623866086412,0
Aging,BAIAP3,0.36598328145291226,0.5934177647613528,0.8528173906981212,0
Aging,TOMM70,0.2446815346776502,0.4793671948231449,0.8150662859329367,0
Aging,UFL1,0.3597497969797835,0.5887578389482371,0.8908029333552371,0
Aging,TMEM63A,0.7457198925015095,0.8615164021102142,0.983245538911491,0
Aging,PLPBP,0.1312165590011173,0.33008184638678195,0.7570119610292688,0
Aging,ERLIN2,0.10303269791125055,0.28928940414867815,0.5821793085026098,0
Aging,ENDOD1,0.16830526378511812,0.38534969267725,0.7992138358179367,0
Aging,SEC31A,0.752880877014597,0.8656689362283749,0.9867014693374184,0
Aging,NDUFB6,0.2966703026400756,0.5350751684837728,0.7813542369523749,0
Aging,MFN2,0.22382613377578725,0.4574405824397285,0.8003778043497644,0
Aging,NDUFA3,0.8447134449099767,0.9213860864344816,0.9938943066516936,0
Aging,NDUFB4,0.7735572144464105,0.8779227317759316,0.98777285264204,0
Aging,NDUFB8,0.8755286345655137,0.940995224538916,0.9971951197615933,0
Aging,NDUFA7,0.5862297484232504,0.7639930501243067,0.9509140746911124,0
Aging,RTN3,0.5167988280308984,0.7110591210081084,0.914519800581548,0
Aging,LETM1,0.03160985764115089,0.13907014773920573,0.35903726136998837,0
Aging,STBD1,4.824796284518969e-5,0.00215883969922199,0.01453920233759572,-1
Aging,ZRANB2,0.29136292202424385,0.5291331822253755,0.6346313158299113,0
Aging,EPM2A,0.3892181522909892,0.6163597697800831,0.8538193364649451,0
Aging,VAPB,9.645325292080948e-5,0.00327163211116874,0.02531079869972709,-1
Aging,NDUFC2,0.8293648259311361,0.9122641199669076,0.99195977934224,0
Aging,NDUFA10,0.3550336307944988,0.5849848998705296,0.8675160161629871,0
Aging,PGLS,0.04567498482440024,0.1743275736582826,0.37145247970505657,0
Aging,TACC2,0.01773739776508528,0.09515751913258762,0.2513602461472866,0
Aging,LYPLA2,0.8208989937996342,0.906362194198982,0.9907737287956214,0
Aging,IPO7,0.22534222454117256,0.4587557581898218,0.7815332238843912,0
Aging,ARIH2,0.17046928455500346,0.3877572778771852,0.6337505054181296,0
Aging,PGM3,0.29296195927180096,0.5315780848564258,0.8300384113076372,0
Aging,SVIL,0.01701530893995217,0.09270257694486896,0.06607332017436926,0
Aging,AHSA1,0.0137884661232018,0.08032449932712854,0.3060314190271909,0
Aging,H6PD,0.08308838071897563,0.25388795815482523,0.5835309753900989,0
Aging,MPC2,0.6798581673070625,0.8226362058957148,0.9795128702189932,0
Aging,ETHE1,0.19841222367957817,0.4231855034464024,0.6473518273954061,0
Aging,ACSL3,0.6494011557617578,0.8066690080135717,0.9802634643656568,0
Aging,ASMTL,0.8176268908204307,0.9049838691554556,0.9868800632638582,0
Aging,CDS2,0.01014930155420776,0.06567378821076592,0.19419596953367385,0
Aging,SNAP29,0.05921517432630877,0.20651660299871863,0.28773072761882423,0
Aging,OXSR1,0.541394014145966,0.7333356785986894,0.9717444104703772,0
Aging,LSM8,0.05267782779756477,0.18996571191021783,0.319325706905526,0
Aging,AP2A1,0.8377336964665963,0.916625371315948,0.9943898416683892,0
Aging,CAVIN2,0.7505185444855901,0.8638973722239716,0.9899300778878752,0
Aging,BAG2,0.6424551179091913,0.8008791422424596,0.9624093550187888,0
Aging,BAG3,0.03894440194989316,0.15933758756535046,0.3584527423813891,0
Aging,MLYCD,0.018174157837905,0.09568997138171197,0.05599561449775545,0
Aging,AIFM1,0.965975666625382,0.9840534453300344,0.9998784608137284,0
Aging,EML2,0.6656994299620955,0.816459861985266,0.9658927356673592,0
Aging,BPNT1,0.01452691731909718,0.0825678570866524,0.2428840873360139,0
Aging,DDAH2,7.050771975110123e-4,0.01158419801848171,0.03203392117386543,1
Aging,ABHD16A,0.05947758350612193,0.20708834124730863,0.19605017818084983,0
Aging,TXNDC12,0.38259172004980657,0.6090767503896618,0.6558661942182383,0
Aging,NUDT3,0.02100770888364353,0.1067130719379284,0.3520801262805985,0
Aging,NDUFB10,0.6004824090781344,0.7733095568226067,0.9591391638342656,0
Aging,CLPTM1,0.4623530684933672,0.6708759503067784,0.8158585726324364,0
Aging,MOCS2,0.01009634219841935,0.06567378821076592,0.12014680350936252,0
Aging,TOMM40,0.79937990688247,0.8969951212275394,0.9930137843319948,0
Aging,PEX11B,0.7304601174281447,0.8550796275086449,0.9719967300928514,0
Aging,CYB5A,0.02786943366350344,0.12932447925016424,0.24591889559020075,0
Aging,ADH1B,0.08679992756446002,0.2585555915978179,0.2833660735245653,0
Aging,LDHA,0.00492196030740471,0.04085386894266409,0.07319421308488093,0
Aging,ALDH1A1,0.5468245102422636,0.7366892665211278,0.945455727088431,0
Aging,GLUD1,0.15678231752053176,0.36839465222980816,0.7351891694517926,0
Aging,CYB5R3,0.01791321518461389,0.09560129346911024,0.36347026195553817,0
Aging,GSR,0.507820875691829,0.7029879215356838,0.964421205633178,0
Aging,MT-CO1,0.00343612803704817,0.03292346217711661,0.01416090384630736,-1
Aging,MT-CO2,0.6204314046418008,0.7859832436682728,0.9659330020269296,0
Aging,MT-CO3,0.35858272949997394,0.5873048910735554,0.835619884212558,0
Aging,SOD1,0.9077787525722314,0.9556493189323834,0.998783346745064,0
Aging,CP,6.182524543083426e-4,0.01040147929128355,0.00896665796096056,1
Aging,F13A1,0.02785290855405615,0.12932447925016424,0.09019315370879408,0
Aging,HPRT1,0.4975577318921493,0.6929562319001258,0.9211956100978396,0
Aging,GOT2,0.04719022709399653,0.17816088566530097,0.5477973148703456,0
Aging,PGK1,0.00559886012284715,0.04475342573156193,0.24401973917250477,0
Aging,AK1,0.28001199351649747,0.5188239844627262,0.8477306168058986,0
Aging,MT-ATP6,0.08669256019764073,0.2585555915978179,0.46671701197913784,0
Aging,CA2,0.00691959983926524,0.05160254773749933,0.110562169307431,0
Aging,ASS1,0.23141118857433712,0.46379599392815063,0.5271150548948803,0
Aging,CST3,0.7407031557476269,0.8605687765433043,0.9863621401396916,0
Aging,CSTA,0.6420711274120903,0.8008751962915931,0.924914455056524,0
Aging,JCHAIN,0.4457054919357955,0.6562806134321818,0.7397785282756099,0
Aging,HLA-B,0.3942057498066823,0.6205199789247403,0.8062163623373506,0
Aging,HLA-DRB1,0.7384490566460424,0.8594124881719022,0.975203063441212,0
Aging,MB,0.00137782678410566,0.01760514735655199,0.12345721459905516,0
Aging,COL1A1,0.05385611067657499,0.19327542790586555,0.07988733046412784,0
Aging,COL3A1,0.03427153579561212,0.1473886294032153,0.03757197786111178,-1
Aging,COL4A1,0.10085540283506415,0.2856126694490763,0.20295064046203207,0
Aging,CRYAB,0.3233118372328715,0.5564032681675358,0.8298989425757811,0
Aging,KRT14,0.900869284231704,0.9525028178679104,0.9934629312495524,0
Aging,LMNA,0.03233224616771163,0.14136115112411135,0.2244452469557856,0
Aging,TNNC2,0.02172239496042431,0.10928755167888116,0.06384878243220883,0
Aging,APOE,0.2619341755571672,0.497603948687193,0.6082672305650363,0
Aging,LRG1,1.1391601883218318e-4,0.00352302040594237,5.442333342280636e-5,1
Aging,FN1,0.6138416972449152,0.7830815659342589,0.87963209514022,0
Aging,RBP4,0.5560437469233155,0.7440012016600854,0.8306146016935353,0
Aging,TTR,0.113028790594861,0.30318819722065393,0.5213101586835415,0
Aging,PPBP,0.08805973406742645,0.26119833673314224,0.1984131845749651,0
Aging,TFRC,0.7747423371132132,0.87879349242129845,0.973866369243024,0
Aging,FTL,0.4350096142625202,0.6515849136709972,0.7119539593400587,0
Aging,FTH1,0.03113061978611794,0.137248833145086,0.11073972617690646,0
Aging,MT2A,0.00177301273140338,0.02066289930988188,0.01078103270488415,1
Aging,MT-ND1,0.2833760858882326,0.5210572881306458,0.802344045915554,0
Aging,MT-ND2,9.06376078969836e-4,0.01332943282568926,0.00368149893623168,-1
Aging,MT-ND3,0.12522614128226386,0.32115923794707424,0.540310411687392,0
Aging,MT-ND4,6.166324516915068e-5,0.00240144082575414,3.38450599113401e-4,-1
Aging,MT-ND5,0.10801962293937588,0.2963437097773304,0.3839062648668844,0
Aging,MT-ATP8,0.7306600526072443,0.8550796275086449,0.982659085593475,0
Aging,CAT,0.5876029387559736,0.7650220276000397,0.9450235680130236,0
Aging,ALDOA,0.5715342899361572,0.7553725427921483,0.9730112950842684,0
Aging,CSTB,0.02708182983760276,0.12773451318495405,0.3298124913543226,0
Aging,ANXA1,0.4802288237547502,0.6837527770115599,0.888700664504301,0
Aging,SOD2,1.9181576029056436e-5,0.00122238952694259,1.4325699882155994e-4,1
Aging,KRT1,0.5346095084508802,0.7266323090643041,0.8769835046162389,0
Aging,VWF,0.7022263817703005,0.8376529103022926,0.9549257747454571,0
Aging,GAPDH,0.11145033316823776,0.3016474268375856,0.6962071605868663,0
Aging,HLA-A,0.02030284634051169,0.1043933639464452,0.1979776322432972,0
Aging,CAPNS1,0.6469869185750692,0.805096739504953,0.9879061093073094,0
Aging,HSPB1,0.27948529423324153,0.5187622010348694,0.7795571065884306,0
Aging,RPN1,0.1155606754709885,0.30607569334444434,0.7704620853390058,0
Aging,RPN2,0.3583548510724961,0.5873048910735554,0.8659861313190221,0
Aging,GNAI2,0.10875688847980428,0.2974196833199329,0.7318665849514414,0
Aging,ATP1A1,0.6898742238846971,0.8299802590557884,0.9877374279606176,0
Aging,ATP1B1,0.9046501675591452,0.9536237104646026,0.9989574238815044,0
Aging,APOD,0.5739537270272601,0.756801331749527,0.9273586447298684,0
Aging,ALDH2,0.00631710442848046,0.04848492924487016,0.06145125969897543,0
Aging,S100A8,0.9662721657662964,0.9840534453300344,0.9994350067247992,0
Aging,SLC25A5,0.800987059530471,0.8974298274867237,0.9943533553895288,0
Aging,SERPING1,0.2413496372947528,0.4764197361152235,0.6913426052888592,0
Aging,PCCA,0.00393509876349153,0.03613761004202052,0.11962468531804508,0
Aging,PCCB,9.955949315369093e-4,0.01427927574690583,0.03103931743075444,1
Aging,EIF2S1,0.2449379824404432,0.4793671948231449,0.9054746013593904,0
Aging,RPLP1,0.03956126581811697,0.16092329209961312,0.2579148052290394,0
Aging,RPLP2,0.11690621361561464,0.3080874276110747,0.5547429563499257,0
Aging,RPLP0,0.0690309348053396,0.22507295487694448,0.4567464931262207,0
Aging,FABP3,0.0252833599489844,0.12111823683989564,0.29905732195037327,0
Aging,CLEC3B,0.00429412911022285,0.03840488970939914,0.02321152341240139,1
Aging,SSB,0.7555080350869591,0.8672671385304993,0.9842606925904408,0
Aging,ITGB1,0.04898614818130619,0.18201037036269777,0.6267488851920734,0
Aging,KRT18,0.2913175540330638,0.5291331822253755,0.6608099525792818,0
Aging,KRT8,0.49283012303962936,0.6911838267920397,0.8257369166176909,0
Aging,MYL1,0.00758889802813957,0.05501767143886046,0.01254815887956335,-1
Aging,GSN,0.46714243265945066,0.6740470247025562,0.8989865157121015,0
Aging,PTMA,0.15603077377669347,0.3674498513464573,0.5614027950003787,0
Aging,ATP5F1B,0.3995509767251608,0.6228730200541239,0.9266237281531696,0
Aging,S100A9,0.9571875773659736,0.9804089430622784,0.999174519831894,0
Aging,S100A6,0.22024510490221183,0.45336333406955936,0.49795322010986,0
Aging,EIF4E,0.03289772726182541,0.1435351046299146,0.4911608428796596,0
Aging,CKM,0.03728020457472534,0.15488816746250872,0.5654192485616478,0
Aging,ENO1,0.9580315634774048,0.9804089430622784,0.9996846877336022,0
Aging,PYGL,0.01434497872888007,0.08197687572509456,0.09411117341342044,0
Aging,GPI,0.9328010519072304,0.9678933096483202,0.99955303792093,0
Aging,NPM1,0.953669516914397,0.979453821313377,0.999626645420725,0
Aging,TPM3,0.04249103364679461,0.16777165059654428,0.07992969041092093,0
Aging,EPHX1,0.6758755639850558,0.819703754936893,0.9730836328511888,0
Aging,DBI,0.6393493193791533,0.7989017341974803,0.9707391431607598,0
Aging,LDHB,0.07229467739077047,0.23176174779388764,0.3617705325769995,0
Aging,GPX1,0.407479108398106,0.6314875202367111,0.9407297251197476,0
Aging,P4HB,0.7547959085478996,0.8669228813087018,0.9929182180468956,0
Aging,H1-0,0.8940952648706095,0.9505977462198644,0.9972136447767966,0
Aging,CTSD,2.5304600308947205e-5,0.00152044498427759,0.00602266526284424,1
Aging,ANXA2,0.47170550020834656,0.6766689406126554,0.936590984040898,0
Aging,CAPN1,0.00406200582565968,0.0369800790102265,0.3513049565984489,0
Aging,TUBB,0.3916132825235331,0.61875487088429,0.927575184014746,0
Aging,CA3,1.1391027930978383e-6,2.395533173884754e-4,1.3663148945689284e-4,1
Aging,DCN,0.4838643613945932,0.6856918814102625,0.8930456921959599,0
Aging,PSAP,3.872436350205915e-6,4.5242964691572435e-4,1.832674225391682e-4,1
Aging,PFN1,0.7457486695117103,0.8615164021102142,0.9919807124199752,0
Aging,BPGM,0.7789551135895858,0.8820939193650728,0.9875872806358466,0
Aging,APRT,0.6752114176549401,0.8194644506135382,0.9833510302293824,0
Aging,EPRS1,0.9746706193647297,0.9902088466299644,0.9999495536174168,0
Aging,CTSB,4.394338718681088e-4,0.00832549038323092,0.02440667542728345,1
Aging,HSP90AA1,0.7117901877282768,0.8447487385962563,0.9886585790892952,0
Aging,UQCRH,0.9257458926332568,0.9670764593237392,0.9992610839342944,0
Aging,TPM2,0.00387298158109041,0.0357231590571629,0.00254068447007178,-1
Aging,FH,0.0041829303065032,0.03791682083869072,0.3038665750982191,0
Aging,COL1A2,0.14308843395102128,0.34990113558022995,0.2193124770810274,0
Aging,ANXA6,0.749838859440995,0.8635876897066881,0.9929181691813976,0
Aging,PFKM,0.1262840992823119,0.3226919329170133,0.6588307331217007,0
Aging,HSP90AB1,0.9235224888592002,0.9652921441704264,0.9992940690185608,0
Aging,SOD3,0.25419018344333033,0.4886306725606249,0.6400622671279762,0
Aging,CTSG,0.963376001989832,0.9830081184787076,0.9981899553956038,0
Aging,PDHA1,0.21051205005878704,0.44006644261792166,0.8613311141540764,0
Aging,COL4A2,0.4676727629616535,0.6741026871201901,0.8204055593637325,0
Aging,CYC1,0.23719834160158657,0.47103693332213087,0.8349226035997669,0
Aging,MYL3,0.287069050941528,0.5263349730863413,0.6100326231835743,0
Aging,SNRNP70,NA,NA,NA,0
Aging,NFIC,0.5765017021558276,0.7587615749032404,0.9467969827679388,0
Aging,VIM,7.822948251570135e-4,0.01230631499025789,0.00387619504357364,-1
Aging,SERPINF2,0.5650600760131452,0.7503512094637813,0.9325316292978844,0
Aging,RPS17,0.03647107890672392,0.15309117553061957,0.3658977625633123,0
Aging,KRT19,0.25377718508795677,0.4886306725606249,0.580926982803974,0
Aging,ANXA5,0.4241127726480258,0.644475085501251,0.9192435820071274,0
Aging,RPSA,0.25737452547832895,0.49251931789364745,0.8458539770059033,0
Aging,SNRPA,0.4196290592208869,0.6394781967692211,0.9054001992617604,0
Aging,ENO2,7.593592935194016e-4,0.01222167904389481,0.03044819882666985,-1
Aging,ACAA1,0.07899718954776029,0.2450311056326547,0.561250338231351,0
Aging,GSTP1,0.1063462404884162,0.29409981732452767,0.691580229919596,0
Aging,LGALS1,0.05493353722564945,0.19613790965287065,0.35070400562339815,0
Aging,QDPR,0.6512419415673558,0.8070487938221268,0.9785088344845628,0
Aging,HMGB1,9.610763506237575e-5,0.00327163211116874,0.02130100135072116,1
Aging,RBP1,NA,NA,NA,0
Aging,FBP1,0.5277926575311105,0.7203138190798429,0.8998648621225233,0
Aging,GSTM1,0.11286582013193608,0.30313770081412716,0.10162553609240704,0
Aging,TPM1,7.755366870585451e-4,0.01230631499025789,9.995981464673448e-5,-1
Aging,CLTB,0.8112166126456806,0.9016852729354472,0.9949531067043712,0
Aging,ANXA4,0.00482847613963544,0.04045532000658703,0.1286667365122247,0
Aging,HMOX1,0.00166128046248025,0.01985041370793166,0.00234620340310965,-1
Aging,DLD,0.33972373587823534,0.572467160698661,0.9146948844538636,0
Aging,HNRNPA1,0.3260334276494684,0.5601701783879347,0.8146353052231297,0
Aging,COX6C,0.6964073807262241,0.8344984169044155,0.9752077025508532,0
Aging,PARP1,0.7434347478026135,0.8609269133419032,0.9892228426770412,0
Aging,IFIT2,0.6442973752547148,0.8022246182123536,0.9696480019700944,0
Aging,UCHL1,0.00472765145986232,0.04008972185520352,0.01606290652586081,-1
Aging,LTA4H,0.8881931994575358,0.9466049342318128,0.9984734312461494,0
Aging,ALDOC,0.5994253935545235,0.7728949127192906,0.8690330956407282,0
Aging,LIMS3,0.0182461619229988,0.09568997138171197,0.14579219791291595,0
Aging,HSPA1A,0.2836950047121205,0.5210572881306458,0.8703243859015533,0
Aging,CALM1,0.06235855693452993,0.2122007204422596,0.5730589952760459,0
Aging,FDX1,0.5706332724163724,0.7552182327826502,0.9107458645175686,0
Aging,COX8A,0.21224330148796589,0.4423663657375542,0.628255765616304,0
Aging,GAA,0.00502009103236601,0.04122040882185981,0.06658259272994016,0
Aging,RRAS,0.3372506845929184,0.5700941034672466,0.8812692291320906,0
Aging,ARAF,0.5426272632312732,0.7333356785986894,0.888589734505902,0
Aging,DLAT,0.7983293628226216,0.8963623331638939,0.9954882387609708,0
Aging,TXN,0.6076088184841342,0.7772514265645585,0.9728060310011136,0
Aging,COX5B,0.09831373765364032,0.2796276145148542,0.5716249053129531,0
Aging,MAPT,0.00503739660828244,0.04122040882185981,0.17798191874713226,0
Aging,PRKAR1A,0.2401406860143485,0.4746439084018618,0.8675891631357987,0
Aging,ESD,0.20844502089316383,0.437778318740808,0.7306266813030577,0
Aging,HSPD1,0.04092941134996378,0.16489377790991158,0.5681024360942664,0
Aging,THRB,1.943360295984031e-4,0.00510860837806802,5.572563298657478e-7,-1
Aging,CLU,0.00583467877330416,0.0459221813668029,0.03953810286539237,1
Aging,MYL2,0.8389023903713588,0.9174267950863064,0.9877154596583508,0
Aging,HSPA5,0.4940029911330691,0.6916699669459683,0.960576496423034,0
Aging,LAMC1,0.19737398436974915,0.4213984661214035,0.5391406854115687,0
Aging,MYH3,0.01084705631654584,0.06891649375738947,0.00163806240368297,-1
Aging,HSPA8,0.09428174460801927,0.2727925357493696,0.7527712621819211,0
Aging,EPB41,0.728064954523201,0.8534674466902405,0.969555348615012,0
Aging,PDHB,0.969394968169426,0.9858015561220032,0.9999097515012296,0
Aging,DBT,0.0234137438811568,0.11504463407026348,0.2143621656906624,0
Aging,PYGB,0.46845120458150746,0.6742118578839488,0.943342106959784,0
Aging,PYGM,0.4898974677067698,0.6905190178199309,0.9492673334914616,0
Aging,RALA,0.30426306165574196,0.5410007834845572,0.8731839692350506,0
Aging,SPTB,0.16642339095780645,0.3820833964893744,0.6743928769031927,0
Aging,LAMP1,0.2737598175246769,0.513574394517748,0.843452522016761,0
Aging,ACADM,3.0211468043540776e-5,0.00167196624462016,0.00184132718156769,1
Aging,UBL4A,0.2732433540401251,0.5130631906664135,0.7623196799495989,0
Aging,DMD,0.33485393037474565,0.5679014641758792,0.9027461294245576,0
Aging,MTHFD1,0.5336896438131221,0.725969806558212,0.972319484091749,0
Aging,ADH5,0.8082786104105499,0.8995994757433766,0.9943664539261527,0
Aging,PABPC1,0.6859484001774594,0.827149934388301,0.9881360327627984,0
Aging,HARS1,0.0242896960237207,0.11797050978726242,0.4714017576007987,0
Aging,COL6A1,0.5646088915405786,0.7503512094637813,0.8936915597955571,0
Aging,COL6A2,0.4333562781147504,0.6499359002235106,0.7857567024416958,0
Aging,COL6A3,0.542205129178875,0.7333356785986894,0.8838016278560977,0
Aging,SLC25A4,0.4922775539235087,0.6911838267920397,0.9315363717031429,0
Aging,SLC25A6,0.7097566993364042,0.8437638997764035,0.9723000876572668,0
Aging,IMPDH2,0.1314322505039452,0.33022941793285154,0.7391308009641061,0
Aging,CKB,3.8971537535447705e-4,0.00811456865713331,0.06736808961947378,0
Aging,ANXA3,0.27440697002559367,0.5143296416789871,0.7637265706035142,0
Aging,BCKDHA,0.8546042309882694,0.9283226744671128,0.9944931182415586,0
Aging,ACTN1,7.484589275123731e-4,0.01220162112060868,3.3808826221393133e-7,-1
Aging,MYH1,0.02152803188185851,0.10856942697253824,0.02475443725189827,-1
Aging,MYH7,0.13227551142175414,0.33076742035665746,0.3288007125519047,0
Aging,PEPD,0.8814173051929745,0.944279466541429,0.997742788843004,0
Aging,XRCC6,0.0056243142118666,0.04475342573156193,0.23801305416109556,0
Aging,XRCC5,0.5650205079284772,0.7503512094637813,0.9703264420743756,0
Aging,COX4I1,0.7237413190073818,0.8526154448561737,0.9844550680986568,0
Aging,IFITM1,0.17613231628932208,0.3955262271502989,0.6649393808430164,0
Aging,LAMP2,0.01731582491695718,0.09385355618649732,0.16265333060903037,0
Aging,RNH1,0.9149159811716128,0.9600956205375124,0.999128496534918,0
Aging,MYH8,0.14892849509839604,0.3583485414095273,0.3412505467442412,0
Aging,VCAN,0.4419513742872336,0.655091889226141,0.9278752882599928,0
Aging,EEF2,0.00911676762992003,0.06198048841069225,0.44199710907285195,0
Aging,KRT10,0.5232258268314937,0.7177716332854738,0.8729275238371311,0
Aging,KRT5,0.7352121923823066,0.8587191364428848,0.9623633428623276,0
Aging,PDIA4,0.04619092665157982,0.17553820611075946,0.2803422075607267,0
Aging,TPT1,0.9311066474623348,0.9678933096483202,0.999152060255496,0
Aging,ALAD,0.05743876027517265,0.20267401486357065,0.4182489347644606,0
Aging,LCP1,0.3189113123718116,0.5519213338853338,0.8594748596448832,0
Aging,PLS3,0.31987484142994205,0.552150012520363,0.8166094582840987,0
Aging,APEH,0.4744943069506471,0.6788173656579666,0.9590638020188909,0
Aging,ETFA,2.772064350593905e-4,0.00644269468847542,0.02068018721137923,1
Aging,TNNT1,0.11183054009267927,0.30189939128999294,0.26657356798293286,0
Aging,GYS1,0.04187413561431537,0.16676678728999533,0.4666045280853864,0
Aging,PRKAR2A,0.6245566441533913,0.7887968314193509,0.9820761846095027,0
Aging,ENO3,0.01075496841731567,0.0685384805503481,0.3287334317094525,0
Aging,CD59,0.836416203813011,0.9164325527329256,0.9964161282951116,0
Aging,MIF,0.9544192456451276,0.979572315076478,0.99963625758422,0
Aging,CD99,0.3050674217232832,0.5418553951723518,0.7955701693427226,0
Aging,PRKCSH,0.9371940552169056,0.9689867739042048,0.9995079689611532,0
Aging,FDPS,0.5922684692880891,0.7679041867526828,0.980922180510702,0
Aging,COX7A2,0.35177359349717063,0.5806749349486263,0.8562323548433673,0
Aging,NID1,0.17110306573978332,0.38858504022760726,0.478838464751583,0
Aging,AKR1A1,0.17446182569408222,0.39456794556293184,0.7654842212106104,0
Aging,PKM,0.7409107339323038,0.8605687765433043,0.9907731976795212,0
Aging,ACYP2,0.3947831497644315,0.6209640717685859,0.9233893786172576,0
Aging,HSP90B1,0.469927294641035,0.6750390031626342,0.9504435543112828,0
Aging,MYL6B,0.4823152940326671,0.6851298973765295,0.7905285629743147,0
Aging,SLC2A4,0.5783144896223764,0.7596473277175875,0.9238258212705036,0
Aging,IDE,0.22986874805944585,0.46379599392815063,0.8120804688339689,0
Aging,COX6B1,0.29992254025237036,0.5381715888658147,0.8316624351936326,0
Aging,HNRNPL,0.9942531665037682,0.9979482727940456,0.999994902964859,0
Aging,DARS1,0.7043416821220547,0.8392241118995359,0.9847273001788988,0
Aging,JUP,0.20858481948563465,0.437778318740808,0.5526897369155072,0
Aging,UQCRB,0.5429403954247073,0.7333356785986894,0.9643353801423326,0
Aging,CPA3,0.3268916441340666,0.5611389039967383,0.7491542363301991,0
Aging,FABP4,0.00570128551163805,0.04507444898862714,0.17426490595734714,0
Aging,GLUL,0.06616014659092571,0.2194246471996543,0.21570280783218415,0
Aging,AKR1B1,0.2146906800455046,0.4461408104107669,0.8331960428106341,0
Aging,GSPT1,0.2882947218188495,0.5271252815699458,0.8799111593095341,0
Aging,PGAM2,0.48555194452093664,0.6862336957846302,0.945851032062262,0
Aging,EZR,0.0159377160002534,0.08914100199077901,0.10290479813777438,0
Aging,UCHL3,5.09719954275091e-4,0.00916188943453432,0.05700739454470481,0
Aging,NME1,0.1303885595359063,0.3287855404124832,0.7417944702494725,0
Aging,RPS2,0.028514909844622,0.13126394999604368,0.34328545053336457,0
Aging,RPA2,0.0615871957691575,0.2105981669959971,0.24589219644018517,0
Aging,COX7C,0.4812024884428163,0.6842250393476962,0.9114686353431976,0
Aging,NQO2,0.6879567482582196,0.8281471331351093,0.9416686381907096,0
Aging,PFKFB1,0.6680303716680811,0.816459861985266,0.9599846684738108,0
Aging,CBR1,0.02262650264439225,0.11197918606069798,0.3494816532444064,0
Aging,ANK1,0.41574658699901335,0.6367338916042277,0.8108986043740827,0
Aging,ACADS,0.01101170663684891,0.06975186463040144,0.10810548387692263,0
Aging,PPP3CB,0.7875841709281478,0.8882857015720607,0.992534808648333,0
Aging,ATP2A2,0.036185805982223,0.1528087349008333,0.45848966506441574,0
Aging,CD36,0.2582512713057702,0.4928334152051132,0.7422456149496096,0
Aging,FAH,0.00174501627760326,0.02061668107752627,0.09711758131030827,0
Aging,YBX3,0.00101102648150773,0.01428114010576779,0.05937219076623052,0
Aging,TMEM11,0.03452413919809932,0.1481719688440875,0.4695650988995643,0
Aging,GOT1,0.1762282809509415,0.3955262271502989,0.8082018429878768,0
Aging,CKMT2,0.02888943938227004,0.13126394999604368,0.3062392300835272,0
Aging,NDUFB7,0.4686788549215287,0.6742118578839488,0.9094851949886325,0
Aging,PRKACA,0.2726735106539556,0.5129091170887913,0.8993704054783906,0
Aging,CAPN2,0.6910619569040408,0.8299847489258697,0.9847910805362828,0
Aging,DES,1.2541754436894966e-5,9.461132756878936e-4,3.0833258166010145e-8,-1
Aging,PFKL,0.11551945604379256,0.30607569334444434,0.5609644739526716,0
Aging,LGALS3,0.35060560157001375,0.5806749349486263,0.8511515133021056,0
Aging,FLT1,0.04806858710213597,0.1798723108110177,0.0452056040235299,-1
Aging,PSMC3,0.01926765679874461,0.10004909196977756,0.5400753097989526,0
Aging,TCP1,0.6219842845165726,0.7865501806003321,0.980194002616994,0
Aging,RPL35A,0.01120171375891671,0.07024905914315029,0.04418734169200798,-1
Aging,ARF4,0.8946575183420167,0.9507148868485402,0.9969621225931872,0
Aging,RPL7,0.4297950508751798,0.6474634613112487,0.8709272244490278,0
Aging,VCL,0.7152261200575576,0.8463801058848562,0.9920644296898556,0
Aging,RPL17,0.00183356966765766,0.02095650549502213,0.0495948964289889,-1
Aging,PGAM1,0.32785344660363924,0.5611389039967383,0.9012082828528178,0
Aging,ATP5PF,0.7770833385058562,0.8809737255406015,0.991492479859835,0
Aging,TSPAN8,0.9388133015021862,0.969231405527294,0.9990939790266368,0
Aging,TNNI1,0.2969893066486101,0.5351915268911971,0.6377439307189997,0
Aging,NCL,5.922145541716904e-4,0.01004376780179891,0.02859714343885331,1
Aging,HK1,0.5957610633235081,0.7707676314220379,0.9761706527983284,0
Aging,NDUFV2,0.5029047263446851,0.6984881052759826,0.9357986372625008,0
Aging,SRM,0.09361264984698736,0.27191630197267186,0.1608042955936523,0
Aging,TYMP,0.00138797939734673,0.01760514735655199,0.03804083292003619,-1
Aging,ATP2B1,0.5261868933454561,0.720005268471765,0.850568357547912,0
Aging,EIF2S2,0.36744656558627664,0.5944451937630056,0.9078823456337888,0
Aging,ANXA7,0.05187375944890984,0.18808709676044377,0.6483690892724071,0
Aging,TPSB2,5.916717976448444e-4,0.01004376780179891,0.00226065233813246,1
Aging,BTF3,0.078339339855628,0.24379292454566992,0.5003766473498134,0
Aging,RAB6A,0.0049228574965771,0.04085386894266409,0.1044785942825284,0
Aging,PVALB,0.05027756308562901,0.18484915239349267,0.01869708782469064,-1
Aging,PSMB1,0.08373736995244511,0.25415217979831933,0.7487030909097515,0
Aging,COX5A,0.99297626165605,0.9972440679382396,0.9999907095240368,0
Aging,CAPN3,9.981234116952723e-4,0.01427927574690583,0.02792893134981478,-1
Aging,CAST,4.3433381970350545e-4,0.00830367293487701,0.02917658918959625,-1
Aging,NEB,9.206752269462482e-6,7.744720009071841e-4,2.5625015712491032e-8,-1
Aging,PTMS,0.3641204950821378,0.5926821990384951,0.8399294824810057,0
Aging,GSTM3,0.1205004391938571,0.3140178731408692,0.5668333236460233,0
Aging,ATP6V1B2,0.4646476261444435,0.6720453629860831,0.9451217852784666,0
Aging,CSRP1,0.01412030289919584,0.08157966207969468,0.08505825186761243,0
Aging,FLNA,0.00182481719705664,0.02095650549502213,0.02314854594201169,-1
Aging,MAOA,5.771993624121856e-6,5.780239329299173e-4,8.068456540184815e-5,1
Aging,ACO1,0.25793113281162844,0.492669547958996,0.8567915205869177,0
Aging,GPD1,0.21580177507282183,0.44712426894398455,0.8029836756508923,0
Aging,VDAC1,0.00733382958432274,0.05392672592947808,0.25333128387192466,0
Aging,BGN,0.1533506677985432,0.3635811210601312,0.6110321157550218,0
Aging,RYR1,0.1623271531754143,0.3755489583365196,0.7828990571180525,0
Aging,SDHB,0.05158707966093249,0.18752957191038228,0.5459110306617191,0
Aging,COMT,0.29563830948475023,0.5341300385278606,0.8680084182740262,0
Aging,TGM2,0.00689384267642109,0.05160254773749933,0.04337355041791113,1
Aging,MMUT,0.12282001794720884,0.31731019378744496,0.5489072801267468,0
Aging,OSBP,0.5769187808649683,0.7587618487548645,0.9758386969216584,0
Aging,PCMT1,0.30647511648008235,0.5429799241428923,0.8892785903260432,0
Aging,GART,0.8507146287301894,0.9260107992855012,0.9973339738329636,0
Aging,PAICS,0.18154711321874628,0.4023114637502881,0.828705410855275,0
Aging,SCP2,0.6268849297525512,0.7903711074757884,0.9662258240244692,0
Aging,UBA1,0.13199636139451204,0.3304623190626891,0.7984162248645723,0
Aging,GPX3,0.03033626668654842,0.13545046463229582,0.2782194714969269,0
Aging,NME2,0.8540364912691066,0.9281853959374322,0.997197511976791,0
Aging,FDXR,0.4190576996022405,0.6394781967692211,0.7579677695143718,0
Aging,HNRNPA2B1,0.7701435178499378,0.8749928784648402,0.9894826970358316,0
Aging,UQCRC2,0.5837656475988823,0.7639930501243067,0.9722705905264434,0
Aging,FECH,0.01753365904461985,0.094546884540604,0.3452885094133224,0
Aging,AMPD1,0.9956752339499352,0.9979482727940456,0.9999944754320976,0
Aging,FBLN1,0.9019023754951409,0.953115927470493,0.9973680464064402,0
Aging,SFPQ,0.7629080731748491,0.8725848415990481,0.98529360591986,0
Aging,PPIB,0.13956253074344965,0.34529412018055833,0.6381132015502825,0
Aging,S100A1,0.639126237355612,0.7989017341974803,0.9564896073769992,0
Aging,HRC,0.00226678281658839,0.02444638083736099,0.15881383099038127,0
Aging,ME2,0.33370821412664664,0.5664151527912331,0.8509503685037554,0
Aging,WARS1,0.393583866898918,0.6200051476317787,0.92453451226671,0
Aging,RPS3,0.02609922157266254,0.12445955321385337,0.35041029683493463,0
Aging,GCSH,0.4330672423894727,0.6499359002235106,0.8837997828562959,0
Aging,AHCY,0.6572443457279118,0.8116176506551958,0.9844415311627044,0
Aging,CFL1,0.09163696550880196,0.2687762042747706,0.5990852949877253,0
Aging,EIF4B,0.3855473347518816,0.6128541534264604,0.9185723962297446,0
Aging,ATP2B4,0.3422458597795527,0.5739284465429527,0.8925652714378891,0
Aging,CPT2,0.00101183541405582,0.01428114010576779,0.05257653956012646,0
Aging,LAMA2,0.08190680185003012,0.25219619954701805,0.35722248412491914,0
Aging,GPT,0.04992897767390088,0.18388903686202024,0.393320448623056,0
Aging,COX7A1,0.693783970741378,0.8323033031769069,0.9760896929122554,0
Aging,COX7B,0.7845838019687477,0.8866092077056832,0.9856974419858134,0
Aging,EEF1B2,0.4687102882673957,0.6742118578839488,0.9416434069303607,0
Aging,ATP5PB,0.5563813940790043,0.7440012016600854,0.9675691238854592,0
Aging,ACP1,0.07661498314308024,0.24032044787443685,0.6139571071939744,0
Aging,ACAT1,3.249369097403155e-5,0.0017083558029597,0.01060676273651771,1
Aging,MYL9,0.4576766793656683,0.6674716065922334,0.70843226718991,0
Aging,AZGP1,0.03967855901784497,0.16108882164966792,0.3764609742972132,0
Aging,MPST,2.3550393928476395e-4,0.00575889284088207,0.02669441791729886,1
Aging,RPS12,0.07520007712816641,0.23755913172041657,0.5502905874965877,0
Aging,DNAJB2,0.6003216113850139,0.7733095568226067,0.961023654009494,0
Aging,ATP5F1A,0.18357710576393965,0.4043524671358783,0.8034093097095705,0
Aging,PSMA1,0.03009327281526458,0.13493849196268962,0.6016575047701469,0
Aging,PSMA2,0.0858847673486315,0.25713808391149645,0.633887116114358,0
Aging,PSMA3,0.0419494201029042,0.16676678728999533,0.6093639280200505,0
Aging,PSMA4,0.437532422403342,0.6534073454446201,0.9442608108891368,0
Aging,MSN,0.0091364486007202,0.06198048841069225,0.26865803666090415,0
Aging,DDX6,0.7144236028800468,0.8459644351670825,0.9850922982556132,0
Aging,U2AF2,0.41503733684983146,0.6361687459148656,0.901148004468296,0
Aging,RPL13,0.1885868905017816,0.409708916038478,0.6343833753631986,0
Aging,IVD,0.0038324470187801,0.03550500475988791,0.10552931207770336,0
Aging,S100A4,0.7178611624915887,0.8476485259516064,0.9692277684932624,0
Aging,HMGB2,1.096304596457903e-6,2.395533173884754e-4,3.2716345234960916e-5,1
Aging,TARS1,0.6535494132841113,0.8075290341577473,0.972226433847754,0
Aging,VARS1,0.10626077571348334,0.29409981732452767,0.6537339310970282,0
Aging,EEF1G,5.922953188749447e-5,0.0023953789530654,0.04483173334996671,-1
Aging,PLN,0.01779061776265919,0.09520017596659616,0.12257819311207822,0
Aging,FKBP2,0.6665134714120169,0.816459861985266,0.963038838940738,0
Aging,STOM,0.1748632074487173,0.39456794556293184,0.6516182841577014,0
Aging,MAOB,3.0182242599219193e-5,0.00167196624462016,0.00312326414198528,1
Aging,YWHAQ,0.00162744613971032,0.01966965075753336,0.1914521802327854,0
Aging,MAPK3,0.36184758728686417,0.5908117050188474,0.8696926194996196,0
Aging,RPL10,0.00431485888187797,0.03840488970939914,0.05851316995840392,0
Aging,RPA1,0.09620313641910816,0.2752587699175299,0.5827510872637096,0
Aging,APEX1,0.04423287708067473,0.17117692748729207,0.5050647685647438,0
Aging,CALR,0.02226292266889208,0.11094532315800962,0.5742358242423485,0
Aging,MAP4,0.09515415612094393,0.27337321082287575,0.5861854732307519,0
Aging,CANX,0.30716646628462324,0.5434832161338956,0.9027036407586768,0
Aging,PSMA5,0.9282624660640532,0.9670764593237392,0.9995178373012674,0
Aging,PSMB4,0.7039581595104618,0.8392241118995359,0.987744995927068,0
Aging,PSMB6,0.9030160917822586,0.953334759547234,0.9987685685895814,0
Aging,PSMB5,0.443592535573623,0.6553647876713825,0.9300090516726952,0
Aging,GSTM2,0.48281621869330327,0.6851298973765295,0.9306868714068698,0
Aging,TMOD1,0.07521970672932449,0.23755913172041657,0.2442739070702527,0
Aging,NDUFS1,0.985256807980559,0.9942664941598924,0.9999633623115922,0
Aging,MAPK1,0.09499131391005526,0.27327870472345583,0.7085236941130352,0
Aging,RBL1,0.01407440972803266,0.08153852247397435,0.13703079958662653,0
Aging,LAP3,0.21148052288889344,0.4412138290033164,0.8525722596190503,0
Aging,CD38,0.3993126613245075,0.6228730200541239,0.8629302748259488,0
Aging,TPP2,0.09750945424332597,0.27861736721972075,0.6839505941676034,0
Aging,IMPA1,0.29529150582286545,0.5341300385278606,0.9080258043224853,0
Aging,EPHA2,0.5853604636300256,0.7639930501243067,0.920136332895392,0
Aging,COL4A5,0.6160115261587127,0.7830815659342589,0.8840643026799719,0
Aging,TKT,0.2875388975862124,0.5267371965364153,0.771728337412405,0
Aging,EEF1D,0.1988399762197328,0.42323934209524094,0.8480674345775617,0
Aging,MARCKS,0.04214791414495965,0.16723974235254743,0.3571610717238653,0
Aging,GNA11,0.22651554053463524,0.4602533156950125,0.6722273125061909,0
Aging,ALDH4A1,2.7332328163257556e-4,0.00644269468847542,0.03167093172807535,1
Aging,ERP29,0.4654552957539212,0.6727508501515438,0.9384977857755584,0
Aging,PRDX6,5.22177808311863e-4,0.00930627060067667,0.05576201296437299,0
Aging,BLVRB,0.12722365979963013,0.32424149757849424,0.6875934070551529,0
Aging,PRDX5,0.5981910419226748,0.7722503137896778,0.9745296499600902,0
Aging,DDT,0.0507222327640239,0.18583424303613635,0.30317884080880925,0
Aging,PRDX3,0.39795542012354845,0.6228730200541239,0.9422191402075492,0
Aging,ATP5F1D,0.12368251262548972,0.3187942424880365,0.6523186895191893,0
Aging,RPL12,0.22457784964265567,0.45790873620027495,0.6365798652478665,0
Aging,ECHS1,1.8112625764227767e-5,0.00119033912444284,0.00592608832255535,1
Aging,CMPK1,0.1460150389939988,0.35540466088469846,0.5838570500808041,0
Aging,PEBP1,0.03399553362756866,0.14710413007978784,0.5111956545693591,0
Aging,PDIA3,0.17518260077864517,0.3948649618836986,0.8154794313156584,0
Aging,PPP2R1A,0.02857296494986972,0.13126394999604368,0.6146746766198745,0
Aging,PPIF,0.01373619699813236,0.08024228413075658,0.19232395827400303,0
Aging,NMT1,0.7316507996129262,0.8557628651757418,0.9820406061969854,0
Aging,ADSS2,0.224438768442862,0.45790873620027495,0.7398545469902372,0
Aging,LRPAP1,4.302622203617245e-4,0.00830367293487701,0.00771755758475012,1
Aging,TSPO,0.45427635055447646,0.665280755721493,0.9223350530510817,0
Aging,ADSL,0.00883472412645617,0.06071707463378215,0.26258993008307163,0
Aging,CLIP1,0.23358874622413117,0.4669554499138288,0.8222058316355104,0
Aging,SRI,0.14549348318369698,0.3549568389040775,0.6688915653124705,0
Aging,SERPINB1,0.2205376560880453,0.45336333406955936,0.7540904453794934,0
Aging,ALDH1B1,0.11456004275174228,0.3053482508325906,0.3596815636604188,0
Aging,SDHA,0.0076130016113687,0.05501767143886046,0.27974918627296325,0
Aging,GDI1,0.01854434322002316,0.09701182535250924,0.4928154121463728,0
Aging,MAT2A,0.7276022837409465,0.8534674466902405,0.991795207498924,0
Aging,CASQ1,0.21540428867052783,0.44712426894398455,0.7123544161783666,0
Aging,DNAJA1,0.18759500401022963,0.4088210294647802,0.6145162533791058,0
Aging,AKT2,0.19147907579151843,0.4110180664973885,0.6384186930071621,0
Aging,UQCRC1,0.21712986148251953,0.4494331680095852,0.8343939853313945,0
Aging,HIBADH,0.01118143247693454,0.07024905914315029,0.4064426119232545,0
Aging,ATIC,0.00380926079397935,0.03544635154751583,0.233442025195621,0
Aging,HNRNPH3,0.899546064249025,0.9520799006056424,0.9975801032419684,0
Aging,HNRNPH1,0.8457113810369883,0.9215186706325318,0.9964654078617826,0
Aging,YWHAB,0.2688422378460102,0.5075181563645955,0.8957567766914857,0
Aging,STIP1,0.3512941329783741,0.5806749349486263,0.933459849742562,0
Aging,S100A11,0.1838151164027459,0.4043548010407684,0.6625266260791632,0
Aging,PRDX2,0.16505957416087252,0.38019746381195496,0.8137809438504805,0
Aging,GBP2,0.9275931902222913,0.9670764593237392,0.9985764493720142,0
Aging,ACSL1,0.03899703961222722,0.15933758756535046,0.5067006836706187,0
Aging,KIF5B,0.18457714234168623,0.40530502082335185,0.7864935064479057,0
Aging,MCM5,0.28103214659826997,0.519313746616664,0.6216400170827875,0
Aging,SHMT1,0.2791006817349691,0.5187622010348694,0.7289212278780569,0
Aging,SHMT2,0.9325851072009168,0.9678933096483202,0.9988290631579292,0
Aging,HSPA4,0.7062794366439247,0.8410564299332806,0.989484214871024,0
Aging,MPI,0.28345938351546224,0.5210572881306458,0.8825446114785772,0
Aging,GPC1,0.9363158283985616,0.9685549370989548,0.9991961159949784,0
Aging,PFN2,0.5564973324827933,0.7440012016600854,0.963006110377442,0
Aging,CTNNA1,0.4921358591313211,0.6911838267920397,0.8745806096540008,0
Aging,SERPINB6,0.05912913706015485,0.20651660299871863,0.5554551895075914,0
Aging,RDX,0.001074479877013,0.01486599461419969,0.1506888017802909,0
Aging,RPA3,0.02880187348019754,0.13126394999604368,0.2740485265423377,0
Aging,RPL22,4.7020241996884705e-4,0.00859857121038683,0.01313443495702631,-1
Aging,SPR,0.12001469644704388,0.3135290765566873,0.5974907034172413,0
Aging,THBS4,0.43359965193228023,0.6499359002235106,0.8350663194559871,0
Aging,FBN1,0.04150458286673776,0.16653222658723155,0.15498113601694033,0
Aging,AGL,0.03175001423578626,0.13939515644646874,0.5114339801359434,0
Aging,MYH9,0.5644442608681688,0.7503512094637813,0.944345505618896,0
Aging,COPB2,0.2628046774480614,0.49880707280981335,0.7831210446595211,0
Aging,ACTN2,8.789805643172104e-4,0.01310990160822052,8.453689430465427e-7,-1
Aging,ADD1,0.1183456799384196,0.3103253926564793,0.33553006562217674,0
Aging,BSG,0.709642219911542,0.8437638997764035,0.987540169901049,0
Aging,FUS,0.4407337996100408,0.6548873831378872,0.9467749293406504,0
Aging,DEK,0.18721693734749087,0.4088210294647802,0.7115977891055513,0
Aging,MYH11,0.9329147592283142,0.9678933096483202,0.9978401446366378,0
Aging,GLRX,0.2283430420907118,0.4626256430797369,0.699727541580007,0
Aging,PPM1A,0.01011968007491562,0.06567378821076592,0.3759706859603069,0
Aging,KRT2,0.13098838217234765,0.3299024762975415,0.35518681531316276,0
Aging,HMGCL,3.628233464844759e-6,4.5242964691572435e-4,2.436852277562063e-4,1
Aging,PSMC2,9.698234752728632e-4,0.01408248158560725,0.2250614445294085,0
Aging,ARL3,0.1120539200884314,0.3021146076230401,0.562052259934872,0
Aging,MAP2K2,0.19509726109427392,0.4169609147167257,0.8002570744794227,0
Aging,ATP5F1C,0.03711871771906518,0.15457557101622588,0.48439922001455626,0
Aging,ATP6V1E1,0.05115852153718679,0.18710673181339793,0.3278734285880191,0
Aging,RPL4,0.259719033454212,0.4947365284005506,0.7161440348543742,0
Aging,LONP1,1.0684976385857776e-4,0.00340050201975165,0.01343315190254204,1
Aging,PGM1,0.46726839328138825,0.6740470247025562,0.9479479612778172,0
Aging,PPP1CC,0.7458620755505998,0.8615164021102142,0.9671379348476428,0
Aging,SERPINF1,0.6809112962241466,0.8229634804364254,0.9727455551127258,0
Aging,DLST,0.35108450069085095,0.5806749349486263,0.9119322924391804,0
Aging,GMPR,0.588226637484196,0.7650220276000397,0.9570791600357218,0
Aging,GPX4,0.8839028046785887,0.9450165725668896,0.9982030941904328,0
Aging,SRP14,0.7354033118086711,0.8587191364428848,0.986138486155687,0
Aging,TAGLN2,0.01745343651009416,0.0943562390250078,0.3848584229001493,0
Aging,TALDO1,0.00826914291572053,0.05835573003946403,0.33654524538428326,0
Aging,SNCA,0.9045452585425516,0.9536237104646026,0.9930071120724756,0
Aging,ETFB,1.8641596162983424e-4,0.0049650093301235,0.00914816224165967,1
Aging,ATP6V1A,0.3414276503633493,0.573350750757543,0.9013656497395486,0
Aging,HSPA9,0.5863455933906948,0.7639930501243067,0.9770224411083244,0
Aging,RPS19,0.00215365095412592,0.02358920810691051,0.11031322905438232,0
Aging,RPL3,0.2068892482304072,0.4355236126411875,0.5661978367104504,0
Aging,COL15A1,0.01265131890130487,0.07632136438706322,0.06488451199930201,0
Aging,COL18A1,0.5465029658818388,0.7366892665211278,0.8957239782477716,0
Aging,DDOST,0.00145044061919266,0.01811168547736691,0.1178091246923248,0
Aging,ANP32A,0.18519242114146367,0.4056871475630188,0.8018195542733625,0
Aging,CAPG,0.4949069981195553,0.6920142400567983,0.836192979949235,0
Aging,CAP2,0.4040395758481092,0.6275444815425212,0.9082435934308528,0
Aging,CCT6A,0.3120225545772476,0.5470388954795947,0.8888097732153669,0
Aging,RPL13A,0.17844920424659175,0.3983850069326778,0.5826893832955613,0
Aging,ARL1,0.25671999796196004,0.4921441711157721,0.527796262534784,0
Aging,STAT3,0.4459871892407192,0.6562806134321818,0.9251488321539106,0
Aging,MDH1,0.00965608051836291,0.06426182699404182,0.3455567845543391,0
Aging,MDH2,0.08290325503683037,0.25388795815482523,0.6431962120568122,0
Aging,HADHA,3.377307973406592e-6,4.5242964691572435e-4,0.00214992284426517,1
Aging,EIF2S3,0.00865318272760333,0.06012353346613182,0.17884041849660348,0
Aging,NAA10,0.3124502631716708,0.5470388954795947,0.8132577316991898,0
Aging,PPP1R2,0.12902777719409264,0.326136316633626,0.6917648115083265,0
Aging,GARS1,0.00726359694945329,0.05359769959543956,0.15461497871321028,0
Aging,IARS1,0.00691580814249804,0.05160254773749933,0.1083586251410932,0
Aging,EIF1,0.5842609642929064,0.7639930501243067,0.9590403074052516,0
Aging,ECI1,2.4390290610131724e-4,0.00589572197162149,0.05238328462738649,0
Aging,TMPO,0.01971633496308571,0.1021173482042821,0.1059034248501817,0
Aging,AKR1C3,0.36779758733617096,0.5944451937630056,0.8213684302291319,0
Aging,RPS27,0.00260601816792508,0.02753998094043443,0.1374015913109961,0
Aging,LRPPRC,0.9448434048993968,0.974500088525469,0.9996007107353864,0
Aging,ACAA2,0.00141794120554334,0.01785587039076446,0.08280798704437509,0
Aging,RPL35,0.0044882450524179,0.03908997059661644,0.0442444653523449,-1
Aging,SLC1A4,0.42675049967942746,0.6462052176704017,0.864945469173601,0
Aging,PAFAH1B1,0.6520211248417404,0.8073864793151051,0.973160530546954,0
Aging,CRAT,5.374125747142416e-5,0.00221603655808637,0.01172001955387688,1
Aging,GPD2,0.3987971542579585,0.6228730200541239,0.8994584344438575,0
Aging,NAMPT,0.08420768676164359,0.25415217979831933,0.40961789000000526,0
Aging,PSMC4,0.00450982145782939,0.03908997059661644,0.26955933472349897,0
Aging,TSFM,0.6370679272280755,0.7989017341974803,0.9652927320261058,0
Aging,TNNT3,0.00188798064334049,0.02134636179002722,8.991799982091797e-4,-1
Aging,ASPA,0.5894772239594128,0.7661746613020056,0.9538084298174636,0
Aging,PPIC,0.8833521896871839,0.9450165725668896,0.9959434375670634,0
Aging,VDAC2,0.3126679754476809,0.5470388954795947,0.8847130951099799,0
Aging,ACADSB,0.0149359043744015,0.08443604005206014,0.16314204873819887,0
Aging,USP5,0.3995046582909868,0.6228730200541239,0.9370462630711796,0
Aging,MAP2K4,0.00267905410598482,0.02793583031504623,0.1435102174797583,0
Aging,PHKA2,0.00177840455306163,0.02066289930988188,0.06285305286593401,0
Aging,PHKA1,0.06105338697292294,0.21013956269076425,0.5502510211195618,0
Aging,CRKL,0.6500665226000988,0.8067788345414797,0.9818887558266428,0
Aging,MTIF2,0.3640999086126375,0.5926821990384951,0.8718778009612762,0
Aging,BAG6,0.7458485815644608,0.8615164021102142,0.9830511043276376,0
Aging,NSF,0.8210270946025016,0.906362194198982,0.993192075226751,0
Aging,MAP2K3,0.8960575781252793,0.951469390619852,0.9986873844889828,0
Aging,RPL27A,0.00123832491413194,0.01637859933597157,0.00933532401850843,-1
Aging,RPL5,0.0428769481648068,0.16854247101044617,0.267360678402828,0
Aging,RPL28,0.01546269656321622,0.0867148023265166,0.160211405997736,0
Aging,RPS9,0.4440774238857442,0.6553647876713825,0.9120412170087,0
Aging,RPS5,0.00737097588109563,0.05401101839004918,0.1895541419207172,0
Aging,RPS10,5.318085503349397e-5,0.00221603655808637,5.399964662391002e-4,-1
Aging,GNPDA1,0.5517256509737283,0.7409189297559071,0.9617889848006328,0
Aging,UTRN,0.0559588129689484,0.1987861210704366,0.4484601060112229,0
Aging,IQGAP1,0.4625630660698187,0.6708759503067784,0.9084320575350924,0
Aging,GYG1,0.04153514380379734,0.16653222658723155,0.521336480268358,0
Aging,STT3A,0.20216904375498795,0.42902270334686143,0.7823022902908131,0
Aging,CAPZA2,0.00307146046295464,0.03061270783693653,0.05810794237971915,0
Aging,CAPZB,0.014451383963243,0.08236113949783208,0.12233931492051664,0
Aging,EIF1AX,0.6391906827453562,0.7989017341974803,0.9756446375820096,0
Aging,QARS1,0.3444018076215537,0.5752795881081234,0.9329530264393516,0
Aging,RPL29,0.07217390309361994,0.2317278140547828,0.30677583678413256,0
Aging,UQCRFS1,0.9337336416860856,0.968214313191824,0.9994627057275748,0
Aging,ATP5PO,0.1397519376383322,0.34535643343526745,0.7432785810881811,0
Aging,LIMS1,0.6227513271275092,0.7870468996088654,0.9765519480278868,0
Aging,PREP,0.1354983669724492,0.3368239547790316,0.736558413822829,0
Aging,ME1,0.13500858440508223,0.3360036130223526,0.7295225717015976,0
Aging,PIP4K2A,0.6287896394645838,0.791349259003004,0.965472133445892,0
Aging,ARCN1,0.2714629703188585,0.5110891912090954,0.7947284711913266,0
Aging,LSS,0.00811202195355176,0.05763372354161945,0.1870522824002481,0
Aging,GCLM,0.00125202431652646,0.01645629461034468,0.00866589754003352,-1
Aging,CD151,0.00231653908416686,0.02472934870052237,0.02022307584278994,-1
Aging,PSMD8,0.04431284545142291,0.17117692748729207,0.48974034887338097,0
Aging,GSS,0.253068350822587,0.488259396128349,0.8386658289862201,0
Aging,CCT5,0.4793319607191951,0.682950618829585,0.9635873227399132,0
Aging,NES,0.49665315562847767,0.6926137840097404,0.7427790735050296,0
Aging,IDH2,3.224831930926293e-5,0.0017083558029597,0.01419628663705384,1
Aging,TNNI2,6.57801658206669e-4,0.01097902291435416,1.4855460718827336e-4,-1
Aging,PXN,0.07667856420530059,0.24032044787443685,0.40240821137593247,0
Aging,ALDH9A1,0.06010088636920403,0.20754049923552725,0.5391569944042017,0
Aging,RPL34,0.00197687235262709,0.02211363062539776,0.00172642183301106,-1
Aging,LMAN1,0.2775947663506117,0.5179962676444866,0.8423796330266266,0
Aging,FNTA,0.19445429568365336,0.4160095461065341,0.783095978165762,0
Aging,CCT3,0.8499403472681017,0.9256471001060684,0.9976627693482852,0
Aging,MRPL19,0.4449453084785095,0.6557252864262828,0.863597183147723,0
Aging,TUFM,0.7645186505339543,0.8725848415990481,0.9921211920512368,0
Aging,ALDH7A1,0.16813178166629855,0.38534969267725,0.6395063224671143,0
Aging,CDC34,0.9172039074564422,0.9610761421927744,0.9974515038387674,0
Aging,PCYT1A,0.461543656705524,0.6707852868360172,0.9383044542609996,0
Aging,AARS1,0.10024316454608248,0.28449578278058224,0.7120036582681087,0
Aging,CARS1,0.8838636473474928,0.9450165725668896,0.997641099014599,0
Aging,SARS1,0.45533824746931983,0.6654456806309795,0.9234722911421293,0
Aging,PSMB3,0.9538380532809302,0.979453821313377,0.9997216164534812,0
Aging,PSMB2,0.8064153738836541,0.8990113604880956,0.9959164155276968,0
Aging,ACADVL,0.01164095242978105,0.07179761681871459,0.32903288934863484,0
Aging,ACOT2,0.11422291179906197,0.3053482508325906,0.6689564231611762,0
Aging,TMED10,0.39264756099650666,0.6189938686474165,0.8937293304115639,0
Aging,HINT1,0.7248762702757184,0.8529963659673498,0.9846643599148552,0
Aging,NDUFV1,0.8142746631083695,0.903615014171258,0.9933194753073002,0
Aging,GSK3A,0.03859874744777714,0.1588515966392864,0.3279889862170386,0
Aging,GSK3B,0.8964429851607159,0.951469390619852,0.9986228212531288,0
Aging,IDH3A,0.3874374490980451,0.6144652756057231,0.9168759015154604,0
Aging,SULT1A1,0.14728302779837613,0.3569264125479432,0.5091446278683512,0
Aging,GDI2,0.22152010697842495,0.4536806017455406,0.8800826053411008,0
Aging,EMD,0.00208026969015377,0.02314075638231441,0.08316399136201454,0
Aging,CPT1A,0.13281189115034253,0.33171426020091493,0.5177483975123339,0
Aging,SERPINH1,0.8624789616748112,0.9325631243831324,0.9850165750234676,0
Aging,CSRP3,0.08645566373087345,0.25826173412787906,0.40417091877794753,0
Aging,ST13,0.6530501195030878,0.8073864793151051,0.9862773615785304,0
Aging,DNM2,0.3681411007772497,0.5944451937630056,0.9036219869012564,0
Aging,METAP2,0.00176076286938989,0.02066289930988188,0.21974411379789663,0
Aging,NUDT2,0.29118768309393883,0.5291331822253755,0.6543939345408916,0
Aging,LRBA,0.00596672609323587,0.04630267518108876,1.458769237097484e-4,-1
Aging,BCAM,0.6214130361410154,0.7863006107127288,0.9660197697205176,0
Aging,RPL14,0.16943646061335568,0.3870184640451954,0.5580471755971459,0
Aging,CCT8,0.7351688840826227,0.8587191364428848,0.9928174759092856,0
Aging,CCT4,0.6381620493788556,0.7989017341974803,0.9825891293519072,0
Aging,ATP1A2,0.3958368962452772,0.6216915554920223,0.9382932446311876,0
Aging,ANXA11,0.5860868380592177,0.7639930501243067,0.978862837128993,0
Aging,FXR1,0.17449510864637488,0.39456794556293184,0.6277390937821896,0
Aging,RAB5C,0.06804639203969176,0.2239461071353236,0.4909446732781548,0
Aging,RAB7A,0.572152921505672,0.7553725427921483,0.9788538913526492,0
Aging,DUSP3,0.05413092074791963,0.19393070925532369,0.582451391986326,0
Aging,IDH3G,0.24623988625960935,0.48081938793310913,0.7877818490856717,0
Aging,GALK1,0.00296544986298894,0.0298389524491184,0.04864231593799351,1
Aging,SSR4,0.06890775262798046,0.22507295487694448,0.19272366222682533,0
Aging,BCAP31,0.25306656330426786,0.488259396128349,0.8915704854943312,0
Aging,MECP2,0.6606852430429211,0.813492482052476,0.9665396069486136,0
Aging,CAV2,0.3409248639295551,0.573350750757543,0.7064292861596456,0
Aging,ALDH3A2,0.6689302625775622,0.816459861985266,0.980093916615243,0
Aging,ALDH5A1,3.839973472779801e-5,0.00183533277573998,0.00413280586386588,1
Aging,HSD17B4,0.550007753686798,0.7400296263616994,0.9204708734062664,0
Aging,PSMD7,1.3768847615961612e-7,7.238971634091817e-5,5.417237882559833e-5,-1
Aging,UBE2D1,0.8518136907385998,0.9267274659199564,0.9964465008933016,0
Aging,SUOX,1.027397905962242e-4,0.0033759653066228,0.0072260586698232,1
Aging,STAT5B,0.05696519292272498,0.20167979918601112,0.5880960468164801,0
Aging,RPS6KA3,0.6865307412797583,0.8273777357658062,0.982818243986355,0
Aging,HDGF,0.00115870374280075,0.01556659661833435,0.09389052682519512,0
Aging,LUM,0.4367323581129431,0.6527705395248894,0.9026715435568474,0
Aging,PRELP,0.43974992491832054,0.6548873831378872,0.8735094119063265,0
Aging,NDUFA8,0.24993549109912097,0.4853317985054952,0.7842988270150119,0
Aging,HNRNPA3,0.6686063315221398,0.816459861985266,0.966509048141898,0
Aging,MYOM1,4.280472525474145e-4,0.00830367293487701,0.00409458795759405,-1
Aging,PGD,0.2503234210061836,0.4856366737786016,0.8344471791398338,0
Aging,HNRNPM,0.8454904167796278,0.9215186706325318,0.9939695027701994,0
Aging,KPNA1,0.6377152081145154,0.7989017341974803,0.9759066137306888,0
Aging,MAP2K6,0.02469572297625049,0.1191172142638871,0.3616541262068137,0
Aging,ARHGDIA,0.01976308165437128,0.1021173482042821,0.4561835380338812,0
Aging,ARHGDIB,4.067258461108805e-5,0.00186473079436728,5.609120279292321e-4,1
Aging,RIDA,0.01602295079256723,0.08914355956817166,0.4424081054912978,0
Aging,MRPL12,0.18816364639503672,0.40921214929551414,0.5237271584608925,0
Aging,THOP1,0.00859524398872955,0.06005248540962872,0.3279730791215823,0
Aging,AKR1C2,0.6598435335298946,0.8133944613208489,0.9558811792817212,0
Aging,CAPZA1,0.00164387795882281,0.01975471627088211,0.016323183686405,-1
Aging,CRIP2,0.15500503969107754,0.3660157049201585,0.5601996231099454,0
Aging,BLVRA,0.953742561910551,0.979453821313377,0.999687362915646,0
Aging,PPP5C,7.613123893248791e-4,0.01222167904389481,0.107414352793458,0
Aging,NUBP1,0.7600353893008552,0.8705634116011429,0.9833049395369589,0
Aging,SUCLG1,0.09591433141639567,0.2751812264238474,0.6560312726599058,0
Aging,COPA,0.08782666574243092,0.26087496900611895,0.606143291480584,0
Aging,HCCS,0.03078166537137798,0.13656928750212635,0.44011182988477465,0
Aging,MAPK12,0.31614171338853997,0.5504856572133267,0.8502520600242307,0
Aging,TTC3,0.27813212996360615,0.518079600809091,0.7012855390225986,0
Aging,SMTN,0.00373875696749494,0.03510091920822265,0.079130159612498,0
Aging,SLC16A1,0.02896170841567487,0.13126394999604368,0.2144493554362051,0
Aging,IST1,0.7637330143473584,0.8725848415990481,0.9932204059160958,0
Aging,SEC24C,0.00104714658054564,0.01468099505924998,0.08507820748343287,0
Aging,SUB1,0.8151279853765199,0.903615014171258,0.995592913316158,0
Aging,RARS1,0.05756487058825482,0.20277876523802324,0.5554989876124055,0
Aging,CACNB3,0.14246194759859132,0.34961811249855723,0.7484904175129535,0
Aging,CACNA2D1,0.8971686854724849,0.951469390619852,0.9987240163679426,0
Aging,MYOM2,6.130718829979381e-5,0.00240144082575414,0.0011904213671155401,-1
Aging,YARS1,0.07523270647921894,0.23755913172041657,0.5024186864837973,0
Aging,USP14,0.4282621525592316,0.6467310547201195,0.958684416052494,0
Aging,PRKAG1,0.5419373093330591,0.7333356785986894,0.964256193559728,0
Aging,PRKAA2,0.3015397072423293,0.5383174909428001,0.8934331945093001,0
Aging,HSPA2,0.25510767566348985,0.4894994908032109,0.688261759472901,0
Aging,RAD23A,0.00696662030998773,0.05160781770939181,0.3285476610315226,0
Aging,RAD23B,0.00146409250173674,0.01811168547736691,0.1724386333846007,0
Aging,AK2,0.17736780005615962,0.3968132803384082,0.7705790487536965,0
Aging,NAPA,0.0622209160630859,0.2122007204422596,0.7176810403164512,0
Aging,EIF5,0.01823608549977561,0.09568997138171197,0.32328298242689446,0
Aging,PSMD4,0.08425661293437364,0.25415217979831933,0.7204290363498703,0
Aging,DRG2,0.1141359157802389,0.3053482508325906,0.41204942222819063,0
Aging,RRAD,0.39929325736828625,0.6228730200541239,0.7688526397450726,0
Aging,CSE1L,0.00493432368589475,0.04085386894266409,0.26544718138197543,0
Aging,VCP,0.00929579803372977,0.06265725405427472,0.37696777518129726,0
Aging,HADHB,1.2596848178440808e-5,9.461132756878936e-4,0.00930785300802816,1
Aging,NAP1L1,0.6749100680557569,0.8194644506135382,0.9802069216521976,0
Aging,ADK,0.5257840254443997,0.720005268471765,0.939087089194076,0
Aging,LAMB2,0.5076675889207118,0.7029879215356838,0.8646588326552829,0
Aging,CDH13,0.24479340698041405,0.4793671948231449,0.8104736231960386,0
Aging,TPD52,0.2490318580761189,0.4844717831027549,0.6425942846975818,0
Aging,SEC13,0.9284485836303517,0.9670764593237392,0.999119421090036,0
Aging,SNU13,0.9682885759490528,0.9851528182007055,0.9998269158586433,0
Aging,NPEPPS,0.957260646975457,0.9804089430622784,0.9997932721070848,0
Aging,HNRNPH2,0.9220858569950828,0.9644260483857542,0.998155050896336,0
Aging,OXCT1,0.6804255202792207,0.8228492634543997,0.94937392933345,0
Aging,SH3BGR,0.00562640601568549,0.04475342573156193,0.13576877210818478,0
Aging,EIF3B,0.20590085982162237,0.4340840062543908,0.8020293178152388,0
Aging,ATP5MF,0.6433501285161816,0.8015197394961671,0.9720775620727412,0
Aging,NDUFV3,0.6752885843619885,0.8194644506135382,0.966555361723571,0
Aging,MARS1,0.8246025399852315,0.9093545577288632,0.9895818398061016,0
Aging,ARPP19,0.26652294682726796,0.5041537943479656,0.7759575326462905,0
Aging,ATP5F1E,0.804717609586773,0.8990113604880956,0.9931096099698806,0
Aging,ATP5ME,0.5651718096959722,0.7503512094637813,0.962232518198695,0
Aging,EIF6,0.8001593179497026,0.8969951212275394,0.9942794577421824,0
Aging,NDUFA6,0.0701745446090311,0.2270416420196806,0.4297423350381171,0
Aging,SYNJ2BP,0.5828914086502135,0.7639326236204069,0.9664272215033224,0
Aging,EEFSEC,0.01821859367915163,0.09568997138171197,0.09744891602558292,0
Aging,MTPN,0.4012019244765804,0.6245208343258688,0.931631116671697,0
Aging,DEFA3,0.0840340388482673,0.25415217979831933,0.3289564568538435,0
Aging,ARPC4,0.794303834396443,0.894708604036272,0.992056361281774,0
Aging,CD81,0.1145215653967513,0.3053482508325906,0.42850567353582497,0
Aging,TPI1,0.22175278780604168,0.4536806017455406,0.8524263767889914,0
Aging,EIF3E,0.7252294352589737,0.8529963659673498,0.9825639515101592,0
Aging,SEC61B,0.5223317626208364,0.7170128569135894,0.7936483501730409,0
Aging,GABARAPL2,0.8713344654199635,0.93777706283428,0.9957033719745326,0
Aging,ROMO1,0.98525960540203,0.9942664941598924,0.9999424778333464,0
Aging,MYL6,0.18575747748933727,0.40607897625787553,0.5375395615741898,0
Aging,ACTB,0.0360567203668861,0.1526926390931722,0.12419072720336397,0
Aging,EIF4A1,0.02483756249538674,0.11952721722608312,0.4508057280179556,0
Aging,RPS20,0.01372186782338424,0.08024228413075658,0.2574653983947875,0
Aging,PRPS1,0.15944379560460042,0.3712427575100042,0.6813044764455202,0
Aging,PSMA6,0.109716610713376,0.2988782802205048,0.7336061842851441,0
Aging,S100A10,0.47040963281759096,0.6752706196692108,0.932613324842688,0
Aging,CDC42,3.143023880030995e-4,0.00688518668719289,0.03130970021753371,1
Aging,DSTN,0.4853904218566279,0.6862336957846302,0.902567671556976,0
Aging,RAB2A,0.6670575940108381,0.816459861985266,0.9806743390689622,0
Aging,RAB5B,0.03641963600381122,0.15309117553061957,0.4641302897765048,0
Aging,RAB10,0.1017456400112296,0.2864405367384416,0.6710186581341645,0
Aging,UBE2D3,0.4268218317186222,0.6462052176704017,0.9186642540913929,0
Aging,UBE2M,0.47753589719736456,0.68131478412894,0.9575564182757584,0
Aging,UBE2K,8.496254406280247e-4,0.01289430183707836,0.08357049907818705,0
Aging,UBE2N,0.23182416080647053,0.4638688964567151,0.8394724274818823,0
Aging,RAB14,0.39636686509326746,0.6217181193434979,0.9048797673080964,0
Aging,ACTR3,0.0129975975388894,0.07743327938890768,0.3294354708487507,0
Aging,ACTR2,0.00871977066437004,0.06012353346613182,0.28890268481311027,0
Aging,ACTR1A,0.44625833438327145,0.6562806134321818,0.9466019871301888,0
Aging,COPS2,0.5959430188741006,0.7707676314220379,0.9781506442981516,0
Aging,ABCE1,0.9878045497866982,0.995459504555813,0.999973148828858,0
Aging,RAP1B,0.4929984499229956,0.6911838267920397,0.9491451542385364,0
Aging,RPS3A,7.997146311742722e-4,0.01236617550999628,0.04879716614539497,-1
Aging,RPL26,0.05127782674744358,0.18721748203103095,0.2905003510950645,0
Aging,RPL15,0.45052064142107984,0.6607007732974413,0.8928444795324849,0
Aging,RPL27,0.0026332273240976,0.0276883853128863,0.00155851496613089,-1
Aging,PCBD1,0.3635559860781896,0.5926808052111883,0.9152656876201578,0
Aging,RPL37A,0.01125721965346725,0.07024905914315029,0.092669181866038,0
Aging,RHOA,0.4381664951160573,0.6535206661199068,0.9428345234438712,0
Aging,HSPE1,0.7688964500292725,0.8748851880027358,0.99185914763048,0
Aging,SEC61A1,0.12787225558035786,0.3247769969631553,0.5029830105130726,0
Aging,VBP1,0.10495852238501854,0.2935209741698058,0.7001680177472756,0
Aging,B2M,0.3006030894293987,0.5383174909428001,0.8512831066891641,0
Aging,DAD1,0.2540143253133802,0.4886306725606249,0.47354440999990755,0
Aging,NPC2,0.03690292883085091,0.1539818637525386,0.05387589564213627,0
Aging,PKIA,0.8684799390993165,0.9361421383525692,0.9972279691084396,0
Aging,SUMO2,0.26368656325659406,0.49957913741316873,0.7891067316739997,0
Aging,UFM1,0.5330040623227834,0.7257474335389295,0.9393331429983062,0
Aging,NUTF2,0.5429092809328664,0.7333356785986894,0.9653791679468732,0
Aging,HNRNPK,0.35159442635660676,0.5806749349486263,0.9186943620020096,0
Aging,YWHAG,0.03412548107981907,0.14736321706541997,0.5802623218257803,0
Aging,RRAS2,0.4134161203752369,0.6350723894442097,0.9183809029137704,0
Aging,TIMM10,0.00182631002239143,0.02095650549502213,0.0628849401090331,0
Aging,RPS7,2.5618840552072283e-8,2.6938210840504007e-5,7.033959288059081e-10,-1
Aging,PPP1CA,0.01423092696374603,0.08176950657037681,0.3306296259658175,0
Aging,PPP1CB,0.8980821399811729,0.951469390619852,0.9977246869815948,0
Aging,PSMC1,0.3711696879221985,0.5976798267231114,0.9259471119192352,0
Aging,PSMC5,0.028608656787339,0.13126394999604368,0.5279066076683779,0
Aging,RPS8,0.21795965340385093,0.44982252316810456,0.8009521475287702,0
Aging,RPS15A,0.40919418866594726,0.6327466020327112,0.9210874363714824,0
Aging,RPS16,0.15813132157603677,0.3699112005277034,0.7007313080402189,0
Aging,UBE2G1,0.10729850024143832,0.29524706499107267,0.43499975704231303,0
Aging,YWHAE,0.16630403068522406,0.3820833964893744,0.826736710045069,0
Aging,RPS14,0.02727189558727739,0.12773451318495405,0.44614864304404134,0
Aging,RPS23,3.822620953244885e-4,0.00803897186467399,0.00647666982516046,-1
Aging,RPS18,0.08162411062571992,0.25207858704509817,0.5848415110859678,0
Aging,RPS13,0.06507545993726013,0.2168838228970809,0.4185803474988848,0
Aging,RPS11,0.7981726431149407,0.8963623331638939,0.9933270959915548,0
Aging,SNRPD2,0.2577438842255031,0.492669547958996,0.7951904865984738,0
Aging,SNRPD3,8.522624609386083e-4,0.01289430183707836,0.06149480717695563,0
Aging,TMSB4X,0.09608542297671964,0.2752587699175299,0.362162921179377,0
Aging,PSMC6,7.84139899521901e-4,0.01230631499025789,0.14057969999530892,0
Aging,RPL7A,0.05853543935003234,0.20516671492186336,0.33996436022537196,0
Aging,ETF1,0.820741382114194,0.906362194198982,0.9928765042254808,0
Aging,CNBP,0.335918010098459,0.5692470388695079,0.8703171138928771,0
Aging,RPS4X,0.2831850045916935,0.5210572881306458,0.856258728136393,0
Aging,RPL23A,3.507577225853938e-4,0.00745094434946548,0.0097253917764084,-1
Aging,RPS6,0.457500565671526,0.6674716065922334,0.9334093704715696,0
Aging,H2BC4,0.3817597864999298,0.6086738673308206,0.7577124984643319,0
Aging,RAB1A,0.41699100054508953,0.6372959584282623,0.9351953665236088,0
Aging,RAN,0.36770302346229655,0.5944451937630056,0.9199017536024412,0
Aging,RPL23,0.0032935977337146,0.03251847903287235,0.1094596889510521,0
Aging,RAP1A,0.16205838513809587,0.3755241904194028,0.4837214362593894,0
Aging,RPS15,0.01245383295007991,0.07591423389570454,0.2165937844327756,0
Aging,RPS24,0.00379840488725156,0.03544635154751583,0.04505651796857559,-1
Aging,RPS25,0.00800747162658763,0.05708377230750441,0.19060969391848956,0
Aging,RPS26,0.14090182775902071,0.3469748756173543,0.6224998127431753,0
Aging,RPS28,0.976739685990343,0.9908803460816216,0.9998887435429072,0
Aging,GNB1,0.12222583511427042,0.31655287099176194,0.7300478780875086,0
Aging,GNB2,0.9496140103616026,0.9775028212385952,0.999598556435346,0
Aging,RPL30,0.01149209026476586,0.07150256161775922,0.08444160653974585,0
Aging,RPL31,0.00657242722621003,0.0498604897623706,0.111982310456941,0
Aging,RPL10A,0.24526823662848496,0.4793671948231449,0.7062841724137182,0
Aging,RPL32,0.03636965379435228,0.15309117553061957,0.11855162708499248,0
Aging,RPL11,0.13359194483632225,0.3332667378301135,0.5404947410504165,0
Aging,RPL8,0.5237587168471832,0.7180342773987134,0.9017134621834504,0
Aging,PPIA,1.315369095094884e-4,0.00384197389858964,0.0127396909162078,1
Aging,FKBP1A,0.4592824097320122,0.6688856701291008,0.9205849798550212,0
Aging,RPS27A,1.865124760246108e-4,0.0049650093301235,4.095238132676259e-4,-1
Aging,GRB2,0.1407235941097046,0.346942225571757,0.7076372118800515,0
Aging,RAC1,0.6727593663087239,0.8192315850302526,0.9882126996174956,0
Aging,AP2B1,0.6637276061670415,0.8157577623103688,0.9743127131581726,0
Aging,VAMP2,0.965084645868164,0.9840534453300344,0.9994520484017008,0
Aging,PPP3R1,0.6695765341976359,0.8167746237921278,0.9759027323561736,0
Aging,YWHAZ,4.078821518825244e-5,0.00186473079436728,0.01941350692675116,1
Aging,UBE2B,0.32043316708076175,0.5523532380088869,0.7784140715523643,0
Aging,PPP2R2A,0.02052912231354618,0.105299376159482,0.4874053629860492,0
Aging,DYNLL1,0.00113362265536218,0.01556659661833435,0.06800175584716993,0
Aging,DYNLT1,9.709747170295066e-4,0.01408248158560725,0.07537361157796882,0
Aging,RPL38,8.374708738357509e-4,0.01285548355968309,0.03040191931468256,-1
Aging,SKP1,0.726902919346833,0.8534674466902405,0.9870584940007427,0
Aging,RPS21,0.03600891537762886,0.1526926390931722,0.39108328623564703,0
Aging,EIF5A,0.3732383917262081,0.5991758303818441,0.9191445219105072,0
Aging,RACK1,0.12458799827741804,0.32014250920071935,0.6958921259742853,0
Aging,UBE2I,0.05611621356697316,0.19900910140193012,0.3830078352455775,0
Aging,SELENOW,0.46332163660049785,0.6711927281250493,0.8770574580661026,0
Aging,TNNC1,0.24385660621928132,0.4792807877375221,0.5801734460734872,0
Aging,PPP2CA,0.0750183414274025,0.23755913172041657,0.7315330170396471,0
Aging,YBX1,0.2037744226772148,0.4306910662212892,0.7750059539349016,0
Aging,CSNK2B,0.02655723310049799,0.12607192146805257,0.4149060795582959,0
Aging,TPM4,1.6159448627197832e-4,0.0045923406031077,0.00273946212796288,1
Aging,UBE2L3,0.8869612151067571,0.9463619661945764,0.9986679373386248,0
Aging,EEF1A1,0.06226619534628536,0.2122007204422596,0.4930453973907187,0
Aging,ACTA1,0.05462754858365822,0.19537709978134904,0.17070569351590073,0
Aging,TUBA1B,0.5830298910655032,0.7639326236204069,0.9695482175643764,0
Aging,TUBA4A,0.00323668069396619,0.0321072617896741,0.12337864066790837,0
Aging,TUBB4B,0.12369762333344642,0.3187942424880365,0.7290650061481017,0
Aging,CSNK2A1,0.4127129197956415,0.6350723894442097,0.8956056156001256,0
Aging,PAFAH1B2,0.4044050728577177,0.6276486112323102,0.8334583986285884,0
Aging,EIF4G2,0.9795295203533037,0.9922690661382456,0.9999356582209762,0
Aging,PIP4K2B,0.06833609340961908,0.2245481319381702,0.5948060180843899,0
Aging,CCT2,0.5169802168432704,0.7110591210081084,0.961496700595947,0
Aging,GSTO1,0.00455399086836473,0.03908997059661644,0.14145546634272327,0
Aging,PRKDC,5.720345820017655e-4,0.00986056332745666,0.04976576096598373,1
Aging,DCD,0.04310496746376385,0.1688077217435668,0.18975034440574856,0
Aging,MRPS25,0.6874588876558714,0.828021787365577,0.9802755391847496,0
Aging,MRPS5,0.7423070664049235,0.8605687765433043,0.976479191334462,0
Aging,MRPS36,0.00994413660541345,0.0650720561684794,0.08318017921112068,0
Aging,MRPS15,0.3683129279473116,0.5944451937630056,0.770716118058437,0
Aging,MRPS21,0.06476128495943405,0.21631131008160828,0.2901731036338342,0
Aging,SARNP,0.2799939220591469,0.5188239844627262,0.7372247838684145,0
Aging,LACTB,0.8366859254623,0.9164325527329256,0.995816661693515,0
Aging,RPL24,5.205472492598774e-5,0.00221603655808637,0.00145898227449356,-1
Aging,ARF1,0.8057243342004853,0.8990113604880956,0.9955645520631812,0
Aging,ARF5,0.5765577730363187,0.7587615749032404,0.9673282643225846,0
Aging,ERH,0.1940445615720592,0.4155557158717316,0.6228138665247178,0
Aging,RHOG,0.6988196929893471,0.8364358647447906,0.9383960258216189,0
Aging,RPL19,0.0103859858169318,0.06679427575843301,0.1203397267422838,0
Aging,SRSF3,0.45523941247528565,0.6654456806309795,0.8567474265817625,0
Aging,MXRA7,0.6350139531934269,0.7982273422389581,0.9329119401759796,0
Aging,H3-3A,0.10614352895852418,0.29409981732452767,0.29143490978989994,0
Aging,FBLN2,0.9387822550545756,0.969231405527294,0.997588876374376,0
Aging,HSPG2,0.5262235366814565,0.720005268471765,0.915244045353258,0
Aging,RBM3,0.01162705193318841,0.07179761681871459,0.04887673931199447,-1
Aging,CYCS,0.2345386563494839,0.4677247405756811,0.7202852982499665,0
Aging,MPP1,0.2247084240412191,0.45790873620027495,0.6618464851537753,0
Aging,TFAM,0.00396332202894383,0.03623854881247338,0.07848706756118523,0
Aging,PITPNA,0.40507495135991,0.6282246480161436,0.8954824583491059,0
Aging,SLC25A3,0.7411001648876305,0.8605687765433043,0.9892342878415044,0
Aging,HDLBP,0.327487291167572,0.5611389039967383,0.7952829487115736,0
Aging,PURA,0.10591825459612864,0.29409981732452767,0.5840439426842783,0
Aging,CLTC,0.18463252969508845,0.40530502082335185,0.7815811359765791,0
Aging,FKBP3,0.07764210623338244,0.2426171610829172,0.6870470708779561,0
Aging,REEP5,0.14258514601477057,0.34961811249855723,0.7164527342975711,0
Aging,SORD,0.05163082365007672,0.18752957191038228,0.293895678565721,0
Aging,HNRNPU,0.5516346848769431,0.7409189297559071,0.9548315495831384,0
Aging,MYBPC1,0.17574175621049054,0.3955262271502989,0.4476502773129439,0
Aging,PLIN5,0.03376560702320619,0.14671295778884838,0.1295125474199517,0
Aging,SPTBN1,0.5597531195274291,0.7472623337531938,0.9615894604984658,0
Aging,TIAL1,0.00563939981876553,0.04475342573156193,0.11312054117520053,0
Aging,SET,0.12984934021135652,0.32781892252638983,0.5719449893152595,0
Aging,AMPD3,0.9614316335966696,0.9816819468709016,0.999470090146092,0
Aging,FABP5,0.08966334963540239,0.26446286715743506,0.5374287118758403,0
Aging,ANK2,0.5541665554858808,0.7437219311977072,0.9451974512792332,0
Aging,CAP1,4.0013320782377257e-4,0.00820019784288642,0.00827139827206653,1
Aging,EWSR1,0.00478298819078844,0.04023449666091238,0.12498242918129832,0
Aging,TAGLN,0.7384115540821078,0.8594124881719022,0.9694126600107852,0
Aging,OGDH,0.8234414859671016,0.908550600728654,0.9961521303912382,0
Aging,COX6A2,0.02098542222290432,0.1067130719379284,0.08645588193304139,0
Aging,ALDH6A1,1.0268969151551653e-4,0.0033759653066228,7.959733066385353e-4,1
Aging,BDH1,0.48054522321592275,0.6837527770115599,0.8942128167178611,0
Aging,COL7A1,0.4923284305924984,0.6911838267920397,0.9066894687116346,0
Aging,RPL18A,0.1438008736750059,0.35123488657205276,0.5174490585028857,0
Aging,CACNB1,0.9279081859264038,0.9670764593237392,0.9993318544689624,0
Aging,MAP2K1,0.08162887198179355,0.25207858704509817,0.6848943459450908,0
Aging,FKBP4,0.00248660712051947,0.02641078168915385,0.09959770416977518,0
Aging,RPL6,0.04727236053316117,0.17816088566530097,0.2629473339065145,0
Aging,AKAP12,0.6020013035399017,0.7735323976774764,0.9529137403769627,0
Aging,SLC25A11,9.229871652513316e-5,0.00327163211116874,0.00277520037792207,-1
Aging,CAV1,0.9924448277957072,0.9972440679382396,0.9999915544665156,0
Aging,ACY1,0.6389217403061143,0.7989017341974803,0.9725557446522872,0
Aging,LMNB2,0.20586615021872948,0.4340840062543908,0.6335837217646717,0
Aging,UBXN1,0.6905756324743565,0.8299847489258697,0.984131701395312,0
Aging,GBE1,0.7419923103947675,0.8605687765433043,0.9860319449341404,0
Aging,EIF4G1,0.6408564855984369,0.7998345336578712,0.986106707076408,0
Aging,PRKCQ,0.1019491617546256,0.2866297956817883,0.5224272339874205,0
Aging,GLO1,0.9301972924408356,0.9678933096483202,0.9993634495203172,0
Aging,AKR1C1,0.179055712028284,0.39894332822770784,0.6603211060562096,0
Aging,SSBP1,0.5270479700397579,0.7203138190798429,0.9559016225710908,0
Aging,YWHAH,0.00361095046686775,0.0342064361793824,0.2512028456893328,0
Aging,PLP2,0.9892290749161828,0.9958586618232323,0.9999429171164718,0
Aging,UBE3A,0.3993611391198696,0.6228730200541239,0.8942153106722901,0
Aging,SRSF11,0.18028338610033612,0.4007779714260115,0.5785348131908428,0
Aging,EEF1A2,0.01323382362497558,0.07839642558682718,0.20230247484979252,0
Aging,CALD1,0.5803292198982466,0.7618179459712937,0.911901181456717,0
Aging,COL14A1,0.8365030366304375,0.9164325527329256,0.9810858692568872,0
Aging,PTPN11,0.01545181047025527,0.0867148023265166,0.2631180249199704,0
Aging,PSME1,0.17055419973200017,0.3877572778771852,0.7846887461043915,0
Aging,CACNG1,0.3008712036628803,0.5383174909428001,0.7780354106358803,0
Aging,ZNF33A,0.06882740941274243,0.22507295487694448,0.10262797680744794,0
Aging,PRDX1,0.3392225127276941,0.5720809496923343,0.8875620584981638,0
Aging,RPL18,0.9487074738658948,0.9770479028109584,0.9992574041269072,0
Aging,C1QBP,0.1575694233239679,0.3698064646456262,0.7245944181491897,0
Aging,CKAP4,0.6035298577889525,0.7735323976774764,0.9215438572736506,0
Aging,DPT,0.3887948469420718,0.6161534009941048,0.7857429301310282,0
Aging,KLC1,0.8612659968935894,0.932324561737242,0.9950468383661328,0
Aging,SRSF1,0.46341980087378576,0.6711927281250493,0.8779864164754742,0
Aging,ARHGAP1,2.302838698857369e-4,0.00570734600640202,0.00671080196699072,-1
Aging,ACTN3,0.00222711000314071,0.02414233163198412,2.3690025291215834e-6,-1
Aging,PPP3CA,0.4266807353133044,0.6462052176704017,0.9310116707769768,0
Aging,DHX9,0.9057665887755066,0.9543222125224904,0.998440332388544,0
Aging,CRYZ,0.9740058794074912,0.9900117759274788,0.999891969686733,0
Aging,SLC20A2,0.2508683750419177,0.4861130418070598,0.4577099645593717,0
Aging,PUDP,0.8869511675050702,0.9463619661945764,0.9973779558768794,0
Aging,CD47,0.9662426953117432,0.9840534453300344,0.9997870518420138,0
Aging,PPID,0.7472054688325791,0.8619709824217849,0.9695703755345156,0
Aging,AHNAK,0.0944919136772698,0.2729622176693659,0.5448522225237856,0
Aging,LMOD3,0.0815652580954619,0.25207858704509817,0.21286638228214835,0
Aging,HSPA14,0.3303441965630458,0.562977184256147,0.813697954738655,0
Aging,SCRN3,0.00470457693153355,0.04005556796362374,0.03888274683026412,-1
Aging,NEXN,0.01483142517934615,0.08407139394114546,0.06940848066904474,0
Aging,AP1B1,0.17926839998819966,0.39894332822770784,0.7037073524818421,0
Aging,BST2,0.3042740016703531,0.5410007834845572,0.8525777330776554,0
Aging,PMPCA,0.20891994249125567,0.4378896521043003,0.6120678001874227,0
Aging,ASPH,0.6909697911075908,0.8299847489258697,0.967003519657261,0
Aging,EFEMP1,0.6159720210518878,0.7830815659342589,0.9304624106551737,0
Aging,STX4,0.5278191132677308,0.7203138190798429,0.9100144895417368,0
Aging,GRSF1,0.814189977080978,0.903615014171258,0.990712902468276,0
Aging,AIMP1,0.01762731591212651,0.09480881167059352,0.4299528465300778,0
Aging,ILF3,0.7868098154710867,0.8882857015720607,0.9851764193170424,0
Aging,TRAP1,0.11518775875959238,0.3058584048881601,0.6303439943645884,0
Aging,ANK3,0.8371960299127561,0.9165139255109456,0.9952074963383668,0
Aging,HSPB3,0.24687740063202743,0.48161704409012407,0.7543860993287035,0
Aging,ECH1,0.00129964772176871,0.01687135283259013,0.05035315513999987,0
Aging,STRN3,0.5081034906011599,0.7029879215356838,0.9527316875284276,0
Aging,COASY,0.2377855889742631,0.47175763548384464,0.7804799321602941,0
Aging,TRDN,0.0339687134186973,0.14710413007978784,0.20498876071280217,0
Aging,ACACA,0.5568744111625548,0.7440323295265899,0.9493954941034348,0
Aging,GPS1,0.987885870664756,0.995459504555813,0.9999851940716848,0
Aging,MTAP,0.3871656097621865,0.6144652756057231,0.861564088849662,0
Aging,PRKAA1,0.934913244045471,0.9684758696153276,0.9995530416551324,0
Aging,TARDBP,0.00897742675342707,0.06134656781972487,0.29962449509913003,0
Aging,PAK1,0.184980778647065,0.4056460662093615,0.41079098912064155,0
Aging,AIMP2,0.8734432198505183,0.9395657756243684,0.9983515437648,0
Aging,PRDX4,0.16967713925329062,0.3870184640451954,0.6670847238899369,0
Aging,PAK2,0.6281471006021356,0.7910139835726295,0.9747494747651794,0
Aging,CBX3,0.11765255961135392,0.30927916607834666,0.5007672665336617,0
Aging,PSMD2,0.07168775013647762,0.23087188137367903,0.6748902199154642,0
Aging,MYBPH,1.6857448737501215e-4,0.00472682862599534,2.6770300754845932e-9,-1
Aging,SELENBP1,1.699800182735045e-5,0.00115312251106187,0.0013712210800398,1
Aging,TRIM28,0.3447704596354342,0.575299911796692,0.878055399930005,0
Aging,G3BP1,0.2175604937709429,0.44982252316810456,0.6474616000932262,0
Aging,PABPC4,0.9176719350376324,0.9610876889363252,0.9980550809221274,0
Aging,SGCG,0.28346881484922554,0.5210572881306458,0.880169248916927,0
Aging,EIF3I,0.10647338155404866,0.29409981732452767,0.6666965876575073,0
Aging,CTBP1,0.6720505968494561,0.8188426449446153,0.9825234580533496,0
Aging,UBE2V1,0.3658335832015459,0.5934177647613528,0.8984651734044508,0
Aging,DYNC1I2,0.2178937138780664,0.44982252316810456,0.829234962472757,0
Aging,ILK,0.1874304547573453,0.4088210294647802,0.8351177211458746,0
Aging,NNT,0.05894488928197092,0.20625807347751224,0.535066704510621,0
Aging,SNTA1,1.9841494146290387e-4,0.00515143977649983,0.00999551429431299,-1
Aging,SNTB2,0.5076403953273639,0.7029879215356838,0.9583050077560256,0
Aging,SF3B2,0.00425322416187773,0.03838854254261323,0.09947295886704112,0
Aging,PDAP1,0.4601478217595219,0.6696822623946538,0.9354584879879708,0
Aging,TMED1,0.01327640735269721,0.07842776590652313,0.16019512247671466,0
Aging,FKBP5,0.03608570690884764,0.1526926390931722,0.39974799380568066,0
Aging,PICALM,0.30867658541797144,0.5436740863768793,0.7349162503825294,0
Aging,MTM1,0.6155644062344906,0.7830815659342589,0.9639537302058284,0
Aging,SQSTM1,2.7993536295193075e-6,4.20502905919936e-4,1.5070825395958957e-4,-1
Aging,MTX1,0.1562448025958467,0.3675423040929145,0.7363182189934733,0
Aging,ART3,0.5156619633963972,0.7101749240488693,0.910139394863516,0
Aging,ASAH1,0.00146040742071736,0.01811168547736691,0.04906844025906397,1
Aging,PIN1,0.18963035584628815,0.41044604922305633,0.7602385195568387,0
Aging,CAMK2B,0.266606087593647,0.5041537943479656,0.8277904248786422,0
Aging,CAMK2G,0.06518619491057963,0.21690912641922305,0.5911961484182522,0
Aging,CAMK2D,0.00332648228836667,0.03268968342259403,0.05253933914026997,0
Aging,DCTN2,0.7620090193719051,0.872348920924941,0.9944892424475404,0
Aging,NAE1,0.00588368098117453,0.0459221813668029,0.14837509916725003,0
Aging,STIM1,0.3005827269965025,0.5383174909428001,0.8735368363007499,0
Aging,CUL1,0.01018233895169201,0.06568545648898252,0.2540285027690113,0
Aging,CUL2,0.06956686927768595,0.22646923543494357,0.5220954098382402,0
Aging,CUL3,0.147878548802393,0.3571458683451468,0.7445521096198039,0
Aging,CUL4A,0.04954816548560779,0.18312792972975955,0.6049274700798144,0
Aging,FHL1,0.8346873252055325,0.916019150815168,0.9960127275188416,0
Aging,FHL3,0.00269700780519177,0.02793583031504623,0.05729685849514467,0
Aging,ITGA7,0.22805076614956893,0.4624790368491258,0.8128875611613443,0
Aging,AAMP,0.5855592478275307,0.7639930501243067,0.935435715212996,0
Aging,CACNA1S,0.04670050059398621,0.1769447983312176,0.4597146859754232,0
Aging,MOGS,0.474330627900044,0.6788173656579666,0.844590986396391,0
Aging,SPTAN1,0.3899466233238097,0.6170487199774054,0.8961717332548644,0
Aging,AUH,0.35113778763661585,0.5806749349486263,0.8554470699344503,0
Aging,DDX39B,0.04920120666499918,0.18216573524030505,0.4143846096097477,0
Aging,BLMH,0.06775500704122567,0.2233366454666106,0.452337743979707,0
Aging,SNTB1,0.4129149712836968,0.6350723894442097,0.9034534459297374,0
Aging,TUBB2A,0.3478902216279113,0.5774373607604557,0.9032799271334372,0
Aging,IDI1,6.782572177782151e-7,2.0376784699822664e-4,3.5764514689027293e-6,1
Aging,PRKG1,0.16271627326582183,0.3756227471767545,0.6648438012034131,0
Aging,COX17,0.5552871720177632,0.7440012016600854,0.9412478698069158,0
Aging,HNRNPD,0.03655534608848753,0.1531392287332456,0.4918228167242813,0
Aging,SCARB2,0.10829975189353191,0.2965551799897105,0.5982059167613525,0
Aging,NID2,0.9756005901427828,0.99067505604552,0.999751191449692,0
Aging,IL18,0.5474234198100636,0.737023976863357,0.8801111696455118,0
Aging,DAG1,0.6156863832805616,0.7830815659342589,0.9764167845074057,0
Aging,EIF3A,0.06004129387846479,0.20754049923552725,0.6192244357684226,0
Aging,UBAP2L,0.08434557385200249,0.25415217979831933,0.2588939988543015,0
Aging,MLEC,0.00229793329721437,0.02465588634715217,0.13743984746081211,0
Aging,DPYSL3,0.01232175737406528,0.07532748766761424,0.14378048458022802,0
Aging,DCTN1,0.26305294937844487,0.4988280906608382,0.8654471879233838,0
Aging,DYNC1H1,0.0289471596868319,0.13126394999604368,0.48875881434452834,0
Aging,EIF2B1,0.00814932254194841,0.05770378890813981,0.1665236566938074,0
Aging,EIF4A2,0.6606966996412882,0.813492482052476,0.9776397416069368,0
Aging,CTTN,0.7372524283338634,0.8594124881719022,0.9634861163963376,0
Aging,ENDOG,0.49648442592162567,0.6926137840097404,0.9047905845945864,0
Aging,FLOT2,0.6688184767528187,0.816459861985266,0.9765110355802248,0
Aging,TRIM25,0.7668232030608043,0.8740537647896323,0.9853932146131954,0
Aging,FLNC,2.945344467720784e-4,0.00664385107519395,0.00188822767336949,-1
Aging,MYBPC2,0.01250653594102917,0.0760151592022669,0.01402603020904583,-1
Aging,GAMT,0.01274842195794631,0.07659980393588885,0.27898960897974573,0
Aging,CAPRIN1,0.00344420431714962,0.03292346217711661,0.00596636034149715,-1
Aging,PRPSAP1,0.07128055420507234,0.22991258511237292,0.31078672492745407,0
Aging,CLINT1,0.09467703145161932,0.2731218067801858,0.47771576270471205,0
Aging,GANAB,0.01049454268424567,0.06708213758349138,0.3650874181143142,0
Aging,SSPN,0.1065639851646648,0.29409981732452767,0.670637415133084,0
Aging,MVP,0.5465583276043016,0.7366892665211278,0.8682357362624734,0
Aging,LTBP3,0.07513613856910208,0.23755913172041657,0.3577717157937044,0
Aging,LASP1,0.9975561130601976,0.998346383096522,0.9999979577285776,0
Aging,PTGR1,0.28844064669692104,0.5271252815699458,0.7033176783861795,0
Aging,KPNB1,8.932103383697235e-4,0.01322831930698259,0.14766154691869682,0
Aging,NUMA1,0.697389074446368,0.8351988744650979,0.9827518137090088,0
Aging,PSME4,0.4080093348242795,0.6318436164473195,0.8447949174292729,0
Aging,SLMAP,0.3978676717843036,0.6228730200541239,0.9025980463881934,0
Aging,EMC2,2.261322202860567e-4,0.00570734600640202,0.00253605690556572,-1
Aging,PSMD6,0.03926600671593427,0.16003180644110418,0.4093758523065393,0
Aging,ABRAXAS2,0.10906732515483784,0.2978812789618493,0.7147578276639007,0
Aging,SEPTIN2,0.00920394356810974,0.06223759911168745,0.32560505050627964,0
Aging,KARS1,0.39131735869167106,0.6187521844575822,0.9434099270535392,0
Aging,EIF4H,0.5979378703028241,0.7722503137896778,0.9724874819298384,0
Aging,EEA1,0.19153480987515015,0.4110180664973885,0.7390139487377567,0
Aging,PDIA6,0.22783038770851297,0.4624780939681494,0.8329237485720314,0
Aging,PAFAH1B3,0.5288058981827455,0.7211924798173242,0.920704028056294,0
Aging,PLCL1,0.8564543188245658,0.9293722561857906,0.9914595797805112,0
Aging,PDK1,0.9120941599380086,0.959067009174816,0.9982191561408108,0
Aging,PDK2,0.6666116100214292,0.816459861985266,0.952855846094987,0
Aging,PEA15,0.25252125534697645,0.4880994485245326,0.4950795433824389,0
Aging,PGM5,0.00453863262498344,0.03908997059661644,0.07268295028336824,0
Aging,PLEC,2.2650502188004762e-7,8.852685460679462e-5,3.772627122354154e-7,-1
Aging,PPP2R5A,0.15791070149870295,0.3698064646456262,0.5781919683145911,0
Aging,PPA1,0.02451922976371449,0.11881092210389764,0.3956412190294694,0
Aging,PTGES3,0.10808160979515569,0.2963437097773304,0.6750500466608075,0
Aging,STK38,0.984120388879534,0.9942664941598924,0.9999234847197528,0
Aging,NECTIN1,0.2731672430812203,0.5130631906664135,0.4180084542666535,0
Aging,NONO,0.9027443593564652,0.953334759547234,0.9986391192440576,0
Aging,PTPA,0.4880964127917411,0.688441821664005,0.9083566481892846,0
Aging,RABEP1,0.15120631259388134,0.361709152057038,0.5306074169859946,0
Aging,RAB35,0.4011422628789173,0.6245208343258688,0.8602233190267644,0
Aging,TMED2,0.36528730088867456,0.5932040106323417,0.8856231098264956,0
Aging,PCBP1,0.24373504920615507,0.4792807877375221,0.8748118399579625,0
Aging,PCBP2,0.9447939378407688,0.974500088525469,0.999670820541727,0
Aging,ELOC,0.21376073264502235,0.44464769609543225,0.8494180845604132,0
Aging,ELOB,0.0055386233282979,0.04462729831191756,0.24178031607276051,0
Aging,UBE3C,0.11041737063812808,0.3003980989029539,0.3537011495921239,0
Aging,DHCR24,0.02985868434774371,0.13446582872242527,0.12520342725497,0
Aging,RSU1,0.01391680410408136,0.08084817411846165,0.2912082388627789,0
Aging,PPP1R7,0.16213788155055528,0.3755241904194028,0.7476325135965621,0
Aging,SEC23A,0.6252612068359762,0.7887968314193509,0.977131011467682,0
Aging,MAPRE2,0.23464079948042965,0.4677247405756811,0.8409631685540038,0
Aging,TGFBI,0.3681603253810253,0.5944451937630056,0.7587776372808891,0
Aging,TSN,0.07012625331035734,0.2270416420196806,0.5322317212141091,0
Aging,SF1,0.9598842760663108,0.9811404379804364,0.99942206917968,0
Aging,TRIP10,0.00659116317353258,0.0498604897623706,0.29964838398480703,0
Aging,MAPRE1,0.04778899163421815,0.1793989868322105,0.3766572997676392,0
Aging,TSC22D1,0.6031355207999963,0.7735323976774764,0.8604067320901128,0
Aging,ELAVL1,0.6737590657002192,0.8194644506135382,0.9636998185663552,0
Aging,MYLK,0.22044546667507944,0.45336333406955936,0.6197650232302448,0
Aging,SPEG,2.4723470233532018e-6,3.9994967616244486e-4,3.0383746557737932e-5,-1
Aging,TBCE,0.5600025858274054,0.7472623337531938,0.9367018338518022,0
Aging,UBE2V2,0.7977856489763858,0.8963623331638939,0.9956688886789058,0
Aging,NEDD8,0.6032961626775196,0.7735323976774764,0.9660132911966092,0
Aging,ADIRF,NA,NA,NA,0
Aging,ADIPOQ,0.01044296322020445,0.06695595015881087,0.21542057279503632,0
Aging,RAB11B,0.45217468761797697,0.6626643679864846,0.9622863999116976,0
Aging,ZYX,0.155183798608563,0.3660157049201585,0.7875724521338657,0
Aging,HSPB2,0.0743688776156759,0.2373258719662616,0.5019415502854924,0
Aging,ETFDH,0.4420234858829739,0.655091889226141,0.9227212122202412,0
Aging,SEPTIN7,0.4873402295073728,0.6882985242807287,0.9444634679410944,0
Aging,ADRM1,0.3371637592894503,0.5700941034672466,0.8707466972677592,0
Aging,DDB1,0.8889894175500858,0.9466049342318128,0.998937790498855,0
Aging,CDC37,2.306820782425927e-4,0.00570734600640202,0.07837138248700107,0
Aging,DPYSL2,8.415014699555121e-5,0.00307625887292229,0.02683074851178383,1
Aging,SYPL1,0.10131423378230676,0.2862400912759852,0.6017078933758135,0
Aging,RBBP7,0.24485828729544812,0.4793671948231449,0.610818759167191,0
Aging,SGCB,0.8613916421566623,0.932324561737242,0.9977120698775938,0
Aging,SGCA,0.23005831404468943,0.46379599392815063,0.8442225720570962,0
Aging,FXN,2.7978910768373695e-5,0.00163443470405249,0.00137990387980424,1
Aging,FSCN1,0.4928162800698399,0.6911838267920397,0.9045245242273572,0
Aging,DECR1,0.18990204750072937,0.41044604922305633,0.7618568149353685,0
Aging,NDUFA5,0.8424954458883223,0.9199210398250997,0.9954976614952286,0
Aging,CLPP,0.9770363691687632,0.9908803460816216,0.9998398087319258,0
Aging,TST,0.0010744572478538,0.01486599461419969,0.04141333637236831,1
Aging,KYAT1,0.3464360013111427,0.5763302915737629,0.847444293002762,0
Aging,GUK1,0.7513082083679208,0.8643332397142983,0.9721158330159114,0
Aging,HAGH,0.02776553399518033,0.12932447925016424,0.46674564535880575,0
Aging,NDUFA9,0.992828311521904,0.9972440679382396,0.9999905236608616,0
Aging,PHKG1,0.02376948549888849,0.11624936745154069,0.4743685572702015,0
Aging,PPP1R3A,1.21953308921282e-4,0.0036638258380207998,0.01225529773110277,-1
Aging,HADH,4.055257135806887e-4,0.00820019784288642,0.06562236999390385,0
Aging,UGP2,0.07656156134447581,0.24032044787443685,0.6452651344379742,0
Aging,TXNRD1,0.31620859434793086,0.5504856572133267,0.9041087265502804,0
Aging,IMMT,0.30598152696851594,0.5425625221035321,0.8964087811074338,0
Aging,IAH1,0.9772162804437864,0.9908803460816216,0.9999292338396716,0
Aging,KLHL40,3.4706842461750415e-4,0.00744780507112868,2.3223536430980743e-4,-1
Aging,TKFC,0.41464272340486574,0.6361687459148656,0.8317316009857944,0
Aging,TIMM50,0.04055505008347401,0.1640139813952805,0.4262722353691944,0
Aging,NADK2,0.02791883669975015,0.12932447925016424,0.24325732632758737,0
Aging,FAM98B,0.09264499194252548,0.27022526776023725,0.6200319921811083,0
Aging,HIKESHI,0.05707906027034969,0.20174330041772337,0.5643132955732411,0
Aging,PDLIM3,0.46401122859348354,0.67158679541094,0.9157963907306772,0
Aging,HSD17B12,0.266820339091434,0.5041537943479656,0.7877060763268746,0
Aging,AGK,0.4405055820824646,0.6548873831378872,0.8815996256167716,0
Aging,LACTB2,0.0449793688453932,0.17261243190120784,0.4245845881773472,0
Aging,DCAF6,0.01632315745564514,0.0903357898137414,0.3737912637027612,0
Aging,CAVIN4,0.7131343646170228,0.8453415537511719,0.9840250640886304,0
Aging,FLG2,0.4264418188501826,0.6462052176704017,0.7366642656767727,0
Aging,RABL3,0.8655343204006384,0.9337992450371578,0.9962760674236214,0
Aging,COQ5,1.849653862482742e-4,0.0049650093301235,0.00565551371068786,1
Aging,NOMO2,0.03420605535724192,0.1473886294032153,0.363489100816396,0
Aging,PITRM1,0.03516896952104696,0.15032590020886538,0.2120045579172593,0
Aging,WDR44,0.9901999090365255,0.996359047226705,0.9999670297729962,0
Aging,COA6,0.540210116876324,0.73247058400445475,0.9459733055084596,0
Aging,TOR1AIP1,0.31092587290807294,0.545807271056492,0.7591573094261701,0
Aging,GNAS,0.20725059552844796,0.4358480023963261,0.781670859244314,0
Aging,TTC38,0.7115367958176202,0.8447487385962563,0.9511038791021064,0
Aging,C6orf136,0.4319051562259467,0.6499359002235106,0.7601796996719534,0
Aging,HP1BP3,0.7003970555331851,0.8369250302762202,0.9714104215792946,0
Aging,IBA57,0.0036586724773978,0.03450308618819548,0.02443326339373279,1
Aging,UBR4,0.99941712338617394,0.99941712338617394,0.9999999364415216,0
Aging,DCAF8,0.4923635181646164,0.6911838267920397,0.9312473585373756,0
Aging,DDI2,4.518387811981749e-4,0.00836523024968158,1.121061136332499e-4,-1
Aging,MICOS10,2.3032927996407765e-6,3.9994967616244486e-4,3.5078263540896836e-8,-1
Aging,LYRM7,0.3766529594221155,0.6016581419086041,0.8735103276277739,0
Aging,OBSCN,2.5257305165989906e-7,8.852685460679462e-5,1.106560252919887e-7,-1
Aging,MYOM3,8.484213724654929e-5,0.00307625887292229,3.2017351235380245e-6,-1
Aging,PDE4DIP,0.3720058165589505,0.5981102692840007,0.7759009288735272,0
Aging,BROX,0.4955563480597769,0.6924617939998078,0.9066074454995046,0
Aging,LYPLAL1,0.38626307167154506,0.6135281266807094,0.7401623691173785,0
Aging,SYPL2,0.03682016675282983,0.15394196954513148,0.3649156664766366,0
Aging,ECPAS,0.7650907648604203,0.8725848415990481,0.9939695209975956,0
Aging,MICOS13,0.01808300899425275,0.09568997138171197,0.1760966186759962,0
Aging,RNF123,0.20367929261595263,0.4306910662212892,0.8048591327050981,0
Aging,TMEM198,0.43878524277964825,0.6539797062832036,0.8754586246474598,0
Aging,CRYBG3,0.01616746689473944,0.08971024506500543,0.0073951250713087,-1
Aging,NXN,5.023678866076434e-6,5.282398327679371e-4,6.785606035352836e-4,1
Aging,PTRHD1,0.02924048722986368,0.13224246160086733,0.3595530079439242,0
Aging,ABLIM2,0.02362513123371801,0.11581270625759672,0.08717268537920178,0
Aging,LAMTOR1,4.027868800469951e-4,0.00820019784288642,0.01310436133511961,1
Aging,DHRS7B,8.307609876846045e-6,7.533652829667887e-4,1.1544503977238336e-4,-1
Aging,TWF2,0.4439341312912565,0.6553647876713825,0.8990200857778982,0
Aging,ETFRF1,0.30812513266831476,0.5434832161338956,0.7835302097924856,0
Aging,RAB12,0.2004961619395053,0.4259024530896764,0.7546400846913993,0
Aging,DENND5A,0.2211276802003279,0.4536806017455406,0.7119731922389443,0
Aging,RCSD1,0.20255439436609415,0.42940714854021783,0.7797557807304345,0
Aging,SLC25A24,0.3138863442738676,0.5487140332568109,0.8841575589279222,0
Aging,HIBCH,0.14825884121032484,0.3571458683451468,0.5830769946387766,0
Aging,CAVIN1,0.22942634402991036,0.46379599392815063,0.8418875307339936,0
Aging,MRPL54,0.8629423870896699,0.9325631243831324,0.9929297605515712,0
Aging,LPCAT3,0.05824993776777525,0.2045068766705031,0.2648940916658747,0
Aging,TATDN1,0.07852418838682106,0.24392373438328607,0.4741220673439343,0
Aging,SFXN4,0.07107764201556394,0.2296102629166374,0.3106118747153266,0
Aging,FAHD1,0.23623212789774936,0.4700058325155789,0.800184655451366,0
Aging,LMOD2,3.6456980030302406e-5,0.00178300067450525,3.8316722626990094e-11,-1
Aging,SLC27A1,0.02199107340727146,0.11037455177035758,0.20287285461764687,0
Aging,CCDC137,0.04918314814374933,0.18216573524030505,0.0502451994850785,0
Aging,CORO6,0.01656089584317841,0.09093358735823552,0.07161983768106579,0
Aging,TMEM205,0.00209501249700323,0.02314075638231441,0.09864063507345372,0
Aging,DHRS11,0.7121924002185147,0.8447493613420961,0.9654371003238954,0
Aging,APOOL,0.43230111830193807,0.6499359002235106,0.9298124196064784,0
Aging,NAPRT,0.9978716582353252,0.998346383096522,0.9999984253588736,0
Aging,HSDL2,0.00757664495210219,0.05501767143886046,0.2230411857475333,0
Aging,KYAT3,0.47366417631684377,0.6785529719307373,0.8822267611315373,0
Aging,TRIM72,0.9577279841210836,0.9804089430622784,0.9998375739956132,0
Aging,UBN2,0.5314157255709783,0.7242820938922665,0.8319575439815629,0
Aging,TOM1L2,0.03023262577161369,0.1352749191440502,0.47922506954240746,0
Aging,XIRP1,0.00991447505618444,0.0650720561684794,0.03256389673789655,-1
Aging,VPS13C,0.23070536427645288,0.46379599392815063,0.7355030585928286,0
Aging,UBE2R2,0.5690354385063986,0.7540526321228458,0.9429390826720444,0
Aging,SND1,0.19097761941026808,0.4106604638239199,0.714588712995143,0
Aging,TRMT10C,0.01525266755931003,0.08599560288801343,0.27107245188434126,0
Aging,BZW1,5.294007596624743e-5,0.00221603655808637,4.5959322966177346e-5,-1
Aging,EIF3M,0.00937688322164331,0.06300187033583352,0.2134630523419706,0
Aging,COPS6,0.8186263857245584,0.9055054784046788,0.99606762687731,0
Aging,CHMP1B,0.3761321046089096,0.6016581419086041,0.8662776523379171,0
Aging,RRM2B,NA,NA,NA,0
Aging,ERMP1,0.7377444381700935,0.8594124881719022,0.9357196546267242,0
Aging,MRPL21,0.883653650042717,0.9450165725668896,0.994209417246182,0
Aging,DGLUCY,0.5131775186134567,0.7076027090088038,0.9337000892685818,0
Aging,MYH14,0.14769284107474848,0.3571458683451468,0.6533339345821886,0
Aging,SZRD1,0.598662967750466,0.7723854117663989,0.9582275610330944,0
Aging,MAVS,2.867294237599245e-4,0.00655426063225131,0.04798652785688087,1
Aging,COMMD6,0.7535045932968188,0.8659126555755245,0.974922985852783,0
Aging,HDDC2,0.01427220531264744,0.08178323643732306,0.2251129336841713,0
Aging,HDGFL2,0.02062421052659224,0.10548420742578628,0.13185407967761636,0
Aging,DCXR,1.0590010006158422e-5,8.565688862673524e-4,2.6249734504947065e-4,1
Aging,SPRED2,0.03334748904040992,0.14519621004551153,0.07970333615336234,0
Aging,HUWE1,0.04540828416165012,0.17362476653081854,0.3508182320157511,0
Aging,GLRX5,0.7696327141250886,0.8748851880027358,0.98392682190438,0
Aging,MYPN,0.1067761421913035,0.29429911799254427,0.38923614762569664,0
Aging,SRL,0.38455082316113176,0.611732512184463,0.9289240782871182,0
Aging,PRUNE1,0.04845043509861693,0.1806900582769237,0.12750876556993834,0
Aging,ACOT1,0.5705893267005644,0.7552182327826502,0.9241998552606944,0
Aging,ISCA2,0.05821942077519802,0.2045068766705031,0.43316900511757794,0
Aging,MTDH,0.2791108852013643,0.5187622010348694,0.8353033023200634,0
Aging,KTN1,0.4285692188686624,0.6467310547201195,0.8887791264391827,0
Aging,NLRX1,0.0417112510040123,0.16676570505976782,0.39032472973472215,0
Aging,ALYREF,0.14800304615629592,0.3571458683451468,0.5813631486422166,0
Aging,MDP1,0.00116212823066024,0.01556659661833435,0.01643541732881204,1
Aging,SLC25A42,0.6686859733780595,0.816459861985266,0.8920904169308382,0
Aging,NRAP,8.734134288069011e-4,0.01310990160822052,0.00158005887902837,-1
Aging,VPS36,0.8800642129692338,0.9433104178768088,0.9965064464494394,0
Aging,CAND1,0.8601401322180049,0.9319292622640208,0.9966734958980926,0
Aging,COMMD7,0.938130928715324,0.969231405527294,0.9987047684311317,0
Aging,LDHD,0.4118833932775251,0.6350372258523719,0.809739292356875,0
Aging,CARM1,4.487516921109263e-4,0.00836523024968158,0.00134741462739367,-1
Aging,NIT1,0.08849383766962153,0.26211625439325925,0.5252539767895512,0
Aging,NDUFA11,0.00160034021758777,0.01950838401975869,0.00656971315853987,-1
Aging,ECHDC2,0.1466535775211648,0.35613449598961844,0.6487390953097958,0
Aging,PHYKPL,0.48263205322123026,0.6851298973765295,0.8982751875860964,0
Aging,MUSTN1,4.534646925647651e-4,0.00836523024968158,3.0367957041618097e-5,-1
Aging,NAXD,6.136169253775897e-6,5.865619973041233e-4,3.608556571878364e-4,1
Aging,MFN1,0.8399452675346275,0.9180898636306244,0.9922932419170648,0
Aging,SLC44A2,0.9156210506520066,0.9600956205375124,0.9984604992554512,0
Aging,HSCB,0.5739886467620046,0.756801331749527,0.932559464538955,0
Aging,ADHFE1,0.15182546691345997,0.3620056200895763,0.5504664766404886,0
Aging,UNC45B,0.35521907614582326,0.5849848998705296,0.9000135720163144,0
Aging,MSRB3,0.3612845426907444,0.5903507329282327,0.6439629577267824,0
Aging,KLHDC8B,0.7819973327694826,0.8841615004377537,0.98397497006102,0
Aging,SUPV3L1,0.7490247550441674,0.8635020197418791,0.9687220086958048,0
Aging,THNSL1,0.41257856368326784,0.6350723894442097,0.7321439217509947,0
Aging,PM20D2,0.4290013415761134,0.6467310547201195,0.8330359709249698,0
Aging,MICU2,0.8282673055643358,0.9122641199669076,0.992779362296364,0
Aging,ELMOD2,0.3194348267090786,0.5519896800075532,0.6121853391740263,0
Aging,ALDH16A1,0.9969045693754516,0.9983287187602736,0.9999947046092886,0
Aging,FAM185A,0.8769930512145088,0.940995224538916,0.9926298771279832,0
Aging,ADSS1,0.01813031795073112,0.09568997138171197,0.4176263171651567,0
Aging,NDUFAF2,0.4789863216937378,0.6829208369640207,0.8998243193760108,0
Aging,LRRC47,0.03216505697040219,0.14092315585157456,0.5005172540029899,0
Aging,GPD1L,4.55468652440618e-6,5.041318821487472e-4,0.01385398146827977,1
Aging,EHBP1L1,0.04845895999438181,0.1806900582769237,0.49013053348168767,0
Aging,CMYA5,0.4911493893908224,0.6911838267920397,0.9464468424909948,0
Aging,TXLNB,0.5848929176616804,0.7639930501243067,0.9742647847406588,0
Aging,SYNPO,0.06896875674506259,0.22507295487694448,0.3631182829897216,0
Aging,TOMM5,0.932607472489327,0.9678933096483202,0.9989061937769798,0
Aging,CHCHD4,0.02419163147453656,0.11776620599757032,0.194576918038755,0
Aging,CBR4,0.0046971677808794,0.04005556796362374,0.05293190605002005,0
Aging,MMGT1,0.9131484762198934,0.9596630977933248,0.9982041918154392,0
Aging,SMIM20,0.8694483220996585,0.9367048018985528,0.9957790204779065,0
Aging,CISD2,0.5196439242518612,0.7142556684324602,0.928796250975768,0
Aging,ATPAF2,0.20304875194150823,0.4300216770724993,0.6597377315791181,0
Aging,JAGN1,0.15524774550108483,0.3660157049201585,0.6102176201150332,0
Aging,MRPL50,0.8896759045505919,0.9468564915333476,0.9956145206993448,0
Aging,EMC1,0.18982532965146512,0.41044604922305633,0.6615744515860762,0
Aging,PTGR2,0.6527557527069191,0.8073864793151051,0.9743479867823278,0
Aging,SMYD1,0.7431966083032955,0.8609269133419032,0.9810083866743496,0
Aging,NHLRC2,0.01164193406332937,0.07179761681871459,0.2123075342365401,0
Aging,RDH13,0.8658623527448682,0.9337992450371578,0.994677611397862,0
Aging,TXNDC5,0.1696728447164095,0.3870184640451954,0.7593350897317243,0
Aging,ATAD1,0.09410514761104063,0.2727925357493696,0.6163570621638434,0
Aging,SCCPDH,0.8974176014611628,0.951469390619852,0.99880794449438,0
Aging,SERBP1,0.35813971615246387,0.5873048910735554,0.8716172108659724,0
Aging,FAM98A,0.6404480276335882,0.7997994074307816,0.9545340362340948,0
Aging,PDPR,0.988540684389676,0.9956422697660386,0.9999665163369597,0
Aging,NAXE,0.02725249052854251,0.12773451318495405,0.545544948354517,0
Aging,NPEPL1,0.0419008918474529,0.16676678728999533,0.29042204852361003,0
Aging,ADPRHL1,0.2980171598723872,0.5361249676746196,0.8534353060529557,0
Aging,CHDH,0.3744627943535852,0.6000720981030346,0.795557814702417,0
Aging,ABCF1,0.5721866194331394,0.7553725427921483,0.9578591165034108,0
Aging,MCU,0.12467746791982363,0.32014250920071935,0.5850326637601523,0
Aging,ABHD11,0.0044041540351057,0.03859139973261375,0.02440534705732627,1
Aging,ATL2,0.1014022196864522,0.2862400912759852,0.4612600220839245,0
Aging,PPTC7,0.04077068385784487,0.1645695741901109,0.2140705021910039,0
Aging,COQ8A,0.00627342916657981,0.0483260862172797,0.23516457036450525,0
Aging,NPLOC4,0.00869717064510811,0.06012353346613182,0.3096834107164626,0
Aging,SPATA20,0.1276527047628554,0.32461141247434694,0.2604057235213708,0
Aging,NUBPL,0.17469795611065755,0.39456794556293184,0.578872834968414,0
Aging,DEPTOR,0.16609564081320746,0.3820833964893744,0.6559561301333195,0
Aging,RDH11,0.17830100731743878,0.3983850069326778,0.5259810523336971,0
Aging,LRRC20,0.603598033565734,0.7735323976774764,0.9720480164226716,0
Aging,NT5C,0.04333631356257521,0.16908398408552072,0.3429220590046728,0
Aging,PNPT1,0.2217706412717146,0.4536806017455406,0.7871838517117844,0
Aging,SPPL2A,0.7158490333094092,0.8463801058848562,0.9756681273184687,0
Aging,PREX1,6.852238593233717e-4,0.01134665965477992,0.00203041058239806,-1
Aging,NEK9,0.81553081164862,0.903615014171258,0.990418240375198,0
Aging,GPT2,0.01322379759690695,0.07839642558682718,7.066635828224694e-4,1
Aging,MYOZ3,0.06349766270909638,0.2138125893017939,0.135073001125244,0
Aging,NEK7,0.5658020123413854,0.7507139633778761,0.9618344367598596,0
Aging,DTD1,0.1107078475349394,0.30079619601030155,0.5205343368775548,0
Aging,UTP15,0.04039620471891907,0.16368635553735417,0.0630939696186894,0
Aging,SETD7,0.31886291362702834,0.5519213338853338,0.883274349133659,0
Aging,NUP133,0.8290270797920789,0.9122641199669076,0.9870680512081448,0
Aging,PDCD6IP,0.12040436505365676,0.3140178731408692,0.7745336536213088,0
Aging,THEM6,0.307452607010982,0.5434832161338956,0.8258331609079989,0
Aging,SMIM4,0.04406589380806346,0.17097892007077023,0.32879268356036834,0
Aging,NUDCD2,0.8867949883211047,0.9463619661945764,0.9976682863351078,0
Aging,SCFD1,0.00549943644763296,0.04459332986283149,0.09234560660959744,0
Aging,PCNP,0.5132540749207437,0.7076027090088038,0.9043248868409648,0
Aging,DNAJA4,0.32005271767109966,0.552150012520363,0.8018756355316744,0
Aging,SPRYD4,0.34395856223477617,0.5750227213993282,0.8334189664081464,0
Aging,RTN4IP1,0.32722420817819353,0.5611389039967383,0.7864036718288004,0
Aging,PALLD,0.6009109654598292,0.7733878582386908,0.9394268766568236,0
Aging,SYNE2,0.06658952521261707,0.22018517534926685,0.4804381688887164,0
Aging,THAP4,0.08249668092569894,0.2532708320974377,0.5295551990910151,0
Aging,IFT81,0.06480082042387694,0.21631131008160828,0.10895583798747888,0
Aging,TTN,1.3285881029871213e-6,2.5400188914381056e-4,6.914524649692423e-11,-1
Aging,DDX1,0.6622220550906923,0.814416948453641,0.9824327962541342,0
Aging,HSD17B8,0.091967366954062,0.269072831684221,0.5188917014610444,0
Aging,CPT1B,0.05070229784591647,0.18583424303613635,0.436430813176134,0
Aging,PSMF1,0.4734639859685177,0.6785529719307373,0.9408528981481294,0
Aging,UBXN4,0.3706590351118877,0.5973149048584673,0.8583239154767571,0
Aging,HSPH1,0.2767806496505252,0.5173952944133817,0.15093499950008174,0
Aging,MYO18A,0.31744920346942634,0.5512352778846321,0.7833842403949269,0
Aging,GCN1,0.28078489058204403,0.519313746616664,0.7803259310615518,0
Aging,SGCD,0.5348677196536105,0.7266323090643041,0.9612823847056888,0
Aging,AKAP1,0.2315671866973648,0.46379599392815063,0.6721424367053697,0
Aging,RABGGTA,0.6589979999739907,0.8128286181497374,0.97786135048171,0
Aging,TFG,0.11507802661077134,0.3058584048881601,0.6645617441034636,0
Aging,ARPC1A,0.4851334488812412,0.6862336957846302,0.9428413443354714,0
Aging,P3H4,0.23521598251891085,0.4684272833686264,0.6261918846185331,0
Aging,DDX17,0.2401431852304237,0.4746439084018618,0.8402300323823333,0
Aging,CELF1,7.946184375871898e-4,0.01236617550999628,0.01104007999418259,-1
Aging,UFD1,0.4424231067761547,0.6552223898241221,0.9004408748362152,0
Aging,RPL3L,0.3298679391006353,0.562977184256147,0.743520483375002,0
Aging,COPS5,0.763076339105039,0.8725848415990481,0.9909653817237648,0
Aging,KHSRP,0.11850220120461516,0.310348853217068,0.635453409199482,0
Aging,GCDH,0.02220205461519953,0.11090480013245754,0.25449175987911676,0
Aging,TNPO1,0.06349699422406016,0.2138125893017939,0.5721385929410828,0
Aging,USP13,0.5751643322244315,0.7578763099423431,0.9309950737365236,0
Aging,USP9X,0.5111016973856486,0.7062068788449534,0.955640517498523,0
Aging,CUL5,0.18146007018220087,0.4023114637502881,0.8256594950769472,0
Aging,LPP,0.02624458924739447,0.12486961807074792,0.3028495178649688,0
Aging,ATP2A3,0.04157366569581387,0.16653222658723155,0.2781100797741578,0
Aging,PHKB,0.00129160006332349,0.01687102442962308,0.07502474516099109,0
Aging,UBE2F,0.16839580008102364,0.38534969267725,0.5102410929679868,0
Aging,RPL36AL,0.00968877131419532,0.0642759813052138,0.10851926614452286,0
Aging,WBP2,0.6184181552256114,0.7843989025569728,0.97450372100181,0
Aging,ERGIC1,0.34667513972458874,0.5763302915737629,0.8033806541418319,0
Aging,MTARC2,0.7004222792611259,0.8369250302762202,0.9826643990520296,0
Aging,FAM162A,0.7980334053893674,0.8963623331638939,0.9931392310230036,0
Aging,CCDC47,0.00284372635303203,0.02914920441345928,0.10227991225923956,0
Aging,TMEM230,0.6092201199277242,0.7788388524060814,0.9595664771557164,0
Aging,ISOC2,0.14210965921285018,0.34953989862529117,0.7512213853112366,0
Aging,FERMT2,0.8770093390852475,0.940995224538916,0.997112505647842,0
Aging,FUBP1,0.2618237203483824,0.497603948687193,0.8462586117252034,0
Aging,SLC25A46,1.5134101710105927e-4,0.0043598651912812,2.454676879275671e-4,1
Aging,TMEM143,0.34358236612779536,0.5750227213993282,0.8393849073475709,0
Aging,PBXIP1,0.01354310153937891,0.07974697765177471,0.3281287785891777,0
Aging,PTER,0.32443630064284845,0.5578818808274001,0.5615261818003461,0
Aging,ZBTB9,0.8084845502401244,0.8995994757433766,0.9881419374264794,0
Aging,FAM136A,0.07785367666160918,0.2429173323729438,0.3663421548190506,0
Aging,FGGY,0.02781318306323053,0.12932447925016424,0.09212138379896824,0
Aging,GALM,0.09485066119305278,0.273247863683548,0.6210340462773725,0
Aging,DCPS,0.7075725570821014,0.8421194609754722,0.9701502832328136,0
Aging,PPP1R14B,0.3745110752429121,0.6000720981030346,0.8653987309579396,0
Aging,ACSF2,0.01266578990541372,0.07632136438706322,0.20202983550857465,0
Aging,ISOC1,0.8415092290572942,0.9193215110168776,0.9935685270503106,0
Aging,CCDC124,0.5107694672900867,0.7062068788449534,0.9391451754040164,0
Aging,OPTN,0.02023155827406984,0.10428178198619824,0.23206917437931857,0
Aging,AP2M1,0.083693825773165,0.25415217979831933,0.5687394151047641,0
Aging,KCTD12,0.3572828688597518,0.5870045884469204,0.6762303974631688,0
Aging,RMDN1,0.32201223702803444,0.5546205851514795,0.8665429319957114,0
Aging,ECHDC3,0.05962250193020964,0.2071543409324632,0.28270207220020255,0
Aging,NUDT16,0.5813619885609268,0.762697605704073,0.9553455921702352,0
Aging,CMBL,0.935778871639727,0.9684758696153276,0.9991988469796512,0
Aging,MSI2,0.7240947144617813,0.8526154448561737,0.9827937366489036,0
Aging,MRPL38,0.4409512765208028,0.6548873831378872,0.894074300500746,0
Aging,MRRF,0.803228542972633,0.8985051201443869,0.9902821438646904,0
Aging,MRPL53,0.6640881070258446,0.8157577623103688,0.9572368654277784,0
Aging,DAZAP1,0.3463132455785183,0.5763302915737629,0.5664776811734532,0
Aging,DNAJA3,0.5044838358461439,0.699821574396069,0.8994860310688446,0
Aging,PTCD3,0.3176223656700005,0.5512352778846321,0.8417071905161895,0
Aging,MMAB,0.830460861792026,0.9129425992413124,0.9932628358588952,0
Aging,DYNLL2,0.560720487352127,0.747745836969894,0.9309190649521842,0
Aging,S100A16,0.1219689478272815,0.3162770619984871,0.2074141269280005,0
Aging,SCRN2,0.7781421838170723,0.8816988214263487,0.9856159473964026,0
Aging,OTUB1,8.626906097962328e-9,1.8142383524014776e-5,6.401007479366329e-5,1
Aging,CHMP6,0.2901129166733068,0.5291331822253755,0.8301164346550339,0
Aging,PDXP,0.17686901238653957,0.3965410800094805,0.5746858292111063,0
Aging,DCUN1D1,0.06020266054123148,0.20755113953804888,0.42865336149925914,0
Aging,FAHD2A,0.04300568271556038,0.16873311707243183,0.22745439063177852,0
Aging,SNF8,0.4160115868113214,0.6367338916042277,0.8936322838207433,0
Aging,PDLIM5,5.410688892030218e-4,0.00956191490751222,0.0151233905587278,-1
Aging,CRELD1,0.4437843843315926,0.6553647876713825,0.8460912199646051,0
Aging,ERO1A,0.09153598830341432,0.2687762042747706,0.6553774584252807,0
Aging,AHCYL2,0.695722215937302,0.834152691058236,0.986843661292676,0
Aging,PGAM5,0.17139590605555985,0.3888301946438429,0.6208242225072468,0
Aging,DDRGK1,0.12816216439016748,0.32504490721397844,0.6804296047416514,0
Aging,PYURF,0.00335789808720096,0.03284492873201691,0.00769881030830292,-1
Aging,SUCLG2,0.8650446306707824,0.9337992450371578,0.9952304849579,0
Aging,ABHD14B,0.5622168875080111,0.7492662322112468,0.9646911462580756,0
Aging,NGLY1,0.00758240009793882,0.05501767143886046,0.14184357233598452,0
Aging,TMX3,0.03836503358717103,0.15851014859296794,0.01231339304423797,-1
Aging,BTF3L4,0.02878019711435305,0.13126394999604368,0.5042314764258767,0
Aging,USP47,0.8189593057183542,0.9055054784046788,0.9933900810893206,0
Aging,CNDP2,0.8121007053738403,0.9021911164295752,0.9946095373167084,0
Aging,ALPK3,0.00852710471110195,0.05977500402482467,0.10409598183505402,0
Aging,STAC3,0.07433576528848934,0.2373258719662616,0.4696829482693553,0
Aging,COQ10A,0.6490613333429222,0.8066690080135717,0.9653158105311676,0
Aging,JSRP1,0.4289104169518899,0.6467310547201195,0.9301294259882148,0
Aging,MCEE,0.01125068110547913,0.07024905914315029,0.02343340132081418,1
Aging,QKI,0.7159820296572322,0.8463801058848562,0.9720279412800792,0
Aging,PLIN4,1.626762952570291e-5,0.00115312251106187,0.00102164871358,1
Aging,ALKBH3,NA,NA,NA,0
Aging,VPS35,0.18259058831175803,0.403772878254077,0.7627594007409435,0
Aging,PURB,0.8016353267127626,0.8976778978045473,0.9878773665416126,0
Aging,BBS4,0.682556848167725,0.8240051961519665,0.9702292332339464,0
Aging,VPS13A,0.17339375405458277,0.3929386473887797,0.39023381521300127,0
Aging,GFM1,0.729791299555693,0.8550145420421295,0.98576787510824,0
Aging,MCCC1,4.935488054675577e-4,0.00894769946464029,0.00808278065954185,1
Aging,METTL26,0.8250863178743256,0.9094111774055066,0.9936568912608548,0
Aging,CLCC1,0.10464830106692671,0.29304311204227285,0.6195907841100736,0
Aging,PEBP4,0.9950731382989946,0.9979482727940456,0.9999927279533658,0
Aging,PLEKHF1,0.9222352749898962,0.9644260483857542,0.9987431175129172,0
Aging,MYCBP,0.06134322666176249,0.21043781529552183,0.4649182564713405,0
Aging,TBCB,0.12120389489246557,0.3154601373253157,0.6883782770071382,0
Aging,PSMB7,0.341433526266433,0.573350750757543,0.901004478103811,0
Aging,PCYT2,0.18320791978616915,0.4042877810181676,0.6850625447095452,0
Aging,PSMD1,0.27803909533542004,0.518079600809091,0.882292067796367,0
Aging,PFDN5,0.5134577907500878,0.7076027090088038,0.955965494147073,0
Aging,PAFAH2,0.9597203868619848,0.9811404379804364,0.9996816179779224,0
Aging,PARK7,0.4448557090636187,0.6557252864262828,0.9509848771566785,0
Aging,VAT1,0.8526420396277463,0.9271490224080404,0.9963478295692731,0
Aging,PLIN2,1.840885758460149e-4,0.0049650093301235,6.3143140032699e-5,1
Aging,S100A13,0.30206225660384306,0.5387929818811551,0.7007726794739524,0
Aging,TSNAX,0.4095962667238931,0.6329029749598437,0.8767895899795586,0
Aging,EIF3C,1.1861936944292796e-4,0.00361531208606489,0.01228051714646935,-1
Aging,PHB2,0.0346804810108547,0.14853981988966894,0.5087572468246387,0
Aging,COPS8,0.08478383061267124,0.2550792500406976,0.643088438916522,0
Aging,SDHC,0.18942570419508784,0.41044604922305633,0.5666910910977382,0
Aging,CHP1,0.00676729842826152,0.05100942148614336,0.1659802922534262,0
Aging,HSD17B10,0.49381513360925744,0.6916699669459683,0.9465077424687672,0
Aging,NAP1L4,0.00962938006439802,0.06426182699404182,0.35942560280519315,0
Aging,MGST2,0.00197075411942254,0.02211363062539776,0.01766277061348491,-1
Aging,TXN2,0.24792442837988743,0.48276395637305863,0.8158223624384103,0
Aging,DMAC2L,0.05286672393536875,0.19004909476253076,0.3591939301551653,0
Aging,ACO2,0.00114032785480045,0.01556659661833435,0.13365236208912934,0
Aging,COQ7,3.4382364584700636e-5,0.00172157411241965,0.02072400605115355,1
Aging,SLC29A1,0.7013706554303528,0.8371069741033099,0.9779647235397944,0
Aging,TSG101,0.1830722237522418,0.4042877810181676,0.7634015105002618,0
Aging,CPNE1,0.12267089000606214,0.31731019378744496,0.627911261664131,0
Aging,CCT7,0.14823247171604337,0.3571458683451468,0.8038076032406732,0
Aging,PRMT1,0.888837594823119,0.9466049342318128,0.9981965789077664,0
Aging,NIPSNAP1,0.7981636000088994,0.8963623331638939,0.9819357231320168,0
Aging,ARPC5L,0.6162624781841172,0.7830815659342589,0.9230654439479922,0
Aging,MICU1,0.00346067204523569,0.0329311914530799,0.01850241283795359,1
Aging,MACROD1,0.01795649592025608,0.09560129346911024,0.3632983776456958,0
Aging,WDR77,0.5459019869861317,0.7366892665211278,0.9500311472600568,0
Aging,APOL2,0.14731912795606977,0.3569264125479432,0.5771530844226667,0
Aging,FYCO1,0.9839699165483922,0.9942664941598924,0.999943469653468,0
Aging,JPH2,0.01678376555181257,0.09167859468951128,0.325945137227406,0
Aging,CORO1B,0.8326773334493464,0.9149009572852536,0.9857105475139986,0
Aging,TXNDC17,0.04969485264965205,0.183347851091611,0.5772272668175362,0
Aging,PLCD4,0.25134629159672267,0.4862753001176705,0.8497352119053788,0
Aging,CPPED1,0.14963816776974942,0.35964464779403776,0.4613318769401605,0
Aging,VPS25,0.9960501305728492,0.9979482727940456,0.9999969896402836,0
Aging,MIEN1,0.01189064850698574,0.07311705792453511,0.10954324411088268,0
Aging,PELO,0.24324411705941215,0.47897226420968514,0.7282492458915618,0
Aging,PRXL2A,0.615720313364163,0.7830815659342589,0.9517817605703226,0
Aging,ERP44,0.8562081680061232,0.9293722561857906,0.991333223743062,0
Aging,LXN,NA,NA,NA,0
Aging,NIPSNAP3B,0.06625518353389466,0.2194246471996543,0.4386159767722867,0
Aging,NTPCR,0.4241338651135194,0.644475085501251,0.8795024277805367,0
Aging,AGMAT,0.49996212680114416,0.6958440454419631,0.8544588837536722,0
Aging,TACO1,0.00589585780743546,0.0459221813668029,0.09860524905922284,0
Aging,ESYT1,0.31581857474080177,0.5504856572133267,0.8170870682560917,0
Aging,UBAC1,0.0559243910962504,0.1987861210704366,0.5459352459558219,0
Aging,COPS4,0.01880470645348333,0.09812977089745772,0.5164195564482849,0
Aging,DCTN5,0.02123228368192008,0.1073729468884756,0.18759937872953836,0
Aging,AARSD1,0.24951801542919497,0.48496893387023754,0.7326073737509564,0
Aging,TMEM43,0.1836217813194312,0.4043524671358783,0.7037497413980993,0
Aging,DHRS4,0.5277272549096268,0.7203138190798429,0.914301040988096,0
Aging,TMEM70,0.6058707647308212,0.7759721182880129,0.9438174676650124,0
Aging,TUBB6,0.7264255470019894,0.8534674466902405,0.981481191158526,0
Aging,CHCHD7,0.07555410789596566,0.2382163251952261,0.43852588282033567,0
Aging,APOO,0.6819382727385694,0.8237312967083351,0.9821993712077044,0
Aging,MRI1,0.9957609975831736,0.9979482727940456,0.9999928069829536,0
Aging,ABHD6,3.0213048741738343e-4,0.00668821489514481,0.00314288608460194,-1
Aging,ADI1,0.4164007664299155,0.6368660449469907,0.8137824333871768,0
Aging,MECR,0.06900025655590154,0.22507295487694448,0.53813259460756,0
Aging,NTMT1,0.04323066269073209,0.16898528557362377,0.2779886410853697,0
Aging,TMEM109,0.18175657641209825,0.40235166336278166,0.7336376365373436,0
Aging,TMED9,0.4377798144229528,0.6534073454446201,0.9054388589535796,0
Aging,TIMM21,0.442923724357986,0.6553647876713825,0.9024935923889584,0
Aging,TPPP3,0.3010930874414666,0.5383174909428001,0.709190773209429,0
Aging,NUDT9,0.787583627538566,0.8882857015720607,0.9913526524504974,0
Aging,FUNDC2,0.6117380727990485,0.7811081767434116,0.9736971159128768,0
Aging,SORBS1,0.9140300451165144,0.9596630977933248,0.99678274535338,0
Aging,HINT2,0.5554024144399724,0.7440012016600854,0.935425508378688,0
Aging,OSBPL11,0.13198192148787694,0.3304623190626891,0.47450016437373294,0
Aging,NT5C1A,0.00898466138301248,0.06134656781972487,0.06242921589677115,0
Aging,TMEM120A,0.9909882881890248,0.9966754519662931,0.9999521945923052,0
Aging,NAA15,0.8930279540800827,0.9499432409865524,0.9960598283315236,0
Aging,BCL2L13,0.2885027099795566,0.5271252815699458,0.8923601475595389,0
Aging,AP1M1,0.29077547572516116,0.5291331822253755,0.8179549570281639,0
Aging,OSBPL1A,0.0043463451026329,0.03840488970939914,0.17730287061052769,0
Aging,HDHD5,0.5853536707145874,0.7639930501243067,0.950016923169418,0
Aging,EIF2A,0.04785679106650979,0.1793989868322105,0.3872874001054594,0
Aging,MRPL13,0.08566632900787724,0.2569989870236317,0.470246931572412,0
Aging,MRPL9,0.00510566790566991,0.0416171302543559,0.00887173897492062,-1
Aging,MRPL4,0.7651195662903685,0.8725848415990481,0.9678910186953508,0
Aging,MRPL1,0.06430086397858191,0.21566940501907136,0.412204573186517,0
Aging,NLN,0.7237615323275435,0.8526154448561737,0.9765707698285306,0
Aging,TRIM54,3.184723012264889e-4,0.00690461081937429,0.00999337585258901,-1
Aging,BCO2,0.6508904007364364,0.8070487938221268,0.9293255349128278,0
Aging,MRPL37,0.4495357611329638,0.6597164728978526,0.8693070654284428,0
Aging,ASPSCR1,0.10540534722786692,0.29398865413820174,0.5286239421911343,0
Aging,UBL5,0.7419640101399252,0.8605687765433043,0.9882690756512672,0
Aging,NIBAN1,0.978973168072512,0.9921834084127676,0.99990806045072,0
Aging,UBXN6,0.7493538687726722,0.8635020197418791,0.9873852258370108,0
Aging,UBE2O,NA,NA,NA,0
Aging,LNPK,0.6207884772862583,0.7859832436682728,0.9735227046894632,0
Aging,PITHD1,0.09311212591729044,0.2708365156349402,0.4431224666042763,0
Aging,SLIRP,0.6915414662425245,0.8300865887602906,0.9779839905958998,0
Aging,NIF3L1,0.23654458885244745,0.4701826751953658,0.8348468937425384,0
Aging,EGLN1,0.14264019996374802,0.34961811249855723,0.46321375802532927,0
Aging,ANKRD2,0.36510263199641046,0.5932040106323417,0.803102645668124,0
Aging,NAA50,0.08550706634035546,0.2568876578768108,0.6339286091777204,0
Aging,TMEM126A,0.6184180598713599,0.7843989025569728,0.9707567152774949,0
Aging,PAIP1,0.06144023708580618,0.21043781529552183,0.5126522694441616,0
Aging,CLPB,0.4194452458522306,0.6394781967692211,0.8532875920580824,0
Aging,TOLLIP,0.03859024366078484,0.1588515966392864,0.4645299796959177,0
Aging,PCBD2,0.00306883525522713,0.03061270783693653,0.1813935792524949,0
Aging,NT5C3A,0.3105986238758363,0.5456883091151912,0.9000908552371482,0
Aging,HDHD2,0.9158116095093912,0.9600956205375124,0.9990280761228773,0
Aging,RAB1B,0.9674891839236162,0.98481595052825,0.9998038950600964,0
Aging,C11orf54,0.15780051762077996,0.3698064646456262,0.7451365234559942,0
Aging,NUCKS1,0.05238775273738742,0.1892980137572607,0.5528276906341439,0
Aging,TMX4,0.49736922398565664,0.6929562319001258,0.9475374329989048,0
Aging,MYLK2,0.3334605021942093,0.5664151527912331,0.7866734950103269,0
Aging,EHD4,0.469581385001547,0.6750031802175347,0.8742261771808135,0
Aging,SH3BGRL3,0.15135713447940727,0.361709152057038,0.65037376384111,0
Aging,SLK,0.5015754882862349,0.6971667229781572,0.9315748981484958,0
Aging,PPIL3,0.4021234673302122,0.6254923460025416,0.8566101576822325,0
Aging,LRMDA,2.7878517196921717e-4,0.00644269468847542,0.00774851841199602,-1
Aging,TNMD,0.42732616965985504,0.6462052176704017,0.8883363229394744,0
Aging,PPA2,0.6032424280274673,0.7735323976774764,0.9689930331619694,0
Aging,MRPL46,0.8865859398645567,0.9463619661945764,0.9970442693363504,0
Aging,TMEM245,0.1009083278177193,0.2856126694490763,0.5636835468768439,0
Aging,C11orf68,0.29558293031928273,0.5341300385278606,0.8165038116952064,0
Aging,GHITM,0.11252698851365207,0.30300160927555736,0.6197000578285253,0
Aging,BOLA2,0.9001026575731095,0.9521709702596828,0.9980315563471648,0
Aging,TMX1,0.10527677597662063,0.29398865413820174,0.6156280024866124,0
Aging,CHMP4B,0.6998780283731807,0.8369250302762202,0.9849390143963184,0
Aging,RBKS,0.4761748147467219,0.6798341041495969,0.916876935751918,0
Aging,FN3K,0.01209277919127848,0.07414319136810102,0.2979811573874512,0
Aging,TOR1AIP2,0.7902394492063726,0.8906074821441594,0.9783404237000278,0
Aging,RNPEP,0.00772383660204056,0.05562749443181953,0.1898539497111877,0
Aging,GLIPR2,0.5515907368881481,0.7409189297559071,0.9065851012635412,0
Aging,EHD1,0.3035738765919668,0.5410007834845572,0.8923596178432851,0
Aging,TMEM38A,0.00439455842083026,0.03859139973261375,0.05730203156091634,0
Aging,OPA3,0.8763303236875413,0.940995224538916,0.996158709992794,0
Aging,DCTPP1,0.09430345862567369,0.2727925357493696,0.4157561562347955,0
Aging,AAMDC,0.03112574694637223,0.137248833145086,0.32676166623376557,0
Aging,PTGES2,0.7277746571586825,0.8534674466902405,0.986692816632751,0
Aging,UBE2Z,0.11268675729626314,0.30304379871360787,0.6284814350816904,0
Aging,ACAD9,0.7222889454599646,0.8519201639384775,0.980552406700694,0
Aging,METTL7A,0.34997138651446125,0.5804336165929905,0.8572450209273552,0
Aging,COQ10B,0.23045234585701976,0.46379599392815063,0.7148283199600379,0
Aging,MOB1A,0.5386469481986108,0.7311231903172292,0.9353981064396862,0
Aging,GORASP2,0.9308789515208836,0.9678933096483202,0.999331358488248,0
Aging,JPT2,0.00976448222481049,0.06457454754332224,0.03328473141946585,1
Aging,SYNPO2L,8.351961127255664e-7,2.1955217813273328e-4,4.166314910524986e-12,-1
Aging,ARMT1,0.41081681105631374,0.6343016192390174,0.8863274088382046,0
Aging,LRRC40,0.42631927036150297,0.6462052176704017,0.7775834496424887,0
Aging,SFXN1,0.00842600794035315,0.05926386186810263,0.22253874334336973,0
Aging,L2HGDH,0.07483382719750238,0.23755913172041657,0.5142015826877099,0
Aging,COPS7B,0.01296850363215156,0.07743327938890768,0.01235082477961835,1
Aging,FN3KRP,0.4490231146214483,0.6597164728978526,0.8080056080196513,0
Aging,TBC1D17,0.5388687327587757,0.7311231903172292,0.9491546489748002,0
Aging,CARS2,NA,NA,NA,0
Aging,GRPEL1,0.02886269943573839,0.13126394999604368,0.1959834713461487,0
Aging,CACYBP,0.23133911100882684,0.46379599392815063,0.7490082326884748,0
Aging,RDH14,0.92668040133684,0.9670764593237392,0.9990029072199026,0
Aging,PARVB,0.7358556268820435,0.8587704679983005,0.9861912029489384,0
Aging,TNS1,0.06467954156987057,0.21631131008160828,0.4478077526904333,0
Aging,PLGRKT,0.3416112651922023,0.573350750757543,0.8053235740512417,0
Aging,GLOD4,0.04485678144606874,0.17260279420517066,0.5851324730058101,0
Aging,MCCC2,0.7204672330439095,0.8502483676157921,0.974771584652877,0
Aging,HHATL,0.06371120229728293,0.21403300068879552,0.40717451589819514,0
Aging,PREB,0.15323210038834476,0.3635811210601312,0.7001548506403099,0
Aging,MRPL47,0.9079350162752744,0.9556493189323834,0.9984109465731478,0
Aging,JPH1,0.03772544192862184,0.156174418062779,0.44839818817999566,0
Aging,APMAP,0.5881221083417987,0.7650220276000397,0.9600450567108696,0
Aging,TXNRD2,0.4274234226245977,0.6462052176704017,0.889632984060946,0
Aging,RAB18,0.3603425247173158,0.5892693075276169,0.9071417480412498,0
Aging,PALMD,0.20599897205985832,0.4340840062543908,0.7376690235827622,0
Aging,SSU72,0.06335522345748672,0.2138125893017939,0.4331730085203044,0
Aging,VTA1,0.6156011685790754,0.7830815659342589,0.9732774822664836,0
Aging,SARS2,0.13796672380226566,0.34174796249253786,0.6436886342403924,0
Aging,DYNLRB1,0.10654052854185478,0.29409981732452767,0.5668230668179335,0
Aging,MYOZ1,0.00219558348819092,0.02392389676510624,1.735921185412696e-5,-1
Aging,MYOZ2,0.2208223611086093,0.4535052982533256,0.3544531836317538,0
Aging,OSGEP,0.02713974117847548,0.12773451318495405,0.2977978816738228,0
Aging,ACOT13,0.4324703976816764,0.6499359002235106,0.9228003688485892,0
Aging,MRPL40,0.11084976315168033,0.30079619601030155,0.5102984055844718,0
Aging,TIGAR,0.2698434416312779,0.5089513522426703,0.5995596097626413,0
Aging,RTN4,0.48472238897396913,0.6862336957846302,0.9534003341470492,0
Aging,HINT3,0.03557569819452765,0.15175597018882686,0.22192442122333136,0
Aging,PFDN4,0.08595723870175084,0.25713808391149645,0.591379799319213,0
Aging,NIT2,0.356567217202184,0.5862868317249358,0.9281479638479092,0
Aging,XPNPEP1,0.01670573746070969,0.09149001531216794,0.35743894783711205,0
Aging,GPHN,0.25347036318019445,0.4885867770558652,0.7679502186094735,0
Aging,PDLIM7,0.04260107532979299,0.16777165059654428,0.12329928762168368,0
Aging,ACSS2,0.0190809263565652,0.09932472308875402,0.3609063626193996,0
Aging,DIABLO,0.0983948809990452,0.2796276145148542,0.5973390428196809,0
Aging,SAR1A,0.02679244791888234,0.12690206750767924,0.4165083487011834,0
Aging,SH3GLB2,0.04385328163928779,0.17046848666806327,0.3273347995453382,0
Aging,EIF2B3,0.45497157778437514,0.6654456806309795,0.8020806739588267,0
Aging,MBNL1,0.36487070530446897,0.5932040106323417,0.9108196663377977,0
Aging,SDR39U1,0.03878283548763354,0.1592974668564323,0.2478653018590637,0
Aging,AASDHPPT,0.5916986294053934,0.7676386290188417,0.9446381636588634,0
Aging,OSTC,0.09825721603156772,0.2796276145148542,0.4408840190513027,0
Aging,CMC2,0.5926355446626126,0.767906685413108,0.9508936571473524,0
Aging,HEBP1,0.4752021043116532,0.6793677942674416,0.9363517724898434,0
Aging,PHPT1,3.360629737330252e-5,0.00172157411241965,0.00970256629838636,1
Aging,TOMM22,0.08958962256689688,0.26446286715743506,0.3855160689547121,0
Aging,LANCL2,0.04526835648084047,0.17340501580912115,0.4520289037696991,0
Aging,FARSB,0.8066735317361086,0.8990113604880956,0.9920169735701232,0
Aging,IARS2,0.08370945573103046,0.25415217979831933,0.6440433472962478,0
Aging,SIRT3,0.33272603876754303,0.5661188183884652,0.8310967493079167,0
Aging,MAN2C1,0.6279439159094505,0.7910139835726295,0.9622621626234988,0
Aging,OLA1,0.6502568352581113,0.8067788345414797,0.985554740409892,0
Aging,CUTC,0.07836615168467564,0.24379292454566992,0.515855868125415,0
Aging,ACSS1,0.3697469812383055,0.5963020717363163,0.8405347464810161,0
Aging,ABHD10,0.258956243933474,0.4937307171279201,0.7930697363282696,0
Aging,DDX19A,0.04347473351337209,0.16930993440485465,0.5885889992287894,0
Aging,SEPTIN11,0.271283102682261,0.5110891912090954,0.7846035670175024,0
Aging,PARVA,0.7958642650222479,0.8959863754506356,0.9903142044103272,0
Aging,PANK4,0.15020514496385284,0.3601206434004599,0.7114521492244578,0
Aging,DNAJC11,0.19085361567070527,0.4106604638239199,0.671277357478218,0
Aging,TMLHE,0.19088105839360792,0.4106604638239199,0.5631700890803752,0
Aging,ATAD3A,0.01259502037040965,0.07632136438706322,0.12394628171077196,0
Aging,ARL8B,0.59078915720387,0.7669318503702091,0.9700572776984492,0
Aging,MRPS18A,0.41329193573847034,0.6350723894442097,0.8311936942983501,0
Aging,PNPO,4.33287485667066e-4,0.00830367293487701,0.0058144148334503,1
Aging,OXSM,0.9533982805922704,0.979453821313377,0.9993660308246264,0
Aging,MRPL22,0.01642470020394805,0.09055305908462168,0.13354550590106207,0
Aging,CZIB,0.6770808906906737,0.82021953520880575,0.9810969805666432,0
Aging,BABAM1,0.1166165881320926,0.3078773230591879,0.6630931873293536,0
Aging,NDUFB11,0.10593151088254003,0.29409981732452767,0.5786727373840669,0
Aging,OCIAD1,0.15034994051621675,0.3601206434004599,0.7598853326254946,0
Aging,MARCHF5,0.00138965975329892,0.01760514735655199,0.01895644102680025,-1
Aging,CHCHD3,0.904328745486604,0.9536237104646026,0.9986904672451062,0
Aging,SIRT5,0.04882161998459874,0.1817201182789578,0.4807689916235609,0
Aging,BABAM2,0.9616095152420624,0.9816819468709016,0.9997981170871802,0
Aging,DPP3,0.7692575498786802,0.8748851880027358,0.9913235235928716,0
Aging,TUBA8,0.01601393949764021,0.08914355956817166,0.4003809310562735,0
Aging,MAP3K20,0.13616569412771332,0.33808318152370853,0.4970019520695102,0
Aging,UGGT1,0.2952202897740375,0.5341300385278606,0.8314261765309874,0
Aging,TECR,0.6313835257646236,0.7941384896429446,0.9591705058974672,0
Aging,ERAP1,0.3188413460646806,0.5519213338853338,0.8222465998462104,0
Aging,CISD1,0.0013125694056794,0.01693456110517667,0.09913824982431972,0
Aging,CLIC5,0.08184763952647549,0.25219619954701805,0.6022490173778362,0
Aging,FAM120A,0.12663402576798383,0.32319339343455095,0.6164759595813969,0
Aging,GLTP,0.945658220447491,0.9748506683041356,0.9989768260275697,0
Aging,COQ3,0.04436111530222263,0.17117692748729207,0.4797762437351279,0
Aging,HSPBP1,0.7648038749714956,0.8725848415990481,0.9864228523042012,0
Aging,MAT2B,0.00285531911991089,0.02914920441345928,0.13004141683548465,0
Aging,MYOF,3.827291741191011e-6,4.5242964691572435e-4,1.337105596479747e-5,-1
Aging,EHD2,0.8995638433206902,0.9520799006056424,0.9988138289647436,0
Aging,TMOD4,0.00589570534367894,0.0459221813668029,0.00537950539282785,-1
Aging,LMCD1,0.934144955523638,0.968214313191824,0.9991939676334056,0
Aging,CHMP5,0.3824255990902301,0.6090767503896618,0.8123185941527674,0
Aging,CNIH4,0.34703148800300776,0.5764669978438589,0.8204120636361525,0
Aging,NDUFAF4,0.4086206828234482,0.6323247211020688,0.8470321452435667,0
Aging,EMC3,4.1869086694083313e-4,0.00830367293487701,0.0051817192992965,-1
Aging,NDUFA13,0.30827872356119496,0.5434832161338956,0.8440759613739627,0
Aging,PDP1,0.00290283271492827,0.02937822346861392,0.04334876771717114,1
Aging,MRPL36,0.1402004958422938,0.3460582661459435,0.6722129684903859,0
Aging,VAPA,0.330296648068639,0.562977184256147,0.9016354033142646,0
Aging,RNF181,0.8587447212104491,0.9308969838688528,0.9933329094404894,0
Aging,TMEM14C,0.19024852976342696,0.41048902607200827,0.2789501320864903,0
Aging,LARS1,0.1159608466450262,0.3067492584836353,0.6308948317535182,0
Aging,SUCLA2,0.04239819117660901,0.16777165059654428,0.5319520508274544,0
Aging,GMPR2,0.6645572811015177,0.8158575377445952,0.973437423126708,0
Aging,DPM3,0.6196263523711265,0.7854576365500174,0.9297446843168152,0
Aging,IMPACT,0.8978877551887456,0.951469390619852,0.9964966356941506,0
Aging,ATXN10,0.6658630083897754,0.816459861985266,0.9772310336641676,0
Aging,EPS15L1,0.17916674537465224,0.39894332822770784,0.694356436647474,0
Aging,SAE1,0.3054207432294962,0.5420251670984223,0.6511784413049768,0
Aging,RNF7,0.3335505441612594,0.5664151527912331,0.8962857450256008,0
Aging,MYOT,0.1255431666748769,0.32123438946727145,0.4214482128605069,0
Aging,GNG12,0.00338608302268726,0.03292346217711661,0.0749122331689847,0
Aging,VPS29,0.7818688769336659,0.8841615004377537,0.9689162719006136,0
Aging,EIF3K,0.09777250720723332,0.2789899357622953,0.6035401061215071,0
Aging,GRHPR,0.01288492038414079,0.07719939478019401,0.4226749763938696,0
Aging,CTSZ,1.1580382864572366e-7,7.238971634091817e-5,5.4193069715839984e-8,1
Aging,UBA2,0.08205170406577542,0.25227300241275685,0.5108126607633244,0
Aging,COPS7A,0.10922442420342196,0.29792342944201866,0.7036645966170503,0
Aging,HSPB7,0.06300827694717859,0.21337585574865792,0.435664359928094,0
Aging,CLIP2,0.6167184998634798,0.7831878050802524,0.9443781713100128,0
Aging,UQCR10,0.00615086075112143,0.04755610352797195,0.14142124207455878,0
Aging,DNAJB4,0.4037558413779456,0.6275444815425212,0.7878667539333859,0
Aging,NIPSNAP3A,0.12177205701478164,0.316156340619859,0.3550403632604491,0
Aging,TES,0.06354392216529776,0.2138125893017939,0.1338470770740168,0
Aging,KDM5B,0.19877343044308257,0.42323934209524094,0.7444718452388532,0
Aging,WARS2,0.985283582419979,0.9942664941598924,0.9998439138254768,0
Aging,MLX,0.371947140355932,0.5981102692840007,0.8295225677514071,0
Aging,SEPTIN9,0.08435483666154393,0.25415217979831933,0.4492860924391443,0
Aging,UBQLN2,0.03095141883662502,0.1370333343440472,0.35929593666481185,0
Aging,PCYOX1,0.39197086639207335,0.6188549039208185,0.897550962583062,0
Aging,DPP7,0.28126407864782704,0.519313746616664,0.6681199550508328,0
Aging,SMPX,0.09199399238276504,0.269072831684221,0.5185929339369383,0
Aging,BCAP29,0.11736191343083748,0.30890125650194145,0.6340333849674663,0
Aging,CYB5R1,0.00340030308075875,0.03292346217711661,0.17074252192723505,0
Aging,PFDN2,0.03040749287817627,0.13548084220933196,0.4446502775757237,0
Aging,PUF60,0.1761481448322954,0.3955262271502989,0.6834015407572334,0
Aging,ENOPH1,0.11668008867245494,0.3078773230591879,0.6721321696828718,0
Aging,NDUFA12,0.37247626361743047,0.5984091538483242,0.8612203939355046,0
Aging,EIF2B4,0.4226842109126654,0.6436675565165354,0.8730147798022004,0
Aging,ATP6V1H,0.00776296430894712,0.0557184776167775,0.1253979515262425,0
Aging,TRMT112,0.05986151098288044,0.20739498780394988,0.15106894130124288,0
Aging,XPO7,0.33716088315173776,0.5700941034672466,0.8099796741924163,0
Aging,LCMT1,0.6383946541060256,0.7989017341974803,0.9700093450199566,0
Aging,ATP5IF1,0.0462425897219975,0.17553820611075946,0.4020104550462472,0
Aging,AK3,0.5564562195713103,0.7440012016600854,0.928878368116243,0
Aging,NAGK,0.01644853474575629,0.09055305908462168,0.3858245658601801,0
Aging,SLC25A13,0.3284372429801753,0.5615475788514704,0.885618565254831,0
Aging,DBNL,0.913678295377842,0.9596630977933248,0.9971325060108864,0
Aging,DCTN4,0.12175866914969254,0.316156340619859,0.5968373188865949,0
Aging,HSPB8,0.00779817107540794,0.05578079514143843,0.07958772311042794,0
Aging,STOML2,0.199759176511974,0.4247659739177768,0.8217410892622027,0
Aging,VPS28,0.5670320124312846,0.7518715776437526,0.9673839616168136,0
Aging,JPT1,0.04678141125637517,0.1769447983312176,0.3154392567584237,0
Aging,APPL1,2.9696719023691496e-4,0.00664385107519395,0.05265199421840862,0
Aging,PACSIN3,0.06998640763850421,0.2270416420196806,0.5237999122155936,0
Aging,ACAD8,0.00433530387239189,0.03840488970939914,0.09617079306507008,0
Aging,AGO2,0.1541103461746748,0.3645602452253556,0.6895517758578612,0
Aging,MYH2,0.00476261959748367,0.04022405226308499,0.00422181479361312,-1
Aging,MYH13,0.0358020493120169,0.1524123678201853,0.05538506853255764,0
Aging,CDV3,0.24504509831706373,0.4793671948231449,0.8245342090677507,0
Aging,RAB21,0.6474235043711701,0.8051635894101542,0.9789154926827116,0
Aging,PSME2,0.14288074809051635,0.34980001540670075,0.5956858570831173,0
Aging,DNPEP,0.15907696361506707,0.3712427575100042,0.8013730585868011,0
Aging,MCTS1,0.7575920774269305,0.8687110898739558,0.99196604083428,0
Aging,TBC1D24,0.37863089751245393,0.6041432302493859,0.8060264904264562,0
Aging,TMCO1,0.00169000914769295,0.02007960021241971,0.07592283560423621,0
Aging,EPDR1,2.4027790448765096e-5,0.00148618950922802,4.2162678142902655e-4,1
Aging,MYO6,0.05139606492123984,0.18732395932299373,0.35804987363864427,0
Aging,NFU1,0.3156126549059655,0.5504856572133267,0.7916301800012069,0
Aging,SYNPO2,9.545372075558944e-5,0.00327163211116874,7.7982955664036e-4,-1
Aging,UBQLN1,0.6735569032267189,0.8194644506135382,0.954855146626684,0
Aging,SNX12,0.5331810674358755,0.7257474335389295,0.9471877343265708,0
Aging,NDRG2,0.00696938669969913,0.05160781770939181,0.18516682754183564,0
Aging,VPS4A,0.12427971731266718,0.31990238128340154,0.68191386889864,0
Aging,G3BP2,0.3384393016676206,0.5712181792993629,0.7603001109127647,0
Aging,STUB1,0.07494494226556211,0.23755913172041657,0.6010125880802397,0
Aging,PACSIN2,0.3461926362543123,0.5763302915737629,0.8447295060529262,0
Aging,SNX6,0.9355480909658088,0.9684758696153276,0.9995287016836364,0
Aging,PSMD13,0.00495973703187843,0.04090324305113864,0.31352182979700766,0
Aging,COPS3,0.29974219226523624,0.5381715888658147,0.9197800888273464,0
Aging,NSFL1C,0.4832106600332162,0.685227254248047,0.9623267905348788,0
Aging,PPP6R1,0.4172879385428993,0.6372959584282623,0.8997662091530914,0
Aging,LIMCH1,0.16338106335722694,0.3767438335967634,0.6773830462604498,0
Aging,USP24,0.3953266204455004,0.6213541724939367,0.8629406429790867,0
Aging,MAPRE3,0.11934813590659804,0.31217553459151204,0.48859449258159976,0
Aging,PA2G4,0.22635949823039803,0.4602533156950125,0.8287207005980766,0
Aging,CAMK2A,0.11165430163090588,0.30181104926708874,0.5019965732161767,0
Aging,CHMP2B,0.37678733851337687,0.6016581419086041,0.8955692285226095,0
Aging,RTRAF,0.6099861015829766,0.779344332702916,0.918023087882705,0
Aging,RUVBL2,0.1179480135259516,0.3096687546130789,0.5865226764102862,0
Aging,APOBEC2,0.08428748932648997,0.25415217979831933,0.3788010752689538,0
Aging,PIN4,0.8081034771913932,0.8995994757433766,0.9927979199873485,0
Aging,EIF3L,0.1903123159392335,0.41048902607200827,0.7298400455801656,0
Aging,PLAA,0.6068268684171098,0.776723617943507,0.9768866430025506,0
Aging,NUDC,0.8350017651510588,0.916019150815168,0.9970544386253534,0
Aging,BCS1L,0.8761165606114185,0.940995224538916,0.993947056401952,0
Aging,VDAC3,0.7690803255349303,0.8748851880027358,0.9894382466610884,0
Aging,CFL2,0.02276326912355268,0.11237360320852414,0.4856669827977135,0
Aging,FARSA,0.2308908324454531,0.46379599392815063,0.7682323331573994,0
Aging,CNPY2,0.8051154335297104,0.8990113604880956,0.991729386885248,0
Aging,FNDC3A,0.00651776704246915,0.04966255105185733,5.269137084263092e-4,-1
Aging,PADI2,0.03072459077371735,0.13656928750212635,0.4270440924631493,0
Aging,GSTK1,0.29729291972366934,0.5352799744682163,0.8568596827942155,0
Aging,LAMTOR2,0.12735305611024073,0.32424149757849424,0.32659463145865053,0
Aging,MRPS35,0.1255609453837837,0.32123438946727145,0.4941114652734856,0
Aging,COA3,0.02569325436344053,0.12280207710526236,0.1625746593006613,0
Aging,TMA7,0.2298610559811504,0.46379599392815063,0.796882525373891,0
Aging,SUGT1,0.01416775500925336,0.08162955831358855,0.26203840105763476,0
Aging,COQ6,0.3176378799995383,0.5512352778846321,0.8723250913859689,0
Aging,ACOT9,0.00947654626080147,0.0634687158804634,0.24013820749928133,0
Aging,MEMO1,0.6250290878483374,0.7887968314193509,0.9703468804311354,0
Aging,TMX2,1.0718286327777708e-4,0.00340050201975165,9.319283471590008e-4,-1
Aging,SH3GLB1,0.00453236094373903,0.03908997059661644,0.1309204670855602,0
Aging,CAB39,0.3294669652782074,0.5628505507555404,0.9152209334425552,0
Aging,LUC7L2,0.00343647917578255,0.03292346217711661,0.1642641591431464,0
Aging,DHRS7,0.2965880905685466,0.5350751684837728,0.8648048770386293,0
Aging,MOB4,0.411104663348921,0.6343016192390174,0.8906543420370739,0
Aging,SBDS,0.30830978452103536,0.5434832161338956,0.8936244680251637,0
Aging,MRPL11,0.8796343382851964,0.9433104178768088,0.9960482819774102,0
Aging,PPIL1,0.5721062472225571,0.7553725427921483,0.9746104491993308,0
Aging,MSRB2,0.15958319200620244,0.3712427575100042,0.49625948667859343,0
Aging,FIS1,0.9193091334362934,0.9623230998588974,0.99896763025399,0
Aging,PTRH2,0.00187436303881849,0.02130694848992046,9.29610416191389e-4,-1
Aging,STRAP,0.3176876637166781,0.5512352778846321,0.9232063023770508,0
Aging,RTCB,0.08318060065082006,0.25388795815482523,0.6919012980732149,0
Aging,RPL36,0.05208974446743984,0.18854515080038897,0.3023421796518936,0
Aging,SAMHD1,0.45817332773351704,0.6677328539317993,0.8320522696593063,0
Aging,HBS1L,0.09062344705243912,0.2669203209401674,0.6324369925639988,0
Aging,TLN1,0.06997553556739207,0.2270416420196806,0.7114629476039425,0
Aging,USP15,0.3075594110088289,0.5434832161338956,0.880238315598944,0
Aging,TLN2,0.06296805992639834,0.21337585574865792,0.5310229675307276,0
Aging,DTNA,0.35767871327560863,0.587196201419676,0.91793078170601,0
Aging,HYOU1,0.9843167806992508,0.9942664941598924,0.9999597222541756,0
Aging,AFG3L2,0.1500011582302356,0.36010552027190124,0.7572898350565327,0
Aging,ARIH1,0.7590956819083117,0.8699608823178089,0.9861220463841028,0
Aging,RNF114,7.304326739994428e-5,0.00274303555968005,0.00948691987055509,1
Aging,SAMM50,0.23868565192999447,0.4730970084908373,0.8628809376431077,0
Aging,PPME1,0.21000678083683455,0.4394470249749881,0.5584412800722847,0
Aging,TIMM9,0.17731792496409562,0.3968132803384082,0.7218479627307284,0
Aging,TIMM8B,0.9087901045681464,0.9560708303685904,0.9980678226003348,0
Aging,UCHL5,0.18149890915570313,0.4023114637502881,0.7818822231250397,0
Aging,TIMM13,0.3013522987408476,0.5383174909428001,0.8651445709679864,0
Aging,SRPRB,0.4492336705150248,0.6597164728978526,0.92146443245767,0
Aging,GMPPB,0.5979512880054179,0.7722503137896778,0.9647904986356806,0
Aging,MPC1,0.3555363548360885,0.5850492599532818,0.8718808464202671,0
Aging,SNX5,0.7371826976727575,0.8594124881719022,0.9547344616042605,0
Aging,HEBP2,0.2988264004145286,0.5371212992066271,0.8669988502854981,0
Aging,HCFC2,0.1517004602616384,0.3620056200895763,0.47638468674658974,0
Aging,FHOD1,0.8625735580534771,0.9325631243831324,0.9976089720184188,0
Aging,MYH4,0.07339241809402063,0.2349227629402213,0.12108637007042672,0
Aging,MRPS18B,0.34116224054063904,0.573350750757543,0.8715109779355489,0
Aging,COPG1,0.12828686304688638,0.32504490721397844,0.6988535036199427,0
Aging,CLIC4,2.062954423816896e-4,0.00529072335766699,0.0045154174620707,-1
Aging,NFS1,NA,NA,NA,0
Aging,SPCS1,0.6529037372939769,0.8073864793151051,0.9774291251846298,0
Aging,SAR1B,0.2550662819807135,0.4894994908032109,0.8475906889309743,0
Aging,MTCH2,0.20905430847014625,0.4378896521043003,0.8326668667597851,0
Aging,BZW2,0.779329768036284,0.8820939193650728,0.9943692817190362,0
Aging,DYNC1LI1,0.257384084814607,0.49251931789364745,0.7733809344539654,0
Aging,CHCHD2,0.02263012557099222,0.11197918606069798,0.1497906632847096,0
Aging,NDUFB9,0.67481798185185,0.8194644506135382,0.9757611508309356,0
Aging,COX11,0.06120744879271077,0.2103255960965208,0.40096488633808336,0
Aging,SQOR,0.4419528836607327,0.655091889226141,0.8346586647696943,0
Aging,SESN1,0.564016130905854,0.7503512094637813,0.9519882371594116,0
Aging,SEC23IP,0.15286440486236594,0.36329193398443854,0.746478273043103,0
Training_Young,MMP24OS,0.4723001034145444,0.7262434655284363,0.8141029464366889,0
Training_Young,ESYT2,0.35862544867438373,0.658102712537716,0.871272679706696,0
Training_Young,ILVBL,0.5354041757488666,0.7720194256248887,0.9399437869821632,0
Training_Young,FSD2,0.876682151099129,0.9498896296960664,0.9973251974136916,0
Training_Young,TARS3,0.9814647590046376,0.9950658038459508,0.999907687922825,0
Training_Young,VWA8,0.9057821087112172,0.9577233362731282,0.9965376538930276,0
Training_Young,CARNS1,4.6210705040592137e-4,0.01798794481394901,0.00257723117457818,1
Training_Young,MAP1LC3B2,0.10295993931335493,0.3512250830187446,0.3664641979321083,0
Training_Young,PGP,0.37590815416638246,0.6724756936661582,0.9364164439156274,0
Training_Young,DHRS7C,0.20030242783761584,0.4988574683823086,0.7685823300115265,0
Training_Young,SMTNL1,0.7664277990170716,0.8982580409920373,0.9856064805323336,0
Training_Young,NUDT19,0.3330106062209245,0.6445564404018262,0.7766089718526683,0
Training_Young,NACA,5.776081852228881e-4,0.02057851534472052,0.16104756849637994,0
Training_Young,SLC35A4,0.671606333317019,0.8486823179937493,0.9773495621634418,0
Training_Young,PDLIM1,0.5276974028844366,0.768690187708306,0.9318560391955856,0
Training_Young,MYO1C,0.12626433388279468,0.3931964886246436,0.633439756430954,0
Training_Young,FXYD1,0.5621005284069771,0.7933286494972721,0.9397660498574816,0
Training_Young,STXBP3,0.01620192928166825,0.11834741674066064,0.3207808637176323,0
Training_Young,NDUFS8,0.0135322880686739,0.10609673817710176,0.22845668252762316,0
Training_Young,PSMD11,0.0640907596657919,0.2705719312097388,0.7169449814720706,0
Training_Young,PSMD12,0.4515585484743324,0.7125128356383448,0.9432981622755736,0
Training_Young,PSMD9,0.14708224547995508,0.4250331712083696,0.7884594711815697,0
Training_Young,PGRMC1,0.9624727215252716,0.9858309326402444,0.9994558978131256,0
Training_Young,CLIC1,0.01471004596887426,0.1116264138143455,0.307430881142507,0
Training_Young,EIF3F,0.2622382776839418,0.5729988146482803,0.8841636832123527,0
Training_Young,PDHX,0.7797451349435799,0.9050382516021008,0.9948483593792165,0
Training_Young,DCTN6,0.1008653185242086,0.35010511725292337,0.484943260423514,0
Training_Young,IPO5,0.20688453464952128,0.5068131486095021,0.8912151004632545,0
Training_Young,EEF2K,0.09652202515719233,0.34099041492507265,0.5080023033533733,0
Training_Young,EML1,0.35973359500753366,0.658102712537716,0.9175743983966248,0
Training_Young,DNM1L,0.8645000194702854,0.9453790780737552,0.9980554486006428,0
Training_Young,RTCA,0.18257064882786656,0.4708754648296633,0.8114793997695637,0
Training_Young,NDUFA4,0.8562266928796914,0.941804557003198,0.9972224155530348,0
Training_Young,PSMD14,0.2927233608600315,0.6038317021862475,0.9166120335997744,0
Training_Young,BIN1,0.0024982779132024,0.04339983614505331,0.31645138920411064,0
Training_Young,KPNA3,0.3800084497680378,0.6753990661386883,0.9097306618635146,0
Training_Young,DDX3X,0.8872054645002102,0.9519682932003276,0.9978221852396102,0
Training_Young,KPNA4,0.01467968512580742,0.1116264138143455,0.49362802367278297,0
Training_Young,CES2,0.3416785053440463,0.6499621884463216,0.8032949644507458,0
Training_Young,FBP2,0.3100910761948945,0.6261448052567177,0.8323087421627683,0
Training_Young,PDXK,0.6447512910869521,0.8395508670513485,0.9852734409922016,0
Training_Young,SDHD,0.39947881831918974,0.6826625130350025,0.9027046034670028,0
Training_Young,COX7A2L,0.4395331699417808,0.7050953918242108,0.843263239928376,0
Training_Young,GAPDHS,0.6944279156947031,0.8566782427042329,0.9506021701609572,0
Training_Young,HSPB6,2.727068885070201e-4,0.01474965305702524,0.00599212463939813,1
Training_Young,NDUFAB1,0.03136862177924792,0.17306257999994523,0.35205121758674457,0
Training_Young,IMPA2,0.03077547906525615,0.17159166311715768,0.4073623649534449,0
Training_Young,PDCD5,0.07698001684141363,0.3022417560938453,0.7104462951056848,0
Training_Young,PRMT5,0.08898508670123219,0.3263198308053517,0.716559969195065,0
Training_Young,PSMA7,0.09186916193238216,0.3338780482427465,0.7941540410097847,0
Training_Young,OPLAH,0.13464434881536383,0.4054762481517117,0.7421828629979925,0
Training_Young,MGST3,5.461399418246737e-4,0.02014010803009585,0.04712626464787505,-1
Training_Young,RGS12,0.028344969851434,0.16349654807198102,0.25807282019229033,0
Training_Young,HAT1,0.6280057861392169,0.8276289419840964,0.8998212001144037,0
Training_Young,UQCRQ,0.1542797164344142,0.4349355989946249,0.7909961261491247,0
Training_Young,MYL12B,0.5670568002095128,0.7956965247265659,0.9554271894612456,0
Training_Young,UQCR11,0.02184889939588363,0.14218695520169475,0.23143520206506013,0
Training_Young,CASQ2,0.29100934050526134,0.6020685371476961,0.8128370284186005,0
Training_Young,HGS,0.507750137483155,0.753736432902254,0.9394895167338078,0
Training_Young,HNRNPDL,0.03203944483263878,0.17548032720183776,0.3964208946116707,0
Training_Young,XPO1,0.4143876509969804,0.6940580417495241,0.9452489562666736,0
Training_Young,ATP2A1,0.5133073324680313,0.7582375353814489,0.9463168835504048,0
Training_Young,SYNJ2,0.96182166199311,0.9858309326402444,0.9995551447246211,0
Training_Young,SYNM,0.6003083390881871,0.8150642646373657,0.9397105515416776,0
Training_Young,ARPC1B,0.03019403263611771,0.16924761760298512,0.27797126152159984,0
Training_Young,ARPC2,NA,NA,NA,0
Training_Young,PGRMC2,0.22927194532666617,0.5396748365919958,0.7890315004614342,0
Training_Young,PFDN6,0.5546057767591761,0.7876900964512082,0.9699924966551284,0
Training_Young,NDUFA1,0.1195721149573736,0.38255796901126227,0.3796646240823317,0
Training_Young,SURF4,0.145801944032746,0.42389444862632375,0.6839137957973793,0
Training_Young,MAPK13,NA,NA,NA,0
Training_Young,TCAP,0.4905617652129063,0.7400892440362312,0.8856698953399869,0
Training_Young,PMM2,0.7517243897215361,0.8907128901886522,0.9841732143403016,0
Training_Young,EIF3D,0.8994816362022764,0.9559553811753172,0.9987212230317558,0
Training_Young,EIF3H,0.6143591830045867,0.8199257159845341,0.9547469041586512,0
Training_Young,BCAT2,0.9834628251163215,0.9950658038459508,0.9999600266161436,0
Training_Young,STX7,0.07659187125601871,0.3022417560938453,0.603039903527897,0
Training_Young,SLC16A3,0.00883117257028921,0.08399603955994536,0.08142275360409375,0
Training_Young,YKT6,0.10141608927831865,0.3506595798097672,0.7399823645708724,0
Training_Young,ARPC5,0.24386996464724853,0.5525144849204128,0.7133835685364242,0
Training_Young,TAPBP,0.12781619224498933,0.3949228538815396,0.35082524381692604,0
Training_Young,DHX15,0.13504448730267807,0.4056429465669695,0.6785649210178537,0
Training_Young,CYB5B,0.7655822632773228,0.8980989867882625,0.9860290889925696,0
Training_Young,NDUFS4,0.02523298630438792,0.15261799038326188,0.2972856782721345,0
Training_Young,DYNC1LI2,0.05831430904787946,0.255481013232441,0.5194677090686876,0
Training_Young,PSMD3,0.08263859923986158,0.31354934224221853,0.6972894856726799,0
Training_Young,RASA4,0.3294999885105441,0.6430909710762893,0.8076882812931028,0
Training_Young,HNRNPR,0.46886106466908095,0.7233219906644834,0.9505796944840068,0
Training_Young,TXNL1,0.08476117720215683,0.31748228952477076,0.7757637829006137,0
Training_Young,TPD52L2,0.092390690947042,0.3338780482427465,0.7698687908624415,0
Training_Young,ERI3,0.00851418462188552,0.08362998165982884,0.13913281744727807,0
Training_Young,AKR7A2,0.6069591256189117,0.8153045131904091,0.9791742296618892,0
Training_Young,LAT,0.8926079021009223,0.9543549390722984,0.9976362269082754,0
Training_Young,DENR,0.864873438218759,0.9453790780737552,0.9981683429969496,0
Training_Young,DNPH1,0.6601348059900352,0.8413505764931244,0.9805953289065148,0
Training_Young,TIMM44,0.7683345994631118,0.8990714288175837,0.9924492882458252,0
Training_Young,TRAPPC3,0.11669616868677102,0.3789275801323798,0.4689533190319306,0
Training_Young,CHMP2A,0.4551461210142894,0.7145879137260315,0.958240471061644,0
Training_Young,NDUFB5,0.00896650848280442,0.08453335138690385,0.21776520936139412,0
Training_Young,NDUFB3,0.00434565410527611,0.06009582190322624,0.11816092740030693,0
Training_Young,NDUFA2,0.00727210523784827,0.07875054320660135,0.20628918996470097,0
Training_Young,BUB3,0.6111028029247368,0.8166167143978366,0.9411390759993452,0
Training_Young,ACTN4,0.07989775201377887,0.307591711965134,0.16172307463361865,0
Training_Young,GSTZ1,0.4186309306759751,0.6952145176495989,0.8891247229560093,0
Training_Young,PRKAB2,0.2434283749252629,0.5525144849204128,0.867496511751013,0
Training_Young,AP1G1,0.9586304250105708,0.9855987183369828,0.9993769645424408,0
Training_Young,SYNGR2,0.09403823187363906,0.336722495327674,0.527557004475473,0
Training_Young,SGTA,0.1725527405945768,0.4555807253377875,0.8276159187326725,0
Training_Young,ENSA,0.4474682578592366,0.7101743778848504,0.92829074866752,0
Training_Young,SLC25A20,0.3613442615285607,0.6593146395411326,0.8818290615277995,0
Training_Young,NARS1,0.7275651363458077,0.880957325229774,0.9886110639052714,0
Training_Young,LANCL1,0.03413992095638481,0.18306661696510423,0.4958119088149501,0
Training_Young,SLC37A4,0.38409036250279194,0.6771569665480791,0.8847690891360187,0
Training_Young,IDH3B,0.00912940996239117,0.08491159177409846,0.2521880420713973,0
Training_Young,CALU,3.7392355458379736e-4,0.01624644875226467,0.04588832913901028,1
Training_Young,AHCYL1,0.00838638526460723,0.08315180106700194,0.2811100958245009,0
Training_Young,NDUFS5,0.0084510366468318,0.08339943207342937,0.15659257102085766,0
Training_Young,TIMM8A,0.09839842643377568,0.34551587584675825,0.3937824384857347,0
Training_Young,PPP1R12B,0.01857183683918569,0.13061731220135986,0.0988191245441276,0
Training_Young,PRPSAP2,0.12200346129281772,0.3851916396174154,0.6116501373619945,0
Training_Young,SPAG9,0.32541395559323416,0.6409866564007684,0.8537528954088812,0
Training_Young,OPA1,0.20860582076927528,0.5092792511695896,0.8308854926015021,0
Training_Young,TBC1D4,0.2151546953875837,0.5192367045978197,0.7971185662263482,0
Training_Young,SNX3,0.3991065562707308,0.6826625130350025,0.9498828827813218,0
Training_Young,SYNCRIP,0.34726993590450816,0.6538348613075705,0.9117181904586033,0
Training_Young,SELENOF,0.65941890146337,0.8413505764931244,0.900192413469862,0
Training_Young,KLHL41,0.02565912739269598,0.15322581187342885,0.16137177980214473,0
Training_Young,PLIN3,0.00380740892569188,0.05557759417919684,0.2342090538926716,0
Training_Young,KPNA6,0.8256121491938493,0.9268580888509396,0.9954907713649888,0
Training_Young,SNX2,0.5632214296420643,0.7933352975664001,0.9689577443030344,0
Training_Young,USO1,0.3544517739575592,0.6561098431733848,0.9104649139503368,0
Training_Young,TOM1,0.46034646193886786,0.7168792969383271,0.9479887080245212,0
Training_Young,PFKFB2,0.6896082667646688,0.8566782427042329,0.9794770225621694,0
Training_Young,EDF1,0.2815212797227937,0.5946664696516816,0.8704403296681277,0
Training_Young,DNAJA2,0.00463764056329889,0.06209121314684258,0.3056553534792975,0
Training_Young,CUTA,0.20952046753481485,0.5109188199050821,0.753453860825397,0
Training_Young,PFDN1,0.02539868894343663,0.15261799038326188,0.46837040931327617,0
Training_Young,NOL3,0.4336080070372679,0.7050953918242108,0.9288268741400696,0
Training_Young,WDR1,0.8514753894517247,0.9401557316880996,0.9978219871048264,0
Training_Young,LDB3,0.319534466955991,0.6360430393385351,0.8955561367693515,0
Training_Young,CLASP2,0.3930087616435325,0.6790542340264012,0.8430999637316915,0
Training_Young,COBL,0.470146216549808,0.7234607226849902,0.8686625770682553,0
Training_Young,CPNE3,0.6799926084399162,0.8552778243593696,0.9866872680537137,0
Training_Young,CLUH,0.17133567217267573,0.4545439547435337,0.46697677299933066,0
Training_Young,CAND2,0.08188841737896986,0.31126483423254003,0.6118090425181366,0
Training_Young,COQ9,0.04145797560436721,0.2065039448350234,0.5684291687971158,0
Training_Young,GGCT,0.00988183410766442,0.088448180042543,0.3237790395111263,0
Training_Young,NDUFS7,0.00155261911628693,0.0347192061961184,0.03085612319643774,-1
Training_Young,RTN2,0.4582706075134038,0.7161968899577509,0.953581982997684,0
Training_Young,NDUFS2,0.0121875252898381,0.09876457646795794,0.22329597006186133,0
Training_Young,NIPSNAP2,0.08726982485917835,0.3223922176695833,0.671341451471271,0
Training_Young,CILP,0.09078830676297438,0.3307400707379066,0.14741219668800015,0
Training_Young,TBCA,0.8632750156213149,0.945106293143752,0.998141102740032,0
Training_Young,ATP6V1G1,0.6064223422614967,0.8153045131904091,0.9777939888040454,0
Training_Young,VPS4B,0.3559071622092722,0.6566131227304195,0.8315672344666304,0
Training_Young,MACROH2A1,0.15789783426958104,0.4392371191629935,0.4391959848087512,0
Training_Young,SH3BGRL,0.41202728805287336,0.6918686301967615,0.8662385383547689,0
Training_Young,FLNB,0.0191545447450848,0.1324450385477446,0.20622840686533597,0
Training_Young,NDUFS6,0.00192298440897215,0.03924381774426668,0.07348452829556615,0
Training_Young,CS,0.9952852757411408,0.997182864446081,0.9999976678659546,0
Training_Young,SEC22B,0.02516315138978897,0.15261799038326188,0.5398101148066121,0
Training_Young,MTX2,0.03499371021439024,0.18528155886813177,0.5082209267873258,0
Training_Young,VPS26A,0.7320400293595557,0.884473470828973,0.9900156365605384,0
Training_Young,NDUFB1,0.04010620005271953,0.20314031930317217,0.3903447646166502,0
Training_Young,PMPCB,0.3592927105908975,0.658102712537716,0.9007894444613588,0
Training_Young,NDUFS3,0.00507489111523439,0.06625727406349498,0.17782169812754353,0
Training_Young,ECI2,0.6307931533701894,0.8292102613964176,0.9759238956476848,0
Training_Young,BANF1,0.16443101640591612,0.4465706236835704,0.6752721930302499,0
Training_Young,CSDE1,0.9991586637134842,0.9995255971321686,0.9999999221233928,0
Training_Young,PRKRA,0.5348019554212755,0.7720194256248887,0.9222196318586606,0
Training_Young,LYPLA1,0.2993902429879417,0.6092142214527139,0.8962274317603071,0
Training_Young,TIPRL,0.05854575447994813,0.25584859857973175,0.6539087172893475,0
Training_Young,PPM1B,0.13834332621226642,0.410593585402586,0.6930429582404494,0
Training_Young,SLC25A12,0.5262460303621729,0.7685897981188601,0.9666357200522668,0
Training_Young,TCEA3,0.10285040677460829,0.3512250830187446,0.4242602145895273,0
Training_Young,EIF3G,0.15867859393474892,0.4394498082356288,0.7750772642688534,0
Training_Young,EIF3J,0.03743235093037113,0.1947594100387131,0.6486088296330463,0
Training_Young,PSMD10,0.06253042284494086,0.2671523350001335,0.6260538541311357,0
Training_Young,IDH1,0.04155890770516186,0.2065173144119391,0.6186064963548142,0
Training_Young,SCO1,0.33689941121291933,0.6483752585582984,0.8338820970414386,0
Training_Young,ALDH1L1,0.2843498532341579,0.5948338307548664,0.8504233715549547,0
Training_Young,ARL6IP5,0.3167189077575559,0.6320760333217228,0.9100218921834818,0
Training_Young,DYSF,0.0023137632512385,0.04265363638303978,0.2317590961438664,0
Training_Young,PIAS2,0.9512959820334568,0.9830993875291676,0.9996622608356076,0
Training_Young,DCTN3,0.3648767490635263,0.6617523093455844,0.8208685020831663,0
Training_Young,ATP5PD,0.16276734961286524,0.44491153301201913,0.8107217685895798,0
Training_Young,FLOT1,0.4219235369085418,0.6966875684067202,0.9246181012489424,0
Training_Young,ATP5MG,0.3463886697740449,0.6538348613075705,0.9165365819916776,0
Training_Young,GLRX3,5.339222129238303e-6,0.00192068943581877,0.00141070927441386,1
Training_Young,SNCG,0.660838192900127,0.8413578930805977,0.8929007817564937,0
Training_Young,DDAH1,0.22802708928358412,0.5380098675552127,0.8214496098492563,0
Training_Young,TPPP,NA,NA,NA,0
Training_Young,BAIAP3,0.9700345613710776,0.988445508011093,0.9998373940588487,0
Training_Young,TOMM70,9.43067235716486e-4,0.02643103105968071,0.07641566723811682,0
Training_Young,UFL1,0.24394348765939616,0.5525144849204128,0.839754850581175,0
Training_Young,TMEM63A,0.05526923064544137,0.2487707126696312,0.4108226714103675,0
Training_Young,PLPBP,0.17827697219176145,0.46378489547906254,0.8372405172236583,0
Training_Young,ERLIN2,0.05654422875456299,0.2523481291764149,0.50765108498281,0
Training_Young,ENDOD1,0.5970435385502522,0.8122883611861683,0.9793371695153354,0
Training_Young,SEC31A,0.2684704626546394,0.5796459337611556,0.8245599127993823,0
Training_Young,NDUFB6,0.0028512785017587,0.04540445008103629,0.05153285393104121,0
Training_Young,MFN2,0.4614803235151054,0.716948736163157,0.9402060613165132,0
Training_Young,NDUFA3,2.756997203295763e-4,0.01474965305702524,0.00726659536555468,-1
Training_Young,NDUFB4,0.00235386385367869,0.04265363638303978,0.06806315697230221,0
Training_Young,NDUFB8,0.02556341579928658,0.15308917381794984,0.3861553720209046,0
Training_Young,NDUFA7,0.01959363250070948,0.13328742885595904,0.2540038802476444,0
Training_Young,RTN3,0.5031171047895369,0.7511023822923342,0.9205833612661856,0
Training_Young,LETM1,0.28577148444016187,0.595924266163909,0.8576573729390339,0
Training_Young,STBD1,0.08522441329329276,0.31762715734486063,0.7016902884028784,0
Training_Young,ZRANB2,0.8111920653393877,0.9201973671577944,0.9844108669129332,0
Training_Young,EPM2A,0.01226152670203078,0.09876457646795794,0.15187080459788918,0
Training_Young,VAPB,0.09570257849144798,0.3392357841298881,0.726410338986894,0
Training_Young,NDUFC2,0.00801550699128929,0.08157842814785278,0.10797458558949252,0
Training_Young,NDUFA10,0.02086346055407192,0.1383438299200605,0.31952515513277635,0
Training_Young,PGLS,0.9701061289376236,0.988445508011093,0.9998437362684414,0
Training_Young,TACC2,0.2460078315106364,0.5548374054027444,0.8146575650791396,0
Training_Young,LYPLA2,0.3912378089746521,0.678292473335448,0.853152328540388,0
Training_Young,IPO7,0.08282122788594437,0.31367607390316227,0.6009725554321896,0
Training_Young,ARIH2,0.01905167239782659,0.1324450385477446,0.17130085266021347,0
Training_Young,PGM3,0.8242556474738763,0.9268580888509396,0.9947150841533628,0
Training_Young,SVIL,0.429605964461323,0.7022019730153195,0.8626195155087277,0
Training_Young,AHSA1,0.05418549041892557,0.24740679152427644,0.5804961990270485,0
Training_Young,H6PD,0.28274933963887144,0.5946664696516816,0.865577586712526,0
Training_Young,MPC2,0.5712139985321483,0.7983323303953295,0.965773301147034,0
Training_Young,ETHE1,0.08703203815189366,0.3220798313297191,0.45204758785054194,0
Training_Young,ACSL3,0.01539631645490396,0.11476261414258204,0.4116607513749699,0
Training_Young,ASMTL,0.9216064709618226,0.9672976742326604,0.997765691284562,0
Training_Young,CDS2,0.1257178887280576,0.3931964886246436,0.6774294114480062,0
Training_Young,SNAP29,0.02377163907276453,0.14915816516701805,0.16940979906070605,0
Training_Young,OXSR1,0.2303613869384557,0.5404694970060352,0.8920701184338714,0
Training_Young,LSM8,0.00515266603666089,0.06665295407779838,0.07100295156532874,0
Training_Young,AP2A1,0.04850741049999674,0.22964544340313775,0.42831363741278455,0
Training_Young,CAVIN2,0.07229659010173767,0.29224506229587033,0.6390283569239017,0
Training_Young,BAG2,0.2605349122514568,0.5710577534437563,0.7771123072406972,0
Training_Young,BAG3,0.04779818682818486,0.2288651223527211,0.4598751792284877,0
Training_Young,MLYCD,0.4810448016541254,0.7316614855839156,0.8646657560269448,0
Training_Young,AIFM1,0.8858669513368569,0.9514014182020044,0.9987917083180792,0
Training_Young,EML2,0.4564041689873236,0.7148744882349882,0.9026786462326564,0
Training_Young,BPNT1,0.3380984265560181,0.6483752585582984,0.8875174567095249,0
Training_Young,DDAH2,0.00446865501774012,0.06089690658824718,0.1570894360761317,0
Training_Young,ABHD16A,0.6907441781507531,0.8566782427042329,0.9584419590119276,0
Training_Young,TXNDC12,0.511248705019118,0.7562595200212429,0.7673794551033474,0
Training_Young,NUDT3,0.13445946051301758,0.4054762481517117,0.7424101465898734,0
Training_Young,NDUFB10,0.00333114955931762,0.05111004652325293,0.10176031290327392,0
Training_Young,CLPTM1,0.209805562671527,0.5110211966808225,0.5075242605308001,0
Training_Young,MOCS2,0.1201279986641773,0.3825894745334859,0.5979797530433059,0
Training_Young,TOMM40,0.00738052188948642,0.07875054320660135,0.24416200171385916,0
Training_Young,PEX11B,0.14894272937886713,0.4265362631531045,0.51669054112852,0
Training_Young,CYB5A,0.1847154060005836,0.4746806982313339,0.695463043391089,0
Training_Young,ADH1B,0.00214502222672818,0.04159871216055199,0.00669950361204997,-1
Training_Young,LDHA,0.4807437262888966,0.7316614855839156,0.928665259774076,0
Training_Young,ALDH1A1,0.02853672866948756,0.16389126683951602,0.35607976408672365,0
Training_Young,GLUD1,5.122696012449931e-4,0.01957801276030864,0.0660989223980933,0
Training_Young,CYB5R3,0.0281480396578131,0.162994984464802,0.49606688725087034,0
Training_Young,GSR,0.04051678898164887,0.2040270721121195,0.6347299634419369,0
Training_Young,MT-CO1,0.04749675528092862,0.22852855879366657,0.26601841480367083,0
Training_Young,MT-CO2,0.01184168657512059,0.0982002984402799,0.24243453130430256,0
Training_Young,MT-CO3,0.00231236315744291,0.04265363638303978,0.04077179014914103,-1
Training_Young,SOD1,0.7186700191672113,0.8751810152317134,0.9891406633055176,0
Training_Young,CP,0.4537553956473124,0.7145879137260315,0.9113215754410322,0
Training_Young,F13A1,0.00883106911890203,0.08399603955994536,0.03094044581669314,1
Training_Young,HPRT1,9.65735184877644e-4,0.02649680618927144,0.02876320048548934,1
Training_Young,GOT2,0.533352798622239,0.7710506070866208,0.9681591426791668,0
Training_Young,PGK1,0.3973512598668434,0.6825028636502559,0.9390032427089944,0
Training_Young,AK1,0.18472350673322133,0.4746806982313339,0.7963236881022359,0
Training_Young,MT-ATP6,0.5956519968659846,0.8122883611861683,0.9590888011095522,0
Training_Young,CA2,0.9865447836417516,0.9950658038459508,0.9999693064609187,0
Training_Young,ASS1,0.49905957254412103,0.7471675366721812,0.8432382468149859,0
Training_Young,CST3,0.10142769958341506,0.3506595798097672,0.6379386285187186,0
Training_Young,CSTA,0.3918813167604426,0.6785292650992176,0.7538887818079679,0
Training_Young,JCHAIN,0.759407207400459,0.895148597314013,0.9613574550389276,0
Training_Young,HLA-B,0.02727681575574841,0.1594712410930071,0.1091535155940615,0
Training_Young,HLA-DRB1,0.12995815175617095,0.397052376441092,0.5017076312467237,0
Training_Young,MB,0.2895145664713931,0.60074987040757,0.8994434262178805,0
Training_Young,COL1A1,0.00689358488279643,0.07741851831646447,0.00468880579390758,-1
Training_Young,COL3A1,0.00476555844334713,0.0634000243538967,0.00237725575136067,-1
Training_Young,COL4A1,3.094367868885413e-4,0.01512642153580729,1.2638750776299675e-5,-1
Training_Young,CRYAB,0.01864186187459941,0.13061731220135986,0.2599133956146666,0
Training_Young,KRT14,0.8153993343575875,0.9221164013816194,0.9795836613220016,0
Training_Young,LMNA,0.03693816549246741,0.1932443729386852,0.30698808992654264,0
Training_Young,TNNC2,0.3997053212253351,0.6826625130350025,0.8184566818828896,0
Training_Young,APOE,0.8078124584666763,0.9179914960876072,0.9840615515702352,0
Training_Young,LRG1,0.4397216381258242,0.7050953918242108,0.8605419075369775,0
Training_Young,FN1,0.6679433848739449,0.8463311833797484,0.9122719301618532,0
Training_Young,RBP4,0.7410658739691434,0.8869191167329888,0.9510067961575296,0
Training_Young,TTR,0.192378864324515,0.4848685525301325,0.7111146337417136,0
Training_Young,PPBP,0.5055834216990466,0.7517362043105136,0.8584176665589791,0
Training_Young,TFRC,0.781732394822906,0.9063439017748198,0.9784373715450512,0
Training_Young,FTL,0.26654304194512957,0.5776032328104777,0.5031825048785892,0
Training_Young,FTH1,0.00722023822417784,0.07875054320660135,0.03592890664578063,-1
Training_Young,MT2A,0.2126655752319928,0.5155975076558811,0.6975179647959264,0
Training_Young,MT-ND1,0.00177646894345131,0.03740355584855481,0.05968412589015205,0
Training_Young,MT-ND2,0.0294070165739959,0.16706364550956593,0.2079751936327247,0
Training_Young,MT-ND3,0.00419812054633612,0.05845858902073989,0.07288188742722684,0
Training_Young,MT-ND4,0.00248287533804722,0.04339983614505331,0.04675571040555798,-1
Training_Young,MT-ND5,0.283187981028227,0.5946664696516816,0.7377029635150004,0
Training_Young,MT-ATP8,0.19744840611998551,0.4940911305526305,0.7500126285853539,0
Training_Young,CAT,0.9222000662046866,0.9672976742326604,0.998692710573888,0
Training_Young,ALDOA,0.7861215223615057,0.9074635029412946,0.9952505262442576,0
Training_Young,CSTB,0.8462679091823035,0.93764794338536706,0.9962818041281096,0
Training_Young,ANXA1,0.00364247130955705,0.05391883586400659,0.03895087702445353,1
Training_Young,SOD2,0.7444709747198697,0.8886303173544384,0.9857465415998248,0
Training_Young,KRT1,0.3520602816423116,0.6561098431733848,0.7577335787296281,0
Training_Young,VWF,0.933971002753101,0.9736240493934778,0.9975813717440726,0
Training_Young,GAPDH,0.01499057227676266,0.11313293730374473,0.4037478647193287,0
Training_Young,HLA-A,0.5775693461424535,0.804324637004777,0.9550330362052528,0
Training_Young,CAPNS1,0.03203495057698559,0.17548032720183776,0.6791320129124498,0
Training_Young,HSPB1,7.071840523915555e-4,0.02286924427887769,0.02005021387513449,1
Training_Young,RPN1,0.7671363189685056,0.898340135081782,0.9949726290256204,0
Training_Young,RPN2,0.29516818368354825,0.6080263983739816,0.8479755907765455,0
Training_Young,GNAI2,0.9823533765140084,0.9950658038459508,0.9999711355053637,0
Training_Young,ATP1A1,0.00751940934061985,0.07902899216991464,0.38833241510837013,0
Training_Young,ATP1B1,0.11595873395773618,0.3778996260142038,0.7780298958681153,0
Training_Young,APOD,0.26208752778124583,0.5729988146482803,0.7352853166697453,0
Training_Young,ALDH2,0.3835686677778524,0.6771569665480791,0.8708082796107238,0
Training_Young,S100A8,0.6167173199360785,0.820468231965593,0.9222240089293032,0
Training_Young,SLC25A5,0.7938651834187958,0.9118604456537206,0.9948576988890744,0
Training_Young,SERPING1,0.42068572413703453,0.6956463078183129,0.8724880735564476,0
Training_Young,PCCA,0.1625795996820592,0.44491153301201913,0.7544966019804559,0
Training_Young,PCCB,0.06306205119863936,0.2688771432445029,0.510438952752596,0
Training_Young,EIF2S1,0.13882941604610063,0.410593585402586,0.8604400734465473,0
Training_Young,RPLP1,0.986267756265889,0.9950658038459508,0.9999597437315236,0
Training_Young,RPLP2,0.7772219549197468,0.9041065574107956,0.989613786073459,0
Training_Young,RPLP0,0.7332045184192817,0.884473470828973,0.9858871316896148,0
Training_Young,FABP3,0.9810625155267269,0.9950658038459508,0.9999449170334505,0
Training_Young,CLEC3B,0.07127042023624675,0.28920931146059975,0.3634908246967859,0
Training_Young,SSB,0.43886900491291536,0.7050953918242108,0.9006667059425557,0
Training_Young,ITGB1,0.46075353480669834,0.7168792969383271,0.9632359823495624,0
Training_Young,KRT18,0.41663918713024306,0.6950599772601357,0.8263104919493274,0
Training_Young,KRT8,0.3988073351249799,0.6826625130350025,0.7720883407547042,0
Training_Young,MYL1,0.2742398110653944,0.5875038065240914,0.6759757658514073,0
Training_Young,GSN,0.00682902666293949,0.07741851831646447,0.1050646896368974,0
Training_Young,PTMA,0.6713587385444784,0.8486823179937493,0.965877488737354,0
Training_Young,ATP5F1B,0.25706257395914384,0.5667451661774137,0.879432998958665,0
Training_Young,S100A9,0.7188077733913518,0.8751810152317134,0.9647855573195764,0
Training_Young,S100A6,4.165714268995328e-4,0.01716927724201604,1.062291511313968e-4,1
Training_Young,EIF4E,0.4279245652002649,0.7016360655623688,0.945135498496758,0
Training_Young,CKM,0.822897505508458,0.9268580888509396,0.9969917990942692,0
Training_Young,ENO1,0.3406405958141212,0.6491627673629037,0.8855456241140507,0
Training_Young,PYGL,0.4226614453439286,0.6970200645877795,0.8766395398877467,0
Training_Young,GPI,0.32443190279209877,0.6409359583355184,0.9308473306294276,0
Training_Young,NPM1,0.939283000933858,0.9774123108727572,0.9994543378669876,0
Training_Young,TPM3,0.04839771458173101,0.22964544340313775,0.136931493546419,0
Training_Young,EPHX1,0.08180721755568443,0.31126483423254003,0.537978175453163,0
Training_Young,DBI,0.1052108842398578,0.3527165529061899,0.6435935209504541,0
Training_Young,LDHB,0.8051683319206484,0.916697914802721,0.990451688564412,0
Training_Young,GPX1,0.02388718217145467,0.1491939389121996,0.5510942467626108,0
Training_Young,P4HB,0.11858415930312129,0.3811374661393898,0.7949731915112884,0
Training_Young,H1-0,6.849867616082025e-5,0.0071992108645022,0.00158949046884563,-1
Training_Young,CTSD,0.42729092001698354,0.7011440389349722,0.9409515430871604,0
Training_Young,ANXA2,0.00821843424245133,0.08305359989246493,0.2637598626830067,0
Training_Young,CAPN1,0.38162392236540144,0.6768381926324509,0.9553974543233704,0
Training_Young,TUBB,4.452138432263403e-4,0.01765734902758051,0.10572840770591184,0
Training_Young,CA3,0.04760217426284641,0.22852855879366657,0.534604672785117,0
Training_Young,DCN,0.07797720167565209,0.30381452825088157,0.4256696652151587,0
Training_Young,PSAP,0.12751721691358567,0.3947587480888912,0.6935562343254071,0
Training_Young,PFN1,0.0768701548794984,0.3022417560938453,0.7200744257838523,0
Training_Young,BPGM,0.10766410692509858,0.3578854001832206,0.5799389972694802,0
Training_Young,APRT,0.5878722561544467,0.8087090853642978,0.975493569731792,0
Training_Young,EPRS1,2.9333551683671463e-4,0.0149920959202571,0.19675751202694688,0
Training_Young,CTSB,0.5374687723440338,0.7725485293284079,0.9588395002587284,0
Training_Young,HSP90AA1,0.3072081752341223,0.6215125932070501,0.911428952060152,0
Training_Young,UQCRH,0.3453391959898403,0.6538348613075705,0.916315625559534,0
Training_Young,TPM2,0.24216471001525908,0.5525144849204128,0.602347744335982,0
Training_Young,FH,0.0727110219677545,0.29335617692172733,0.7441617002651444,0
Training_Young,COL1A2,0.00934294705465066,0.08575927820469739,0.00316086920750498,-1
Training_Young,ANXA6,0.31009359765568173,0.6261448052567177,0.9249813748463026,0
Training_Young,PFKM,0.24419435041519225,0.5525144849204128,0.8335113057887985,0
Training_Young,HSP90AB1,0.02839021886121459,0.16349654807198102,0.5371440711984948,0
Training_Young,SOD3,0.22338309648853608,0.5329753335061327,0.6001397511803348,0
Training_Young,CTSG,0.0430562990477521,0.21195395924677965,0.00136075598519867,-1
Training_Young,PDHA1,0.9451948601173196,0.980384035171067,0.9997513318112484,0
Training_Young,COL4A2,0.00190956649916278,0.03924381774426668,0.00219067758434536,-1
Training_Young,CYC1,0.12903212962517788,0.3962733873473811,0.7562219462957623,0
Training_Young,MYL3,0.01311619717244671,0.10325935002428088,0.031849613909619,-1
Training_Young,SNRNP70,NA,NA,NA,0
Training_Young,NFIC,0.00214717772584951,0.04159871216055199,0.04485647961963115,-1
Training_Young,VIM,0.5634869644465439,0.7933352975664001,0.9400668866203132,0
Training_Young,SERPINF2,0.997081633910929,0.9985067148550608,0.9999980130896824,0
Training_Young,RPS17,0.6089572244095824,0.8153045131904091,0.9689007089425103,0
Training_Young,KRT19,0.3773144226661017,0.6732724248252512,0.7775468580004501,0
Training_Young,ANXA5,0.256073878507496,0.5667451661774137,0.8514108934898647,0
Training_Young,RPSA,0.9329993166032045,0.9736240493934778,0.9994668119118348,0
Training_Young,SNRPA,0.0209445133321772,0.13844455039068077,0.29424467245205876,0
Training_Young,ENO2,0.8580918085148952,0.9423766883481242,0.9968213104424932,0
Training_Young,ACAA1,0.47807716317857263,0.7292584883899562,0.9449148446513214,0
Training_Young,GSTP1,0.9083860270823648,0.9583554547952966,0.9990591238513205,0
Training_Young,LGALS1,0.6771943961599147,0.853394856551643,0.9749103304643192,0
Training_Young,QDPR,0.01437693661700661,0.10989207552344694,0.36568623024058633,0
Training_Young,HMGB1,0.0017794270146791,0.03740355584855481,0.17518729222979793,0
Training_Young,RBP1,0.4115846000069415,0.6918686301967615,0.6026404595264588,0
Training_Young,FBP1,0.7592056265962153,0.895148597314013,0.9815516567561652,0
Training_Young,GSTM1,0.38798014498512134,0.6771569665480791,0.64584882283166,0
Training_Young,TPM1,0.28170374396662023,0.5946664696516816,0.6553960148796614,0
Training_Young,CLTB,8.573000463456792e-4,0.02502839857525857,0.1209521651784926,0
Training_Young,ANXA4,0.04644290428814011,0.22545723975443535,0.5001472923340371,0
Training_Young,HMOX1,0.02880308927791186,0.16471887138482616,0.07604152280187434,0
Training_Young,DLD,0.7922152762932491,0.9109608921052568,0.9955436307202536,0
Training_Young,HNRNPA1,0.4346873176515035,0.7050953918242108,0.8946457918927789,0
Training_Young,COX6C,0.0231246338060884,0.14685190410996324,0.2695063255428708,0
Training_Young,PARP1,0.07892327371102176,0.3047951039189284,0.6484914824607809,0
Training_Young,IFIT2,0.5968187587448464,0.8122883611861683,0.9655888611220452,0
Training_Young,UCHL1,2.8067845969600844e-4,0.01474965305702524,9.107939060654356e-4,1
Training_Young,LTA4H,0.863220412896184,0.945106293143752,0.9980410672464368,0
Training_Young,ALDOC,0.391421869722121,0.678292473335448,0.7013924127983133,0
Training_Young,LIMS3,0.4763312074139614,0.728429433914807,0.911117977835036,0
Training_Young,HSPA1A,0.7450218026849733,0.8887831039976243,0.9917583825375276,0
Training_Young,CALM1,0.05360765093307488,0.24643933255167108,0.5981873634871823,0
Training_Young,FDX1,0.8275537994341816,0.9268580888509396,0.9873218874480034,0
Training_Young,COX8A,0.8570530671104739,0.9422204744070168,0.99381399543417,0
Training_Young,GAA,0.9300718531414088,0.9711927646811928,0.999051811945398,0
Training_Young,RRAS,0.5462718759426102,0.7816633650315634,0.96344462208876,0
Training_Young,ARAF,0.8229967300890612,0.9268580888509396,0.9874945648670876,0
Training_Young,DLAT,0.9572850590704912,0.9855987183369828,0.9998449338300618,0
Training_Young,TXN,0.29045941817239873,0.6015228541855981,0.8875168433718592,0
Training_Young,COX5B,0.01750461801728745,0.12600927079567883,0.30185164297499245,0
Training_Young,MAPT,0.00152820481072973,0.03454071518445056,0.13049420511003654,0
Training_Young,PRKAR1A,0.20711346082567184,0.5068131486095021,0.8673806353313809,0
Training_Young,ESD,0.40351544513089366,0.6856826723242834,0.9034936304893092,0
Training_Young,HSPD1,0.2303809083336858,0.5404694970060352,0.8805291210033489,0
Training_Young,THRB,0.10825406123144042,0.3589117298241132,0.27256422615090425,0
Training_Young,CLU,0.15813420189328556,0.4392371191629935,0.612690330275663,0
Training_Young,MYL2,0.0053595378510084,0.06869358879768084,0.0123795585558456,-1
Training_Young,HSPA5,0.02593846602322992,0.1540062547420357,0.558074061242281,0
Training_Young,LAMC1,0.00188703104163837,0.03924381774426668,0.00603256043022665,-1
Training_Young,MYH3,0.00965730129215074,0.08749847981077961,0.00351463833624254,-1
Training_Young,HSPA8,0.01162932379490424,0.09700332784479657,0.5005330077172823,0
Training_Young,EPB41,0.5503498769195145,0.785360109494107,0.9146143612078608,0
Training_Young,PDHB,0.6650821795780686,0.8436950763265542,0.9887734629483462,0
Training_Young,DBT,0.9829588304177466,0.9950658038459508,0.9999450290760864,0
Training_Young,PYGB,0.5804272398294594,0.8045208356597896,0.9734488139057316,0
Training_Young,PYGM,0.27580243460737175,0.5885651954768482,0.8819620114115425,0
Training_Young,RALA,0.03852397630011491,0.19702529971494293,0.5275377462828933,0
Training_Young,SPTB,0.8522964428755714,0.940434185262179,0.9960496092805282,0
Training_Young,LAMP1,0.4335246187170214,0.7050953918242108,0.9314636795033436,0
Training_Young,ACADM,0.30079344137514613,0.6108867765899103,0.8674216782871415,0
Training_Young,UBL4A,0.17309104810533013,0.4555807253377875,0.6717863096456356,0
Training_Young,DMD,0.3881840759465358,0.6771569665480791,0.9353782040130002,0
Training_Young,MTHFD1,0.29730991139399354,0.608744307439043,0.9259986391931908,0
Training_Young,ADH5,0.2841464878568567,0.5948338307548664,0.8824823954055483,0
Training_Young,PABPC1,0.5233225195713207,0.7667909472120573,0.9730208467643354,0
Training_Young,HARS1,0.01924924393201774,0.1324450385477446,0.4897371219253543,0
Training_Young,COL6A1,0.01436440549363553,0.10989207552344694,0.04450180957752057,-1
Training_Young,COL6A2,0.1075830802808712,0.3578854001832206,0.295707871458851,0
Training_Young,COL6A3,0.08847305206574285,0.3251229990248103,0.3113573559105808,0
Training_Young,SLC25A4,0.8019246750195347,0.9161117754842728,0.9932212112245468,0
Training_Young,SLC25A6,0.4869541796266844,0.7374479002703823,0.911091947973675,0
Training_Young,IMPDH2,0.35046137792465193,0.6554001925245715,0.9220487050633588,0
Training_Young,CKB,0.8657980537514076,0.945897873693066,0.9981102364264236,0
Training_Young,ANXA3,0.05427643151242919,0.24740679152427644,0.3260232682224112,0
Training_Young,BCKDHA,0.7418568839689335,0.8870211434031274,0.9833387577931624,0
Training_Young,ACTN1,0.10505007323765468,0.3527165529061899,0.16098417832733455,0
Training_Young,MYH1,0.06645903861349334,0.27553629026738263,0.17422118475398202,0
Training_Young,MYH7,0.05369610576054489,0.24643933255167108,0.17366905091468807,0
Training_Young,PEPD,0.3375019525882397,0.6483752585582984,0.8994720576269111,0
Training_Young,XRCC6,0.07665737942862294,0.3022417560938453,0.682048131539268,0
Training_Young,XRCC5,0.3619643644293373,0.6593146395411326,0.9306507449105972,0
Training_Young,COX4I1,0.0340353600777781,0.1829727030268276,0.42987225068206864,0
Training_Young,IFITM1,0.03644436849479369,0.19151515644014083,0.3276483695397355,0
Training_Young,LAMP2,0.3880613804466473,0.6771569665480791,0.8751827226630313,0
Training_Young,RNH1,0.5586599276430988,0.7909452127753377,0.973927264697828,0
Training_Young,MYH8,0.8904049669086589,0.9534464480261396,0.9947140236873404,0
Training_Young,VCAN,0.7487195616825864,0.8907128901886522,0.9898434162091048,0
Training_Young,EEF2,0.9048614967585148,0.9577134270827784,0.9993462158475048,0
Training_Young,KRT10,0.3592622131377139,0.658102712537716,0.7703700583818428,0
Training_Young,KRT5,0.5664327019498272,0.7953517297919417,0.903435165873136,0
Training_Young,PDIA4,0.10777424277639326,0.3578854001832206,0.5148587581423523,0
Training_Young,TPT1,0.24218272765512056,0.5525144849204128,0.8240250879614275,0
Training_Young,ALAD,0.6489044726074076,0.8405501812065259,0.974015807137305,0
Training_Young,LCP1,0.8779866297896893,0.9502860349173702,0.997660990679822,0
Training_Young,PLS3,0.6936900175620933,0.8566782427042329,0.976705075688225,0
Training_Young,APEH,0.03766734315228737,0.1950166386849952,0.6324479806547115,0
Training_Young,ETFA,0.7890189598374264,0.9093114295736556,0.9934173438037492,0
Training_Young,TNNT1,0.039122947856312,0.1996030009562326,0.11558469336490904,0
Training_Young,GYS1,0.01917231098928996,0.1324450385477446,0.39521311305135465,0
Training_Young,PRKAR2A,0.22512785716775904,0.5347104584933666,0.8864807132743542,0
Training_Young,ENO3,0.904113870226842,0.9577134270827784,0.999039658303556,0
Training_Young,CD59,0.7736724943319844,0.9029758928849702,0.993952477977207,0
Training_Young,MIF,0.3545104386018467,0.6561098431733848,0.8949508497183076,0
Training_Young,CD99,0.05055026446789817,0.23560234126723273,0.3921937983786197,0
Training_Young,PRKCSH,0.1036662431171414,0.3512250830187446,0.7385178880006353,0
Training_Young,FDPS,0.28492917433348136,0.5948338307548664,0.9248667107351348,0
Training_Young,COX7A2,0.07297558806693336,0.2938595519476895,0.5281828600925191,0
Training_Young,NID1,0.00603214490939915,0.07245467771175441,0.02184956653038365,-1
Training_Young,AKR1A1,0.15283256418358632,0.4329569405847688,0.7743358932733214,0
Training_Young,PKM,0.4260418466515869,0.7002503780324841,0.9476960743539652,0
Training_Young,ACYP2,0.18633439221134487,0.4769632429852337,0.8271975480865726,0
Training_Young,HSP90B1,0.00864640552811524,0.08399603955994536,0.3653520884614257,0
Training_Young,MYL6B,0.6575390176610849,0.8410817654330629,0.9306112299557836,0
Training_Young,SLC2A4,0.1279459864383104,0.3949228538815396,0.27399286827504377,0
Training_Young,IDE,0.7154584528406043,0.872834398067876,0.9876101375022712,0
Training_Young,COX6B1,0.00835009203955745,0.08315180106700194,0.19947785974096993,0
Training_Young,HNRNPL,0.05933248826108488,0.2571303393726636,0.570799871900825,0
Training_Young,DARS1,6.940202337744448e-4,0.02279422705302942,0.07999710663059481,0
Training_Young,JUP,0.47649403978727856,0.728429433914807,0.8598735764267028,0
Training_Young,UQCRB,0.5675340458622644,0.7958349328902468,0.9736352782291146,0
Training_Young,CPA3,0.03255829641288352,0.1772993239893294,0.16025184297712552,0
Training_Young,FABP4,0.8778291675148933,0.9502860349173702,0.9979970128215032,0
Training_Young,GLUL,0.678714111203274,0.85479752052084,0.954124031233535,0
Training_Young,AKR1B1,0.63657880261064,0.832868569481024,0.9830144863676316,0
Training_Young,GSPT1,0.353489803544909,0.6561098431733848,0.9200764436964892,0
Training_Young,PGAM2,0.193688221509021,0.48684302215468095,0.8187233873071043,0
Training_Young,EZR,0.00107524172159684,0.02825197623495698,0.01244968283393654,1
Training_Young,UCHL3,0.6342508366567214,0.8311967852360252,0.9812445253898546,0
Training_Young,NME1,0.03495470552752403,0.18528155886813177,0.5464367576368578,0
Training_Young,RPS2,0.02996768578975885,0.16844354440859768,0.41402002746999367,0
Training_Young,RPA2,0.00136999322937653,0.03199695297943871,0.00177037088239974,-1
Training_Young,COX7C,0.04353001181290537,0.21378524493160533,0.377103668463376,0
Training_Young,NQO2,0.13864257292599633,0.410593585402586,0.36886119260902034,0
Training_Young,PFKFB1,0.6059139584876636,0.8153045131904091,0.9399955716267944,0
Training_Young,CBR1,1.6128687775469856e-4,0.0130967330634,0.02972258362460681,1
Training_Young,ANK1,0.4393929784600248,0.7050953918242108,0.8488737606994987,0
Training_Young,ACADS,0.4965747120706144,0.7454175598143689,0.9267289323380328,0
Training_Young,PPP3CB,0.03625100061320691,0.19097644934576677,0.4989751068134395,0
Training_Young,ATP2A2,0.9460505690627417,0.980571151957536,0.9996509915911922,0
Training_Young,CD36,0.5980227174386935,0.813094276879776,0.9565792782660022,0
Training_Young,FAH,0.3642819322845898,0.661244060157347,0.9162810239195016,0
Training_Young,YBX3,0.22486089572036772,0.5346805461586119,0.8325407679522662,0
Training_Young,TMEM11,0.0094823240375805,0.08662481486865325,0.334843773197578,0
Training_Young,GOT1,0.1222880759600993,0.3851916396174154,0.7794059962449663,0
Training_Young,CKMT2,0.6108316122171907,0.8166167143978366,0.9687267193965756,0
Training_Young,NDUFB7,0.00197070242220943,0.03983092780273308,0.05400723451382448,0
Training_Young,PRKACA,0.22159994710616096,0.5299238780627421,0.8906140855054356,0
Training_Young,CAPN2,1.80301172155425e-4,0.01353546656681083,0.04916092575115069,1
Training_Young,DES,0.5525369027727525,0.7865373672921224,0.9079713896724804,0
Training_Young,PFKL,0.3118104274542195,0.6284738682944024,0.8450476056466507,0
Training_Young,LGALS3,0.00203265139259531,0.04069174502128909,0.05702870889870543,0
Training_Young,FLT1,6.124448389532414e-4,0.02135399961448227,4.553044142945426e-6,-1
Training_Young,PSMC3,0.24354924332470632,0.5525144849204128,0.9128863252363674,0
Training_Young,TCP1,0.00643337141432086,0.07554718834023723,0.36000503444033755,0
Training_Young,RPL35A,0.5930469508477794,0.8107175067886125,0.9427579123762768,0
Training_Young,ARF4,0.7887136356609615,0.9093114295736556,0.9889668206264786,0
Training_Young,RPL7,0.25987606378521666,0.570208231812657,0.7661293760002519,0
Training_Young,VCL,0.0057737154287965,0.07068767473915255,0.44615212655475334,0
Training_Young,RPL17,0.5354920659186906,0.7720194256248887,0.9530301641009492,0
Training_Young,PGAM1,0.5865171165185628,0.808432117325914,0.9769748464412372,0
Training_Young,ATP5PF,0.3611797174793756,0.6593146395411326,0.9100724470485336,0
Training_Young,TSPAN8,0.03207991030459117,0.17548032720183776,0.30393658523816114,0
Training_Young,TNNI1,0.03361064624264016,0.1819795925599216,0.11159927791713196,0
Training_Young,NCL,0.1253190713112284,0.3929696453824952,0.6977438891246649,0
Training_Young,HK1,0.05150068921159663,0.23844592229686368,0.6477543667803897,0
Training_Young,NDUFV2,4.3425677560807554e-4,0.01755399504477259,0.03077040638310287,-1
Training_Young,SRM,0.22825350856301735,0.5380098675552127,0.43738630563012976,0
Training_Young,TYMP,0.414937041112181,0.6941006548200881,0.9075745908938424,0
Training_Young,ATP2B1,0.7896623857667286,0.9093114295736556,0.9771312798272888,0
Training_Young,EIF2S2,0.6852955487970114,0.8566782427042329,0.9862363597301612,0
Training_Young,ANXA7,0.5695550379268588,0.7976047233326163,0.9801271814104718,0
Training_Young,TPSB2,0.2901480003920155,0.6014705096883793,0.7742171000603026,0
Training_Young,BTF3,0.7042054787456743,0.8656373779669049,0.9830217736865076,0
Training_Young,RAB6A,0.00127977303939548,0.03022565088549794,0.06283138441263882,0
Training_Young,PVALB,0.06237027410796439,0.267010827240206,0.09624748985278926,0
Training_Young,PSMB1,0.7234107516500116,0.8779499999817115,0.993568320641047,0
Training_Young,COX5A,0.05085206189667646,0.2364845887318892,0.4738435512537445,0
Training_Young,CAPN3,0.9542244830625186,0.9854241467568132,0.9996585598014448,0
Training_Young,CAST,0.15316734593714934,0.4332745980026829,0.7547725361680114,0
Training_Young,NEB,0.969193559205462,0.988445508011093,0.9996805174592648,0
Training_Young,PTMS,0.5276588033105758,0.768690187708306,0.940526135497361,0
Training_Young,GSTM3,0.7666388798952022,0.8982580409920373,0.9886681529163286,0
Training_Young,ATP6V1B2,0.6367363421294032,0.832868569481024,0.9820596400006198,0
Training_Young,CSRP1,0.7298927946986011,0.8827587194801264,0.9791025944302396,0
Training_Young,FLNA,0.00270879917708741,0.04442737384820851,0.05735040241048451,0
Training_Young,MAOA,3.440369384383227e-4,0.01607034765771898,0.01797258262865831,-1
Training_Young,ACO1,0.9252393589427016,0.9689518976051864,0.9993827001353944,0
Training_Young,GPD1,0.6276942928586506,0.8276289419840964,0.9783094246015468,0
Training_Young,VDAC1,6.196926624564314e-4,0.02135399961448227,0.10370974295435507,0
Training_Young,BGN,0.07420553297523498,0.2968350982263038,0.4662408791910629,0
Training_Young,RYR1,0.8542339892651896,0.9415835581727472,0.9976665897964064,0
Training_Young,SDHB,0.6638303174228034,0.843124669016757,0.9845785290780102,0
Training_Young,COMT,0.6904266945846107,0.8566782427042329,0.9863112674397518,0
Training_Young,TGM2,0.25167408967573607,0.56099569087847,0.7010358828666584,0
Training_Young,MMUT,0.6935831778067039,0.8566782427042329,0.9772005575328944,0
Training_Young,OSBP,0.08519448566458124,0.31762715734486063,0.7455218858316583,0
Training_Young,PCMT1,0.48008082682555986,0.7316614855839156,0.9585280882101328,0
Training_Young,GART,0.00449049501483268,0.06089690658824718,0.3015232924326692,0
Training_Young,PAICS,0.32179481266057175,0.6381251851061526,0.9250355418868385,0
Training_Young,SCP2,0.34647143564475946,0.6538348613075705,0.8781716743029787,0
Training_Young,UBA1,0.13153297732582378,0.40011912928926424,0.8264311281503175,0
Training_Young,GPX3,0.05647194365164756,0.2523481291764149,0.4589365809540499,0
Training_Young,NME2,0.0012048033233334,0.02955654822471655,0.156534128023805,0
Training_Young,FDXR,0.503569498259239,0.7512442053519662,0.8333945528314617,0
Training_Young,HNRNPA2B1,0.12973132093206377,0.39693629781542655,0.694026167539192,0
Training_Young,UQCRC2,0.1575003440461835,0.4392371191629935,0.8091229537660943,0
Training_Young,FECH,0.651520143217805,0.8410817654330629,0.9824650454965468,0
Training_Young,AMPD1,0.6841908365546796,0.8566782427042329,0.9693034433660144,0
Training_Young,FBLN1,0.6918173552484699,0.8566782427042329,0.9714350853713476,0
Training_Young,SFPQ,0.4889493129074747,0.7392033596325835,0.92287805913248,0
Training_Young,PPIB,0.19821446130931208,0.495418308765962,0.7625833722860498,0
Training_Young,S100A1,0.407488538060344,0.6897466936573154,0.8751968210078029,0
Training_Young,HRC,3.2768809559983813e-4,0.01565455402161045,0.08671980014798596,0
Training_Young,ME2,0.00279479505124727,0.04484472670016626,0.10067698590439872,0
Training_Young,WARS1,0.5056707618129843,0.7517362043105136,0.9629519720451044,0
Training_Young,RPS3,0.21157022576717263,0.5142375495862234,0.8114856679175838,0
Training_Young,GCSH,0.8862245370311725,0.9514014182020044,0.9970741228114488,0
Training_Young,AHCY,0.06170656024578097,0.2650406568352933,0.6873050764535049,0
Training_Young,CFL1,0.29698638149927664,0.608744307439043,0.8738071634411627,0
Training_Young,EIF4B,0.7535533700006177,0.8911992823586087,0.9922217911898642,0
Training_Young,ATP2B4,0.6612663586407246,0.8413933933794208,0.9825667368130144,0
Training_Young,CPT2,0.24235465457864291,0.5525144849204128,0.8395803322322879,0
Training_Young,LAMA2,0.07835469969376146,0.30381452825088157,0.3827202584750005,0
Training_Young,GPT,0.01824478044662826,0.1292453375235782,0.2790766099790423,0
Training_Young,COX7A1,0.02640244514534229,0.15589308903233004,0.31100088218683475,0
Training_Young,COX7B,0.00300450965394791,0.04713044248207844,0.03571533751228336,-1
Training_Young,EEF1B2,0.01574104402715025,0.11691757789777328,0.3877894672981625,0
Training_Young,ATP5PB,0.11300312499751894,0.3719301996028197,0.7547503286471164,0
Training_Young,ACP1,1.682263523843007e-4,0.0130967330634,0.04508645135854812,-1
Training_Young,ACAT1,0.38874342883718105,0.6774554295871349,0.9342947802582776,0
Training_Young,MYL9,0.6903930407161956,0.8566782427042329,0.9191133353119008,0
Training_Young,AZGP1,0.8232811694711585,0.9268580888509396,0.9947090492590056,0
Training_Young,MPST,0.7493439562643138,0.8907128901886522,0.991227303275944,0
Training_Young,RPS12,0.60196246299113,0.8153045131904091,0.971748044403785,0
Training_Young,DNAJB2,0.1439762670346756,0.42033362620098386,0.6809710923191703,0
Training_Young,ATP5F1A,0.12932613878225666,0.3962733873473811,0.7749897080958102,0
Training_Young,PSMA1,0.24881765019639157,0.5581800434501762,0.9145514497403534,0
Training_Young,PSMA2,0.40595149232108296,0.6887086657456952,0.9344738964436172,0
Training_Young,PSMA3,0.05013319029280376,0.23469925611464035,0.6840953949034784,0
Training_Young,PSMA4,0.4187162603921941,0.6952145176495989,0.948256281387167,0
Training_Young,MSN,1.1534273920548592e-6,6.84594237605936e-4,0.00154451475019126,1
Training_Young,DDX6,0.5108750110873795,0.7562389248631491,0.954694451068671,0
Training_Young,U2AF2,0.31323637673444726,0.6291415032383699,0.8639932344104131,0
Training_Young,RPL13,0.2187292010591005,0.5246571099257354,0.7209317473787029,0
Training_Young,IVD,0.5500614280181998,0.785360109494107,0.9600271338232278,0
Training_Young,S100A4,1.850272402158442e-5,0.00341349686668494,1.5255824033135705e-5,1
Training_Young,HMGB2,0.5433710630040263,0.7785725797099272,0.956647801671892,0
Training_Young,TARS1,0.00112727417597984,0.02854855804710404,0.0493595637095691,1
Training_Young,VARS1,1.1628137820111223e-6,6.84594237605936e-4,7.525096391285676e-4,1
Training_Young,EEF1G,3.6740519197912786e-4,0.01624644875226467,0.15531205951526805,0
Training_Young,PLN,0.28106737100745555,0.5946664696516816,0.7793303066302909,0
Training_Young,FKBP2,0.07427938233446041,0.2968350982263038,0.42401548473445055,0
Training_Young,STOM,0.3570450995627352,0.6566131227304195,0.8636314782248546,0
Training_Young,MAOB,2.2941295803003689e-4,0.01474965305702524,0.0331286672418969,-1
Training_Young,YWHAQ,0.2344959694596284,0.5440513551922063,0.8898662669059625,0
Training_Young,MAPK3,0.22619224519844777,0.5354361801355689,0.7786018970236092,0
Training_Young,RPL10,0.42096199026874126,0.6956463078183129,0.9011291641348896,0
Training_Young,RPA1,0.2652720150192863,0.5772275109425878,0.8326613647030853,0
Training_Young,APEX1,0.6896286161422667,0.8566782427042329,0.9864370358617478,0
Training_Young,CALR,0.06829286477843564,0.28092289973438694,0.7699390984464118,0
Training_Young,MAP4,0.05556850871802173,0.24958334471214036,0.5283922428471541,0
Training_Young,CANX,0.00577388185059341,0.07068767473915255,0.35062282205714457,0
Training_Young,PSMA5,0.1050930813658336,0.3527165529061899,0.7991458376619048,0
Training_Young,PSMB4,0.3663557771481836,0.6621494785601736,0.9314707734611714,0
Training_Young,PSMB6,0.3424723721633648,0.6508832968240441,0.9181076497057492,0
Training_Young,PSMB5,0.17981180742740638,0.4666227397684053,0.7964960901436972,0
Training_Young,GSTM2,0.5856482585560796,0.8077641991370599,0.96599941718614,0
Training_Young,TMOD1,0.7244612325367932,0.8782107905376813,0.9699328849250202,0
Training_Young,NDUFS1,0.00340604323589013,0.0517694604227153,0.14332526346029045,0
Training_Young,MAPK1,0.5317944510976641,0.7693420528084237,0.9714708608939387,0
Training_Young,RBL1,0.882736249812762,0.9508786076739358,0.9971450300513692,0
Training_Young,LAP3,0.00723845448717172,0.07875054320660135,0.39073642083292,0
Training_Young,CD38,0.2993497701623072,0.6092142214527139,0.8144419331177134,0
Training_Young,TPP2,0.327795514495165,0.6418760823866736,0.9138453625959198,0
Training_Young,IMPA1,0.2324774274054523,0.5414237848047101,0.8946637494265475,0
Training_Young,EPHA2,0.8007184700944143,0.9157291752657556,0.9864050468489431,0
Training_Young,COL4A5,0.8880565353233131,0.9523953251273491,0.9907167477273254,0
Training_Young,TKT,0.3276190275570078,0.6418760823866736,0.8226259098729177,0
Training_Young,EEF1D,2.196238287083738e-4,0.01474965305702524,0.11155952104961989,0
Training_Young,MARCKS,0.00260405524570624,0.04378979301179629,0.08056179646768213,0
Training_Young,GNA11,0.14437720176836838,0.42033362620098386,0.5518759005691676,0
Training_Young,ALDH4A1,0.4843370756857963,0.734542953168502,0.9541334335001976,0
Training_Young,ERP29,0.7998082966977934,0.915511219795028,0.9945859981770908,0
Training_Young,PRDX6,0.11654897225229864,0.3789275801323798,0.7397634728374811,0
Training_Young,BLVRB,0.3660823038185187,0.6621494785601736,0.9132159267117574,0
Training_Young,PRDX5,0.02391929467812143,0.1491939389121996,0.5007300321083404,0
Training_Young,DDT,0.6056599919576331,0.8153045131904091,0.9583137608423096,0
Training_Young,PRDX3,0.00708660236988878,0.07875054320660135,0.413431760181379,0
Training_Young,ATP5F1D,0.32850955214486166,0.6421541460477644,0.8858238790146497,0
Training_Young,RPL12,0.7131445548976085,0.8715289851132403,0.9743470203797322,0
Training_Young,ECHS1,0.321096836587552,0.6373423517535735,0.9075699512015484,0
Training_Young,CMPK1,0.5005504715491652,0.7478017705730955,0.9264142803240908,0
Training_Young,PEBP1,0.3311663618947387,0.6433007174230008,0.9197594959901468,0
Training_Young,PDIA3,0.00243688267243919,0.04308514083887851,0.25388348638184915,0
Training_Young,PPP2R1A,0.00692420620527846,0.07741851831646447,0.4885912537950176,0
Training_Young,PPIF,0.9810228225600982,0.9950658038459508,0.9999414332084328,0
Training_Young,NMT1,0.232848288041607,0.5414237848047101,0.708333083152645,0
Training_Young,ADSS2,0.4758694307706416,0.728429433914807,0.926452118750758,0
Training_Young,LRPAP1,0.45973328604571584,0.7168792969383271,0.90682431119238,0
Training_Young,TSPO,0.08372982694621853,0.31484811492120096,0.6009529068292376,0
Training_Young,ADSL,0.16353436925030548,0.4458485657122466,0.7981730792377649,0
Training_Young,CLIP1,0.2767163634381092,0.5893189421954462,0.8752729550728227,0
Training_Young,SRI,0.926024776540112,0.9689518976051864,0.9991314781121596,0
Training_Young,SERPINB1,0.3718943686709774,0.6675678590490134,0.8928601105956109,0
Training_Young,ALDH1B1,1.1529806830676584e-5,0.00332394090291061,1.0551185890701922e-6,1
Training_Young,SDHA,0.20146565914828785,0.4998680162201589,0.847624935187716,0
Training_Young,GDI1,0.010644651353566,0.09170105387375306,0.4764923423048711,0
Training_Young,MAT2A,0.2801632128611777,0.5942513354532749,0.9169882086460772,0
Training_Young,CASQ1,0.8556113897873596,0.941804557003198,0.9957625232773034,0
Training_Young,DNAJA1,0.03734519120447995,0.1947594100387131,0.2407296849122361,0
Training_Young,AKT2,0.7953721413024878,0.9130924309218074,0.9895785794512268,0
Training_Young,UQCRC1,0.355000820280971,0.6562987900005287,0.9254537104840854,0
Training_Young,HIBADH,0.9580341114395298,0.9855987183369828,0.9998534920418324,0
Training_Young,ATIC,0.02239336561223292,0.1441584674063366,0.5207015944564464,0
Training_Young,HNRNPH3,0.09315813165592328,0.3351770821597045,0.5384686402777218,0
Training_Young,HNRNPH1,0.0162150599530496,0.11834741674066064,0.39454694444884386,0
Training_Young,YWHAB,0.2589070638639215,0.5692705525543545,0.90697340395092,0
Training_Young,STIP1,0.08488346656180835,0.31748228952477076,0.7744794314468498,0
Training_Young,S100A11,7.985946858812601e-4,0.02398065756746298,0.01996977857494893,1
Training_Young,PRDX2,0.09974974189434278,0.3482956104018414,0.7673508414465313,0
Training_Young,GBP2,0.7342560450031198,0.884473470828973,0.9820012141015896,0
Training_Young,ACSL1,0.9647969897479304,0.9858309326402444,0.9998667772616742,0
Training_Young,KIF5B,0.00571814451924299,0.07068767473915255,0.26650195177501923,0
Training_Young,MCM5,0.7822250064086069,0.9064150846035788,0.9794308146873866,0
Training_Young,SHMT1,0.2967516811732624,0.608744307439043,0.7793839991610465,0
Training_Young,SHMT2,0.6872062671009787,0.8566782427042329,0.9734316931209266,0
Training_Young,HSPA4,0.00731914208895939,0.07875054320660135,0.3967189515428004,0
Training_Young,MPI,0.6303693253977569,0.8292102613964176,0.9828888257296192,0
Training_Young,GPC1,0.2979998997299458,0.608744307439043,0.8421120141567524,0
Training_Young,PFN2,0.13901472489698705,0.410593585402586,0.7621543796753958,0
Training_Young,CTNNA1,0.8632305696485508,0.945106293143752,0.9932227640332236,0
Training_Young,SERPINB6,0.733830499648351,0.884473470828973,0.99039486317098,0
Training_Young,RDX,0.633262952321832,0.8309105654060494,0.9851864253246548,0
Training_Young,RPA3,0.1499656250545536,0.4288812841696213,0.6688437971837863,0
Training_Young,RPL22,0.8798072320976826,0.9507432301523652,0.9974896282097712,0
Training_Young,SPR,0.9589999140888265,0.9855987183369828,0.9997143582981912,0
Training_Young,THBS4,0.7506416782840788,0.8907128901886522,0.9788109459197728,0
Training_Young,FBN1,0.00122491546510612,0.02959508399601228,0.00376547712611364,-1
Training_Young,AGL,0.6263395314139879,0.8273190964917023,0.9830463935208846,0
Training_Young,MYH9,0.5917923322011948,0.8107175067886125,0.959578307652278,0
Training_Young,COPB2,0.2641304956098712,0.5759359976887439,0.8070211423146693,0
Training_Young,ACTN2,0.1059199842174098,0.35452835481687167,0.17068613781896153,0
Training_Young,ADD1,0.10206838732414128,0.3509523688674477,0.334148021965536,0
Training_Young,BSG,0.547798778610282,0.7833149881896685,0.9704329025107252,0
Training_Young,FUS,0.07902632332817125,0.3047951039189284,0.7155463039580243,0
Training_Young,DEK,0.5290092326529847,0.7690023561802032,0.933014183043342,0
Training_Young,MYH11,0.9487477580900034,0.9813893171010888,0.9989780288219896,0
Training_Young,GLRX,0.1350856625104085,0.4056429465669695,0.6013709664399027,0
Training_Young,PPM1A,0.07827034201339753,0.30381452825088157,0.7337281156874764,0
Training_Young,KRT2,0.28471529881735036,0.5948338307548664,0.6832788001485914,0
Training_Young,HMGCL,0.46853364364699734,0.7233219906644834,0.940100777861725,0
Training_Young,PSMC2,0.01929628699229572,0.1324450385477446,0.6084456302079257,0
Training_Young,ARL3,0.09419259146178512,0.336722495327674,0.5193176141130644,0
Training_Young,MAP2K2,0.6205904901580384,0.8230165364745721,0.9786726606807228,0
Training_Young,ATP5F1C,0.06875338695251866,0.2822648815902231,0.6488703236981163,0
Training_Young,ATP6V1E1,0.4385181240509116,0.7050953918242108,0.9055238688436892,0
Training_Young,RPL4,0.6494069906181722,0.8405501812065259,0.9643157641511584,0
Training_Young,LONP1,0.8136191519761858,0.9209625511329792,0.9953159577281409,0
Training_Young,PGM1,0.7198801024432124,0.8751810152317134,0.9904432722611568,0
Training_Young,PPP1CC,0.04847636979564554,0.22964544340313775,0.12666308487109706,0
Training_Young,SERPINF1,0.28871683611296267,0.6002797126700767,0.8223145900860918,0
Training_Young,DLST,0.8059477236899619,0.9167219238075216,0.9957964315841588,0
Training_Young,GMPR,0.6718398559189338,0.8486823179937493,0.9785215197999396,0
Training_Young,GPX4,0.99518423302753245,0.997182864446081,0.999997544980817,0
Training_Young,SRP14,0.9948142694816252,0.997182864446081,0.9999961600844002,0
Training_Young,TAGLN2,0.4487213485134094,0.7107854367559808,0.951404011819508,0
Training_Young,TALDO1,0.0638576113571166,0.2705719312097388,0.6943200713669956,0
Training_Young,SNCA,0.8515968188078695,0.9401557316880996,0.9841384230160276,0
Training_Young,ETFB,0.9148524141643032,0.9624723596463288,0.9988912443186012,0
Training_Young,ATP6V1A,0.3627546369884155,0.6601820319910384,0.9239253089101528,0
Training_Young,HSPA9,0.25561511313433904,0.5667451661774137,0.9001461712202401,0
Training_Young,RPS19,0.6028579450191784,0.8153045131904091,0.9752584430621186,0
Training_Young,RPL3,0.0201386841964735,0.13438575930472163,0.1226703357439348,0
Training_Young,COL15A1,0.3555685809311735,0.6566131227304195,0.8070924042419914,0
Training_Young,COL18A1,0.41766102923362736,0.6952145176495989,0.7841819956706437,0
Training_Young,DDOST,0.0783747246594797,0.30381452825088157,0.6860749781802316,0
Training_Young,ANP32A,0.1522967416810602,0.43235528917137506,0.795654112540819,0
Training_Young,CAPG,0.34842956760317223,0.6538348613075705,0.7079924391253452,0
Training_Young,CAP2,0.00983038732392323,0.088448180042543,0.2687197457735792,0
Training_Young,CCT6A,1.7493946577412993e-5,0.00341349686668494,0.01391092669969452,1
Training_Young,RPL13A,0.10366811237034744,0.3512250830187446,0.4823463385720316,0
Training_Young,ARL1,0.1670660127357741,0.4469526666011853,0.44137115505478186,0
Training_Young,STAT3,0.15603671552378284,0.4363100836654355,0.7494902304291541,0
Training_Young,MDH1,0.08843501652061413,0.3251229990248103,0.7378918489217023,0
Training_Young,MDH2,0.3339977024980493,0.6458722821075433,0.9133385045381508,0
Training_Young,HADHA,0.9656640772151586,0.9858309326402444,0.9998782413592532,0
Training_Young,EIF2S3,0.00901370523697976,0.08458396610772977,0.23865964487287183,0
Training_Young,NAA10,0.09862489320078732,0.34551587584675825,0.5422622989429183,0
Training_Young,PPP1R2,0.5707238141179438,0.7981779489527066,0.9689187952692512,0
Training_Young,GARS1,0.37854976778019134,0.6749038268651079,0.9053029337370928,0
Training_Young,IARS1,0.5773999110604442,0.804324637004777,0.9599117652765708,0
Training_Young,EIF1,0.41165909450213867,0.6918686301967615,0.9133671280683888,0
Training_Young,ECI1,0.00234659877054773,0.04265363638303978,0.22835193660133543,0
Training_Young,TMPO,0.05492879839401028,0.24781441678591873,0.1663259981245035,0
Training_Young,AKR1C3,7.382443531501688e-4,0.02316103925853216,0.00919586578194443,1
Training_Young,RPS27,0.026009619616281,0.1540062547420357,0.4737093214442039,0
Training_Young,LRPPRC,0.2441001649739204,0.5525144849204128,0.8677244312653802,0
Training_Young,ACAA2,0.9585863944954734,0.9855987183369828,0.9997883318983014,0
Training_Young,RPL35,0.6831081914498338,0.8566782427042329,0.974119322043854,0
Training_Young,SLC1A4,0.560695225202376,0.7925900224447845,0.9373550306679148,0
Training_Young,PAFAH1B1,0.1557557452808953,0.4363100836654355,0.72855297610097,0
Training_Young,CRAT,0.11763429513024524,0.3802095434651765,0.7416330514525372,0
Training_Young,GPD2,0.21889832797567557,0.5246571099257354,0.8056367683843109,0
Training_Young,NAMPT,0.13731263232096488,0.4097216519634035,0.59531609985276,0
Training_Young,PSMC4,0.13725889259263513,0.4097216519634035,0.8123174343733897,0
Training_Young,TSFM,0.7971160595358291,0.913738523139256,0.9917221415344216,0
Training_Young,TNNT3,0.3471073400976187,0.6538348613075705,0.7470837418575754,0
Training_Young,ASPA,0.989916487459704,0.9960417383646952,0.9999799726755468,0
Training_Young,PPIC,0.6063072414967579,0.8153045131904091,0.9560455062972218,0
Training_Young,VDAC2,0.02409414312318232,0.1493979021974314,0.47101397520265825,0
Training_Young,ACADSB,0.8541740061823858,0.9415835581727472,0.9957118504149324,0
Training_Young,USP5,7.520638084649447e-4,0.02324761949107814,0.16553043631428668,0
Training_Young,MAP2K4,0.39108881279153007,0.678292473335448,0.9277246404411535,0
Training_Young,PHKA2,0.7757782897360073,0.903916772096241,0.991828999858992,0
Training_Young,PHKA1,0.07016623867433222,0.2869444235281057,0.6294488619594247,0
Training_Young,CRKL,0.01801892751799981,0.12882920286678776,0.4644106831234405,0
Training_Young,MTIF2,0.11554709886034026,0.37720287642136946,0.5971385211600481,0
Training_Young,BAG6,0.5530457796659167,0.7865373672921224,0.938647451312816,0
Training_Young,NSF,0.7532606536349431,0.8911992823586087,0.98836072858542,0
Training_Young,MAP2K3,0.4469127190207468,0.7100608733043158,0.9536234698736248,0
Training_Young,RPL27A,0.7770538133720478,0.9041065574107956,0.9880313541435934,0
Training_Young,RPL5,0.8401107615331491,0.9338513065799467,0.9939802123408668,0
Training_Young,RPL28,0.33727717619987596,0.6483752585582984,0.8551099171910759,0
Training_Young,RPS9,0.964622504234524,0.9858309326402444,0.9998005973703086,0
Training_Young,RPS5,0.2171419200196772,0.5222337710313061,0.8215747753200987,0
Training_Young,RPS10,0.8028702799094162,0.9161961608955445,0.9918499501510402,0
Training_Young,GNPDA1,0.09775798550757717,0.34477732472638795,0.6965676227133959,0
Training_Young,UTRN,0.14418466122596305,0.42033362620098386,0.7078525150342256,0
Training_Young,IQGAP1,0.04097285908153807,0.20538465474425788,0.3559317286446204,0
Training_Young,GYG1,0.04980910150209863,0.23390641262817605,0.6074746539565896,0
Training_Young,STT3A,0.9852753643092512,0.9950658038459508,0.9999714217228002,0
Training_Young,CAPZA2,0.49643207596511074,0.7454175598143689,0.9374738079369704,0
Training_Young,CAPZB,0.6908632462035578,0.8566782427042329,0.9757179155320804,0
Training_Young,EIF1AX,0.18897293340084204,0.4808972227706658,0.8037340673540122,0
Training_Young,QARS1,6.767877243514569e-4,0.02260461973688732,0.22158774339211987,0
Training_Young,RPL29,0.3830638068873021,0.6771569665480791,0.8395391459655324,0
Training_Young,UQCRFS1,0.48099103721538206,0.7316614855839156,0.9596996308191564,0
Training_Young,ATP5PO,0.27232025835036167,0.584695794742043,0.884621531454799,0
Training_Young,LIMS1,0.14038855040810427,0.4133007464395451,0.7646465496646969,0
Training_Young,PREP,0.13258585716540855,0.4019504168508054,0.7687682459205717,0
Training_Young,ME1,0.3635021911319417,0.6603989678127411,0.9218760528269818,0
Training_Young,PIP4K2A,0.9801087984802196,0.9950658038459508,0.9999267321914828,0
Training_Young,ARCN1,0.05724331727834755,0.2543878497232274,0.46324343329201817,0
Training_Young,LSS,0.8982157301968323,0.9559553811753172,0.9984738152432884,0
Training_Young,GCLM,0.5315224870650618,0.7693420528084237,0.9298612040059387,0
Training_Young,CD151,0.9088889444476872,0.9583554547952966,0.9980755234836928,0
Training_Young,PSMD8,0.29743236553867375,0.608744307439043,0.8868405646833141,0
Training_Young,GSS,0.7861517787136525,0.9074635029412946,0.9938750501168212,0
Training_Young,CCT5,1.2833411897894304e-4,0.0117286225258147,0.11182765747702536,0
Training_Young,NES,0.0579226503014157,0.25524824095089266,0.12116288856060528,0
Training_Young,IDH2,0.6277878758988995,0.8276289419840964,0.9825810484919718,0
Training_Young,TNNI2,0.3890050920607383,0.6774554295871349,0.7930295021600052,0
Training_Young,PXN,0.11981436256897512,0.3825634310422116,0.5447117665223329,0
Training_Young,ALDH9A1,0.04554081814021853,0.22210394369081057,0.543005033716115,0
Training_Young,RPL34,0.2766598708505228,0.5893189421954462,0.6977296607593846,0
Training_Young,LMAN1,0.13389786177118335,0.40496878481011145,0.7298045332393961,0
Training_Young,FNTA,0.4770473000840024,0.7287452214946025,0.9494641427052268,0
Training_Young,CCT3,0.00652019702584186,0.07582841808673395,0.40402401823492134,0
Training_Young,MRPL19,0.5230762962141157,0.7667909472120573,0.9182516994728244,0
Training_Young,TUFM,0.00770112303606764,0.0801374288208623,0.3301618547454154,0
Training_Young,ALDH7A1,0.7761987505393506,0.903916772096241,0.988914333991505,0
Training_Young,CDC34,0.9055212736454988,0.9577233362731282,0.997132822326118,0
Training_Young,PCYT1A,0.04259145342784407,0.21015782888574705,0.5171918441115625,0
Training_Young,AARS1,0.10053815659284587,0.34988610125523517,0.7475902678191346,0
Training_Young,CARS1,0.5203358526702964,0.7664467633580636,0.952860699938296,0
Training_Young,SARS1,0.03695729682271715,0.1932443729386852,0.4367473081171023,0
Training_Young,PSMB3,0.18651940329869748,0.4769632429852337,0.8253506146446475,0
Training_Young,PSMB2,0.37909432178959024,0.6753019189845073,0.945476241816541,0
Training_Young,ACADVL,0.3567000898752385,0.6566131227304195,0.9253362814153338,0
Training_Young,ACOT2,0.4916973667019281,0.7407370562500194,0.9531771812949158,0
Training_Young,TMED10,0.8040412825343548,0.916697914802721,0.9931599484052396,0
Training_Young,HINT1,0.23933814357513208,0.5525144849204128,0.8229507629466148,0
Training_Young,NDUFV1,0.00499891708747849,0.06567327323674872,0.16515708664248513,0
Training_Young,GSK3A,0.6931762260525327,0.8566782427042329,0.979943187552544,0
Training_Young,GSK3B,0.9863955540759816,0.9950658038459508,0.9999802459808832,0
Training_Young,IDH3A,0.0313663306209157,0.17306257999994523,0.5081838732584149,0
Training_Young,SULT1A1,0.41619743693473055,0.6948745134525842,0.8604051824165325,0
Training_Young,GDI2,0.29840799836221316,0.6089840898615263,0.9291544547891856,0
Training_Young,EMD,2.4624257128365675e-4,0.01474965305702524,0.0290020314641756,-1
Training_Young,CPT1A,0.0924438744420925,0.3338780482427465,0.4718445044517573,0
Training_Young,SERPINH1,0.0139827636006829,0.10845671250418992,0.02070625787221231,1
Training_Young,CSRP3,0.0083526805853476,0.08315180106700194,0.09649066220362236,0
Training_Young,ST13,0.7511254270660882,0.8907128901886522,0.9944893327004932,0
Training_Young,DNM2,0.5392583764822312,0.7737345442768941,0.9646305452647924,0
Training_Young,METAP2,0.268589504987329,0.5796459337611556,0.9109241884407244,0
Training_Young,NUDT2,0.6069749865441065,0.8153045131904091,0.9256399685653328,0
Training_Young,LRBA,0.3847990741134111,0.6771569665480791,0.655694151572233,0
Training_Young,BCAM,0.04375110805569824,0.2143702310794352,0.4443880662233613,0
Training_Young,RPL14,0.25723612560697146,0.5667451661774137,0.7298876426757233,0
Training_Young,CCT8,2.8047491866043105e-4,0.01474965305702524,0.15975950691857407,0
Training_Young,CCT4,0.00344801353909616,0.0517694604227153,0.2997719352533539,0
Training_Young,ATP1A2,0.05036411109024429,0.23525635891487445,0.6671364508518001,0
Training_Young,ANXA11,0.32871449150684806,0.6421541460477644,0.9346781482614724,0
Training_Young,FXR1,0.6683681086633599,0.8463311833797484,0.971936525169236,0
Training_Young,RAB5C,0.4481958231963531,0.7104884014771751,0.9289333498421388,0
Training_Young,RAB7A,0.8736650351680462,0.948556237659863,0.9987735541981104,0
Training_Young,DUSP3,0.5956440846585904,0.8122883611861683,0.9782095779508624,0
Training_Young,IDH3G,0.024588668960063238,0.15068624534709313,0.3506196912038346,0
Training_Young,GALK1,0.7094291087325407,0.8689802873862219,0.9814280297983462,0
Training_Young,SSR4,0.4946329947028175,0.7437185657119617,0.8582325277123025,0
Training_Young,BCAP31,0.00419945144725581,0.05845858902073989,0.3699276591046504,0
Training_Young,MECP2,0.4453790108261638,0.7100608733043158,0.8949336092704621,0
Training_Young,CAV2,0.07073602162119252,0.288153328387106,0.08059068292434216,0
Training_Young,ALDH3A2,0.5909390372154126,0.8102764880801027,0.9724576455200182,0
Training_Young,ALDH5A1,0.14407081828894,0.42033362620098386,0.7448200295306548,0
Training_Young,HSD17B4,0.37129447237659674,0.6671024723073027,0.8405089192268912,0
Training_Young,PSMD7,0.9652697270365932,0.9858309326402444,0.9998635388193688,0
Training_Young,UBE2D1,0.27494475196932117,0.5879286557879074,0.8675541656298167,0
Training_Young,SUOX,0.42860821212669575,0.7016623534971297,0.9289373748359095,0
Training_Young,STAT5B,0.564861157924448,0.7947377201855352,0.9728187085897626,0
Training_Young,RPS6KA3,0.43460247685175313,0.7050953918242108,0.9390515141736872,0
Training_Young,HDGF,0.9629989672954704,0.9858309326402444,0.9998477136597868,0
Training_Young,LUM,0.4266759197967784,0.700681862041272,0.9131474062288656,0
Training_Young,PRELP,0.12699450747413962,0.3947587480888912,0.5545433427121523,0
Training_Young,NDUFA8,0.00448643742767629,0.06089690658824718,0.13115765651237107,0
Training_Young,HNRNPA3,0.9745232390536078,0.9910246001406304,0.9998511975336228,0
Training_Young,MYOM1,0.05437770584406076,0.24740679152427644,0.39925842458195426,0
Training_Young,PGD,0.4349221986230193,0.7050953918242108,0.9396836021600204,0
Training_Young,HNRNPM,0.4978269828576185,0.7463853908464437,0.9229548102100128,0
Training_Young,KPNA1,0.00715028978898167,0.07875054320660135,0.2581375395810946,0
Training_Young,MAP2K6,0.2569286574968674,0.5667451661774137,0.8549508380737046,0
Training_Young,ARHGDIA,0.9000690338941624,0.9559553811753172,0.9990634932710448,0
Training_Young,ARHGDIB,0.15241449537392432,0.43235528917137506,0.6773784789053494,0
Training_Young,RIDA,0.00689963895087358,0.07741851831646447,0.3923509820433946,0
Training_Young,MRPL12,0.5104116155167457,0.7560854234081745,0.8940195757711437,0
Training_Young,THOP1,0.6469483450156981,0.8404730662688489,0.9850592844611376,0
Training_Young,AKR1C2,0.2012514170484326,0.4998680162201589,0.6743588011237176,0
Training_Young,CAPZA1,0.3314437093097573,0.6433007174230008,0.8369757531255516,0
Training_Young,CRIP2,0.9454036342967423,0.980384035171067,0.9992623817004193,0
Training_Young,BLVRA,0.09323601941138446,0.3351770821597045,0.6790103452841112,0
Training_Young,PPP5C,0.05762174682957077,0.2549913933384374,0.6603121211335231,0
Training_Young,NUBP1,0.983312378131693,0.9950658038459508,0.9999346364482312,0
Training_Young,SUCLG1,0.6895136479606867,0.8566782427042329,0.9866892542629216,0
Training_Young,COPA,0.41350310152962577,0.693128803361462,0.929685048128059,0
Training_Young,HCCS,0.5541570853000536,0.787584985328406,0.9678818878436654,0
Training_Young,MAPK12,0.01501621765354175,0.11313293730374473,0.2847640642683963,0
Training_Young,TTC3,0.9995255971321686,0.9995255971321686,0.9999999459012155,0
Training_Young,SMTN,0.6481189964311143,0.8405501812065259,0.9746363057261104,0
Training_Young,SLC16A1,0.01226334655477498,0.09876457646795794,0.15032933203731785,0
Training_Young,IST1,0.1481789307354271,0.42527394519827033,0.8182271471736117,0
Training_Young,SEC24C,0.3416614200052098,0.6499621884463216,0.9119761435580342,0
Training_Young,SUB1,0.6257461561778275,0.8272442894879203,0.9823296986542016,0
Training_Young,RARS1,0.254847616721309,0.5662681716154245,0.8683298574835487,0
Training_Young,CACNB3,0.04132176674491713,0.20631437932972876,0.570662650654606,0
Training_Young,CACNA2D1,0.1684970239713835,0.44889828186039055,0.8269966887197024,0
Training_Young,MYOM2,0.04761917638041196,0.22852855879366657,0.43237758033747015,0
Training_Young,YARS1,0.6219029446738431,0.8242370679094693,0.9702683900585082,0
Training_Young,USP14,0.35022636778058747,0.6554001925245715,0.949304213975728,0
Training_Young,PRKAG1,6.774933603348721e-4,0.02260461973688732,0.11812599406653028,0
Training_Young,PRKAA2,0.00636272759272414,0.07513737865115817,0.33687943334401727,0
Training_Young,HSPA2,0.17285268965358414,0.4555807253377875,0.6147326038755615,0
Training_Young,RAD23A,0.6482526011542868,0.8405501812065259,0.9866199969715048,0
Training_Young,RAD23B,0.2783802421407089,0.5916635682303034,0.9089363278412204,0
Training_Young,AK2,0.5994120913405703,0.8144565067859592,0.9751188061157308,0
Training_Young,NAPA,0.2927150517637448,0.6038317021862475,0.9331001646035972,0
Training_Young,EIF5,0.3490022428102255,0.6538348613075705,0.907069656722415,0
Training_Young,PSMD4,0.01041190111088778,0.09043725675655422,0.46335611752300543,0
Training_Young,DRG2,0.7124863055009643,0.871231072811534,0.9792039433083224,0
Training_Young,RRAD,0.1824285863179256,0.4708754648296633,0.48134205647533046,0
Training_Young,CSE1L,0.01091193535782843,0.09286189523139823,0.4242622341934408,0
Training_Young,VCP,0.23187744704339383,0.5414237848047101,0.890719461036657,0
Training_Young,HADHB,0.19076765608560636,0.4831248350505356,0.8507907304094207,0
Training_Young,NAP1L1,0.4400975994640174,0.7050953918242108,0.9370063283947424,0
Training_Young,ADK,0.49682683220738855,0.7454175598143689,0.939858055286743,0
Training_Young,LAMB2,0.03071230653371118,0.17159166311715768,0.09988453329290856,0
Training_Young,CDH13,0.8861149700033536,0.9514014182020044,0.9981349015027234,0
Training_Young,TPD52,0.24685012036292747,0.5558844291431798,0.7172529225373404,0
Training_Young,SEC13,0.2438771890795877,0.5525144849204128,0.8207031373677548,0
Training_Young,SNU13,7.655790394581931e-5,0.00766308162352915,0.00799694562529694,-1
Training_Young,NPEPPS,0.31621945159247183,0.6320760333217228,0.9172272060521828,0
Training_Young,HNRNPH2,0.19385709302733967,0.48684302215468095,0.5841498318305094,0
Training_Young,OXCT1,0.4366787523922022,0.7050953918242108,0.8093553447332887,0
Training_Young,SH3BGR,0.8965983542397786,0.9559553811753172,0.9983854553745388,0
Training_Young,EIF3B,0.8913046005572618,0.9534464480261396,0.9985452730946078,0
Training_Young,ATP5MF,0.39401595866485584,0.6790542340264012,0.9110668153774324,0
Training_Young,NDUFV3,0.04812690840997084,0.22939401695636896,0.3453890885452132,0
Training_Young,MARS1,0.122201416646543,0.3851916396174154,0.48179780742062017,0
Training_Young,ARPP19,0.7975317200567491,0.913738523139256,0.9911735874318578,0
Training_Young,ATP5F1E,0.7686162500405319,0.8990714288175837,0.9916209418759758,0
Training_Young,ATP5ME,0.4700205000304558,0.7234607226849902,0.9473749845533096,0
Training_Young,EIF6,0.4393501288726151,0.7050953918242108,0.9466308806402696,0
Training_Young,NDUFA6,9.401005948346604e-4,0.02643103105968071,0.02938819252998104,-1
Training_Young,SYNJ2BP,0.04872629662842508,0.22982287257089476,0.5555392210880711,0
Training_Young,EEFSEC,0.856147825962898,0.941804557003198,0.993870152147988,0
Training_Young,MTPN,0.4908108497557119,0.7400892440362312,0.962512950857335,0
Training_Young,DEFA3,0.9561730759684988,0.9855987183369828,0.9994663174084588,0
Training_Young,ARPC4,0.05452912743695783,0.24755988309392085,0.5226514730540611,0
Training_Young,CD81,0.00175025592093494,0.03740355584855481,0.00548192661774313,-1
Training_Young,TPI1,0.6928050581523653,0.8566782427042329,0.9894927773844512,0
Training_Young,EIF3E,0.7792536513840089,0.9049675001155728,0.9908436157984688,0
Training_Young,SEC61B,0.8257125599829536,0.9268580888509396,0.9790892085407916,0
Training_Young,GABARAPL2,0.00871107859422751,0.08399603955994536,0.13522508757551427,0
Training_Young,ROMO1,0.7976737345197596,0.913738523139256,0.9897910917801932,0
Training_Young,MYL6,0.4460816227625192,0.7100608733043158,0.8658494947146232,0
Training_Young,ACTB,0.1640528759747787,0.4465706236835704,0.5327782221883528,0
Training_Young,EIF4A1,0.08441347768576687,0.3168520180276464,0.7095352922796554,0
Training_Young,RPS20,0.9403809039820707,0.9780705889016889,0.9995140187231868,0
Training_Young,PRPS1,0.9432810969238108,0.9801572387781676,0.9994832486102496,0
Training_Young,PSMA6,0.12072190309221478,0.383899304538329,0.784565641076566,0
Training_Young,S100A10,0.17126928231349642,0.4545439547435337,0.7690016946483503,0
Training_Young,CDC42,0.5261630046735728,0.7685897981188601,0.961857197102483,0
Training_Young,DSTN,0.44966769342532054,0.7113790471458812,0.8999169786694609,0
Training_Young,RAB2A,0.6854162243504512,0.8566782427042329,0.9856308479721488,0
Training_Young,RAB5B,0.2455186479697543,0.5543288915493271,0.8579296437349361,0
Training_Young,RAB10,0.9933987180310522,0.997182864446081,0.9999951178406766,0
Training_Young,UBE2D3,0.15504466000538683,0.4362836349816909,0.754116427687439,0
Training_Young,UBE2M,0.1442867738623985,0.42033362620098386,0.8199865339170027,0
Training_Young,UBE2K,0.2372707192190703,0.5492764887648521,0.8647939914788422,0
Training_Young,UBE2N,0.02523327105857238,0.15261799038326188,0.4934717949114009,0
Training_Young,RAB14,0.3400014791269095,0.6485327669008746,0.891735397597214,0
Training_Young,ACTR3,0.2665438324577371,0.5776032328104777,0.8823927943361504,0
Training_Young,ACTR2,0.0010925443600005,0.02829080607366535,0.1485761884305092,0
Training_Young,ACTR1A,0.0194581521979789,0.13279557116932358,0.4926361549046521,0
Training_Young,COPS2,0.42483523428259107,0.6998461304561179,0.9545683703230622,0
Training_Young,ABCE1,3.834746533093172e-4,0.01624644875226467,0.02852731989905422,1
Training_Young,RAP1B,0.02299267525446476,0.14645637389359073,0.4517245748408224,0
Training_Young,RPS3A,0.8846226883567052,0.95113907464235,0.9981901229402492,0
Training_Young,RPL26,0.43927239085933145,0.7050953918242108,0.8929706540456599,0
Training_Young,RPL15,0.1254436879408441,0.3929696453824952,0.606386474060217,0
Training_Young,RPL27,0.7264846293288292,0.8801560177805181,0.969666029425152,0
Training_Young,PCBD1,0.2980009002639273,0.608744307439043,0.9025236927599734,0
Training_Young,RPL37A,0.4424077771442775,0.7073514911276231,0.8981581235078757,0
Training_Young,RHOA,0.4573568743128128,0.7158333207785053,0.9558453565416298,0
Training_Young,HSPE1,0.11793369283505949,0.3802095434651765,0.7396273761845288,0
Training_Young,SEC61A1,0.1627151575764755,0.44491153301201913,0.7201804049680348,0
Training_Young,VBP1,0.5812126943371725,0.8045208356597896,0.9758798467998988,0
Training_Young,B2M,0.911814791318372,0.9602378213182456,0.9988324060142304,0
Training_Young,DAD1,0.6230611326120248,0.8246391507420786,0.8989063241656348,0
Training_Young,NPC2,0.7196346343332594,0.8751810152317134,0.953128545045155,0
Training_Young,PKIA,0.9889768647047762,0.9959583224033612,0.9999846306560268,0
Training_Young,SUMO2,0.6043195288529275,0.8153045131904091,0.9639146345817337,0
Training_Young,UFM1,0.20791333952853705,0.5081788833592847,0.7605584871425233,0
Training_Young,NUTF2,0.8893347877546103,0.9527939469216058,0.9986963650532896,0
Training_Young,HNRNPK,0.04751946830296845,0.22852855879366657,0.6379276283319864,0
Training_Young,YWHAG,0.07454291975103654,0.29732299301077575,0.7439816459600891,0
Training_Young,RRAS2,0.05334964429149556,0.24592314101035892,0.5593881324259093,0
Training_Young,TIMM10,0.7629939674498715,0.8975794148534815,0.9907254673502984,0
Training_Young,RPS7,0.8101874325645071,0.919569525377287,0.9918187621654626,0
Training_Young,PPP1CA,0.19854590894518948,0.49545927917908866,0.8327356694948465,0
Training_Young,PPP1CB,0.6431599096318705,0.8386613709963969,0.9718188491475293,0
Training_Young,PSMC1,0.02750436535401691,0.16015007195053613,0.5541916539697566,0
Training_Young,PSMC5,0.7856243954030321,0.9074635029412946,0.9955464961352264,0
Training_Young,RPS8,0.15335694620075932,0.4332745980026829,0.7650102868524257,0
Training_Young,RPS15A,0.19134620502331037,0.4835820068290101,0.8180668509560163,0
Training_Young,RPS16,0.4436785608902539,0.7086719870754664,0.9310941729345646,0
Training_Young,UBE2G1,0.5360249615663591,0.7722580323594838,0.916940736451732,0
Training_Young,YWHAE,0.2953353723786086,0.6080263983739816,0.920997812152141,0
Training_Young,RPS14,0.1113028968758128,0.3672820867079411,0.7432273776254654,0
Training_Young,RPS23,0.4121299205888541,0.6918686301967615,0.9000404012008801,0
Training_Young,RPS18,0.8346010866853472,0.9298832496247048,0.996136180755416,0
Training_Young,RPS13,0.43110081586913707,0.7031021569579686,0.9088708804089052,0
Training_Young,RPS11,5.482462709282897e-6,0.00192068943581877,0.00252063085355997,1
Training_Young,SNRPD2,0.751352353010558,0.8907128901886522,0.9877768101991784,0
Training_Young,SNRPD3,0.7856169454549932,0.9074635029412946,0.9937562450826554,0
Training_Young,TMSB4X,0.16507391750815137,0.4465706236835704,0.5774562135856897,0
Training_Young,PSMC6,0.08112873385812576,0.309496549128458,0.746717551464954,0
Training_Young,RPL7A,0.8338957960478885,0.9298832496247048,0.9937819003061392,0
Training_Young,ETF1,0.0642318713956516,0.2705719312097388,0.49819073474816,0
Training_Young,CNBP,0.34401400270988425,0.6531217420923767,0.8933369151753012,0
Training_Young,RPS4X,0.506649567777548,0.7526341989176013,0.957369071861503,0
Training_Young,RPL23A,0.5833964871566124,0.805715779239947,0.9621232362582834,0
Training_Young,RPS6,0.01032177842548348,0.09002646576915471,0.29414006248751917,0
Training_Young,H2BC4,0.06495239981646656,0.2719720008251249,0.2420461745276075,0
Training_Young,RAB1A,0.6554535247653148,0.8410817654330629,0.9848595178375774,0
Training_Young,RAN,0.13534731566663083,0.4058488695167732,0.7906087317088164,0
Training_Young,RPL23,0.33275933343853625,0.6445564404018262,0.8932910803999591,0
Training_Young,RAP1A,0.24445217458419785,0.5525144849204128,0.6603639461644801,0
Training_Young,RPS15,0.4353569633693942,0.7050953918242108,0.9280216491831093,0
Training_Young,RPS24,0.3457881735861017,0.6538348613075705,0.8525322640081429,0
Training_Young,RPS25,0.906770193707456,0.9578044960668703,0.998783215093652,0
Training_Young,RPS26,0.8691627874390193,0.948556237659863,0.9968291854394484,0
Training_Young,RPS28,0.1759821791479214,0.45952832024133194,0.7230610344497218,0
Training_Young,GNB1,0.8048069620913184,0.916697914802721,0.9956620798577844,0
Training_Young,GNB2,0.08650672846754266,0.32114545066348515,0.6436617823712559,0
Training_Young,RPL30,0.5186720457169586,0.7645502384972279,0.9264061713804504,0
Training_Young,RPL31,0.04876355907070364,0.22982287257089476,0.45191954712222815,0
Training_Young,RPL10A,0.5377278145258192,0.7725485293284079,0.933821998826494,0
Training_Young,RPL32,0.7102322234679016,0.8689802873862219,0.9684260989877272,0
Training_Young,RPL11,0.5781189202194992,0.804324637004777,0.9464568342216062,0
Training_Young,RPL8,0.7216167760050824,0.8762787193314172,0.9756419273124252,0
Training_Young,PPIA,0.16667782882477208,0.4469526666011853,0.7761332004239226,0
Training_Young,FKBP1A,0.933869428225301,0.9736240493934778,0.99931292652876,0
Training_Young,RPS27A,0.3673120856398786,0.6629379532520965,0.8390205606976341,0
Training_Young,GRB2,0.04226289685775487,0.2092239283850576,0.5139622361586482,0
Training_Young,RAC1,0.8886834992164983,0.9525817008429776,0.9990133122065532,0
Training_Young,AP2B1,0.16681216390098014,0.4469526666011853,0.7339043550357364,0
Training_Young,VAMP2,0.5787660739720913,0.804324637004777,0.8934944011451977,0
Training_Young,PPP3R1,0.19696411379907872,0.4934667070389315,0.775881830134062,0
Training_Young,YWHAZ,0.04230264964969052,0.2092239283850576,0.6133531563296059,0
Training_Young,UBE2B,0.00270476759599409,0.04442737384820851,0.0255450270564964,-1
Training_Young,PPP2R2A,0.0831737584259217,0.3141148019027292,0.7500484374092942,0
Training_Young,DYNLL1,0.4889108939177016,0.7392033596325835,0.9523428963281708,0
Training_Young,DYNLT1,2.111106530299921e-5,0.00341349686668494,0.00936752333383146,1
Training_Young,RPL38,0.01003435524730642,0.08937379122812752,0.23804574254433497,0
Training_Young,SKP1,0.8749096825982073,0.948556237659863,0.9979259908569392,0
Training_Young,RPS21,0.5820532328526766,0.8045208356597896,0.96723424707589,0
Training_Young,EIF5A,0.297404518916972,0.608744307439043,0.9024654372157724,0
Training_Young,RACK1,0.8587291848693225,0.9425842018774496,0.997433455970712,0
Training_Young,UBE2I,9.858667285156462e-4,0.02656784440179344,0.03142467008153531,-1
Training_Young,SELENOW,0.02012900109113811,0.13438575930472163,0.1457549244365531,0
Training_Young,TNNC1,0.0243837957634371,0.15016800390716048,0.0932604965943886,0
Training_Young,PPP2CA,0.3537755419259301,0.6561098431733848,0.9468296664565724,0
Training_Young,YBX1,7.676421826010987e-4,0.02338527344677549,0.0690154623855234,0
Training_Young,CSNK2B,0.14829962028084306,0.42527394519827033,0.7743426229586879,0
Training_Young,TPM4,0.00272651342836293,0.04442737384820851,0.06709624387196458,0
Training_Young,UBE2L3,0.971655874152484,0.9890656888467418,0.9999325763902982,0
Training_Young,EEF1A1,0.02129683341954887,0.13993102618822523,0.35698308907525,0
Training_Young,ACTA1,0.1559033323305514,0.4363100836654355,0.4967353995542819,0
Training_Young,TUBA1B,0.0022281227587593,0.04201218089057323,0.18111157778773307,0
Training_Young,TUBA4A,0.3846364878040037,0.6771569665480791,0.9192865191710572,0
Training_Young,TUBB4B,0.05148366797457736,0.23844592229686368,0.6176346174669227,0
Training_Young,CSNK2A1,0.15609190433701595,0.4363100836654355,0.7076679780855071,0
Training_Young,PAFAH1B2,0.707677099508315,0.8679423276197821,0.9652996789942104,0
Training_Young,EIF4G2,0.6864406046539809,0.8566782427042329,0.9839540515209438,0
Training_Young,PIP4K2B,0.03841824386819331,0.19696377709985935,0.5279380999479105,0
Training_Young,CCT2,0.00116501686502652,0.02915316012244953,0.1697678761977333,0
Training_Young,GSTO1,0.6390152462445262,0.8348104708551859,0.978278909063314,0
Training_Young,PRKDC,0.01054403494487895,0.0912080718277184,0.309683004172962,0
Training_Young,DCD,0.22301775309997052,0.532708314791066,0.6708695113343326,0
Training_Young,MRPS25,0.44765987188269585,0.7101743778848504,0.9327826334516582,0
Training_Young,MRPS5,0.9004717672345994,0.9559553811753172,0.9972509745691208,0
Training_Young,MRPS36,0.20165940901745708,0.4998680162201589,0.6940264696095705,0
Training_Young,MRPS15,0.03466878421385121,0.18495884369927731,0.17854975542985152,0
Training_Young,MRPS21,0.39128035043946097,0.678292473335448,0.8435711289179293,0
Training_Young,SARNP,0.32307605903191294,0.6394888426325653,0.7849788661983602,0
Training_Young,LACTB,0.28306429536518896,0.5946664696516816,0.877170585384215,0
Training_Young,RPL24,0.1510947519613808,0.43093781359948774,0.6991426773389974,0
Training_Young,ARF1,0.9260491621316588,0.9689518976051864,0.9994964651114924,0
Training_Young,ARF5,0.4661830738880527,0.7226525230919518,0.948843139981468,0
Training_Young,ERH,0.8443723975789955,0.9361132804383168,0.99120140968535,0
Training_Young,RHOG,0.8492130716327535,0.9390036173445806,0.9865940815035342,0
Training_Young,RPL19,0.8126040312911409,0.9209625511329792,0.9927102973895252,0
Training_Young,SRSF3,0.8474473029523362,0.93764794338536706,0.9920590721492794,0
Training_Young,MXRA7,0.7859063576020187,0.9074635029412946,0.9818891386383432,0
Training_Young,H3-3A,0.02339306258353508,0.14766431696874097,0.08452038320959285,0
Training_Young,FBLN2,0.2122873823266632,0.5152749164557113,0.4032582104536157,0
Training_Young,HSPG2,0.01660062901309643,0.12074229129940724,0.1582001977958333,0
Training_Young,RBM3,0.00758100540522824,0.07927996697407844,0.0488665969030224,-1
Training_Young,CYCS,0.11541521896560183,0.37720287642136946,0.5777294996352751,0
Training_Young,MPP1,0.10229901992959456,0.3509523688674477,0.45228646681388496,0
Training_Young,TFAM,0.468953478418959,0.7233219906644834,0.9286919011342746,0
Training_Young,PITPNA,0.9091154980313138,0.9583554547952966,0.998161802039336,0
Training_Young,SLC25A3,0.00409154129547178,0.0577209382757161,0.22159734627870523,0
Training_Young,HDLBP,0.35914454689590203,0.658102712537716,0.8307262450577545,0
Training_Young,PURA,0.8577040041914149,0.9423766883481242,0.9965939077439876,0
Training_Young,CLTC,0.01089041352166026,0.09286189523139823,0.3364416023655347,0
Training_Young,FKBP3,0.8512994543527329,0.9401557316880996,0.9979077027098612,0
Training_Young,REEP5,0.00167474229868784,0.03666987824835253,0.12947928189537924,0
Training_Young,SORD,0.1523109890777047,0.43235528917137506,0.5941760576433354,0
Training_Young,HNRNPU,0.7380795424782015,0.886032666070348,0.9888819294580826,0
Training_Young,MYBPC1,0.08063123435604938,0.3089719832064399,0.2796297032898229,0
Training_Young,PLIN5,0.6542561370009317,0.8410817654330629,0.946512861484741,0
Training_Young,SPTBN1,0.04103784728477084,0.20538465474425788,0.5232947144141414,0
Training_Young,TIAL1,0.14189438862687073,0.41598605982382464,0.6703353090083446,0
Training_Young,SET,0.1612149644313164,0.4435521665374699,0.672743864236112,0
Training_Young,AMPD3,0.2695578543513637,0.5811390870221195,0.7099970558680864,0
Training_Young,FABP5,0.07349104903354194,0.295369378716071,0.5492098276287752,0
Training_Young,ANK2,0.4311601714171368,0.7031021569579686,0.913150960408244,0
Training_Young,CAP1,0.6803161381202978,0.8552778243593696,0.9778772478815136,0
Training_Young,EWSR1,0.524285071666598,0.7674423542083489,0.9513464497673942,0
Training_Young,TAGLN,0.8273857667299686,0.9268580888509396,0.9893527411693648,0
Training_Young,OGDH,0.3704157785819346,0.6666215467287897,0.935188248132417,0
Training_Young,COX6A2,0.10487211693450615,0.3527165529061899,0.4203615466919643,0
Training_Young,ALDH6A1,0.20265083334403897,0.5011435902225528,0.722719371616252,0
Training_Young,BDH1,0.09394555243565848,0.336722495327674,0.48118960278031264,0
Training_Young,COL7A1,0.31750139353798656,0.6325951935704718,0.8166768548566097,0
Training_Young,RPL18A,0.41806107796537817,0.6952145176495989,0.8740573499251,0
Training_Young,CACNB1,0.5308463342300486,0.7693420528084237,0.9674074484741456,0
Training_Young,MAP2K1,0.20402938762862097,0.5027781627143743,0.8632773913376904,0
Training_Young,FKBP4,0.25727438338921843,0.5667451661774137,0.8522651061455668,0
Training_Young,RPL6,0.3265492206293047,0.6418760823866736,0.8170349560817363,0
Training_Young,AKAP12,0.16655451218293826,0.4469526666011853,0.6638002219130097,0
Training_Young,SLC25A11,0.9260819991859276,0.9689518976051864,0.9990853199668656,0
Training_Young,CAV1,0.00390283306422495,0.05611412085428406,0.19311015798800613,0
Training_Young,ACY1,0.03376405380512341,0.1819795925599216,0.44120856258136104,0
Training_Young,LMNB2,0.00742234687745489,0.07879683402227368,0.06889491505235334,0
Training_Young,UBXN1,0.46132457225867063,0.716948736163157,0.9490060337421304,0
Training_Young,GBE1,0.00110363753474812,0.02829080607366535,0.06052673258114886,0
Training_Young,EIF4G1,0.8784042653874644,0.9502860349173702,0.9988727301340296,0
Training_Young,PRKCQ,0.3713177414840838,0.6671024723073027,0.8672145808375028,0
Training_Young,GLO1,0.02294808007227766,0.14645637389359073,0.4753770254843104,0
Training_Young,AKR1C1,0.00323045332799571,0.05029935478108877,0.07460243557222393,0
Training_Young,SSBP1,0.01191660239798342,0.09823018917867116,0.3420669348459262,0
Training_Young,YWHAH,7.317017134984529e-4,0.02316103925853216,0.17217278064860672,0
Training_Young,PLP2,0.3797197459113739,0.6753990661386883,0.735110267091451,0
Training_Young,UBE3A,0.6795989237294371,0.8552778243593696,0.98039380013164,0
Training_Young,SRSF11,0.193711999181815,0.48684302215468095,0.6239350744849257,0
Training_Young,EEF1A2,0.2519705336584244,0.5610615060911104,0.8228761813765049,0
Training_Young,CALD1,0.7627806007586703,0.8975794148534815,0.976118090991574,0
Training_Young,COL14A1,0.47367386587413574,0.7267609241368127,0.7876558592975719,0
Training_Young,PTPN11,0.873696549417066,0.948556237659863,0.9975104755249232,0
Training_Young,PSME1,3.3072536022407177e-5,0.00420567899030973,0.02115772750995782,1
Training_Young,CACNG1,0.07848301086595084,0.30381452825088157,0.4624162901367783,0
Training_Young,ZNF33A,0.6583862837730395,0.8410817654330629,0.9305036003107784,0
Training_Young,PRDX1,0.7392081305840466,0.8868809877212704,0.990274530487262,0
Training_Young,RPL18,0.5306275266256234,0.7693420528084237,0.9287416147187916,0
Training_Young,C1QBP,0.3857063643479084,0.6771569665480791,0.9179343069316226,0
Training_Young,CKAP4,0.3299191586646506,0.6431481238609695,0.7552743709964491,0
Training_Young,DPT,0.9491743490325946,0.9813893171010888,0.9984679691707598,0
Training_Young,KLC1,0.5221942368860161,0.7667909472120573,0.9295840776735969,0
Training_Young,SRSF1,0.29900186071529006,0.6092142214527139,0.7482861444438141,0
Training_Young,ARHGAP1,0.00487632832246959,0.06446567379767978,0.12685803916034993,0
Training_Young,ACTN3,0.07658883325714139,0.3022417560938453,0.07560185722793857,0
Training_Young,PPP3CA,0.2535415213050667,0.563962198712434,0.8693082071013599,0
Training_Young,DHX9,0.33921184891593226,0.6483752585582984,0.8865245405513161,0
Training_Young,CRYZ,0.6536192678346082,0.8410817654330629,0.9799067755720178,0
Training_Young,SLC20A2,0.01967702064816925,0.1334228948466186,0.01660026916679799,-1
Training_Young,PUDP,0.20507374416082355,0.5047599651358912,0.7619293499809566,0
Training_Young,CD47,0.7137620451170811,0.8717767686438724,0.9847954824070576,0
Training_Young,PPID,0.34427159383366,0.6531217420923767,0.7444386602283746,0
Training_Young,AHNAK,0.28377142554386026,0.5948338307548664,0.8400535772124502,0
Training_Young,LMOD3,0.13817248066143192,0.410593585402586,0.4210317557009136,0
Training_Young,HSPA14,0.6527408914267061,0.8410817654330629,0.9658659837803244,0
Training_Young,SCRN3,0.21819715310258503,0.5241719037961529,0.7080059343905153,0
Training_Young,NEXN,0.7814343792189061,0.9063439017748198,0.9849781312317876,0
Training_Young,AP1B1,0.06330133256475859,0.2693510142735274,0.4993137768201969,0
Training_Young,BST2,0.00172365028830244,0.03735167944342008,0.093100958072632,0
Training_Young,PMPCA,0.6752284581579993,0.8523084567730498,0.9617999704046224,0
Training_Young,ASPH,0.4601457935843861,0.7168792969383271,0.8933012667407088,0
Training_Young,EFEMP1,0.10093420602058588,0.35010511725292337,0.31925237550485386,0
Training_Young,STX4,0.4745381796039235,0.7275559836086414,0.8742688686096741,0
Training_Young,GRSF1,0.3279614236361976,0.6418760823866736,0.8363122829466808,0
Training_Young,AIMP1,0.00926765823346071,0.08544130529269484,0.4025323896564365,0
Training_Young,ILF3,0.36959586282853085,0.6657159414443632,0.8293740404479626,0
Training_Young,TRAP1,0.8282781006581649,0.9268580888509396,0.9953796353829062,0
Training_Young,ANK3,0.8325945256976979,0.9297004007493924,0.9956273050989212,0
Training_Young,HSPB3,0.04620619720964064,0.2248273762376496,0.402446228891164,0
Training_Young,ECH1,0.15864824114037476,0.4394498082356288,0.7437660521246399,0
Training_Young,STRN3,0.6769206527716981,0.853394856551643,0.9852346753685582,0
Training_Young,COASY,0.16030436936402517,0.4416248812623602,0.7148430140755043,0
Training_Young,TRDN,0.8102011232153832,0.919569525377287,0.9907681836012868,0
Training_Young,ACACA,0.02706589934461768,0.1589176548111351,0.3547874565804473,0
Training_Young,GPS1,0.29756318066276205,0.608744307439043,0.9178967672924924,0
Training_Young,MTAP,0.09518334158780405,0.33796517570534473,0.5219007147631028,0
Training_Young,PRKAA1,0.09328191867908044,0.3351770821597045,0.7583867171328857,0
Training_Young,TARDBP,0.10211515577470943,0.3509523688674477,0.7277529745810011,0
Training_Young,PAK1,0.15818387212482687,0.4392371191629935,0.3664180466788818,0
Training_Young,AIMP2,0.02588143975411332,0.1540062547420357,0.5845609621862066,0
Training_Young,PRDX4,0.6038732851558167,0.8153045131904091,0.9635405762440676,0
Training_Young,PAK2,0.05945068740966437,0.2571303393726636,0.5962763721142015,0
Training_Young,CBX3,0.8216430607897687,0.9268580888509396,0.9908707627709546,0
Training_Young,PSMD2,0.20628055993191496,0.5065440852533705,0.8705766808914428,0
Training_Young,MYBPH,0.01214110791489046,0.09876457646795794,0.00758883678464171,1
Training_Young,SELENBP1,0.11681497237192298,0.3789275801323798,0.6899757869668438,0
Training_Young,TRIM28,0.8397889054541031,0.9338513065799467,0.9960355286730465,0
Training_Young,G3BP1,0.5401848737393662,0.7745352009550803,0.9220598077832384,0
Training_Young,PABPC4,0.3876081908768474,0.6771569665480791,0.8539387233241631,0
Training_Young,SGCG,0.03214078305076477,0.17548032720183776,0.551352517773058,0
Training_Young,EIF3I,0.16597093044600014,0.44669768988155223,0.7842170504471885,0
Training_Young,CTBP1,0.23021970499024136,0.5404694970060352,0.8480675126199709,0
Training_Young,UBE2V1,0.6342719521972333,0.8311967852360252,0.9787499366716904,0
Training_Young,DYNC1I2,4.830205416008435e-5,0.00564060654691651,0.02680046215419207,1
Training_Young,ILK,0.9433197402703296,0.9801572387781676,0.9997161037133436,0
Training_Young,NNT,0.3136206480099013,0.6291415032383699,0.8920908582403033,0
Training_Young,SNTA1,0.4549965927606132,0.7145879137260315,0.9340152584873704,0
Training_Young,SNTB2,0.7330001342457754,0.884473470828973,0.991564241758159,0
Training_Young,SF3B2,0.6878768894656364,0.8566782427042329,0.9811140698138856,0
Training_Young,PDAP1,0.5659286679430888,0.7953517297919417,0.9684268479649722,0
Training_Young,TMED1,0.9948213207808184,0.997182864446081,0.999995172164184,0
Training_Young,FKBP5,0.1476090461380161,0.4250331712083696,0.7294553789916155,0
Training_Young,PICALM,0.1634099029187047,0.4458485657122466,0.5334933461295764,0
Training_Young,MTM1,0.3029377662646612,0.6146478616682605,0.849860818330833,0
Training_Young,SQSTM1,0.5555356127636333,0.7884779595065207,0.9615252869047716,0
Training_Young,MTX1,0.6052316948731724,0.8153045131904091,0.9749992380719664,0
Training_Young,ART3,9.529255143421846e-5,0.00910477014157851,8.039198177955975e-4,-1
Training_Young,ASAH1,0.5211654690164496,0.7664467633580636,0.9497612714510552,0
Training_Young,PIN1,0.9384018330482454,0.9774123108727572,0.9994190297472434,0
Training_Young,CAMK2B,0.6229105440523712,0.8246391507420786,0.9751258067562176,0
Training_Young,CAMK2G,0.8249843278677957,0.9268580888509396,0.9963107501706154,0
Training_Young,CAMK2D,0.0059352161492098,0.0719836099997193,0.12424003856025603,0
Training_Young,DCTN2,2.9955662638001825e-4,0.0149920959202571,0.17302740794945318,0
Training_Young,NAE1,0.01617264937215991,0.11834741674066064,0.325659222848862,0
Training_Young,STIM1,0.33961338266364927,0.6483808631780116,0.9096357934009184,0
Training_Young,CUL1,0.4371800851057344,0.7050953918242108,0.9384956903443908,0
Training_Young,CUL2,0.6020767545814074,0.8153045131904091,0.9703165287336978,0
Training_Young,CUL3,0.1718258551073226,0.4545439547435337,0.8053387368733904,0
Training_Young,CUL4A,0.6315726110826188,0.8292102613964176,0.9845061766826756,0
Training_Young,FHL1,0.04057246248471264,0.2040270721121195,0.5504252710423998,0
Training_Young,FHL3,0.25733359414801926,0.5667451661774137,0.8165948374731216,0
Training_Young,ITGA7,0.26094494686091496,0.5713607065642117,0.8602035987052783,0
Training_Young,AAMP,0.39840559501922446,0.6826625130350025,0.823831270567516,0
Training_Young,CACNA1S,0.3307531502824491,0.6431481238609695,0.8918641653023667,0
Training_Young,MOGS,0.3512379398541078,0.655685745624631,0.7395640469954954,0
Training_Young,SPTAN1,0.04733512648297235,0.22852855879366657,0.49420989632165785,0
Training_Young,AUH,0.9481123135466124,0.9813893171010888,0.9995333272437184,0
Training_Young,DDX39B,0.3965716130619654,0.6821550987367032,0.906057794234918,0
Training_Young,BLMH,0.00628202510691637,0.07460348460304081,0.1271861589252436,0
Training_Young,SNTB1,0.1894270828000274,0.4813860534834948,0.7680893983813594,0
Training_Young,TUBB2A,0.00141142805457555,0.03250440754710849,0.15160645411660287,0
Training_Young,IDI1,0.3881809303886451,0.6771569665480791,0.8951779655564841,0
Training_Young,PRKG1,0.8718750813560943,0.948556237659863,0.9969239753133996,0
Training_Young,COX17,0.6174805198507193,0.8209639802189829,0.9651623960386424,0
Training_Young,HNRNPD,0.13980394974951416,0.4121569458253559,0.7793002391758233,0
Training_Young,SCARB2,0.02177514052289421,0.1421470353388933,0.32190832937078523,0
Training_Young,NID2,0.06167048118122359,0.2650406568352933,0.20651473153577724,0
Training_Young,IL18,0.07690572063116835,0.3022417560938453,0.2364584593192318,0
Training_Young,DAG1,0.11818636560716536,0.3804406439605843,0.7568289943231369,0
Training_Young,EIF3A,0.10394576055004864,0.35127650912572705,0.7553264546630211,0
Training_Young,UBAP2L,0.6029124552028574,0.8153045131904091,0.9405429910243378,0
Training_Young,MLEC,0.6580882908374919,0.8410817654330629,0.9839937391574276,0
Training_Young,DPYSL3,0.6529671559112578,0.8410817654330629,0.9725604672422776,0
Training_Young,DCTN1,5.444989046727534e-4,0.02014010803009585,0.10889426862575452,0
Training_Young,DYNC1H1,1.3027483113338458e-6,6.84594237605936e-4,0.00392096600766062,1
Training_Young,EIF2B1,0.02883755693131114,0.16471887138482616,0.3692392273305314,0
Training_Young,EIF4A2,0.651109108125031,0.8410817654330629,0.979840712305345,0
Training_Young,CTTN,0.26689494236109323,0.5777684540092873,0.6178487568661138,0
Training_Young,ENDOG,0.3693644550720089,0.6657159414443632,0.8531387659426801,0
Training_Young,FLOT2,0.7505594426434236,0.8907128901886522,0.9886913052924764,0
Training_Young,TRIM25,0.3374479671422187,0.6483752585582984,0.8294574445550661,0
Training_Young,FLNC,0.00359694945292366,0.05362260815635136,0.05547887040559121,0
Training_Young,MYBPC2,0.4005423469885193,0.6828386158717499,0.7807168108966754,0
Training_Young,GAMT,0.20333206123312875,0.5022373592385859,0.8209684658124251,0
Training_Young,CAPRIN1,0.03453296569970769,0.18470303791548492,0.1474709556639612,0
Training_Young,PRPSAP1,0.8318880101082263,0.9296271117743178,0.991619324076546,0
Training_Young,CLINT1,0.6109483969916671,0.8166167143978366,0.9613996638769862,0
Training_Young,GANAB,0.00223851772585356,0.04201218089057323,0.2524588087461992,0
Training_Young,SSPN,0.28317374592947897,0.5946664696516816,0.8819128337036666,0
Training_Young,MVP,0.5695368510735677,0.7976047233326163,0.8933370037263663,0
Training_Young,LTBP3,0.8724886522632822,0.948556237659863,0.9958643840676304,0
Training_Young,LASP1,0.33750988885908184,0.6483752585582984,0.7678841209822705,0
Training_Young,PTGR1,0.4555412960955671,0.7145879137260315,0.872696638461177,0
Training_Young,KPNB1,3.593725526754912e-4,0.01624644875226467,0.138960141564543,0
Training_Young,NUMA1,0.31184502599003894,0.6284738682944024,0.8835389139015715,0
Training_Young,PSME4,0.03374640021565726,0.1819795925599216,0.2438020786286993,0
Training_Young,SLMAP,0.01206395961752066,0.09876457646795794,0.2836898555387916,0
Training_Young,EMC2,0.9623715188272556,0.9858309326402444,0.9997221178955412,0
Training_Young,PSMD6,0.18983059313626996,0.4813860534834948,0.7837795640606289,0
Training_Young,ABRAXAS2,0.7214229034560118,0.8762787193314172,0.9903734118026568,0
Training_Young,SEPTIN2,0.12147825917023553,0.3851916396174154,0.7796940767877915,0
Training_Young,KARS1,0.7401398499002143,0.8869191167329888,0.9939305802009416,0
Training_Young,EIF4H,0.00331079591986232,0.05111004652325293,0.22144140810372737,0
Training_Young,EEA1,0.02136577009920564,0.13993102618822523,0.32536253981106644,0
Training_Young,PDIA6,0.4081120907824287,0.6897466936573154,0.9380528321323028,0
Training_Young,PAFAH1B3,0.998523896011418,0.9994748711504764,0.9999994905219284,0
Training_Young,PLCL1,0.9342529532001164,0.9736240493934778,0.9983016363649356,0
Training_Young,PDK1,0.6484342013063729,0.8405501812065259,0.9706894289412372,0
Training_Young,PDK2,0.32567733065462445,0.6409866564007684,0.7557223367535842,0
Training_Young,PEA15,0.3510803285823151,0.655685745624631,0.6671730585461991,0
Training_Young,PGM5,0.1155654864012188,0.37720287642136946,0.6189263522601102,0
Training_Young,PLEC,0.09502508453858106,0.33796517570534473,0.5712626882390555,0
Training_Young,PPP2R5A,0.13412134700138542,0.4050618841909657,0.578908033284563,0
Training_Young,PPA1,0.5249165875884185,0.7678320578363644,0.9629599749045088,0
Training_Young,PTGES3,0.40197034295735334,0.6841632881751877,0.9320703228263651,0
Training_Young,STK38,0.2150122177437,0.5192367045978197,0.6444703378514975,0
Training_Young,NECTIN1,0.03086494387713873,0.17163521700990902,1.444620424491693e-4,1
Training_Young,NONO,0.25748888377708373,0.5667451661774137,0.8656954750615822,0
Training_Young,PTPA,0.23597726356117793,0.5468844630712194,0.7269132725943082,0
Training_Young,RABEP1,0.00737928309765862,0.07875054320660135,0.11694207501979428,0
Training_Young,RAB35,0.7597264974349187,0.895148597314013,0.9855829726065564,0
Training_Young,TMED2,0.8269665680138103,0.9268580888509396,0.9952687043093148,0
Training_Young,PCBP1,0.348788833938095,0.6538348613075705,0.934644974863446,0
Training_Young,PCBP2,0.5878709557553209,0.8087090853642978,0.9798311600537803,0
Training_Young,ELOC,0.8736296882504737,0.948556237659863,0.9984671845136824,0
Training_Young,ELOB,0.6082605993628121,0.8153045131904091,0.9796535628106776,0
Training_Young,UBE3C,0.02731191569623337,0.1594712410930071,0.09629510412835278,0
Training_Young,DHCR24,0.09028345876342388,0.3300449222968991,0.24988826605185208,0
Training_Young,RSU1,0.17578437959962342,0.45952832024133194,0.7951072878734786,0
Training_Young,PPP1R7,0.313972139342079,0.6291415032383699,0.8938672466065222,0
Training_Young,SEC23A,0.02066738246167978,0.13747733523560415,0.45250207247916147,0
Training_Young,MAPRE2,0.6197533109438302,0.8224251638913707,0.9801450909621414,0
Training_Young,TGFBI,0.02242617452039584,0.1441584674063366,0.05048427106564252,0
Training_Young,TSN,0.02205991449095672,0.14311709956787352,0.3710712093343722,0
Training_Young,SF1,0.2470009785060561,0.5558844291431798,0.6441262165747287,0
Training_Young,TRIP10,0.11935889022526706,0.3824579073986454,0.7848585418622875,0
Training_Young,MAPRE1,0.3230909376193075,0.6394888426325653,0.859343837797116,0
Training_Young,TSC22D1,0.9544831411973702,0.9854241467568132,0.998442464312312,0
Training_Young,ELAVL1,0.409626172702916,0.6905039147627542,0.8456711079900422,0
Training_Young,MYLK,9.25330109335008e-4,0.02643103105968071,0.00480638078840942,-1
Training_Young,SPEG,0.33045176630095585,0.6431481238609695,0.867347691780179,0
Training_Young,TBCE,0.4150756201505862,0.6941006548200881,0.8791419575125295,0
Training_Young,UBE2V2,0.003924251077821,0.05611412085428406,0.3511335581658747,0
Training_Young,NEDD8,0.9587922642049028,0.9855987183369828,0.9997585779533475,0
Training_Young,ADIRF,NA,NA,NA,0
Training_Young,ADIPOQ,0.1846457350930363,0.4746806982313339,0.7773995307218134,0
Training_Young,RAB11B,0.642854527750278,0.8386613709963969,0.988932457452228,0
Training_Young,ZYX,0.691508009484298,0.8566782427042329,0.989001509490821,0
Training_Young,HSPB2,0.00656554333576859,0.07582841808673395,0.1747461952805885,0
Training_Young,ETFDH,0.4170629621409266,0.6952145176495989,0.9260686512786284,0
Training_Young,SEPTIN7,0.06630520723514013,0.27553629026738263,0.6140920866826514,0
Training_Young,ADRM1,0.8294825236821937,0.9274320557340272,0.9953655601641948,0
Training_Young,DDB1,0.00390855131072102,0.05611412085428406,0.4048154125206724,0
Training_Young,CDC37,0.5965101050752066,0.8122883611861683,0.9818365377006112,0
Training_Young,DPYSL2,0.38043410766327634,0.6753990661386883,0.9360955715183772,0
Training_Young,SYPL1,0.00215711685323509,0.04159871216055199,0.10930273371033764,0
Training_Young,RBBP7,0.42928669788642426,0.7022019730153195,0.8331045383431565,0
Training_Young,SGCB,0.1466570395676009,0.4250331712083696,0.8117269924280008,0
Training_Young,SGCA,0.14782552962095996,0.42507423155028434,0.7985983589018866,0
Training_Young,FXN,0.2167774237571423,0.5219543467783655,0.7996866771412213,0
Training_Young,FSCN1,1.6670809022711802e-4,0.0130967330634,0.00213423371892577,1
Training_Young,DECR1,0.449772956068923,0.7113790471458812,0.9385798695199872,0
Training_Young,NDUFA5,0.01186625870781688,0.0982002984402799,0.2778449873126202,0
Training_Young,CLPP,0.3855704807691775,0.6771569665480791,0.8505749719359279,0
Training_Young,TST,0.8414665034809715,0.9348639483705086,0.9960340650857546,0
Training_Young,KYAT1,0.02489940117000699,0.15214692226556595,0.2535474118031501,0
Training_Young,GUK1,0.44657609747920657,0.7100608733043158,0.8265931339740176,0
Training_Young,HAGH,0.00656279069547077,0.07582841808673395,0.32424200143222914,0
Training_Young,NDUFA9,0.00746174365805663,0.07881701090067866,0.18845699071349775,0
Training_Young,PHKG1,0.02767165561981683,0.16067906108523478,0.5556108768075111,0
Training_Young,PPP1R3A,0.5789453738288428,0.804324637004777,0.9698015210592648,0
Training_Young,HADH,0.05931381437497083,0.2571303393726636,0.6521900331216284,0
Training_Young,UGP2,0.08662676999343297,0.32114545066348515,0.7114915942550046,0
Training_Young,TXNRD1,0.27224995154413884,0.584695794742043,0.8999307694619648,0
Training_Young,IMMT,0.12746149321721548,0.3947587480888912,0.7863277006536601,0
Training_Young,IAH1,0.7927957309691689,0.9111299215402914,0.9945760108240655,0
Training_Young,KLHL40,0.1036497454979208,0.3512250830187446,0.4160643326750779,0
Training_Young,TKFC,0.8597206472724463,0.9431799585421096,0.9935753674201084,0
Training_Young,TIMM50,0.33529561104806493,0.6477861897270519,0.8922711594171626,0
Training_Young,NADK2,0.23918172734097232,0.5525144849204128,0.7676324691920539,0
Training_Young,FAM98B,0.05493887641400481,0.24781441678591873,0.5527425486498712,0
Training_Young,HIKESHI,0.7896300365723162,0.9093114295736556,0.994328495662536,0
Training_Young,PDLIM3,0.22830865930506647,0.5380098675552127,0.789846894916307,0
Training_Young,HSD17B12,0.4031377645307782,0.6855951302942522,0.9009873258890552,0
Training_Young,AGK,0.592284400969124,0.8107175067886125,0.9552404917930118,0
Training_Young,LACTB2,0.5785322743289585,0.804324637004777,0.9630482150043098,0
Training_Young,DCAF6,0.6514146435820354,0.8410817654330629,0.984212685213393,0
Training_Young,CAVIN4,0.6633200474546754,0.8429859369708148,0.9803203760397656,0
Training_Young,FLG2,0.6597570099597089,0.8413505764931244,0.9291408547043194,0
Training_Young,RABL3,0.719465471887921,0.8751810152317134,0.983977182142056,0
Training_Young,COQ5,0.8192299998716086,0.9253017258073214,0.9941677886759236,0
Training_Young,NOMO2,0.02914987782634244,0.1660516075636093,0.39011599193326446,0
Training_Young,PITRM1,0.9490802487199124,0.9813893171010888,0.9993848100640816,0
Training_Young,WDR44,0.7570491301355016,0.8934965028325796,0.9771864321595534,0
Training_Young,COA6,0.11306536515042902,0.3719301996028197,0.648438597539611,0
Training_Young,TOR1AIP1,0.0055884156525709,0.07034041737547334,0.04045481138184835,-1
Training_Young,GNAS,1.8297898481411336e-5,0.00341349686668494,0.00523848038285581,-1
Training_Young,TTC38,0.562349994172662,0.7933286494972721,0.8742386504116989,0
Training_Young,C6orf136,0.6897378132412674,0.8566782427042329,0.95459335886382,0
Training_Young,HP1BP3,0.752263812180361,0.890849877860912,0.9823813523105748,0
Training_Young,IBA57,0.33822707160306587,0.6483752585582984,0.8169534254552963,0
Training_Young,UBR4,0.4373201740340543,0.7050953918242108,0.9171586305324836,0
Training_Young,DCAF8,0.6906902997951945,0.8566782427042329,0.9819197475267454,0
Training_Young,DDI2,0.25165157120449894,0.56099569087847,0.6507480211558468,0
Training_Young,MICOS10,0.1228338181909745,0.38594422397223976,0.5227367731666277,0
Training_Young,LYRM7,0.1260835640514997,0.3931964886246436,0.6513448166030592,0
Training_Young,OBSCN,0.0193437806061644,0.1324450385477446,0.2329158265448673,0
Training_Young,MYOM3,0.4828696985859656,0.7333757994419795,0.8700512665442823,0
Training_Young,PDE4DIP,0.4674053681637472,0.7233219906644834,0.8746054808524603,0
Training_Young,BROX,0.06676769477192303,0.2757282797850338,0.3820365477242579,0
Training_Young,LYPLAL1,0.18803292645984135,0.4796665187118768,0.4671623965477663,0
Training_Young,SYPL2,0.00595868132252671,0.0719836099997193,0.17158368687172668,0
Training_Young,ECPAS,0.00917835904086,0.08499079605236882,0.4485211868119265,0
Training_Young,MICOS13,0.9284372513070448,0.9699677446557696,0.9990081700966024,0
Training_Young,RNF123,0.9035174804028542,0.9577134270827784,0.9988765058021218,0
Training_Young,TMEM198,0.43913160697373166,0.7050953918242108,0.8939487951440654,0
Training_Young,CRYBG3,0.6442166649222288,0.8395185552799287,0.9198922328113266,0
Training_Young,NXN,0.778324502187463,0.9043881169696224,0.9926733304327858,0
Training_Young,PTRHD1,0.962059995739712,0.9858309326402444,0.9998010749910388,0
Training_Young,ABLIM2,0.27574148927962283,0.5885651954768482,0.6939790306579193,0
Training_Young,LAMTOR1,0.00607357909647993,0.07253785943636827,0.13607476062758544,0
Training_Young,DHRS7B,0.6512809666937651,0.8410817654330629,0.97412270200281,0
Training_Young,TWF2,0.42063677742093375,0.6956463078183129,0.9040178818912196,0
Training_Young,ETFRF1,0.6922634371709924,0.8566782427042329,0.9740351027968772,0
Training_Young,RAB12,0.7438440316306629,0.8883864514134395,0.9884164054060822,0
Training_Young,DENND5A,0.08617935423860251,0.3206177037337035,0.4863747126484022,0
Training_Young,RCSD1,0.9076966331041983,0.9583015182245228,0.9988491144507392,0
Training_Young,SLC25A24,0.21443242264860413,0.5192367045978197,0.8407385900297972,0
Training_Young,HIBCH,0.43993124841420905,0.7050953918242108,0.9011961318628324,0
Training_Young,CAVIN1,0.03939289620965659,0.20041945055029564,0.5749377945318036,0
Training_Young,MRPL54,0.390156577779842,0.678292473335448,0.802416151639908,0
Training_Young,LPCAT3,0.28227046440601883,0.5946664696516816,0.7408251359588849,0
Training_Young,TATDN1,0.7633372963911105,0.8975794148534815,0.9877475406954116,0
Training_Young,SFXN4,0.07754059946260207,0.30295602243566827,0.3775206181246794,0
Training_Young,FAHD1,0.35653239308082685,0.6566131227304195,0.8993167384067647,0
Training_Young,LMOD2,0.28496558875839695,0.5948338307548664,0.5964975113523253,0
Training_Young,SLC27A1,0.9168787273898872,0.9641216032884158,0.9983421481165964,0
Training_Young,CCDC137,1.890555136238539e-4,0.0137032651599083,8.257302846861408e-7,-1
Training_Young,CORO6,0.14103545504579856,0.41462451259617983,0.5441336865270219,0
Training_Young,TMEM205,0.1471646807077364,0.4250331712083696,0.7575066385742295,0
Training_Young,DHRS11,0.02442102573978878,0.15016800390716048,0.10878498622230616,0
Training_Young,APOOL,0.5527341878695662,0.7865373672921224,0.9677282019647852,0
Training_Young,NAPRT,0.16755409195134824,0.4469526666011853,0.546947356017665,0
Training_Young,HSDL2,0.06462841322616265,0.27115553812653476,0.6161338533294936,0
Training_Young,KYAT3,0.4202160628539391,0.6956463078183129,0.8527485559411198,0
Training_Young,TRIM72,0.14736945913634347,0.4250331712083696,0.8456695444678328,0
Training_Young,UBN2,0.02541212970225578,0.15261799038326188,0.03749139582826863,-1
Training_Young,TOM1L2,0.962342182250278,0.9858309326402444,0.999849921044567,0
Training_Young,XIRP1,2.6260329311399535e-4,0.01474965305702524,5.429355233772788e-4,-1
Training_Young,VPS13C,0.3205647192585239,0.6368906679908236,0.8460511510226493,0
Training_Young,UBE2R2,0.32407185446311415,0.6408269408104101,0.8410705873062371,0
Training_Young,SND1,0.38508181197951974,0.6771569665480791,0.8955855204174045,0
Training_Young,TRMT10C,0.5801031254890636,0.8045208356597896,0.9675766020960777,0
Training_Young,BZW1,0.9709599742177856,0.9888361752935004,0.999799954157923,0
Training_Young,EIF3M,0.5272680251478538,0.768690187708306,0.9606643339778668,0
Training_Young,COPS6,0.5821485209507802,0.8045208356597896,0.9786293409353825,0
Training_Young,CHMP1B,0.6985489640526752,0.8611912680263003,0.9807328752535376,0
Training_Young,RRM2B,NA,NA,NA,0
Training_Young,ERMP1,0.5001519434408075,0.7478017705730955,0.7471122959612824,0
Training_Young,MRPL21,0.7008927079042808,0.8625740468470715,0.955883675025903,0
Training_Young,DGLUCY,0.06642405010605686,0.27553629026738263,0.5004215670093919,0
Training_Young,MYH14,0.1218538696311546,0.3851916396174154,0.6550118945177551,0
Training_Young,SZRD1,0.12880989087849265,0.3962733873473811,0.6482486656930532,0
Training_Young,MAVS,0.01380041054372155,0.10743875171445448,0.4117012563013462,0
Training_Young,COMMD6,0.03486670146512705,0.18528155886813177,0.10807193971927856,0
Training_Young,HDDC2,0.10355177272113077,0.3512250830187446,0.6259452442525241,0
Training_Young,HDGFL2,0.579435166907871,0.8044733955352344,0.9374212853785704,0
Training_Young,DCXR,0.3937199926061047,0.6790542340264012,0.9035067597779016,0
Training_Young,SPRED2,0.8135437421173484,0.9209625511329792,0.9859949990595586,0
Training_Young,HUWE1,0.019761892064632,0.13356751485484394,0.26843092827264003,0
Training_Young,GLRX5,0.18092147350729687,0.4677699105932817,0.6566910724874327,0
Training_Young,MYPN,0.8964224028377172,0.9559553811753172,0.9968913154644956,0
Training_Young,SRL,0.8285282345151833,0.9268580888509396,0.996961501484192,0
Training_Young,PRUNE1,0.25041567655799474,0.5606677526250523,0.5907221798917224,0
Training_Young,ACOT1,0.00911314247072087,0.08491159177409846,0.06662487247058113,0
Training_Young,ISCA2,0.3205662829373413,0.6368906679908236,0.8637926618894658,0
Training_Young,MTDH,0.01422855922776718,0.10955469412735024,0.2973165192229702,0
Training_Young,KTN1,0.07654961910354396,0.3022417560938453,0.48657842612304425,0
Training_Young,NLRX1,0.6551761072601063,0.8410817654330629,0.9762864943249834,0
Training_Young,ALYREF,0.7754104811037628,0.903916772096241,0.9883848862046634,0
Training_Young,MDP1,0.9728734825065868,0.9898257793944072,0.9998401077175492,0
Training_Young,SLC25A42,0.6295091446275725,0.8290903646661387,0.8461601437825822,0
Training_Young,NRAP,0.17671127771933712,0.46085248854348215,0.5923871224132722,0
Training_Young,VPS36,0.138378161868683,0.410593585402586,0.6142938607104351,0
Training_Young,CAND1,0.5878484403097222,0.8087090853642978,0.9699143054519346,0
Training_Young,COMMD7,0.21471600785880304,0.5192367045978197,0.6322334039697872,0
Training_Young,LDHD,0.7079451128291614,0.8679423276197821,0.967137614925077,0
Training_Young,CARM1,0.6151115323740011,0.8202505080624335,0.9585427344256078,0
Training_Young,NIT1,0.8280044529586639,0.9268580888509396,0.9947642596644144,0
Training_Young,NDUFA11,0.7340028021398579,0.884473470828973,0.9791448225181636,0
Training_Young,ECHDC2,0.01860212274406021,0.13061731220135986,0.2688025523595193,0
Training_Young,PHYKPL,0.02997044986147266,0.16844354440859768,0.24992366376899391,0
Training_Young,MUSTN1,0.801397448653145,0.9160073067258896,0.9829221968730308,0
Training_Young,NAXD,0.07191940448880689,0.29128051683135275,0.5806265564430124,0
Training_Young,MFN1,0.05792160823772643,0.25524824095089266,0.31687307573966544,0
Training_Young,SLC44A2,0.3936876230543226,0.6790542340264012,0.8947672156212239,0
Training_Young,HSCB,0.8475409573892472,0.93764794338536706,0.992924053380208,0
Training_Young,ADHFE1,0.658581847112288,0.8410817654330629,0.965347738871101,0
Training_Young,UNC45B,0.0135775559322742,0.10609673817710176,0.3650341473080278,0
Training_Young,MSRB3,0.01075155088067576,0.0922439181680835,0.00424129536733469,-1
Training_Young,KLHDC8B,0.3143986139310291,0.629396082364784,0.7652238520874938,0
Training_Young,SUPV3L1,0.4919452571479672,0.7407370562500194,0.8549694239439732,0
Training_Young,THNSL1,0.5375321524133789,0.7725485293284079,0.8567860143636323,0
Training_Young,PM20D2,0.6755213553681736,0.8523084567730498,0.9616917641652876,0
Training_Young,MICU2,0.00243916829677761,0.04308514083887851,0.03646055737608928,-1
Training_Young,ELMOD2,0.3523909850543411,0.6561098431733848,0.6721998245926726,0
Training_Young,ALDH16A1,0.5283621354971313,0.768827230428222,0.8453558964341205,0
Training_Young,FAM185A,0.01821925495154333,0.1292453375235782,0.03041012900850238,-1
Training_Young,ADSS1,0.40902403826277534,0.6905039147627542,0.945271122582532,0
Training_Young,NDUFAF2,0.18651331990326303,0.4769632429852337,0.6683003642116826,0
Training_Young,LRRC47,0.42523189252887594,0.699951008688878,0.9481449493522685,0
Training_Young,GPD1L,0.2322576125414256,0.5414237848047101,0.9021575476725644,0
Training_Young,EHBP1L1,0.00120925934696747,0.02955654822471655,0.10053674588268996,0
Training_Young,CMYA5,0.6644104302114557,0.8433518866572948,0.9833214421301724,0
Training_Young,TXLNB,0.5378184271372873,0.7725485293284079,0.9716863139416938,0
Training_Young,SYNPO,0.24116193676355077,0.5525144849204128,0.7368589538657107,0
Training_Young,TOMM5,0.3974231708410625,0.6825028636502559,0.8762774562280092,0
Training_Young,CHCHD4,0.21541156729847244,0.5192604523639783,0.7231164185605082,0
Training_Young,CBR4,0.8970889487473155,0.9559553811753172,0.9978149375298786,0
Training_Young,MMGT1,0.16741209570839072,0.4469526666011853,0.6649332777534083,0
Training_Young,SMIM20,0.4082040375402951,0.6897466936573154,0.8876239955574102,0
Training_Young,CISD2,0.5308155960025067,0.7693420528084237,0.9392364265839084,0
Training_Young,ATPAF2,0.07403557937538327,0.2968350982263038,0.40632898409385887,0
Training_Young,JAGN1,0.3986286397636005,0.6826625130350025,0.883530598493769,0
Training_Young,MRPL50,0.9389600447079244,0.9774123108727572,0.9987958706620376,0
Training_Young,EMC1,0.4344022839520595,0.7050953918242108,0.897529001748514,0
Training_Young,PTGR2,0.00674163364604714,0.07741851831646447,0.20301419387958144,0
Training_Young,SMYD1,0.6838359169806596,0.8566782427042329,0.974556322662624,0
Training_Young,NHLRC2,0.01013936076150824,0.08977686343233131,0.2508009042848186,0
Training_Young,RDH13,0.6490290031027526,0.8405501812065259,0.9618425740905798,0
Training_Young,TXNDC5,0.00259446644833829,0.04378979301179629,0.16054025640592445,0
Training_Young,ATAD1,0.7375021050401428,0.8859087477923485,0.9896301392605896,0
Training_Young,SCCPDH,0.34661606949193735,0.6538348613075705,0.9303229064660468,0
Training_Young,SERBP1,0.07719643831076732,0.3022417560938453,0.5702229573386014,0
Training_Young,FAM98A,0.05493412782178845,0.24781441678591873,0.3766668556682208,0
Training_Young,PDPR,0.09505966352101598,0.33796517570534473,0.4899881912514448,0
Training_Young,NAXE,0.7068551576568793,0.8678794050203039,0.9918020519875624,0
Training_Young,NPEPL1,0.4464418693823875,0.7100608733043158,0.906762345481895,0
Training_Young,ADPRHL1,0.3617398766201172,0.6593146395411326,0.906286912979928,0
Training_Young,CHDH,0.07051020554067358,0.2877911690223221,0.295825335284102,0
Training_Young,ABCF1,0.8837746113196068,0.9508786076739358,0.9979213696525177,0
Training_Young,MCU,0.0617688290929973,0.2650406568352933,0.471760657218772,0
Training_Young,ABHD11,0.5214171606099101,0.7664467633580636,0.9235327145853434,0
Training_Young,ATL2,0.16486996165372678,0.4465706236835704,0.6429613126125534,0
Training_Young,PPTC7,0.640515403115336,0.8362505449369169,0.952692056163532,0
Training_Young,COQ8A,0.22619758704109663,0.5354361801355689,0.8566399805444658,0
Training_Young,NPLOC4,0.3390101628379859,0.6483752585582984,0.9216788392424712,0
Training_Young,SPATA20,0.6233832590528843,0.8246391507420786,0.9090779123436676,0
Training_Young,NUBPL,0.2730536295567107,0.5856721727838836,0.6870668711995825,0
Training_Young,DEPTOR,0.7356567301612803,0.8851590561452026,0.9853828532138136,0
Training_Young,RDH11,0.29178928220047406,0.6030885655706947,0.7118823954766291,0
Training_Young,LRRC20,5.607983033814913e-4,0.02032410402944645,0.08423499350463029,0
Training_Young,NT5C,0.09805904047157368,0.3452598041394437,0.5750680483170303,0
Training_Young,PNPT1,0.2879308850268758,0.5992383369569237,0.8656217464426651,0
Training_Young,SPPL2A,0.5513912103573335,0.7861668106310017,0.9437194326939344,0
Training_Young,PREX1,0.00683417274007639,0.07741851831646447,0.0531463958304192,0
Training_Young,NEK9,0.0115898161514245,0.09700332784479657,0.11333373903506291,0
Training_Young,GPT2,0.01760528429445396,0.1263013910817141,5.305917689399384e-4,1
Training_Young,MYOZ3,0.8615055834116847,0.9446451415395728,0.9939445232772448,0
Training_Young,NEK7,0.17563923326921568,0.45952832024133194,0.788127214806783,0
Training_Young,DTD1,0.6117074156647974,0.8169053289246532,0.9606935255809482,0
Training_Young,UTP15,0.00458530288317114,0.06178401705401119,0.0023310715012665,-1
Training_Young,SETD7,0.13033893852368136,0.3973563444461322,0.7519983704890796,0
Training_Young,NUP133,0.8129420121270008,0.9209625511329792,0.985875265261539,0
Training_Young,PDCD6IP,0.35445393457709495,0.6561098431733848,0.9393026503831964,0
Training_Young,THEM6,0.3957577239795348,0.6813126419369223,0.8841545786973828,0
Training_Young,SMIM4,0.5562066696546745,0.7888977190378715,0.9497643714054822,0
Training_Young,NUDCD2,0.9842358497532536,0.9950658038459508,0.9999632213513204,0
Training_Young,SCFD1,0.4310486210324708,0.7031021569579686,0.9104638577667222,0
Training_Young,PCNP,0.5725980903936772,0.7997350073139597,0.9326254538268852,0
Training_Young,DNAJA4,0.00781788537657265,0.08095169981061932,0.10882185207153296,0
Training_Young,SPRYD4,0.16568760858511394,0.4465747175383031,0.6871675168516709,0
Training_Young,RTN4IP1,0.2424904711727484,0.5525144849204128,0.6942653213040992,0
Training_Young,PALLD,0.8366135889663981,0.9309485251494806,0.9927378970197042,0
Training_Young,SYNE2,0.00369668381870412,0.05433866704137119,0.11366807443885196,0
Training_Young,THAP4,0.2426318889090242,0.5525144849204128,0.8101288700376581,0
Training_Young,IFT81,2.668698853656745e-5,0.00400686070741891,2.0564670373764187e-7,-1
Training_Young,TTN,0.7145277087670922,0.8722051357888663,0.966883677261243,0
Training_Young,DDX1,0.0057010139933634,0.07068767473915255,0.29404661043689934,0
Training_Young,HSD17B8,0.8744512901724473,0.948556237659863,0.9971658179600784,0
Training_Young,CPT1B,0.05928305736299218,0.2571303393726636,0.5275044730252842,0
Training_Young,PSMF1,0.0999540729859628,0.3484302842727923,0.6874062850370029,0
Training_Young,UBXN4,0.6582194304686425,0.8410817654330629,0.9722641730648957,0
Training_Young,HSPH1,0.3864591627833205,0.6771569665480791,0.40646004629864874,0
Training_Young,MYO18A,0.23447010079613095,0.5440513551922063,0.7423484647578177,0
Training_Young,GCN1,0.08372449391886172,0.31484811492120096,0.4865076305430821,0
Training_Young,SGCD,0.02656525592762088,0.1564150363021263,0.49472522757580456,0
Training_Young,AKAP1,0.3470643474819932,0.6538348613075705,0.8259994669723537,0
Training_Young,RABGGTA,0.7538307916430096,0.8911992823586087,0.990773508963781,0
Training_Young,TFG,0.05813355313516724,0.255481013232441,0.5726635792164892,0
Training_Young,ARPC1A,0.8284098755112486,0.9268580888509396,0.9958638589720756,0
Training_Young,P3H4,0.0617839780443833,0.2650406568352933,0.3106298496311453,0
Training_Young,DDX17,0.8692110697070538,0.948556237659863,0.9978921551890012,0
Training_Young,CELF1,0.09051387782698192,0.3303127972088819,0.5263697410822035,0
Training_Young,UFD1,0.5045117789104672,0.7517362043105136,0.9366135586957725,0
Training_Young,RPL3L,0.6314287572681875,0.8292102613964176,0.9502374391301548,0
Training_Young,COPS5,0.7464380734127596,0.8899675724977996,0.9911494913906864,0
Training_Young,KHSRP,0.23956632571563016,0.5525144849204128,0.8219968456589147,0
Training_Young,GCDH,0.8815407019823787,0.9507432301523652,0.9974857835727692,0
Training_Young,TNPO1,0.08323593941951483,0.3141148019027292,0.6638802158958251,0
Training_Young,USP13,0.6454445418007083,0.8395571948422579,0.9571114692018023,0
Training_Young,USP9X,6.505475993088525e-5,0.00719711080919583,0.01817809774148177,1
Training_Young,CUL5,0.3605757123139117,0.6590696932902977,0.9362370550508068,0
Training_Young,LPP,0.7059918473265865,0.8673260450499619,0.9835752365711498,0
Training_Young,ATP2A3,0.6180107864129416,0.8211496036915318,0.961385724741866,0
Training_Young,PHKB,0.19140829195134937,0.4835820068290101,0.8082069931851352,0
Training_Young,UBE2F,0.41242216633517703,0.6918686301967615,0.8195472919716387,0
Training_Young,RPL36AL,0.504822957126293,0.7517362043105136,0.9328906070599084,0
Training_Young,WBP2,1.427986954796505e-4,0.01250678574575939,0.03381560208670628,-1
Training_Young,ERGIC1,0.5161244966061387,0.7618635476587806,0.9234358530811484,0
Training_Young,MTARC2,0.8734270056274386,0.948556237659863,0.9976391127447304,0
Training_Young,FAM162A,0.27822947946373633,0.5916635682303034,0.8691000240146302,0
Training_Young,CCDC47,0.09616604377506664,0.34030475423432677,0.6338547339642365,0
Training_Young,TMEM230,0.426080034968386,0.7002503780324841,0.9071927314929732,0
Training_Young,ISOC2,0.1324013758018648,0.4019504168508054,0.7736366374417941,0
Training_Young,FERMT2,0.9592808546103356,0.9855987183369828,0.9997444769762092,0
Training_Young,FUBP1,0.15950667058329293,0.4411618704816865,0.7810546941478581,0
Training_Young,SLC25A46,1.9849469041076796e-4,0.01390786130811447,5.52885468554213e-4,1
Training_Young,TMEM143,0.00142264771376497,0.03250440754710849,0.03975115256353915,-1
Training_Young,PBXIP1,0.5899011564659544,0.8099100136456148,0.9756941708460748,0
Training_Young,PTER,0.22444436462755996,0.5346805461586119,0.3776369867023284,0
Training_Young,ZBTB9,0.4518456755023376,0.7125128356383448,0.8753304400373286,0
Training_Young,FAM136A,0.8333509167873296,0.9297789952690908,0.9929438345791824,0
Training_Young,FGGY,0.28903598380982926,0.6003494446326691,0.6639264179409893,0
Training_Young,GALM,0.3654306218997796,0.6621494785601736,0.9117450796366398,0
Training_Young,DCPS,0.41850549463283193,0.6952145176495989,0.8468071963047902,0
Training_Young,PPP1R14B,0.01408649901648725,0.10885963578182432,0.22397468499489415,0
Training_Young,ACSF2,0.04049616959129476,0.2040270721121195,0.4458829263881565,0
Training_Young,ISOC1,0.00718865691999805,0.07875054320660135,0.08980602987138789,0
Training_Young,CCDC124,0.06392080397640346,0.2705719312097388,0.5255335339118186,0
Training_Young,OPTN,0.8437958369367194,0.9359677304701765,0.9954130043303856,0
Training_Young,AP2M1,0.00786008256711563,0.08098967429449544,0.2276248446173603,0
Training_Young,KCTD12,0.1072108492719595,0.3578854001832206,0.2365224121562947,0
Training_Young,RMDN1,0.9144495138962938,0.9624723596463288,0.9989691737835884,0
Training_Young,ECHDC3,0.2707700376300598,0.5831543228467067,0.735965889517022,0
Training_Young,NUDT16,0.01298344405143601,0.10259849397037034,0.20495419910461185,0
Training_Young,CMBL,0.16180512240105233,0.444013534317248,0.7225504750938689,0
Training_Young,MSI2,0.9915186231262416,0.9962581958945316,0.9999872150395376,0
Training_Young,MRPL38,0.17184821001741438,0.4545439547435337,0.7109249716912132,0
Training_Young,MRRF,0.00876078989219157,0.08399603955994536,0.10888107748203606,0
Training_Young,MRPL53,0.12724835200074897,0.3947587480888912,0.48728565567254506,0
Training_Young,DAZAP1,0.8054905083923052,0.916697914802721,0.96560861310844,0
Training_Young,DNAJA3,0.4154037220569319,0.6941006548200881,0.8669495445377113,0
Training_Young,PTCD3,0.20250011923168196,0.5011435902225528,0.7714999309794709,0
Training_Young,MMAB,0.7639246304342904,0.8975794148534815,0.9871464675473598,0
Training_Young,DYNLL2,0.2062288461909396,0.5065440852533705,0.6931724463605106,0
Training_Young,S100A16,0.3762654895141042,0.6725425671417067,0.7132068797384511,0
Training_Young,SCRN2,0.7410152811464255,0.8869191167329888,0.9829869223376704,0
Training_Young,OTUB1,0.747062067004835,0.8902066127234485,0.9937928090340744,0
Training_Young,CHMP6,0.5628483189820324,0.7933352975664001,0.9574108259673748,0
Training_Young,PDXP,0.4764211368127846,0.728429433914807,0.8862085236443873,0
Training_Young,DCUN1D1,0.5959077723215,0.8122883611861683,0.9627946040187656,0
Training_Young,FAHD2A,0.9593410931101174,0.9855987183369828,0.9995677594485308,0
Training_Young,SNF8,0.5207103425897516,0.7664467633580636,0.94042057317165,0
Training_Young,PDLIM5,0.7548419662060395,0.8918930932912281,0.9886913683934964,0
Training_Young,CRELD1,0.4205357195466932,0.6956463078183129,0.8448585882058681,0
Training_Young,ERO1A,0.06460445093536313,0.27115553812653476,0.6236295476039027,0
Training_Young,AHCYL2,0.01923550977181338,0.1324450385477446,0.4739749238597143,0
Training_Young,PGAM5,0.3545098487939047,0.6561098431733848,0.851570812369008,0
Training_Young,DDRGK1,0.7401583825209754,0.8869191167329888,0.9897621311388678,0
Training_Young,PYURF,0.16002946848287827,0.44144611909581377,0.5316910913304614,0
Training_Young,SUCLG2,0.24812519402164385,0.5578172811053426,0.7671116421194343,0
Training_Young,ABHD14B,0.2487910645612056,0.5581800434501762,0.8637310939142135,0
Training_Young,NGLY1,0.2596363371992612,0.570208231812657,0.826090146963271,0
Training_Young,TMX3,0.6944718009362573,0.8566782427042329,0.9227470433326972,0
Training_Young,BTF3L4,0.10168127536363518,0.3509523688674477,0.7549813335324985,0
Training_Young,USP47,0.5958896968893312,0.8122883611861683,0.9640351256149088,0
Training_Young,CNDP2,0.23162157125969185,0.5414237848047101,0.8502007255195274,0
Training_Young,ALPK3,0.7356673982329538,0.8851590561452026,0.9840719222578984,0
Training_Young,STAC3,0.570079815729045,0.7978081043025649,0.955171861665249,0
Training_Young,COQ10A,0.08084423918341672,0.3089719832064399,0.5101169525570511,0
Training_Young,JSRP1,0.4579364750926997,0.7161968899577509,0.948449630707698,0
Training_Young,MCEE,0.6374423682681958,0.8332735435943703,0.9294517581874192,0
Training_Young,QKI,0.7337921979097894,0.884473470828973,0.9775235815459946,0
Training_Young,PLIN4,0.00801745547473246,0.08157842814785278,0.22511804634396504,0
Training_Young,ALKBH3,NA,NA,NA,0
Training_Young,VPS35,0.4891683507368809,0.7392033596325835,0.9507677640847196,0
Training_Young,PURB,0.4336793047111245,0.7050953918242108,0.8853311186265739,0
Training_Young,BBS4,0.573737078704042,0.8007937180849245,0.950190593213054,0
Training_Young,VPS13A,0.459562031347439,0.7168792969383271,0.7726402123598012,0
Training_Young,GFM1,0.12241104436937844,0.3851916396174154,0.6628414730440128,0
Training_Young,MCCC1,0.32768564016435187,0.6418760823866736,0.8530797807614425,0
Training_Young,METTL26,0.42049743236200166,0.6956463078183129,0.9126308010332834,0
Training_Young,CLCC1,0.3837081802164095,0.6771569665480791,0.8919406760620953,0
Training_Young,PEBP4,0.00553934128694599,0.07014274328409922,0.04239943484014704,-1
Training_Young,PLEKHF1,3.401357889403688e-5,0.00420567899030973,2.4532615410314407e-4,-1
Training_Young,MYCBP,0.18985206390952297,0.4813860534834948,0.7552601699228868,0
Training_Young,TBCB,0.015119512576149,0.1135043408395186,0.3632429879318467,0
Training_Young,PSMB7,0.1178158475294749,0.3802095434651765,0.7484234612023317,0
Training_Young,PCYT2,0.5615733562109342,0.7932978459377578,0.9508118916863458,0
Training_Young,PSMD1,0.04390630703636934,0.2146303660242985,0.6155053413322841,0
Training_Young,PFDN5,0.00578414845629602,0.07068767473915255,0.2663402526779712,0
Training_Young,PAFAH2,0.8984834721058648,0.9559553811753172,0.9982297181633044,0
Training_Young,PARK7,0.8946755460137987,0.9559553811753172,0.998992559157204,0
Training_Young,VAT1,0.02253574039260996,0.14442111678434796,0.39777270714682966,0
Training_Young,PLIN2,0.5589411074640805,0.7909452127753377,0.9145014283819648,0
Training_Young,S100A13,1.9799258893959583e-5,0.00341349686668494,5.786981217166938e-6,1
Training_Young,TSNAX,0.6070826432505646,0.8153045131904091,0.9556654874265056,0
Training_Young,EIF3C,0.11491692347460526,0.3768414557622781,0.7075178698583922,0
Training_Young,PHB2,0.4735018879411327,0.7267609241368127,0.9585090779325692,0
Training_Young,COPS8,0.7656486129041705,0.8980989867882625,0.9931094156344192,0
Training_Young,SDHC,0.6163306064307343,0.820468231965593,0.947672128022522,0
Training_Young,CHP1,0.16459307290015562,0.4465706236835704,0.7535613341725172,0
Training_Young,HSD17B10,0.5662520695569567,0.7953517297919417,0.9691425296557208,0
Training_Young,NAP1L4,0.6544641494813055,0.8410817654330629,0.9868081744627554,0
Training_Young,MGST2,0.7188310021980071,0.8751810152317134,0.9810142515350484,0
Training_Young,TXN2,0.4507254850542839,0.711814402392265,0.9389574352970812,0
Training_Young,DMAC2L,0.8837126423692723,0.9508786076739358,0.9971360799966236,0
Training_Young,ACO2,0.6006348933983252,0.8150642646373657,0.9804799833373192,0
Training_Young,COQ7,0.10376345221438649,0.3512250830187446,0.7658711875840158,0
Training_Young,SLC29A1,0.9651639720350542,0.9858309326402444,0.9997208880950892,0
Training_Young,TSG101,0.05635772201771676,0.2523481291764149,0.5490398117421861,0
Training_Young,CPNE1,0.02136910533131317,0.13993102618822523,0.3435985941254537,0
Training_Young,CCT7,0.00241906721734348,0.04308514083887851,0.2844714481546139,0
Training_Young,PRMT1,0.1474318262828443,0.4250331712083696,0.7719902548448642,0
Training_Young,NIPSNAP1,0.35438426487934616,0.6561098431733848,0.7731231693116284,0
Training_Young,ARPC5L,0.7243653832403144,0.8782107905376813,0.9651827076937272,0
Training_Young,MICU1,0.8550845320611498,0.941804557003198,0.9940667179212342,0
Training_Young,MACROD1,0.03797739941484666,0.19565807247550904,0.5451465280131983,0
Training_Young,WDR77,0.7638352346623293,0.8975794148534815,0.9904401772120248,0
Training_Young,APOL2,0.05321660742137454,0.24584903032907532,0.3644807441283361,0
Training_Young,FYCO1,0.1779327324733791,0.4634629537286776,0.7047394191654904,0
Training_Young,JPH2,3.864521587122901e-4,0.01624644875226467,0.06209488620503112,0
Training_Young,CORO1B,0.7559208327496318,0.8926660620447899,0.9631480180805114,0
Training_Young,TXNDC17,0.6194729169616975,0.8224251638913707,0.9817140169760176,0
Training_Young,PLCD4,0.910126517089263,0.958940320261469,0.999068644106951,0
Training_Young,CPPED1,0.25139239772953903,0.56099569087847,0.677250476575355,0
Training_Young,VPS25,0.8328381801194604,0.9297004007493924,0.9949033278652948,0
Training_Young,MIEN1,0.5516631996578152,0.7861668106310017,0.9422093638728698,0
Training_Young,PELO,0.7899156376791129,0.9093114295736556,0.9895682618459564,0
Training_Young,PRXL2A,0.37346433489954023,0.6692429939973005,0.860197657088922,0
Training_Young,ERP44,0.8714634495209285,0.948556237659863,0.9940099250548016,0
Training_Young,LXN,NA,NA,NA,0
Training_Young,NIPSNAP3B,0.9945039209839672,0.997182864446081,0.999994784932303,0
Training_Young,NTPCR,0.12610418867859077,0.3931964886246436,0.6022511066922365,0
Training_Young,AGMAT,0.5300870302373836,0.7693420528084237,0.8847913769477728,0
Training_Young,TACO1,0.17191362703192642,0.4545439547435337,0.7151901699919412,0
Training_Young,ESYT1,0.8803867823900479,0.9507432301523652,0.9971871933588248,0
Training_Young,UBAC1,0.26598530235900486,0.5776032328104777,0.8735269304142246,0
Training_Young,COPS4,0.7829534074521222,0.9065546483914816,0.9960679694079776,0
Training_Young,DCTN5,0.00161837833604879,0.03580875013025868,0.0302836654863654,1
Training_Young,AARSD1,0.8719273259137135,0.948556237659863,0.996339798493158,0
Training_Young,TMEM43,0.02443266286215456,0.15016800390716048,0.32813588778587605,0
Training_Young,DHRS4,0.5904008077754798,0.8100669046632235,0.9431933289490276,0
Training_Young,TMEM70,0.11922965525579957,0.3824579073986454,0.538499538835347,0
Training_Young,TUBB6,0.00124494988489695,0.02973732565969762,0.04144044475563358,1
Training_Young,CHCHD7,0.05834009816915875,0.255481013232441,0.43577945781584143,0
Training_Young,APOO,0.35458648042101104,0.6561098431733848,0.9111618493407276,0
Training_Young,MRI1,0.6309782357781497,0.8292102613964176,0.9352102910585348,0
Training_Young,ABHD6,0.6078469319040576,0.8153045131904091,0.9618943382239608,0
Training_Young,ADI1,0.6682448140204571,0.8463311833797484,0.954257435937274,0
Training_Young,MECR,0.8079373300485602,0.9179914960876072,0.994509589080752,0
Training_Young,NTMT1,0.6155465230605746,0.8202505080624335,0.95625215526707,0
Training_Young,TMEM109,0.1738320957287086,0.4567438315271819,0.7608057479177879,0
Training_Young,TMED9,0.1506524040580514,0.43025999093753264,0.6803689373201026,0
Training_Young,TIMM21,0.6157732168042436,0.8202505080624335,0.9662402920524336,0
Training_Young,TPPP3,0.24423790899931172,0.5525144849204128,0.6578976376374412,0
Training_Young,NUDT9,0.5813989696681265,0.8045208356597896,0.9640556304201152,0
Training_Young,FUNDC2,0.8643380963031975,0.9453790780737552,0.9977573963725876,0
Training_Young,SORBS1,0.02356656618538435,0.14831413808885602,0.04782528856069423,-1
Training_Young,HINT2,0.20390443400156769,0.5027781627143743,0.7188906395575342,0
Training_Young,OSBPL11,0.5438006385594751,0.7786573176103656,0.9231431052480616,0
Training_Young,NT5C1A,0.2664582947093514,0.5776032328104777,0.760918964194316,0
Training_Young,TMEM120A,0.4467516704785266,0.7100608733043158,0.7577063465075683,0
Training_Young,NAA15,0.6085839727777621,0.8153045131904091,0.9249453313937284,0
Training_Young,BCL2L13,0.8800762585907423,0.9507432301523652,0.998602644345184,0
Training_Young,AP1M1,0.00209452651154812,0.04153485591768076,0.06560458541181437,0
Training_Young,OSBPL1A,0.5588743628274921,0.7909452127753377,0.9693425934111806,0
Training_Young,HDHD5,0.9047451179788872,0.9577134270827784,0.9982261982120983,0
Training_Young,EIF2A,0.8910634097556671,0.9534464480261396,0.9978953065913106,0
Training_Young,MRPL13,0.6622846382423588,0.8421792556475731,0.9721542064940056,0
Training_Young,MRPL9,0.48507953533171666,0.7351385603945699,0.8779917923325425,0
Training_Young,MRPL4,0.7501045719881287,0.8907128901886522,0.9637540134834048,0
Training_Young,MRPL1,0.7488054680751022,0.8907128901886522,0.98663855530878,0
Training_Young,NLN,0.175984918075296,0.45952832024133194,0.6429029661014168,0
Training_Young,TRIM54,0.12927999082593666,0.3962733873473811,0.6671972899286672,0
Training_Young,BCO2,0.5339699129939237,0.771412204201531,0.8739178861577654,0
Training_Young,MRPL37,0.0666595833045751,0.2757282797850338,0.3704652326159276,0
Training_Young,ASPSCR1,0.07558035638891458,0.30088997941192885,0.4966789746459246,0
Training_Young,UBL5,0.01826159145789853,0.1292453375235782,0.36931317951648185,0
Training_Young,NIBAN1,0.00254253319576416,0.04378979301179629,0.07108379550835425,0
Training_Young,UBXN6,0.9662170636990368,0.9859166349006676,0.9998009392379418,0
Training_Young,UBE2O,NA,NA,NA,0
Training_Young,LNPK,0.3997895116774919,0.6826625130350025,0.9282813071125786,0
Training_Young,PITHD1,0.7081451436098603,0.8679423276197821,0.9743431490975668,0
Training_Young,SLIRP,0.48394525127618,0.7344786412870256,0.9365272438902515,0
Training_Young,NIF3L1,0.0102504506297619,0.08977686343233131,0.34203687992211,0
Training_Young,EGLN1,0.8347714995441571,0.9298832496247048,0.989864949236124,0
Training_Young,ANKRD2,0.01214274513353207,0.09876457646795794,0.10074127140447596,0
Training_Young,NAA50,0.03765577389444016,0.1950166386849952,0.5306983964262367,0
Training_Young,TMEM126A,0.3275275047195112,0.6418760823866736,0.8900218528810749,0
Training_Young,PAIP1,0.3936252074324659,0.6790542340264012,0.9172226738853336,0
Training_Young,CLPB,0.5884361092200335,0.8089553313149186,0.9445021771849942,0
Training_Young,TOLLIP,0.6904828188468866,0.8566782427042329,0.9861525801454544,0
Training_Young,PCBD2,0.0126908113450393,0.10143660854782126,0.4041371136230299,0
Training_Young,NT5C3A,0.9470274599882824,0.981099911727634,0.9997300935222354,0
Training_Young,HDHD2,0.1304357172539635,0.3973563444461322,0.7633380314115685,0
Training_Young,RAB1B,0.19197817563025948,0.4844395260201746,0.7660299018157436,0
Training_Young,C11orf54,0.07096377727026197,0.2885219725765777,0.6329781765102463,0
Training_Young,NUCKS1,0.08774009199327329,0.32356083047343936,0.6961607501308152,0
Training_Young,TMX4,0.3256038878369839,0.6409866564007684,0.8990880140280814,0
Training_Young,MYLK2,0.0095196632895618,0.08662481486865325,0.09471074317044284,0
Training_Young,EHD4,0.4012320915455536,0.683460175387969,0.8384819988417688,0
Training_Young,SH3BGRL3,0.8956065964653888,0.9559553811753172,0.9980111585759868,0
Training_Young,SLK,0.08910922116188005,0.3263198308053517,0.5461688822292382,0
Training_Young,PPIL3,0.4096376696998832,0.6905039147627542,0.8815632399080745,0
Training_Young,LRMDA,0.3674227952134598,0.6629379532520965,0.8884521077292287,0
Training_Young,TNMD,0.881013841032108,0.9507432301523652,0.997158926150218,0
Training_Young,PPA2,0.9633365857491922,0.9858309326402444,0.999826386814358,0
Training_Young,MRPL46,0.27446657374246325,0.5875038065240914,0.803717596210775,0
Training_Young,TMEM245,0.6909483966698654,0.8566782427042329,0.966801005817232,0
Training_Young,C11orf68,0.9273951223537004,0.9693607892528484,0.9990497931008032,0
Training_Young,GHITM,0.7014502919542689,0.862755127962477,0.984431770142417,0
Training_Young,BOLA2,0.00516861632477694,0.06665295407779838,0.1377019547156747,0
Training_Young,TMX1,0.4106349148911024,0.6916302813310073,0.9214647546159156,0
Training_Young,CHMP4B,0.3046080957395724,0.6174409038038391,0.8921801365332539,0
Training_Young,RBKS,0.15187388527629353,0.43235528917137506,0.6819557604858224,0
Training_Young,FN3K,0.1046025312569623,0.3527165529061899,0.7167698470600827,0
Training_Young,TOR1AIP2,0.8988708606404379,0.9559553811753172,0.9953335327880016,0
Training_Young,RNPEP,0.01293138405612667,0.10257271428671046,0.3116651859290826,0
Training_Young,GLIPR2,0.06710463036308575,0.2765763392611887,0.2985268170315939,0
Training_Young,EHD1,0.9189165613163314,0.9657813059434642,0.9993282149666408,0
Training_Young,TMEM38A,0.4775602363707028,0.7289989955346531,0.9236198449211512,0
Training_Young,OPA3,0.9000153218406454,0.9559553811753172,0.9978334024584112,0
Training_Young,DCTPP1,0.45465870327719227,0.7145879137260315,0.8799505322529297,0
Training_Young,AAMDC,0.0089680957941387,0.08453335138690385,0.2081205779221119,0
Training_Young,PTGES2,0.7004778689931235,0.862568529949353,0.9860925688513774,0
Training_Young,UBE2Z,0.3168551489989182,0.6320760333217228,0.8574601373224153,0
Training_Young,ACAD9,0.31694012327359455,0.6320760333217228,0.8448499534072157,0
Training_Young,METTL7A,0.06415662773850374,0.2705719312097388,0.5061997235944289,0
Training_Young,COQ10B,0.2796129681783923,0.5936832920312937,0.808785969747568,0
Training_Young,MOB1A,0.797408346133392,0.913738523139256,0.9905870805852056,0
Training_Young,GORASP2,0.5809237771324631,0.8045208356597896,0.9725987619748876,0
Training_Young,JPT2,0.00257552924781878,0.04378979301179629,0.00466372750748472,1
Training_Young,SYNPO2L,0.16713251071545945,0.4469526666011853,0.486964096679266,0
Training_Young,ARMT1,0.37485302721568814,0.6711593383367772,0.8796668473708696,0
Training_Young,LRRC40,0.3941228189877305,0.6790542340264012,0.7096912675821347,0
Training_Young,SFXN1,0.3634480768909406,0.6603989678127411,0.9133879004757982,0
Training_Young,L2HGDH,0.3487489494836927,0.6538348613075705,0.8878934368567848,0
Training_Young,COPS7B,0.01998911685359179,0.13438575930472163,0.0394020873714667,1
Training_Young,FN3KRP,0.8047433052678659,0.916697914802721,0.9830737122438206,0
Training_Young,TBC1D17,0.46968436324127694,0.7234607226849902,0.9384234025217464,0
Training_Young,CARS2,NA,NA,NA,0
Training_Young,GRPEL1,0.4462812174202967,0.7100608733043158,0.8978840584488519,0
Training_Young,CACYBP,0.16475953918251332,0.4465706236835704,0.7040756727246934,0
Training_Young,RDH14,0.6067335601447819,0.8153045131904091,0.9689349238803288,0
Training_Young,PARVB,0.12846433774181903,0.3959414045942868,0.6977175845474369,0
Training_Young,TNS1,0.0540054748998714,0.2473191900643348,0.4698093162905317,0
Training_Young,PLGRKT,0.15435868546621798,0.4349355989946249,0.6095321410417505,0
Training_Young,GLOD4,0.0808147717690925,0.3089719832064399,0.7276949871014362,0
Training_Young,MCCC2,0.14175892919941388,0.41598605982382464,0.5654709959402395,0
Training_Young,HHATL,0.02990803366013606,0.16844354440859768,0.32036160412855674,0
Training_Young,PREB,0.03791183020014948,0.19565807247550904,0.4402477583497922,0
Training_Young,MRPL47,0.01520879511896964,0.1137682823490185,0.24502945156886705,0
Training_Young,JPH1,0.22467371827414087,0.5346805461586119,0.8367752744674669,0
Training_Young,APMAP,0.01290772709672257,0.10257271428671046,0.2309629309179477,0
Training_Young,TXNRD2,0.5895161104383138,0.8099100136456148,0.9578010042226114,0
Training_Young,RAB18,0.11993782162550784,0.3825634310422116,0.7462208305649275,0
Training_Young,PALMD,0.45404779779799,0.7145879137260315,0.9232221359273768,0
Training_Young,SSU72,4.487899820873277e-7,6.84594237605936e-4,1.1555734105110852e-6,-1
Training_Young,VTA1,0.8839280682183019,0.9508786076739358,0.9983109837440396,0
Training_Young,SARS2,0.37316644863435056,0.6692429939973005,0.8949467869627,0
Training_Young,DYNLRB1,0.5224565044880307,0.7667909472120573,0.9466867458722444,0
Training_Young,MYOZ1,0.24360925303244343,0.5525144849204128,0.4554128489550136,0
Training_Young,MYOZ2,0.20070817213302325,0.4992764234598993,0.3951850841857612,0
Training_Young,OSGEP,0.7752195037193936,0.903916772096241,0.9903703664353476,0
Training_Young,ACOT13,0.8750002591924236,0.948556237659863,0.9978419961617156,0
Training_Young,MRPL40,0.8987058095404818,0.9559553811753172,0.9977084852827052,0
Training_Young,TIGAR,0.47274120272890985,0.7263903568246846,0.8443158386403953,0
Training_Young,RTN4,0.923528050426958,0.9682074623428756,0.9993933084501588,0
Training_Young,HINT3,0.2316019189869604,0.5414237848047101,0.7280113865659096,0
Training_Young,PFDN4,0.6088536376751851,0.8153045131904091,0.973497735683954,0
Training_Young,NIT2,0.9445756932452944,0.980384035171067,0.999738443457835,0
Training_Young,XPNPEP1,0.5759654474994272,0.8033705180118089,0.973584539299129,0
Training_Young,GPHN,0.5931891177168821,0.8107175067886125,0.9579427307030498,0
Training_Young,PDLIM7,0.17971382031371744,0.4666227397684053,0.5325875920017662,0
Training_Young,ACSS2,0.00268098648845638,0.04442737384820851,0.17161376140740134,0
Training_Young,DIABLO,0.01612657076712418,0.11834741674066064,0.3130726824304928,0
Training_Young,SAR1A,0.771836699173627,0.9014103149670328,0.9932299525724704,0
Training_Young,SH3GLB2,0.7375548566301665,0.8859087477923485,0.9832813152365458,0
Training_Young,EIF2B3,0.7714565684894825,0.9014103149670328,0.9732089532746556,0
Training_Young,MBNL1,0.4285957148841958,0.7016623534971297,0.9410157840933604,0
Training_Young,SDR39U1,0.188528004807164,0.4803465043692833,0.6704995604293913,0
Training_Young,AASDHPPT,0.40782347982558986,0.6897466936573154,0.8661597900764371,0
Training_Young,OSTC,0.31341147161719224,0.6291415032383699,0.7958005394455582,0
Training_Young,CMC2,0.9904232715719864,0.9960417383646952,0.9999821365212732,0
Training_Young,HEBP1,0.19870227038438237,0.49545927917908866,0.8011437325622334,0
Training_Young,PHPT1,0.9272830256971812,0.9693607892528484,0.9994124643649174,0
Training_Young,TOMM22,2.6834137739112254e-4,0.01474965305702524,0.00213807729856312,-1
Training_Young,LANCL2,0.00803365110685324,0.08157842814785278,0.2344215929292028,0
Training_Young,FARSB,1.2650583836006136e-5,0.00332394090291061,0.00104962179547139,1
Training_Young,IARS2,0.8000923457485568,0.915511219795028,0.9951790623466532,0
Training_Young,SIRT3,0.06540220092797863,0.27331098678053894,0.46218612856529434,0
Training_Young,MAN2C1,0.05873091405555377,0.25612527249953115,0.4510903419727969,0
Training_Young,OLA1,0.7508833607272387,0.8907128901886522,0.9942924282009006,0
Training_Young,CUTC,0.7413496137487448,0.8869191167329888,0.987905865361186,0
Training_Young,ACSS1,0.9012563505535748,0.9563053250194924,0.9972269830334382,0
Training_Young,ABHD10,0.13741853693349165,0.4097216519634035,0.6704713125907817,0
Training_Young,DDX19A,0.12205519553149292,0.3851916396174154,0.7958922271697035,0
Training_Young,SEPTIN11,0.15996581420845185,0.44144611909581377,0.6728075612997094,0
Training_Young,PARVA,0.5132724416181377,0.7582375353814489,0.9373224180885252,0
Training_Young,PANK4,0.872212546875101,0.948556237659863,0.9977043057764572,0
Training_Young,DNAJC11,0.3803701179636765,0.6753990661386883,0.8706120503953672,0
Training_Young,TMLHE,0.2819587446479047,0.5946664696516816,0.7239707929419974,0
Training_Young,ATAD3A,0.13270865332752566,0.4019504168508054,0.6015832342495961,0
Training_Young,ARL8B,0.3857258956021833,0.6771569665480791,0.9276617063364242,0
Training_Young,MRPS18A,0.21161535698957337,0.5142375495862234,0.6459560367248965,0
Training_Young,PNPO,0.584032392488093,0.806064405128018,0.9557558396508716,0
Training_Young,OXSM,0.5380642468776352,0.7725485293284079,0.9175551360087374,0
Training_Young,MRPL22,0.8829661410730253,0.9508786076739358,0.9967106113228388,0
Training_Young,CZIB,0.00881610789381989,0.08399603955994536,0.2826470059325923,0
Training_Young,BABAM1,0.9881824672429476,0.995762006780765,0.9999809142012704,0
Training_Young,NDUFB11,0.02328241419500085,0.14740853806593912,0.3339229010152174,0
Training_Young,OCIAD1,0.01721204017846284,0.12432889503480724,0.43337517731307934,0
Training_Young,MARCHF5,0.4416152666039144,0.7069880353400061,0.9081210750348416,0
Training_Young,CHCHD3,0.10776110804386606,0.3578854001832206,0.7178972868328035,0
Training_Young,SIRT5,0.23246309353976008,0.5414237848047101,0.8358791333283626,0
Training_Young,BABAM2,0.7287132555879707,0.881839529790394,0.9894789070943868,0
Training_Young,DPP3,0.01683274953874221,0.12200841217391772,0.3847378175504356,0
Training_Young,TUBA8,0.2807599828426301,0.5946664696516816,0.900923627054827,0
Training_Young,MAP3K20,0.3128213516611119,0.6291415032383699,0.7930327863799891,0
Training_Young,UGGT1,0.7906855144850072,0.9096994808141682,0.9923263231247088,0
Training_Young,TECR,0.6909372105801272,0.8566782427042329,0.9764526809292748,0
Training_Young,ERAP1,0.07721399763196714,0.3022417560938453,0.5034411306997484,0
Training_Young,CISD1,0.390090653675767,0.678292473335448,0.9312933014254916,0
Training_Young,CLIC5,0.02530117957469802,0.15261799038326188,0.4426074824372764,0
Training_Young,FAM120A,0.13907832198222703,0.410593585402586,0.6610683001474248,0
Training_Young,GLTP,0.5285230009366226,0.768827230428222,0.8998398321536769,0
Training_Young,COQ3,0.22828754410597177,0.5380098675552127,0.8400308898067741,0
Training_Young,HSPBP1,0.8025012792481829,0.9161961608955445,0.9914215649815,0
Training_Young,MAT2B,0.3254593730148473,0.6409866564007684,0.89736626293196,0
Training_Young,MYOF,0.4901506606477759,0.7400892440362312,0.9285383338368632,0
Training_Young,EHD2,0.01269164036540294,0.10143660854782126,0.43285724157031075,0
Training_Young,TMOD4,0.3002743058066255,0.6104222348215927,0.6854970353815456,0
Training_Young,LMCD1,0.03304097080811776,0.17946284402755436,0.40838458872077144,0
Training_Young,CHMP5,0.4049850205042502,0.6876240008884765,0.8410096635870755,0
Training_Young,CNIH4,0.01143845768469108,0.0965607953944605,0.16577148696675806,0
Training_Young,NDUFAF4,0.25710889626102623,0.5667451661774137,0.732172736527918,0
Training_Young,EMC3,0.9573614775917498,0.9855987183369828,0.9996520717210736,0
Training_Young,NDUFA13,0.10234719415592076,0.3509523688674477,0.6392468261498876,0
Training_Young,PDP1,0.6265899151354852,0.8273190964917023,0.9681623415744798,0
Training_Young,MRPL36,0.20652551857054896,0.5065538390143453,0.7944202148485117,0
Training_Young,VAPA,0.17407729268574657,0.45681706520029874,0.8241999305126526,0
Training_Young,RNF181,0.35691039510089684,0.6566131227304195,0.7964513446146596,0
Training_Young,TMEM14C,0.3821095540152808,0.6768381926324509,0.8246100998560233,0
Training_Young,LARS1,0.2254982462336736,0.5349856812451262,0.813056219693472,0
Training_Young,SUCLA2,0.5265315458093047,0.7685897981188601,0.9673056067825596,0
Training_Young,GMPR2,0.2507411900976601,0.5606999804098739,0.8148503197760975,0
Training_Young,DPM3,0.6586206402962995,0.8410817654330629,0.948798267856717,0
Training_Young,IMPACT,0.18030199441209185,0.4673178696106252,0.6012617992756191,0
Training_Young,ATXN10,0.8155158849516797,0.9221164013816194,0.9942213275831424,0
Training_Young,EPS15L1,0.8257364613712052,0.9268580888509396,0.9943376489268168,0
Training_Young,SAE1,0.7644779986749004,0.8977277950919781,0.9685957585421116,0
Training_Young,RNF7,0.00399776374080358,0.05677904988627793,0.2401726143814384,0
Training_Young,MYOT,0.7719022678119216,0.9014103149670328,0.983078915866168,0
Training_Young,GNG12,0.8258279012525653,0.9268580888509396,0.9946765681614276,0
Training_Young,VPS29,0.685920148497092,0.8566782427042329,0.923322627881668,0
Training_Young,EIF3K,0.4501541093288381,0.7114465697813666,0.9359811410275508,0
Training_Young,GRHPR,0.5003226671958998,0.7478017705730955,0.9698345535469652,0
Training_Young,CTSZ,0.09437308101442844,0.3367949342823915,0.5302674661470498,0
Training_Young,UBA2,0.9850038904472952,0.9950658038459508,0.9999598140712694,0
Training_Young,COPS7A,0.01022825875873028,0.08977686343233131,0.35500459442803595,0
Training_Young,HSPB7,0.00105418080327017,0.02804921580346713,0.04249006364257558,1
Training_Young,CLIP2,0.4001291461716692,0.6826878776402993,0.8555793716888821,0
Training_Young,UQCR10,0.3772996040236464,0.6732724248252512,0.905633011380575,0
Training_Young,DNAJB4,0.6570106869287491,0.8410817654330629,0.9516495273976108,0
Training_Young,NIPSNAP3A,0.05749410115601541,0.2549632924682371,0.23875889610616177,0
Training_Young,TES,0.11025640462247235,0.3644008844598064,0.26641426711265775,0
Training_Young,KDM5B,0.5591553692598248,0.7909452127753377,0.958978762963838,0
Training_Young,WARS2,0.0992175703358466,0.3470138649683021,0.07503293113616671,0
Training_Young,MLX,0.16556198769633543,0.4465747175383031,0.5891385253646458,0
Training_Young,SEPTIN9,0.2414821967126795,0.5525144849204128,0.7562466555695972,0
Training_Young,UBQLN2,0.5318049489679542,0.7693420528084237,0.9541998564168936,0
Training_Young,PCYOX1,0.24247165320633415,0.5525144849204128,0.8277970195762467,0
Training_Young,DPP7,0.161611862127197,0.444013534317248,0.479450885145265,0
Training_Young,SMPX,0.01017428432387081,0.08977686343233131,0.19182261492466032,0
Training_Young,BCAP29,0.645040271307292,0.8395508670513485,0.9761652868158062,0
Training_Young,CYB5R1,0.9038087654858016,0.9577134270827784,0.9989427181693687,0
Training_Young,PFDN2,0.6353888538513253,0.8321416640470316,0.9807686009914812,0
Training_Young,PUF60,0.06895484094056963,0.28254010849332817,0.4755263671066759,0
Training_Young,ENOPH1,0.0200191941906971,0.13438575930472163,0.3996577178536792,0
Training_Young,NDUFA12,0.00873578198751456,0.08399603955994536,0.1611890941907791,0
Training_Young,EIF2B4,0.42278809816813456,0.6970200645877795,0.8872215387835715,0
Training_Young,ATP6V1H,0.15797376047058218,0.4392371191629935,0.7013136999011829,0
Training_Young,TRMT112,0.03613895041640052,0.19086450697305,0.10518040064188884,0
Training_Young,XPO7,0.6570175558713007,0.8410817654330629,0.96436228312626,0
Training_Young,LCMT1,0.9219272776514952,0.9672976742326604,0.9989813201276516,0
Training_Young,ATP5IF1,0.5056874371527432,0.7517362043105136,0.945373715839085,0
Training_Young,AK3,0.8814768187115065,0.9507432301523652,0.9966114282254146,0
Training_Young,NAGK,0.04810579590129343,0.22939401695636896,0.6145819907548413,0
Training_Young,SLC25A13,0.3137519316231257,0.6291415032383699,0.8957553869588069,0
Training_Young,DBNL,0.10984492917133838,0.3636126631781942,0.3633494797960462,0
Training_Young,DCTN4,0.10324052189604492,0.3512250830187446,0.5994184163280527,0
Training_Young,HSPB8,0.46420170045818976,0.7206439987910745,0.9164437081214456,0
Training_Young,STOML2,0.17317269245713235,0.4555807253377875,0.8254186612425026,0
Training_Young,VPS28,0.99082934106592635,0.9960417383646952,0.999990571748126,0
Training_Young,JPT1,0.6989497161050753,0.8611912680263003,0.9773720174303904,0
Training_Young,APPL1,0.0111530044976785,0.09453070747629118,0.3801259117484186,0
Training_Young,PACSIN3,0.49821403367571193,0.7464332849510666,0.9485202958483094,0
Training_Young,ACAD8,0.1139485663862722,0.3742498227249127,0.6347327024890959,0
Training_Young,AGO2,0.1871887252354385,0.4780931961663326,0.7645841161690893,0
Training_Young,MYH2,0.4690237265821555,0.7233219906644834,0.8499066765666209,0
Training_Young,MYH13,0.155801845974951,0.4363100836654355,0.3764072792395504,0
Training_Young,CDV3,0.7428560584792003,0.8877108782963496,0.990208110859111,0
Training_Young,RAB21,0.3660883503896762,0.6621494785601736,0.9183806269101066,0
Training_Young,PSME2,2.5719364130437827e-4,0.01474965305702524,0.00639334703824239,1
Training_Young,DNPEP,0.6819256774545296,0.8566782427042329,0.988815391672904,0
Training_Young,MCTS1,0.02949506350120275,0.16711219266719188,0.537231855720261,0
Training_Young,TBC1D24,0.817561383943068,0.9239322736818972,0.9892400342645392,0
Training_Young,TMCO1,0.6558015507783429,0.8410817654330629,0.9805637608073368,0
Training_Young,EPDR1,0.1807715194340054,0.4677699105932817,0.7250885101531266,0
Training_Young,MYO6,0.46666385496432394,0.7228647185961746,0.9211827121110752,0
Training_Young,NFU1,0.03134667123153709,0.17306257999994523,0.21093933775899315,0
Training_Young,SYNPO2,0.26492785305972594,0.5770760073902009,0.7915440297715168,0
Training_Young,UBQLN1,0.5101836134404794,0.7560854234081745,0.8922460568427414,0
Training_Young,SNX12,0.242566546390077,0.5525144849204128,0.8142572703798724,0
Training_Young,NDRG2,0.9067486356940913,0.9578044960668703,0.9988179574251594,0
Training_Young,VPS4A,0.8720365225876989,0.948556237659863,0.9977633119496232,0
Training_Young,G3BP2,0.0098883550475726,0.088448180042543,0.05978485641237955,0
Training_Young,STUB1,0.03947366913787935,0.20041945055029564,0.5364411095615008,0
Training_Young,PACSIN2,0.8999280701977208,0.9559553811753172,0.9978213284802956,0
Training_Young,SNX6,0.09220835785048737,0.3338780482427465,0.7329286864734862,0
Training_Young,PSMD13,0.170611298452308,0.4539556320844954,0.856180200870711,0
Training_Young,COPS3,0.5234752660558051,0.7667909472120573,0.9769964602682304,0
Training_Young,NSFL1C,0.7361430168068296,0.8852246117436818,0.9934685480564734,0
Training_Young,PPP6R1,0.02237375110285934,0.1441584674063366,0.29791696123473993,0
Training_Young,LIMCH1,0.9856758068608256,0.9950658038459508,0.999963758176601,0
Training_Young,USP24,0.1956247837611376,0.4906960566418988,0.6804917534796096,0
Training_Young,MAPRE3,0.3064046817793015,0.6204842399808206,0.807126519618546,0
Training_Young,PA2G4,0.710221595181586,0.8689802873862219,0.9889015498735158,0
Training_Young,CAMK2A,0.8424351950441389,0.9353811233737904,0.9942015931781268,0
Training_Young,CHMP2B,0.0924139270397378,0.3338780482427465,0.6494026702512582,0
Training_Young,RTRAF,0.9893249177822162,0.9959583224033612,0.9999496791770812,0
Training_Young,RUVBL2,0.0662477880858867,0.27553629026738263,0.5028622132444427,0
Training_Young,APOBEC2,0.02401250724192164,0.14933221959325232,0.19602216543845424,0
Training_Young,PIN4,0.7777833137774373,0.9042591402434584,0.9915222594945527,0
Training_Young,EIF3L,0.46596841663082655,0.7226525230919518,0.93441192999526,0
Training_Young,PLAA,0.09848731997670002,0.34551587584675825,0.7392813867408068,0
Training_Young,NUDC,0.4678374595568161,0.7233219906644834,0.9640204422366512,0
Training_Young,BCS1L,0.8352754728332475,0.9299518240971856,0.9904105041358104,0
Training_Young,VDAC3,9.706251553634164e-4,0.02649680618927144,0.06187116287919003,0
Training_Young,CFL2,0.819653574430653,0.9253017258073214,0.996861985654512,0
Training_Young,FARSA,8.116112878451577e-4,0.02402826657817635,0.04287932571524121,1
Training_Young,CNPY2,0.9200035773037578,0.9664405394765112,0.9987296590651736,0
Training_Young,FNDC3A,0.6710794933200209,0.8486823179937493,0.9409119126129394,0
Training_Young,PADI2,0.00343372882707939,0.0517694604227153,0.1997439436762508,0
Training_Young,GSTK1,0.45532359141396006,0.7145879137260315,0.9413271594888268,0
Training_Young,LAMTOR2,0.35950002870287867,0.658102712537716,0.7329069738594873,0
Training_Young,MRPS35,0.1463852023160594,0.4250023415308796,0.5724512293405433,0
Training_Young,COA3,0.9449378565068524,0.980384035171067,0.9992586760021516,0
Training_Young,TMA7,0.27126162269167614,0.5836150776846502,0.8558037242263146,0
Training_Young,SUGT1,0.11783403024986944,0.3802095434651765,0.6783300478933483,0
Training_Young,COQ6,0.8428220017459367,0.9353811233737904,0.9966070618388754,0
Training_Young,ACOT9,0.25046004743811806,0.5606677526250523,0.8563567701039954,0
Training_Young,MEMO1,0.0160295251019172,0.11834741674066064,0.3240779518141241,0
Training_Young,TMX2,0.00291996414381752,0.04614860624289044,0.05470500218194075,0
Training_Young,SH3GLB1,0.26842072183610877,0.5796459337611556,0.8510716320763752,0
Training_Young,CAB39,0.549257079942115,0.7848663372116423,0.97557355215515,0
Training_Young,LUC7L2,0.5087264259923747,0.7546527504841014,0.9593223028890964,0
Training_Young,DHRS7,0.03813552053265372,0.19599233290865067,0.5151049732850045,0
Training_Young,MOB4,0.01149569443879342,0.09665579884137508,0.1942334596243981,0
Training_Young,SBDS,0.6012432757455259,0.8153045131904091,0.9792221260727983,0
Training_Young,MRPL11,0.23262831069730383,0.5414237848047101,0.7194237362497486,0
Training_Young,PPIL1,0.2874998644262129,0.5989343062674921,0.9123842128212868,0
Training_Young,MSRB2,0.3822107205778874,0.6768381926324509,0.8074093007864481,0
Training_Young,FIS1,0.3384350910881354,0.6483752585582984,0.89896462863626,0
Training_Young,PTRH2,0.5925233484082976,0.8107175067886125,0.9436458220915506,0
Training_Young,STRAP,0.3320097701100524,0.6438049232207843,0.9389796690759282,0
Training_Young,RTCB,0.002222088190345,0.04201218089057323,0.25041512870188515,0
Training_Young,RPL36,0.4361579721120874,0.7050953918242108,0.8938297353112903,0
Training_Young,SAMHD1,0.04985255606918309,0.23390641262817605,0.15319832358425012,0
Training_Young,HBS1L,0.38794947102802513,0.6771569665480791,0.9233655315513654,0
Training_Young,TLN1,0.05677288055571811,0.25283176891550735,0.7215182448387306,0
Training_Young,USP15,0.1372881258532468,0.4097216519634035,0.7700367616276999,0
Training_Young,TLN2,0.3881894123170482,0.6771569665480791,0.9194576647692434,0
Training_Young,DTNA,0.2637652037546442,0.5757367168143948,0.8922090766689111,0
Training_Young,HYOU1,0.00539813211856868,0.06876893159534171,0.18257585325443867,0
Training_Young,AFG3L2,0.657385126021172,0.8410817654330629,0.984255479230436,0
Training_Young,ARIH1,0.5180416378840251,0.7641568581278743,0.923297968370051,0
Training_Young,RNF114,0.9827888198589918,0.9950658038459508,0.9999623119778764,0
Training_Young,SAMM50,0.1857750480014397,0.47679994004765114,0.8482883544578304,0
Training_Young,PPME1,0.3393019906822684,0.6483752585582984,0.7711072068758357,0
Training_Young,TIMM9,0.6604321842120149,0.8413505764931244,0.9774314883151328,0
Training_Young,TIMM8B,0.9620011851360026,0.9858309326402444,0.9997154858608036,0
Training_Young,UCHL5,0.6465831324317057,0.8404730662688489,0.9817490780047174,0
Training_Young,TIMM13,0.6932643476156051,0.8566782427042329,0.9858974903597072,0
Training_Young,SRPRB,0.4365525641577266,0.7050953918242108,0.9269116168468832,0
Training_Young,GMPPB,0.22011298093338863,0.5269675238291377,0.8089581387668608,0
Training_Young,MPC1,0.9821055084724102,0.9950658038459508,0.9999511797161592,0
Training_Young,SNX5,0.9875556676156894,0.9956076802533234,0.9999191978573532,0
Training_Young,HEBP2,0.48167608533965034,0.7320919243557086,0.9519582225458628,0
Training_Young,HCFC2,0.16571278766882797,0.4465747175383031,0.561755419446148,0
Training_Young,FHOD1,0.442515323897633,0.7073514911276231,0.9516445447016896,0
Training_Young,MYH4,0.4605280309069374,0.7168792969383271,0.8094913514659358,0
Training_Young,MRPS18B,0.49416752286502663,0.7435505605313428,0.9467663885783684,0
Training_Young,COPG1,0.33714778799621825,0.6483752585582984,0.9013433456668716,0
Training_Young,CLIC4,0.08082242971916481,0.3089719832064399,0.5390192160082301,0
Training_Young,NFS1,NA,NA,NA,0
Training_Young,SPCS1,0.33060702426491273,0.6431481238609695,0.8970381520055013,0
Training_Young,SAR1B,0.7832080121212801,0.9065546483914816,0.994011282307804,0
Training_Young,MTCH2,0.6540995131317349,0.8410817654330629,0.9852361170825856,0
Training_Young,BZW2,0.8470724409131896,0.93764794338536706,0.997818336290098,0
Training_Young,DYNC1LI1,3.090116472758061e-5,0.00420567899030973,0.00132813918948614,1
Training_Young,CHCHD2,0.4561450140604474,0.7148744882349882,0.8973975656226396,0
Training_Young,NDUFB9,0.00278511423579186,0.04484472670016626,0.10127066392475571,0
Training_Young,COX11,0.34799295723929424,0.6538348613075705,0.8610523326754665,0
Training_Young,SQOR,0.40772967214321376,0.6897466936573154,0.8128162222711565,0
Training_Young,SESN1,0.3482881453811506,0.6538348613075705,0.8735393269034482,0
Training_Young,SEC23IP,0.0083201505294224,0.08315180106700194,0.3036900393125052,0
Training_Old,MMP24OS,0.299827421214911,0.8322638465093714,0.7680784011304529,0
Training_Old,ESYT2,0.3417814745296386,0.855652243325369,0.8967814531624217,0
Training_Old,ILVBL,0.45915474329480344,0.8827663660859664,0.9058628922622028,0
Training_Old,FSD2,0.2837354657203367,0.8322638465093714,0.8488988780319937,0
Training_Old,TARS3,0.7828869744775832,0.9646775321450732,0.990812666798528,0
Training_Old,VWA8,0.07099331499886831,0.5740511406005078,0.46423417789397153,0
Training_Old,CARNS1,0.03704453358877636,0.4920632386131804,0.22532193675177728,0
Training_Old,MAP1LC3B2,0.7886957263593046,0.9690083618794948,0.9923332501643408,0
Training_Old,PGP,0.9204629141148551,0.9938126471141084,0.999359760439368,0
Training_Old,DHRS7C,0.3137535413112606,0.8409231970169827,0.8586326917475812,0
Training_Old,SMTNL1,0.42815922411068863,0.8787874454050285,0.8811506968961705,0
Training_Old,NUDT19,0.7056325868294575,0.9496049149362232,0.9735724159727452,0
Training_Old,NACA,0.2716566141241144,0.8322638465093714,0.90495608989756,0
Training_Old,SLC35A4,0.35321744692404966,0.855652243325369,0.8782220777463183,0
Training_Old,PDLIM1,0.4693208267112563,0.8869012694738848,0.9066285159232226,0
Training_Old,MYO1C,0.26519401501628137,0.8278052680817009,0.8318005962364393,0
Training_Old,FXYD1,0.7558168964558298,0.9636490266952572,0.984092561159406,0
Training_Old,STXBP3,0.17561846518556035,0.7237452654912476,0.7835219350615436,0
Training_Old,NDUFS8,0.9740242359702074,0.9954864063133828,0.9998810944723928,0
Training_Old,PSMD11,0.33598498651211506,0.8548593030677044,0.9328022793228444,0
Training_Old,PSMD12,0.6274734475433297,0.9255433365518796,0.977700280368742,0
Training_Old,PSMD9,0.4359620269805551,0.8796373263781408,0.9452717169774956,0
Training_Old,PGRMC1,0.6825238790938188,0.9411232628892084,0.9588054261969507,0
Training_Old,CLIC1,0.05550786050023567,0.5457266217037436,0.5306757358146104,0
Training_Old,EIF3F,0.8727135406855153,0.989448788709926,0.9981786823184216,0
Training_Old,PDHX,0.2015870038342443,0.7564660176718055,0.855192893360332,0
Training_Old,DCTN6,0.4317672490624151,0.8790448592205058,0.9133793618935622,0
Training_Old,IPO5,0.8938808861450702,0.9920527753748756,0.9991187937356216,0
Training_Old,EEF2K,0.45467258101910335,0.8815076258918112,0.9178379151318228,0
Training_Old,EML1,0.4336099097217672,0.8790448592205058,0.9403695761073968,0
Training_Old,DNM1L,0.541707299537095,0.9022036585020758,0.9704026900090608,0
Training_Old,RTCA,0.02150427011677718,0.4373447950946092,0.4296046708544659,0
Training_Old,NDUFA4,0.9532301259568206,0.9954864063133828,0.9997156107329438,0
Training_Old,PSMD14,0.47056781563911354,0.8869012694738848,0.9632705074886662,0
Training_Old,BIN1,0.8621629839752605,0.9894155292205404,0.99838858091753,0
Training_Old,KPNA3,0.999086782101186,0.9995600586441044,0.9999998791826472,0
Training_Old,DDX3X,0.6439550568213164,0.9354399355909564,0.973587281388526,0
Training_Old,KPNA4,0.2164479138053289,0.76701005697458835,0.8777936162879824,0
Training_Old,CES2,0.683526937605281,0.9411232628892084,0.9704062233033752,0
Training_Old,FBP2,0.7596656602519106,0.9636490266952572,0.9868418252752652,0
Training_Old,PDXK,0.3611345398880136,0.860596056115936,0.9335324301053864,0
Training_Old,SDHD,0.5709142068500066,0.908364110698336,0.9586377012821852,0
Training_Old,COX7A2L,0.9147064378166196,0.9938126471141084,0.9983689376460242,0
Training_Old,GAPDHS,0.8635820177154214,0.9894155292205404,0.992841521286976,0
Training_Old,HSPB6,0.09890796452214988,0.6353161094517655,0.5267793532402971,0
Training_Old,NDUFAB1,0.5362940691804658,0.9022036585020758,0.9471293596514168,0
Training_Old,IMPA2,0.1825444616701402,0.737158514430853,0.7603627264571599,0
Training_Old,PDCD5,0.714855674582469,0.9525395487180912,0.9906931961158366,0
Training_Old,PRMT5,0.1081723166269954,0.6536696690105152,0.7472108955656295,0
Training_Old,PSMA7,0.454177720389073,0.8815076258918112,0.9662644364261592,0
Training_Old,OPLAH,0.3232745314753178,0.849198769248596,0.9004395915215225,0
Training_Old,MGST3,0.19171680199606791,0.748189951683547,0.7796434970977807,0
Training_Old,RGS12,0.2125240503312,0.7620556779278344,0.7092093263493814,0
Training_Old,HAT1,0.08971734539555946,0.6232994522217815,0.14599360976930023,0
Training_Old,UQCRQ,0.46576931573115454,0.8862205358776563,0.9512885815369352,0
Training_Old,MYL12B,0.02338601958179781,0.4409935121139016,0.28698530198777095,0
Training_Old,UQCR11,0.8183560885529335,0.9815064296357964,0.992327810318696,0
Training_Old,CASQ2,0.8448409195246753,0.9839479860037118,0.9946667985414956,0
Training_Old,HGS,0.4540705943298115,0.8815076258918112,0.9366115513422216,0
Training_Old,HNRNPDL,0.6745530242714844,0.9411232628892084,0.979365824401484,0
Training_Old,XPO1,0.3815542489616929,0.8638644081028736,0.9366143517072246,0
Training_Old,ATP2A1,0.8180101456278206,0.9815064296357964,0.994037094570149,0
Training_Old,SYNJ2,0.772816049876341,0.9638997174280068,0.9819692034991868,0
Training_Old,SYNM,0.48630093688512943,0.8876988579960184,0.887269811283921,0
Training_Old,ARPC1B,0.00173836072950399,0.21596575651249608,0.05150805860328407,0
Training_Old,ARPC2,0.4885749850686575,0.8895434210905212,0.927029330213872,0
Training_Old,PGRMC2,0.31342745115845666,0.8409231970169827,0.8521897037471189,0
Training_Old,PFDN6,0.582152478658541,0.908364110698336,0.9736986249336606,0
Training_Old,NDUFA1,0.3345974278694286,0.8548593030677044,0.7506284385253736,0
Training_Old,SURF4,0.5359035857402572,0.9022036585020758,0.9481032514194092,0
Training_Old,MAPK13,0.14770570987856368,0.6915317001116692,0.6206721483569976,0
Training_Old,TCAP,0.8381690910444339,0.9839479860037118,0.9909300070523158,0
Training_Old,PMM2,0.476785709717947,0.8869012694738848,0.9134683124142676,0
Training_Old,EIF3D,0.8881827038405378,0.989890169135206,0.9985042336742542,0
Training_Old,EIF3H,0.4295310044507622,0.8790448592205058,0.901181829579258,0
Training_Old,BCAT2,0.7009235479392766,0.948177594813128,0.9842361956255706,0
Training_Old,STX7,0.360180126913777,0.860596056115936,0.908130562391113,0
Training_Old,SLC16A3,0.48581246248674126,0.8876988579960184,0.9065523755689974,0
Training_Old,YKT6,0.9118880563653275,0.9932478468507332,0.9992260744927636,0
Training_Old,ARPC5,0.460610102001295,0.8827663660859664,0.9051413217898946,0
Training_Old,TAPBP,0.4236299160113065,0.8760527778984114,0.89695091866908,0
Training_Old,DHX15,0.34169109760709815,0.855652243325369,0.9002147948632019,0
Training_Old,CYB5B,0.22866801004232867,0.7855048464935668,0.7390705644331576,0
Training_Old,NDUFS4,0.7579877194569175,0.9636490266952572,0.9874581505658916,0
Training_Old,DYNC1LI2,0.653030422950385,0.9395802936264872,0.979411498571001,0
Training_Old,PSMD3,0.6461938156069815,0.9354399355909564,0.983237024363966,0
Training_Old,RASA4,0.38946395473516426,0.8658398656849126,0.8792457680934485,0
Training_Old,HNRNPR,0.266132063719251,0.8278052680817009,0.8735209430398889,0
Training_Old,TXNL1,0.3940425342957805,0.8719454266518887,0.9530744120582124,0
Training_Old,TPD52L2,0.4810022958749055,0.8869012694738848,0.9675026733886768,0
Training_Old,ERI3,0.0427426114923039,0.5100135337386771,0.4212181612969127,0
Training_Old,AKR7A2,0.9502865172968806,0.9954864063133828,0.99973362121165,0
Training_Old,LAT,0.6792903467926703,0.9411232628892084,0.9750453550120424,0
Training_Old,DENR,0.9391135055331026,0.9954864063133828,0.999635538432222,0
Training_Old,DNPH1,0.7224182248389313,0.9565813735798262,0.9875857304437264,0
Training_Old,TIMM44,0.7611625590920639,0.9636490266952572,0.9917418011213592,0
Training_Old,TRAPPC3,0.9830766710055762,0.9954864063133828,0.9999491358941606,0
Training_Old,CHMP2A,0.8880422022066767,0.989890169135206,0.9988009388259472,0
Training_Old,NDUFB5,0.422301307385529,0.8760527778984114,0.9181165129742664,0
Training_Old,NDUFB3,0.9855881039778804,0.9954864063133828,0.999964246839744,0
Training_Old,NDUFA2,0.5253877580422877,0.9022036585020758,0.9525555601265886,0
Training_Old,BUB3,0.42500506057128373,0.8760527778984114,0.9247225418877786,0
Training_Old,ACTN4,0.379074104042297,0.8638644081028736,0.700285521775581,0
Training_Old,GSTZ1,0.15226545931718782,0.7013824725422744,0.6062814373781972,0
Training_Old,PRKAB2,0.36231823514263417,0.860596056115936,0.9217472354531084,0
Training_Old,AP1G1,0.25942591999076653,0.827145827681635,0.7967906284573104,0
Training_Old,SYNGR2,0.00102089741902276,0.17699564030738874,0.03684393627862279,-1
Training_Old,SGTA,0.4070855757306948,0.8760527778984114,0.9418282893966248,0
Training_Old,ENSA,0.9695902170077058,0.9954864063133828,0.9998561957047236,0
Training_Old,SLC25A20,0.6419820299549226,0.9350800325964116,0.9719215266346888,0
Training_Old,NARS1,0.8766650054281901,0.989448788709926,0.9979383860217194,0
Training_Old,LANCL1,0.44493505608572,0.8796796312115669,0.9407090375560572,0
Training_Old,SLC37A4,0.546042608087109,0.9022036585020758,0.9491769558168311,0
Training_Old,IDH3B,0.0106582932487414,0.37557096919395294,0.2633246674429275,0
Training_Old,CALU,0.005302243669064,0.3249336086327226,0.20020292764037265,0
Training_Old,AHCYL1,0.13646784919263047,0.6762281531564756,0.7409432589457159,0
Training_Old,NDUFS5,0.8362234658670813,0.9839019275271732,0.9945867973649232,0
Training_Old,TIMM8A,0.6718315715748051,0.9411232628892084,0.967267708307709,0
Training_Old,PPP1R12B,0.9063903833485364,0.9932478468507332,0.997518985750888,0
Training_Old,PRPSAP2,0.7787667581966615,0.964044286843038,0.9900113751875,0
Training_Old,SPAG9,0.2395593092350785,0.7983649865435387,0.7988390838251214,0
Training_Old,OPA1,0.3029449909691357,0.8322638465093714,0.8885647918571375,0
Training_Old,TBC1D4,0.5381310609303838,0.9022036585020758,0.9656852317759772,0
Training_Old,SNX3,0.16829032672623154,0.7201474796005275,0.8456295218680826,0
Training_Old,SYNCRIP,0.4747078808939066,0.8869012694738848,0.953120754601151,0
Training_Old,SELENOF,0.4832443179351366,0.8869012694738848,0.9081005343806676,0
Training_Old,KLHL41,0.45546853604661985,0.8815076258918112,0.8765986520205198,0
Training_Old,PLIN3,0.5485878050099131,0.9022036585020758,0.9683816141572158,0
Training_Old,KPNA6,0.10990058478836216,0.6536696690105152,0.7218768366914702,0
Training_Old,SNX2,0.5149525360970617,0.9018780081479816,0.9615075292397884,0
Training_Old,USO1,0.2490548314464635,0.8104835192834067,0.851702826768655,0
Training_Old,TOM1,0.22240697368085324,0.7740146102746108,0.8387879896117818,0
Training_Old,PFKFB2,0.371111580485653,0.8638644081028736,0.8933619074823208,0
Training_Old,EDF1,0.5332728260306969,0.9022036585020758,0.960856804576626,0
Training_Old,DNAJA2,0.10915516891797364,0.6536696690105152,0.7582340253493981,0
Training_Old,CUTA,0.05082417006144748,0.5392774424209327,0.4199065606891744,0
Training_Old,PFDN1,0.6015239561555721,0.9146282184309348,0.9767924345302984,0
Training_Old,NOL3,0.3012386536383629,0.8322638465093714,0.8662678979711771,0
Training_Old,WDR1,0.2580376677962382,0.827145827681635,0.8920922086572033,0
Training_Old,LDB3,0.7944899085091964,0.9721684164376724,0.9940806062725952,0
Training_Old,CLASP2,0.3159082959960417,0.8434535761381624,0.8516587543546447,0
Training_Old,COBL,0.4563768982206824,0.8815076258918112,0.9014492517670676,0
Training_Old,CPNE3,0.2624183528261338,0.8278052680817009,0.8820564408667618,0
Training_Old,CLUH,0.916985810437836,0.9938126471141084,0.9983086726663528,0
Training_Old,CAND2,0.6662410347798067,0.9411232628892084,0.9801942118617564,0
Training_Old,COQ9,0.11931573883742096,0.6631443169069292,0.7460190766358882,0
Training_Old,GGCT,0.05927111931423259,0.5493760760036969,0.6004788177730905,0
Training_Old,NDUFS7,0.779841064078607,0.964044286843038,0.9884578745774264,0
Training_Old,RTN2,0.13711994647847284,0.6762281531564756,0.778774834853323,0
Training_Old,NDUFS2,0.37785162040707665,0.8638644081028736,0.8899526276613219,0
Training_Old,NIPSNAP2,0.8615180812979422,0.9894155292205404,0.9974892456696854,0
Training_Old,CILP,0.145396424723476,0.6915317001116692,0.6258307991267621,0
Training_Old,TBCA,0.6570802859920566,0.9395802936264872,0.9860614382636532,0
Training_Old,ATP6V1G1,0.00423341371005661,0.3249336086327226,0.2945907154162962,0
Training_Old,VPS4B,0.41816594085728687,0.8760527778984114,0.9103270779986986,0
Training_Old,MACROH2A1,0.4185353263514592,0.8760527778984114,0.8317527061444511,0
Training_Old,SH3BGRL,0.0162560313770738,0.4087230746235698,0.15384878203494198,0
Training_Old,FLNB,0.13118940802051357,0.6762281531564756,0.589869205429516,0
Training_Old,NDUFS6,0.7761931458715923,0.964044286843038,0.990503255041036,0
Training_Old,CS,0.8615842156873759,0.9894155292205404,0.9977812268366968,0
Training_Old,SEC22B,0.5271301522078647,0.9022036585020758,0.9700351103692932,0
Training_Old,MTX2,0.9465215670823433,0.9954864063133828,0.9996451590259562,0
Training_Old,VPS26A,0.4381371081980788,0.8796373263781408,0.942961185964264,0
Training_Old,NDUFB1,0.7761742366026609,0.964044286843038,0.9899268542749708,0
Training_Old,PMPCB,0.15378167519417738,0.7057171510226663,0.7703964291470031,0
Training_Old,NDUFS3,0.6965603512161607,0.9450465738715746,0.9838160809847052,0
Training_Old,ECI2,0.8979996024116081,0.9921509498092368,0.9984487427479743,0
Training_Old,BANF1,0.20231598032523496,0.7564660176718055,0.7218877279120376,0
Training_Old,CSDE1,0.9403262792044674,0.9954864063133828,0.9995863046268784,0
Training_Old,PRKRA,0.9844137048749432,0.9954864063133828,0.9999399225302557,0
Training_Old,LYPLA1,0.8047344900733712,0.979596105495654,0.9952177405482584,0
Training_Old,TIPRL,0.4406237419534177,0.8796796312115669,0.9539367256174666,0
Training_Old,PPM1B,0.979287251001184,0.9954864063133828,0.999936803927128,0
Training_Old,SLC25A12,0.4706524410532792,0.8869012694738848,0.9546151908277226,0
Training_Old,TCEA3,0.4326245442441988,0.8790448592205058,0.92330172147855,0
Training_Old,EIF3G,0.4464631138264611,0.8796796312115669,0.9404783504078544,0
Training_Old,EIF3J,0.723478119552431,0.9569147359342124,0.9927281263887736,0
Training_Old,PSMD10,0.5819460504552769,0.908364110698336,0.9757705472084126,0
Training_Old,IDH1,0.1920070804036375,0.748189951683547,0.8506990107580994,0
Training_Old,SCO1,0.08541025539625305,0.6094137141786704,0.5115506071107861,0
Training_Old,ALDH1L1,0.14768999675445962,0.6915317001116692,0.7100075148584455,0
Training_Old,ARL6IP5,0.47950304908863506,0.8869012694738848,0.9574395225953012,0
Training_Old,DYSF,0.3654845559937731,0.862068355664064,0.931259321101444,0
Training_Old,PIAS2,0.29641723767239286,0.8322638465093714,0.865354185408972,0
Training_Old,DCTN3,0.05877006650334149,0.5493760760036969,0.44373225089774593,0
Training_Old,ATP5PD,0.6818195857530124,0.9411232628892084,0.986871673665061,0
Training_Old,FLOT1,0.8319927325838306,0.9834489367848462,0.9958762565735731,0
Training_Old,ATP5MG,0.4541381387101282,0.8815076258918112,0.9486262672340404,0
Training_Old,GLRX3,0.05684652309413996,0.5457266217037436,0.5388549216446685,0
Training_Old,SNCG,0.06008800831290435,0.5493760760036969,0.34268100563333664,0
Training_Old,DDAH1,0.5583387439033229,0.9048014892038364,0.9623554190580916,0
Training_Old,TPPP,0.00926245175660821,0.35567814745375537,0.14486101750618535,0
Training_Old,BAIAP3,0.8323823076338895,0.9834489367848462,0.994159685650558,0
Training_Old,TOMM70,0.7421268543588367,0.9605279217845626,0.9896829144030338,0
Training_Old,UFL1,0.26356654904769417,0.8278052680817009,0.8569305750831536,0
Training_Old,TMEM63A,0.5501913033081487,0.9022036585020758,0.9483164997717156,0
Training_Old,PLPBP,0.1133989370602413,0.6562037546119697,0.7627853149051749,0
Training_Old,ERLIN2,0.4881086722757434,0.8894611870978172,0.9396925868215016,0
Training_Old,ENDOD1,0.5789099662607292,0.908364110698336,0.976495607680434,0
Training_Old,SEC31A,0.22926158088788529,0.7855048464935668,0.838151695401901,0
Training_Old,NDUFB6,0.9185629681353068,0.9938126471141084,0.9985467900977132,0
Training_Old,MFN2,0.1290452346616515,0.6762281531564756,0.7405033637179743,0
Training_Old,NDUFA3,0.564601287916517,0.908276497922918,0.9485706981339972,0
Training_Old,NDUFB4,0.9663320949782576,0.9954864063133828,0.9997920019365616,0
Training_Old,NDUFB8,0.6967596848825379,0.9450465738715746,0.9837071280308756,0
Training_Old,NDUFA7,0.5882131728100362,0.908364110698336,0.9579094020029298,0
Training_Old,RTN3,0.7293162962848261,0.9573126275659122,0.9808747469882352,0
Training_Old,LETM1,0.5844911962517619,0.908364110698336,0.9661757983388574,0
Training_Old,STBD1,0.7080931302045173,0.950079131066927,0.9891260375747888,0
Training_Old,ZRANB2,0.9267346523994568,0.9954864063133828,0.9980521467539704,0
Training_Old,EPM2A,0.8844685423913196,0.989448788709926,0.997058025824447,0
Training_Old,VAPB,0.24319101937943835,0.8011473066483278,0.871682024767051,0
Training_Old,NDUFC2,0.546541431902879,0.9022036585020758,0.9388299087161038,0
Training_Old,NDUFA10,0.406464719716523,0.8760527778984114,0.9086498215998988,0
Training_Old,PGLS,0.6194742088128147,0.9255433365518796,0.9708964409561256,0
Training_Old,TACC2,0.0955168297474316,0.6352868884245729,0.6226373619181822,0
Training_Old,LYPLA2,0.8694254047585429,0.989448788709926,0.9965287157509096,0
Training_Old,IPO7,0.5128000293553565,0.9012775243515488,0.9500197652812182,0
Training_Old,ARIH2,0.5201352708053115,0.9022036585020758,0.9497146491390562,0
Training_Old,PGM3,0.2787888160767634,0.8322638465093714,0.8487798733886314,0
Training_Old,SVIL,0.3089597615652171,0.8365679697765879,0.7614501607718831,0
Training_Old,AHSA1,0.9169996300278098,0.9938126471141084,0.9991902362996112,0
Training_Old,H6PD,0.06321740529300955,0.5541385331267451,0.5790904904272302,0
Training_Old,MPC2,0.5654664497670865,0.908276497922918,0.9638270213938795,0
Training_Old,ETHE1,0.5086678598629316,0.899754204380663,0.951415291615316,0
Training_Old,ACSL3,0.7622837925517445,0.9636490266952572,0.9928204286186556,0
Training_Old,ASMTL,0.4861618433529829,0.8876988579960184,0.9353785256988338,0
Training_Old,CDS2,0.4717337614328365,0.8869012694738848,0.943475522378734,0
Training_Old,SNAP29,0.32214474902160706,0.8472934988006454,0.8790670360926366,0
Training_Old,OXSR1,0.19597428664705713,0.7552877616762494,0.8692931372006157,0
Training_Old,LSM8,0.8444434310473616,0.9839479860037118,0.9951582409632052,0
Training_Old,AP2A1,0.07014618868284378,0.5730936960236189,0.5808999814762789,0
Training_Old,CAVIN2,0.03755402925086624,0.49571318611143433,0.5138807675241717,0
Training_Old,BAG2,0.8239826812801321,0.9815064296357964,0.9938442313514042,0
Training_Old,BAG3,0.21732858986978312,0.7677110828169772,0.7816025387327672,0
Training_Old,MLYCD,0.8726181643242805,0.989448788709926,0.9960969077025672,0
Training_Old,AIFM1,0.5377116112954228,0.9022036585020758,0.9731202820051174,0
Training_Old,EML2,0.737850606695408,0.9605279217845626,0.9843540450268088,0
Training_Old,BPNT1,0.8983788768765201,0.9921509498092368,0.998422098044267,0
Training_Old,DDAH2,0.9677342767211924,0.9954864063133828,0.9998583948507426,0
Training_Old,ABHD16A,0.01594639287837723,0.4057684549293098,0.14618850120763793,0
Training_Old,TXNDC12,0.08393644539155476,0.6040884294529529,0.232911285355311,0
Training_Old,NUDT3,0.26316951281236656,0.8278052680817009,0.8601685945510662,0
Training_Old,NDUFB10,0.8867119188485217,0.989448788709926,0.9976923727776986,0
Training_Old,CLPTM1,0.242410160739483,0.8001304851214254,0.7424567114127056,0
Training_Old,MOCS2,0.8346331349635281,0.9834489367848462,0.9952305078547434,0
Training_Old,TOMM40,0.8018611744370853,0.9773434346302792,0.9942023893650472,0
Training_Old,PEX11B,0.16292439309562243,0.7119310143454388,0.6304445779626066,0
Training_Old,CYB5A,0.3128804318171729,0.8409231970169827,0.8524887438262495,0
Training_Old,ADH1B,0.00878966623327451,0.35119248634787037,0.03748721359354835,-1
Training_Old,LDHA,0.4958378717554306,0.8939531382076433,0.9323150064531452,0
Training_Old,ALDH1A1,0.06522720667189931,0.5554833084316586,0.5069807835688797,0
Training_Old,GLUD1,0.11340642539458756,0.6562037546119697,0.7047079333008546,0
Training_Old,CYB5R3,0.6853008353158937,0.9411232628892084,0.986334499451104,0
Training_Old,GSR,0.48063128749961426,0.8869012694738848,0.9645752102151,0
Training_Old,MT-CO1,0.15437562678620825,0.7057171510226663,0.5871859641903292,0
Training_Old,MT-CO2,0.90545190470606,0.9932478468507332,0.9985073673360382,0
Training_Old,MT-CO3,0.6393623567151847,0.932550619739275,0.9678334987623756,0
Training_Old,SOD1,0.0894438976101871,0.6232994522217815,0.6774140835214738,0
Training_Old,CP,0.8332249580320275,0.9834489367848462,0.9947001492394876,0
Training_Old,F13A1,0.49369262617820187,0.8939531382076433,0.9158644402222634,0
Training_Old,HPRT1,9.28350291082044e-5,0.15763153206544178,0.00571812501476471,1
Training_Old,GOT2,0.6268394705389324,0.9255433365518796,0.9809814457243516,0
Training_Old,PGK1,0.5857455606247822,0.908364110698336,0.9762808787907288,0
Training_Old,AK1,0.656088779564016,0.9395802936264872,0.9807748318375532,0
Training_Old,MT-ATP6,0.2590419812029316,0.827145827681635,0.7881256829336482,0
Training_Old,CA2,0.4948883127123764,0.8939531382076433,0.9359747517333528,0
Training_Old,ASS1,0.00622141023906555,0.32514653199023125,0.03742907534225371,-1
Training_Old,CST3,0.20274536932108048,0.7564660176718055,0.7833611849363714,0
Training_Old,CSTA,0.09156364506193544,0.6263823289459617,0.26029448646854514,0
Training_Old,JCHAIN,0.36590022760554264,0.862068355664064,0.7561317223137678,0
Training_Old,HLA-B,0.5843582669235485,0.908364110698336,0.9463316839656272,0
Training_Old,HLA-DRB1,0.3291529824070146,0.8548593030677044,0.8132326644712247,0
Training_Old,MB,0.08640472246742814,0.6144335819906,0.7049903077889345,0
Training_Old,COL1A1,0.9424321658600184,0.9954864063133828,0.9983140400739556,0
Training_Old,COL3A1,0.37401433406330065,0.8638644081028736,0.7103512296594048,0
Training_Old,COL4A1,0.8179386679039145,0.9815064296357964,0.9842003843252812,0
Training_Old,CRYAB,0.01822072136544806,0.41828438612854674,0.2484253123265267,0
Training_Old,KRT14,0.9681942468177592,0.9954864063133828,0.9994389335070076,0
Training_Old,LMNA,0.6200432029916625,0.9255433365518796,0.9598882709413866,0
Training_Old,TNNC2,0.3423368431459094,0.855652243325369,0.7629645785379684,0
Training_Old,APOE,0.6095318511648402,0.9201796066191154,0.9474976335790783,0
Training_Old,LRG1,0.02461052956931104,0.4462991912265263,0.21420317865433183,0
Training_Old,FN1,0.6565816092968548,0.9395802936264872,0.9442549607194572,0
Training_Old,RBP4,0.2658612168240448,0.8278052680817009,0.7023159598514515,0
Training_Old,TTR,0.9269363292188284,0.9954864063133828,0.9988782131135026,0
Training_Old,PPBP,0.0837488341361921,0.6040884294529529,0.36246068860977343,0
Training_Old,TFRC,0.08140193124491657,0.5948819335268644,0.2618935352250505,0
Training_Old,FTL,0.35051022067966153,0.855652243325369,0.651083325172725,0
Training_Old,FTH1,0.6257719699287895,0.9255433365518796,0.9444877534334714,0
Training_Old,MT2A,0.00631203021382551,0.32514653199023125,0.06657804020754204,0
Training_Old,MT-ND1,0.8981155555852891,0.9921509498092368,0.9980746064296472,0
Training_Old,MT-ND2,0.4428021205361653,0.8796796312115669,0.8903181366730428,0
Training_Old,MT-ND3,0.3824382491715643,0.8638644081028736,0.869933351217471,0
Training_Old,MT-ND4,0.19378388033397348,0.7523374177671911,0.6995514339767089,0
Training_Old,MT-ND5,0.3047007473153895,0.8325070871023319,0.7554237569086082,0
Training_Old,MT-ATP8,0.558646374016005,0.9048014892038364,0.9534125050517483,0
Training_Old,CAT,0.7308830458503711,0.9587732874757664,0.9819008264631768,0
Training_Old,ALDOA,0.6449232438826114,0.9354399355909564,0.9850174602505928,0
Training_Old,CSTB,0.7637159365822161,0.9636490266952572,0.9904944236505748,0
Training_Old,ANXA1,0.22797735745278175,0.7854619558568925,0.702947528775898,0
Training_Old,SOD2,0.686841199044141,0.9411232628892084,0.9771177707765571,0
Training_Old,KRT1,0.910408570247615,0.9932478468507332,0.9969276637860056,0
Training_Old,VWF,0.4636094581636766,0.8853012437989918,0.8811300853217039,0
Training_Old,GAPDH,0.06434684409662791,0.5541385331267451,0.6335162707955508,0
Training_Old,HLA-A,0.406651247787127,0.8760527778984114,0.8929510353131702,0
Training_Old,CAPNS1,0.04670617741925608,0.5305085679144143,0.7215356127214043,0
Training_Old,HSPB1,0.01783953876678551,0.4156948185360369,0.2194627827748436,0
Training_Old,RPN1,0.929436917459777,0.9954864063133828,0.9995742814255564,0
Training_Old,RPN2,0.9864563262127182,0.9958870750292832,0.9999700076301524,0
Training_Old,GNAI2,0.6304339163730446,0.9274758320475892,0.9834662110062172,0
Training_Old,ATP1A1,0.12843400979498118,0.6762281531564756,0.7972255402980025,0
Training_Old,ATP1B1,0.29678277971833184,0.8322638465093714,0.9088090398675452,0
Training_Old,APOD,0.16817402400586554,0.7201474796005275,0.5966801200222513,0
Training_Old,ALDH2,0.5316652498895803,0.9022036585020758,0.935267664335004,0
Training_Old,S100A8,0.3881456312622106,0.8650317615028188,0.7591509961089646,0
Training_Old,SLC25A5,0.8121502871548026,0.9812174171683822,0.9956824656883942,0
Training_Old,SERPING1,0.8440389314522435,0.9839479860037118,0.9943955090536026,0
Training_Old,PCCA,0.8112943616948555,0.9812174171683822,0.9946503295659492,0
Training_Old,PCCB,0.8459166480645,0.9839479860037118,0.9961283445775844,0
Training_Old,EIF2S1,0.2915236390721578,0.8322638465093714,0.9341117411543454,0
Training_Old,RPLP1,0.9649995648318392,0.9954864063133828,0.9997292962702,0
Training_Old,RPLP2,0.1240549418662304,0.6752681371687593,0.6153106108866864,0
Training_Old,RPLP0,0.27055629729807473,0.8322638465093714,0.8195316841778635,0
Training_Old,FABP3,0.23317161244348575,0.7892866411741039,0.8049646575148409,0
Training_Old,CLEC3B,0.6460693211592808,0.9354399355909564,0.9685266766038122,0
Training_Old,SSB,0.9365984306502012,0.9954864063133828,0.9991951380167802,0
Training_Old,ITGB1,0.08836754930183546,0.6218601348680921,0.7557258419978273,0
Training_Old,KRT18,0.3162950910518109,0.8434535761381624,0.7281450458003945,0
Training_Old,KRT8,0.9913239144545364,0.9990503129660636,0.9999677434449072,0
Training_Old,MYL1,0.1697900249675288,0.7201474796005275,0.500619328598732,0
Training_Old,GSN,0.00571922059326447,0.3249336086327226,0.08684594507020746,0
Training_Old,PTMA,0.781249716080887,0.964044286843038,0.9899009434900674,0
Training_Old,ATP5F1B,0.352684392653119,0.855652243325369,0.9207100473193764,0
Training_Old,S100A9,0.2612722608447549,0.8278052680817009,0.6309030536071202,0
Training_Old,S100A6,0.09290131632344892,0.6263823289459617,0.2822916511219544,0
Training_Old,EIF4E,0.3981512318610194,0.8720728289267548,0.9395348992548512,0
Training_Old,CKM,0.23208390692333117,0.7892866411741039,0.8832943298902027,0
Training_Old,ENO1,0.2872952574922148,0.8322638465093714,0.8512190964448116,0
Training_Old,PYGL,0.7697641397215281,0.9636490266952572,0.9854181400743036,0
Training_Old,GPI,0.2312876795499538,0.7878702890475845,0.8903553452165439,0
Training_Old,NPM1,0.948197011101274,0.9954864063133828,0.999595324560066,0
Training_Old,TPM3,0.5921118188331449,0.9101456778570612,0.9100821045178924,0
Training_Old,EPHX1,0.8937280142390678,0.9920527753748756,0.9978424021407232,0
Training_Old,DBI,0.05845989067588933,0.5493760760036969,0.5132073699024355,0
Training_Old,LDHB,0.6692093554021543,0.9411232628892084,0.9689435892163288,0
Training_Old,GPX1,0.04780336302576075,0.5325118116072927,0.6485234109235701,0
Training_Old,P4HB,0.9186051285726474,0.9938126471141084,0.9993937603975146,0
Training_Old,H1-0,0.1479982615769292,0.6915317001116692,0.6369168845658022,0
Training_Old,CTSD,0.09152427691332528,0.6263823289459617,0.6866999579515028,0
Training_Old,ANXA2,0.17311011735210008,0.722976489753774,0.7776044423410162,0
Training_Old,CAPN1,0.340559582531885,0.855652243325369,0.9446574058590418,0
Training_Old,TUBB,0.01037972460038269,0.37557096919395294,0.37900316052068345,0
Training_Old,CA3,0.3838459283438832,0.8638644081028736,0.9162242041699352,0
Training_Old,DCN,0.7681696828745078,0.9636490266952572,0.9851784407806452,0
Training_Old,PSAP,0.2156123875331711,0.76701005697458835,0.7976852367041549,0
Training_Old,PFN1,0.99557336423242,0.9995600586441044,0.9999981999124332,0
Training_Old,BPGM,0.6719786783544069,0.9411232628892084,0.9744026655402146,0
Training_Old,APRT,0.29982599315261405,0.8322638465093714,0.895346102401558,0
Training_Old,EPRS1,0.9887538716929564,0.9977296593480764,0.9999914661536802,0
Training_Old,CTSB,0.16004087044313237,0.7092533704051387,0.7506459405166532,0
Training_Old,HSP90AA1,0.6213470107644605,0.9255433365518796,0.9817105069936832,0
Training_Old,UQCRH,0.5188974474516901,0.9022036585020758,0.963035395335414,0
Training_Old,TPM2,0.4118967442855387,0.8760527778984114,0.7968494638548196,0
Training_Old,FH,0.05398608564909209,0.5457266217037436,0.6959617814056854,0
Training_Old,COL1A2,0.8554054107834405,0.9894155292205404,0.9870903817788144,0
Training_Old,ANXA6,0.27434838000524836,0.8322638465093714,0.90934085435995,0
Training_Old,PFKM,0.8405908125124085,0.9839479860037118,0.9960625740775702,0
Training_Old,HSP90AB1,0.3924298360601486,0.8696871078268981,0.937888614821107,0
Training_Old,SOD3,0.04061050682477167,0.5095315396891543,0.24942108463218135,0
Training_Old,CTSG,0.8013102157550542,0.9773434346302792,0.9784156356112526,0
Training_Old,PDHA1,0.98395694652395,0.9954864063133828,0.9999786293400736,0
Training_Old,COL4A2,0.8854745421106027,0.989448788709926,0.9946792135838451,0
Training_Old,CYC1,0.4910182164304274,0.8916857034402946,0.9562379237514372,0
Training_Old,MYL3,0.9012326828637734,0.9932478468507332,0.9958774095144548,0
Training_Old,SNRNP70,0.4394021682428687,0.8796373263781408,0.9110807421325368,0
Training_Old,NFIC,0.34994521420983216,0.855652243325369,0.8728343955920296,0
Training_Old,VIM,0.33615270622845217,0.8548593030677044,0.818152791867761,0
Training_Old,SERPINF2,0.6452075208954121,0.9354399355909564,0.9697351055504302,0
Training_Old,RPS17,0.02633711030081087,0.4462991912265263,0.38130395062662614,0
Training_Old,KRT19,0.5431448990664813,0.9022036585020758,0.895008415569413,0
Training_Old,ANXA5,0.6494780295811564,0.936318917411908,0.9794272770501056,0
Training_Old,RPSA,0.02762766162494133,0.4488432411682777,0.4699810655670906,0
Training_Old,SNRPA,0.5371544187130388,0.9022036585020758,0.958431622072102,0
Training_Old,ENO2,0.14292581684022648,0.6912435967267507,0.710060305453983,0
Training_Old,ACAA1,0.44802506279160104,0.8802129605728943,0.9347101960938063,0
Training_Old,GSTP1,0.02550327230596406,0.4462991912265263,0.4824137472596002,0
Training_Old,LGALS1,0.9966883845866032,0.9995600586441044,0.9999977943899602,0
Training_Old,QDPR,0.12595062631736556,0.6762281531564756,0.7335913444453775,0
Training_Old,HMGB1,0.17126401637589625,0.7219752546624609,0.8100578084599115,0
Training_Old,RBP1,NA,NA,NA,0
Training_Old,FBP1,0.3030991921099142,0.8322638465093714,0.7568318356834017,0
Training_Old,GSTM1,0.2743800311857429,0.8322638465093714,0.4613510745697803,0
Training_Old,TPM1,0.3554053920326402,0.8575118656902375,0.7387065848375449,0
Training_Old,CLTB,0.8427212836036724,0.9839479860037118,0.9971237021016972,0
Training_Old,ANXA4,0.4554469205394118,0.8815076258918112,0.9359977588853348,0
Training_Old,HMOX1,0.4564549357410992,0.8815076258918112,0.8671216465053974,0
Training_Old,DLD,0.5510476633846352,0.9022036585020758,0.9738409142708412,0
Training_Old,HNRNPA1,0.7068082037309389,0.9496049149362232,0.9811663655975476,0
Training_Old,COX6C,0.5245981148694239,0.9022036585020758,0.9387921075373314,0
Training_Old,PARP1,0.20750868792366425,0.7569228823744022,0.8298869231972583,0
Training_Old,IFIT2,0.3492412617472589,0.855652243325369,0.878434177259565,0
Training_Old,UCHL1,0.5891354408896312,0.908364110698336,0.9367213249031678,0
Training_Old,LTA4H,0.5865759368205332,0.908364110698336,0.9772550847348176,0
Training_Old,ALDOC,0.6263395132164711,0.9255433365518796,0.9038463644199916,0
Training_Old,LIMS3,0.16181743769483803,0.7109698936461699,0.7326963509217422,0
Training_Old,HSPA1A,0.2164270033226945,0.76701005697458835,0.8449979418917313,0
Training_Old,CALM1,0.09357276756270858,0.6273831272775889,0.6916476299838182,0
Training_Old,FDX1,0.2825751142838885,0.8322638465093714,0.7519339812309831,0
Training_Old,COX8A,0.5767478411167255,0.908364110698336,0.9428524143948012,0
Training_Old,GAA,0.6753103004604255,0.9411232628892084,0.975563202768186,0
Training_Old,RRAS,0.7816219334872906,0.964044286843038,0.9928957701747174,0
Training_Old,ARAF,0.6214965423831529,0.9255433365518796,0.9544390819345444,0
Training_Old,DLAT,0.6776550379548116,0.9411232628892084,0.9890697723995544,0
Training_Old,TXN,0.41730267692954226,0.8760527778984114,0.9360001377605188,0
Training_Old,COX5B,0.3064167350742284,0.8338777421362406,0.8594403903856088,0
Training_Old,MAPT,0.4696744132385253,0.8869012694738848,0.9480880471376762,0
Training_Old,PRKAR1A,0.9800265006200488,0.9954864063133828,0.9999631975098232,0
Training_Old,ESD,0.7125316996370655,0.9518122752255262,0.9830689158249082,0
Training_Old,HSPD1,0.6244001859484969,0.9255433365518796,0.983166561126724,0
Training_Old,THRB,0.47186379462589434,0.8869012694738848,0.8163123170853058,0
Training_Old,CLU,0.6256021539085301,0.9255433365518796,0.9578936170825828,0
Training_Old,MYL2,0.4833443944907393,0.8869012694738848,0.8583485580581949,0
Training_Old,HSPA5,0.2992711697429501,0.8322638465093714,0.9134852698044368,0
Training_Old,LAMC1,0.9531837401283868,0.9954864063133828,0.9993084974230048,0
Training_Old,MYH3,0.37905599391358513,0.8638644081028736,0.6736775324910124,0
Training_Old,HSPA8,0.8137058348278086,0.9812174171683822,0.9970198009865434,0
Training_Old,EPB41,0.20168870670643915,0.7564660176718055,0.6546676700504693,0
Training_Old,PDHB,0.7531902018369561,0.9636490266952572,0.9941845358051764,0
Training_Old,DBT,0.7659267078868948,0.9636490266952572,0.9882831905219231,0
Training_Old,PYGB,0.1348865598394569,0.6762281531564756,0.7583679706650374,0
Training_Old,PYGM,0.1557842033722571,0.7076078922841695,0.7846033986469021,0
Training_Old,RALA,0.9420499151975434,0.9954864063133828,0.9995857134698384,0
Training_Old,SPTB,0.5300447522484971,0.9022036585020758,0.9470879037845092,0
Training_Old,LAMP1,0.5338748314886446,0.9022036585020758,0.963269974053301,0
Training_Old,ACADM,0.41100064918862667,0.8760527778984114,0.9180583088619636,0
Training_Old,UBL4A,0.3364741928995365,0.8548593030677044,0.8717363169818045,0
Training_Old,DMD,0.0886268468727726,0.6218601348680921,0.7056399378337588,0
Training_Old,MTHFD1,0.4752600636662633,0.8869012694738848,0.967548029746734,0
Training_Old,ADH5,0.3010929073311769,0.8322638465093714,0.888831343614465,0
Training_Old,PABPC1,0.5074490527747849,0.899754204380663,0.9699933187366944,0
Training_Old,HARS1,0.985417789986992,0.9954864063133828,0.9999796152910214,0
Training_Old,COL6A1,0.685610650141387,0.9411232628892084,0.9559458653088928,0
Training_Old,COL6A2,0.4228336426588105,0.8760527778984114,0.8027695568442127,0
Training_Old,COL6A3,0.3716574892619891,0.8638644081028736,0.7760718434117426,0
Training_Old,SLC25A4,0.7268026621418195,0.9569147359342124,0.9860741515248694,0
Training_Old,SLC25A6,0.9720504732743578,0.9954864063133828,0.999811116041656,0
Training_Old,IMPDH2,0.1722495257704627,0.722976489753774,0.8149861462983798,0
Training_Old,CKB,0.2821097683723033,0.8322638465093714,0.896970308553146,0
Training_Old,ANXA3,4.740576061518499e-4,0.16809033211750346,0.01237764034405024,-1
Training_Old,BCKDHA,0.396182303894946,0.8719454266518887,0.8879196522397372,0
Training_Old,ACTN1,0.44975137802345166,0.8805933127838554,0.7359196821171456,0
Training_Old,MYH1,0.7253750184104013,0.9569147359342124,0.9607721793516996,0
Training_Old,MYH7,0.43820388157385626,0.8796373263781408,0.8182297375903447,0
Training_Old,PEPD,0.1687912400125022,0.7201474796005275,0.7742066002854101,0
Training_Old,XRCC6,0.7681013231618318,0.9636490266952572,0.9935996158179872,0
Training_Old,XRCC5,0.3610428594812949,0.860596056115936,0.928756744531314,0
Training_Old,COX4I1,0.9315635140761148,0.9954864063133828,0.9992791738625068,0
Training_Old,IFITM1,0.364192040338573,0.8613366060415075,0.8892357361242381,0
Training_Old,LAMP2,0.3611777737609082,0.860596056115936,0.871533703234411,0
Training_Old,RNH1,0.28784388302103253,0.8322638465093714,0.8998942061057412,0
Training_Old,MYH8,0.9734758443224985,0.9954864063133828,0.9997066860087102,0
Training_Old,VCAN,0.00363415884074264,0.3249336086327226,0.17424209754698225,0
Training_Old,EEF2,0.1414316251089587,0.6882571249541954,0.8499491016758686,0
Training_Old,KRT10,0.6275464289499487,0.9255433365518796,0.937837431550236,0
Training_Old,KRT5,0.8459335952961119,0.9839479860037118,0.9896933202599488,0
Training_Old,PDIA4,0.05413293987708172,0.5457266217037436,0.41615214173954473,0
Training_Old,TPT1,0.655240009354287,0.9395802936264872,0.977803890787099,0
Training_Old,ALAD,0.528246088859627,0.9022036585020758,0.9463501574361792,0
Training_Old,LCP1,0.00348864849869667,0.3249336086327226,0.16002283859467206,0
Training_Old,PLS3,0.16442492051314708,0.7145379261805898,0.7235845351855373,0
Training_Old,APEH,0.7282969075422498,0.9569373016187448,0.9925760807181924,0
Training_Old,ETFA,0.34990252528951904,0.855652243325369,0.9003101493620149,0
Training_Old,TNNT1,0.7866672842765564,0.967641994404244,0.9791270900181892,0
Training_Old,GYS1,0.3031670579254229,0.8322638465093714,0.8835182900232834,0
Training_Old,PRKAR2A,0.7138380605905685,0.95238533415494675,0.9916494542233034,0
Training_Old,ENO3,0.11374934300750456,0.6563896514531411,0.7547802976840975,0
Training_Old,CD59,0.5604112508074126,0.9048842214871984,0.971995805822318,0
Training_Old,MIF,0.5489097015182915,0.9022036585020758,0.9584270097361994,0
Training_Old,CD99,0.06713031791873884,0.5626159977951446,0.44466973701785223,0
Training_Old,PRKCSH,0.8642840429898065,0.9894155292205404,0.9979269820580438,0
Training_Old,FDPS,0.5486175520566079,0.9022036585020758,0.978846224052826,0
Training_Old,COX7A2,0.31079020579358324,0.8383000186922706,0.8491987570343272,0
Training_Old,NID1,0.6443525788287765,0.9354399355909564,0.9507974506634568,0
Training_Old,AKR1A1,0.9416205022120724,0.9954864063133828,0.9995741133045444,0
Training_Old,PKM,0.10876558788138271,0.6536696690105152,0.747943978402813,0
Training_Old,ACYP2,0.4751676582664348,0.8869012694738848,0.9548074263956688,0
Training_Old,HSP90B1,0.14575097227906034,0.6915317001116692,0.7968999597469453,0
Training_Old,MYL6B,0.6265898087078601,0.9255433365518796,0.913831619732945,0
Training_Old,SLC2A4,0.02501653032634204,0.4462991912265263,0.2264760208350776,0
Training_Old,IDE,0.3466595559429797,0.855652243325369,0.910477003822116,0
Training_Old,COX6B1,0.4263161089160003,0.8760527778984114,0.917214254193331,0
Training_Old,HNRNPL,0.1749708488271872,0.7237452654912476,0.7794481512146758,0
Training_Old,DARS1,0.5847886573031594,0.908364110698336,0.9710851674029112,0
Training_Old,JUP,0.20310288852500835,0.7564660176718055,0.6725294104318257,0
Training_Old,UQCRB,0.4010526352022116,0.874120913877266,0.937153427926758,0
Training_Old,CPA3,0.10312750318462408,0.6473279764191526,0.49540787916110246,0
Training_Old,FABP4,0.1876361776046231,0.7424859223567235,0.7965128658539036,0
Training_Old,GLUL,0.14669335719344037,0.6915317001116692,0.6083877755063418,0
Training_Old,AKR1B1,0.22124014548812113,0.7723292351585319,0.8586037088402967,0
Training_Old,GSPT1,0.8986670298224761,0.9921509498092368,0.9989034965675726,0
Training_Old,PGAM2,0.6806940253419393,0.9411232628892084,0.9850153652923448,0
Training_Old,EZR,0.308631346996463,0.8365679697765879,0.7937463285429881,0
Training_Old,UCHL3,0.2419473253960188,0.8001304851214254,0.8613278210212378,0
Training_Old,NME1,0.09745313308861772,0.6353161094517655,0.727235217893126,0
Training_Old,RPS2,0.02295653135676429,0.4409935121139016,0.360691203350022,0
Training_Old,RPA2,0.8967538837506337,0.9921509498092368,0.99767061019081,0
Training_Old,COX7C,0.8307156832463034,0.9834489367848462,0.99386375577908,0
Training_Old,NQO2,0.44917216481381805,0.8805933127838554,0.8132108455486975,0
Training_Old,PFKFB1,0.02886336208498473,0.45538569657653694,0.28046583512636464,0
Training_Old,CBR1,0.02524895366482958,0.4462991912265263,0.4208558645206366,0
Training_Old,ANK1,0.24003871517762643,0.7983649865435387,0.7037531596521289,0
Training_Old,ACADS,0.04101342885755504,0.5095315396891543,0.338042521071336,0
Training_Old,PPP3CB,0.08133580503494067,0.5948819335268644,0.6404253095199984,0
Training_Old,ATP2A2,0.01874528913151453,0.4256994693092333,0.4023277464216829,0
Training_Old,CD36,0.5771434064207934,0.908364110698336,0.9499081771701549,0
Training_Old,FAH,0.8937063941354266,0.9920527753748756,0.9985387750770012,0
Training_Old,YBX3,0.47386460871996583,0.8869012694738848,0.946298768779603,0
Training_Old,TMEM11,0.4040143445919828,0.8760527778984114,0.9338962788476336,0
Training_Old,GOT1,0.20138112998495267,0.7564660176718055,0.8518107888765303,0
Training_Old,CKMT2,0.5885388816808081,0.908364110698336,0.963491546673366,0
Training_Old,NDUFB7,0.7094104117862423,0.950079131066927,0.9811042913347812,0
Training_Old,PRKACA,0.5119334605013718,0.9012775243515488,0.9722388653007016,0
Training_Old,CAPN2,0.02743590727545009,0.4488432411682777,0.4822837887444924,0
Training_Old,DES,0.4543899706196347,0.8815076258918112,0.8473256350358106,0
Training_Old,PFKL,0.8728110800351213,0.989448788709926,0.9968331462131972,0
Training_Old,LGALS3,0.01543477330551182,0.4057684549293098,0.2487363716966901,0
Training_Old,FLT1,0.921657555328832,0.9938126471141084,0.9965431201206282,0
Training_Old,PSMC3,0.22324824789536,0.7752315408175143,0.9016647479062972,0
Training_Old,TCP1,0.1876701726475514,0.7424859223567235,0.8489098962090971,0
Training_Old,RPL35A,0.9410275108032669,0.9954864063133828,0.9989652624071432,0
Training_Old,ARF4,0.910486093013595,0.9932478468507332,0.9981480835611324,0
Training_Old,RPL7,0.2330982327571526,0.7892866411741039,0.7318775181092135,0
Training_Old,VCL,0.275270764328698,0.8322638465093714,0.9234801438911514,0
Training_Old,RPL17,0.2685887394541487,0.8305408751495784,0.8305054047370701,0
Training_Old,PGAM1,0.6710834604953604,0.9411232628892084,0.9861828745588804,0
Training_Old,ATP5PF,0.3807686395709487,0.8638644081028736,0.9159659767465308,0
Training_Old,TSPAN8,0.00661104259400254,0.32864178077812667,0.1059675411857496,0
Training_Old,TNNI1,0.8404271536057081,0.9839479860037118,0.9893536080292156,0
Training_Old,NCL,0.8701544077638896,0.989448788709926,0.9973967428335484,0
Training_Old,HK1,0.05650381481499729,0.5457266217037436,0.6560416949633885,0
Training_Old,NDUFV2,0.798448911368826,0.9753828519627752,0.992877344294941,0
Training_Old,SRM,0.6403377188008152,0.9333286833038796,0.9392685572772724,0
Training_Old,TYMP,0.2674069169218331,0.8293148436694736,0.8410127858088949,0
Training_Old,ATP2B1,0.4245788943933164,0.8760527778984114,0.9055432849553244,0
Training_Old,EIF2S2,0.4305039359706969,0.8790448592205058,0.9432216684147382,0
Training_Old,ANXA7,0.0971743279909922,0.6353161094517655,0.7782548315075113,0
Training_Old,TPSB2,0.5633694098500326,0.9082719035139456,0.9389300640750406,0
Training_Old,BTF3,0.9825138703755424,0.9954864063133828,0.9999490386619534,0
Training_Old,RAB6A,0.5106792676725552,0.9006476993560807,0.947230320454994,0
Training_Old,PVALB,0.2833962644546056,0.8322638465093714,0.4411807639495678,0
Training_Old,PSMB1,0.9468142938635558,0.9954864063133828,0.9997899462880137,0
Training_Old,COX5A,0.709294355672623,0.950079131066927,0.9835540430606662,0
Training_Old,CAPN3,0.3814967114351613,0.8638644081028736,0.8942440267948497,0
Training_Old,CAST,0.07791050101960958,0.5918956048684009,0.6152843614526315,0
Training_Old,NEB,0.8766972992156631,0.989448788709926,0.9944875202260056,0
Training_Old,PTMS,0.8266633396081352,0.9821057538223537,0.9937608806681936,0
Training_Old,GSTM3,0.7062629971870009,0.9496049149362232,0.980791879030193,0
Training_Old,ATP6V1B2,0.36695828832645094,0.8620866573364454,0.9242048107943548,0
Training_Old,CSRP1,0.0358170387574346,0.4880360377787217,0.2430673804674132,0
Training_Old,FLNA,0.09565399172301808,0.6352868884245729,0.5329696042329091,0
Training_Old,MAOA,0.15916693904430454,0.7092533704051387,0.7000626181725321,0
Training_Old,ACO1,0.2502824128402992,0.8132253167980182,0.870392285947984,0
Training_Old,GPD1,0.6682479146802403,0.9411232628892084,0.9829780555525154,0
Training_Old,VDAC1,0.11679530280518252,0.658833727898212,0.7427064986484102,0
Training_Old,BGN,0.8735688412598586,0.989448788709926,0.9966721708327658,0
Training_Old,RYR1,0.4760261560494268,0.8869012694738848,0.957147257062408,0
Training_Old,SDHB,0.4573311725540039,0.8815076258918112,0.949299033038816,0
Training_Old,COMT,0.4704432189685867,0.8869012694738848,0.9492036138061684,0
Training_Old,TGM2,0.02927835300761576,0.4571502931492847,0.258899890258292,0
Training_Old,MMUT,0.733108245058363,0.959308930336594,0.9841560058954816,0
Training_Old,OSBP,0.7783408988402507,0.964044286843038,0.99531472646754,0
Training_Old,PCMT1,0.5818111708730338,0.908364110698336,0.9753664964243832,0
Training_Old,GART,0.5518510608650432,0.902795848603386,0.9743514029203136,0
Training_Old,PAICS,0.9315090303662134,0.9954864063133828,0.9995687645286244,0
Training_Old,SCP2,0.09312691822397348,0.6263823289459617,0.5844752124306873,0
Training_Old,UBA1,0.5044364579139307,0.8980720244440918,0.9714867898303802,0
Training_Old,GPX3,0.00537526034882518,0.3249336086327226,0.11623713440201956,0
Training_Old,NME2,0.02070347702067051,0.4373447950946092,0.4648218165708805,0
Training_Old,FDXR,0.9587086174643952,0.9954864063133828,0.9996923791194507,0
Training_Old,HNRNPA2B1,0.9671485706026368,0.9954864063133828,0.9998353144589144,0
Training_Old,UQCRC2,0.4633536719364363,0.8853012437989918,0.9545228716460082,0
Training_Old,FECH,0.7272008291545506,0.9569147359342124,0.9896563789487716,0
Training_Old,AMPD1,0.882353380474803,0.989448788709926,0.9963002690640802,0
Training_Old,FBLN1,0.3624791416476766,0.860596056115936,0.8674283062471018,0
Training_Old,SFPQ,0.40511147075326304,0.8760527778984114,0.8916672570205806,0
Training_Old,PPIB,0.02430674293577854,0.4462991912265263,0.32811877957556557,0
Training_Old,S100A1,0.822763192363205,0.9815064296357964,0.992032601704441,0
Training_Old,HRC,0.6650459931633588,0.9411232628892084,0.9855520519849,0
Training_Old,ME2,0.17529040579130692,0.7237452654912476,0.7324240815908368,0
Training_Old,WARS1,0.2101768206342932,0.7591244206420252,0.8460166726001588,0
Training_Old,RPS3,0.15619852986101823,0.7076078922841695,0.747744370982444,0
Training_Old,GCSH,0.41520492936020104,0.8760527778984114,0.9030444083639312,0
Training_Old,AHCY,0.26402144584725734,0.8278052680817009,0.8969767209185566,0
Training_Old,CFL1,0.5976621916208075,0.9123886741918024,0.9708988045422112,0
Training_Old,EIF4B,0.12108114903951248,0.6674433139600582,0.7497551922926617,0
Training_Old,ATP2B4,0.5401429758711584,0.9022036585020758,0.9667602190328948,0
Training_Old,CPT2,0.15908024133282167,0.7092533704051387,0.755509507643651,0
Training_Old,LAMA2,0.6813285325461197,0.9411232628892084,0.9691948492189932,0
Training_Old,GPT,0.10219194686502936,0.6461957837692873,0.6009508573234811,0
Training_Old,COX7A1,0.8858342965109474,0.989448788709926,0.9974750978107062,0
Training_Old,COX7B,0.870983020800887,0.989448788709926,0.9958017093469002,0
Training_Old,EEF1B2,0.41079256111016293,0.8760527778984114,0.933036391500947,0
Training_Old,ATP5PB,0.3359813406319275,0.8548593030677044,0.9167517255301592,0
Training_Old,ACP1,0.6894263978010529,0.9418295938912185,0.9864807595924984,0
Training_Old,ACAT1,0.1904768060792585,0.7477453799988734,0.8300898794072883,0
Training_Old,MYL9,0.19750080204944012,0.7564660176718055,0.5052038059610499,0
Training_Old,AZGP1,0.21026883810397007,0.7591244206420252,0.782046740566845,0
Training_Old,MPST,0.00740025197628653,0.34152102225365166,0.27143548243736243,0
Training_Old,RPS12,0.01193730221496776,0.38881039228026354,0.28232340393093186,0
Training_Old,DNAJB2,0.0806322706791367,0.5948819335268644,0.5875293599510654,0
Training_Old,ATP5F1A,0.9596962148285736,0.9954864063133828,0.99982676665205406,0
Training_Old,PSMA1,0.934866472938768,0.9954864063133828,0.9996879615521852,0
Training_Old,PSMA2,0.900830195785318,0.9932478468507332,0.9987987503283676,0
Training_Old,PSMA3,0.8840562709216658,0.989448788709926,0.998827650939478,0
Training_Old,PSMA4,0.33940532314991767,0.855652243325369,0.923257495120259,0
Training_Old,MSN,0.00760013638537955,0.34152102225365166,0.2980305518660399,0
Training_Old,DDX6,0.34238159998786477,0.855652243325369,0.9031600751954874,0
Training_Old,U2AF2,0.14368178928174413,0.6912435967267507,0.7111595780451488,0
Training_Old,RPL13,0.396338830296313,0.8719454266518887,0.8691701392665099,0
Training_Old,IVD,0.7665501726578503,0.9636490266952572,0.9908249079761804,0
Training_Old,S100A4,0.05566490336293173,0.5457266217037436,0.2822567423010721,0
Training_Old,HMGB2,0.08252269797604127,0.6009928900875833,0.600002687802407,0
Training_Old,TARS1,0.17347496195524936,0.722976489753774,0.7645607511971059,0
Training_Old,VARS1,0.12834770091531572,0.6762281531564756,0.7287812168623876,0
Training_Old,EEF1G,0.01231022815908501,0.38881039228026354,0.4842287280623171,0
Training_Old,PLN,0.44598138530476994,0.8796796312115669,0.8917664041629785,0
Training_Old,FKBP2,0.560359077401017,0.9048842214871984,0.941982370836816,0
Training_Old,STOM,0.9337431070647646,0.9954864063133828,0.9991283035820774,0
Training_Old,MAOB,0.09087494094729348,0.6263823289459617,0.6451519184261861,0
Training_Old,YWHAQ,0.6610872709890908,0.9395802936264872,0.9877841966187731,0
Training_Old,MAPK3,0.1956369475001006,0.7552877616762494,0.7752297675983858,0
Training_Old,RPL10,0.02323229045011384,0.4409935121139016,0.264121731642863,0
Training_Old,RPA1,0.28443199832922234,0.8322638465093714,0.8679730434507792,0
Training_Old,APEX1,0.400614078462213,0.8740670802811918,0.9333224281390688,0
Training_Old,CALR,0.3512076947740894,0.855652243325369,0.948540748211789,0
Training_Old,MAP4,0.7654981433884892,0.9636490266952572,0.9907706608579396,0
Training_Old,CANX,0.5459939853048216,0.9022036585020758,0.973608083612438,0
Training_Old,PSMA5,0.6160891030963066,0.925448211763442,0.9849922718039076,0
Training_Old,PSMB4,0.5802655450233088,0.908364110698336,0.9762210718774476,0
Training_Old,PSMB6,0.4684440702402546,0.8869012694738848,0.9538901143475248,0
Training_Old,PSMB5,0.3038795359845619,0.8322638465093714,0.8837524624961228,0
Training_Old,GSTM2,0.5786209937532794,0.908364110698336,0.96377587250666,0
Training_Old,TMOD1,0.6657910430216981,0.9411232628892084,0.9566395268754334,0
Training_Old,NDUFS1,0.9340298201081968,0.9954864063133828,0.9993483451266651,0
Training_Old,MAPK1,0.0086844478292538,0.35119248634787037,0.382922843500012,0
Training_Old,RBL1,0.8023078238036034,0.9773434346302792,0.9932190769859462,0
Training_Old,LAP3,0.32517849471279714,0.8520806213814237,0.924680374138196,0
Training_Old,CD38,0.7023980285043827,0.949113650800548,0.9784324186665596,0
Training_Old,TPP2,0.8950741139294525,0.9921509498092368,0.9987699967435936,0
Training_Old,IMPA1,0.29114969287860254,0.8322638465093714,0.9184215964888784,0
Training_Old,EPHA2,0.8824916453080202,0.989448788709926,0.9955316790278392,0
Training_Old,COL4A5,0.6557993636458435,0.9395802936264872,0.920303892471262,0
Training_Old,TKT,0.3329132000289148,0.8548593030677044,0.8571617480417699,0
Training_Old,EEF1D,0.5501995982266374,0.9022036585020758,0.9759219008823116,0
Training_Old,MARCKS,0.29967628166886234,0.8322638465093714,0.850406242039372,0
Training_Old,GNA11,0.19992796756533457,0.7564660176718055,0.7114995567636855,0
Training_Old,ALDH4A1,0.5733979177127226,0.908364110698336,0.9707664163466926,0
Training_Old,ERP29,0.3342715894694698,0.8548593030677044,0.901069960877162,0
Training_Old,PRDX6,0.04792032111245323,0.5325118116072927,0.5751953857552324,0
Training_Old,BLVRB,0.6826863415227244,0.9411232628892084,0.9841998799430776,0
Training_Old,PRDX5,0.31937171726939795,0.845362329296126,0.9103982630095514,0
Training_Old,DDT,0.6986467298704064,0.9464668976820388,0.976097789914838,0
Training_Old,PRDX3,0.04150443895729492,0.5100135337386771,0.6475823670212808,0
Training_Old,ATP5F1D,0.6330662001424918,0.9293024173781588,0.9754726459215024,0
Training_Old,RPL12,0.13659338990483405,0.6762281531564756,0.5274132657400284,0
Training_Old,ECHS1,0.911452479032866,0.9932478468507332,0.9990957198432447,0
Training_Old,CMPK1,0.6705646314939012,0.9411232628892084,0.9727762626499452,0
Training_Old,PEBP1,0.02316436780271718,0.4409935121139016,0.49979064782360466,0
Training_Old,PDIA3,0.0730083255196516,0.5779534700958772,0.7030790016992732,0
Training_Old,PPP2R1A,0.8809795210210848,0.989448788709926,0.9989948545423174,0
Training_Old,PPIF,0.8353728184621279,0.9834489367848462,0.9950929570312776,0
Training_Old,NMT1,0.22586591496079608,0.7794588437862767,0.8225659462785921,0
Training_Old,ADSS2,0.4436274694509841,0.8796796312115669,0.9175098942243424,0
Training_Old,LRPAP1,0.9734228952581048,0.9954864063133828,0.999888112230768,0
Training_Old,TSPO,0.957927625890417,0.9954864063133828,0.9997364704272984,0
Training_Old,ADSL,0.2442892355499636,0.8011473066483278,0.8609116381041705,0
Training_Old,CLIP1,0.22090310522729775,0.7723292351585319,0.8347376851561483,0
Training_Old,SRI,0.459865722771024,0.8827663660859664,0.931687047415904,0
Training_Old,SERPINB1,0.6494825823903624,0.936318917411908,0.9746238430730224,0
Training_Old,ALDH1B1,0.110505724702002,0.6536696690105152,0.4087019738635178,0
Training_Old,SDHA,0.845569660736324,0.9839479860037118,0.9973190343401253,0
Training_Old,GDI1,0.03805133721156613,0.4960766925359733,0.644370434446187,0
Training_Old,MAT2A,0.12313339073514332,0.6737246664057583,0.8109650813732417,0
Training_Old,CASQ1,0.13339143994039154,0.6762281531564756,0.6266053042746466,0
Training_Old,DNAJA1,0.5814659252652227,0.908364110698336,0.9610102183551752,0
Training_Old,AKT2,0.06435667242159919,0.5541385331267451,0.4952499334108323,0
Training_Old,UQCRC1,0.42442437835053726,0.8760527778984114,0.944941503655806,0
Training_Old,HIBADH,0.8468708938495162,0.9840360199581636,0.9978677779301456,0
Training_Old,ATIC,0.29162410210838663,0.8322638465093714,0.90627542781671,0
Training_Old,HNRNPH3,0.4149365337804355,0.8760527778984114,0.8931491875487402,0
Training_Old,HNRNPH1,0.05775223623331457,0.5493760760036969,0.5973122943978435,0
Training_Old,YWHAB,0.5496579180055828,0.9022036585020758,0.9768971228204388,0
Training_Old,STIP1,0.9537881722740074,0.9954864063133828,0.999833235186407,0
Training_Old,S100A11,0.215892861114762,0.76701005697458835,0.7448704066000189,0
Training_Old,PRDX2,0.42641205287858286,0.8760527778984114,0.9531053672265402,0
Training_Old,GBP2,0.7207341290423404,0.9555495797472836,0.9821687228938636,0
Training_Old,ACSL1,0.5321159172114138,0.9022036585020758,0.9665269550274276,0
Training_Old,KIF5B,0.02307791021464642,0.4409935121139016,0.4474808663079345,0
Training_Old,MCM5,0.8448881835129829,0.9839479860037118,0.9910797521296384,0
Training_Old,SHMT1,0.2059050013214616,0.756841664672708,0.6773350122805566,0
Training_Old,SHMT2,0.04939278417475368,0.5377193823560813,0.4118728355834403,0
Training_Old,HSPA4,0.6914286810293673,0.9433445570633228,0.9898388180397748,0
Training_Old,MPI,0.25881819440416504,0.827145827681635,0.8851771704508585,0
Training_Old,GPC1,0.0266875347269876,0.4468450384357174,0.35656761016660043,0
Training_Old,PFN2,0.8211212192250344,0.9815064296357964,0.9958009779317952,0
Training_Old,CTNNA1,0.9213305666809848,0.9938126471141084,0.9985278374955052,0
Training_Old,SERPINB6,0.29360549415662274,0.8322638465093714,0.8857311997306391,0
Training_Old,RDX,0.1524311339473977,0.7013824725422744,0.8268973918658505,0
Training_Old,RPA3,0.9186928718943878,0.9938126471141084,0.9988267561523752,0
Training_Old,RPL22,0.00511114508703953,0.3249336086327226,0.1316934261936935,0
Training_Old,SPR,0.4260525460527673,0.8760527778984114,0.9142883445675049,0
Training_Old,THBS4,0.01774692545933885,0.4156948185360369,0.1472989278849556,0
Training_Old,FBN1,0.1171063192709297,0.658833727898212,0.44183458169176065,0
Training_Old,AGL,0.5958832019632783,0.9123886741918024,0.97911795396435,0
Training_Old,MYH9,0.03116933816926941,0.4571502931492847,0.3190347975663078,0
Training_Old,COPB2,0.1868702537813741,0.7424859223567235,0.7848868540458371,0
Training_Old,ACTN2,0.31844060596306684,0.8449077384346698,0.5680587087036939,0
Training_Old,ADD1,0.6779114048387578,0.9411232628892084,0.9732849391756352,0
Training_Old,BSG,0.1240049116313634,0.6752681371687593,0.7595975332447358,0
Training_Old,FUS,0.9077556417686036,0.9932478468507332,0.9991639505382256,0
Training_Old,DEK,0.9348245674116038,0.9954864063133828,0.99940036315387,0
Training_Old,MYH11,0.10986868353039377,0.6536696690105152,0.3679141105083296,0
Training_Old,GLRX,0.32840067597606737,0.854165305001791,0.8257124491761286,0
Training_Old,PPM1A,0.736052858661768,0.9605279217845626,0.992940215812149,0
Training_Old,KRT2,0.6801255581567118,0.9411232628892084,0.9551110626343884,0
Training_Old,HMGCL,0.9533353236330802,0.9954864063133828,0.9996948789906804,0
Training_Old,PSMC2,0.33925388919893884,0.855652243325369,0.9456930904907648,0
Training_Old,ARL3,0.4075990064448032,0.8760527778984114,0.9246762556839974,0
Training_Old,MAP2K2,0.3035690957185943,0.8322638465093714,0.8979575351447079,0
Training_Old,ATP5F1C,0.7111623273659144,0.9513809771620588,0.9887410940073712,0
Training_Old,ATP6V1E1,0.8824795660119615,0.989448788709926,0.9972326694517432,0
Training_Old,RPL4,0.3038207373371334,0.8322638465093714,0.7984032378367181,0
Training_Old,LONP1,0.9695458097904376,0.9954864063133828,0.999883319467133,0
Training_Old,PGM1,0.4897626934887723,0.8909378196798339,0.9596548743972586,0
Training_Old,PPP1CC,0.17763198556377202,0.728027005237773,0.6796293121752836,0
Training_Old,SERPINF1,0.906698446336604,0.9932478468507332,0.9983205335927722,0
Training_Old,DLST,0.8831439147321218,0.989448788709926,0.9985149888881109,0
Training_Old,GMPR,0.8895247262557276,0.9903406546400088,0.9978583086034224,0
Training_Old,GPX4,0.5296779008733232,0.9022036585020758,0.9660796861427012,0
Training_Old,SRP14,0.4709223308167877,0.8869012694738848,0.9406735554411648,0
Training_Old,TAGLN2,0.00727708598231211,0.34152102225365166,0.31961549685595153,0
Training_Old,TALDO1,0.0364530424719873,0.49037468599259354,0.6008060657916262,0
Training_Old,SNCA,0.6922225436326275,0.9438179549077528,0.9463299974942364,0
Training_Old,ETFB,0.7155783303672594,0.9528773952365922,0.985542656339524,0
Training_Old,ATP6V1A,0.12874377283423236,0.6762281531564756,0.7595867525978374,0
Training_Old,HSPA9,0.03078985659268433,0.4571502931492847,0.5889924186434891,0
Training_Old,RPS19,0.02641448811710027,0.4462991912265263,0.44890835524323913,0
Training_Old,RPL3,0.4583015087130077,0.8823452929825636,0.8668495965215878,0
Training_Old,COL15A1,0.13401025384839124,0.6762281531564756,0.5330044191467765,0
Training_Old,COL18A1,0.743771868210633,0.9609873917995628,0.981202934648466,0
Training_Old,DDOST,0.06254689112483239,0.5541385331267451,0.6447299793746123,0
Training_Old,ANP32A,0.5651652743966022,0.908276497922918,0.9725035043996304,0
Training_Old,CAPG,0.04841016469157206,0.5325118116072927,0.25891727917546153,0
Training_Old,CAP2,0.6589547329534605,0.9395802936264872,0.9799915697269772,0
Training_Old,CCT6A,0.05737158364129549,0.548275043667041,0.621868753915178,0
Training_Old,RPL13A,0.32768443505623235,0.854165305001791,0.8060162736212849,0
Training_Old,ARL1,0.494541212181174,0.8939531382076433,0.8390267839289562,0
Training_Old,STAT3,0.7648962171574547,0.9636490266952572,0.9918964006387204,0
Training_Old,MDH1,0.07281647730262117,0.5779534700958772,0.7016028213833626,0
Training_Old,MDH2,0.5978705503786397,0.9123886741918024,0.9765747807661262,0
Training_Old,HADHA,0.3634714403671472,0.860596056115936,0.926364119194344,0
Training_Old,EIF2S3,0.5986215883237096,0.9128438949744944,0.9691223357155124,0
Training_Old,NAA10,0.11848940258018002,0.6615935652431485,0.6920268139306825,0
Training_Old,PPP1R2,0.279144905519428,0.8322638465093714,0.8686039535684628,0
Training_Old,GARS1,0.1382297712110796,0.6762281531564756,0.7121524248029739,0
Training_Old,IARS1,0.6491503720088102,0.936318917411908,0.9750969574518132,0
Training_Old,EIF1,0.20635134328708848,0.756841664672708,0.7817283537379569,0
Training_Old,ECI1,0.2849794271661042,0.8322638465093714,0.8989289318736936,0
Training_Old,TMPO,0.01119040323966997,0.38744478101939334,0.1572717892789989,0
Training_Old,AKR1C3,0.718595986494625,0.9545124047022944,0.9778266697798784,0
Training_Old,RPS27,0.7052249508665029,0.9496049149362232,0.98787644024027,0
Training_Old,LRPPRC,0.19926957211175245,0.7564660176718055,0.8324952336160927,0
Training_Old,ACAA2,0.1496077106274278,0.6929199229059815,0.761545280735365,0
Training_Old,RPL35,0.15423152563320622,0.7057171510226663,0.6343943797185724,0
Training_Old,SLC1A4,0.8236256344041959,0.9815064296357964,0.9930788683866854,0
Training_Old,PAFAH1B1,0.6617487921394866,0.939887995291591,0.9782165413553492,0
Training_Old,CRAT,0.630496909101057,0.9274758320475892,0.9801086518056924,0
Training_Old,GPD2,0.1688966588879338,0.7201474796005275,0.7480334459296503,0
Training_Old,NAMPT,0.03017356680867135,0.4571502931492847,0.2515921940110163,0
Training_Old,PSMC4,0.36613414537436806,0.862068355664064,0.9369658524987564,0
Training_Old,TSFM,0.327738024115236,0.854165305001791,0.856803443070009,0
Training_Old,TNNT3,0.3363248210963097,0.8548593030677044,0.7302170568331576,0
Training_Old,ASPA,0.5591522921548533,0.9048842214871984,0.9582947938190745,0
Training_Old,PPIC,0.6340073069339691,0.9298773835031546,0.9614577316758942,0
Training_Old,VDAC2,0.6165467344873271,0.9254774010214888,0.978458787917806,0
Training_Old,ACADSB,0.4787968438056991,0.8869012694738848,0.9260184053602916,0
Training_Old,USP5,0.3699103909704956,0.8638644081028736,0.937199245140936,0
Training_Old,MAP2K4,0.36276288298776393,0.860596056115936,0.9267814496887274,0
Training_Old,PHKA2,0.00289864657628985,0.30609707845620915,0.12296856510566596,0
Training_Old,PHKA1,0.0221576202049461,0.4409935121139016,0.4208928393672144,0
Training_Old,CRKL,0.1339497156831195,0.6762281531564756,0.7821981506989483,0
Training_Old,MTIF2,0.09751920850532836,0.6353161094517655,0.717788960867207,0
Training_Old,BAG6,0.41615527358440785,0.8760527778984114,0.9277420570274328,0
Training_Old,NSF,0.20959282298537385,0.7591244206420252,0.7733016187592733,0
Training_Old,MAP2K3,0.5542632955862061,0.903243889103447,0.9727076409165508,0
Training_Old,RPL27A,0.9437158881483044,0.9954864063133828,0.9992696958053991,0
Training_Old,RPL5,0.4296021620079448,0.8790448592205058,0.8890118220776546,0
Training_Old,RPL28,0.3904594549587634,0.8662293790681809,0.8833746050479552,0
Training_Old,RPS9,0.296238342351938,0.8322638465093714,0.8494851268940725,0
Training_Old,RPS5,0.1901496085509009,0.7477453799988734,0.7926748891294613,0
Training_Old,RPS10,0.09143975928985608,0.6263823289459617,0.5356902766863753,0
Training_Old,GNPDA1,0.2392902154338001,0.7983649865435387,0.853464024021332,0
Training_Old,UTRN,0.7686207853873545,0.9636490266952572,0.990589466905598,0
Training_Old,IQGAP1,7.23861873755761e-4,0.16809033211750346,0.05582331627599237,0
Training_Old,GYG1,0.8979771823901747,0.9921509498092368,0.9988226049833376,0
Training_Old,STT3A,0.3307452669970945,0.8548593030677044,0.9013831564030844,0
Training_Old,CAPZA2,0.825357679466465,0.9815064296357964,0.9941490219171304,0
Training_Old,CAPZB,0.5533026021922444,0.9030773872803892,0.9416828835305728,0
Training_Old,EIF1AX,0.717969608766251,0.9545124047022944,0.987922609827162,0
Training_Old,QARS1,0.19991343327075073,0.7564660176718055,0.8840863522113593,0
Training_Old,RPL29,0.3862471241093024,0.8641461081767443,0.8383437783258976,0
Training_Old,UQCRFS1,0.11548753488286952,0.658833727898212,0.7560383314262004,0
Training_Old,ATP5PO,0.8910327600355894,0.9904532574711392,0.99861830126157,0
Training_Old,LIMS1,0.6138554806808203,0.9227493061906707,0.9801809933292916,0
Training_Old,PREP,0.5242029583926653,0.9022036585020758,0.9644778702567256,0
Training_Old,ME1,0.0536136718246848,0.5457266217037436,0.5960189940182818,0
Training_Old,PIP4K2A,0.985565529185346,0.9954864063133828,0.9999745303737662,0
Training_Old,ARCN1,0.9564990834569972,0.9954864063133828,0.9996963923086976,0
Training_Old,LSS,0.7422261213789801,0.9605279217845626,0.9897836903340628,0
Training_Old,GCLM,0.4357333516904592,0.8796373263781408,0.894133667224051,0
Training_Old,CD151,0.6082415079533313,0.9188884583672644,0.9579736518062344,0
Training_Old,PSMD8,0.9778736196354204,0.9954864063133828,0.9999407975493092,0
Training_Old,GSS,0.37351590637479426,0.8638644081028736,0.9187971133124644,0
Training_Old,CCT5,0.01066962980664639,0.37557096919395294,0.4807564851555623,0
Training_Old,NES,0.6358011865919968,0.9301534170651272,0.8837077442328887,0
Training_Old,IDH2,0.9089108941004004,0.9932478468507332,0.9991302235155322,0
Training_Old,TNNI2,0.36104220099850626,0.860596056115936,0.7620653717004783,0
Training_Old,PXN,0.9982207232608876,0.9995600586441044,0.9999995521636156,0
Training_Old,ALDH9A1,0.09892308958690456,0.6353161094517655,0.6809075657396838,0
Training_Old,RPL34,0.5163139129388663,0.9021859018459396,0.8945817092203844,0
Training_Old,LMAN1,0.743769176890009,0.9609873917995628,0.9898040508421804,0
Training_Old,FNTA,0.1047822716448444,0.6487742209099475,0.7170776886357949,0
Training_Old,CCT3,0.04500911833020996,0.525189270239798,0.6600645789520753,0
Training_Old,MRPL19,0.8971686290224925,0.9921509498092368,0.9977987665888688,0
Training_Old,TUFM,0.00517788528545143,0.3249336086327226,0.2749540812647988,0
Training_Old,ALDH7A1,0.6930455996157976,0.9443305202506868,0.977983201672737,0
Training_Old,CDC34,0.8153582230731585,0.9812174171683822,0.9885444449162905,0
Training_Old,PCYT1A,0.1495872449584668,0.6929199229059815,0.781031507645107,0
Training_Old,AARS1,0.7854655127102649,0.9667267848741722,0.9949686990583924,0
Training_Old,CARS1,0.8697154174107484,0.989448788709926,0.997453461670169,0
Training_Old,SARS1,0.37175668812400886,0.8638644081028736,0.9043452905763574,0
Training_Old,PSMB3,0.9803876941971084,0.9954864063133828,0.999957168206926,0
Training_Old,PSMB2,0.957203976187292,0.9954864063133828,0.999842589618813,0
Training_Old,ACADVL,0.296216748003209,0.8322638465093714,0.8990903283661389,0
Training_Old,ACOT2,0.6360698363038947,0.9301534170651272,0.9787177791594578,0
Training_Old,TMED10,0.2294174664178896,0.7855048464935668,0.8232087206905682,0
Training_Old,HINT1,0.8608874428582024,0.9894155292205404,0.9969092845683668,0
Training_Old,NDUFV1,0.917267321307376,0.9938126471141084,0.9989239155187164,0
Training_Old,GSK3A,0.11729236822430288,0.658833727898212,0.6632572785816186,0
Training_Old,GSK3B,0.18653094854980093,0.7424859223567235,0.8402894958745151,0
Training_Old,IDH3A,0.01594561471971434,0.4057684549293098,0.3937034049317753,0
Training_Old,SULT1A1,0.3838781270718895,0.8638644081028736,0.8536137508600795,0
Training_Old,GDI2,0.3174681043858945,0.8449077384346698,0.9337037800655746,0
Training_Old,EMD,0.6603054174424583,0.9395802936264872,0.981377593376076,0
Training_Old,CPT1A,0.1967142025000671,0.7564660176718055,0.6990154594672503,0
Training_Old,SERPINH1,0.10402924479892682,0.6481114012251724,0.15828413282162496,0
Training_Old,CSRP3,0.00788191205408963,0.3468041303799441,0.08698381283234465,0
Training_Old,ST13,0.2294775048705164,0.7855048464935668,0.8950669078724527,0
Training_Old,DNM2,0.5129429849765916,0.9012775243515488,0.9584094464501592,0
Training_Old,METAP2,0.02785872269442689,0.44914215519564576,0.623379196207176,0
Training_Old,NUDT2,0.08437788195483954,0.6040884294529529,0.31551750870756473,0
Training_Old,LRBA,0.704418065969161,0.9496049149362232,0.9319285960026712,0
Training_Old,BCAM,0.4970356887548041,0.8939531382076433,0.9432050827823244,0
Training_Old,RPL14,0.6069157793476667,0.9177320826812078,0.9494705839274642,0
Training_Old,CCT8,0.07022205627364006,0.5730936960236189,0.7470220707432548,0
Training_Old,CCT4,0.01918464586493078,0.4310422560290832,0.5066199629045508,0
Training_Old,ATP1A2,0.6595767193040181,0.9395802936264872,0.98728292926353,0
Training_Old,ANXA11,0.6743893957002484,0.9411232628892084,0.9895542218956505,0
Training_Old,FXR1,0.34558622107370507,0.855652243325369,0.8485021740832307,0
Training_Old,RAB5C,0.3831980528827511,0.8638644081028736,0.9014096360663016,0
Training_Old,RAB7A,0.7757735798635875,0.964044286843038,0.9957770531217456,0
Training_Old,DUSP3,0.6869189281715924,0.9411232628892084,0.9876660750062822,0
Training_Old,IDH3G,0.06295084025363906,0.5541385331267451,0.517815920559378,0
Training_Old,GALK1,0.14795223958807657,0.6915317001116692,0.6989432226216349,0
Training_Old,SSR4,0.20090163420869908,0.7564660176718055,0.6909314448595468,0
Training_Old,BCAP31,0.28992413668203376,0.8322638465093714,0.9206197050613716,0
Training_Old,MECP2,0.00277886648019291,0.30609707845620915,0.08851579810777258,0
Training_Old,CAV2,0.08042539471546516,0.5948819335268644,0.4048982311475357,0
Training_Old,ALDH3A2,0.7731278983537138,0.9638997174280068,0.992532489391202,0
Training_Old,ALDH5A1,0.47910429687356626,0.8869012694738848,0.946359076721624,0
Training_Old,HSD17B4,0.9579292680127924,0.9954864063133828,0.9995462483990926,0
Training_Old,PSMD7,0.05323314912833279,0.5457266217037436,0.5929862063451539,0
Training_Old,UBE2D1,0.0038922143412417,0.3249336086327226,0.18230627922835593,0
Training_Old,SUOX,0.10470478217664544,0.6487742209099475,0.6600825248666781,0
Training_Old,STAT5B,0.04254484744196212,0.5100135337386771,0.5881533140481401,0
Training_Old,RPS6KA3,0.3951812617089656,0.8719454266518887,0.9248813652085592,0
Training_Old,HDGF,0.37667841577471406,0.8638644081028736,0.9257148898888212,0
Training_Old,LUM,0.3624474983771241,0.860596056115936,0.880655735496986,0
Training_Old,PRELP,0.8079699551112541,0.9802322444594548,0.9901900500443166,0
Training_Old,NDUFA8,0.918840093319677,0.9938126471141084,0.9988712057781984,0
Training_Old,HNRNPA3,0.3756853505636857,0.8638644081028736,0.8802770148922537,0
Training_Old,MYOM1,0.5576307613004017,0.9048014892038364,0.9448906791711094,0
Training_Old,PGD,0.9692571577280036,0.9954864063133828,0.9998823914643176,0
Training_Old,HNRNPM,0.09167208722802075,0.6263823289459617,0.6092565097778639,0
Training_Old,KPNA1,0.1185703693031976,0.6615935652431485,0.7198837099535864,0
Training_Old,MAP2K6,0.8228840674049599,0.9815064296357964,0.995488845802548,0
Training_Old,ARHGDIA,0.15995406440767604,0.7092533704051387,0.8283117813779551,0
Training_Old,ARHGDIB,0.2846385807957442,0.8322638465093714,0.8274403383073473,0
Training_Old,RIDA,0.02153591794026485,0.4373447950946092,0.5361697903916269,0
Training_Old,MRPL12,0.8215554618053628,0.9815064296357964,0.9908830638770226,0
Training_Old,THOP1,0.4187066811183596,0.8760527778984114,0.9520750912009548,0
Training_Old,AKR1C2,0.3536857994427307,0.855652243325369,0.8121910845675508,0
Training_Old,CAPZA1,0.528077480053352,0.9022036585020758,0.9339931067901976,0
Training_Old,CRIP2,0.10266026937074416,0.6472193698836171,0.5274439622904514,0
Training_Old,BLVRA,0.5739003796178472,0.908364110698336,0.9697092798119084,0
Training_Old,PPP5C,0.7741869154747856,0.964044286843038,0.994610896624391,0
Training_Old,NUBP1,0.4322407691232806,0.8790448592205058,0.91798974638512,0
Training_Old,SUCLG1,0.9948008341301138,0.9995600586441044,0.999996864589116,0
Training_Old,COPA,0.6484837304317133,0.936318917411908,0.9808261751068738,0
Training_Old,HCCS,0.9292428040860404,0.9954864063133828,0.99944034219115,0
Training_Old,MAPK12,0.1778849152240354,0.728027005237773,0.7562355089449463,0
Training_Old,TTC3,0.9097061724593504,0.9932478468507332,0.9975388412636884,0
Training_Old,SMTN,0.4729340983412891,0.8869012694738848,0.9354461829387436,0
Training_Old,SLC16A1,0.31170162472297197,0.839686009457802,0.8190975533017356,0
Training_Old,IST1,0.3625914459118357,0.860596056115936,0.9350392615696428,0
Training_Old,SEC24C,0.9133198290746702,0.9938126471141084,0.9991371510913842,0
Training_Old,SUB1,0.5396971152362584,0.9022036585020758,0.9702117498388296,0
Training_Old,RARS1,0.7542061370163388,0.9636490266952572,0.9918719060793312,0
Training_Old,CACNB3,0.684570396620809,0.9411232628892084,0.9867094298622971,0
Training_Old,CACNA2D1,0.4120037399131172,0.8760527778984114,0.9442147161186356,0
Training_Old,MYOM2,0.20552191655780216,0.756841664672708,0.7539486874222192,0
Training_Old,YARS1,0.4128854359675117,0.8760527778984114,0.9129707183038746,0
Training_Old,USP14,0.5359276466286576,0.9022036585020758,0.9792767727504889,0
Training_Old,PRKAG1,0.11198958673712424,0.6546278162361698,0.7440874865648063,0
Training_Old,PRKAA2,0.7755629954488654,0.964044286843038,0.99434016817968,0
Training_Old,HSPA2,0.7552927551911159,0.9636490266952572,0.9820815327013503,0
Training_Old,RAD23A,0.00890366975714036,0.35119248634787037,0.4127256048857883,0
Training_Old,RAD23B,0.6234914021160134,0.9255433365518796,0.9838390966798948,0
Training_Old,AK2,0.9327088743608044,0.9954864063133828,0.9994363507104648,0
Training_Old,NAPA,0.3714870132132296,0.8638644081028736,0.9526848261115536,0
Training_Old,EIF5,0.8142539081967415,0.9812174171683822,0.995138273369421,0
Training_Old,PSMD4,0.8391035436389631,0.9839479860037118,0.9976672035891082,0
Training_Old,DRG2,0.06679279168752662,0.5626159977951446,0.2885607678339521,0
Training_Old,RRAD,0.05641797383813322,0.5457266217037436,0.2377118206669035,0
Training_Old,CSE1L,0.14362844691748586,0.6912435967267507,0.8083302976759914,0
Training_Old,VCP,0.9467266327230244,0.9954864063133828,0.9997534330767296,0
Training_Old,HADHB,0.15537562963870913,0.7076078922841695,0.8169611432194785,0
Training_Old,NAP1L1,0.5386561087419683,0.9022036585020758,0.9620614633639156,0
Training_Old,ADK,0.02078961144530588,0.4373447950946092,0.3136178004467857,0
Training_Old,LAMB2,0.7412165923364177,0.9605279217845626,0.9735918372235252,0
Training_Old,CDH13,0.13809811497727784,0.6762281531564756,0.7211445311799426,0
Training_Old,TPD52,0.01447006565447701,0.4057684549293098,0.07957145102179586,0
Training_Old,SEC13,0.5336060334611723,0.9022036585020758,0.9592556811938442,0
Training_Old,SNU13,0.1035969962261712,0.6473279764191526,0.6558277597837202,0
Training_Old,NPEPPS,0.1567994761311512,0.7076078922841695,0.8171585046384974,0
Training_Old,HNRNPH2,0.4655689428096521,0.8862205358776563,0.9254411134419148,0
Training_Old,OXCT1,0.10505718918144036,0.6487742209099475,0.4634722364543766,0
Training_Old,SH3BGR,0.8300774748083228,0.9834489367848462,0.995349184918729,0
Training_Old,EIF3B,0.7247893035874728,0.9569147359342124,0.9893120749546268,0
Training_Old,ATP5MF,0.09468635306958716,0.6328404357055952,0.6205347986137855,0
Training_Old,NDUFV3,0.45744903313325047,0.8815076258918112,0.9011743576980014,0
Training_Old,MARS1,0.09622838551504131,0.6353161094517655,0.6145274368246363,0
Training_Old,ARPP19,0.9720787998021811,0.9954864063133828,0.9998555619423124,0
Training_Old,ATP5F1E,0.7160115654547689,0.9528773952365922,0.9865657848630836,0
Training_Old,ATP5ME,0.8434520739278387,0.9839479860037118,0.9966008132953512,0
Training_Old,EIF6,0.771412440219019,0.9636490266952572,0.9936032859551864,0
Training_Old,NDUFA6,0.38363124900305945,0.8638644081028736,0.8821698971158864,0
Training_Old,SYNJ2BP,0.9777097273480668,0.9954864063133828,0.9999373551563936,0
Training_Old,EEFSEC,0.02301341852489756,0.4409935121139016,0.25126676839735296,0
Training_Old,MTPN,0.4302731984246456,0.8790448592205058,0.9482935825637926,0
Training_Old,DEFA3,0.9719213681002492,0.9954864063133828,0.9997775795927312,0
Training_Old,ARPC4,0.5172998182076362,0.9022036585020758,0.9545757921873772,0
Training_Old,CD81,0.4235634293775259,0.8760527778984114,0.873737974484636,0
Training_Old,TPI1,0.991481749989048,0.9990503129660636,0.9999931921022622,0
Training_Old,EIF3E,0.2831516267406277,0.8322638465093714,0.8348951511844784,0
Training_Old,SEC61B,0.1359275429117614,0.6762281531564756,0.3776865608876102,0
Training_Old,GABARAPL2,0.4555662620962867,0.8815076258918112,0.9046034074132115,0
Training_Old,ROMO1,0.31367496237703796,0.8409231970169827,0.8084950992730243,0
Training_Old,MYL6,0.2979285705924588,0.8322638465093714,0.7387431756778012,0
Training_Old,ACTB,0.33824191113341806,0.8555292410943461,0.7672552247564367,0
Training_Old,EIF4A1,0.9438610479508645,0.9954864063133828,0.999669028280611,0
Training_Old,RPS20,0.07755885276304675,0.5918956048684009,0.6097430804175143,0
Training_Old,PRPS1,0.7145867372177453,0.9525395487180912,0.9844593339422016,0
Training_Old,PSMA6,0.7488959469340102,0.9636490266952572,0.9930817703897558,0
Training_Old,S100A10,0.35187866668670054,0.855652243325369,0.8977446742485101,0
Training_Old,CDC42,0.3859685774642869,0.8641461081767443,0.9223363740980234,0
Training_Old,DSTN,0.2561521156252453,0.827145827681635,0.7645870647755355,0
Training_Old,RAB2A,0.05465528472257722,0.5457266217037436,0.5776739708679829,0
Training_Old,RAB5B,0.0989673295500146,0.6353161094517655,0.7000005608757068,0
Training_Old,RAB10,0.4371910378430064,0.8796373263781408,0.94291437852609,0
Training_Old,UBE2D3,0.20830923614140057,0.758532942639031,0.8067254839330561,0
Training_Old,UBE2M,0.12823522999636158,0.6762281531564756,0.7987130169111467,0
Training_Old,UBE2K,0.03225023272966727,0.4665239145551868,0.5326601063257163,0
Training_Old,UBE2N,0.14906740860239007,0.6929199229059815,0.7879749012775314,0
Training_Old,RAB14,0.4666338535408645,0.8869012694738848,0.9417609665869006,0
Training_Old,ACTR3,0.2596579942011951,0.827145827681635,0.8758609846491126,0
Training_Old,ACTR2,0.03669955143482451,0.49056615588828706,0.5545175522624619,0
Training_Old,ACTR1A,0.09847411485725818,0.6353161094517655,0.7421378052685375,0
Training_Old,COPS2,0.70646154116134,0.9496049149362232,0.9909410974889634,0
Training_Old,ABCE1,0.1220778907007216,0.6696844289868156,0.6660941564145709,0
Training_Old,RAP1B,0.8599854931279086,0.9894155292205404,0.9975316479670232,0
Training_Old,RPS3A,0.0121254526920591,0.38881039228026354,0.30608498277944735,0
Training_Old,RPL26,0.7414887422488917,0.9605279217845626,0.9822230681336512,0
Training_Old,RPL15,0.7241810386426515,0.9569147359342124,0.981922467452228,0
Training_Old,RPL27,0.9210955150950174,0.9938126471141084,0.9980786840918806,0
Training_Old,PCBD1,0.35338463930570596,0.855652243325369,0.9227696729316824,0
Training_Old,RPL37A,0.01361268397144534,0.403202565680754,0.15177453975996197,0
Training_Old,RHOA,0.1807731215273735,0.7328077402414832,0.832795189529862,0
Training_Old,HSPE1,0.02138715617605667,0.4373447950946092,0.4373469655937876,0
Training_Old,SEC61A1,0.480740444160511,0.8869012694738848,0.8999406604278322,0
Training_Old,VBP1,0.24687187567668928,0.8052782194692675,0.8729760547269798,0
Training_Old,B2M,0.768867485172493,0.9636490266952572,0.9920352144334847,0
Training_Old,DAD1,0.3018891705181,0.8322638465093714,0.8122065011562403,0
Training_Old,NPC2,0.7878217096436607,0.9684979340904608,0.9884184433715822,0
Training_Old,PKIA,0.1917868224476524,0.748189951683547,0.8000969821286544,0
Training_Old,SUMO2,0.3950470066463536,0.8719454266518887,0.8989984583015855,0
Training_Old,UFM1,0.3824678703553145,0.8638644081028736,0.8989292786229801,0
Training_Old,NUTF2,0.18773081559587612,0.7424859223567235,0.8339395120008547,0
Training_Old,HNRNPK,0.2813422794838212,0.8322638465093714,0.9021468651688936,0
Training_Old,YWHAG,0.47799561218331776,0.8869012694738848,0.9666896436326736,0
Training_Old,RRAS2,0.16011682938558894,0.7092533704051387,0.7717137472329703,0
Training_Old,TIMM10,0.19309986549405328,0.751062460264163,0.7772913121236175,0
Training_Old,RPS7,0.09198694222261578,0.6263823289459617,0.5135978192595857,0
Training_Old,PPP1CA,0.17355543575055088,0.722976489753774,0.8065195172115494,0
Training_Old,PPP1CB,0.1822819143602217,0.737158514430853,0.7210707153587186,0
Training_Old,PSMC1,0.4686350842684384,0.8869012694738848,0.9596670444820226,0
Training_Old,PSMC5,0.8453455674852995,0.9839479860037118,0.9977209765198968,0
Training_Old,RPS8,0.17894624394405725,0.7281974320035625,0.7892447082970825,0
Training_Old,RPS15A,0.10334242489010571,0.6473279764191526,0.6984014048942047,0
Training_Old,RPS16,0.03476738204257932,0.4880360377787217,0.4291628101151483,0
Training_Old,UBE2G1,0.851408318052736,0.987326239869693,0.995657780536107,0
Training_Old,YWHAE,0.42567698250951913,0.8760527778984114,0.9561608477221036,0
Training_Old,RPS14,0.03787309145059169,0.4960766925359733,0.551593617591983,0
Training_Old,RPS23,0.576863127736684,0.908364110698336,0.9562192953821546,0
Training_Old,RPS18,0.04437129627797685,0.5211750061527236,0.5125490905546459,0
Training_Old,RPS13,0.04030369797655487,0.5095315396891543,0.37277319275136395,0
Training_Old,RPS11,0.05985547973941941,0.5493760760036969,0.582916125735741,0
Training_Old,SNRPD2,0.7718445271366492,0.9636490266952572,0.991634069754286,0
Training_Old,SNRPD3,0.07581258350756512,0.5908345991438285,0.639976842671262,0
Training_Old,TMSB4X,0.1885511991640519,0.7443366965130422,0.6161704068009435,0
Training_Old,PSMC6,0.35268296039810454,0.855652243325369,0.936573125195661,0
Training_Old,RPL7A,0.8267916810114322,0.9821057538223537,0.9928053292157328,0
Training_Old,ETF1,0.2552327387659629,0.8264586061823657,0.814426013315656,0
Training_Old,CNBP,0.4735971913537219,0.8869012694738848,0.9406737204806788,0
Training_Old,RPS4X,0.06407520829675196,0.5541385331267451,0.6012466129617023,0
Training_Old,RPL23A,0.0609619495056639,0.5527091411963843,0.4914550743220688,0
Training_Old,RPS6,0.00405261964700333,0.3249336086327226,0.19155339874854616,0
Training_Old,H2BC4,0.6962474543896942,0.9450465738715746,0.9606493196764953,0
Training_Old,RAB1A,0.6642535703896493,0.9411232628892084,0.986113112033599,0
Training_Old,RAN,0.7680476107100167,0.9636490266952572,0.9938048940909858,0
Training_Old,RPL23,0.06333711384030143,0.5541385331267451,0.5652845766234191,0
Training_Old,RAP1A,0.7444012182689796,0.9609873917995628,0.9841688672508756,0
Training_Old,RPS15,0.00222021271474525,0.26050495853011,0.10184196565730276,0
Training_Old,RPS24,0.8219416513667044,0.9815064296357964,0.9929563366595908,0
Training_Old,RPS25,0.05590298951892592,0.5457266217037436,0.5440962779903559,0
Training_Old,RPS26,0.5458270743477567,0.9022036585020758,0.9497564642376516,0
Training_Old,RPS28,0.2451980533912531,0.8028810678485683,0.7943676642267147,0
Training_Old,GNB1,0.07027995609380554,0.5730936960236189,0.6677284716270238,0
Training_Old,GNB2,0.14318749611846598,0.6912435967267507,0.7371678174521211,0
Training_Old,RPL30,0.5164501682441955,0.9021859018459396,0.9238611487171932,0
Training_Old,RPL31,0.3867079603546215,0.8642616002846144,0.8950200479690434,0
Training_Old,RPL10A,0.5899867562560717,0.908364110698336,0.9492222098105486,0
Training_Old,RPL32,0.05106793962319438,0.5392774424209327,0.21997661001052024,0
Training_Old,RPL11,0.13495628202271376,0.6762281531564756,0.5738737791132139,0
Training_Old,RPL8,0.26784956284662365,0.829469613976641,0.7351611917139886,0
Training_Old,PPIA,0.6692020669990428,0.9411232628892084,0.9823144673250628,0
Training_Old,FKBP1A,0.4832672130823906,0.8869012694738848,0.9386510765236356,0
Training_Old,RPS27A,0.2966927202201854,0.8322638465093714,0.7767517419272993,0
Training_Old,GRB2,0.3634684489420451,0.860596056115936,0.9097864865393548,0
Training_Old,RAC1,0.35636025251613623,0.8581902546340703,0.943250620035712,0
Training_Old,AP2B1,0.13641032496772826,0.6762281531564756,0.7086672740345596,0
Training_Old,VAMP2,0.3004146692104692,0.8322638465093714,0.7428277823073096,0
Training_Old,PPP3R1,0.29460813217754583,0.8322638465093714,0.8535354298028734,0
Training_Old,YWHAZ,0.6360353615983099,0.9301534170651272,0.983710803277985,0
Training_Old,UBE2B,0.8247940087006076,0.9815064296357964,0.993412712843318,0
Training_Old,PPP2R2A,0.9307862377117796,0.9954864063133828,0.9995794873507792,0
Training_Old,DYNLL1,0.16883334907992786,0.7201474796005275,0.7828902091923308,0
Training_Old,DYNLT1,0.00547449288821136,0.3249336086327226,0.2668252488430863,0
Training_Old,RPL38,0.29228444564166056,0.8322638465093714,0.8587422231633844,0
Training_Old,SKP1,0.9981160196843628,0.9995600586441044,0.9999995501596184,0
Training_Old,RPS21,0.01315250611448639,0.39682989876850394,0.28379650770002607,0
Training_Old,EIF5A,0.9113019972128468,0.9932478468507332,0.9991438127877128,0
Training_Old,RACK1,0.06000924217707839,0.5493760760036969,0.5939870896067393,0
Training_Old,UBE2I,0.13390033800904022,0.6762281531564756,0.6364688355482181,0
Training_Old,SELENOW,0.2639859102517842,0.8278052680817009,0.7480030201376451,0
Training_Old,TNNC1,0.7470685034097363,0.9628594968384284,0.9735814699001824,0
Training_Old,PPP2CA,0.82050433904791,0.9815064296357964,0.997406033658663,0
Training_Old,YBX1,0.44368738350618286,0.8796796312115669,0.934676894934116,0
Training_Old,CSNK2B,0.19947382875287908,0.7564660176718055,0.8271803468527822,0
Training_Old,TPM4,0.1407221720767424,0.6863862065267434,0.6747333967433056,0
Training_Old,UBE2L3,0.10843623893408136,0.6536696690105152,0.7838811239861183,0
Training_Old,EEF1A1,0.6842188212755667,0.9411232628892084,0.9821789543488858,0
Training_Old,ACTA1,0.23347070869330247,0.7892866411741039,0.6252165575536754,0
Training_Old,TUBA1B,0.0873198977871498,0.6188577990820818,0.6836712394096088,0
Training_Old,TUBA4A,0.11262831089754506,0.6552919906766258,0.6963339820299203,0
Training_Old,TUBB4B,0.8657791023576409,0.989448788709926,0.997953542404564,0
Training_Old,CSNK2A1,0.5313486781386443,0.9022036585020758,0.9494056782766264,0
Training_Old,PAFAH1B2,0.3221480490231621,0.8472934988006454,0.8094352703760415,0
Training_Old,EIF4G2,0.23933299721564097,0.7983649865435387,0.8400325006532936,0
Training_Old,PIP4K2B,0.3471467332031547,0.855652243325369,0.9177732268758632,0
Training_Old,CCT2,0.13170532779196098,0.6762281531564756,0.7831522007167854,0
Training_Old,GSTO1,0.01575371603082044,0.4057684549293098,0.33368965385338833,0
Training_Old,PRKDC,0.5428300276175063,0.9022036585020758,0.9690984758901896,0
Training_Old,DCD,0.8783068058586546,0.989448788709926,0.9955952164589144,0
Training_Old,MRPS25,0.3775714937512703,0.8638644081028736,0.9142249008401756,0
Training_Old,MRPS5,0.24246378337012892,0.8001304851214254,0.7720568335396868,0
Training_Old,MRPS36,0.20180075317826177,0.7564660176718055,0.7049524257025334,0
Training_Old,MRPS15,0.9824813661897448,0.9954864063133828,0.9999088557586324,0
Training_Old,MRPS21,0.4383168696261556,0.8796373263781408,0.8892031035020005,0
Training_Old,SARNP,0.9973324861798032,0.9995600586441044,0.9999986983045436,0
Training_Old,LACTB,0.6665428278477314,0.9411232628892084,0.9829049821152496,0
Training_Old,RPL24,0.00669109686243345,0.32864178077812667,0.1530079924513221,0
Training_Old,ARF1,0.612893347693315,0.9227493061906707,0.9822307509267172,0
Training_Old,ARF5,0.5055211928377623,0.8987043428226885,0.9621712669845583,0
Training_Old,ERH,0.528294749703981,0.9022036585020758,0.9343145864067552,0
Training_Old,RHOG,0.6107626921634833,0.9208091084434816,0.9633954307116508,0
Training_Old,RPL19,0.15875279973690284,0.7092533704051387,0.6716428847229392,0
Training_Old,SRSF3,0.2408511661835941,0.7985520611927012,0.7242322189849052,0
Training_Old,MXRA7,0.6184079005663614,0.9255433365518796,0.9501959507693888,0
Training_Old,H3-3A,0.8792097026936154,0.989448788709926,0.9943233695843756,0
Training_Old,FBLN2,0.348494030860361,0.855652243325369,0.8512337567122609,0
Training_Old,HSPG2,0.7466194959777909,0.9628594968384284,0.9824156685961006,0
Training_Old,RBM3,0.8850736538993929,0.989448788709926,0.9960902169966503,0
Training_Old,CYCS,0.9989821193972512,0.9995600586441044,0.999999787473317,0
Training_Old,MPP1,0.5950492009680207,0.9123886741918024,0.95398581896189,0
Training_Old,TFAM,0.3028265971706438,0.8322638465093714,0.8482306455846769,0
Training_Old,PITPNA,0.9368901710178552,0.9954864063133828,0.9994769656571704,0
Training_Old,SLC25A3,0.3523069743581021,0.855652243325369,0.9121099283243442,0
Training_Old,HDLBP,0.7679471335529383,0.9636490266952572,0.990938006938582,0
Training_Old,PURA,0.32459590253226356,0.8516106163330939,0.8704262545027999,0
Training_Old,CLTC,0.39842644334376853,0.8720728289267548,0.9290940867419748,0
Training_Old,FKBP3,0.8367704016640134,0.9839479860037118,0.9973946411485904,0
Training_Old,REEP5,0.8782530624921788,0.989448788709926,0.998012286148802,0
Training_Old,SORD,0.1605191078796443,0.7092533704051387,0.6700422935733412,0
Training_Old,HNRNPU,0.04916665531585702,0.5377193823560813,0.507514237502015,0
Training_Old,MYBPC1,0.6038146898993559,0.9161326329507468,0.9261056558342816,0
Training_Old,PLIN5,0.07638396540601051,0.5909265016025429,0.3653461660706493,0
Training_Old,SPTBN1,0.11872346649012938,0.6615935652431485,0.7150089421408216,0
Training_Old,TIAL1,0.2989098214344374,0.8322638465093714,0.87043705411012,0
Training_Old,SET,0.04606854240179308,0.5287867475684075,0.3982919372408788,0
Training_Old,AMPD3,0.9791499849030454,0.9954864063133828,0.9998692940501596,0
Training_Old,FABP5,0.2236683338705939,0.7752315408175143,0.7885070501019377,0
Training_Old,ANK2,0.8138250858241578,0.9812174171683822,0.9940634667706932,0
Training_Old,CAP1,0.04441832438801622,0.5211750061527236,0.4110042312478479,0
Training_Old,EWSR1,0.06387595834740098,0.5541385331267451,0.6283581911265791,0
Training_Old,TAGLN,0.02988590103646857,0.4571502931492847,0.12691959102867947,0
Training_Old,OGDH,0.9803337681681832,0.9954864063133828,0.9999623643691188,0
Training_Old,COX6A2,0.4257224928797031,0.8760527778984114,0.862001845566402,0
Training_Old,ALDH6A1,0.00172951310919487,0.21596575651249608,0.03615485218642882,-1
Training_Old,BDH1,0.0802342472865494,0.5948819335268644,0.44549858964698447,0
Training_Old,COL7A1,0.37995116700946785,0.8638644081028736,0.8687902639620343,0
Training_Old,RPL18A,0.6592820298457196,0.9395802936264872,0.966981144141245,0
Training_Old,CACNB1,0.6800390786701089,0.9411232628892084,0.9865112548496988,0
Training_Old,MAP2K1,0.527496426514944,0.9022036585020758,0.9704639940147816,0
Training_Old,FKBP4,0.4060812187742089,0.8760527778984114,0.9235943496209134,0
Training_Old,RPL6,0.15594121433634514,0.7076078922841695,0.6071926686234086,0
Training_Old,AKAP12,0.04746135216090836,0.5325118116072927,0.43557038074706816,0
Training_Old,SLC25A11,0.7327438492686119,0.959308930336594,0.9861275153634216,0
Training_Old,CAV1,0.6956670245451302,0.9450465738715746,0.9856642498701544,0
Training_Old,ACY1,0.3337575340497879,0.8548593030677044,0.8853833431893987,0
Training_Old,LMNB2,0.9979561133963422,0.9995600586441044,0.9999989880319576,0
Training_Old,UBXN1,0.6194411420319401,0.9255433365518796,0.9782428748679264,0
Training_Old,GBE1,0.04993352158128456,0.5380591713248623,0.4778856004317777,0
Training_Old,EIF4G1,0.07567616320724843,0.5908345991438285,0.7630998441388547,0
Training_Old,PRKCQ,0.1750943159847335,0.7237452654912476,0.7479428713285163,0
Training_Old,GLO1,0.05338854183244732,0.5457266217037436,0.6071053556093376,0
Training_Old,AKR1C1,0.558034118658862,0.9048014892038364,0.9493804133787848,0
Training_Old,SSBP1,0.28277481390077186,0.8322638465093714,0.8772518089754503,0
Training_Old,YWHAH,0.23928427446503048,0.7983649865435387,0.8875721504660694,0
Training_Old,PLP2,0.7688716164017104,0.9636490266952572,0.9792046865980092,0
Training_Old,UBE3A,0.7720142770683596,0.9636490266952572,0.9915380891941656,0
Training_Old,SRSF11,0.9731322620888664,0.9954864063133828,0.9998995548944004,0
Training_Old,EEF1A2,0.6136722567292958,0.9227493061906707,0.9694529484284822,0
Training_Old,CALD1,0.2712624265476091,0.8322638465093714,0.7466211046017612,0
Training_Old,COL14A1,0.8652701148060314,0.9894155292205404,0.9892318905246744,0
Training_Old,PTPN11,0.7514945021977076,0.9636490266952572,0.990677941113562,0
Training_Old,PSME1,0.1802401041435274,0.7320521152906343,0.8199830371099314,0
Training_Old,CACNG1,0.01550635440678664,0.4057684549293098,0.17520074271274508,0
Training_Old,ZNF33A,0.5510618936873475,0.9022036585020758,0.8677449999128146,0
Training_Old,PRDX1,0.4472727369769271,0.8796796312115669,0.9408854832020938,0
Training_Old,RPL18,0.01791109303351295,0.4156948185360369,0.16107316272484362,0
Training_Old,C1QBP,0.3430949877125715,0.855652243325369,0.8979375727817809,0
Training_Old,CKAP4,0.13492953841667724,0.6762281531564756,0.5667602425781152,0
Training_Old,DPT,0.8774110247320737,0.989448788709926,0.9954317672891982,0
Training_Old,KLC1,0.23462961312558653,0.7907245105204055,0.817542264977473,0
Training_Old,SRSF1,0.8625967015808382,0.9894155292205404,0.996354416835343,0
Training_Old,ARHGAP1,6.990159313693947e-4,0.16809033211750346,0.03241341086536114,1
Training_Old,ACTN3,0.977627046809423,0.9954864063133828,0.9996229986864836,0
Training_Old,PPP3CA,0.9610524855341436,0.9954864063133828,0.9998234119590312,0
Training_Old,DHX9,0.9500826845773692,0.9954864063133828,0.9996561251583348,0
Training_Old,CRYZ,0.6175049716485661,0.9255433365518796,0.974118257794138,0
Training_Old,SLC20A2,0.923456045184965,0.995071003791146,0.9968696760537088,0
Training_Old,PUDP,0.769840375786744,0.9636490266952572,0.9903809721938946,0
Training_Old,CD47,0.1327890018238553,0.6762281531564756,0.6822391950584152,0
Training_Old,PPID,0.3666751256047045,0.8620866573364454,0.8101172613544962,0
Training_Old,AHNAK,0.9218176968260126,0.9938126471141084,0.998949490873843,0
Training_Old,LMOD3,0.5538456254849946,0.903243889103447,0.9080739374092236,0
Training_Old,HSPA14,0.12999012751463768,0.6762281531564756,0.6717569529880714,0
Training_Old,SCRN3,0.2780507780524216,0.8322638465093714,0.8044031952014615,0
Training_Old,NEXN,0.19834738506186925,0.7564660176718055,0.6363868565883524,0
Training_Old,AP1B1,0.02889284249112497,0.45538569657653694,0.4128213021727384,0
Training_Old,BST2,0.22059061541877997,0.7723292351585319,0.8203832121258726,0
Training_Old,PMPCA,0.03978690883030222,0.5092724330278684,0.36644817575467187,0
Training_Old,ASPH,0.6204907034775221,0.9255433365518796,0.9559788204309452,0
Training_Old,EFEMP1,0.4811899862228241,0.8869012694738848,0.9130034031874628,0
Training_Old,STX4,0.5093132124390578,0.9001418449132135,0.9457710105923376,0
Training_Old,GRSF1,0.4217058158024912,0.8760527778984114,0.895999511135378,0
Training_Old,AIMP1,0.6508508722242018,0.9376514612124928,0.9856320794687644,0
Training_Old,ILF3,0.8478954296229092,0.9844723185066434,0.9941821794965052,0
Training_Old,TRAP1,0.6875211313452925,0.9411232628892084,0.9826606698770718,0
Training_Old,ANK3,0.9616501614341406,0.9954864063133828,0.9998009837466124,0
Training_Old,HSPB3,0.3837030282884921,0.8638644081028736,0.882318248510328,0
Training_Old,ECH1,0.834335246819467,0.9834489367848462,0.9956207626887964,0
Training_Old,STRN3,0.6539326825581142,0.9395802936264872,0.9835662635708802,0
Training_Old,COASY,0.5969228264148176,0.9123886741918024,0.9707882175438708,0
Training_Old,TRDN,0.5257705411579138,0.9022036585020758,0.927371860186084,0
Training_Old,ACACA,0.9848329099477487,0.9954864063133828,0.9999621334786756,0
Training_Old,GPS1,0.2038016875261635,0.7564660176718055,0.8687377441237959,0
Training_Old,MTAP,0.26632073015653474,0.8278052680817009,0.8025318499388484,0
Training_Old,PRKAA1,0.8787229777241518,0.989448788709926,0.998613826105186,0
Training_Old,TARDBP,0.7638209721782867,0.9636490266952572,0.9935791481686872,0
Training_Old,PAK1,0.9797578066719156,0.9954864063133828,0.9998905473066046,0
Training_Old,AIMP2,0.6368379929337945,0.9301534170651272,0.98599165846592,0
Training_Old,PRDX4,0.24707399915534345,0.8052782194692675,0.8058188195619995,0
Training_Old,PAK2,0.5411424633551125,0.9022036585020758,0.963814666829372,0
Training_Old,CBX3,0.6622874450620668,0.9400208897655142,0.977150212282246,0
Training_Old,PSMD2,0.3549088385536433,0.8575118656902375,0.9343022654426753,0
Training_Old,MYBPH,0.00117326655506791,0.17699564030738874,9.17839588834254e-6,1
Training_Old,SELENBP1,0.02708151748095257,0.4468450384357174,0.402928641306272,0
Training_Old,TRIM28,0.6558826464210625,0.9395802936264872,0.9821840331466892,0
Training_Old,G3BP1,0.13719466909930025,0.6762281531564756,0.5905648747710447,0
Training_Old,PABPC4,0.860765186590061,0.9894155292205404,0.995538584730108,0
Training_Old,SGCG,0.03575224412087774,0.4880360377787217,0.5607950700458452,0
Training_Old,EIF3I,0.1956321684156683,0.7552877616762494,0.821277698855753,0
Training_Old,CTBP1,0.5930767584274361,0.910965900944542,0.9762508156582757,0
Training_Old,UBE2V1,0.346785673732141,0.855652243325369,0.9035388748136622,0
Training_Old,DYNC1I2,0.3018696531771397,0.8322638465093714,0.8990529697576141,0
Training_Old,ILK,0.966540619495999,0.9954864063133828,0.9998999771172832,0
Training_Old,NNT,0.48205505577944474,0.8869012694738848,0.9500741349500568,0
Training_Old,SNTA1,0.5798479116444923,0.908364110698336,0.9648300534655746,0
Training_Old,SNTB2,0.3983787831722462,0.8720728289267548,0.9382165871503588,0
Training_Old,SF3B2,0.7396479496591039,0.9605279217845626,0.988341635435095,0
Training_Old,PDAP1,0.5425144254667685,0.9022036585020758,0.9632537878040712,0
Training_Old,TMED1,0.5884473103206054,0.908364110698336,0.9656675676870788,0
Training_Old,FKBP5,0.10182709644460848,0.6458223053784177,0.6699099876795839,0
Training_Old,PICALM,0.9807609056531044,0.9954864063133828,0.9999435678766772,0
Training_Old,MTM1,0.6937362202138824,0.9446620870997549,0.9834943384497734,0
Training_Old,SQSTM1,0.3066606864267312,0.8338777421362406,0.8708045150115635,0
Training_Old,MTX1,0.7357115975172808,0.9605279217845626,0.989869480265524,0
Training_Old,ART3,0.02100388364922727,0.4373447950946092,0.18890172715511985,0
Training_Old,ASAH1,0.47375517852239646,0.8869012694738848,0.9396433620866824,0
Training_Old,PIN1,0.6711826461862258,0.9411232628892084,0.9822125101139916,0
Training_Old,CAMK2B,0.05286608225096604,0.5457266217037436,0.5274536524567967,0
Training_Old,CAMK2G,0.8113622200605598,0.9812174171683822,0.9955774910559824,0
Training_Old,CAMK2D,4.399008007583825e-4,0.16809033211750346,0.01507175561416319,1
Training_Old,DCTN2,0.06921552774573674,0.5730936960236189,0.7517910512403378,0
Training_Old,NAE1,0.00469437757443677,0.3249336086327226,0.17470072461257677,0
Training_Old,STIM1,0.8391072769171672,0.9839479860037118,0.996726511144468,0
Training_Old,CUL1,0.5015360123232528,0.8975544379425378,0.9570151479188151,0
Training_Old,CUL2,0.956632583576048,0.9954864063133828,0.9997428864035728,0
Training_Old,CUL3,0.5993143647285895,0.9132409367292792,0.975686890426032,0
Training_Old,CUL4A,0.28727134498740625,0.8322638465093714,0.9078749008754852,0
Training_Old,FHL1,0.20294657340557637,0.7564660176718055,0.8293205832118149,0
Training_Old,FHL3,0.13239334646728662,0.6762281531564756,0.6622432876483751,0
Training_Old,ITGA7,0.0671237535376436,0.5626159977951446,0.6062829558436417,0
Training_Old,AAMP,0.16192258994478792,0.7109698936461699,0.6463666288894355,0
Training_Old,CACNA1S,0.1144259320143382,0.6584947368236574,0.6873129541904642,0
Training_Old,MOGS,0.5659525905618181,0.908276497922918,0.9420874509028314,0
Training_Old,SPTAN1,0.35234790355046874,0.855652243325369,0.8995345472086425,0
Training_Old,AUH,0.8709234458050736,0.989448788709926,0.9969096640025304,0
Training_Old,DDX39B,0.7406132780843853,0.9605279217845626,0.9876829928836696,0
Training_Old,BLMH,0.44427331314618435,0.8796796312115669,0.9208054586593162,0
Training_Old,SNTB1,0.8460461849350098,0.9839479860037118,0.996088506692928,0
Training_Old,TUBB2A,0.17252627317611208,0.722976489753774,0.8077466349289034,0
Training_Old,IDI1,0.0127026122477927,0.38881039228026354,0.2246083896065928,0
Training_Old,PRKG1,0.04202075615812646,0.5100135337386771,0.40435682512424886,0
Training_Old,COX17,0.7276729457066237,0.9569373016187448,0.9834563056215156,0
Training_Old,HNRNPD,0.5570941802184507,0.9048014892038364,0.97048279152457,0
Training_Old,SCARB2,0.10962010162170432,0.6536696690105152,0.6701689924310391,0
Training_Old,NID2,0.9071736284156144,0.9932478468507332,0.996816900076172,0
Training_Old,IL18,0.780296860463445,0.964044286843038,0.98206586830206,0
Training_Old,DAG1,0.15926713479962315,0.7092533704051387,0.8019918056967659,0
Training_Old,EIF3A,0.42463105914192945,0.8760527778984114,0.9484408670500188,0
Training_Old,UBAP2L,0.09801642887388164,0.6353161094517655,0.3540429979943504,0
Training_Old,MLEC,0.9270256544125866,0.9954864063133828,0.9993815299238088,0
Training_Old,DPYSL3,0.2761635385865435,0.8322638465093714,0.8113124081571553,0
Training_Old,DCTN1,0.3196144415188803,0.845362329296126,0.9095751187778358,0
Training_Old,DYNC1H1,0.13161392778266628,0.6762281531564756,0.7850113189954634,0
Training_Old,EIF2B1,0.4173894653785172,0.8760527778984114,0.9355787377134438,0
Training_Old,EIF4A2,0.18584789892712175,0.7424859223567235,0.7860536387275358,0
Training_Old,CTTN,0.07477217937051651,0.5870588952807839,0.35272651013801765,0
Training_Old,ENDOG,0.9469633037690988,0.9954864063133828,0.9993430253569068,0
Training_Old,FLOT2,0.05838867765878851,0.5493760760036969,0.5810259789050931,0
Training_Old,TRIM25,0.5886927011148282,0.908364110698336,0.9609552409263352,0
Training_Old,FLNC,0.23722427316578387,0.7977988295002159,0.7419652905965699,0
Training_Old,MYBPC2,0.7351945898507695,0.9605279217845626,0.9663779983712808,0
Training_Old,GAMT,0.30717655463162646,0.8338777421362406,0.8870535873944503,0
Training_Old,CAPRIN1,0.20527296351400853,0.756841664672708,0.6421576508417034,0
Training_Old,PRPSAP1,0.3956272688368839,0.8719454266518887,0.8504185484058622,0
Training_Old,CLINT1,0.9465700133450236,0.9954864063133828,0.999472973047866,0
Training_Old,GANAB,0.5693949594054761,0.908364110698336,0.9769406065144336,0
Training_Old,SSPN,0.00144652896556347,0.20367127835133791,0.1282949643117872,0
Training_Old,MVP,0.06851816856052093,0.5719777549400008,0.31257033798701284,0
Training_Old,LTBP3,0.6577795155677003,0.9395802936264872,0.9676505974182944,0
Training_Old,LASP1,0.482990156255077,0.8869012694738848,0.901676914013742,0
Training_Old,PTGR1,0.21420402088946985,0.7654803589146537,0.6571294293961686,0
Training_Old,KPNB1,0.8778122416329626,0.989448788709926,0.9986434924395784,0
Training_Old,NUMA1,0.9855129213516862,0.9954864063133828,0.9999714728116706,0
Training_Old,PSME4,0.6291221123790808,0.92721974971711,0.9619931369164746,0
Training_Old,SLMAP,0.6971508343238226,0.9450465738715746,0.9842018088684024,0
Training_Old,EMC2,0.3364827396991906,0.8548593030677044,0.8546072409862195,0
Training_Old,PSMD6,0.5791551537642043,0.908364110698336,0.9661037848852758,0
Training_Old,ABRAXAS2,0.8229390737689806,0.9815064296357964,0.9967334057040252,0
Training_Old,SEPTIN2,0.5888846408639339,0.908364110698336,0.9784312950501785,0
Training_Old,KARS1,0.0993793797656289,0.636028030500025,0.786524352013259,0
Training_Old,EIF4H,0.0338966161453206,0.4837138736413318,0.5223232727302787,0
Training_Old,EEA1,0.7486322184558813,0.9636490266952572,0.9901633725938748,0
Training_Old,PDIA6,0.5877166051509148,0.908364110698336,0.9749130149623249,0
Training_Old,PAFAH1B3,0.8868496955624479,0.989448788709926,0.9972399363070013,0
Training_Old,PLCL1,0.6653255809249636,0.9411232628892084,0.9597756866654876,0
Training_Old,PDK1,0.681475268521627,0.9411232628892084,0.9759823322277784,0
Training_Old,PDK2,0.7064540251314195,0.9496049149362232,0.9733117449239844,0
Training_Old,PEA15,0.3463602663471538,0.855652243325369,0.8452860688532715,0
Training_Old,PGM5,0.6108208148339573,0.9208091084434816,0.964679211605734,0
Training_Old,PLEC,0.273352568783487,0.8322638465093714,0.8138963338848771,0
Training_Old,PPP2R5A,0.9779422579355876,0.9954864063133828,0.9999016806877,0
Training_Old,PPA1,0.647244788269904,0.9362883512507104,0.9814177425377504,0
Training_Old,PTGES3,0.4729513271511024,0.8869012694738848,0.9506303949356985,0
Training_Old,STK38,0.521726880060545,0.9022036585020758,0.9300769929785584,0
Training_Old,NECTIN1,0.5138346956656817,0.901344582430166,0.7982842887588438,0
Training_Old,NONO,0.7404591632419275,0.9605279217845626,0.9906687767840556,0
Training_Old,PTPA,0.823541821594787,0.9815064296357964,0.9940895467953308,0
Training_Old,RABEP1,0.4650320956727294,0.8862205358776563,0.8951196743441014,0
Training_Old,RAB35,0.06994646910147714,0.5730936960236189,0.5145315672629087,0
Training_Old,TMED2,0.8831497117172474,0.989448788709926,0.9980508579018824,0
Training_Old,PCBP1,0.5602311237737817,0.9048842214871984,0.9766635444540512,0
Training_Old,PCBP2,0.3157681654609438,0.8434535761381624,0.9194009118351056,0
Training_Old,ELOC,0.5083054113515979,0.899754204380663,0.9677614574636756,0
Training_Old,ELOB,0.48233967659026145,0.8869012694738848,0.9585395847764986,0
Training_Old,UBE3C,0.6584236124668983,0.9395802936264872,0.9725450461659826,0
Training_Old,DHCR24,0.19169975111883383,0.748189951683547,0.6944134286920524,0
Training_Old,RSU1,0.41059953585376974,0.8760527778984114,0.9309092050785146,0
Training_Old,PPP1R7,0.04082291840809339,0.5095315396891543,0.5206836281594514,0
Training_Old,SEC23A,0.38334697595396205,0.8638644081028736,0.929567595994242,0
Training_Old,MAPRE2,0.32725281356066405,0.854165305001791,0.9094480570077166,0
Training_Old,TGFBI,0.07780918737339745,0.5918956048684009,0.31672216575222356,0
Training_Old,TSN,0.01574256574641177,0.4057684549293098,0.3234966362307843,0
Training_Old,SF1,0.8110354258561079,0.9812174171683822,0.9894080713482368,0
Training_Old,TRIP10,0.3882813020381971,0.8650317615028188,0.9420782358289596,0
Training_Old,MAPRE1,0.24397668958478191,0.8011473066483278,0.8205616991808953,0
Training_Old,TSC22D1,0.381412878756862,0.8638644081028736,0.7687887590346705,0
Training_Old,ELAVL1,0.984228658970425,0.9954864063133828,0.9999582671271828,0
Training_Old,MYLK,0.00102738374463051,0.17699564030738874,0.00616997898387514,-1
Training_Old,SPEG,0.4425834679217233,0.8796796312115669,0.9216137000122204,0
Training_Old,TBCE,0.5475584078775491,0.9022036585020758,0.9572416192012057,0
Training_Old,UBE2V2,0.01374554201184388,0.403202565680754,0.49574814585039706,0
Training_Old,NEDD8,0.6445510268425416,0.9354399355909564,0.9772077244375706,0
Training_Old,ADIRF,0.4471515068924039,0.8796796312115669,0.8234213750069052,0
Training_Old,ADIPOQ,0.2173727403051858,0.7677110828169772,0.8200520108129442,0
Training_Old,RAB11B,0.5972681073911121,0.9123886741918024,0.9849672323354158,0
Training_Old,ZYX,0.2335720410671472,0.7892866411741039,0.8739870813193437,0
Training_Old,HSPB2,0.04179774870089309,0.5100135337386771,0.434460006515824,0
Training_Old,ETFDH,0.8565607165917275,0.9894155292205404,0.9969117801087336,0
Training_Old,SEPTIN7,0.2818761827851802,0.8322638465093714,0.8752776003391,0
Training_Old,ADRM1,0.31815153273119073,0.8449077384346698,0.877240681541342,0
Training_Old,DDB1,0.6483870786997603,0.936318917411908,0.989001978854884,0
Training_Old,CDC37,0.8667821319238521,0.989448788709926,0.9983861293095,0
Training_Old,DPYSL2,0.6462153721719722,0.9354399355909564,0.9841773292363633,0
Training_Old,SYPL1,0.5832562683581193,0.908364110698336,0.9662943457393288,0
Training_Old,RBBP7,0.5134032819820902,0.9013364352004776,0.9329432764474196,0
Training_Old,SGCB,0.05226956471786738,0.5457266217037436,0.6427272590109964,0
Training_Old,SGCA,0.13254360509927884,0.6762281531564756,0.7763657882730438,0
Training_Old,FXN,0.22083483961606207,0.7723292351585319,0.8019852724320821,0
Training_Old,FSCN1,1.4927228415288047e-4,0.15763153206544178,0.00332528077752992,1
Training_Old,DECR1,0.4970105584589428,0.8939531382076433,0.9502721624442512,0
Training_Old,NDUFA5,0.7608238773231587,0.9636490266952572,0.990512674813378,0
Training_Old,CLPP,0.8560105051532343,0.9894155292205404,0.9949122563119994,0
Training_Old,TST,0.14582987950368717,0.6915317001116692,0.7169345128891423,0
Training_Old,KYAT1,0.0206343121829775,0.4373447950946092,0.28087378138793095,0
Training_Old,GUK1,0.9789222487663012,0.9954864063133828,0.9999221490630272,0
Training_Old,HAGH,0.02878830415260052,0.45538569657653694,0.523288175720058,0
Training_Old,NDUFA9,0.7615760843126532,0.9636490266952572,0.989587344543329,0
Training_Old,PHKG1,0.03474946644465212,0.4880360377787217,0.5830936220791142,0
Training_Old,PPP1R3A,0.08422456920606455,0.6040884294529529,0.639505684614214,0
Training_Old,HADH,0.16825679745181946,0.7201474796005275,0.8184493677563687,0
Training_Old,UGP2,0.6070415338568406,0.9177320826812078,0.979107744800702,0
Training_Old,TXNRD1,0.05204103504624773,0.5457266217037436,0.6449815236000512,0
Training_Old,IMMT,0.5510548373659243,0.9022036585020758,0.9727527907710728,0
Training_Old,IAH1,0.7899404475322751,0.9692019079570396,0.994081809312639,0
Training_Old,KLHL40,0.16602068219838417,0.7199911310122943,0.5468925505098263,0
Training_Old,TKFC,0.5433489496227115,0.9022036585020758,0.9475697155614512,0
Training_Old,TIMM50,0.9617990169217764,0.9954864063133828,0.9997971666277012,0
Training_Old,NADK2,0.43887499630401183,0.8796373263781408,0.9200317240568926,0
Training_Old,FAM98B,0.9684825392737816,0.9954864063133828,0.9998750263159112,0
Training_Old,HIKESHI,0.2633685029897337,0.8278052680817009,0.8783654531004362,0
Training_Old,PDLIM3,0.7623375685572856,0.9636490266952572,0.9889837235493396,0
Training_Old,HSD17B12,0.4670084131123078,0.8869012694738848,0.9300585900721382,0
Training_Old,AGK,0.03927506416695998,0.5057861921988993,0.3667751176413175,0
Training_Old,LACTB2,0.9511357441442732,0.9954864063133828,0.9996932301652685,0
Training_Old,DCAF6,0.13005309637853413,0.6762281531564756,0.7694926194216771,0
Training_Old,CAVIN4,0.9073542395002518,0.9932478468507332,0.9987357068682954,0
Training_Old,FLG2,0.5435855191680714,0.9022036585020758,0.8728268729338653,0
Training_Old,RABL3,0.4449931786286041,0.8796796312115669,0.925443927657806,0
Training_Old,COQ5,0.5849488910659207,0.908364110698336,0.96220529656778,0
Training_Old,NOMO2,0.3825040470729236,0.8638644081028736,0.9138109421320326,0
Training_Old,PITRM1,0.8589707776189679,0.9894155292205404,0.9952928682761272,0
Training_Old,WDR44,0.6331752739617285,0.9293024173781588,0.9652483564827768,0
Training_Old,COA6,0.930793178130013,0.9954864063133828,0.9992086820017824,0
Training_Old,TOR1AIP1,0.17339163206652558,0.722976489753774,0.6908269460522318,0
Training_Old,GNAS,0.00490063644627637,0.3249336086327226,0.1925494399435232,0
Training_Old,TTC38,0.6669686783896256,0.9411232628892084,0.9618033995905731,0
Training_Old,C6orf136,0.12927702442051847,0.6762281531564756,0.32239508255772603,0
Training_Old,HP1BP3,0.4160157512435464,0.8760527778984114,0.8977533550571082,0
Training_Old,IBA57,0.5342128523896216,0.9022036585020758,0.9367142862395522,0
Training_Old,UBR4,0.5997547473047118,0.9132530831344998,0.9757883772337228,0
Training_Old,DCAF8,0.4154086429313524,0.8760527778984114,0.917410811472932,0
Training_Old,DDI2,0.6065432118204588,0.9177320826812078,0.931177099394812,0
Training_Old,MICOS10,0.42443636100993865,0.8760527778984114,0.8716217343829226,0
Training_Old,LYRM7,0.1152392057365735,0.658833727898212,0.6332338080843075,0
Training_Old,OBSCN,0.7749264676371248,0.964044286843038,0.9885361790338963,0
Training_Old,MYOM3,0.9073361394400712,0.9932478468507332,0.996853314130518,0
Training_Old,PDE4DIP,0.3283656854210024,0.854165305001791,0.7629164299949683,0
Training_Old,BROX,0.9983305644246634,0.9995600586441044,0.9999995334477264,0
Training_Old,LYPLAL1,0.7926450502460312,0.9704732441273146,0.9910000573048126,0
Training_Old,SYPL2,0.02121041163865557,0.4373447950946092,0.3240709770139867,0
Training_Old,ECPAS,0.2051471122982028,0.756841664672708,0.8763682113361208,0
Training_Old,MICOS13,0.5491298886028315,0.9022036585020758,0.9467493084490212,0
Training_Old,RNF123,0.00564292965343617,0.3249336086327226,0.2607772382852925,0
Training_Old,TMEM198,0.4318232456790161,0.8790448592205058,0.8878048034979286,0
Training_Old,CRYBG3,0.5670610655288149,0.908364110698336,0.8756449295167555,0
Training_Old,NXN,0.5801560906343832,0.908364110698336,0.9703459806776408,0
Training_Old,PTRHD1,0.6235365128837715,0.9255433365518796,0.9742241333402952,0
Training_Old,ABLIM2,0.686752908777027,0.9411232628892084,0.9671031994628166,0
Training_Old,LAMTOR1,0.9944237836481752,0.9995600586441044,0.9999960214127392,0
Training_Old,DHRS7B,0.3610956506928822,0.860596056115936,0.8788293249202754,0
Training_Old,TWF2,0.07355871454743933,0.5796865862842979,0.502350400596854,0
Training_Old,ETFRF1,0.23006199427842935,0.7862312814175451,0.7429110378461331,0
Training_Old,RAB12,0.24637713946247175,0.8052782194692675,0.8332492260289334,0
Training_Old,DENND5A,0.19879999535832107,0.7564660176718055,0.7530055553035657,0
Training_Old,RCSD1,0.3367738021468436,0.8548593030677044,0.8956824492933897,0
Training_Old,SLC25A24,0.01264824253377449,0.38881039228026354,0.3678548578359001,0
Training_Old,HIBCH,0.28917705084002526,0.8322638465093714,0.8014469846660046,0
Training_Old,CAVIN1,0.7285772637324535,0.9569373016187448,0.9908519243208904,0
Training_Old,MRPL54,0.7262751642920222,0.9569147359342124,0.9801974368010964,0
Training_Old,LPCAT3,0.5124254931759233,0.9012775243515488,0.9281225936604942,0
Training_Old,TATDN1,0.4125807503028782,0.8760527778984114,0.9069876938804612,0
Training_Old,SFXN4,0.2746915977679441,0.8322638465093714,0.8049566614067561,0
Training_Old,FAHD1,0.6254829068841345,0.9255433365518796,0.9753799685731128,0
Training_Old,LMOD2,0.7472190886923222,0.9628594968384284,0.95572388649212,0
Training_Old,SLC27A1,0.00534395700587786,0.3249336086327226,0.1580017983509457,0
Training_Old,CCDC137,0.6208248877438496,0.9255433365518796,0.9022327188222516,0
Training_Old,CORO6,0.4619308621630319,0.8844949962722787,0.877403778337975,0
Training_Old,TMEM205,0.32978310113398646,0.8548593030677044,0.895707051693224,0
Training_Old,DHRS11,0.27043922468604675,0.8322638465093714,0.7920372284114688,0
Training_Old,APOOL,0.3680063412173442,0.8626297365716215,0.9175696606279976,0
Training_Old,NAPRT,0.9635304661782816,0.9954864063133828,0.9996085362744966,0
Training_Old,HSDL2,0.3439453948373935,0.855652243325369,0.9067079921552113,0
Training_Old,KYAT3,0.4565459920844783,0.8815076258918112,0.9029741777585912,0
Training_Old,TRIM72,0.25769102801668076,0.827145827681635,0.9097153673728056,0
Training_Old,UBN2,0.558227424716486,0.9048014892038364,0.871831583605692,0
Training_Old,TOM1L2,0.04597513239364997,0.5287867475684075,0.6150522905862561,0
Training_Old,XIRP1,0.07707664155885006,0.5918956048684009,0.3291948135806626,0
Training_Old,VPS13C,0.916018822910982,0.9938126471141084,0.9988612275333316,0
Training_Old,UBE2R2,0.9972648110627772,0.9995600586441044,0.9999986576229178,0
Training_Old,SND1,0.02559939425342852,0.4462991912265263,0.36289103037205866,0
Training_Old,TRMT10C,0.8455753939481807,0.9839479860037118,0.9968710035808068,0
Training_Old,BZW1,0.8510851747260759,0.987326239869693,0.993907912511486,0
Training_Old,EIF3M,0.6051722018141577,0.9175331588165836,0.9739245792502942,0
Training_Old,COPS6,0.6366394461903848,0.9301534170651272,0.9842827815974402,0
Training_Old,CHMP1B,0.5473366485451585,0.9022036585020758,0.9509694288590816,0
Training_Old,RRM2B,0.9931111380056644,0.9995600586441044,0.9999885142838412,0
Training_Old,ERMP1,0.7569149023525297,0.9636490266952572,0.9810382875595276,0
Training_Old,MRPL21,0.210637942268263,0.7591592731579717,0.6286573340493553,0
Training_Old,DGLUCY,0.8065930661466577,0.9802322444594548,0.993003138870006,0
Training_Old,MYH14,0.9839722842710124,0.9954864063133828,0.9999585451517128,0
Training_Old,SZRD1,0.7005646825822976,0.948177594813128,0.9827797608317826,0
Training_Old,MAVS,0.0559078443726362,0.5457266217037436,0.6248113691631136,0
Training_Old,COMMD6,0.9801179472059812,0.9954864063133828,0.9999180733780956,0
Training_Old,HDDC2,0.2746035271009025,0.8322638465093714,0.8679562493744563,0
Training_Old,HDGFL2,0.495888556147588,0.8939531382076433,0.9413516375748467,0
Training_Old,DCXR,0.29077744913312675,0.8322638465093714,0.8430021058547865,0
Training_Old,SPRED2,0.9432475480281146,0.9954864063133828,0.9987670270799196,0
Training_Old,HUWE1,0.13828822690049308,0.6762281531564756,0.6531134415005679,0
Training_Old,GLRX5,0.3429107066992898,0.855652243325369,0.8507734147768404,0
Training_Old,MYPN,0.735569049278487,0.9605279217845626,0.9777572460152716,0
Training_Old,SRL,0.570089728513649,0.908364110698336,0.9758632193181136,0
Training_Old,PRUNE1,0.00312713213817916,0.3145001464683041,0.12816012032590146,0
Training_Old,ACOT1,0.6350813472009393,0.9301534170651272,0.959629529899074,0
Training_Old,ISCA2,0.9389757941610596,0.9954864063133828,0.9994049000044222,0
Training_Old,MTDH,0.5031370217615683,0.8980720244440918,0.9541686064430588,0
Training_Old,KTN1,0.6766519634398,0.9411232628892084,0.9783381148202488,0
Training_Old,NLRX1,0.1703110565207411,0.7201474796005275,0.746931284677499,0
Training_Old,ALYREF,0.9405986634161664,0.9954864063133828,0.9992983386334576,0
Training_Old,MDP1,0.35567253520106445,0.8575118656902375,0.890964310236805,0
Training_Old,SLC25A42,0.01015727018060259,0.37557096919395294,0.0308656708330923,-1
Training_Old,NRAP,0.1461182914068518,0.6915317001116692,0.526924674497244,0
Training_Old,VPS36,0.01181277074933044,0.38881039228026354,0.2654511790530165,0
Training_Old,CAND1,0.99964540174609,0.99964540174609,0.9999999829003255,0
Training_Old,COMMD7,0.07849810781707302,0.5942222355184883,0.5736675787352638,0
Training_Old,LDHD,0.5978910630120524,0.9123886741918024,0.9437466976417076,0
Training_Old,CARM1,0.06697209383779466,0.5626159977951446,0.33108180105637885,0
Training_Old,NIT1,0.5254380340228366,0.9022036585020758,0.9477252256131063,0
Training_Old,NDUFA11,0.28187987830133987,0.8322638465093714,0.7550379029385867,0
Training_Old,ECHDC2,0.07008889349502036,0.5730936960236189,0.5333972790585543,0
Training_Old,PHYKPL,0.2659791693806789,0.8278052680817009,0.7978417651817489,0
Training_Old,MUSTN1,0.0172001174951533,0.4156948185360369,0.04344655569036923,1
Training_Old,NAXD,0.1872367259287558,0.7424859223567235,0.7725772136913768,0
Training_Old,MFN1,0.5286269002092893,0.9022036585020758,0.9372695366469642,0
Training_Old,SLC44A2,0.8129910258788159,0.9812174171683822,0.9933851753545296,0
Training_Old,HSCB,0.4067110034183088,0.8760527778984114,0.9060541395632392,0
Training_Old,ADHFE1,0.7119469304123768,0.9516657702727468,0.9768520935135756,0
Training_Old,UNC45B,0.03107930192911226,0.4571502931492847,0.4851298943465875,0
Training_Old,MSRB3,0.933826332288804,0.9954864063133828,0.999044213219776,0
Training_Old,KLHDC8B,0.8581500513919472,0.9894155292205404,0.9948873319366563,0
Training_Old,SUPV3L1,0.96758876561444,0.9954864063133828,0.9997599620678106,0
Training_Old,THNSL1,0.9204404893247118,0.9938126471141084,0.9987935941609468,0
Training_Old,PM20D2,0.8353577961876907,0.9834489367848462,0.9921163818155864,0
Training_Old,MICU2,0.4976624583900995,0.8939531382076433,0.943377609279752,0
Training_Old,ELMOD2,0.5198800423725896,0.9022036585020758,0.935274804985564,0
Training_Old,ALDH16A1,0.7398197032483316,0.9605279217845626,0.984100077472227,0
Training_Old,FAM185A,0.1073550100921369,0.6536696690105152,0.4858751930944292,0
Training_Old,ADSS1,0.781756118862981,0.964044286843038,0.994702056655699,0
Training_Old,NDUFAF2,0.9770722878793564,0.9954864063133828,0.9999066274581268,0
Training_Old,LRRC47,0.5793369749074129,0.908364110698336,0.9761282525103554,0
Training_Old,GPD1L,0.01947583573743929,0.43297857976286097,0.5680958107339498,0
Training_Old,EHBP1L1,0.27960550490690234,0.8322638465093714,0.8750460931096967,0
Training_Old,CMYA5,0.17022474081980624,0.7201474796005275,0.7886951434035936,0
Training_Old,TXLNB,0.20095427325206536,0.7564660176718055,0.8532345393047549,0
Training_Old,SYNPO,0.3799028774155564,0.8638644081028736,0.8635884347414661,0
Training_Old,TOMM5,0.9054687194187256,0.9932478468507332,0.9983495496766792,0
Training_Old,CHCHD4,0.34203243457143306,0.855652243325369,0.8756536090838333,0
Training_Old,CBR4,0.874743220634261,0.989448788709926,0.9965869832704808,0
Training_Old,MMGT1,0.6211733713547437,0.9255433365518796,0.9682606525578596,0
Training_Old,SMIM20,0.9254822578124524,0.9954864063133828,0.9988852856326876,0
Training_Old,CISD2,0.59009259463926,0.908364110698336,0.9714327048164196,0
Training_Old,ATPAF2,0.0256809518373664,0.4462991912265263,0.3041930946271886,0
Training_Old,JAGN1,0.3338533645289852,0.8548593030677044,0.8460987790034626,0
Training_Old,MRPL50,0.96794002134132,0.9954864063133828,0.999738064505748,0
Training_Old,EMC1,0.4336954277025412,0.8790448592205058,0.9050722611399732,0
Training_Old,PTGR2,0.2197919875167805,0.7723292351585319,0.8035215390506582,0
Training_Old,SMYD1,0.8075677856892921,0.9802322444594548,0.9911677837352248,0
Training_Old,NHLRC2,0.8346124495996508,0.9834489367848462,0.9959282248127808,0
Training_Old,RDH13,0.18698254771484263,0.7424859223567235,0.6886651456493345,0
Training_Old,TXNDC5,0.00600019447759288,0.3249336086327226,0.269741294337509,0
Training_Old,ATAD1,0.2978532251382345,0.8322638465093714,0.8760122471584745,0
Training_Old,SCCPDH,0.16052230637010242,0.7092533704051387,0.8259751188332487,0
Training_Old,SERBP1,0.832793963012523,0.9834489367848462,0.995165127656268,0
Training_Old,FAM98A,0.7636895584795894,0.9636490266952572,0.9852176883400304,0
Training_Old,PDPR,0.550815224758836,0.9022036585020758,0.9470725780189028,0
Training_Old,NAXE,0.2830038440903523,0.8322638465093714,0.9158570417179028,0
Training_Old,NPEPL1,0.34422904677497757,0.855652243325369,0.8480393137166238,0
Training_Old,ADPRHL1,0.6878717782550932,0.9411232628892084,0.983848220567727,0
Training_Old,CHDH,0.01689337232774596,0.4156948185360369,0.2021186301067201,0
Training_Old,ABCF1,0.8600988231278317,0.9894155292205404,0.996919375705042,0
Training_Old,MCU,0.5469693172813558,0.9022036585020758,0.9490965131240352,0
Training_Old,ABHD11,0.6770531474113419,0.9411232628892084,0.9694216127161672,0
Training_Old,ATL2,0.00869002707271255,0.35119248634787037,0.11156677442017258,0
Training_Old,PPTC7,0.6752882985743357,0.9411232628892084,0.9734016183181684,0
Training_Old,COQ8A,0.36612580888827784,0.862068355664064,0.9233350959544738,0
Training_Old,NPLOC4,0.9497430564598331,0.9954864063133828,0.9997612069497788,0
Training_Old,SPATA20,0.49776936104743774,0.8939531382076433,0.853920531170523,0
Training_Old,NUBPL,0.2074154166707859,0.7569228823744022,0.7337975209136288,0
Training_Old,DEPTOR,0.7607435103624347,0.9636490266952572,0.9879763788741172,0
Training_Old,RDH11,0.47774404654700786,0.8869012694738848,0.913337077414594,0
Training_Old,LRRC20,0.12037816531479088,0.666832492592411,0.7333726635165899,0
Training_Old,NT5C,0.6313498827440265,0.9279129800663772,0.9693040097951098,0
Training_Old,PNPT1,0.30004911927085515,0.8322638465093714,0.8841051688885222,0
Training_Old,SPPL2A,0.6705743453712243,0.9411232628892084,0.9707052714561796,0
Training_Old,PREX1,0.01466406094757004,0.4057684549293098,0.15264422817409964,0
Training_Old,NEK9,0.9113497489726532,0.9932478468507332,0.9987314259454864,0
Training_Old,GPT2,0.00897935334412168,0.35119248634787037,0.06139934085623215,0
Training_Old,MYOZ3,0.44733708518997295,0.8796796312115669,0.7396771756682934,0
Training_Old,NEK7,0.9409688067856368,0.9954864063133828,0.9995372969962164,0
Training_Old,DTD1,0.9937836861650328,0.9995600586441044,0.999992984722502,0
Training_Old,UTP15,0.7682924472991837,0.9636490266952572,0.970647903959754,0
Training_Old,SETD7,0.7112834104824294,0.9513809771620588,0.9882365430457386,0
Training_Old,NUP133,0.9496046392318264,0.9954864063133828,0.9992460945402568,0
Training_Old,PDCD6IP,0.9393635600956564,0.9954864063133828,0.999683525461304,0
Training_Old,THEM6,0.2853084961524614,0.8322638465093714,0.8600896641157256,0
Training_Old,SMIM4,0.8554942097804479,0.9894155292205404,0.9960845201101224,0
Training_Old,NUDCD2,0.7129578690373024,0.9518122752255262,0.9858718730856444,0
Training_Old,SCFD1,0.823702354568034,0.9815064296357964,0.9945309300169496,0
Training_Old,PCNP,0.8252491246116058,0.9815064296357964,0.9943614646425436,0
Training_Old,DNAJA4,0.0599678630555191,0.5493760760036969,0.4241662793929376,0
Training_Old,SPRYD4,0.9276019022238232,0.9954864063133828,0.998988358797364,0
Training_Old,RTN4IP1,0.8589671472976265,0.9894155292205404,0.995721551365203,0
Training_Old,PALLD,0.9076635838488504,0.9932478468507332,0.9977962951319852,0
Training_Old,SYNE2,4.97618526768774e-4,0.16809033211750346,0.03772920054663442,-1
Training_Old,THAP4,0.4239071069201017,0.8760527778984114,0.9215208803342908,0
Training_Old,IFT81,0.8249882744618334,0.9815064296357964,0.9833079069280352,0
Training_Old,TTN,0.9453600070398142,0.9954864063133828,0.99892126304091855,0
Training_Old,DDX1,0.38788558979771515,0.8650317615028188,0.9326394795311008,0
Training_Old,HSD17B8,0.877102690700281,0.989448788709926,0.9971785915197492,0
Training_Old,CPT1B,0.05332824999229767,0.5457266217037436,0.4983366961826513,0
Training_Old,PSMF1,0.9591932090594611,0.9954864063133828,0.9997986650515904,0
Training_Old,UBXN4,0.4207814548665466,0.8760527778984114,0.9125528469146764,0
Training_Old,HSPH1,0.7081717772933777,0.950079131066927,0.8799662497925794,0
Training_Old,MYO18A,0.7201310639432545,0.9555495797472836,0.978688197560628,0
Training_Old,GCN1,0.26538519691497336,0.8278052680817009,0.8538056098823975,0
Training_Old,SGCD,0.0205151757174592,0.4373447950946092,0.4458645649159996,0
Training_Old,AKAP1,0.5000960669215891,0.8966068704061089,0.9218252320809218,0
Training_Old,RABGGTA,0.1072028537675158,0.6536696690105152,0.7016153259747243,0
Training_Old,TFG,0.4429868212744763,0.8796796312115669,0.9387202650795736,0
Training_Old,ARPC1A,0.0802679306407914,0.5948819335268644,0.6782171849255016,0
Training_Old,P3H4,0.4048979698978148,0.8760527778984114,0.8450890786376856,0
Training_Old,DDX17,0.4240672601621047,0.8760527778984114,0.9457122736635424,0
Training_Old,CELF1,0.6272575445471178,0.9255433365518796,0.9686337033199314,0
Training_Old,UFD1,0.20914285653237885,0.7591244206420252,0.7622993315363387,0
Training_Old,RPL3L,0.4908897888940842,0.8916857034402946,0.8937651657214981,0
Training_Old,COPS5,0.4314236658389472,0.8790448592205058,0.9381981750797206,0
Training_Old,KHSRP,0.31594631755094765,0.8434535761381624,0.881740756376898,0
Training_Old,GCDH,0.577801134617995,0.908364110698336,0.96382563234543,0
Training_Old,TNPO1,0.13402003427453135,0.6762281531564756,0.7689323859543814,0
Training_Old,USP13,0.6059221519292282,0.9177320826812078,0.9613513044232832,0
Training_Old,USP9X,0.10966316342021389,0.6536696690105152,0.7689284531910449,0
Training_Old,CUL5,0.2898601146787208,0.8322638465093714,0.9094528711766698,0
Training_Old,LPP,0.46946643417341105,0.8869012694738848,0.9370461036780268,0
Training_Old,ATP2A3,0.754511842944238,0.9636490266952572,0.9853205638460574,0
Training_Old,PHKB,0.02687957023765055,0.4468450384357174,0.44111225851502367,0
Training_Old,UBE2F,0.14656073179073598,0.6915317001116692,0.6075489656352301,0
Training_Old,RPL36AL,0.11220419956320714,0.6546278162361698,0.5788854023350378,0
Training_Old,WBP2,0.6880181429455198,0.9411232628892084,0.9870689591752564,0
Training_Old,ERGIC1,0.02554893274034823,0.4462991912265263,0.22441965432682948,0
Training_Old,MTARC2,0.6739135267126304,0.9411232628892084,0.9824288143010664,0
Training_Old,FAM162A,0.9360125832106848,0.9954864063133828,0.9994530508467953,0
Training_Old,CCDC47,0.2399778270097636,0.7983649865435387,0.8589133816848563,0
Training_Old,TMEM230,0.9271209173705908,0.9954864063133828,0.9991645617680496,0
Training_Old,ISOC2,0.5797644517320832,0.908364110698336,0.97446824655273,0
Training_Old,FERMT2,0.6456832493442153,0.9354399355909564,0.9759114466159788,0
Training_Old,FUBP1,0.25207665652054867,0.8177970792187386,0.863690385965081,0
Training_Old,SLC25A46,0.6717739703014755,0.9411232628892084,0.9798137447061246,0
Training_Old,TMEM143,0.7184861300953737,0.9545124047022944,0.9823871876645636,0
Training_Old,PBXIP1,0.7704030485868283,0.9636490266952572,0.9932869179223036,0
Training_Old,PTER,0.8390875265535385,0.9839479860037118,0.993092442481725,0
Training_Old,ZBTB9,0.7392476428316546,0.9605279217845626,0.9838779377449698,0
Training_Old,FAM136A,0.4472788780225635,0.8796796312115669,0.9001751949292337,0
Training_Old,FGGY,0.7906888671448765,0.9692019079570396,0.9898672108871844,0
Training_Old,GALM,0.8517558754936462,0.987326239869693,0.9969015441157112,0
Training_Old,DCPS,0.32770924935910084,0.854165305001791,0.853876120297055,0
Training_Old,PPP1R14B,0.04832957388899406,0.5325118116072927,0.4197828008438809,0
Training_Old,ACSF2,0.1460703567091368,0.6915317001116692,0.7053998850875061,0
Training_Old,ISOC1,0.7645708516939178,0.9636490266952572,0.989882759132374,0
Training_Old,CCDC124,0.3486579465040607,0.855652243325369,0.8894828398930161,0
Training_Old,OPTN,0.27687462717586586,0.8322638465093714,0.8445515616094227,0
Training_Old,AP2M1,0.46036827000502334,0.8827663660859664,0.9395077635231928,0
Training_Old,KCTD12,0.24073098062098208,0.7985520611927012,0.7719896241321654,0
Training_Old,RMDN1,0.4353807882951192,0.8796373263781408,0.9310366241856284,0
Training_Old,ECHDC3,0.07197992756704873,0.5758394205363898,0.39760245235477665,0
Training_Old,NUDT16,0.2239068370732404,0.7752315408175143,0.8163405339493164,0
Training_Old,CMBL,0.11624078104009712,0.658833727898212,0.6425669250358927,0
Training_Old,MSI2,0.738784569107978,0.9605279217845626,0.98792657442395,0
Training_Old,MRPL38,0.3985994454487056,0.8720728289267548,0.893685824518968,0
Training_Old,MRRF,0.9823976507904476,0.9954864063133828,0.9999477316254404,0
Training_Old,MRPL53,0.5047402902533793,0.8980720244440918,0.925389282853608,0
Training_Old,DAZAP1,0.3980570928828735,0.8720728289267548,0.7208853027952025,0
Training_Old,DNAJA3,0.5360762264476815,0.9022036585020758,0.92985528225452,0
Training_Old,PTCD3,0.06123766053028121,0.5527091411963843,0.513933624822195,0
Training_Old,MMAB,0.01717191125244913,0.4156948185360369,0.313439860532506,0
Training_Old,DYNLL2,0.8827770014502939,0.989448788709926,0.9964760576643,0
Training_Old,S100A16,0.1614541737954902,0.7109698936461699,0.4459620781368598,0
Training_Old,SCRN2,0.960597655449164,0.9954864063133828,0.9996533759212316,0
Training_Old,OTUB1,0.0706804145227544,0.5740511406005078,0.7233227529731218,0
Training_Old,CHMP6,0.7994686012580802,0.9759986623451246,0.9935635786855588,0
Training_Old,PDXP,0.37622136787236105,0.8638644081028736,0.8907105403478507,0
Training_Old,DCUN1D1,0.3742578388407317,0.8638644081028736,0.8927097836237533,0
Training_Old,FAHD2A,0.7624574482821328,0.9636490266952572,0.9857088518798284,0
Training_Old,SNF8,0.5275456152508127,0.9022036585020758,0.9578730727791296,0
Training_Old,PDLIM5,0.0567270558842772,0.5457266217037436,0.4793061357902496,0
Training_Old,CRELD1,0.06430679117531105,0.5541385331267451,0.3214271804295728,0
Training_Old,ERO1A,0.04388439469867065,0.5206957393460249,0.58034862589504,0
Training_Old,AHCYL2,0.49708749990579226,0.8939531382076433,0.96352272265213,0
Training_Old,PGAM5,0.2132796600944384,0.7634688849482268,0.7586996979260956,0
Training_Old,DDRGK1,0.2953616804133337,0.8322638465093714,0.875264140313635,0
Training_Old,PYURF,0.5149928398799555,0.9018780081479816,0.9123392145178096,0
Training_Old,SUCLG2,0.5653402295395832,0.908276497922918,0.9464245473785048,0
Training_Old,ABHD14B,0.38293829566507553,0.8638644081028736,0.9248643656602056,0
Training_Old,NGLY1,0.01431907661574153,0.4057684549293098,0.30503269993653465,0
Training_Old,TMX3,0.5453207827009554,0.9022036585020758,0.911369127499577,0
Training_Old,BTF3L4,0.7618345919872145,0.9636490266952572,0.9939640553338775,0
Training_Old,USP47,0.10592458235289644,0.6522236674324119,0.6769775887954083,0
Training_Old,CNDP2,0.6874288672166475,0.9411232628892084,0.9858547947175196,0
Training_Old,ALPK3,0.2026212246013196,0.7564660176718055,0.7606746094458761,0
Training_Old,STAC3,0.20653315926913013,0.756841664672708,0.7731224281885815,0
Training_Old,COQ10A,0.4368856283161767,0.8796373263781408,0.9048050117918024,0
Training_Old,JSRP1,0.8176426247395696,0.9815064296357964,0.9956790422617168,0
Training_Old,MCEE,0.5033701304835064,0.8980720244440918,0.91329820100058,0
Training_Old,QKI,0.2055023693919479,0.756841664672708,0.6808145470355464,0
Training_Old,PLIN4,0.01552510125894176,0.4057684549293098,0.3021756411653949,0
Training_Old,ALKBH3,0.8648803977736079,0.9894155292205404,0.9961553116665814,0
Training_Old,VPS35,0.7633099326363639,0.9636490266952572,0.9919616834962824,0
Training_Old,PURB,0.7251019550719154,0.9569147359342124,0.980523378643466,0
Training_Old,BBS4,0.3506859062961045,0.855652243325369,0.848710980006022,0
Training_Old,VPS13A,0.4508413402563689,0.8808362082633787,0.9076287306650596,0
Training_Old,GFM1,0.02976167916039909,0.4571502931492847,0.4480584774849954,0
Training_Old,MCCC1,0.320611696766896,0.8464148794646055,0.8544326335637095,0
Training_Old,METTL26,0.9664954041401737,0.9954864063133828,0.9998240225472536,0
Training_Old,CLCC1,0.3741646572426478,0.8638644081028736,0.9236668267040884,0
Training_Old,PEBP4,0.01747346759385587,0.4156948185360369,0.16738500309603824,0
Training_Old,PLEKHF1,0.6837044183007179,0.9411232628892084,0.9827493655160288,0
Training_Old,MYCBP,0.40152588643058384,0.8742501774653536,0.92116567502737845,0
Training_Old,TBCB,0.8325685816349637,0.9834489367848462,0.9962249768061696,0
Training_Old,PSMB7,0.7441434139204757,0.9609873917995628,0.9915619594049694,0
Training_Old,PCYT2,4.8227853181920943e-4,0.16809033211750346,0.02545840874991508,-1
Training_Old,PSMD1,0.8149646510767631,0.9812174171683822,0.9962905891160196,0
Training_Old,PFDN5,0.07727204672376856,0.5918956048684009,0.6729224567706961,0
Training_Old,PAFAH2,0.3840760791707378,0.8638644081028736,0.896804056314605,0
Training_Old,PARK7,0.16225733368250655,0.7109698936461699,0.8357694470239855,0
Training_Old,VAT1,0.4799594646002608,0.8869012694738848,0.9460255114758934,0
Training_Old,PLIN2,0.05084288427820983,0.5392774424209327,0.28156501103069537,0
Training_Old,S100A13,0.00943392523837422,0.3557937518472564,0.04584189723798727,1
Training_Old,TSNAX,0.13831939496382453,0.6762281531564756,0.6304945094508878,0
Training_Old,EIF3C,0.11616124571868418,0.658833727898212,0.7038192124214565,0
Training_Old,PHB2,0.5264356532281407,0.9022036585020758,0.967644404369166,0
Training_Old,COPS8,0.7325971893184562,0.959308930336594,0.9910778105257672,0
Training_Old,SDHC,0.48434654879475536,0.8876988579960184,0.8942900011888544,0
Training_Old,CHP1,0.6261154971696496,0.9255433365518796,0.9764689342196354,0
Training_Old,HSD17B10,0.9049902894962908,0.9932478468507332,0.9988299994025164,0
Training_Old,NAP1L4,0.7384214545365713,0.9605279217845626,0.9927728837462104,0
Training_Old,MGST2,0.5899129748278976,0.908364110698336,0.9512466959399772,0
Training_Old,TXN2,0.2903401778936597,0.8322638465093714,0.8707709566037439,0
Training_Old,DMAC2L,0.02622695539079631,0.4462991912265263,0.3372849292485147,0
Training_Old,ACO2,0.7510370468312602,0.9636490266952572,0.9931586012569688,0
Training_Old,COQ7,0.09286626939634551,0.6263823289459617,0.7437039666431465,0
Training_Old,SLC29A1,0.12770203042476772,0.6762281531564756,0.6855530287899323,0
Training_Old,TSG101,0.03581556720478099,0.4880360377787217,0.5175173152912546,0
Training_Old,CPNE1,0.03537511481111787,0.4880360377787217,0.4144652965967228,0
Training_Old,CCT7,0.17751585731843358,0.728027005237773,0.8527710512383715,0
Training_Old,PRMT1,0.30421765601573614,0.8322638465093714,0.8902010600937966,0
Training_Old,NIPSNAP1,0.4114845614205579,0.8760527778984114,0.8188727501887089,0
Training_Old,ARPC5L,0.17410391906943506,0.7237452654912476,0.6897547662148359,0
Training_Old,MICU1,0.6377118430401448,0.930786048722036,0.9632652730630472,0
Training_Old,MACROD1,0.273343225478252,0.8322638465093714,0.8795167707139406,0
Training_Old,WDR77,0.1282663378636736,0.6762281531564756,0.6955101240630103,0
Training_Old,APOL2,0.12608815689405778,0.6762281531564756,0.6106790665245159,0
Training_Old,FYCO1,0.9609512664720816,0.9954864063133828,0.999715516522255,0
Training_Old,JPH2,0.3443797480909294,0.855652243325369,0.9066737366036308,0
Training_Old,CORO1B,0.02200249523836374,0.4409935121139016,0.288735222220834,0
Training_Old,TXNDC17,0.0718847660790043,0.5758394205363898,0.6831169139651566,0
Training_Old,PLCD4,0.8291092751666315,0.9834489367848462,0.9964309955900614,0
Training_Old,CPPED1,0.8144229509072956,0.9812174171683822,0.9885901540936,0
Training_Old,VPS25,0.444510149836818,0.8796796312115669,0.927551201457836,0
Training_Old,MIEN1,0.01444490580971983,0.4057684549293098,0.2604557197870661,0
Training_Old,PELO,0.33307394153243486,0.8548593030677044,0.8553708505968751,0
Training_Old,PRXL2A,0.2884244345098621,0.8322638465093714,0.7925814115798993,0
Training_Old,ERP44,0.15660899989994656,0.7076078922841695,0.5120713643125929,0
Training_Old,LXN,0.3065423825319937,0.8338777421362406,0.7521779720701022,0
Training_Old,NIPSNAP3B,0.5084212809314691,0.899754204380663,0.9387731282676364,0
Training_Old,NTPCR,0.6890236534541194,0.9418295938912185,0.9778063829907176,0
Training_Old,AGMAT,0.8889484080982815,0.990221011552516,0.9960657272177634,0
Training_Old,TACO1,0.7203754890379457,0.9555495797472836,0.9845314724614096,0
Training_Old,ESYT1,0.3791640579228957,0.8638644081028736,0.8792467774057774,0
Training_Old,UBAC1,0.3069902008881173,0.8338777421362406,0.8929003315822732,0
Training_Old,COPS4,0.5708450737057096,0.908364110698336,0.981144981181812,0
Training_Old,DCTN5,0.30179761649668624,0.8322638465093714,0.848418103751305,0
Training_Old,AARSD1,0.798502344244147,0.9753828519627752,0.9905733457899342,0
Training_Old,TMEM43,0.13701864991087426,0.6762281531564756,0.6709899982817998,0
Training_Old,DHRS4,0.01227324653126276,0.38881039228026354,0.2155866606927106,0
Training_Old,TMEM70,0.24389622211439263,0.8011473066483278,0.7233091050494049,0
Training_Old,TUBB6,0.10044987013580586,0.64093693573058,0.5808691632978893,0
Training_Old,CHCHD7,0.9014042704387084,0.9932478468507332,0.9980626089102848,0
Training_Old,APOO,0.938418779575792,0.9954864063133828,0.999514502365448,0
Training_Old,MRI1,0.7315227308197481,0.9590167644266344,0.9738252368624744,0
Training_Old,ABHD6,0.8147233669352402,0.9812174171683822,0.9924458896566688,0
Training_Old,ADI1,0.7699399130545327,0.9636490266952572,0.9837552406698664,0
Training_Old,MECR,0.5756436063544577,0.908364110698336,0.9669151071365244,0
Training_Old,NTMT1,0.1473508176580451,0.6915317001116692,0.6465480111331326,0
Training_Old,TMEM109,0.1171668133529164,0.658833727898212,0.6729311277845157,0
Training_Old,TMED9,0.7641157271800034,0.9636490266952572,0.9894607163568588,0
Training_Old,TIMM21,0.5080029571995694,0.899754204380663,0.9437902283725984,0
Training_Old,TPPP3,0.7364049311625638,0.9605279217845626,0.9787512466829672,0
Training_Old,NUDT9,0.5273170604375149,0.9022036585020758,0.9589471263551318,0
Training_Old,FUNDC2,0.03196901798066779,0.4656452825873819,0.49944766183716927,0
Training_Old,SORBS1,0.16315085745416308,0.7119310143454388,0.5794216657047015,0
Training_Old,HINT2,0.30964017172408176,0.8373368024087845,0.8197595594928324,0
Training_Old,OSBPL11,0.23474633906074535,0.7907245105204055,0.7695964157379226,0
Training_Old,NT5C1A,0.17048946013270064,0.7201474796005275,0.6295654756381238,0
Training_Old,TMEM120A,0.44988645099137314,0.8805933127838554,0.87706933868529,0
Training_Old,NAA15,0.9575825347778812,0.9954864063133828,0.9995856298051576,0
Training_Old,BCL2L13,0.7765558949166489,0.964044286843038,0.994681850137182,0
Training_Old,AP1M1,0.9101689187450688,0.9932478468507332,0.9987297252232366,0
Training_Old,OSBPL1A,0.211086494750773,0.7594798584559329,0.8471667082563714,0
Training_Old,HDHD5,0.4485996278655224,0.8805226896393898,0.914448933604287,0
Training_Old,EIF2A,0.9211437089545144,0.9938126471141084,0.9990089511912494,0
Training_Old,MRPL13,0.23121774614579085,0.7878702890475845,0.7999846343633669,0
Training_Old,MRPL9,0.2594662483973954,0.827145827681635,0.6562323452814933,0
Training_Old,MRPL4,0.3396291486528721,0.855652243325369,0.8232385876346824,0
Training_Old,MRPL1,0.35305388270102545,0.855652243325369,0.8763215195853764,0
Training_Old,NLN,0.18607209982774395,0.7424859223567235,0.7202966309106272,0
Training_Old,TRIM54,0.5073796784784603,0.899754204380663,0.9431280408852089,0
Training_Old,BCO2,0.11119733557524655,0.6536696690105152,0.4292485105472603,0
Training_Old,MRPL37,0.807674092631438,0.9802322444594548,0.9912614318460992,0
Training_Old,ASPSCR1,0.08112714912217998,0.5948819335268644,0.5961012806731191,0
Training_Old,UBL5,0.8804059239287091,0.989448788709926,0.9980156533612656,0
Training_Old,NIBAN1,0.42083903854426985,0.8760527778984114,0.9071380206940476,0
Training_Old,UBXN6,0.31981273726685827,0.845362329296126,0.8854369971244834,0
Training_Old,UBE2O,0.3214957421480658,0.8472934988006454,0.8292216112785702,0
Training_Old,LNPK,0.7382498838937457,0.9605279217845626,0.9902365442142836,0
Training_Old,PITHD1,0.46275234802533594,0.8852653614397731,0.9257292917980524,0
Training_Old,SLIRP,0.5038154500678214,0.8980720244440918,0.9442281350778016,0
Training_Old,NIF3L1,0.21245585858923485,0.7620556779278344,0.838020463937894,0
Training_Old,EGLN1,0.8180418161394643,0.9815064296357964,0.9931226972416642,0
Training_Old,ANKRD2,0.1172102516447606,0.658833727898212,0.49548526798399695,0
Training_Old,NAA50,0.9573200726124712,0.9954864063133828,0.9997883576752824,0
Training_Old,TMEM126A,0.2908962902163185,0.8322638465093714,0.8691253379401961,0
Training_Old,PAIP1,0.7266709954407978,0.9569147359342124,0.98848898842431,0
Training_Old,CLPB,0.6832497152994823,0.9411232628892084,0.9759073472408212,0
Training_Old,TOLLIP,0.49320990506797846,0.8939531382076433,0.9541431689038544,0
Training_Old,PCBD2,0.04672092501518989,0.5305085679144143,0.5978190171801233,0
Training_Old,NT5C3A,0.17579608011222067,0.7237452654912476,0.8342600758065742,0
Training_Old,HDHD2,0.6033443426757181,0.9160771040482508,0.9765287710543614,0
Training_Old,RAB1B,0.4508446690969282,0.8808362082633787,0.92703132402316,0
Training_Old,C11orf54,0.00759294473246081,0.34152102225365166,0.2732279889371465,0
Training_Old,NUCKS1,0.18477994331672332,0.7424859223567235,0.8196256291163749,0
Training_Old,TMX4,0.22245590361585643,0.7740146102746108,0.8392105914712815,0
Training_Old,MYLK2,0.00597423877830125,0.3249336086327226,0.05934470238215212,0
Training_Old,EHD4,0.3315940057346054,0.8548593030677044,0.8706218517691122,0
Training_Old,SH3BGRL3,0.05648694086712749,0.5457266217037436,0.510443863684847,0
Training_Old,SLK,0.08031358659783554,0.5948819335268644,0.6131516390937208,0
Training_Old,PPIL3,0.8716528008436775,0.989448788709926,0.9961893252065056,0
Training_Old,LRMDA,0.95847603419873,0.9954864063133828,0.9997047242718634,0
Training_Old,TNMD,0.26652821131418397,0.8278052680817009,0.7998222221626311,0
Training_Old,PPA2,0.8024211721822462,0.9773434346302792,0.9943126189508664,0
Training_Old,MRPL46,0.5819398254276653,0.908364110698336,0.962266382374706,0
Training_Old,TMEM245,0.4655882913910625,0.8862205358776563,0.9444714255510294,0
Training_Old,C11orf68,0.8688393211003371,0.989448788709926,0.9970936704565708,0
Training_Old,GHITM,0.4870113361763774,0.8882279291921494,0.9425427993325672,0
Training_Old,BOLA2,0.19500874206700372,0.7552877616762494,0.7738579131731708,0
Training_Old,TMX1,0.9507599407754014,0.9954864063133828,0.9996565875476618,0
Training_Old,CHMP4B,0.447062015389994,0.8796796312115669,0.943204559232184,0
Training_Old,RBKS,0.05074368477602502,0.5392774424209327,0.43097662554318383,0
Training_Old,FN3K,0.9147482365523312,0.9938126471141084,0.99912222272424,0
Training_Old,TOR1AIP2,0.5263436014203084,0.9022036585020758,0.9376476840912658,0
Training_Old,RNPEP,0.04166277361282082,0.5100135337386771,0.4921583044828072,0
Training_Old,GLIPR2,0.00109836517596791,0.17699564030738874,0.016083632739761992,1
Training_Old,EHD1,0.5472327065068773,0.9022036585020758,0.9713730649825834,0
Training_Old,TMEM38A,0.4168337707518259,0.8760527778984114,0.895678056484352,0
Training_Old,OPA3,0.5736294091534001,0.908364110698336,0.9523963873071646,0
Training_Old,DCTPP1,0.6608649192671268,0.9395802936264872,0.9730820026144392,0
Training_Old,AAMDC,0.03356420588201763,0.482228590631437,0.3937298215975553,0
Training_Old,PTGES2,0.5487594375451073,0.9022036585020758,0.9629943734100378,0
Training_Old,UBE2Z,0.530996657641916,0.9022036585020758,0.9601105153945816,0
Training_Old,ACAD9,0.9833344691944296,0.9954864063133828,0.9999501540582412,0
Training_Old,METTL7A,0.01235302865083866,0.38881039228026354,0.21765832913120745,0
Training_Old,COQ10B,0.3847629552980939,0.8641461081767443,0.8741047872391332,0
Training_Old,MOB1A,0.8387976957766572,0.9839479860037118,0.9953001236907356,0
Training_Old,GORASP2,0.48595075796614495,0.8876988579960184,0.9564307827647276,0
Training_Old,JPT2,0.02629508287554752,0.4462991912265263,0.22196672398231196,0
Training_Old,SYNPO2L,0.757026894408351,0.9636490266952572,0.9757635667998192,0
Training_Old,ARMT1,0.06115124110214043,0.5527091411963843,0.4812086017191337,0
Training_Old,LRRC40,0.8863021829199764,0.989448788709926,0.9977567650287305,0
Training_Old,SFXN1,0.5018995223532846,0.8975544379425378,0.9559767312016466,0
Training_Old,L2HGDH,0.7819166019707027,0.964044286843038,0.9916635232726206,0
Training_Old,COPS7B,0.03572302864559563,0.4880360377787217,0.21868086701880587,0
Training_Old,FN3KRP,0.8470537330889873,0.9840360199581636,0.9923006643177772,0
Training_Old,TBC1D17,0.8101427423810399,0.9812174171683822,0.9942088206037218,0
Training_Old,CARS2,0.5915259880557185,0.9099074193544628,0.942151006634688,0
Training_Old,GRPEL1,0.8772240759919798,0.989448788709926,0.9974134380926388,0
Training_Old,CACYBP,0.6566382837539786,0.9395802936264872,0.9750916739134766,0
Training_Old,RDH14,0.225206050934312,0.7784536490560834,0.8156567005945781,0
Training_Old,PARVB,0.48005694229833096,0.8869012694738848,0.9488616344029108,0
Training_Old,TNS1,0.6236427150700763,0.9255433365518796,0.9695420462825548,0
Training_Old,PLGRKT,0.8571674984417809,0.9894155292205404,0.9950339985886958,0
Training_Old,GLOD4,0.30196284376625127,0.8322638465093714,0.9131576027151171,0
Training_Old,MCCC2,0.9402996218946308,0.9954864063133828,0.9992793047331804,0
Training_Old,HHATL,0.27722061025618283,0.8322638465093714,0.8104804585400543,0
Training_Old,PREB,0.9066318260585104,0.9932478468507332,0.9989627183618068,0
Training_Old,MRPL47,0.13406384113791278,0.6762281531564756,0.7244051688478266,0
Training_Old,JPH1,0.8619754705324056,0.9894155292205404,0.997419880578004,0
Training_Old,APMAP,0.15147864025209892,0.700050083615827,0.7565982117565666,0
Training_Old,TXNRD2,0.5327405089902357,0.9022036585020758,0.9457304144090044,0
Training_Old,RAB18,0.390004796480802,0.8661305259384372,0.9305909817224404,0
Training_Old,PALMD,0.9759701376904028,0.9954864063133828,0.9999097383682248,0
Training_Old,SSU72,0.8823016040642772,0.989448788709926,0.9980048453657316,0
Training_Old,VTA1,0.5723956037468881,0.908364110698336,0.9706018469742372,0
Training_Old,SARS2,0.94808759827688,0.9954864063133828,0.9995848569473084,0
Training_Old,DYNLRB1,0.05982713700433105,0.5493760760036969,0.5141254661079621,0
Training_Old,MYOZ1,0.8694473431365054,0.989448788709926,0.9888782888898406,0
Training_Old,MYOZ2,0.4206120742927959,0.8760527778984114,0.6994867847818551,0
Training_Old,OSGEP,0.40368109133132735,0.8760527778984114,0.9256432310939992,0
Training_Old,ACOT13,0.4602249275817363,0.8827663660859664,0.9413230794701594,0
Training_Old,MRPL40,0.7656742502091559,0.9636490266952572,0.9888009332618636,0
Training_Old,TIGAR,0.2596091824150209,0.827145827681635,0.714018170177002,0
Training_Old,RTN4,0.03093538859416821,0.4571502931492847,0.5368995050180557,0
Training_Old,HINT3,0.7967333884981848,0.9743491120487354,0.9888223364052464,0
Training_Old,PFDN4,0.589620386733041,0.908364110698336,0.9705531027937953,0
Training_Old,NIT2,0.27888619943738807,0.8322638465093714,0.9104075809794214,0
Training_Old,XPNPEP1,0.6249131471422706,0.9255433365518796,0.979796794554106,0
Training_Old,GPHN,0.13649158633466632,0.6762281531564756,0.6818914224948632,0
Training_Old,PDLIM7,0.789688493566024,0.9692019079570396,0.982636777424006,0
Training_Old,ACSS2,0.06181626811120701,0.5541385331267451,0.6287708918385643,0
Training_Old,DIABLO,0.7794367791707597,0.964044286843038,0.9922637308834956,0
Training_Old,SAR1A,0.04965856995979657,0.537840511564566,0.5744955779149996,0
Training_Old,SH3GLB2,0.8545950273843255,0.9894155292205404,0.9967852141876372,0
Training_Old,EIF2B3,0.1785596537467644,0.728027005237773,0.717505277881212,0
Training_Old,MBNL1,0.35680139563333757,0.8582739721840648,0.9221418765362732,0
Training_Old,SDR39U1,0.3178108532160198,0.8449077384346698,0.8291226531657476,0
Training_Old,AASDHPPT,0.2967564971920403,0.8322638465093714,0.8396117911034825,0
Training_Old,OSTC,0.8952410392019039,0.9921509498092368,0.9980634626203108,0
Training_Old,CMC2,0.8301533250341194,0.9834489367848462,0.994373167222188,0
Training_Old,HEBP1,0.07982983093538226,0.5948819335268644,0.6240952588872691,0
Training_Old,PHPT1,0.06357609394879091,0.5541385331267451,0.635912696663252,0
Training_Old,TOMM22,0.4094017019233259,0.8760527778984114,0.8633870554332638,0
Training_Old,LANCL2,0.08810810528356357,0.6218601348680921,0.6540926107689456,0
Training_Old,FARSB,0.3521541293315953,0.855652243325369,0.8795146010206116,0
Training_Old,IARS2,0.29744134614838175,0.8322638465093714,0.8948157845032464,0
Training_Old,SIRT3,0.7905110905823083,0.9692019079570396,0.9911745136155016,0
Training_Old,MAN2C1,0.4231109361143812,0.8760527778984114,0.9033713446288484,0
Training_Old,OLA1,0.3333429021683607,0.8548593030677044,0.9336036623232362,0
Training_Old,CUTC,0.9516437195241556,0.9954864063133828,0.9996211869307404,0
Training_Old,ACSS1,0.6636717985747382,0.9411232628892084,0.9781927209156036,0
Training_Old,ABHD10,0.17855375219395594,0.728027005237773,0.7554738972810401,0
Training_Old,DDX19A,0.11119085325273236,0.6536696690105152,0.777556916945382,0
Training_Old,SEPTIN11,0.4777144386715448,0.8869012694738848,0.9346174701858596,0
Training_Old,PARVA,0.16037898166528833,0.7092533704051387,0.7278918709326713,0
Training_Old,PANK4,0.22022725176537297,0.7723292351585319,0.8190037953844772,0
Training_Old,DNAJC11,0.9909546821553908,0.9990503129660636,0.9999853360934734,0
Training_Old,TMLHE,0.22057413551780505,0.7723292351585319,0.6593082114478908,0
Training_Old,ATAD3A,0.9504716374241884,0.9954864063133828,0.9995084959802744,0
Training_Old,ARL8B,0.5671224825118321,0.908364110698336,0.970303567186786,0
Training_Old,MRPS18A,0.1108625106862877,0.6536696690105152,0.5002224392938137,0
Training_Old,PNPO,0.20676971615348128,0.756841664672708,0.7292937283342789,0
Training_Old,OXSM,0.5182252107291014,0.9022036585020758,0.9420805206946936,0
Training_Old,MRPL22,0.88292418791759,0.989448788709926,0.9973880853580251,0
Training_Old,CZIB,0.17016636895218862,0.7201474796005275,0.7799927578280352,0
Training_Old,BABAM1,0.5485368390324175,0.9022036585020758,0.968344524821647,0
Training_Old,NDUFB11,0.7669950971579975,0.9636490266952572,0.9899158963567112,0
Training_Old,OCIAD1,0.6818572725023695,0.9411232628892084,0.9867224473380376,0
Training_Old,MARCHF5,0.4956078096770547,0.8939531382076433,0.935962414366744,0
Training_Old,CHCHD3,0.5496340625965799,0.9022036585020758,0.9669543802327136,0
Training_Old,SIRT5,0.9204732158162544,0.9938126471141084,0.9991337705911978,0
Training_Old,BABAM2,0.4543798908754602,0.8815076258918112,0.9540490187707013,0
Training_Old,DPP3,0.7550641657820816,0.9636490266952572,0.9914567427905314,0
Training_Old,TUBA8,0.2634674874954887,0.8278052680817009,0.8901868095326784,0
Training_Old,MAP3K20,0.516242703299032,0.9021859018459396,0.9169881528344526,0
Training_Old,UGGT1,0.7524580164711181,0.9636490266952572,0.9895125629438494,0
Training_Old,TECR,0.6132444843706599,0.9227493061906707,0.9610387514451052,0
Training_Old,ERAP1,0.3438633762407669,0.855652243325369,0.8607574846051245,0
Training_Old,CISD1,0.399701801339971,0.8729784947569997,0.932810558764686,0
Training_Old,CLIC5,0.08956596716411994,0.6232994522217815,0.6623199123551143,0
Training_Old,FAM120A,0.1206108012169986,0.666832492592411,0.7001008622934912,0
Training_Old,GLTP,0.690748674942858,0.9430259867351752,0.9773434133199138,0
Training_Old,COQ3,0.4849693952378038,0.8876988579960184,0.9507731040009478,0
Training_Old,HSPBP1,0.13690705210655796,0.6762281531564756,0.6779793790996835,0
Training_Old,MAT2B,0.6768331161819945,0.9411232628892084,0.9861405221288104,0
Training_Old,MYOF,0.6948290392202838,0.944931700472144,0.97823407712633,0
Training_Old,EHD2,0.5493361629710192,0.9022036585020758,0.9727928912569536,0
Training_Old,TMOD4,0.43884780090701325,0.8796373263781408,0.8181572706277777,0
Training_Old,LMCD1,0.6005923817492944,0.9138696759758717,0.9674540430257312,0
Training_Old,CHMP5,0.7042189954076635,0.9496049149362232,0.9809564168635996,0
Training_Old,CNIH4,0.36854624731026353,0.8629375546776902,0.8589932635045079,0
Training_Old,NDUFAF4,0.28259517248272953,0.8322638465093714,0.7914852929084129,0
Training_Old,EMC3,0.8329492623065958,0.9834489367848462,0.994183063352261,0
Training_Old,NDUFA13,0.8647999423107533,0.9894155292205404,0.9969941934553936,0
Training_Old,PDP1,0.33716751868153305,0.8548593030677044,0.860827378775451,0
Training_Old,MRPL36,0.9053502658098364,0.9932478468507332,0.9986329972338336,0
Training_Old,VAPA,0.5714346327563838,0.908364110698336,0.9741228023357716,0
Training_Old,RNF181,0.3038791140662144,0.8322638465093714,0.8102406761803564,0
Training_Old,TMEM14C,0.4134192927335423,0.8760527778984114,0.6176133644099369,0
Training_Old,LARS1,0.5975107469545256,0.9123886741918024,0.97088766762893,0
Training_Old,SUCLA2,0.9193331586389036,0.9938126471141084,0.9992878157922522,0
Training_Old,GMPR2,0.9831940453568776,0.9954864063133828,0.9999531492592636,0
Training_Old,DPM3,0.5943919461808069,0.9123225220449596,0.9614080649753228,0
Training_Old,IMPACT,0.6306133024717511,0.9274758320475892,0.9588368047307884,0
Training_Old,ATXN10,0.04055195832850029,0.5095315396891543,0.4956005468388359,0
Training_Old,EPS15L1,0.8635924291991901,0.9894155292205404,0.9969851999457302,0
Training_Old,SAE1,0.02424067524233928,0.4462991912265263,0.2947977419038963,0
Training_Old,RNF7,0.07624186741283827,0.5909265016025429,0.663334379267041,0
Training_Old,MYOT,0.2971699474197713,0.8322638465093714,0.7440062360575932,0
Training_Old,GNG12,0.6674045931894271,0.9411232628892084,0.9776923442005014,0
Training_Old,VPS29,0.06492987730127603,0.5551898820254858,0.37029380574266607,0
Training_Old,EIF3K,0.37315262430954166,0.8638644081028736,0.905972942345728,0
Training_Old,GRHPR,0.7786000923112251,0.964044286843038,0.9952911339206468,0
Training_Old,CTSZ,0.9467978757895232,0.9954864063133828,0.999511230917862,0
Training_Old,UBA2,0.5533059370931931,0.9030773872803892,0.960051538097581,0
Training_Old,COPS7A,0.8702255601481144,0.989448788709926,0.9980794429272412,0
Training_Old,HSPB7,0.14833655343819935,0.6915823418575652,0.6816072978929654,0
Training_Old,CLIP2,0.9511009036779554,0.9954864063133828,0.9994650364757324,0
Training_Old,UQCR10,0.7719406509066234,0.9636490266952572,0.9912167612160548,0
Training_Old,DNAJB4,0.8761658890728028,0.989448788709926,0.9946915567156036,0
Training_Old,NIPSNAP3A,0.9370540031531872,0.9954864063133828,0.9986527793019316,0
Training_Old,TES,0.13774154525437027,0.6762281531564756,0.4848124750129955,0
Training_Old,KDM5B,0.7673430979987921,0.9636490266952572,0.9907943305521498,0
Training_Old,WARS2,0.4132275068778749,0.8760527778984114,0.8606944907410422,0
Training_Old,MLX,0.8901449816145581,0.9904532574711392,0.997290290553767,0
Training_Old,SEPTIN9,0.2398179612946533,0.7983649865435387,0.8346299810004115,0
Training_Old,UBQLN2,0.14336974950771916,0.6912435967267507,0.7402462322224785,0
Training_Old,PCYOX1,0.29168832201617645,0.8322638465093714,0.8593125589853293,0
Training_Old,DPP7,0.9384951566499946,0.9954864063133828,0.9992131635051432,0
Training_Old,SMPX,0.03907572999219719,0.5057861921988993,0.38674356076798666,0
Training_Old,BCAP29,0.5784473481794846,0.908364110698336,0.9691543661488634,0
Training_Old,CYB5R1,0.1895488759660437,0.7468791530602319,0.8231029986707132,0
Training_Old,PFDN2,0.16366540605011592,0.7127037888202986,0.7940120964313581,0
Training_Old,PUF60,0.2653285282418399,0.8278052680817009,0.8727891555465209,0
Training_Old,ENOPH1,0.18461159904447952,0.7424859223567235,0.7989947440372025,0
Training_Old,NDUFA12,0.8906514798097057,0.9904532574711392,0.9976756702816432,0
Training_Old,EIF2B4,0.5880041492728427,0.908364110698336,0.959153241264494,0
Training_Old,ATP6V1H,0.38600481889714544,0.8641461081767443,0.906790525807121,0
Training_Old,TRMT112,0.5012733739154814,0.8975544379425378,0.9079094885251372,0
Training_Old,XPO7,0.5289929053078459,0.9022036585020758,0.9504669467695134,0
Training_Old,LCMT1,0.4469096649851778,0.8796796312115669,0.9284725289644196,0
Training_Old,ATP5IF1,0.5402271000559555,0.9022036585020758,0.9533417962582058,0
Training_Old,AK3,0.9922014986564142,0.9992987912076046,0.9999858638370068,0
Training_Old,NAGK,0.09302078842002114,0.6263823289459617,0.7270227401629666,0
Training_Old,SLC25A13,0.3590110522931931,0.860596056115936,0.9133560466198004,0
Training_Old,DBNL,0.9092519923152362,0.9932478468507332,0.9983251794404264,0
Training_Old,DCTN4,0.5042929804087625,0.8980720244440918,0.945134970667002,0
Training_Old,HSPB8,0.8347216748815727,0.9834489367848462,0.993825715128866,0
Training_Old,STOML2,0.2773934950893663,0.8322638465093714,0.8920446262881467,0
Training_Old,VPS28,0.16805408514993936,0.7201474796005275,0.8161255649137751,0
Training_Old,JPT1,0.3315760315117049,0.8548593030677044,0.8460379352214784,0
Training_Old,APPL1,0.6571401053891662,0.9395802936264872,0.9854164798578092,0
Training_Old,PACSIN3,0.0976756862017232,0.6353161094517655,0.6402594174694809,0
Training_Old,ACAD8,0.5099355652986948,0.900488222333481,0.9505967140963458,0
Training_Old,AGO2,0.8073468735217711,0.9802322444594548,0.993879691935524,0
Training_Old,MYH2,0.1264442071804101,0.6762281531564756,0.3802269836795457,0
Training_Old,MYH13,0.3891674364505432,0.8658398656849126,0.7789493230957664,0
Training_Old,CDV3,0.556305709353837,0.9048014892038364,0.967255067584002,0
Training_Old,RAB21,0.05656734966003495,0.5457266217037436,0.6024182897104811,0
Training_Old,PSME2,0.04763725815180947,0.5325118116072927,0.4199167853383317,0
Training_Old,DNPEP,0.7222506905550887,0.9565813735798262,0.9915489271042872,0
Training_Old,MCTS1,0.9481635714144384,0.9954864063133828,0.9997185364545204,0
Training_Old,TBC1D24,5.740269743926212e-4,0.16809033211750346,0.02891997056933031,-1
Training_Old,TMCO1,0.0968861758352454,0.6353161094517655,0.6580794191079347,0
Training_Old,EPDR1,0.4988113644664601,0.8950633829678537,0.938896121008304,0
Training_Old,MYO6,0.08317114460434115,0.6036338742418161,0.5171720822706903,0
Training_Old,NFU1,0.00417404205194256,0.3249336086327226,0.14747258826897625,0
Training_Old,SYNPO2,0.8128580935088284,0.9812174171683822,0.992141248364264,0
Training_Old,UBQLN1,0.12135332981091966,0.6674433139600582,0.5313595738887527,0
Training_Old,SNX12,0.6947595222689726,0.944931700472144,0.983762685709846,0
Training_Old,NDRG2,0.5755897939606656,0.908364110698336,0.967834615671871,0
Training_Old,VPS4A,0.4420977893013552,0.8796796312115669,0.9406954062868365,0
Training_Old,G3BP2,0.6024944070488523,0.915444739343292,0.9508569125228667,0
Training_Old,STUB1,0.4217722774665177,0.8760527778984114,0.9366250436190138,0
Training_Old,PACSIN2,0.5657994572834737,0.908276497922918,0.9642046150924608,0
Training_Old,SNX6,0.33466564526015563,0.8548593030677044,0.9297012449382196,0
Training_Old,PSMD13,0.8718113486586523,0.989448788709926,0.9985597176985288,0
Training_Old,COPS3,0.6685383957117267,0.9411232628892084,0.990111305886233,0
Training_Old,NSFL1C,0.5530834794519394,0.9030773872803892,0.9774057211388034,0
Training_Old,PPP6R1,0.8420799110085152,0.9839479860037118,0.996863108687265,0
Training_Old,LIMCH1,0.6863136847591801,0.9411232628892084,0.9841403462565574,0
Training_Old,USP24,0.04542483481448731,0.527127753451633,0.4611169398053183,0
Training_Old,MAPRE3,0.4334229063092584,0.8790448592205058,0.8848387979794362,0
Training_Old,PA2G4,0.10650343448999784,0.6536696690105152,0.7202522137521657,0
Training_Old,CAMK2A,0.16865707480155925,0.7201474796005275,0.667837638058977,0
Training_Old,CHMP2B,0.7835962333483804,0.9649884809514748,0.9929133832884592,0
Training_Old,RTRAF,0.5729546430986844,0.908364110698336,0.9307839769341112,0
Training_Old,RUVBL2,0.5362276678803133,0.9022036585020758,0.9521127667278318,0
Training_Old,APOBEC2,0.2813874950588445,0.8322638465093714,0.766110364362015,0
Training_Old,PIN4,0.2657481380227423,0.8278052680817009,0.8411543561287949,0
Training_Old,EIF3L,0.3378084836546882,0.8554574550104334,0.8798521329983547,0
Training_Old,PLAA,0.14603222131679197,0.6915317001116692,0.8014161024420788,0
Training_Old,NUDC,0.20993802237209597,0.7591244206420252,0.8748619233770658,0
Training_Old,BCS1L,0.8080418265170031,0.9802322444594548,0.990852390049548,0
Training_Old,VDAC3,0.11014939523713776,0.6536696690105152,0.6545315430655134,0
Training_Old,CFL2,0.5450220932500935,0.9022036585020758,0.9742358210758404,0
Training_Old,FARSA,0.7265614078444572,0.9569147359342124,0.9858923186843576,0
Training_Old,CNPY2,0.7089395967641285,0.950079131066927,0.9861017495041404,0
Training_Old,FNDC3A,0.983282334175536,0.9954864063133828,0.999807146895898,0
Training_Old,PADI2,0.2584046152403851,0.827145827681635,0.8629255577939018,0
Training_Old,GSTK1,0.4039588885410737,0.8760527778984114,0.9233258140831028,0
Training_Old,LAMTOR2,0.9095636781184796,0.9932478468507332,0.9986176279674772,0
Training_Old,MRPS35,0.5108787612824738,0.9006476993560807,0.9445660699444304,0
Training_Old,COA3,0.49342484234939976,0.8939531382076433,0.915399918139098,0
Training_Old,TMA7,0.3758637659169147,0.8638644081028736,0.9083954059556044,0
Training_Old,SUGT1,0.7663780051540511,0.9636490266952572,0.9926094952666394,0
Training_Old,COQ6,0.7012563461638759,0.948177594813128,0.9861199915658898,0
Training_Old,ACOT9,0.4094523980479799,0.8760527778984114,0.9293202495943068,0
Training_Old,MEMO1,0.5857629528348288,0.908364110698336,0.9675112753481934,0
Training_Old,TMX2,0.5416075457657619,0.9022036585020758,0.9445730969491652,0
Training_Old,SH3GLB1,0.2150773588959611,0.76701005697458835,0.8113688358401598,0
Training_Old,CAB39,0.6866802636037381,0.9411232628892084,0.989367831780928,0
Training_Old,LUC7L2,0.5751124084872206,0.908364110698336,0.9742357458138392,0
Training_Old,DHRS7,0.3961526640407088,0.8719454266518887,0.925295218037976,0
Training_Old,MOB4,0.5388416543544777,0.9022036585020758,0.9587509876522612,0
Training_Old,SBDS,0.3675135194719231,0.862431725694113,0.9295184513892534,0
Training_Old,MRPL11,0.3107691320752494,0.8383000186922706,0.8602018187741179,0
Training_Old,PPIL1,0.4571628451716996,0.8815076258918112,0.9609877761753972,0
Training_Old,MSRB2,0.5415233239403154,0.9022036585020758,0.9401970649321584,0
Training_Old,FIS1,0.3031280552434041,0.8322638465093714,0.8787035959866991,0
Training_Old,PTRH2,0.03106586341650159,0.4571502931492847,0.1135221304063998,0
Training_Old,STRAP,0.7814102332119564,0.964044286843038,0.9958981919574382,0
Training_Old,RTCB,0.06454454505169474,0.5541385331267451,0.6873269496016421,0
Training_Old,RPL36,0.4355080518090516,0.8796373263781408,0.8911158380927475,0
Training_Old,SAMHD1,0.03105909168518685,0.4571502931492847,0.2787923215858673,0
Training_Old,HBS1L,0.07958509239574024,0.5948819335268644,0.6578487201433096,0
Training_Old,TLN1,0.11142096630861054,0.6536696690105152,0.8084475617221281,0
Training_Old,USP15,0.6602698165056944,0.9395802936264872,0.9837140509053168,0
Training_Old,TLN2,7.958822543442399e-4,0.16809033211750346,0.07475736177551719,0
Training_Old,DTNA,0.00826431541682851,0.35119248634787037,0.3618026537251049,0
Training_Old,HYOU1,0.10109818203819454,0.6431306038092376,0.6579008643656172,0
Training_Old,AFG3L2,0.5569005367246426,0.9048014892038364,0.9703993473059408,0
Training_Old,ARIH1,0.03617684074315713,0.48977876698428113,0.387699209532038,0
Training_Old,RNF114,0.04234198726091513,0.5100135337386771,0.52199240544054,0
Training_Old,SAMM50,0.9240810694159296,0.9952367254494868,0.9994351146771776,0
Training_Old,PPME1,0.4213491046238945,0.8760527778984114,0.8705963036125394,0
Training_Old,TIMM9,0.12896088120154983,0.6762281531564756,0.7047953159779909,0
Training_Old,TIMM8B,0.25552910503649845,0.8264586061823657,0.8099386899873965,0
Training_Old,UCHL5,0.3861414202948549,0.8641461081767443,0.9298342006067634,0
Training_Old,TIMM13,0.2998594407379032,0.8322638465093714,0.8815033652393242,0
Training_Old,SRPRB,0.7772435229874625,0.964044286843038,0.9919803611560166,0
Training_Old,GMPPB,0.8234394399640736,0.9815064296357964,0.9953108616076186,0
Training_Old,MPC1,0.07306514039564356,0.5779534700958772,0.5558521673543823,0
Training_Old,SNX5,0.39887422004888495,0.8720728289267548,0.8422439249015595,0
Training_Old,HEBP2,0.27115836701138346,0.8322638465093714,0.8682751933645679,0
Training_Old,HCFC2,0.4132378894315353,0.8760527778984114,0.8432650136259421,0
Training_Old,FHOD1,0.9820954648905726,0.9954864063133828,0.999967218570872,0
Training_Old,MYH4,0.8522847018762034,0.9873973068362818,0.9886156120677736,0
Training_Old,MRPS18B,0.13125827696112904,0.6762281531564756,0.7070390840042524,0
Training_Old,COPG1,0.3705423520548151,0.8638644081028736,0.9275353964939362,0
Training_Old,CLIC4,0.0712127835404039,0.5740511406005078,0.5148076527513302,0
Training_Old,NFS1,0.791848350611261,0.9700601603776003,0.9879826890258768,0
Training_Old,SPCS1,0.584302285422347,0.908364110698336,0.9706878976862374,0
Training_Old,SAR1B,0.569172298184782,0.908364110698336,0.9710523955136529,0
Training_Old,MTCH2,0.8963491850979579,0.9921509498092368,0.9988602217407986,0
Training_Old,BZW2,0.4393785544057909,0.8796373263781408,0.9564520812125914,0
Training_Old,DYNC1LI1,0.4327032446182121,0.8790448592205058,0.9172684981895836,0
Training_Old,CHCHD2,0.20371804632256887,0.7564660176718055,0.6851153006089192,0
Training_Old,NDUFB9,0.704659183263258,0.9496049149362232,0.9830926455765872,0
Training_Old,COX11,0.6599277500815023,0.9395802936264872,0.9751931055976096,0
Training_Old,SQOR,0.5803682976787112,0.908364110698336,0.946793506555388,0
Training_Old,SESN1,0.5450157212682534,0.9022036585020758,0.956438210530425,0
Training_Old,SEC23IP,0.5621235076878399,0.90695557542912,0.9718129302771918,0
Interaction,MMP24OS,0.898985411591788,0.987468304529188,0.994147842916642,0
Interaction,ESYT2,0.8552132807998756,0.9854311722187112,0.9948674029982216,0
Interaction,ILVBL,0.33623866827060334,0.8484650255835557,0.7815340119118969,0
Interaction,FSD2,0.538915839590715,0.9332672678842272,0.934437578744928,0
Interaction,TARS3,0.8967844851587674,0.9872076272682924,0.9964359514605258,0
Interaction,VWA8,0.33531371586262204,0.8484650255835557,0.7009715559033017,0
Interaction,CARNS1,0.2793887854987454,0.8253531173664314,0.6615431707618992,0
Interaction,MAP1LC3B2,0.11094161959751651,0.7179536967395801,0.35268686521307235,0
Interaction,PGP,0.48970469641841785,0.922485112264284,0.9479484573131014,0
Interaction,DHRS7C,0.8593383339046485,0.9854311722187112,0.9951297536807449,0
Interaction,SMTNL1,0.438919350859039,0.910335198573387,0.8456051252790104,0
Interaction,NUDT19,0.32763037376636117,0.8476369238316583,0.710148551630833,0
Interaction,NACA,0.08644543722709945,0.7179536967395801,0.6623663340332064,0
Interaction,SLC35A4,0.3407771171542643,0.8497554824001795,0.8217761459919867,0
Interaction,PDLIM1,0.93883022114981,0.9903410703013332,0.9987907013946667,0
Interaction,MYO1C,0.06148781713587988,0.6871590627791683,0.3670292817593316,0
Interaction,FXYD1,0.8467184795256377,0.9854311722187112,0.9916222996917994,0
Interaction,STXBP3,0.00799624365253027,0.60007559363049,0.1341244371446838,0
Interaction,NDUFS8,0.08456903728920209,0.7179536967395801,0.4332446866419884,0
Interaction,PSMD11,0.5351776120063345,0.9332672678842272,0.9647906499848756,0
Interaction,PSMD12,0.3831892401674122,0.8725152102698197,0.8897246824907491,0
Interaction,PSMD9,0.6435433229489684,0.961069163803106,0.975531784371564,0
Interaction,PGRMC1,0.7587767858366917,0.980798083318304,0.9662520934638134,0
Interaction,CLIC1,0.7037407508314202,0.9757270731075512,0.9789995614324468,0
Interaction,EIF3F,0.3686240839349786,0.8685999596414687,0.9001850789764052,0
Interaction,PDHX,0.4699043283763352,0.9161298065083752,0.9435677510268828,0
Interaction,DCTN6,0.3744603218178343,0.8688224169470268,0.8155196300399459,0
Interaction,IPO5,0.3274398553787722,0.8476369238316583,0.9135824428496412,0
Interaction,EEF2K,0.42273597600539137,0.8989557546430438,0.8557638267089163,0
Interaction,EML1,0.93576661631327,0.9903410703013332,0.9992991841312112,0
Interaction,DNM1L,0.5783749216374154,0.943782221954144,0.9664229800274904,0
Interaction,RTCA,0.4588202718175136,0.9161298065083752,0.9270563509491228,0
Interaction,NDUFA4,0.9325356387927962,0.9903410703013332,0.9991634838568482,0
Interaction,PSMD14,0.8249406954986163,0.9854311722187112,0.9959223458684128,0
Interaction,BIN1,0.02323948629754233,0.6266208129361281,0.4661491278831758,0
Interaction,KPNA3,0.5417946904858568,0.9332672678842272,0.9417585565068176,0
Interaction,DDX3X,0.8167367051865733,0.9854311722187112,0.9914129132484726,0
Interaction,KPNA4,0.39264857747501314,0.8748193650848385,0.9261455929466228,0
Interaction,CES2,0.6647475819520833,0.9666023531269136,0.9502330279033192,0
Interaction,FBP2,0.3534585196158532,0.8611732709771481,0.8080384838595605,0
Interaction,PDXK,0.745603808477846,0.9792459364801476,0.9901481037205682,0
Interaction,SDHD,0.3201666532357512,0.8476369238316583,0.8082528977161821,0
Interaction,COX7A2L,0.4783047452528487,0.9221576569491778,0.8466659366392162,0
Interaction,GAPDHS,0.8429779496983822,0.9854311722187112,0.9847548845886084,0
Interaction,HSPB6,0.1390060307599659,0.7383632548114595,0.5047610953970194,0
Interaction,NDUFAB1,0.27819696918985604,0.8243890441013929,0.7601186168051669,0
Interaction,IMPA2,0.5639220905514908,0.9332672678842272,0.9460024580431032,0
Interaction,PDCD5,0.32405297663317634,0.8476369238316583,0.8879470528696303,0
Interaction,PRMT5,0.02072363731401419,0.6266208129361281,0.35276005301913577,0
Interaction,PSMA7,0.5132804789924325,0.9329178245174946,0.9652319153821062,0
Interaction,OPLAH,0.6813038230502477,0.9702265433758293,0.978803045164898,0
Interaction,MGST3,0.1138865603332882,0.7179536967395801,0.573477410115969,0
Interaction,RGS12,0.519302334575224,0.9332672678842272,0.9014919779063204,0
Interaction,HAT1,0.1242555545767705,0.7179536967395801,0.11795145423632653,0
Interaction,UQCRQ,0.13042454641484116,0.7264791210030851,0.6779606910457577,0
Interaction,MYL12B,0.0431089824407939,0.6440645776750207,0.2731482958573459,0
Interaction,UQCR11,0.0753597518406394,0.7140355327881074,0.3365831749475395,0
Interaction,CASQ2,0.37971116415361694,0.8721684987217657,0.8242575180866628,0
Interaction,HGS,0.9588548435524284,0.9923911459623902,0.9996157173366412,0
Interaction,HNRNPDL,0.2230561278265212,0.7782105332378368,0.723245816788414,0
Interaction,XPO1,0.23319893755917487,0.7867016213220325,0.825307340576955,0
Interaction,ATP2A1,0.7696651558178799,0.9830191442999184,0.9862288367619372,0
Interaction,SYNJ2,0.8103426098746704,0.9854311722187112,0.9828964720857876,0
Interaction,SYNM,0.3881746300171496,0.8727794725058305,0.7616204922797172,0
Interaction,ARPC1B,0.6423949115661023,0.961069163803106,0.9563012867274474,0
Interaction,ARPC2,NA,NA,NA,0
Interaction,PGRMC2,0.12023630372448676,0.7179536967395801,0.531091400802212,0
Interaction,PFDN6,0.9845671721151772,0.9955385620149444,0.9999623935818904,0
Interaction,NDUFA1,0.07450569619894697,0.7117895297518364,0.15496490660618506,0
Interaction,SURF4,0.1454954079671045,0.7433673676225092,0.5798324233121175,0
Interaction,MAPK13,NA,NA,NA,0
Interaction,TCAP,0.736589742761673,0.9785413164143968,0.9643139344324234,0
Interaction,PMM2,0.4702560747916638,0.9161298065083752,0.8742684960375844,0
Interaction,EIF3D,0.8506300619390658,0.9854311722187112,0.9960116491149552,0
Interaction,EIF3H,0.3735825518996476,0.8685999596414687,0.8066828364940211,0
Interaction,BCAT2,0.7740523615088977,0.9848335883907492,0.9880066077959216,0
Interaction,STX7,0.49597672515935,0.922485112264284,0.9306572219328536,0
Interaction,SLC16A3,0.01866972157435259,0.6266208129361281,0.07050479435475834,0
Interaction,YKT6,0.20553998083840175,0.7746935995485886,0.8013495618142663,0
Interaction,ARPC5,0.6791589151898734,0.9700291507912469,0.9580470599980326,0
Interaction,TAPBP,0.29701071503827725,0.8368000346631261,0.6284979844818405,0
Interaction,DHX15,0.08050850721454751,0.7179536967395801,0.47970490519166553,0
Interaction,CYB5B,0.294464724623655,0.834912802205532,0.7298366507617754,0
Interaction,NDUFS4,0.1722283096851999,0.7650141197644925,0.6066804866915589,0
Interaction,DYNC1LI2,0.0881658171619767,0.7179536967395801,0.5075076667323164,0
Interaction,PSMD3,0.1232200339029796,0.7179536967395801,0.6812377293789226,0
Interaction,RASA4,0.8243910188791854,0.9854311722187112,0.989261150953085,0
Interaction,HNRNPR,0.7860874241065398,0.9854311722187112,0.9915546505290832,0
Interaction,TXNL1,0.5440710930741213,0.9332672678842272,0.9692720350308468,0
Interaction,TPD52L2,0.47722945430151353,0.9221576569491778,0.95328678835197,0
Interaction,ERI3,0.4903587560774833,0.922485112264284,0.9053222393944476,0
Interaction,AKR7A2,0.7526816937971944,0.9800784348952708,0.98956361935534,0
Interaction,LAT,0.8402392020283997,0.9854311722187112,0.9922805889448008,0
Interaction,DENR,0.948749755260194,0.9903410703013332,0.999640953791615,0
Interaction,DNPH1,0.5744454450070797,0.9414273634632406,0.9536551221702602,0
Interaction,TIMM44,0.9907202374832148,0.9955385620149444,0.9999848529134197,0
Interaction,TRAPPC3,0.18708325071670337,0.7694576829560251,0.5566159187922367,0
Interaction,CHMP2A,0.5288890324156461,0.9332672678842272,0.9598719022967654,0
Interaction,NDUFB5,0.01655512172208843,0.6266208129361281,0.17684310284806715,0
Interaction,NDUFB3,0.04150741583463854,0.6440645776750207,0.28440690203851915,0
Interaction,NDUFA2,0.14324445004273872,0.739451079950354,0.621131682312471,0
Interaction,BUB3,0.4242614799524792,0.8994685866600998,0.8319059437941944,0
Interaction,ACTN4,0.06510266837213535,0.7074830285975261,0.05115820365297025,0
Interaction,GSTZ1,0.5979186925707209,0.9476454715976984,0.9348866161603844,0
Interaction,PRKAB2,0.8684019840430713,0.9854311722187112,0.9971340873139702,0
Interaction,AP1G1,0.5687476392805428,0.936472406056756,0.901827434938402,0
Interaction,SYNGR2,0.32451635016434743,0.8476369238316583,0.7905772507782767,0
Interaction,SGTA,0.714783386681452,0.9783312218446496,0.9863280529864304,0
Interaction,ENSA,0.5732248908668838,0.9413686978090752,0.9473526013140688,0
Interaction,SLC25A20,0.3324625429077184,0.8484650255835557,0.8131702307981281,0
Interaction,NARS1,0.8880889787288839,0.9858065901306122,0.9975894140802156,0
Interaction,LANCL1,0.338933703504835,0.8497554824001795,0.8666742684196006,0
Interaction,SLC37A4,0.2971157450447336,0.8368000346631261,0.7711265889570732,0
Interaction,IDH3B,0.9975244270013488,0.9991718333735564,0.9999987956749872,0
Interaction,CALU,0.575820961222355,0.9422117130281682,0.9549479109332732,0
Interaction,AHCYL1,0.4133543996109138,0.8902983284410025,0.903492345861906,0
Interaction,NDUFS5,0.04466745666970042,0.6440645776750207,0.27205763722388543,0
Interaction,TIMM8A,0.12247893698312004,0.7179536967395801,0.3607163281516479,0
Interaction,PPP1R12B,0.0646432755616894,0.7074830285975261,0.19023394183110448,0
Interaction,PRPSAP2,0.35121953019883156,0.8590363596597731,0.8166856282326248,0
Interaction,SPAG9,0.13023352523105533,0.7264791210030851,0.5447226451273112,0
Interaction,OPA1,0.88538412511135,0.9854311722187112,0.9976568881379548,0
Interaction,TBC1D4,0.1762486347219041,0.7678983487629457,0.7018713911586536,0
Interaction,SNX3,0.6876447956068432,0.9709285722916516,0.9858288992979574,0
Interaction,SYNCRIP,0.2425855384244212,0.7954539833722686,0.8065001386815004,0
Interaction,SELENOF,0.5242968395545501,0.9332672678842272,0.7798599337349421,0
Interaction,KLHL41,0.293114370617627,0.8337956723519173,0.6665766714395663,0
Interaction,PLIN3,0.10004484519197313,0.7179536967395801,0.6208550324796144,0
Interaction,KPNA6,0.3794308417019886,0.8721684987217657,0.8867696188707681,0
Interaction,SNX2,0.9743825000653056,0.9955385620149444,0.9998906374708368,0
Interaction,USO1,0.8573703262611616,0.9854311722187112,0.996154696842575,0
Interaction,TOM1,0.7181312142212142,0.9783312218446496,0.9842019095283644,0
Interaction,PFKFB2,0.758636949323845,0.980798083318304,0.9841170631365606,0
Interaction,EDF1,0.7488690778855489,0.9792459364801476,0.986797123702126,0
Interaction,DNAJA2,0.37696422238570104,0.8712891432699207,0.9109232328985586,0
Interaction,CUTA,0.5920390821203604,0.9473071757857868,0.9439129623095118,0
Interaction,PFDN1,0.20788180856744393,0.7747378329305563,0.7773950267308568,0
Interaction,NOL3,0.8460040296439818,0.9854311722187112,0.9947807887920918,0
Interaction,WDR1,0.4957471206767733,0.922485112264284,0.9515804359091096,0
Interaction,LDB3,0.37780327509051814,0.8713113951319195,0.8875999202028394,0
Interaction,CLASP2,0.8642832684534241,0.9854311722187112,0.9936901185569949,0
Interaction,COBL,0.3111218962521051,0.8431857064796524,0.689181816351242,0
Interaction,CPNE3,0.27996061227989705,0.8253531173664314,0.8490226907484745,0
Interaction,CLUH,0.2609541260736452,0.8062714983540127,0.5748567805999021,0
Interaction,CAND2,0.12724391690514833,0.7179536967395801,0.6026900229828097,0
Interaction,COQ9,0.7462724796617217,0.9792459364801476,0.988465070345811,0
Interaction,GGCT,0.6290811640841425,0.9549624277794448,0.9708868104013304,0
Interaction,NDUFS7,0.01453150309451084,0.6266208129361281,0.08431152923844319,0
Interaction,RTN2,0.11491840522854324,0.7179536967395801,0.667612315989941,0
Interaction,NDUFS2,0.01756715098824381,0.6266208129361281,0.1558211712347444,0
Interaction,NIPSNAP2,0.2804864949070119,0.8253531173664314,0.8300478863443013,0
Interaction,CILP,0.04030149999454931,0.6440645776750207,0.03532652522196181,1
Interaction,TBCA,0.6614996527999908,0.9644765930137272,0.9811377916643852,0
Interaction,ATP6V1G1,0.02274268973911421,0.6266208129361281,0.3620281137902592,0
Interaction,VPS4B,0.22483283849374913,0.7782105332378368,0.6522911792957052,0
Interaction,MACROH2A1,0.11187660357745934,0.7179536967395801,0.23700494612289336,0
Interaction,SH3BGRL,0.28043279388459497,0.8253531173664314,0.6894773221751672,0
Interaction,FLNB,0.5597108703364567,0.9332672678842272,0.922352687857458,0
Interaction,NDUFS6,0.01635013515954801,0.6266208129361281,0.15379778294837324,0
Interaction,CS,0.9040001339033524,0.9900178499897422,0.9985461210197416,0
Interaction,SEC22B,0.04377994497499245,0.6440645776750207,0.510448889441892,0
Interaction,MTX2,0.14985550146756882,0.7433673676225092,0.6900858587512472,0
Interaction,VPS26A,0.7662696163273409,0.9810496186924323,0.9896714645185036,0
Interaction,NDUFB1,0.2058910662374227,0.7746935995485886,0.6709162981349458,0
Interaction,PMPCB,0.1052530527996994,0.7179536967395801,0.5807215624119686,0
Interaction,NDUFS3,0.08506264664007356,0.7179536967395801,0.4994155879317837,0
Interaction,ECI2,0.6689926646040243,0.9666023531269136,0.9733013000100488,0
Interaction,BANF1,0.06142533788031306,0.6871590627791683,0.3085753100393821,0
Interaction,CSDE1,0.9567042578757214,0.9913130521867304,0.999698293339822,0
Interaction,PRKRA,0.6606007028549532,0.9638347754849004,0.9492767749246008,0
Interaction,LYPLA1,0.3669450898111537,0.8685254447956907,0.8929725202273978,0
Interaction,TIPRL,0.3939313158888481,0.8758197827327723,0.9177441735559918,0
Interaction,PPM1B,0.27011314211065907,0.8153846430668028,0.7814652828650815,0
Interaction,SLC25A12,0.33848918859222976,0.8496604363587512,0.8833619179852387,0
Interaction,TCEA3,0.07248460733612946,0.7083263256428278,0.2896003870777697,0
Interaction,EIF3G,0.1274273906697388,0.7179536967395801,0.6427937273877118,0
Interaction,EIF3J,0.22269526147709304,0.7782105332378368,0.8486904479207504,0
Interaction,PSMD10,0.31055441855458144,0.8431857064796524,0.8653884932788749,0
Interaction,IDH1,0.6114698557009015,0.9486203370812758,0.9742581749209992,0
Interaction,SCO1,0.06425117311971636,0.7074830285975261,0.29933150510074036,0
Interaction,ALDH1L1,0.07618785848704915,0.7140355327881074,0.452618987638466,0
Interaction,ARL6IP5,0.22927086617723705,0.7841359352735049,0.8122578302556624,0
Interaction,DYSF,0.12188665874517984,0.7179536967395801,0.6989896961957983,0
Interaction,PIAS2,0.4800905634244409,0.9221576569491778,0.9209922842120788,0
Interaction,DCTN3,0.07084865973828854,0.7074852069419307,0.2788064189369176,0
Interaction,ATP5PD,0.20470724417030045,0.7746935995485886,0.788152245821469,0
Interaction,FLOT1,0.6588293081076693,0.9638347754849004,0.9718781500110744,0
Interaction,ATP5MG,0.23398674051777923,0.7867016213220325,0.8053730310873396,0
Interaction,GLRX3,0.04049278856427356,0.6440645776750207,0.3526813076300888,0
Interaction,SNCG,0.8691114682458873,0.9854311722187112,0.9850465541290084,0
Interaction,DDAH1,0.20822346302295688,0.7747378329305563,0.731918234853631,0
Interaction,TPPP,NA,NA,NA,0
Interaction,BAIAP3,0.8573638218039579,0.9854311722187112,0.9942804973424428,0
Interaction,TOMM70,0.00891531571454576,0.60007559363049,0.14860464524515685,0
Interaction,UFL1,0.9567524031211116,0.9913130521867304,0.9996463191090564,0
Interaction,TMEM63A,0.3153324909076815,0.8450428104554066,0.7771858178481758,0
Interaction,PLPBP,0.8441724677573437,0.9854311722187112,0.9963858702808348,0
Interaction,ERLIN2,0.3937690723386976,0.8758197827327723,0.8701242434847513,0
Interaction,ENDOD1,0.977905332200578,0.9955385620149444,0.999932267374312,0
Interaction,SEC31A,0.8706344951205631,0.9854311722187112,0.9962908677381512,0
Interaction,NDUFB6,0.02838776210258584,0.6266208129361281,0.15513184131913876,0
Interaction,MFN2,0.12066538911858717,0.7179536967395801,0.6194748158006742,0
Interaction,NDUFA3,0.02601709095436087,0.6266208129361281,0.15639563112584665,0
Interaction,NDUFB4,0.03258703828148633,0.6266208129361281,0.22322035643020857,0
Interaction,NDUFB8,0.0649801169894124,0.7074830285975261,0.4344389699750569,0
Interaction,NDUFA7,0.04323616533725574,0.6440645776750207,0.25946591084659804,0
Interaction,RTN3,0.8139710111615899,0.9854311722187112,0.9878720170991322,0
Interaction,LETM1,0.720731458566825,0.9785413164143968,0.9810199193505724,0
Interaction,STBD1,0.1409664801164719,0.7383632548114595,0.7089829942341253,0
Interaction,ZRANB2,0.8105440103343609,0.9854311722187112,0.9790677382550064,0
Interaction,EPM2A,0.08858503803053089,0.7179536967395801,0.3754046595858485,0
Interaction,VAPB,0.7355761182835927,0.9785413164143968,0.9880668605803588,0
Interaction,NDUFC2,0.02206733893491811,0.6266208129361281,0.1156419510423116,0
Interaction,NDUFA10,0.02769874910248389,0.6266208129361281,0.2371672681562923,0
Interaction,PGLS,0.7601974097337294,0.9810333535380386,0.9846212239979176,0
Interaction,TACC2,0.04830812110079025,0.6548087898887762,0.3484574207853949,0
Interaction,LYPLA2,0.5610959736588719,0.9332672678842272,0.9199518097421864,0
Interaction,IPO7,0.09232024214586132,0.7179536967395801,0.511751779109702,0
Interaction,ARIH2,0.02145653032911176,0.6266208129361281,0.13337303823699018,0
Interaction,PGM3,0.3631927945428065,0.8685254447956907,0.854042139981686,0
Interaction,SVIL,0.20228887441151783,0.7746935995485886,0.521878779185892,0
Interaction,AHSA1,0.17924097048853146,0.7678983487629457,0.737402597034828,0
Interaction,H6PD,0.5756229280859249,0.9422117130281682,0.9548936270850916,0
Interaction,MPC2,0.4203769167759592,0.8948448856598686,0.8959242120561708,0
Interaction,ETHE1,0.2503850388563914,0.7985540817521978,0.7058918382733201,0
Interaction,ACSL3,0.05467380691293698,0.6639865221045121,0.49896718324704104,0
Interaction,ASMTL,0.8325022317922979,0.9854311722187112,0.9881137011652388,0
Interaction,CDS2,0.10583756790482576,0.7179536967395801,0.5511770982041455,0
Interaction,SNAP29,0.01548383258395934,0.6266208129361281,0.08601372553278282,0
Interaction,OXSR1,0.9296010563474308,0.9903410703013332,0.9994050055608044,0
Interaction,LSM8,0.02230760734868675,0.6266208129361281,0.13286058652189722,0
Interaction,AP2A1,0.6707338585748517,0.9666023531269136,0.970187318362341,0
Interaction,CAVIN2,0.8089944804994431,0.9854311722187112,0.9931579738953324,0
Interaction,BAG2,0.3189452631198188,0.8460909063317416,0.7782624233932591,0
Interaction,BAG3,0.6054131967729028,0.9486203370812758,0.9539102454314377,0
Interaction,MLYCD,0.610563192455294,0.9486203370812758,0.9195452090414524,0
Interaction,AIFM1,0.5883654586800926,0.9460359456794404,0.9718192462548652,0
Interaction,EML2,0.7364061060985878,0.9785413164143968,0.97621835789968,0
Interaction,BPNT1,0.4437003938234896,0.9110610587868728,0.9035788624174482,0
Interaction,DDAH2,0.03568345142590286,0.6266208129361281,0.3243861887400941,0
Interaction,ABHD16A,0.09715017586210176,0.7179536967395801,0.2590460884398271,0
Interaction,TXNDC12,0.1591951703813645,0.7493594429402247,0.1643250062247983,0
Interaction,NUDT3,0.7997874334895202,0.9854311722187112,0.9920754988973264,0
Interaction,NDUFB10,0.04652873697996494,0.6548087898887762,0.31038680270283414,0
Interaction,CLPTM1,0.1024350079298319,0.7179536967395801,0.23029465323235823,0
Interaction,MOCS2,0.28142842632327564,0.8269666065807023,0.7602544433447458,0
Interaction,TOMM40,0.03713902236939605,0.6343828129926918,0.35610044495947996,0
Interaction,PEX11B,0.7559553790112895,0.980798083318304,0.9744485939258192,0
Interaction,CYB5A,0.09822859135707572,0.7179536967395801,0.44144719694700935,0
Interaction,ADH1B,0.7384989849085091,0.9789188437178408,0.9639775905812572,0
Interaction,LDHA,0.995561870776493,0.9984131219577144,0.9999949360696287,0
Interaction,ALDH1A1,0.8235239894207764,0.9854311722187112,0.9919738137590448,0
Interaction,GLUD1,0.1626369822280343,0.7493594429402247,0.6982323252423747,0
Interaction,CYB5R3,0.06734726593027378,0.7074830285975261,0.5336684230126968,0
Interaction,GSR,0.3436225757367103,0.8513573486118258,0.9058643095866542,0
Interaction,MT-CO1,0.01663533185107719,0.6266208129361281,0.05247672393316133,0
Interaction,MT-CO2,0.08918743066384846,0.7179536967395801,0.47916452504302415,0
Interaction,MT-CO3,0.049916770584114,0.6551220900984647,0.25638029768563547,0
Interaction,SOD1,0.3302099478041347,0.8476369238316583,0.8675039724612583,0
Interaction,CP,0.4835109888250864,0.922485112264284,0.8989209337901373,0
Interaction,F13A1,0.06565570641527463,0.7074830285975261,0.18970551605780364,0
Interaction,HPRT1,0.8202768056154477,0.9854311722187112,0.9911135394750265,0
Interaction,GOT2,0.4341442212399349,0.9090154153840468,0.925652643109265,0
Interaction,PGK1,0.8393503008310802,0.9854311722187112,0.995925833574653,0
Interaction,AK1,0.21335162144782485,0.7766880552138719,0.7561814130094114,0
Interaction,MT-ATP6,0.23951885725700536,0.793499218776921,0.692717811533648,0
Interaction,CA2,0.616738236274126,0.9486203370812758,0.9545099539822968,0
Interaction,ASS1,0.34891055788494396,0.8573813825921255,0.655291879165663,0
Interaction,CST3,0.7963484543943852,0.9854311722187112,0.9901593033310718,0
Interaction,CSTA,0.5869495805276566,0.9456602038852968,0.869979091698448,0
Interaction,JCHAIN,0.8092742692000868,0.9854311722187112,0.9718672388225218,0
Interaction,HLA-B,0.03377523563356573,0.6266208129361281,0.08790882037745734,0
Interaction,HLA-DRB1,0.6020642455802516,0.9486203370812758,0.9257882804658508,0
Interaction,MB,0.6188933402014103,0.949120370630046,0.9728998151330972,0
Interaction,COL1A1,0.04878241705723275,0.6551220900984647,0.03542878722818415,1
Interaction,COL3A1,0.00898060423390288,0.60007559363049,9.447859416764238e-4,1
Interaction,COL4A1,0.01078589085330223,0.60007559363049,0.00257181159343227,1
Interaction,CRYAB,0.9629122764101956,0.9946306257314752,0.9996464491690136,0
Interaction,KRT14,0.8470569432471314,0.9854311722187112,0.9805323189267336,0
Interaction,LMNA,0.06959428002571963,0.7074852069419307,0.3065337825700893,0
Interaction,TNNC2,0.20634069594722873,0.7746935995485886,0.4756384200936463,0
Interaction,APOE,0.9286029029967944,0.9903410703013332,0.9975100465111364,0
Interaction,LRG1,0.04827143979723795,0.6548087898887762,0.16288770638014838,0
Interaction,FN1,0.88148651806686,0.9854311722187112,0.9885635285894996,0
Interaction,RBP4,0.8595065913812128,0.9854311722187112,0.9851076418014448,0
Interaction,TTR,0.3275973243499506,0.8476369238316583,0.7808831638362891,0
Interaction,PPBP,0.6491013698485453,0.9612634099247348,0.9230077830634428,0
Interaction,TFRC,0.16078812070266194,0.7493594429402247,0.3204508231400177,0
Interaction,FTL,0.1492114783406661,0.7433673676225092,0.17087050548970692,0
Interaction,FTH1,0.02531493791445434,0.6266208129361281,0.05351084699931627,0
Interaction,MT2A,0.25757912127917676,0.8017388649000746,0.6637162971749411,0
Interaction,MT-ND1,0.02068713004519119,0.6266208129361281,0.16601963234065018,0
Interaction,MT-ND2,0.03483650071049647,0.6266208129361281,0.13894863297379942,0
Interaction,MT-ND3,0.1526872350826404,0.7438857077441434,0.5342758069540101,0
Interaction,MT-ND4,0.21094328907481083,0.7747378329305563,0.6339695686577289,0
Interaction,MT-ND5,0.13950795018962325,0.7383632548114595,0.39071576780729905,0
Interaction,MT-ATP8,0.6260835165319766,0.9524992528846364,0.9563174230762024,0
Interaction,CAT,0.8587987008355842,0.9854311722187112,0.9936105148253404,0
Interaction,ALDOA,0.6037332345590907,0.9486203370812758,0.9730200502404712,0
Interaction,CSTB,0.7260062223086978,0.9785413164143968,0.9816788770587528,0
Interaction,ANXA1,0.219355805588403,0.7782105332378368,0.5973940064521363,0
Interaction,SOD2,0.9515651604988544,0.9903410703013332,0.99935628187947,0
Interaction,KRT1,0.46450221503439826,0.9161298065083752,0.7954028305234724,0
Interaction,VWF,0.6790147266828115,0.9700291507912469,0.9254717181449584,0
Interaction,GAPDH,0.6896788027133207,0.9711717047023336,0.9817618291268656,0
Interaction,HLA-A,0.8438010585046338,0.9854311722187112,0.9928896223997918,0
Interaction,CAPNS1,0.9358537112645062,0.9903410703013332,0.9996069967498676,0
Interaction,HSPB1,0.45608012891615834,0.9161298065083752,0.8803871355217766,0
Interaction,RPN1,0.8857960618767204,0.9854311722187112,0.9984013106349848,0
Interaction,RPN2,0.4672873795846527,0.9161298065083752,0.9038017661388352,0
Interaction,GNAI2,0.7190221914998827,0.9783312218446496,0.987621979392112,0
Interaction,ATP1A1,0.41049792988859424,0.8902983284410025,0.9287590557033008,0
Interaction,ATP1B1,0.719130098419145,0.9783312218446496,0.987621023628996,0
Interaction,APOD,0.8369328870324347,0.9854311722187112,0.989373331688281,0
Interaction,ALDH2,0.29183407435610037,0.8337956723519173,0.7347265082429386,0
Interaction,S100A8,0.794357048043185,0.9854311722187112,0.9719334304729228,0
Interaction,SLC25A5,0.9899625841177828,0.9955385620149444,0.9999844799473512,0
Interaction,SERPING1,0.460526246198667,0.9161298065083752,0.8625576563421281,0
Interaction,PCCA,0.24280803231576573,0.7954539833722686,0.7742881965613067,0
Interaction,PCCB,0.21314960386986223,0.7766880552138719,0.711556234919275,0
Interaction,EIF2S1,0.7753045003323651,0.9848335883907492,0.9947127193302022,0
Interaction,RPLP1,0.984550319416124,0.9955385620149444,0.9999270128037804,0
Interaction,RPLP2,0.3628078654162405,0.8685254447956907,0.8237256481150611,0
Interaction,RPLP0,0.580194120233583,0.943782221954144,0.94370110087419,0
Interaction,FABP3,0.38336220703470847,0.8725152102698197,0.8644772977999107,0
Interaction,CLEC3B,0.08705943742046197,0.7179536967395801,0.32823236393079597,0
Interaction,SSB,0.5366470064973659,0.9332672678842272,0.9169342504496606,0
Interaction,ITGB1,0.47429063883857814,0.9188057266203828,0.9511812741141532,0
Interaction,KRT18,0.20042843517001327,0.7746935995485886,0.45237836580303414,0
Interaction,KRT8,0.5600999774096618,0.9332672678842272,0.8513370115640605,0
Interaction,MYL1,0.08257606441107271,0.7179536967395801,0.17762327280573145,0
Interaction,GSN,0.9266418134184288,0.9903410703013332,0.998373888253613,0
Interaction,PTMA,0.6126794855348798,0.9486203370812758,0.9391013774964452,0
Interaction,ATP5F1B,0.8974614793348112,0.9872076272682924,0.9983449163854669,0
Interaction,S100A9,0.5840963347111037,0.9441354835336588,0.8814941631117053,0
Interaction,S100A6,0.15154039638417402,0.7433673676225092,0.29706481048660094,0
Interaction,EIF4E,0.9913915987979952,0.9955385620149444,0.9999892105334676,0
Interaction,CKM,0.31151198544590014,0.8431857064796524,0.8894815963379546,0
Interaction,ENO1,0.9231888889258923,0.9903410703013332,0.9986993554528204,0
Interaction,PYGL,0.44004634136314336,0.9110610587868728,0.8423347748797804,0
Interaction,GPI,0.8649664664832987,0.9854311722187112,0.9977304948298752,0
Interaction,NPM1,0.9205820100062084,0.9903410703013332,0.9986502052324592,0
Interaction,TPM3,0.07796931655654665,0.7140355327881074,0.11837404899957513,0
Interaction,EPHX1,0.18771798500235332,0.7703036845506724,0.6399193551366488,0
Interaction,DBI,0.8186354561337391,0.9854311722187112,0.9921804921332698,0
Interaction,LDHB,0.6327843616136577,0.9552373341053044,0.945344851683785,0
Interaction,GPX1,0.8626119887754922,0.9854311722187112,0.9974709288174958,0
Interaction,P4HB,0.30585899095735836,0.839438685331748,0.8877891757072237,0
Interaction,H1-0,0.05756652740248901,0.6674436307858687,0.28806125472201916,0
Interaction,CTSD,0.5067536840092817,0.9311991011970084,0.9434708927303046,0
Interaction,ANXA2,0.3600333530421601,0.8674656820430944,0.8719355507352318,0
Interaction,CAPN1,0.19746084044671625,0.7746935995485886,0.8499499538509748,0
Interaction,TUBB,0.48577454964692857,0.922485112264284,0.944718232864616,0
Interaction,CA3,0.04565796143896821,0.6482862074152697,0.3997785932108433,0
Interaction,DCN,0.3021483975288867,0.8375313547829174,0.7168460963373415,0
Interaction,PSAP,0.8543402914231394,0.9854311722187112,0.9952339327971372,0
Interaction,PFN1,0.2148672224738488,0.7766880552138719,0.8218432433393298,0
Interaction,BPGM,0.4062155416734105,0.8902983284410025,0.8508993608285365,0
Interaction,APRT,0.7146405870845047,0.9783312218446496,0.984972383412127,0
Interaction,EPRS1,0.00962897163674668,0.60007559363049,0.39673373200511186,0
Interaction,CTSB,0.5686870873036733,0.936472406056756,0.95109418747234,0
Interaction,HSP90AA1,0.7168883636210348,0.9783312218446496,0.9868440171140096,0
Interaction,UQCRH,0.26343770692782004,0.8105532690086262,0.8300825278157627,0
Interaction,TPM2,0.16174414624730707,0.7493594429402247,0.32706364613809275,0
Interaction,FH,0.8974067785576165,0.9872076272682924,0.9987623411463712,0
Interaction,COL1A2,0.08033855394619592,0.7179536967395801,0.05521603761873095,0
Interaction,ANXA6,0.9413618573913252,0.9903410703013332,0.9995844215452506,0
Interaction,PFKM,0.33777997659549985,0.8488944148650062,0.8480135512114595,0
Interaction,HSP90AB1,0.34474514783936894,0.852128888953546,0.8933117527714858,0
Interaction,SOD3,0.7882338329109475,0.9854311722187112,0.9781630273563574,0
Interaction,CTSG,0.04829385952275136,0.6548087898887762,0.00128452351415957,1
Interaction,PDHA1,0.9731569550398558,0.9955385620149444,0.9999158982849744,0
Interaction,COL4A2,0.03274945231118731,0.6266208129361281,0.04101092391515111,1
Interaction,CYC1,0.12136851334230304,0.7179536967395801,0.6567481273415876,0
Interaction,MYL3,0.0656686127669464,0.7074830285975261,0.10291319134085436,0
Interaction,SNRNP70,NA,NA,NA,0
Interaction,NFIC,0.07685551602199256,0.7140355327881074,0.381320053975837,0
Interaction,VIM,0.7746158696390271,0.9848335883907492,0.9806884595690948,0
Interaction,SERPINF2,0.7725618592270737,0.9848335883907492,0.9822370179897388,0
Interaction,RPS17,0.2405802010285096,0.793499218776921,0.7505407007594395,0
Interaction,KRT19,0.2938188409720381,0.8342072768679082,0.5834738423320235,0
Interaction,ANXA5,0.2637956832019556,0.8105532690086262,0.8012871422081563,0
Interaction,RPSA,0.12511613907875216,0.7179536967395801,0.6561893297807542,0
Interaction,SNRPA,0.03006066423507369,0.6266208129361281,0.2596505004479244,0
Interaction,ENO2,0.3529004631706163,0.8611427097810277,0.8507356529054766,0
Interaction,ACAA1,0.30010744867505745,0.8375313547829174,0.823966014628292,0
Interaction,GSTP1,0.09076027498352104,0.7179536967395801,0.606378481844138,0
Interaction,LGALS1,0.7687924754917429,0.9825018193480242,0.9828342561764508,0
Interaction,QDPR,0.5179861587953911,0.9332672678842272,0.9439977475581915,0
Interaction,HMGB1,0.20122072076928263,0.7746935995485886,0.7790306047382333,0
Interaction,RBP1,NA,NA,NA,0
Interaction,FBP1,0.3417849143713714,0.8508176600642787,0.7238702729887817,0
Interaction,GSTM1,0.16844533512584448,0.7594498907712429,0.15138892142459698,0
Interaction,TPM1,0.15920007469747924,0.7493594429402247,0.3163804184992004,0
Interaction,CLTB,0.01074378538018644,0.60007559363049,0.23873836295708564,0
Interaction,ANXA4,0.3726690413394728,0.8685999596414687,0.8695425731041009,0
Interaction,HMOX1,0.18134788445821243,0.7678983487629457,0.39467322152900824,0
Interaction,DLD,0.5416527946575904,0.9332672678842272,0.9617227202890188,0
Interaction,HNRNPA1,0.7253168629459211,0.9785413164143968,0.9750011762589116,0
Interaction,COX6C,0.04117049921923243,0.6440645776750207,0.24106085361985088,0
Interaction,PARP1,0.03406091981225701,0.6266208129361281,0.3763767686540809,0
Interaction,IFIT2,0.762756304168179,0.9810496186924323,0.9851182484788842,0
Interaction,UCHL1,0.02466058599710383,0.6266208129361281,0.06639094433862097,0
Interaction,LTA4H,0.787915823857295,0.9854311722187112,0.99292237210107,0
Interaction,ALDOC,0.7952480063811698,0.9854311722187112,0.9635517531310972,0
Interaction,LIMS3,0.16968146596966602,0.7619812443928085,0.591228681133793,0
Interaction,HSPA1A,0.508448589507522,0.9311991011970084,0.9460928132847388,0
Interaction,CALM1,0.8761783989635838,0.9854311722187112,0.9973615526632108,0
Interaction,FDX1,0.6716753405374938,0.9672309050509076,0.938986441745928,0
Interaction,COX8A,0.8205726322500185,0.9854311722187112,0.986897101088102,0
Interaction,GAA,0.7194296705140331,0.9783312218446496,0.9752502444466412,0
Interaction,RRAS,0.8229102563245568,0.9854311722187112,0.9936556619532309,0
Interaction,ARAF,0.6428799149544038,0.961069163803106,0.9306657907225528,0
Interaction,DLAT,0.7377484270349379,0.9785413164143968,0.9903755097696016,0
Interaction,TXN,0.8727215685851195,0.9854311722187112,0.9971667276144642,0
Interaction,COX5B,0.01740260547333799,0.6266208129361281,0.17936187781811952,0
Interaction,MAPT,0.07723854949020173,0.7140355327881074,0.5359647100504165,0
Interaction,PRKAR1A,0.3669815412693068,0.8685254447956907,0.9117279759048807,0
Interaction,ESD,0.747834766426277,0.9792459364801476,0.9823046167961924,0
Interaction,HSPD1,0.6227987132610973,0.9507296866978122,0.9763136856127728,0
Interaction,THRB,0.1037926466906459,0.7179536967395801,0.14418624262787227,0
Interaction,CLU,0.18036522277343311,0.7678983487629457,0.5422414006300059,0
Interaction,MYL2,0.01428197990442393,0.6266208129361281,0.01154901013753697,1
Interaction,HSPA5,0.4010094998628574,0.8850010075754868,0.9255202875912664,0
Interaction,LAMC1,0.02116479405419313,0.6266208129361281,0.0408954436869412,1
Interaction,MYH3,0.2151815690600331,0.7766880552138719,0.28783259204941597,0
Interaction,HSPA8,0.10448907873929995,0.7179536967395801,0.7274249887831951,0
Interaction,EPB41,0.7217269047874775,0.9785413164143968,0.9631464526179732,0
Interaction,PDHB,0.5980856236737497,0.9476454715976984,0.97549863736396,0
Interaction,DBT,0.845828256227271,0.9854311722187112,0.9931587092478132,0
Interaction,PYGB,0.4893986903944473,0.922485112264284,0.9386534962416276,0
Interaction,PYGM,0.07734032609674714,0.7140355327881074,0.5579244989192947,0
Interaction,RALA,0.1591471038075643,0.7493594429402247,0.705964390102729,0
Interaction,SPTB,0.7492127184854193,0.9792459364801476,0.9825775991182422,0
Interaction,LAMP1,0.8608333458952049,0.9854311722187112,0.996213094480632,0
Interaction,ACADM,0.8914970533551935,0.9858065901306122,0.997448709188382,0
Interaction,UBL4A,0.09835969695140678,0.7179536967395801,0.4411947551706394,0
Interaction,DMD,0.530835293208229,0.9332672678842272,0.9546544704425488,0
Interaction,MTHFD1,0.21661833644254783,0.777974572420159,0.8480737912850682,0
Interaction,ADH5,0.9928919495120512,0.9962110725524448,0.9999916024066172,0
Interaction,PABPC1,0.9774193931665768,0.9955385620149444,0.9999388794752204,0
Interaction,HARS1,0.09270958599419324,0.7179536967395801,0.648496608855138,0
Interaction,COL6A1,0.04333060277778343,0.6440645776750207,0.068766105430686,0
Interaction,COL6A2,0.086900916985386,0.7179536967395801,0.1410621707581523,0
Interaction,COL6A3,0.06862650186643675,0.7074852069419307,0.1387308879955639,0
Interaction,SLC25A4,0.6707787867011138,0.9666023531269136,0.9705877378700282,0
Interaction,SLC25A6,0.6446321580501146,0.961069163803106,0.9475375579419828,0
Interaction,IMPDH2,0.10497339077420106,0.7179536967395801,0.6461913153466419,0
Interaction,CKB,0.5132178453142635,0.9329178245174946,0.95260053701847,0
Interaction,ANXA3,0.4476858337188595,0.9110610587868728,0.8589974038581965,0
Interaction,BCKDHA,0.7516519445622696,0.979665468688169,0.979620970325223,0
Interaction,ACTN1,0.09537537336119384,0.7179536967395801,0.06041394666573328,0
Interaction,MYH1,0.296447338760246,0.8368000346631261,0.5314608689678928,0
Interaction,MYH7,0.05787990729784112,0.6674436307858687,0.09085374760597996,0
Interaction,PEPD,0.7495648692172732,0.9792459364801476,0.9867404648906962,0
Interaction,XRCC6,0.14232282798578472,0.7391234681903855,0.7132529072946429,0
Interaction,XRCC5,0.9868576231010052,0.9955385620149444,0.9999758864357692,0
Interaction,COX4I1,0.1512879631257968,0.7433673676225092,0.6360529771646775,0
Interaction,IFITM1,0.2790767326943067,0.8253531173664314,0.7545385182116833,0
Interaction,LAMP2,0.978815278385368,0.9955385620149444,0.9998752501524631,0
Interaction,RNH1,0.7230089641123121,0.9785413164143968,0.9873274528503372,0
Interaction,MYH8,0.9406109400580558,0.9903410703013332,0.9978749192518204,0
Interaction,VCAN,0.07082727650986274,0.7074852069419307,0.4818480369410402,0
Interaction,EEF2,0.25481296588527647,0.7985540817521978,0.884627517905669,0
Interaction,KRT10,0.32398926987335164,0.8476369238316583,0.6424536928194431,0
Interaction,KRT5,0.5895270236045109,0.9462156429282488,0.8806173931026405,0
Interaction,PDIA4,0.9912395598259516,0.9955385620149444,0.9999769515315654,0
Interaction,TPT1,0.6159544363494251,0.9486203370812758,0.9603930155874272,0
Interaction,ALAD,0.8938002145723731,0.9862784930759224,0.9971381481650088,0
Interaction,LCP1,0.03451870365032082,0.6266208129361281,0.3163988005047947,0
Interaction,PLS3,0.24344450800017547,0.7954539833722686,0.7087419641194592,0
Interaction,APEH,0.22168523162932585,0.7782105332378368,0.8393816899771241,0
Interaction,ETFA,0.3922350228750277,0.8748193650848385,0.8872053250582211,0
Interaction,TNNT1,0.10054542534020916,0.7179536967395801,0.17705707279376098,0
Interaction,GYS1,0.3520478170311242,0.860061004165572,0.8721790806300085,0
Interaction,PRKAR2A,0.26718192960537707,0.8115954303488957,0.869803595689557,0
Interaction,ENO3,0.2918684125978614,0.8337956723519173,0.862744171934743,0
Interaction,CD59,0.5371436115744759,0.9332672678842272,0.9558301507073642,0
Interaction,MIF,0.8260658528527051,0.9854311722187112,0.9931003242162134,0
Interaction,CD99,0.9521603817271266,0.9903410703013332,0.999335607668316,0
Interaction,PRKCSH,0.2064171923272384,0.7746935995485886,0.791792227758859,0
Interaction,FDPS,0.7483679559402778,0.9792459364801476,0.992320359208843,0
Interaction,COX7A2,0.04927293761929823,0.6551220900984647,0.3150073124911804,0
Interaction,NID1,0.01999585237695712,0.6266208129361281,0.03418129699178988,1
Interaction,AKR1A1,0.2914829111580843,0.8337956723519173,0.8381362799375475,0
Interaction,PKM,0.5479351483398369,0.9332672678842272,0.9599487527497248,0
Interaction,ACYP2,0.6761116933560742,0.9700291507912469,0.9803292725631632,0
Interaction,HSP90B1,0.403595058854085,0.8869803542389462,0.9181898086958218,0
Interaction,MYL6B,0.9693890890206142,0.9955385620149444,0.9993401083871372,0
Interaction,SLC2A4,0.6048703434717668,0.9486203370812758,0.8921555443249407,0
Interaction,IDE,0.3658690289818466,0.8685254447956907,0.8812176750509805,0
Interaction,COX6B1,0.01599796939923669,0.6266208129361281,0.1632998108539354,0
Interaction,HNRNPL,0.02326770677107807,0.6266208129361281,0.27689800796009867,0
Interaction,DARS1,0.03959974226822088,0.6440645776750207,0.3887756463076346,0
Interaction,JUP,0.8955819629491838,0.9872076097356952,0.9950260930455386,0
Interaction,UQCRB,0.31808882133715705,0.8460909063317416,0.8733661420638155,0
Interaction,CPA3,0.4647680486900293,0.9161298065083752,0.8413390197395197,0
Interaction,FABP4,0.29282949469128644,0.8337956723519173,0.8303635862568164,0
Interaction,GLUL,0.6866045356719979,0.9709285722916516,0.9495320541064508,0
Interaction,AKR1B1,0.22868868475204387,0.7841359352735049,0.8145946879683843,0
Interaction,GSPT1,0.5542054461227949,0.9332672678842272,0.9596204919184276,0
Interaction,PGAM2,0.5359832181521897,0.9332672678842272,0.9497949673123866,0
Interaction,EZR,0.1010942434021501,0.7179536967395801,0.3604995337682421,0
Interaction,UCHL3,0.611116821113831,0.9486203370812758,0.9691576245646848,0
Interaction,NME1,0.7107280299394465,0.9783312218446496,0.9852871725274344,0
Interaction,RPS2,0.9080474670193384,0.9900178499897422,0.9981899039083632,0
Interaction,RPA2,0.00426619023967194,0.5602041058469226,0.00469335505615915,1
Interaction,COX7C,0.1161331882872072,0.7179536967395801,0.4764648075122278,0
Interaction,NQO2,0.6078288391248146,0.9486203370812758,0.8845449816717387,0
Interaction,PFKFB1,0.09896254547397078,0.7179536967395801,0.3278741906306708,0
Interaction,CBR1,0.2476315775852812,0.7980416035333834,0.7916559268903073,0
Interaction,ANK1,0.8869366639470027,0.9854330676640152,0.9943802070685802,0
Interaction,ACADS,0.3140417073901506,0.8431857064796524,0.7653561051722034,0
Interaction,PPP3CB,0.8202624172521548,0.9854311722187112,0.9936856292793188,0
Interaction,ATP2A2,0.09810636655109384,0.7179536967395801,0.5963431909751551,0
Interaction,CD36,0.975636361551157,0.9955385620149444,0.9998236690131342,0
Interaction,FAH,0.46535345513964654,0.9161298065083752,0.9266448333810609,0
Interaction,YBX3,0.7341698907513529,0.9785413164143968,0.9850007161032526,0
Interaction,TMEM11,0.01619789123448672,0.6266208129361281,0.2781920751755811,0
Interaction,GOT1,0.8648597347098401,0.9854311722187112,0.9973153661798289,0
Interaction,CKMT2,0.9748817597113866,0.9955385620149444,0.9998549686433466,0
Interaction,NDUFB7,0.05095787400031509,0.6551220900984647,0.29249911706734366,0
Interaction,PRKACA,0.6972408052444674,0.9727786546110924,0.9875185099464708,0
Interaction,CAPN2,0.247057282444804,0.7980416035333834,0.814597432514311,0
Interaction,DES,0.3428501552770774,0.8508280648343147,0.6709685534083895,0
Interaction,PFKL,0.552319363330837,0.9332672678842272,0.9306037967465104,0
Interaction,LGALS3,0.513304619296632,0.9329178245174946,0.9178640747472327,0
Interaction,FLT1,0.00878070396529972,0.60007559363049,3.116743057338719e-4,1
Interaction,PSMC3,0.954403815253668,0.9910184817702132,0.9997898693787054,0
Interaction,TCP1,0.3127809566043757,0.8431857064796524,0.8855798978742045,0
Interaction,RPL35A,0.7590564890412006,0.980798083318304,0.9739392721193012,0
Interaction,ARF4,0.7883026788448145,0.9854311722187112,0.9843037207551564,0
Interaction,RPL7,0.9468808490275508,0.9903410703013332,0.9990919134813582,0
Interaction,VCL,0.23064943475972852,0.7854043151218633,0.8700850466718342,0
Interaction,RPL17,0.7177018837377687,0.9783312218446496,0.9789132785009996,0
Interaction,PGAM1,0.4944714888440428,0.922485112264284,0.94618766495772,0
Interaction,ATP5PF,0.9910360128694924,0.9955385620149444,0.9999853785743532,0
Interaction,TSPAN8,0.6526556574390294,0.9620867820115524,0.9578289992623364,0
Interaction,TNNI1,0.10135914698998504,0.7179536967395801,0.1978248034561808,0
Interaction,NCL,0.23349678213097907,0.7867016213220325,0.7562937267569096,0
Interaction,HK1,0.997745124425379,0.9991718333735564,0.9999993241154264,0
Interaction,NDUFV2,0.0071652422119245,0.60007559363049,0.09278396997246612,0
Interaction,SRM,0.44703210757485246,0.9110610587868728,0.7135409757106241,0
Interaction,TYMP,0.906439332101245,0.9900178499897422,0.9979369619472912,0
Interaction,ATP2B1,0.5887044657609042,0.9460359456794404,0.8929087343959783,0
Interaction,EIF2S2,0.7954032704161269,0.9854311722187112,0.9925465584288076,0
Interaction,ANXA7,0.4237266296669071,0.8993104826445105,0.940145504907327,0
Interaction,TPSB2,0.24675280943389505,0.7980416035333834,0.6420559853888677,0
Interaction,BTF3,0.778848458887375,0.9854311722187112,0.987156589767549,0
Interaction,RAB6A,0.05779961512953827,0.6674436307858687,0.3850597475253365,0
Interaction,PVALB,0.7930759467159596,0.9854311722187112,0.955872165845262,0
Interaction,PSMB1,0.8417459727975272,0.9854311722187112,0.9972328008264728,0
Interaction,COX5A,0.10209159143759182,0.7179536967395801,0.5054543671482458,0
Interaction,CAPN3,0.553596323389294,0.9332672678842272,0.937743328281751,0
Interaction,CAST,0.7866123438235205,0.9854311722187112,0.990362934594612,0
Interaction,NEB,0.890255712911877,0.9858065901306122,0.9939482479139364,0
Interaction,PTMS,0.54674025921381,0.9332672678842272,0.9251863342410132,0
Interaction,GSTM3,0.6335274654279122,0.955427547925342,0.9559670953040668,0
Interaction,ATP6V1B2,0.330023885056392,0.8476369238316583,0.8766723425705986,0
Interaction,CSRP1,0.2009340876466276,0.7746935995485886,0.5631965110301077,0
Interaction,FLNA,0.33448737819210783,0.8484650255835557,0.7898116004184432,0
Interaction,MAOA,0.10852548869719938,0.7179536967395801,0.502443341924192,0
Interaction,ACO1,0.447545424348178,0.9110610587868728,0.9285048017932072,0
Interaction,GPD1,0.9741577299376636,0.9955385620149444,0.9998822638192196,0
Interaction,VDAC1,0.17184086575967247,0.7650141197644925,0.7435057952747908,0
Interaction,BGN,0.2336050020650745,0.7867016213220325,0.6765503048523974,0
Interaction,RYR1,0.5233193725925788,0.9332672678842272,0.953313784450671,0
Interaction,SDHB,0.4040226679933733,0.8869922941003942,0.9096905639675922,0
Interaction,COMT,0.8111916406399671,0.9854311722187112,0.9933417511196696,0
Interaction,TGM2,0.0265478671061122,0.6266208129361281,0.09797421894485572,0
Interaction,MMUT,0.957932166453459,0.9919248308125764,0.9995019021759034,0
Interaction,OSBP,0.15181839358230195,0.7433673676225092,0.7709691649933504,0
Interaction,PCMT1,0.9203747277334908,0.9903410703013332,0.9990321300034878,0
Interaction,GART,0.09434318336615329,0.7179536967395801,0.656783508046719,0
Interaction,PAICS,0.5270256341346554,0.9332672678842272,0.9606695069312934,0
Interaction,SCP2,0.5772321945792716,0.943782221954144,0.9446230880354044,0
Interaction,UBA1,0.1266645446040762,0.7179536967395801,0.7546304673901992,0
Interaction,GPX3,0.48298919613928415,0.922485112264284,0.902593466883612,0
Interaction,NME2,0.5032764552558383,0.9307956271941163,0.9476400658516536,0
Interaction,FDXR,0.5172863737793523,0.9332672678842272,0.8353386859298351,0
Interaction,HNRNPA2B1,0.2744833691623722,0.8203265414084552,0.788524219495149,0
Interaction,UQCRC2,0.13168105770242014,0.7264791210030851,0.7011832914495393,0
Interaction,FECH,0.9472437763663212,0.9903410703013332,0.9995312864532426,0
Interaction,AMPD1,0.6943204606611985,0.9727786546110924,0.9600459548764864,0
Interaction,FBLN1,0.384449734704442,0.8725152102698197,0.8112579469783455,0
Interaction,SFPQ,0.28388993305117466,0.8278730193858214,0.7400585856386722,0
Interaction,PPIB,0.4719540979349126,0.918125518297455,0.9054135642299832,0
Interaction,S100A1,0.4598885877909196,0.9161298065083752,0.8631265853477534,0
Interaction,HRC,0.02213568732607288,0.6266208129361281,0.35869651533661767,0
Interaction,ME2,0.24650497767702664,0.7980416035333834,0.7435287264477859,0
Interaction,WARS1,0.17450976722570874,0.7678983487629457,0.7529115420411467,0
Interaction,RPS3,0.8853240671349335,0.9854311722187112,0.9973140230573186,0
Interaction,GCSH,0.6783634620875416,0.9700291507912469,0.9650151546082936,0
Interaction,AHCY,0.0366396956492479,0.6343828129926918,0.48913738843530624,0
Interaction,CFL1,0.7234837309465167,0.9785413164143968,0.9827577543490756,0
Interaction,EIF4B,0.3806656417552876,0.8721684987217657,0.9002355893195676,0
Interaction,ATP2B4,0.4613618974258348,0.9161298065083752,0.9274176790359868,0
Interaction,CPT2,0.8461581975323347,0.9854311722187112,0.9951436496026658,0
Interaction,LAMA2,0.1175605948524952,0.7179536967395801,0.37455979493012886,0
Interaction,GPT,0.6135495622992955,0.9486203370812758,0.954422619490936,0
Interaction,COX7A1,0.09557652602747088,0.7179536967395801,0.44776465913810953,0
Interaction,COX7B,0.04333656077880565,0.6440645776750207,0.1817201511834931,0
Interaction,EEF1B2,0.25756590491011605,0.8017388649000746,0.8155888472959687,0
Interaction,ATP5PB,0.07405339599069535,0.7117895297518364,0.5808051130378461,0
Interaction,ACP1,0.00303047053282336,0.5102171333964075,0.10224857266241164,0
Interaction,ACAT1,0.7347115826195154,0.9785413164143968,0.9876318836179744,0
Interaction,MYL9,0.32705247490269984,0.8476369238316583,0.4843675359898855,0
Interaction,AZGP1,0.456746016869918,0.9161298065083752,0.9028815108603832,0
Interaction,MPST,0.03210649232083273,0.6266208129361281,0.3609642887376487,0
Interaction,RPS12,0.03013021840806551,0.6266208129361281,0.3017922231770827,0
Interaction,DNAJB2,0.9424276227804236,0.9903410703013332,0.9992312250411242,0
Interaction,ATP5F1A,0.30338095436471657,0.8391929452378125,0.8662146056000265,0
Interaction,PSMA1,0.4532551246743657,0.9161298065083752,0.9539494942638728,0
Interaction,PSMA2,0.6222386018541111,0.9507296866978122,0.9702465570898802,0
Interaction,PSMA3,0.20143724036055563,0.7746935995485886,0.8286228849709171,0
Interaction,PSMA4,0.9049502422160448,0.9900178499897422,0.998716021741444,0
Interaction,MSN,0.07784016104718448,0.7140355327881074,0.5625281303257956,0
Interaction,DDX6,0.857318986224527,0.9854311722187112,0.9960057876505752,0
Interaction,U2AF2,0.08369761877653785,0.7179536967395801,0.4732192560478759,0
Interaction,RPL13,0.7978791098875218,0.9854311722187112,0.9857027376768288,0
Interaction,IVD,0.8370050122286774,0.9854311722187112,0.9940435500034456,0
Interaction,S100A4,0.06951440457912801,0.7074852069419307,0.2131424184996656,0
Interaction,HMGB2,0.4294476071822701,0.9040775778456406,0.8943468880512319,0
Interaction,TARS1,0.093520062519916,0.7179536967395801,0.5030190876067792,0
Interaction,VARS1,0.00985137977889348,0.60007559363049,0.1791165566487403,0
Interaction,EEF1G,0.43307538624852226,0.9085134618366406,0.9426705111161708,0
Interaction,PLN,0.19552537128578373,0.7746935995485886,0.575716294970667,0
Interaction,FKBP2,0.3737336332774335,0.8685999596414687,0.7999328098388362,0
Interaction,STOM,0.5510260493593917,0.9332672678842272,0.9256513643137808,0
Interaction,MAOB,0.13737105402994015,0.7383632548114595,0.6412200502059016,0
Interaction,YWHAQ,0.5952654678080891,0.9475087483598365,0.9740138554311892,0
Interaction,MAPK3,0.9462540333429008,0.9903410703013332,0.9993198343224944,0
Interaction,RPL10,0.2761275938679621,0.820743911074323,0.7404100428476474,0
Interaction,RPA1,0.8752031970785032,0.9854311722187112,0.996622549779516,0
Interaction,APEX1,0.3834691957859949,0.8725152102698197,0.8980520806080962,0
Interaction,CALR,0.05349318595541631,0.6589135233583423,0.6485097436090022,0
Interaction,MAP4,0.2549719768017202,0.7985540817521978,0.7755205144599117,0
Interaction,CANX,0.12297849009300647,0.7179536967395801,0.7164126827291271,0
Interaction,PSMA5,0.4332843830367986,0.9085134618366406,0.9444760700156408,0
Interaction,PSMB4,0.8125455980028715,0.9854311722187112,0.9945183596956666,0
Interaction,PSMB6,0.2384659109799237,0.793499218776921,0.8158381503880787,0
Interaction,PSMB5,0.09612371177811214,0.7179536967395801,0.574891047443286,0
Interaction,GSTM2,0.986890237291687,0.9955385620149444,0.9999632416397248,0
Interaction,TMOD1,0.96911081948295,0.9955385620149444,0.9995526078484676,0
Interaction,NDUFS1,0.03247705414165339,0.6266208129361281,0.29986047302752983,0
Interaction,MAPK1,0.1388395146619339,0.7383632548114595,0.7343033114475006,0
Interaction,RBL1,0.7862935899759023,0.9854311722187112,0.9871454410850315,0
Interaction,LAP3,0.22289201896187685,0.7782105332378368,0.8339477391485225,0
Interaction,CD38,0.6369658476123652,0.9572712774202998,0.9522616560908278,0
Interaction,TPP2,0.5543609309088416,0.9332672678842272,0.9597308840862452,0
Interaction,IMPA1,0.9357791302624656,0.9903410703013332,0.9995138602044322,0
Interaction,EPHA2,0.7770182525436715,0.9854311722187112,0.975722496208898,0
Interaction,COL4A5,0.8679156257949392,0.9854311722187112,0.9833824543975604,0
Interaction,TKT,0.8790299451577652,0.9854311722187112,0.995517863038106,0
Interaction,EEF1D,0.02404154787999351,0.6266208129361281,0.44106935370174816,0
Interaction,MARCKS,0.12596838010254033,0.7179536967395801,0.5497385853377663,0
Interaction,GNA11,0.7172125651645076,0.9783312218446496,0.9686898120564442,0
Interaction,ALDH4A1,0.3734242709129505,0.8685999596414687,0.8901708709105807,0
Interaction,ERP29,0.6061745509150179,0.9486203370812758,0.965197102911685,0
Interaction,PRDX6,0.7414072095236603,0.9792459364801476,0.9875723301479992,0
Interaction,BLVRB,0.7332183915286319,0.9785413164143968,0.9850264717860682,0
Interaction,PRDX5,0.37176251705568675,0.8685999596414687,0.9030648815084495,0
Interaction,DDT,0.5251751501412334,0.9332672678842272,0.9065265250571136,0
Interaction,PRDX3,0.6493236922179364,0.9612634099247348,0.9820697103433438,0
Interaction,ATP5F1D,0.30635533931757347,0.839438685331748,0.8243994825009112,0
Interaction,RPL12,0.41489300438526266,0.8902983284410025,0.8064635756821468,0
Interaction,ECHS1,0.5381768386900128,0.9332672678842272,0.9542317017274357,0
Interaction,CMPK1,0.8575095419028375,0.9854311722187112,0.993659129444534,0
Interaction,PEBP1,0.33026086712806,0.8476369238316583,0.8867184112374203,0
Interaction,PDIA3,0.3697001155951032,0.8685999596414687,0.9114051634929587,0
Interaction,PPP2R1A,0.06989266924826677,0.7074852069419307,0.6961976021653166,0
Interaction,PPIF,0.8949359712887697,0.9870133730591628,0.9973073401933004,0
Interaction,NMT1,0.6380685402127352,0.9575585735621118,0.9537746705046292,0
Interaction,ADSS2,0.2972485065999848,0.8368000346631261,0.7762296035304309,0
Interaction,LRPAP1,0.5640595054533737,0.9332672678842272,0.932684711590271,0
Interaction,TSPO,0.2304082099787363,0.7854043151218633,0.7464727821338414,0
Interaction,ADSL,0.8857183569624765,0.9854311722187112,0.9977893601467108,0
Interaction,CLIP1,0.1037093039619419,0.7179536967395801,0.6028582936636792,0
Interaction,SRI,0.645069824868216,0.961069163803106,0.965628749624314,0
Interaction,SERPINB1,0.7638341711671988,0.9810496186924323,0.9852888824145,0
Interaction,ALDH1B1,0.02762656275114431,0.6266208129361281,0.05580721294326746,0
Interaction,SDHA,0.30142906010533255,0.8375313547829174,0.8668111029130251,0
Interaction,GDI1,0.7469401742175512,0.9792459364801476,0.9916498164263948,0
Interaction,MAT2A,0.7223901493286087,0.9785413164143968,0.9896704066332156,0
Interaction,CASQ1,0.3406544436125133,0.8497554824001795,0.8020726225464576,0
Interaction,DNAJA1,0.14110246541803792,0.7383632548114595,0.4942900508718572,0
Interaction,AKT2,0.17961570419730824,0.7678983487629457,0.5955009670096405,0
Interaction,UQCRC1,0.22469292624305107,0.7782105332378368,0.8103043405128498,0
Interaction,HIBADH,0.861146422370007,0.9854311722187112,0.9975722323268914,0
Interaction,ATIC,0.3845545381769886,0.8725152102698197,0.915906524371996,0
Interaction,HNRNPH3,0.5473966535232679,0.9332672678842272,0.9233472941756016,0
Interaction,HNRNPH1,0.00282489049981908,0.5102171333964075,0.09209353639037794,0
Interaction,YWHAB,0.7157386592493904,0.9783312218446496,0.9889573967031012,0
Interaction,STIP1,0.21054967435947897,0.7747378329305563,0.8462606804507721,0
Interaction,S100A11,0.10791052355748748,0.7179536967395801,0.4521159265079029,0
Interaction,PRDX2,0.5540724950055003,0.9332672678842272,0.9660301399344609,0
Interaction,GBP2,0.6235995359795912,0.9507856495595944,0.9477041507513484,0
Interaction,ACSL1,0.6770261709704846,0.9700291507912469,0.9805921224293216,0
Interaction,KIF5B,0.739757122506069,0.9792459364801476,0.9872077875687968,0
Interaction,MCM5,0.938722490518797,0.9903410703013332,0.9980126512622336,0
Interaction,SHMT1,0.8806065952150293,0.9854311722187112,0.9947559397354324,0
Interaction,SHMT2,0.33639760414616937,0.8484650255835557,0.7842127434066654,0
Interaction,HSPA4,0.1034731858966038,0.7179536967395801,0.6950869055941021,0
Interaction,MPI,0.6347931209902574,0.9560575965595204,0.9762747554600748,0
Interaction,GPC1,0.4416785005742416,0.9110610587868728,0.889967979201492,0
Interaction,PFN2,0.3796825707183519,0.8721684987217657,0.893484787166236,0
Interaction,CTNNA1,0.8430608707261303,0.9854311722187112,0.9890968516394688,0
Interaction,SERPINB6,0.32292414618283793,0.8476369238316583,0.8631479460818796,0
Interaction,RDX,0.48569616212859934,0.922485112264284,0.9518167422624404,0
Interaction,RPA3,0.2596306717662883,0.8033638311943618,0.7374739502868988,0
Interaction,RPL22,0.0328392737999743,0.6266208129361281,0.25167807272223003,0
Interaction,SPR,0.5997363624190479,0.9482755410858804,0.9510312331344204,0
Interaction,THBS4,0.07639218844605497,0.7140355327881074,0.24319935890341624,0
Interaction,FBN1,0.19257388330524175,0.7746935995485886,0.4752131513712818,0
Interaction,AGL,0.9686681467771222,0.9955385620149444,0.9998658164392868,0
Interaction,MYH9,0.23441434700522493,0.7867016213220325,0.6950678699861891,0
Interaction,COPB2,0.9260108181493194,0.9903410703013332,0.9987214339696956,0
Interaction,ACTN2,0.06678136290068233,0.7074830285975261,0.03115921316047702,1
Interaction,ADD1,0.22317698231556063,0.7782105332378368,0.5401404798135021,0
Interaction,BSG,0.1291815398283288,0.7237611071448502,0.6896049711659475,0
Interaction,FUS,0.1846383586943131,0.7678983487629457,0.7886814535134643,0
Interaction,DEK,0.6245338242967454,0.9515196264303568,0.9540208195849528,0
Interaction,MYH11,0.25461851648010314,0.7985540817521978,0.5241610536205988,0
Interaction,GLRX,0.7358323686393426,0.9785413164143968,0.975144327934228,0
Interaction,PPM1A,0.31064426203660256,0.8431857064796524,0.8913151825920104,0
Interaction,KRT2,0.2976262569044663,0.8368000346631261,0.599415120539012,0
Interaction,HMGCL,0.6316556876890518,0.9552373341053044,0.9660925200402743,0
Interaction,PSMC2,0.32617454661423617,0.8476369238316583,0.9202333989927252,0
Interaction,ARL3,0.32892421920455783,0.8476369238316583,0.8094664740139318,0
Interaction,MAP2K2,0.7211408737229329,0.9785413164143968,0.9853648331187922,0
Interaction,ATP5F1C,0.30788908752103394,0.8411898216927078,0.8596901477994006,0
Interaction,ATP6V1E1,0.6490441674999001,0.9612634099247348,0.9584320620725342,0
Interaction,RPL4,0.6872837687681335,0.9709285722916516,0.9614564479882352,0
Interaction,LONP1,0.8906742112310921,0.9858065901306122,0.9978038742373811,0
Interaction,PGM1,0.8070134934358251,0.9854311722187112,0.9939133705017648,0
Interaction,PPP1CC,0.22333208138507107,0.7782105332378368,0.5024049729672102,0
Interaction,SERPINF1,0.402504266462966,0.8864375931223182,0.8530581878217186,0
Interaction,DLST,0.7819600525279652,0.9854311722187112,0.9922861561743866,0
Interaction,GMPR,0.6925867071723177,0.9726769196317108,0.9735760191135956,0
Interaction,GPX4,0.6497085602070155,0.9612634099247348,0.9766405885082584,0
Interaction,SRP14,0.614988217644141,0.9486203370812758,0.9616321674796896,0
Interaction,TAGLN2,0.15133680283648088,0.7433673676225092,0.7260674599532818,0
Interaction,TALDO1,0.8335021357720956,0.9854311722187112,0.996140651895729,0
Interaction,SNCA,0.9384110249552076,0.9903410703013332,0.9967991863223152,0
Interaction,ETFB,0.7373509174385531,0.9785413164143968,0.9830877916683268,0
Interaction,ATP6V1A,0.6466153630351654,0.961069163803106,0.97583178376878,0
Interaction,HSPA9,0.4387391096725484,0.910335198573387,0.9401087027124848,0
Interaction,RPS19,0.21182581385009225,0.7747378329305563,0.7670181609356791,0
Interaction,RPL3,0.03481093038904665,0.6266208129361281,0.08899830205592463,0
Interaction,COL15A1,0.09188456553533254,0.7179536967395801,0.28876110592536997,0
Interaction,COL18A1,0.5873805645265646,0.9456602038852968,0.8922113947238084,0
Interaction,DDOST,0.92983449251095,0.9903410703013332,0.9992450513312228,0
Interaction,ANP32A,0.5440125816816477,0.9332672678842272,0.9567613534736038,0
Interaction,CAPG,0.7719355322033924,0.9847216473341394,0.9697379403577698,0
Interaction,CAP2,0.03316811816219718,0.6266208129361281,0.3219353064281215,0
Interaction,CCT6A,0.06651162407971556,0.7074830285975261,0.5447814168472442,0
Interaction,RPL13A,0.6437105770723888,0.961069163803106,0.9450144938957284,0
Interaction,ARL1,0.6706398471016621,0.9666023531269136,0.9203288374506026,0
Interaction,STAT3,0.2145952617161138,0.7766880552138719,0.7515490642806867,0
Interaction,MDH1,0.9237769237960638,0.9903410703013332,0.9992111236248288,0
Interaction,MDH2,0.7643690947714075,0.9810496186924323,0.9902191116936594,0
Interaction,HADHA,0.49581672326295223,0.922485112264284,0.946044360703733,0
Interaction,EIF2S3,0.02717522690688074,0.6266208129361281,0.2678470742278093,0
Interaction,NAA10,0.6328845164562511,0.9552373341053044,0.9589582657231224,0
Interaction,PPP1R2,0.7032210285626062,0.9757270731075512,0.9811330420285886,0
Interaction,GARS1,0.09674497715663796,0.7179536967395801,0.5273537698609053,0
Interaction,IARS1,0.4738896092370417,0.9188057266203828,0.9055471715245916,0
Interaction,EIF1,0.1424773939158049,0.7391234681903855,0.6047222576511928,0
Interaction,ECI1,0.15330914395678918,0.7438857077441434,0.7421194519361941,0
Interaction,TMPO,0.5540085148138263,0.9332672678842272,0.8852115958669914,0
Interaction,AKR1C3,0.02990128359079141,0.6266208129361281,0.12950019570251836,0
Interaction,RPS27,0.19108814332422128,0.7746935995485886,0.7549923458924258,0
Interaction,LRPPRC,0.9155482991955942,0.9903410703013332,0.9988503516529872,0
Interaction,ACAA2,0.2842517216592288,0.8278730193858214,0.8297201724525297,0
Interaction,RPL35,0.19431865247814056,0.7746935995485886,0.5995622852432844,0
Interaction,SLC1A4,0.5559434931931264,0.9332672678842272,0.9169903705785822,0
Interaction,PAFAH1B1,0.19216769430829203,0.7746935995485886,0.6914940980044292,0
Interaction,CRAT,0.44837548026786433,0.9110610587868728,0.9258104725860712,0
Interaction,GPD2,0.8986271013177696,0.987468304529188,0.997761178114451,0
Interaction,NAMPT,0.5943186399796672,0.9475087483598365,0.9331568395906856,0
Interaction,PSMC4,0.6900052994022992,0.9711717047023336,0.9853147448672284,0
Interaction,TSFM,0.6117355764580245,0.9486203370812758,0.9511623866674536,0
Interaction,TNNT3,0.18027837336419464,0.7678983487629457,0.3804326787745409,0
Interaction,ASPA,0.707378881570689,0.9783312218446496,0.9742837751316524,0
Interaction,PPIC,0.9886170490762488,0.9955385620149444,0.9999590030412164,0
Interaction,VDAC2,0.05263670028844447,0.6551220900984647,0.4830959717787135,0
Interaction,ACADSB,0.5292288838302147,0.9332672678842272,0.9196530270994852,0
Interaction,USP5,0.0718666492627003,0.7074852069419307,0.6146661949444161,0
Interaction,MAP2K4,0.21463178481806416,0.7766880552138719,0.78791950014996,0
Interaction,PHKA2,0.04785537505462122,0.6548087898887762,0.37085527077784886,0
Interaction,PHKA1,0.6970470765777232,0.9727786546110924,0.981079415893326,0
Interaction,CRKL,0.5431696551259075,0.9332672678842272,0.9588948958225652,0
Interaction,MTIF2,0.5725680793549008,0.941287585856531,0.9476272758140364,0
Interaction,BAG6,0.35783767977037295,0.8651518586853321,0.8205577547700124,0
Interaction,NSF,0.5062589457808252,0.9311991011970084,0.919552993662848,0
Interaction,MAP2K3,0.9131776481068924,0.9903410703013332,0.9989044775034366,0
Interaction,RPL27A,0.8059359875794421,0.9854311722187112,0.9870647149303344,0
Interaction,RPL5,0.4801565998205535,0.9221576569491778,0.8802234182591658,0
Interaction,RPL28,0.9546984327001008,0.9910184817702132,0.9994365813494476,0
Interaction,RPS9,0.4727257530385519,0.9187759547955574,0.9081802113864452,0
Interaction,RPS5,0.07376353334004183,0.7117895297518364,0.4964061831164613,0
Interaction,RPS10,0.1660062851450873,0.7570848531079225,0.5853672588366566,0
Interaction,GNPDA1,0.7346963402951906,0.9785413164143968,0.9863118139866838,0
Interaction,UTRN,0.4086666632488565,0.8902983284410025,0.8802938424645852,0
Interaction,IQGAP1,0.6905168697909985,0.9711717047023336,0.9723488396402477,0
Interaction,GYG1,0.14127654851699512,0.7383632548114595,0.7070660777460138,0
Interaction,STT3A,0.5005285012639396,0.9289844356497676,0.9358697961436362,0
Interaction,CAPZA2,0.5267505036014681,0.9332672678842272,0.9243178869168124,0
Interaction,CAPZB,0.4830867742640529,0.922485112264284,0.884948624607016,0
Interaction,EIF1AX,0.5062754269286158,0.9311991011970084,0.9377273851465752,0
Interaction,QARS1,0.12060372388731642,0.7179536967395801,0.7596602769860445,0
Interaction,RPL29,0.9917478392657202,0.9955385620149444,0.9999744487279412,0
Interaction,UQCRFS1,0.10661061411707784,0.7179536967395801,0.6597868942732539,0
Interaction,ATP5PO,0.5018638198658016,0.929337615180568,0.9448635040215568,0
Interaction,LIMS1,0.15097908601817606,0.7433673676225092,0.714654388038051,0
Interaction,PREP,0.5462630785070529,0.9332672678842272,0.9561560884298438,0
Interaction,ME1,0.4455515455675671,0.9110610587868728,0.9249677877176308,0
Interaction,PIP4K2A,0.9913802493000278,0.9955385620149444,0.9999835944831148,0
Interaction,ARCN1,0.14442137427502477,0.7418809470704818,0.5863955227949756,0
Interaction,LSS,0.7500739711835486,0.9792459364801476,0.9860991228151288,0
Interaction,GCLM,0.32335099165599845,0.8476369238316583,0.7542836947191502,0
Interaction,CD151,0.6622316719167076,0.964874301454232,0.957048309509387,0
Interaction,PSMD8,0.4740918045251812,0.9188057266203828,0.930584504240324,0
Interaction,GSS,0.6536750628822133,0.9620867820115524,0.974622088297348,0
Interaction,CCT5,0.33520560955526835,0.8484650255835557,0.9130968777341424,0
Interaction,NES,0.14865616451903452,0.7433673676225092,0.14476642062927647,0
Interaction,IDH2,0.797036372186819,0.9854311722187112,0.9935251657899292,0
Interaction,TNNI2,0.21080154555161612,0.7747378329305563,0.4504032567839301,0
Interaction,PXN,0.18434301388832855,0.7678983487629457,0.6159649609528669,0
Interaction,ALDH9A1,0.820763183451225,0.9854311722187112,0.9937893616990124,0
Interaction,RPL34,0.22146842614132464,0.7782105332378368,0.5085000563109362,0
Interaction,LMAN1,0.4111884648086441,0.8902983284410025,0.8972225537118501,0
Interaction,FNTA,0.561860634770406,0.9332672678842272,0.9563816073909486,0
Interaction,CCT3,0.6162525675779789,0.9486203370812758,0.9779274628009345,0
Interaction,MRPL19,0.667426218927549,0.9666023531269136,0.955997195045756,0
Interaction,TUFM,0.882292124411335,0.9854311722187112,0.997799623427706,0
Interaction,ALDH7A1,0.9389092045505129,0.9903410703013332,0.998946797324747,0
Interaction,CDC34,0.8036119602299373,0.9854311722187112,0.9815068526151268,0
Interaction,PCYT1A,0.5596947747816312,0.9332672678842272,0.955281813512575,0
Interaction,AARS1,0.17587528821890064,0.7678983487629457,0.7738432404019954,0
Interaction,CARS1,0.7279511284011204,0.9785413164143968,0.9824858903677852,0
Interaction,SARS1,0.3625516932938237,0.8685254447956907,0.8591979323038827,0
Interaction,PSMB3,0.3633838671973195,0.8685254447956907,0.8926831034271833,0
Interaction,PSMB2,0.5132531249904331,0.9329178245174946,0.9598733528531488,0
Interaction,ACADVL,0.9169013273208956,0.9903410703013332,0.9989461319529046,0
Interaction,ACOT2,0.8866414515953315,0.9854330676640152,0.9975958810757758,0
Interaction,TMED10,0.330421056933902,0.8476369238316583,0.8342816504684492,0
Interaction,HINT1,0.342763603975345,0.8508280648343147,0.8453199829523551,0
Interaction,NDUFV1,0.05456169005948287,0.6639865221045121,0.3858720390767387,0
Interaction,GSK3A,0.46237199085285297,0.9161298065083752,0.9001962484696576,0
Interaction,GSK3B,0.36244824037085344,0.8685254447956907,0.8988550211492334,0
Interaction,IDH3A,0.8158773427831828,0.9854311722187112,0.9939722312357028,0
Interaction,SULT1A1,0.9825030853943996,0.9955385620149444,0.9998904927644248,0
Interaction,GDI2,0.15107380218264255,0.7433673676225092,0.7962562695251704,0
Interaction,EMD,0.00258858231663687,0.5102171333964075,0.0603380017620661,0
Interaction,CPT1A,0.7042269931442504,0.9757270731075512,0.967163526572288,0
Interaction,SERPINH1,0.8754554937216041,0.9854311722187112,0.9876384042935,0
Interaction,CSRP3,0.951844729633659,0.9903410703013332,0.9992321909497104,0
Interaction,ST13,0.5209066542458621,0.9332672678842272,0.9641341453142778,0
Interaction,DNM2,0.3704808649580832,0.8685999596414687,0.8859603428330654,0
Interaction,METAP2,0.48255785499944304,0.922485112264284,0.9565125761737908,0
Interaction,NUDT2,0.12711210768118117,0.7179536967395801,0.2775935985691244,0
Interaction,LRBA,0.7427913739413141,0.9792459364801476,0.930923818296082,0
Interaction,BCAM,0.32125593632267596,0.8476369238316583,0.8192734527855928,0
Interaction,RPL14,0.6550338354498846,0.963069340993847,0.9472606737393544,0
Interaction,CCT8,0.1745723072277555,0.7678983487629457,0.8189471592542804,0
Interaction,CCT4,0.686927264757851,0.9709285722916516,0.9849118098763056,0
Interaction,ATP1A2,0.28528322990734634,0.8278730193858214,0.8769502614953754,0
Interaction,ANXA11,0.3260852664684385,0.8476369238316583,0.9067302630081844,0
Interaction,FXR1,0.7175546825699273,0.9783312218446496,0.9725145875064204,0
Interaction,RAB5C,0.9246674525986904,0.9903410703013332,0.998720100009503,0
Interaction,RAB7A,0.7529017581727591,0.9800784348952708,0.9927170407656708,0
Interaction,DUSP3,0.5101634735188081,0.9312367140425852,0.9504114159765475,0
Interaction,IDH3G,0.7993524108510516,0.9854311722187112,0.9900058895962884,0
Interaction,GALK1,0.2170613423937828,0.7782105332378368,0.6909023270870944,0
Interaction,SSR4,0.22342467564732468,0.7782105332378368,0.5113415348204271,0
Interaction,BCAP31,0.19385581206725935,0.7746935995485886,0.8281834975347362,0
Interaction,MECP2,0.21947930150161823,0.7782105332378368,0.6592966195643359,0
Interaction,CAV2,0.02326707092436208,0.6266208129361281,0.00726585093818952,1
Interaction,ALDH3A2,0.5609024900436144,0.9332672678842272,0.9535706958151168,0
Interaction,ALDH5A1,0.6018657993759282,0.9486203370812758,0.9615933295776548,0
Interaction,HSD17B4,0.5564107325907077,0.9332672678842272,0.9079019213858424,0
Interaction,PSMD7,0.15481819651159162,0.7468857735143336,0.7120706822555211,0
Interaction,UBE2D1,0.17380196415602567,0.7678983487629457,0.7087795355583328,0
Interaction,SUOX,0.5367813947689881,0.9332672678842272,0.9413943418698252,0
Interaction,STAT5B,0.3068486008256937,0.839438685331748,0.8679593506906798,0
Interaction,RPS6KA3,0.24967647574019705,0.7984326872605083,0.8013773905204487,0
Interaction,HDGF,0.5477579103637515,0.9332672678842272,0.9558492139513786,0
Interaction,LUM,0.22880461956337425,0.7841359352735049,0.7103293254546562,0
Interaction,PRELP,0.3688217783144305,0.8685999596414687,0.7875160322702436,0
Interaction,NDUFA8,0.05127181755550916,0.6551220900984647,0.34080183937670705,0
Interaction,HNRNPA3,0.5591834028065596,0.9332672678842272,0.9239795220824428,0
Interaction,MYOM1,0.3465787817431252,0.8546502587351009,0.7935156862265912,0
Interaction,PGD,0.6039053723814554,0.9486203370812758,0.964847624846157,0
Interaction,HNRNPM,0.12608666285486456,0.7179536967395801,0.513017737191983,0
Interaction,KPNA1,0.38959270869793294,0.8727794725058305,0.8930714589530909,0
Interaction,MAP2K6,0.5253617346049746,0.9332672678842272,0.942426700664878,0
Interaction,ARHGDIA,0.2731863524763383,0.8194230075340084,0.8651058951181912,0
Interaction,ARHGDIB,0.0784020662417683,0.7140355327881074,0.4021379216115653,0
Interaction,RIDA,0.7911144384957811,0.9854311722187112,0.9940173724171236,0
Interaction,MRPL12,0.5144149756617675,0.9332672678842272,0.8678817236996421,0
Interaction,THOP1,0.3768184894476092,0.8712891432699207,0.9150336054853084,0
Interaction,AKR1C2,0.8737140448264694,0.9854311722187112,0.9938615561946516,0
Interaction,CAPZA1,0.25953838758000924,0.8033638311943618,0.6965438770374229,0
Interaction,CRIP2,0.2985972832002639,0.8368000346631261,0.7234080323151814,0
Interaction,BLVRA,0.4343890895028952,0.9090154153840468,0.914059574646476,0
Interaction,PPP5C,0.11775684138048108,0.7179536967395801,0.7002888777261306,0
Interaction,NUBP1,0.6649712681763232,0.9666023531269136,0.9607516906655292,0
Interaction,SUCLG1,0.7836275779485056,0.9854311722187112,0.9913955289776538,0
Interaction,COPA,0.7875701769654336,0.9854311722187112,0.990999079136202,0
Interaction,HCCS,0.7072340270935703,0.9783312218446496,0.9836217551184412,0
Interaction,MAPK12,0.41800102380442294,0.8925001534685901,0.887094065846867,0
Interaction,TTC3,0.9309372078784818,0.9903410703013332,0.9981464173379804,0
Interaction,SMTN,0.8677060973347868,0.9854311722187112,0.9957690696794564,0
Interaction,SLC16A1,0.2773005096003711,0.8228931789129658,0.7169997400317661,0
Interaction,IST1,0.0974744242503597,0.7179536967395801,0.6711479455002343,0
Interaction,SEC24C,0.4483370152397671,0.9110610587868728,0.9263848854160244,0
Interaction,SUB1,0.9214099481663632,0.9903410703013332,0.9990997108453384,0
Interaction,RARS1,0.5652982700100939,0.9344544966885976,0.958481964211929,0
Interaction,CACNB3,0.24890777430012231,0.7980416035333834,0.8222360564729096,0
Interaction,CACNA2D1,0.7032364356066232,0.9757270731075512,0.985346024756994,0
Interaction,MYOM2,0.6210872777773255,0.9507296866978122,0.9548998584483164,0
Interaction,YARS1,0.3559276473548818,0.8628619406713431,0.8419996152064902,0
Interaction,USP14,0.8324805372594283,0.9854311722187112,0.9970680087135614,0
Interaction,PRKAG1,0.18283592683196612,0.7678983487629457,0.764935223564432,0
Interaction,PRKAA2,0.08186879675925837,0.7179536967395801,0.617219065205877,0
Interaction,HSPA2,0.2395563838706165,0.793499218776921,0.6137506506783957,0
Interaction,RAD23A,0.1120777361547193,0.7179536967395801,0.7101917128605303,0
Interaction,RAD23B,0.2682771366170993,0.8115954303488957,0.8662188149134659,0
Interaction,AK2,0.7589182210573838,0.980798083318304,0.988716299199939,0
Interaction,NAPA,0.9226293130521792,0.9903410703013332,0.9994032855080416,0
Interaction,EIF5,0.4107503237468586,0.8902983284410025,0.9016353475013849,0
Interaction,PSMD4,0.09407027904088404,0.7179536967395801,0.6929052179076389,0
Interaction,DRG2,0.08598814665387786,0.7179536967395801,0.2783335025330704,0
Interaction,RRAD,0.8636441350569002,0.9854311722187112,0.9897945001457548,0
Interaction,CSE1L,0.00525147967837987,0.60007559363049,0.20767232186116188,0
Interaction,VCP,0.4292739871516872,0.9040775778456406,0.9388022716002954,0
Interaction,HADHB,0.9170026318178524,0.9903410703013332,0.9990437304330416,0
Interaction,NAP1L1,0.907489480377198,0.9900178499897422,0.998374467506524,0
Interaction,ADK,0.24852453687515605,0.7980416035333834,0.7457617593089662,0
Interaction,LAMB2,0.16017525431568289,0.7493594429402247,0.35075171220429685,0
Interaction,CDH13,0.33374197980011655,0.8484650255835557,0.8485181539823914,0
Interaction,TPD52,0.24917434170295075,0.7980416035333834,0.6063605692371766,0
Interaction,SEC13,0.20022586911076995,0.7746935995485886,0.7176844715193788,0
Interaction,SNU13,0.05362884935472467,0.6589135233583423,0.3881983043854727,0
Interaction,NPEPPS,0.7505743278448948,0.9792459364801476,0.9903097399389226,0
Interaction,HNRNPH2,0.42811551798984393,0.9036649098305698,0.825303907450701,0
Interaction,OXCT1,0.8241275650310224,0.9854311722187112,0.9835016799378844,0
Interaction,SH3BGR,0.949979315894258,0.9903410703013332,0.9994753582896692,0
Interaction,EIF3B,0.7283606569423402,0.9785413164143968,0.9855146015049088,0
Interaction,ATP5MF,0.5412547202016986,0.9332672678842272,0.939057375874818,0
Interaction,NDUFV3,0.05647932177366504,0.6674436307858687,0.24923078156439277,0
Interaction,MARS1,0.580880877789271,0.943782221954144,0.9270735633461422,0
Interaction,ARPP19,0.8338470886984957,0.9854311722187112,0.9919848140554058,0
Interaction,ATP5F1E,0.641494234232542,0.960641044991141,0.968342259189196,0
Interaction,ATP5ME,0.518231131909769,0.9332672678842272,0.9415622284933008,0
Interaction,EIF6,0.4509957820714573,0.91549965036920955,0.9297952115414984,0
Interaction,NDUFA6,0.00331224709927003,0.5102171333964075,0.02633087318822494,1
Interaction,SYNJ2BP,0.17107877447518438,0.7647585216433243,0.7127797470932155,0
Interaction,EEFSEC,0.2275477905340619,0.7841359352735049,0.6166010713893512,0
Interaction,MTPN,0.9336320285323918,0.9903410703013332,0.9993637193347,0
Interaction,DEFA3,0.9493044612865597,0.9903410703013332,0.99897448223859,0
Interaction,ARPC4,0.33518166579481146,0.8484650255835557,0.846443862611966,0
Interaction,CD81,0.0400655157438384,0.6440645776750207,0.11846707193194406,0
Interaction,TPI1,0.7883151168137774,0.9854311722187112,0.9933656235907644,0
Interaction,EIF3E,0.3373346830592612,0.848790621685638,0.8224353428828642,0
Interaction,SEC61B,0.3187283939727421,0.8460909063317416,0.5045652937950886,0
Interaction,GABARAPL2,0.2051418732452252,0.7746935995485886,0.6273792738142058,0
Interaction,ROMO1,0.36814394456708455,0.8685999596414687,0.7956601839008091,0
Interaction,MYL6,0.2029607502701107,0.7746935995485886,0.5049215644884036,0
Interaction,ACTB,0.0990858376423639,0.7179536967395801,0.25403146987949765,0
Interaction,EIF4A1,0.2067127779088308,0.7746935995485886,0.7962378025767053,0
Interaction,RPS20,0.22279651344714785,0.7782105332378368,0.7567959848126924,0
Interaction,PRPS1,0.8321055135360089,0.9854311722187112,0.9930846297863084,0
Interaction,PSMA6,0.38799589576297133,0.8727794725058305,0.9176712905431554,0
Interaction,S100A10,0.7681034038544133,0.9822186558113952,0.9880464151885482,0
Interaction,CDC42,0.8583898377647037,0.9854311722187112,0.9962872150691292,0
Interaction,DSTN,0.790545647431421,0.9854311722187112,0.9848067478120508,0
Interaction,RAB2A,0.268403092345172,0.8115954303488957,0.820446422685255,0
Interaction,RAB5B,0.7315806614018585,0.9785413164143968,0.9860043020517888,0
Interaction,RAB10,0.5739615906203832,0.9413686978090752,0.9609319001211568,0
Interaction,UBE2D3,0.9236296027835504,0.9903410703013332,0.9988496720522462,0
Interaction,UBE2M,0.9446889567288544,0.9903410703013332,0.9996068075618546,0
Interaction,UBE2K,0.4910809672809645,0.922485112264284,0.9430647925845574,0
Interaction,UBE2N,0.5793478430998961,0.943782221954144,0.9642182090757496,0
Interaction,RAB14,0.8589836688067175,0.9854311722187112,0.9958297742139406,0
Interaction,ACTR3,0.9758365548360092,0.9955385620149444,0.9999101516012568,0
Interaction,ACTR2,0.38967261756127136,0.8727794725058305,0.909043804267158,0
Interaction,ACTR1A,0.6355711297110143,0.956543655818654,0.9771244048922412,0
Interaction,COPS2,0.4085979379279761,0.8902983284410025,0.9304824729190312,0
Interaction,ABCE1,0.1378930344985504,0.7383632548114595,0.5986430560297467,0
Interaction,RAP1B,0.13807350914757105,0.7383632548114595,0.6806996086677208,0
Interaction,RPS3A,0.08560409260494067,0.7179536967395801,0.5362341254078372,0
Interaction,RPL26,0.7599614566661648,0.9810333535380386,0.9789147812703948,0
Interaction,RPL15,0.41020166434770267,0.8902983284410025,0.848436900305097,0
Interaction,RPL27,0.7414341247040359,0.9792459364801476,0.9647945394748596,0
Interaction,PCBD1,0.9488191537092784,0.9903410703013332,0.9996089399257604,0
Interaction,RPL37A,0.20965790848106017,0.7747378329305563,0.6189405154358582,0
Interaction,RHOA,0.6573299911854118,0.9631763219738718,0.9795524694483646,0
Interaction,HSPE1,0.5633195938675515,0.9332672678842272,0.9584204553274286,0
Interaction,SEC61A1,0.18290518310222223,0.7678983487629457,0.5760081320086924,0
Interaction,VBP1,0.2256748950917692,0.7798403858352091,0.8093313516535248,0
Interaction,B2M,0.908240289698354,0.9900178499897422,0.9982911992922958,0
Interaction,DAD1,0.4153882584087638,0.8902983284410025,0.7043492600024701,0
Interaction,NPC2,0.8273059182159083,0.9854311722187112,0.9817672836903228,0
Interaction,PKIA,0.35373276194825265,0.8611732709771481,0.8703082808751701,0
Interaction,SUMO2,0.8304115359873945,0.9854311722187112,0.9922861915067456,0
Interaction,UFM1,0.13145380222726416,0.7264791210030851,0.5607129354163847,0
Interaction,NUTF2,0.39570411036961417,0.8779032057936212,0.913626331761743,0
Interaction,HNRNPK,0.5276013433887012,0.9332672678842272,0.9584624653593292,0
Interaction,YWHAG,0.0802936686444585,0.7179536967395801,0.6682954402612279,0
Interaction,RRAS2,0.6897378096101914,0.9711717047023336,0.9791451800302292,0
Interaction,TIMM10,0.46837443519902033,0.9161298065083752,0.913866038619238,0
Interaction,RPS7,0.2998722279600603,0.8375313547829174,0.7487720999583499,0
Interaction,PPP1CA,0.93906661806216,0.9903410703013332,0.999398578193849,0
Interaction,PPP1CB,0.5247673050689847,0.9332672678842272,0.921167228645777,0
Interaction,PSMC1,0.29515265667291685,0.8357354874256041,0.8744538693010961,0
Interaction,PSMC5,0.9596831930142342,0.9927594232018248,0.9997975930532744,0
Interaction,RPS8,0.9701606331383306,0.9955385620149444,0.9998390802066086,0
Interaction,RPS15A,0.7828472033812812,0.9854311722187112,0.9910506998478013,0
Interaction,RPS16,0.31859438014089586,0.8460909063317416,0.828976962563889,0
Interaction,UBE2G1,0.674711975554517,0.9700291507912469,0.956886430552048,0
Interaction,YWHAE,0.1946543373979384,0.7746935995485886,0.8217436180996103,0
Interaction,RPS14,0.6986184935628879,0.9737350658665308,0.9834327162537978,0
Interaction,RPS23,0.3310365377037774,0.8481802020922393,0.8014686217476678,0
Interaction,RPS18,0.11146602023674015,0.7179536967395801,0.5958839938340903,0
Interaction,RPS13,0.34851848706302235,0.8573813825921255,0.8153026333741347,0
Interaction,RPS11,0.03578986080549042,0.6266208129361281,0.3654980913014765,0
Interaction,SNRPD2,0.668119110276584,0.9666023531269136,0.9700262267011048,0
Interaction,SNRPD3,0.14540173872201945,0.7433673676225092,0.6813390228558179,0
Interaction,TMSB4X,0.9623224762044882,0.9945103406323804,0.999439517907405,0
Interaction,PSMC6,0.5713993831096922,0.9401018824694308,0.9705521468530998,0
Interaction,RPL7A,0.9878759785411,0.9955385620149444,0.9999557898808332,0
Interaction,ETF1,0.5834638109810486,0.9441354835336588,0.9457677374003616,0
Interaction,CNBP,0.8808741521715926,0.9854311722187112,0.9969765630281572,0
Interaction,RPS4X,0.3812027515448694,0.8724476917165257,0.8897868874309467,0
Interaction,RPL23A,0.08497891383230814,0.7179536967395801,0.4481226902871383,0
Interaction,RPS6,0.820538431203388,0.9854311722187112,0.9936021410174092,0
Interaction,H2BC4,0.11613610979486776,0.7179536967395801,0.2577295113865085,0
Interaction,RAB1A,0.98633898728674,0.9955385620149444,0.9999734242209208,0
Interaction,RAN,0.20913166451234577,0.7747378329305563,0.8019723031654862,0
Interaction,RPL23,0.04566699604829125,0.6482862074152697,0.3849799499053064,0
Interaction,RAP1A,0.25064267167575766,0.7985540817521978,0.6172972096561266,0
Interaction,RPS15,0.00623087467096232,0.60007559363049,0.0949207737494545,0
Interaction,RPS24,0.6129543737382849,0.9486203370812758,0.9456405364089144,0
Interaction,RPS25,0.19448679329348825,0.7746935995485886,0.7224100402478612,0
Interaction,RPS26,0.7508639712848728,0.9792459364801476,0.9822529030148108,0
Interaction,RPS28,0.9070792594842204,0.9900178499897422,0.9977721098310588,0
Interaction,GNB1,0.14102457843241734,0.7383632548114595,0.7137965616353033,0
Interaction,GNB2,0.8763129262405771,0.9854311722187112,0.9969525550223984,0
Interaction,RPL30,0.9894553244396642,0.9955385620149444,0.9999638869241312,0
Interaction,RPL31,0.04683508378014028,0.6548087898887762,0.3127961202805263,0
Interaction,RPL10A,0.9638425625449014,0.9951023213301412,0.9995728670594054,0
Interaction,RPL32,0.09814156346372734,0.7179536967395801,0.24675636858987304,0
Interaction,RPL11,0.49282082724616416,0.922485112264284,0.8823663942154549,0
Interaction,RPL8,0.5967249021811813,0.9476454715976984,0.9216777020355552,0
Interaction,PPIA,0.5048918202880676,0.9311991011970084,0.9358433855685068,0
Interaction,FKBP1A,0.656912800101963,0.9631763219738718,0.9681547965400532,0
Interaction,RPS27A,0.1702738914179874,0.7627834666720501,0.5074574076315522,0
Interaction,GRB2,0.0388030707080076,0.6440645776750207,0.37265045674932445,0
Interaction,RAC1,0.4483755996123876,0.9110610587868728,0.9492078385393474,0
Interaction,AP2B1,0.9994430177498572,0.9994972422994072,0.9999999342702944,0
Interaction,VAMP2,0.9250331160115316,0.9903410703013332,0.9967886349152374,0
Interaction,PPP3R1,0.8771722649062373,0.9854311722187112,0.99652053862823875,0
Interaction,YWHAZ,0.07850652454738354,0.7140355327881074,0.6153230837636248,0
Interaction,UBE2B,0.01162489837983361,0.6105977874007604,0.05416262714424629,0
Interaction,PPP2R2A,0.20085840485395315,0.7746935995485886,0.8227857650339697,0
Interaction,DYNLL1,0.144294418425875,0.7418809470704818,0.6713416689870249,0
Interaction,DYNLT1,0.1659067460136498,0.7570848531079225,0.7235519790794244,0
Interaction,RPL38,0.01085334248355955,0.60007559363049,0.13934022074893898,0
Interaction,SKP1,0.91106541314722,0.990247508030165,0.9985318176584836,0
Interaction,RPS21,0.0305875361551416,0.6266208129361281,0.2926641778904878,0
Interaction,EIF5A,0.5153626374160045,0.9332672678842272,0.9512434339206318,0
Interaction,RACK1,0.13989209696484128,0.7383632548114595,0.6720834570521033,0
Interaction,UBE2I,0.18824540356046604,0.7709621693577762,0.6315791048237958,0
Interaction,SELENOW,0.3342881395959758,0.8484650255835557,0.739757015361627,0
Interaction,TNNC1,0.06995786279919969,0.7074852069419307,0.14322871019615718,0
Interaction,PPP2CA,0.6259833639601845,0.9524992528846364,0.981689239490066,0
Interaction,YBX1,0.0592864865809917,0.6733022070630463,0.44118915509019,0
Interaction,CSNK2B,0.8997294546618495,0.987468304529188,0.998278708632364,0
Interaction,TPM4,0.2004021552723625,0.7746935995485886,0.6616946629731377,0
Interaction,UBE2L3,0.2585764296209405,0.803022326065381,0.8649563864362937,0
Interaction,EEF1A1,0.17921240273844796,0.7678983487629457,0.6848203208039354,0
Interaction,ACTA1,0.06699300675554952,0.7074830285975261,0.15100779328724703,0
Interaction,TUBA1B,0.327630360475779,0.8476369238316583,0.8709392243309702,0
Interaction,TUBA4A,0.5915169232416762,0.9472386095508852,0.960042744451502,0
Interaction,TUBB4B,0.21020267331378376,0.7747378329305563,0.7935995073948122,0
Interaction,CSNK2A1,0.5735384773824366,0.9413686978090752,0.943788325573682,0
Interaction,PAFAH1B2,0.38434891980785335,0.8725152102698197,0.7587102207422683,0
Interaction,EIF4G2,0.26814672612176255,0.8115954303488957,0.8048922764406966,0
Interaction,PIP4K2B,0.3655432616371934,0.8685254447956907,0.8908120795516926,0
Interaction,CCT2,0.20307038480739928,0.7746935995485886,0.7974883802264837,0
Interaction,GSTO1,0.15300455558250725,0.7438857077441434,0.6674145473014754,0
Interaction,PRKDC,0.11415448928179853,0.7179536967395801,0.639328465792693,0
Interaction,DCD,0.33578743110730747,0.8484650255835557,0.7207667854701714,0
Interaction,MRPS25,0.9715405446807068,0.9955385620149444,0.999841304640281,0
Interaction,MRPS5,0.42522232660260206,0.8996899377563615,0.8364522153517251,0
Interaction,MRPS36,0.0730389551656071,0.7104390963099098,0.3108187322010241,0
Interaction,MRPS15,0.13294743609081566,0.7293017316626729,0.35927732486146996,0
Interaction,MRPS21,0.8890974545804365,0.9858065901306122,0.9954354709420477,0
Interaction,SARNP,0.4132255399948235,0.8902983284410025,0.8278408693597988,0
Interaction,LACTB,0.6564968164420352,0.9631763219738718,0.974519093513339,0
Interaction,RPL24,0.00364267348926516,0.5102171333964075,0.04206144859219076,1
Interaction,ARF1,0.7661979078413648,0.9810496186924323,0.9920247700105832,0
Interaction,ARF5,0.3246778473493963,0.8476369238316583,0.8684943909095875,0
Interaction,ERH,0.8632868598280914,0.9854311722187112,0.9920590921908417,0
Interaction,RHOG,0.7304748886774297,0.9785413164143968,0.9515266992466987,0
Interaction,RPL19,0.2398337245614953,0.793499218776921,0.6982789064090131,0
Interaction,SRSF3,0.3856488058600529,0.8725907212525964,0.7696304939294087,0
Interaction,MXRA7,0.604689491692284,0.9486203370812758,0.912438993172534,0
Interaction,H3-3A,0.13485342287594743,0.7359143934087417,0.29240385275109104,0
Interaction,FBLN2,0.13938071485825249,0.7383632548114595,0.23320976095109203,0
Interaction,HSPG2,0.1417442634990803,0.7389694729815576,0.4674825688334392,0
Interaction,RBM3,0.04298260864968389,0.6440645776750207,0.12915022947584706,0
Interaction,CYCS,0.2684715964266932,0.8115954303488957,0.7157576799752177,0
Interaction,MPP1,0.11031393143624728,0.7179536967395801,0.380135472658701,0
Interaction,TFAM,0.2165048128863239,0.777974572420159,0.6974517434216592,0
Interaction,PITPNA,0.9543648870856658,0.9910184817702132,0.9994730590296216,0
Interaction,SLC25A3,0.16264060256103877,0.7493594429402247,0.7135108889746069,0
Interaction,HDLBP,0.34842278467909304,0.8573813825921255,0.7966856613737433,0
Interaction,PURA,0.40907048686700176,0.8902983284410025,0.8779960905605315,0
Interaction,CLTC,0.2248082746601519,0.7782105332378368,0.7862926001814485,0
Interaction,FKBP3,0.7807598561519941,0.9854311722187112,0.9931805740085652,0
Interaction,REEP5,0.01911699298603814,0.6266208129361281,0.265489203760418,0
Interaction,SORD,0.8141187583568926,0.9854311722187112,0.988193958181419,0
Interaction,HNRNPU,0.09993825420484798,0.7179536967395801,0.5469915581072607,0
Interaction,MYBPC1,0.1115758402043128,0.7179536967395801,0.236073685524218,0
Interaction,PLIN5,0.4700499331356559,0.9161298065083752,0.8205919243445199,0
Interaction,SPTBN1,0.7453172645188513,0.9792459364801476,0.986748420754514,0
Interaction,TIAL1,0.610503185080371,0.9486203370812758,0.9565916047367258,0
Interaction,SET,0.01807783157051836,0.6266208129361281,0.1259325035739946,0
Interaction,AMPD3,0.4249415651987637,0.8996899377563615,0.7954162117960399,0
Interaction,FABP5,0.695769833044534,0.9727786546110924,0.9746130546800073,0
Interaction,ANK2,0.6671406825873252,0.9666023531269136,0.9684937738921522,0
Interaction,CAP1,0.2540822651286451,0.7985540817521978,0.7322562704074587,0
Interaction,EWSR1,0.10714856208034206,0.7179536967395801,0.5770678905523217,0
Interaction,TAGLN,0.08609030020127026,0.7179536967395801,0.2058518024464443,0
Interaction,OGDH,0.5192823310348899,0.9332672678842272,0.955561654089514,0
Interaction,COX6A2,0.08521303820959808,0.7179536967395801,0.2529293080436252,0
Interaction,ALDH6A1,0.16062261850149506,0.7493594429402247,0.55845444486548,0
Interaction,BDH1,0.9652114725727344,0.9952907995236356,0.9996032831931506,0
Interaction,COL7A1,0.1853417046043889,0.768053099356649,0.5812838400796763,0
Interaction,RPL18A,0.37465640635602393,0.8688224169470268,0.7940153915484627,0
Interaction,CACNB1,0.8859968987725585,0.9854311722187112,0.9979317663270972,0
Interaction,MAP2K1,0.6597333689858362,0.9638347754849004,0.981204261575644,0
Interaction,FKBP4,0.16728812594845385,0.7580812137628049,0.6919528634877826,0
Interaction,RPL6,0.7376381629240085,0.9785413164143968,0.9735993791750112,0
Interaction,AKAP12,0.8354531195286592,0.9854311722187112,0.9921081332831796,0
Interaction,SLC25A11,0.8575085679535646,0.9854311722187112,0.9949387647900814,0
Interaction,CAV1,0.07453293505254831,0.7117895297518364,0.5134560654480002,0
Interaction,ACY1,0.41530152305329027,0.8902983284410025,0.8916158124040132,0
Interaction,LMNB2,0.05220390797094806,0.6551220900984647,0.19999768496308487,0
Interaction,UBXN1,0.8674235877512902,0.9854311722187112,0.9969150358200064,0
Interaction,GBE1,0.34025635136576904,0.8497554824001795,0.8365667820504735,0
Interaction,EIF4G1,0.166576187064414,0.7575250411738826,0.8160173926901189,0
Interaction,PRKCQ,0.12765672361573124,0.7179536967395801,0.527762242540905,0
Interaction,GLO1,0.8259240814451492,0.9854311722187112,0.994906269443966,0
Interaction,AKR1C1,0.09038451249230342,0.7179536967395801,0.4173618540457255,0
Interaction,SSBP1,0.3045569530357653,0.839438685331748,0.8481970837668721,0
Interaction,YWHAH,0.10743903763684368,0.7179536967395801,0.6994083791156378,0
Interaction,PLP2,0.3805166340533449,0.8721684987217657,0.6809116425250759,0
Interaction,UBE3A,0.6170095975292057,0.9486203370812758,0.9602012249487408,0
Interaction,SRSF11,0.23829158188413752,0.793499218776921,0.6587080113326065,0
Interaction,EEF1A2,0.6578572213386511,0.9631763219738718,0.9679071222834432,0
Interaction,CALD1,0.3840756429029343,0.8725152102698197,0.7410159558273454,0
Interaction,COL14A1,0.6962886763422815,0.9727786546110924,0.9152563274761816,0
Interaction,PTPN11,0.9266349836799724,0.9903410703013332,0.9989093242410682,0
Interaction,PSME1,0.03474740434846268,0.6266208129361281,0.4204338210365877,0
Interaction,CACNG1,0.6313190644763947,0.9552373341053044,0.9484906777171592,0
Interaction,ZNF33A,0.9061462221140164,0.9900178499897422,0.9935440801141792,0
Interaction,PRDX1,0.43789258642010265,0.910335198573387,0.9146199002348172,0
Interaction,RPL18,0.203662229699672,0.7746935995485886,0.5846653667259469,0
Interaction,C1QBP,0.2005059570473922,0.7746935995485886,0.7362789759242923,0
Interaction,CKAP4,0.9239814673333104,0.9903410703013332,0.9976013230826016,0
Interaction,DPT,0.9002814289548606,0.987468304529188,0.9932573855950272,0
Interaction,KLC1,0.899375603408217,0.987468304529188,0.997185829482443,0
Interaction,SRSF1,0.3302373839743544,0.8476369238316583,0.745662838414153,0
Interaction,ARHGAP1,0.6538378802642055,0.9620867820115524,0.9648947219028972,0
Interaction,ACTN3,0.2289586400026861,0.7841359352735049,0.23291335706769373,0
Interaction,PPP3CA,0.44409159703669066,0.9110610587868728,0.9238174509854612,0
Interaction,DHX9,0.5086200129190862,0.9311991011970084,0.9316696749033232,0
Interaction,CRYZ,0.9650650921025148,0.9952907995236356,0.9997631214538244,0
Interaction,SLC20A2,0.09763422425442016,0.7179536967395801,0.09674954274221484,0
Interaction,PUDP,0.4663769867128513,0.9161298065083752,0.902384699715056,0
Interaction,CD47,0.18481801030887487,0.7678983487629457,0.6726873987584393,0
Interaction,PPID,0.8570584520411513,0.9854311722187112,0.9897368029551586,0
Interaction,AHNAK,0.4958815385183165,0.922485112264284,0.915761286357272,0
Interaction,LMOD3,0.4950050496876748,0.922485112264284,0.824833658796407,0
Interaction,HSPA14,0.21552076924782831,0.7766880552138719,0.6542823783836534,0
Interaction,SCRN3,0.8129864080518056,0.9854311722187112,0.9883146534577276,0
Interaction,NEXN,0.2724279192816601,0.8188427158952329,0.6420454555034493,0
Interaction,AP1B1,0.990680191391342,0.9955385620149444,0.9999811005703078,0
Interaction,BST2,0.12356728199615329,0.7179536967395801,0.6027702813734775,0
Interaction,PMPCA,0.14618226311254814,0.7433673676225092,0.45410212903011427,0
Interaction,ASPH,0.8519647273646533,0.9854311722187112,0.9918578966801525,0
Interaction,EFEMP1,0.07919298303374236,0.7171743851460893,0.206372418224903,0
Interaction,STX4,0.7278859911024858,0.9785413164143968,0.9694701152210956,0
Interaction,GRSF1,0.8838494558295114,0.9854311722187112,0.995914833111772,0
Interaction,AIMP1,0.12588105376405123,0.7179536967395801,0.7167552431508857,0
Interaction,ILF3,0.5841866390260622,0.9441354835336588,0.9212483076000006,0
Interaction,TRAP1,0.6605336675238905,0.9638347754849004,0.9708779399831756,0
Interaction,ANK3,0.8515006901846095,0.9854311722187112,0.995347437103739,0
Interaction,HSPB3,0.43032308748486103,0.9050138206263192,0.8698751352183121,0
Interaction,ECH1,0.2556942825158755,0.7985540817521978,0.7769879712666187,0
Interaction,STRN3,0.5416191213988933,0.9332672678842272,0.9538030551328792,0
Interaction,COASY,0.4568949745441676,0.9161298065083752,0.9060810637806784,0
Interaction,TRDN,0.7784845130584787,0.9854311722187112,0.9818328519640332,0
Interaction,ACACA,0.12186065800531,0.7179536967395801,0.5493231355867451,0
Interaction,GPS1,0.10342285917923924,0.7179536967395801,0.6969200808600097,0
Interaction,MTAP,0.6185310013202203,0.949120370630046,0.948429230380692,0
Interaction,PRKAA1,0.28368825918233204,0.8278730193858214,0.8751418385302376,0
Interaction,TARDBP,0.32132533546423026,0.8476369238316583,0.877232290319663,0
Interaction,PAK1,0.22005760367252877,0.7782105332378368,0.442137425232626,0
Interaction,AIMP2,0.05761444211545707,0.6674436307858687,0.6013703097697433,0
Interaction,PRDX4,0.6775104364293651,0.9700291507912469,0.9690354814387108,0
Interaction,PAK2,0.3705206036904428,0.8685999596414687,0.8848991849938387,0
Interaction,CBX3,0.9691718691161166,0.9955385620149444,0.999705326459812,0
Interaction,PSMD2,0.822194934671489,0.9854311722187112,0.995662593183824,0
Interaction,MYBPH,0.3560691587634719,0.8628619406713431,0.5313743231740784,0
Interaction,SELENBP1,0.6130749575517276,0.9486203370812758,0.9620646595509574,0
Interaction,TRIM28,0.8929282379080845,0.9862784930759224,0.9977521708215372,0
Interaction,G3BP1,0.1574860240171437,0.7493594429402247,0.4801508447098434,0
Interaction,PABPC4,0.4452297103015286,0.9110610587868728,0.8530498008461224,0
Interaction,SGCG,0.996915784862358,0.9991718333735564,0.9999986443487636,0
Interaction,EIF3I,0.9128800188975952,0.9903410703013332,0.9986644143590936,0
Interaction,CTBP1,0.21457059222917776,0.7766880552138719,0.7838759971578682,0
Interaction,UBE2V1,0.7319019324143905,0.9785413164143968,0.9849452299032738,0
Interaction,DYNC1I2,0.02433378678617606,0.6266208129361281,0.35945807559574733,0
Interaction,ILK,0.984304806243426,0.9955385620149444,0.9999695181649636,0
Interaction,NNT,0.8390931056331947,0.9854311722187112,0.9950498551118346,0
Interaction,SNTA1,0.3593424618733134,0.8667950773775333,0.8555937533670329,0
Interaction,SNTB2,0.7134588442771823,0.9783312218446496,0.9859130599127324,0
Interaction,SF3B2,0.9441802216389328,0.9903410703013332,0.9993066363330856,0
Interaction,PDAP1,0.4033729348970013,0.8869803542389462,0.8987542717229645,0
Interaction,TMED1,0.7297358782688296,0.9785413164143968,0.9797430247576056,0
Interaction,FKBP5,0.94602317101609,0.9903410703013332,0.9994188227798724,0
Interaction,PICALM,0.20599464782551977,0.7746935995485886,0.5754673241845647,0
Interaction,MTM1,0.30170494081991933,0.8375313547829174,0.8043025192826938,0
Interaction,SQSTM1,0.25489568275965924,0.7985540817521978,0.7778586427329515,0
Interaction,MTX1,0.5463386335637213,0.9332672678842272,0.9507201372906808,0
Interaction,ART3,0.19621920648105176,0.7746935995485886,0.5764468145889553,0
Interaction,ASAH1,0.9800094623477892,0.9955385620149444,0.9999144132583264,0
Interaction,PIN1,0.8213072819448182,0.9854311722187112,0.9929629938897284,0
Interaction,CAMK2B,0.2902635730230631,0.8337956723519173,0.8160170234365943,0
Interaction,CAMK2G,0.7450451004921557,0.9792459364801476,0.988176077112337,0
Interaction,CAMK2D,0.5081947564909439,0.9311991011970084,0.9120731595904876,0
Interaction,DCTN2,0.18048320047365815,0.7678983487629457,0.829194800180277,0
Interaction,NAE1,0.7335447607761375,0.9785413164143968,0.9835887238020624,0
Interaction,STIM1,0.5953503545113994,0.9475087483598365,0.964845005221208,0
Interaction,CUL1,0.3060064308021635,0.839438685331748,0.8468448926948962,0
Interaction,CUL2,0.7312394142268774,0.9785413164143968,0.9833653257017207,0
Interaction,CUL3,0.1839438545261372,0.7678983487629457,0.7486268284028323,0
Interaction,CUL4A,0.6678779228981844,0.9666023531269136,0.9825925499692864,0
Interaction,FHL1,0.5904623755480634,0.9469934740660162,0.9643192119662448,0
Interaction,FHL3,0.7712926301864411,0.9844992806936286,0.9859327767035538,0
Interaction,ITGA7,0.6034709780485296,0.9486203370812758,0.9637226472680436,0
Interaction,AAMP,0.9227953328428042,0.9903410703013332,0.9976634612307644,0
Interaction,CACNA1S,0.6468118979617288,0.961069163803106,0.9701596892599452,0
Interaction,MOGS,0.608201173565035,0.9486203370812758,0.9127729424837734,0
Interaction,SPTAN1,0.4133572471515973,0.8902983284410025,0.8918622178245985,0
Interaction,AUH,0.8715373335176656,0.9854311722187112,0.995725278388787,0
Interaction,DDX39B,0.7116836229374257,0.9783312218446496,0.9780052219396868,0
Interaction,BLMH,0.12284599466487436,0.7179536967395801,0.5275100652524052,0
Interaction,SNTB1,0.4283913613475714,0.9036649098305698,0.89175460777738,0
Interaction,TUBB2A,0.1824923057203801,0.7678983487629457,0.7540822444850679,0
Interaction,IDI1,0.23931671320323225,0.793499218776921,0.724846266056355,0
Interaction,PRKG1,0.18287010610550575,0.7678983487629457,0.6394336305296976,0
Interaction,COX17,0.9202735956917514,0.9903410703013332,0.9982505724423744,0
Interaction,HNRNPD,0.5357109756390706,0.9332672678842272,0.9539550234542398,0
Interaction,SCARB2,0.00623009944758338,0.60007559363049,0.0886111073775699,0
Interaction,NID2,0.19585933589678273,0.7746935995485886,0.4190596335541739,0
Interaction,IL18,0.23347486298844236,0.7867016213220325,0.4908502651588753,0
Interaction,DAG1,0.9302098961052612,0.9903410703013332,0.9992505465671516,0
Interaction,EIF3A,0.08895231213026443,0.7179536967395801,0.6379771210314789,0
Interaction,UBAP2L,0.1132863073946764,0.7179536967395801,0.2901238073294752,0
Interaction,MLEC,0.8073095217144077,0.9854311722187112,0.9935142088702332,0
Interaction,DPYSL3,0.639838812455509,0.9588454671676352,0.9575140646297008,0
Interaction,DCTN1,0.07194498954032327,0.7074852069419307,0.5724650274089926,0
Interaction,DYNC1H1,0.01015636596977288,0.60007559363049,0.26474101741839573,0
Interaction,EIF2B1,0.19425559109465293,0.7746935995485886,0.7149828376509096,0
Interaction,EIF4A2,0.20722408517196897,0.7746935995485886,0.7409217197469831,0
Interaction,CTTN,0.9241005257392,0.9903410703013332,0.9970605246558628,0
Interaction,ENDOG,0.5613004481808007,0.9332672678842272,0.9183905848936468,0
Interaction,FLOT2,0.15160349418155317,0.7433673676225092,0.6470333911645354,0
Interaction,TRIM25,0.6683392177642962,0.9666023531269136,0.9616845977188968,0
Interaction,FLNC,0.21198930959822637,0.7747378329305563,0.6216961794130167,0
Interaction,MYBPC2,0.40719325818117313,0.8902983284410025,0.7096553293842703,0
Interaction,GAMT,0.871996160639839,0.9854311722187112,0.996949754303164,0
Interaction,CAPRIN1,0.0164204484121048,0.6266208129361281,0.03061278822087249,1
Interaction,PRPSAP1,0.4595764050200431,0.9161298065083752,0.8424889584437469,0
Interaction,CLINT1,0.7408502774296468,0.9792459364801476,0.9791369845878866,0
Interaction,GANAB,0.01054245342962474,0.60007559363049,0.2965559580114163,0
Interaction,SSPN,0.10842658112781552,0.7179536967395801,0.6209916960055153,0
Interaction,MVP,0.5796459398674697,0.943782221954144,0.8804580781167991,0
Interaction,LTBP3,0.6746472540707291,0.9700291507912469,0.9580517050898704,0
Interaction,LASP1,0.2374819730351552,0.7932426476102721,0.574618693867509,0
Interaction,PTGR1,0.7548432343928324,0.9807827059117756,0.9724538413945192,0
Interaction,KPNB1,0.01403318665038807,0.6266208129361281,0.36161128975509704,0
Interaction,NUMA1,0.488040759726175,0.922485112264284,0.9279064983401958,0
Interaction,PSME4,0.2004730064333731,0.7746935995485886,0.58570215231982925,0
Interaction,SLMAP,0.13174133512716582,0.7264791210030851,0.613483833790883,0
Interaction,EMC2,0.48061048755799607,0.9221576569491778,0.894940987116789,0
Interaction,PSMD6,0.18999107411662863,0.7746935995485886,0.7058456318029482,0
Interaction,ABRAXAS2,0.6785487422789935,0.9700291507912469,0.9821615530554209,0
Interaction,SEPTIN2,0.14093309568206208,0.7383632548114595,0.7319786113052225,0
Interaction,KARS1,0.15786373870800097,0.7493594429402247,0.795053398343337,0
Interaction,EIF4H,0.5619429509755214,0.9332672678842272,0.9592947551656356,0
Interaction,EEA1,0.11841285696149403,0.7179536967395801,0.5769276406237338,0
Interaction,PDIA6,0.334907628965178,0.8484650255835557,0.8777924900057602,0
Interaction,PAFAH1B3,0.926812431746443,0.9903410703013332,0.998278309165824,0
Interaction,PLCL1,0.7421766416105361,0.9792459364801476,0.963199708504446,0
Interaction,PDK1,0.9804561494250724,0.9955385620149444,0.99989578919419,0
Interaction,PDK2,0.5990307795535711,0.9482755410858804,0.9157190668132268,0
Interaction,PEA15,0.6080085376378176,0.9486203370812758,0.8927045501635532,0
Interaction,PGM5,0.4565053255521726,0.9161298065083752,0.8894619167846476,0
Interaction,PLEC,0.05269663647150905,0.6551220900984647,0.31115806188130873,0
Interaction,PPP2R5A,0.2527537700938328,0.7985540817521978,0.683680020068217,0
Interaction,PPA1,0.44085680005712913,0.9110610587868728,0.9200957787354116,0
Interaction,PTGES3,0.9419576029020864,0.9903410703013332,0.9994279563121112,0
Interaction,STK38,0.5438145346798487,0.9332672678842272,0.8992090401927062,0
Interaction,NECTIN1,0.02664817490836161,0.6266208129361281,2.9166654216578204e-5,-1
Interaction,NONO,0.3018977405178826,0.8375313547829174,0.8481686883828975,0
Interaction,PTPA,0.4097958717500797,0.8902983284410025,0.8438317137245044,0
Interaction,RABEP1,0.24685021061546916,0.7980416035333834,0.6642245003979816,0
Interaction,RAB35,0.3709638278004326,0.8685999596414687,0.8225727274949384,0
Interaction,TMED2,0.7948604073177532,0.9854311722187112,0.9907076593819908,0
Interaction,PCBP1,0.2849259475690883,0.8278730193858214,0.8765745559861149,0
Interaction,PCBP2,0.2737910286953231,0.8194230075340084,0.8657893410865202,0
Interaction,ELOC,0.558965014585557,0.9332672678842272,0.9658242236837928,0
Interaction,ELOB,0.39004561209738775,0.8727794725058305,0.9106396668359668,0
Interaction,UBE3C,0.03165648423601701,0.6266208129361281,0.0842141920983248,0
Interaction,DHCR24,0.03899962828423974,0.6440645776750207,0.07524256864150015,0
Interaction,RSU1,0.7079819241617293,0.9783312218446496,0.9823882518770178,0
Interaction,PPP1R7,0.43543165204859346,0.9094132262976866,0.9147402336290348,0
Interaction,SEC23A,0.29804905823391403,0.8368000346631261,0.8562134603801799,0
Interaction,MAPRE2,0.7216079762692869,0.9785413164143968,0.9860501078119012,0
Interaction,TGFBI,0.4202366752923481,0.8948448856598686,0.7472538682072253,0
Interaction,TSN,0.9391419629387598,0.9903410703013332,0.9992514947509296,0
Interaction,SF1,0.2903302166396622,0.8337956723519173,0.6364192062836226,0
Interaction,TRIP10,0.08870401182006958,0.7179536967395801,0.65124614573953,0
Interaction,MAPRE1,0.973357413886144,0.9955385620149444,0.9998373527106524,0
Interaction,TSC22D1,0.6447809886895906,0.961069163803106,0.8742419537952912,0
Interaction,ELAVL1,0.4701948762189454,0.9161298065083752,0.8661423576864787,0
Interaction,MYLK,0.9360556221384986,0.9903410703013332,0.9983705648666832,0
Interaction,SPEG,0.21938316260721297,0.7782105332378368,0.7068937356161336,0
Interaction,TBCE,0.312905910977504,0.8431857064796524,0.7753036606782782,0
Interaction,UBE2V2,0.7807754530304378,0.9854311722187112,0.9937786008471414,0
Interaction,NEDD8,0.7141991364950486,0.9783312218446496,0.9805899464759318,0
Interaction,ADIRF,NA,NA,NA,0
Interaction,ADIPOQ,0.07206179642340466,0.7074852069419307,0.4800043466479766,0
Interaction,RAB11B,0.9568695239574916,0.9913130521867304,0.9998148168408748,0
Interaction,ZYX,0.562691012101283,0.9332672678842272,0.9646236625157192,0
Interaction,HSPB2,0.6339200389376138,0.955427547925342,0.9622100323165974,0
Interaction,ETFDH,0.48610355399012795,0.922485112264284,0.9251837108021204,0
Interaction,SEPTIN7,0.5871359577931614,0.9456602038852968,0.9611063400411208,0
Interaction,ADRM1,0.5815849551942502,0.943782221954144,0.9526396066921872,0
Interaction,DDB1,0.08217102694183885,0.7179536967395801,0.7090740331368603,0
Interaction,CDC37,0.7990240743121665,0.9854311722187112,0.9945892699880906,0
Interaction,DPYSL2,0.7748510232276684,0.9848335883907492,0.9919205744707528,0
Interaction,SYPL1,0.07018470024866588,0.7074852069419307,0.4543032276484093,0
Interaction,RBBP7,0.3130383277152465,0.8431857064796524,0.6895574315321565,0
Interaction,SGCB,0.6989017036300468,0.9737350658665308,0.9853791741355926,0
Interaction,SGCA,0.9473338245743874,0.9903410703013332,0.999587857099934,0
Interaction,FXN,0.9994972422994072,0.9994972422994072,0.999999947069484,0
Interaction,FSCN1,0.8024118168445363,0.9854311722187112,0.987052544009163,0
Interaction,DECR1,0.966066289853052,0.995441527700472,0.9997799083464974,0
Interaction,NDUFA5,0.11628700622960486,0.7179536967395801,0.57900759034422,0
Interaction,CLPP,0.44739097292586993,0.9110610587868728,0.8496104973811109,0
Interaction,TST,0.364605435235105,0.8685254447956907,0.8597127914657282,0
Interaction,KYAT1,0.8344685180780645,0.9854311722187112,0.9920039284319304,0
Interaction,GUK1,0.49363321353675627,0.922485112264284,0.8485760241143291,0
Interaction,HAGH,0.7168629656954844,0.9783312218446496,0.9862710665054626,0
Interaction,NDUFA9,0.09135949871550852,0.7179536967395801,0.4851058347593136,0
Interaction,PHKG1,0.9750508019225674,0.9955385620149444,0.9999175177832268,0
Interaction,PPP1R3A,0.3900713587258329,0.8727794725058305,0.8893345444020067,0
Interaction,HADH,0.7312102120622415,0.9785413164143968,0.9878979462618426,0
Interaction,UGP2,0.4003767949009146,0.8848023593439903,0.9151594843894024,0
Interaction,TXNRD1,0.5225690964225879,0.9332672678842272,0.9572461456148446,0
Interaction,IMMT,0.5176771228191817,0.9332672678842272,0.954746357657216,0
Interaction,IAH1,0.7084651524866994,0.9783312218446496,0.9833903503695516,0
Interaction,KLHL40,0.8801055367920668,0.9854311722187112,0.9935370498774604,0
Interaction,TKFC,0.8711829909402009,0.9854311722187112,0.9937254200031432,0
Interaction,TIMM50,0.5182883100239386,0.9332672678842272,0.9369429897681092,0
Interaction,NADK2,0.16342280882844493,0.7513158016379929,0.5956041985184746,0
Interaction,FAM98B,0.16742012526698785,0.7580812137628049,0.6989270224360757,0
Interaction,HIKESHI,0.5589858735557227,0.9332672678842272,0.958359792549871,0
Interaction,PDLIM3,0.5291212061947239,0.9332672678842272,0.9271091040289844,0
Interaction,HSD17B12,0.9177375397900344,0.9903410703013332,0.9983240542498468,0
Interaction,AGK,0.3123722660127225,0.8431857064796524,0.7719847872727911,0
Interaction,LACTB2,0.6378332074418565,0.9575585735621118,0.9668692195340663,0
Interaction,DCAF6,0.4381670575552523,0.910335198573387,0.9274103893192096,0
Interaction,CAVIN4,0.8223289567633345,0.9854311722187112,0.9930978890801222,0
Interaction,FLG2,0.4630564978208771,0.9161298065083752,0.7350230840107901,0
Interaction,RABL3,0.4354448860806629,0.9094132262976866,0.8866149217472395,0
Interaction,COQ5,0.5821597273053188,0.943782221954144,0.946729514819448,0
Interaction,NOMO2,0.02824841519554512,0.6266208129361281,0.2768747867117127,0
Interaction,PITRM1,0.9395428650152268,0.9903410703013332,0.9987995062708028,0
Interaction,WDR44,0.6091601987810185,0.9486203370812758,0.9236133250779386,0
Interaction,COA6,0.2403496024211087,0.793499218776921,0.7415170565631444,0
Interaction,TOR1AIP1,0.12464549970888918,0.7179536967395801,0.4282284258235154,0
Interaction,GNAS,0.25175440776936264,0.7985540817521978,0.7891629925484566,0
Interaction,TTC38,0.765275793308312,0.9810496186924323,0.9639287690358856,0
Interaction,C6orf136,0.37160007797302375,0.8685999596414687,0.6544871332391021,0
Interaction,HP1BP3,0.80762450283075,0.9854311722187112,0.9871485938835136,0
Interaction,IBA57,0.7483429613978259,0.9792459364801476,0.976445561483404,0
Interaction,UBR4,0.34953938628371106,0.8579231899323329,0.8518937367491057,0
Interaction,DCAF8,0.7772823526779407,0.9854311722187112,0.9877754779143328,0
Interaction,DDI2,0.2429563561268133,0.7954539833722686,0.5260451587360285,0
Interaction,MICOS10,0.10044579459109731,0.7179536967395801,0.33980706362765795,0
Interaction,LYRM7,0.9812549553825038,0.9955385620149444,0.9999161021194596,0
Interaction,OBSCN,0.14594219415541532,0.7433673676225092,0.5359398504701466,0
Interaction,MYOM3,0.6834656205077123,0.9702265433758293,0.9413538475000076,0
Interaction,PDE4DIP,0.8469380924895263,0.9854311722187112,0.9889586581254156,0
Interaction,BROX,0.13071882265147344,0.7264791210030851,0.4848306619770158,0
Interaction,LYPLAL1,0.26703755475397856,0.8115954303488957,0.5769733001018482,0
Interaction,SYPL2,0.7661295832600554,0.9810496186924323,0.986333583861358,0
Interaction,ECPAS,0.00689121016701613,0.60007559363049,0.2821053745537439,0
Interaction,MICOS13,0.7144025154805234,0.9783312218446496,0.9741333601619802,0
Interaction,RNF123,0.05743497268557027,0.6674436307858687,0.49160736234925245,0
Interaction,TMEM198,0.27123186474279815,0.8164156845624913,0.6958300114016435,0
Interaction,CRYBG3,0.4653781092648765,0.9161298065083752,0.723031581437928,0
Interaction,NXN,0.5581175056753048,0.9332672678842272,0.9518421282918668,0
Interaction,PTRHD1,0.7480780934235189,0.9792459364801476,0.9855518621850022,0
Interaction,ABLIM2,0.567481784076544,0.936472406056756,0.8956358587466065,0
Interaction,LAMTOR1,0.02539085354164355,0.6266208129361281,0.2373657938861281,0
Interaction,DHRS7B,0.33307303734771854,0.8484650255835557,0.8133240358556949,0
Interaction,TWF2,0.06718421749911357,0.7074830285975261,0.35807378925772365,0
Interaction,ETFRF1,0.5957444343566606,0.9475087483598365,0.9345383911172068,0
Interaction,RAB12,0.5806691364286114,0.943782221954144,0.9518176375394002,0
Interaction,DENND5A,0.5847438117748968,0.94426008060568,0.9384297103697145,0
Interaction,RCSD1,0.5433179618437143,0.9332672678842272,0.9469581739480898,0
Interaction,SLC25A24,0.3618720264950571,0.8685254447956907,0.888620265198749,0
Interaction,HIBCH,0.8253181459103855,0.9854311722187112,0.9901232098559408,0
Interaction,CAVIN1,0.09043934928540504,0.7179536967395801,0.6181631461019312,0
Interaction,MRPL54,0.3641403225695635,0.8685254447956907,0.741229967657035,0
Interaction,LPCAT3,0.6509194120982723,0.9616031106987428,0.9474980080522922,0
Interaction,TATDN1,0.44236097225977167,0.9110610587868728,0.8805796601323906,0
Interaction,SFXN4,0.04039626093972034,0.6440645776750207,0.17180447114408923,0
Interaction,FAHD1,0.7490251945147031,0.9792459364801476,0.9857200786526008,0
Interaction,LMOD2,0.3589250308642249,0.8667833216617661,0.559365169877803,0
Interaction,SLC27A1,0.09595023157817784,0.7179536967395801,0.4183352819233937,0
Interaction,CCDC137,0.02085170398052504,0.6266208129361281,0.00413659185325562,1
Interaction,CORO6,0.6492602548779729,0.9612634099247348,0.940774543957292,0
Interaction,TMEM205,0.7477433704997175,0.9792459364801476,0.9868184821939264,0
Interaction,DHRS11,0.01376978227470461,0.6266208129361281,0.03598039665743643,1
Interaction,APOOL,0.8175925373079962,0.9854311722187112,0.9938310926145804,0
Interaction,NAPRT,0.30035515427488735,0.8375313547829174,0.6577446827664718,0
Interaction,HSDL2,0.5295170374296889,0.9332672678842272,0.9473652162315248,0
Interaction,KYAT3,0.851558693745847,0.9854311722187112,0.991430587449176,0
Interaction,TRIM72,0.8359162393859146,0.9854311722187112,0.9968219226929816,0
Interaction,UBN2,0.04754872424186483,0.6548087898887762,0.03206189066368134,1
Interaction,TOM1L2,0.15803510413512384,0.7493594429402247,0.7420102978740307,0
Interaction,XIRP1,1.7632318387754775e-4,0.12348500310890928,8.905903823099542e-6,1
Interaction,VPS13C,0.4862644936793935,0.922485112264284,0.907935015365219,0
Interaction,UBE2R2,0.4689506785975389,0.9161298065083752,0.8905225724573236,0
Interaction,SND1,0.03246309821746943,0.6266208129361281,0.2607862640016939,0
Interaction,TRMT10C,0.773552579464764,0.9848335883907492,0.9893133120739211,0
Interaction,BZW1,0.8708359753188231,0.9854311722187112,0.9938388618224064,0
Interaction,EIF3M,0.4178767413045972,0.8925001534685901,0.9042835742255158,0
Interaction,COPS6,0.47049217573657154,0.9161298065083752,0.9450125898776072,0
Interaction,CHMP1B,0.8821363286354754,0.9854311722187112,0.996346713294434,0
Interaction,RRM2B,NA,NA,NA,0
Interaction,ERMP1,0.5946743464895967,0.9475087483598365,0.8327891942946668,0
Interaction,MRPL21,0.29871491004157286,0.8368000346631261,0.598424075831027,0
Interaction,DGLUCY,0.24717117667796715,0.7980416035333834,0.732588001782564,0
Interaction,MYH14,0.26391483897619766,0.8105532690086262,0.7624774534491258,0
Interaction,SZRD1,0.38664289714168987,0.8725907212525964,0.8567496731157123,0
Interaction,MAVS,0.00240578332093399,0.5102171333964075,0.10723831206049352,0
Interaction,COMMD6,0.05990103667919198,0.6766240756074319,0.15294333878328928,0
Interaction,HDDC2,0.05269499121824012,0.6551220900984647,0.3943349927453984,0
Interaction,HDGFL2,0.8964298225062433,0.9872076272682924,0.9964798165881738,0
Interaction,DCXR,0.8717545181013675,0.9854311722187112,0.9959724658873246,0
Interaction,SPRED2,0.8291999596504465,0.9854311722187112,0.9833835342891624,0
Interaction,HUWE1,0.5521591798401668,0.9332672678842272,0.931302919817646,0
Interaction,GLRX5,0.6941040082376342,0.9727786546110924,0.9659146571506853,0
Interaction,MYPN,0.8844184186830868,0.9854311722187112,0.9945163723499336,0
Interaction,SRL,0.7984394173854098,0.9854311722187112,0.9938737294200658,0
Interaction,PRUNE1,0.04000885691354206,0.6440645776750207,0.09346433671547108,0
Interaction,ACOT1,0.02331546997626135,0.6266208129361281,0.08141315064747298,0
Interaction,ISCA2,0.5051126041246916,0.9311991011970084,0.9217835688106404,0
Interaction,MTDH,0.15789914135782265,0.7493594429402247,0.6700413336056467,0
Interaction,KTN1,0.1065180615286934,0.7179536967395801,0.4708063483767352,0
Interaction,NLRX1,0.5355920064980446,0.9332672678842272,0.9347427793741868,0
Interaction,ALYREF,0.8769576261981589,0.9854311722187112,0.9954845598074488,0
Interaction,MDP1,0.6131363239850252,0.9486203370812758,0.9495309907907628,0
Interaction,SLC25A42,0.6176642651723872,0.9486203370812758,0.82594464330457,0
Interaction,NRAP,0.9221937004905464,0.9903410703013332,0.9974899824204226,0
Interaction,VPS36,0.7931663813981306,0.9854311722187112,0.9879225636728032,0
Interaction,CAND1,0.704511170825395,0.9757270731075512,0.980046357581302,0
Interaction,COMMD7,0.7653124229095749,0.9810496186924323,0.978921764722935,0
Interaction,LDHD,0.5325816798597793,0.9332672678842272,0.8764557542695963,0
Interaction,CARM1,0.25267839048664814,0.7985540817521978,0.6423599147104523,0
Interaction,NIT1,0.7616159375255868,0.9810496186924323,0.9849684723231744,0
Interaction,NDUFA11,0.592461508321049,0.9473071757857868,0.9226711191705216,0
Interaction,ECHDC2,0.6196580404773294,0.9495999584557762,0.9563431377202372,0
Interaction,PHYKPL,0.01912756150611015,0.6266208129361281,0.10657878131897358,0
Interaction,MUSTN1,0.05845294053526884,0.6674436307858687,0.08956050912088508,0
Interaction,NAXD,0.7459974407138612,0.9792459364801476,0.9847254465331928,0
Interaction,MFN1,0.2542930118994805,0.7985540817521978,0.6614919138165647,0
Interaction,SLC44A2,0.6539076271834825,0.9620867820115524,0.963626728253802,0
Interaction,HSCB,0.5570210691982216,0.9332672678842272,0.9145822848293268,0
Interaction,ADHFE1,0.9536847654173756,0.9910184817702132,0.9992649813286418,0
Interaction,UNC45B,0.844427019511474,0.9854311722187112,0.9956101209966318,0
Interaction,MSRB3,0.0174404417987435,0.6266208129361281,0.00804003472134766,1
Interaction,KLHDC8B,0.5045850053043597,0.9311991011970084,0.8734841980686088,0
Interaction,SUPV3L1,0.5353705379688256,0.9332672678842272,0.8671378116459718,0
Interaction,THNSL1,0.5394594813567122,0.9332672678842272,0.8498778355992066,0
Interaction,PM20D2,0.8613866706009152,0.9854311722187112,0.991741047830691,0
Interaction,MICU2,0.03158475747113618,0.6266208129361281,0.19924266755215048,0
Interaction,ELMOD2,0.5243446890125121,0.9332672678842272,0.8354214759034024,0
Interaction,ALDH16A1,0.4797818691722513,0.9221576569491778,0.792583627914073,0
Interaction,FAM185A,0.1809562605844411,0.7678983487629457,0.39144234444444304,0
Interaction,ADSS1,0.4384327091975197,0.910335198573387,0.9326719297726968,0
Interaction,NDUFAF2,0.303585337265678,0.8391929452378125,0.7548011769596512,0
Interaction,LRRC47,0.8716806744371863,0.9854311722187112,0.9975300429324532,0
Interaction,GPD1L,0.3860464151892187,0.8725907212525964,0.9328406808482392,0
Interaction,EHBP1L1,0.09307112520048703,0.7179536967395801,0.5693482686875182,0
Interaction,CMYA5,0.49398736606168847,0.922485112264284,0.9365663875858464,0
Interaction,TXLNB,0.17951573591242312,0.7678983487629457,0.7792570590419875,0
Interaction,SYNPO,0.8009437469191816,0.9854311722187112,0.9860777939283404,0
Interaction,TOMM5,0.46720567529521984,0.9161298065083752,0.8855226630246448,0
Interaction,CHCHD4,0.6816204834038468,0.9702265433758293,0.967056344771498,0
Interaction,CBR4,0.838928658754975,0.9854311722187112,0.9920076863330496,0
Interaction,MMGT1,0.1697321382083933,0.7619812443928085,0.5915169078311371,0
Interaction,SMIM20,0.5940659778574712,0.9475087483598365,0.94008496725368,0
Interaction,CISD2,0.8143576447616823,0.9854311722187112,0.990998363109739,0
Interaction,ATPAF2,0.9294280096316708,0.9903410703013332,0.9984664154096192,0
Interaction,JAGN1,0.9367920068417224,0.9903410703013332,0.9988451457474968,0
Interaction,MRPL50,0.9723544139075232,0.9955385620149444,0.99968912721361,0
Interaction,EMC1,0.27089589959537086,0.8164156845624913,0.7223341147379725,0
Interaction,PTGR2,0.28785672981725385,0.8326980252630932,0.8046380944126603,0
Interaction,SMYD1,0.6464969031464753,0.961069163803106,0.9534329845172832,0
Interaction,NHLRC2,0.04272189207556967,0.6440645776750207,0.36024013952405143,0
Interaction,RDH13,0.6086265680907337,0.9486203370812758,0.9363448342396476,0
Interaction,TXNDC5,0.7010863986427711,0.9748395258427944,0.9820216413338428,0
Interaction,ATAD1,0.3278228440711307,0.8476369238316583,0.8520773140126384,0
Interaction,SCCPDH,0.7250060785739528,0.9785413164143968,0.988379017148844,0
Interaction,SERBP1,0.1643168614622368,0.7537766941750207,0.6415341686925934,0
Interaction,FAM98A,0.2665219972640469,0.8115954303488957,0.6894178540457896,0
Interaction,PDPR,0.0982625993045427,0.7179536967395801,0.4005603531387584,0
Interaction,NAXE,0.6113459245168,0.9486203370812758,0.9776643537879578,0
Interaction,NPEPL1,0.8840579641961521,0.9854311722187112,0.9959179536579016,0
Interaction,ADPRHL1,0.3555759114083493,0.8628619406713431,0.8649666634497203,0
Interaction,CHDH,0.00586588688223631,0.60007559363049,0.01260889175797378,1
Interaction,ABCF1,0.8196020169193607,0.9854311722187112,0.9926044016709124,0
Interaction,MCU,0.36639710416268134,0.8685254447956907,0.8319578673047204,0
Interaction,ABHD11,0.8746560440463973,0.9854311722187112,0.9943206514692302,0
Interaction,ATL2,0.3763823619188717,0.8712891432699207,0.8088337870142822,0
Interaction,PPTC7,0.5337263244974066,0.9332672678842272,0.8945649824016702,0
Interaction,COQ8A,0.8399333102920472,0.9854311722187112,0.9956969169428572,0
Interaction,NPLOC4,0.45792578990122734,0.9161298065083752,0.9394075305194026,0
Interaction,SPATA20,0.4195891771510889,0.8948448856598686,0.6895123103399765,0
Interaction,NUBPL,0.11661849729409558,0.7179536967395801,0.3519967768931115,0
Interaction,DEPTOR,0.6501453143755584,0.9612634099247348,0.961079769722786,0
Interaction,RDH11,0.6231103182212696,0.9507296866978122,0.9300999508886694,0
Interaction,LRRC20,0.1619488946151674,0.7493594429402247,0.71533159113209,0
Interaction,NT5C,0.3965950738997912,0.8787704320473863,0.8541493539154316,0
Interaction,PNPT1,0.14009568375164014,0.7383632548114595,0.6512138310773533,0
Interaction,SPPL2A,0.9236609699764844,0.9903410703013332,0.998182928747543,0
Interaction,PREX1,4.898130329270338e-4,0.21771721858807624,3.786471829539532e-4,1
Interaction,NEK9,0.02873407621785816,0.6266208129361281,0.16822576989885044,0
Interaction,GPT2,0.00350176354685637,0.5102171333964075,9.149879368223864e-7,-1
Interaction,MYOZ3,0.5401020276981632,0.9332672678842272,0.8139916076124136,0
Interaction,NEK7,0.3162101122747135,0.8460909063317416,0.8467366933513696,0
Interaction,DTD1,0.7018582456591697,0.975267310932484,0.9711427310282372,0
Interaction,UTP15,0.0255010936303423,0.6266208129361281,0.01062356664177657,1
Interaction,SETD7,0.4237588661675704,0.8993104826445105,0.9136776914432166,0
Interaction,NUP133,0.8839900317046002,0.9854311722187112,0.993350531555673,0
Interaction,PDCD6IP,0.5525027200575117,0.9332672678842272,0.9677156436820198,0
Interaction,THEM6,0.947207499226075,0.9903410703013332,0.999313959826455,0
Interaction,SMIM4,0.7575703000492835,0.980798083318304,0.982735584614883,0
Interaction,NUDCD2,0.8081581065643887,0.9854311722187112,0.9915709493874948,0
Interaction,SCFD1,0.46273336259916586,0.9161298065083752,0.897910616908699,0
Interaction,PCNP,0.5506883291916377,0.9332672678842272,0.9119266710076074,0
Interaction,DNAJA4,0.5096158823268135,0.9311991011970084,0.9023538268152936,0
Interaction,SPRYD4,0.2932770118363003,0.8337956723519173,0.7614546641185559,0
Interaction,RTN4IP1,0.2932509267782782,0.8337956723519173,0.7043029373231604,0
Interaction,PALLD,0.9482950250715848,0.9903410703013332,0.9990403090511863,0
Interaction,SYNE2,0.806353209740749,0.9854311722187112,0.9908669906985034,0
Interaction,THAP4,0.7581147084285871,0.980798083318304,0.9853074832849148,0
Interaction,IFT81,0.008875742971173,0.60007559363049,0.00151265972872748,1
Interaction,TTN,0.7606393778740909,0.9810333535380386,0.9678609460723376,0
Interaction,DDX1,0.17281050831005382,0.7659807551886563,0.7508154504710088,0
Interaction,HSD17B8,0.825120758688995,0.9854311722187112,0.9918251980089884,0
Interaction,CPT1B,0.947113146258974,0.9903410703013332,0.9993899864905992,0
Interaction,PSMF1,0.2481111923889612,0.7980416035333834,0.8024203154995123,0
Interaction,UBXN4,0.8479378535232224,0.9854311722187112,0.9936767823284246,0
Interaction,HSPH1,0.3732246020209683,0.8685999596414687,0.27294375222535944,0
Interaction,MYO18A,0.5780104643328392,0.943782221954144,0.926229508405005,0
Interaction,GCN1,0.3841883622104017,0.8725152102698197,0.848807249422061,0
Interaction,SGCD,0.9100683456981902,0.9900178499897422,0.9986949984187804,0
Interaction,AKAP1,0.806961778045646,0.9854311722187112,0.9865422296251743,0
Interaction,RABGGTA,0.18366650486716424,0.7678983487629457,0.7228773104746865,0
Interaction,TFG,0.41095303086766855,0.8902983284410025,0.9001634794529992,0
Interaction,ARPC1A,0.1913157184221151,0.7746935995485886,0.7475169540008048,0
Interaction,P3H4,0.05768603247558428,0.6674436307858687,0.1774535628264357,0
Interaction,DDX17,0.682672014127969,0.9702265433758293,0.981089726065962,0
Interaction,CELF1,0.11413341561269293,0.7179536967395801,0.48282009274580784,0
Interaction,UFD1,0.6950629315880976,0.9727786546110924,0.9721168078158272,0
Interaction,RPL3L,0.8855136263545793,0.9854311722187112,0.9943227890770208,0
Interaction,COPS5,0.735322201821047,0.9785413164143968,0.9861126730129736,0
Interaction,KHSRP,0.8602544695258666,0.9854311722187112,0.9958022864256298,0
Interaction,GCDH,0.6290613184950544,0.9549624277794448,0.960414653855319,0
Interaction,TNPO1,0.7896100363638565,0.9854311722187112,0.9919911080267952,0
Interaction,USP13,0.935536921238712,0.9903410703013332,0.9985717000417546,0
Interaction,USP9X,0.01677358147513698,0.6266208129361281,0.2971758479501694,0
Interaction,CUL5,0.9047987540380306,0.9900178499897422,0.9987949836779187,0
Interaction,LPP,0.8243310284182963,0.9854311722187112,0.9926049622389674,0
Interaction,ATP2A3,0.9005184538210016,0.987468304529188,0.996931548765854,0
Interaction,PHKB,0.4872371183720324,0.922485112264284,0.9322797608412816,0
Interaction,UBE2F,0.14294571126373246,0.739451079950354,0.3898955012550851,0
Interaction,RPL36AL,0.4965876544364136,0.922485112264284,0.9014115259015276,0
Interaction,WBP2,0.00843435731260393,0.60007559363049,0.1900490973724329,0
Interaction,ERGIC1,0.26644208981284695,0.8115954303488957,0.6841144365465478,0
Interaction,MTARC2,0.6835917718447577,0.9702265433758293,0.9765485277182906,0
Interaction,FAM162A,0.4824050285777305,0.922485112264284,0.9287530598154248,0
Interaction,CCDC47,0.04432728323674807,0.6440645776750207,0.3910987137623317,0
Interaction,TMEM230,0.5821712325809474,0.943782221954144,0.9457387910218378,0
Interaction,ISOC2,0.14834252145675464,0.7433673676225092,0.7169447754465668,0
Interaction,FERMT2,0.7172297039396438,0.9783312218446496,0.9796411253808386,0
Interaction,FUBP1,0.8309227348609518,0.9854311722187112,0.9947767675413168,0
Interaction,SLC25A46,5.181276025418282e-4,0.21771721858807624,8.726386317165518e-4,-1
Interaction,TMEM143,0.01135041032557157,0.6105977874007604,0.08680463732547535,0
Interaction,PBXIP1,0.5584861487320185,0.9332672678842272,0.9586780698526988,0
Interaction,PTER,0.28254663130087454,0.8278730193858214,0.4612390874101463,0
Interaction,ZBTB9,0.6788106853631355,0.9700291507912469,0.9568645841563318,0
Interaction,FAM136A,0.5020457844978318,0.929337615180568,0.8897335112010737,0
Interaction,FGGY,0.2892208836826731,0.8337956723519173,0.6292850658287135,0
Interaction,GALM,0.44344162738043735,0.9110610587868728,0.9135991393408558,0
Interaction,DCPS,0.8580078224748212,0.9854311722187112,0.992478720192177,0
Interaction,PPP1R14B,0.7466790726911607,0.9792459364801476,0.9813303936905964,0
Interaction,ACSF2,0.6839150455685878,0.9702265433758293,0.9735817393401236,0
Interaction,ISOC1,0.04102589973490107,0.6440645776750207,0.23726463288138083,0
Interaction,CCDC124,0.4749076046324575,0.9188057266203828,0.9126268266768154,0
Interaction,OPTN,0.3866644271709506,0.8725907212525964,0.8600797863005868,0
Interaction,AP2M1,0.15203436928447123,0.7433673676225092,0.6545640935029521,0
Interaction,KCTD12,0.05716695173903222,0.6674436307858687,0.09369066178810168,0
Interaction,RMDN1,0.5264613600697425,0.9332672678842272,0.939383204205768,0
Interaction,ECHDC3,0.6855369945539587,0.9709285722916516,0.9572034652503536,0
Interaction,NUDT16,0.2067262165497541,0.7746935995485886,0.696702213019087,0
Interaction,CMBL,0.8810664059436261,0.9854311722187112,0.9965752447916671,0
Interaction,MSI2,0.8350833400999838,0.9854311722187112,0.9930637448912562,0
Interaction,MRPL38,0.12105039510620196,0.7179536967395801,0.5131907591750849,0
Interaction,MRRF,0.0368963623234993,0.6343828129926918,0.21550438525408872,0
Interaction,MRPL53,0.10705191003174236,0.7179536967395801,0.3560861056372013,0
Interaction,DAZAP1,0.8036718608439042,0.9854311722187112,0.9585913494200908,0
Interaction,DNAJA3,0.8669222175579668,0.9854311722187112,0.993470332762994,0
Interaction,PTCD3,0.6704817181699065,0.9666023531269136,0.9701167829421516,0
Interaction,MMAB,0.23294216186002076,0.7867016213220325,0.7076006739321666,0
Interaction,DYNLL2,0.4426339995632501,0.9110610587868728,0.8469517775055294,0
Interaction,S100A16,0.8455476847164111,0.9854311722187112,0.983848744615746,0
Interaction,SCRN2,0.7888164552347601,0.9854311722187112,0.9844949544175702,0
Interaction,OTUB1,0.285267965216228,0.8278730193858214,0.881127791874778,0
Interaction,CHMP6,0.7866283312235715,0.9854311722187112,0.9888134070485284,0
Interaction,PDXP,0.29026571792229744,0.8337956723519173,0.7061141403538496,0
Interaction,DCUN1D1,0.8234024727544056,0.9854311722187112,0.9918265629398344,0
Interaction,FAHD2A,0.8136990497182558,0.9854311722187112,0.9869958978804824,0
Interaction,SNF8,0.8819982861453131,0.9854311722187112,0.9966363390158368,0
Interaction,PDLIM5,0.24654776177264567,0.7980416035333834,0.7391670886615318,0
Interaction,CRELD1,0.06782672837603229,0.7074852069419307,0.1946349866018429,0
Interaction,ERO1A,0.9892439281700748,0.9955385620149444,0.999981775460684,0
Interaction,AHCYL2,0.22401991566202337,0.7782105332378368,0.816143339780037,0
Interaction,PGAM5,0.13250929469895417,0.728801120844248,0.5094850550735754,0
Interaction,DDRGK1,0.6085611797435888,0.9486203370812758,0.9634148770620122,0
Interaction,PYURF,0.1387873717625894,0.7383632548114595,0.3852714697771312,0
Interaction,SUCLG2,0.6896861414531535,0.9711717047023336,0.9658002583291596,0
Interaction,ABHD14B,0.8539276145382009,0.9854311722187112,0.996228061831946,0
Interaction,NGLY1,0.41072726975927176,0.8902983284410025,0.884486623156611,0
Interaction,TMX3,0.5448177277585382,0.9332672678842272,0.79702644523513,0
Interaction,BTF3L4,0.16783076626097218,0.7583063223963497,0.7716910236880393,0
Interaction,USP47,0.15537051042970007,0.746987282409153,0.634269007450946,0
Interaction,CNDP2,0.26145608557792416,0.8066361759166207,0.818869614019254,0
Interaction,ALPK3,0.5609469258736667,0.9332672678842272,0.9334900914348888,0
Interaction,STAC3,0.20688487784081255,0.7746935995485886,0.6800241813249295,0
Interaction,COQ10A,0.0767397229209448,0.7140355327881074,0.36890958389604894,0
Interaction,JSRP1,0.7228599389188675,0.9785413164143968,0.9850998847332256,0
Interaction,MCEE,0.4592262434210366,0.9161298065083752,0.7951232058888547,0
Interaction,QKI,0.27513996270829993,0.820743911074323,0.6647559034152978,0
Interaction,PLIN4,0.8936914727507399,0.9862784930759224,0.9975689119678413,0
Interaction,ALKBH3,NA,NA,NA,0
Interaction,VPS35,0.7746430163809593,0.9848335883907492,0.9896552763011308,0
Interaction,PURB,0.4173540237018673,0.8925001534685901,0.8345559247880094,0
Interaction,BBS4,0.7823044088664991,0.9854311722187112,0.9842695238565028,0
Interaction,VPS13A,0.6578081636746871,0.9631763219738718,0.915760145666606,0
Interaction,GFM1,0.8400508085770536,0.9854311722187112,0.9943259025401392,0
Interaction,MCCC1,0.9835830769700452,0.9955385620149444,0.9999317123804404,0
Interaction,METTL26,0.5378654420418992,0.9332672678842272,0.9336554991736048,0
Interaction,CLCC1,0.8132262736288457,0.9854311722187112,0.992048740964862,0
Interaction,PEBP4,0.5475954645013729,0.9332672678842272,0.9045248523406844,0
Interaction,PLEKHF1,1.7102410662817147e-4,0.12348500310890928,6.082175294072138e-4,1
Interaction,MYCBP,0.12444911545429616,0.7179536967395801,0.5829973917666514,0
Interaction,TBCB,0.11214227245649976,0.7179536967395801,0.616663816639366,0
Interaction,PSMB7,0.3856441588736174,0.8725907212525964,0.9032204307434604,0
Interaction,PCYT2,0.05170957616834474,0.6551220900984647,0.3119833837228772,0
Interaction,PSMD1,0.2091384718614401,0.7747378329305563,0.8069190421839081,0
Interaction,PFDN5,0.4146430197358667,0.8902983284410025,0.9140810512845648,0
Interaction,PAFAH2,0.5972935185147669,0.9476454715976984,0.9511079656890362,0
Interaction,PARK7,0.27356716520808566,0.8194230075340084,0.8696969451551195,0
Interaction,VAT1,0.26432432874190015,0.8105532690086262,0.8002382374928318,0
Interaction,PLIN2,0.0916858420763704,0.7179536967395801,0.2506607125673923,0
Interaction,S100A13,0.19425192611526412,0.7746935995485886,0.476357558189951,0
Interaction,TSNAX,0.54531460587644065,0.9332672678842272,0.9173239593985346,0
Interaction,EIF3C,0.982042782741092,0.9955385620149444,0.9999413869804884,0
Interaction,PHB2,0.3409537704252029,0.8497554824001795,0.8903424605777669,0
Interaction,COPS8,0.98081873310151,0.9955385620149444,0.9999436601769764,0
Interaction,SDHC,0.3969315278500569,0.8787704320473863,0.7826953261285949,0
Interaction,CHP1,0.4891737687580996,0.922485112264284,0.9270325799991878,0
Interaction,HSD17B10,0.6267923196862124,0.9528876003333808,0.9692589784463524,0
Interaction,NAP1L4,0.941020251278569,0.9903410703013332,0.9995499531997928,0
Interaction,MGST2,0.8777988032197523,0.9854311722187112,0.9952359406400596,0
Interaction,TXN2,0.2013548941529091,0.7746935995485886,0.7363866854937394,0
Interaction,DMAC2L,0.1846382028149728,0.7678983487629457,0.6280850499593467,0
Interaction,ACO2,0.5535779171256343,0.9332672678842272,0.9636304221602264,0
Interaction,COQ7,0.9466041373725966,0.9903410703013332,0.9996235270499988,0
Interaction,SLC29A1,0.3777102066355372,0.8713113951319195,0.8300515750414376,0
Interaction,TSG101,0.00573711973205609,0.60007559363049,0.12282928849676464,0
Interaction,CPNE1,0.9334663985410292,0.9903410703013332,0.9990218792133588,0
Interaction,CCT7,0.22175589000048176,0.7782105332378368,0.8390083987068797,0
Interaction,PRMT1,0.08228498142141097,0.7179536967395801,0.5589360411150482,0
Interaction,NIPSNAP1,0.9519603219733188,0.9903410703013332,0.99886769174797,0
Interaction,ARPC5L,0.35678981578097246,0.863612215386893,0.7173182073654726,0
Interaction,MICU1,0.6571939097914528,0.9631763219738718,0.9503932716455762,0
Interaction,MACROD1,0.4921439715658438,0.922485112264284,0.9405090081823964,0
Interaction,WDR77,0.20178771755858743,0.7746935995485886,0.7117251572623895,0
Interaction,APOL2,0.6496335290235462,0.9612634099247348,0.9553466263658104,0
Interaction,FYCO1,0.3168602600859995,0.8460909063317416,0.7857088472963683,0
Interaction,JPH2,0.05678491396334219,0.6674436307858687,0.4719962424837037,0
Interaction,CORO1B,0.3142381761892279,0.8431857064796524,0.5873592717265166,0
Interaction,TXNDC17,0.34019076951704985,0.8497554824001795,0.8917886561104792,0
Interaction,PLCD4,0.815978503488158,0.9854311722187112,0.994125131409369,0
Interaction,CPPED1,0.5081626861780412,0.9311991011970084,0.8579351574041131,0
Interaction,VPS25,0.5017548925573618,0.929337615180568,0.920134362545266,0
Interaction,MIEN1,0.05148565012870822,0.6551220900984647,0.2897653519458047,0
Interaction,PELO,0.6601214663103891,0.9638347754849004,0.9602621434925503,0
Interaction,PRXL2A,0.8894418296070248,0.9858065901306122,0.9960162685923992,0
Interaction,ERP44,0.2761855997760811,0.820743911074323,0.5941174893852604,0
Interaction,LXN,NA,NA,NA,0
Interaction,NIPSNAP3B,0.6320453663315397,0.9552373341053044,0.9576369706461736,0
Interaction,NTPCR,0.16611904677903488,0.7570848531079225,0.5782493969826892,0
Interaction,AGMAT,0.6824462866940901,0.9702265433758293,0.9409294824894112,0
Interaction,TACO1,0.4570894164619542,0.9161298065083752,0.8941965351194259,0
Interaction,ESYT1,0.4625543882324017,0.9161298065083752,0.8874909885920277,0
Interaction,UBAC1,0.9622948685950224,0.9945103406323804,0.9997625423091956,0
Interaction,COPS4,0.5500512538017701,0.9332672678842272,0.9705236114294302,0
Interaction,DCTN5,0.00208225281280463,0.5102171333964075,0.01488806351399923,-1
Interaction,AARSD1,0.9477260978339824,0.9903410703013332,0.9991769794410178,0
Interaction,TMEM43,0.5952498343376187,0.9475087483598365,0.9497072835616152,0
Interaction,DHRS4,0.3351681590429135,0.8484650255835557,0.7711667771542089,0
Interaction,TMEM70,0.8194499844421826,0.9854311722187112,0.9878323513729084,0
Interaction,TUBB6,0.2346929159011696,0.7867016213220325,0.7066256466049943,0
Interaction,CHCHD7,0.20443739773494232,0.7746935995485886,0.6476539656533471,0
Interaction,APOO,0.5531886747827242,0.9332672678842272,0.9525591937342835,0
Interaction,MRI1,0.5563146481968044,0.9332672678842272,0.8736674460628412,0
Interaction,ABHD6,0.5999525426251051,0.9482755410858804,0.9429166241358634,0
Interaction,ADI1,0.8767859288340516,0.9854311722187112,0.992988688939742,0
Interaction,MECR,0.8173168991761155,0.9854311722187112,0.9929431163621724,0
Interaction,NTMT1,0.1871455859069628,0.7694576829560251,0.5849923340266382,0
Interaction,TMEM109,0.8613987870146464,0.9854311722187112,0.9957576429393328,0
Interaction,TMED9,0.39440616238174786,0.8759485699408586,0.858420529818609,0
Interaction,TIMM21,0.4145930601237888,0.8902983284410025,0.871474712523944,0
Interaction,TPPP3,0.4901908585145571,0.922485112264284,0.850671545968677,0
Interaction,NUDT9,0.9900545946414409,0.9955385620149444,0.9999800508238096,0
Interaction,FUNDC2,0.1521408700988477,0.7433673676225092,0.7042050471748171,0
Interaction,SORBS1,0.211127549305037,0.7747378329305563,0.4522716149802994,0
Interaction,HINT2,0.8699409962723224,0.9854311722187112,0.9947145471388552,0
Interaction,OSBPL11,0.8509666044279754,0.9854311722187112,0.9920548354576008,0
Interaction,NT5C1A,0.835539788895049,0.9854311722187112,0.9901720376009322,0
Interaction,TMEM120A,0.7187736116389758,0.9783312218446496,0.9422532271650798,0
Interaction,NAA15,0.6781375627849044,0.9700291507912469,0.9443053594194032,0
Interaction,BCL2L13,0.7577719675316048,0.980798083318304,0.9911545401308108,0
Interaction,AP1M1,0.02180967300970856,0.6266208129361281,0.19442276056795,0
Interaction,OSBPL1A,0.20197007946266904,0.7746935995485886,0.7740094998018882,0
Interaction,HDHD5,0.6532037880578937,0.9620867820115524,0.9608288784295672,0
Interaction,EIF2A,0.9726498178346632,0.9955385620149444,0.9998282048970956,0
Interaction,MRPL13,0.27567461656112047,0.820743911074323,0.7522598334314149,0
Interaction,MRPL9,0.1953326835594096,0.7746935995485886,0.4477099295323713,0
Interaction,MRPL4,0.9073041299785825,0.9900178499897422,0.9949812343820096,0
Interaction,MRPL1,0.6866042277060388,0.9709285722916516,0.9702566583809512,0
Interaction,NLN,0.8021690338229408,0.9854311722187112,0.9870420566622544,0
Interaction,TRIM54,0.12463518649513068,0.7179536967395801,0.5534342652881102,0
Interaction,BCO2,0.1578477825598846,0.7493594429402247,0.33042428295008,0
Interaction,MRPL37,0.12015834855466824,0.7179536967395801,0.4214641229605365,0
Interaction,ASPSCR1,0.7290597932514855,0.9785413164143968,0.9796679497795824,0
Interaction,UBL5,0.11415758550320104,0.7179536967395801,0.6027869147430592,0
Interaction,NIBAN1,0.10014441529190288,0.7179536967395801,0.4680467844260443,0
Interaction,UBXN6,0.5613817982394425,0.9332672678842272,0.9433892311402138,0
Interaction,UBE2O,NA,NA,NA,0
Interaction,LNPK,0.4064950533463588,0.8902983284410025,0.9028727532294674,0
Interaction,PITHD1,0.918473515437726,0.9903410703013332,0.9978900516790156,0
Interaction,SLIRP,0.9704787215110268,0.9955385620149444,0.9998009800585952,0
Interaction,NIF3L1,0.34624534959455333,0.8546502587351009,0.8803613319146031,0
Interaction,EGLN1,0.9430945701739348,0.9903410703013332,0.9987092290664212,0
Interaction,ANKRD2,0.5060709601559762,0.9311991011970084,0.8769602666297189,0
Interaction,NAA50,0.1467606125695685,0.7433673676225092,0.6966770508605892,0
Interaction,TMEM126A,0.951272476006506,0.9903410703013332,0.99953977858165,0
Interaction,PAIP1,0.3913003045709025,0.8736683739675517,0.8860535564527016,0
Interaction,CLPB,0.8630641574056165,0.9854311722187112,0.9935931397681896,0
Interaction,TOLLIP,0.8315945045573668,0.9854311722187112,0.9947099716783776,0
Interaction,PCBD2,0.7336465690272099,0.9785413164143968,0.9878279938661256,0
Interaction,NT5C3A,0.3544118704368413,0.861827939569217,0.9021444134340614,0
Interaction,HDHD2,0.4955533556104841,0.922485112264284,0.9416882195193929,0
Interaction,RAB1B,0.14809248844832373,0.7433673676225092,0.6125631832405615,0
Interaction,C11orf54,0.4924404537120756,0.922485112264284,0.9362568262344564,0
Interaction,NUCKS1,0.8012483122588698,0.9854311722187112,0.9931453610168404,0
Interaction,TMX4,0.8716673646323739,0.9854311722187112,0.9970068094175478,0
Interaction,MYLK2,0.8679389863282861,0.9854311722187112,0.9936158565171234,0
Interaction,EHD4,0.22942777531085995,0.7841359352735049,0.6257759292672265,0
Interaction,SH3BGRL3,0.17209767744266663,0.7650141197644925,0.6417519160577216,0
Interaction,SLK,0.7562930141623547,0.980798083318304,0.984429427369759,0
Interaction,PPIL3,0.4865182296449786,0.922485112264284,0.8853346471579889,0
Interaction,LRMDA,0.5526651780320961,0.9332672678842272,0.9362049425497352,0
Interaction,TNMD,0.49261469877022424,0.922485112264284,0.9014934956499316,0
Interaction,PPA2,0.88320353479618,0.9854311722187112,0.9973626506437164,0
Interaction,MRPL46,0.23477482939976885,0.7867016213220325,0.7061963226875984,0
Interaction,TMEM245,0.5096996508217799,0.9311991011970084,0.8941218782216673,0
Interaction,C11orf68,0.9654462872104568,0.9952907995236356,0.9997155872650044,0
Interaction,GHITM,0.4446132049228486,0.9110610587868728,0.9025504254851192,0
Interaction,BOLA2,0.21748347234750703,0.7782105332378368,0.7151685523679979,0
Interaction,TMX1,0.5293298250525167,0.9332672678842272,0.9391450874460616,0
Interaction,CHMP4B,0.8609230997436595,0.9854311722187112,0.9965104586152332,0
Interaction,RBKS,0.6918159354045536,0.972244334638774,0.9712219642783352,0
Interaction,FN3K,0.28699128889353376,0.8316809627107785,0.8421257306017688,0
Interaction,TOR1AIP2,0.8817978633213543,0.9854311722187112,0.9929252162132256,0
Interaction,RNPEP,0.764793486699551,0.9810496186924323,0.9879921650096898,0
Interaction,GLIPR2,0.5909503765183992,0.9470531968460388,0.919951152543196,0
Interaction,EHD1,0.7189219153411528,0.9783312218446496,0.9868119619189808,0
Interaction,TMEM38A,0.932187098150888,0.9903410703013332,0.9987089934384128,0
Interaction,OPA3,0.6321153409759437,0.9552373341053044,0.951517164602293,0
Interaction,DCTPP1,0.7144702363074973,0.9783312218446496,0.968116441598818,0
Interaction,AAMDC,0.742160832593872,0.9792459364801476,0.982747380801733,0
Interaction,PTGES2,0.8724020160856184,0.9854311722187112,0.9967979026239836,0
Interaction,UBE2Z,0.2416393620573516,0.7954539833722686,0.7547430344012181,0
Interaction,ACAD9,0.4633488438430311,0.9161298065083752,0.8912274691908156,0
Interaction,METTL7A,0.6002886576126707,0.9482755410858804,0.9506619191989234,0
Interaction,COQ10B,0.908225358689258,0.9900178499897422,0.997533291340223,0
Interaction,MOB1A,0.9429571429647204,0.9903410703013332,0.999120771536964,0
Interaction,GORASP2,0.9341487236922266,0.9903410703013332,0.9992798820414114,0
Interaction,JPT2,0.14837016472229775,0.7433673676225092,0.39509207167314014,0
Interaction,SYNPO2L,0.22953050937325345,0.7841359352735049,0.4859349168508921,0
Interaction,ARMT1,0.5153322262263333,0.9332672678842272,0.916763341578408,0
Interaction,LRRC40,0.43814671286558926,0.910335198573387,0.7493336350259531,0
Interaction,SFXN1,0.8608598060256581,0.9854311722187112,0.9963808333166624,0
Interaction,L2HGDH,0.6465265425844144,0.961069163803106,0.9661963661718816,0
Interaction,COPS7B,0.00308325527646045,0.5102171333964075,6.011012639191338e-4,-1
Interaction,FN3KRP,0.7539560935168145,0.9807827059117756,0.9652727386230588,0
Interaction,TBC1D17,0.7293318913527519,0.9785413164143968,0.9823206617478925,0
Interaction,CARS2,NA,NA,NA,0
Interaction,GRPEL1,0.48049103785357306,0.9221576569491778,0.8937358827211771,0
Interaction,CACYBP,0.4876558469677395,0.922485112264284,0.9078583402911576,0
Interaction,RDH14,0.2316213679699846,0.7867016213220325,0.7465441880703366,0
Interaction,PARVB,0.4963507624215818,0.922485112264284,0.9298251400459532,0
Interaction,TNS1,0.3055062218206424,0.839438685331748,0.7951425667000092,0
Interaction,PLGRKT,0.3675716991894388,0.8685999596414687,0.7922732223931919,0
Interaction,GLOD4,0.6219298255259531,0.9507296866978122,0.976304125994076,0
Interaction,MCCC2,0.2675842865811595,0.8115954303488957,0.6912425477195637,0
Interaction,HHATL,0.4449793489483007,0.9110610587868728,0.8780927527397339,0
Interaction,PREB,0.08350112792463911,0.7179536967395801,0.5226968880733627,0
Interaction,MRPL47,0.3039627945387793,0.8391929452378125,0.8113651004038676,0
Interaction,JPH1,0.46688492203874576,0.9161298065083752,0.925282600259378,0
Interaction,APMAP,0.25521305844300796,0.7985540817521978,0.7723917207355646,0
Interaction,TXNRD2,0.9729690562014702,0.9955385620149444,0.9998076642435676,0
Interaction,RAB18,0.08953185809814404,0.7179536967395801,0.5960384580933255,0
Interaction,PALMD,0.5663085606275351,0.9353885895270844,0.9421020725057674,0
Interaction,SSU72,1.04322024796582e-5,0.02191805740976187,1.8250218975855037e-5,1
Interaction,VTA1,0.6145211214096438,0.9486203370812758,0.9678169726644902,0
Interaction,SARS2,0.5469893289858407,0.9332672678842272,0.9387240683173376,0
Interaction,DYNLRB1,0.4015935186502818,0.8853598978848289,0.8706421757040329,0
Interaction,MYOZ1,0.3505402639237668,0.8583742360184546,0.5129037477169491,0
Interaction,MYOZ2,0.8074531637565643,0.9854311722187112,0.9652386386184828,0
Interaction,OSGEP,0.46310223222202784,0.9161298065083752,0.9095312946792016,0
Interaction,ACOT13,0.6750518196258593,0.9700291507912469,0.9760297564102508,0
Interaction,MRPL40,0.9251035177507936,0.9903410703013332,0.9983898021074492,0
Interaction,TIGAR,0.22001728767737977,0.7782105332378368,0.4866709872029188,0
Interaction,RTN4,0.13552819332823307,0.7376806585041908,0.7100892268740242,0
Interaction,HINT3,0.525371098555949,0.9332672678842272,0.8977678036649596,0
Interaction,PFDN4,0.45791077291417714,0.9161298065083752,0.9171583981148694,0
Interaction,NIT2,0.4665079799120766,0.9161298065083752,0.948808417044668,0
Interaction,XPNPEP1,0.4594611549084025,0.9161298065083752,0.9309976753189472,0
Interaction,GPHN,0.582751958866957,0.9439952703002904,0.9423377448373856,0
Interaction,PDLIM7,0.2587558851719481,0.803022326065381,0.5507387745731478,0
Interaction,ACSS2,0.3141581332033958,0.8431857064796524,0.859308359905613,0
Interaction,DIABLO,0.12015323763222412,0.7179536967395801,0.5884934014970319,0
Interaction,SAR1A,0.22383090654765417,0.7782105332378368,0.7889506101119436,0
Interaction,SH3GLB2,0.8611445885319917,0.9854311722187112,0.9947974246418166,0
Interaction,EIF2B3,0.44450154956597,0.9110610587868728,0.7857689656776446,0
Interaction,MBNL1,0.9556933682845604,0.9913130521867304,0.9996876032160228,0
Interaction,SDR39U1,0.7544532478287538,0.9807827059117756,0.9787853156954084,0
Interaction,AASDHPPT,0.9449284959587068,0.9903410703013332,0.9990771349847808,0
Interaction,OSTC,0.3646422554169568,0.8685254447956907,0.8055152357736817,0
Interaction,CMC2,0.891951742828386,0.9858065901306122,0.9967513949757248,0
Interaction,HEBP1,0.0333884804574102,0.6266208129361281,0.3327193137419303,0
Interaction,PHPT1,0.1619748301590621,0.7493594429402247,0.7310867092580676,0
Interaction,TOMM22,0.00163054053295676,0.5102171333964075,0.00286660473514566,1
Interaction,LANCL2,0.4004983549434245,0.8848023593439903,0.8911413136404517,0
Interaction,FARSB,0.01032828456824768,0.60007559363049,0.1087426776084542,0
Interaction,IARS2,0.5680532748626954,0.936472406056756,0.9611916804808518,0
Interaction,SIRT3,0.12602201904773463,0.7179536967395801,0.5146447730841939,0
Interaction,MAN2C1,0.05825952597477522,0.6674436307858687,0.32167050191261337,0
Interaction,OLA1,0.6366886853102008,0.9572712774202998,0.9809688465475392,0
Interaction,CUTC,0.7840586860761042,0.9854311722187112,0.9883185144776084,0
Interaction,ACSS1,0.9131408564012004,0.9903410703013332,0.9975431446296488,0
Interaction,ABHD10,0.8297928398839742,0.9854311722187112,0.992811367764881,0
Interaction,DDX19A,0.9518781692176702,0.9903410703013332,0.9997039285875312,0
Interaction,SEPTIN11,0.12710346900292782,0.7179536967395801,0.5300282056645328,0
Interaction,PARVA,0.6905904458949482,0.9711717047023336,0.972082794646603,0
Interaction,PANK4,0.32177907598569777,0.8476369238316583,0.8447724407446303,0
Interaction,DNAJC11,0.5130986178395027,0.9329178245174946,0.909759121464109,0
Interaction,TMLHE,0.1070186863569263,0.7179536967395801,0.3054244420938607,0
Interaction,ATAD3A,0.25334978916221457,0.7985540817521978,0.6985341918233976,0
Interaction,ARL8B,0.3107497086788145,0.8431857064796524,0.8570610719073312,0
Interaction,MRPS18A,0.9098537250152808,0.9900178499897422,0.9968371518643728,0
Interaction,PNPO,0.5979250155885809,0.9476454715976984,0.9420190597491704,0
Interaction,OXSM,0.8560995818788972,0.9854311722187112,0.9925604275156684,0
Interaction,MRPL22,0.9809940002127282,0.9955385620149444,0.9998950983445176,0
Interaction,CZIB,0.373173294929348,0.8685999596414687,0.8825341460726902,0
Interaction,BABAM1,0.6944214325364044,0.9727786546110924,0.980080774019708,0
Interaction,NDUFB11,0.07078942730260673,0.7074852069419307,0.417431895147596,0
Interaction,OCIAD1,0.1572052553254178,0.7493594429402247,0.7288674174510889,0
Interaction,MARCHF5,0.9086123283376348,0.9900178499897422,0.9977367795655824,0
Interaction,CHCHD3,0.4804044866178149,0.9221576569491778,0.9343516764577268,0
Interaction,SIRT5,0.4437197044049946,0.9110610587868728,0.9127050398351392,0
Interaction,BABAM2,0.8337653477917718,0.9854311722187112,0.9952457668666476,0
Interaction,DPP3,0.14064997007753977,0.7383632548114595,0.6711150079633137,0
Interaction,TUBA8,0.12206636403247774,0.7179536967395801,0.7003532970954995,0
Interaction,MAP3K20,0.2432573392988313,0.7954539833722686,0.6266525585082053,0
Interaction,UGGT1,0.980021037263715,0.9955385620149444,0.999913850934777,0
Interaction,TECR,0.52367872371664,0.9332672678842272,0.910040983938616,0
Interaction,ERAP1,0.5448699865362814,0.9332672678842272,0.9255027512155526,0
Interaction,CISD1,0.9985268696537634,0.9994783006872592,0.999999658319776,0
Interaction,CLIC5,0.7142305865125163,0.9783312218446496,0.9830111260273344,0
Interaction,FAM120A,0.814456903748974,0.9854311722187112,0.9915691435294762,0
Interaction,GLTP,0.4569237869558255,0.9161298065083752,0.8368198214800592,0
Interaction,COQ3,0.7292732235791028,0.9785413164143968,0.9848815116748284,0
Interaction,HSPBP1,0.25190778338442965,0.7985540817521978,0.7236496973471378,0
Interaction,MAT2B,0.3112171824150778,0.8431857064796524,0.8569772190881213,0
Interaction,MYOF,0.839713626995031,0.9854311722187112,0.992422653660886,0
Interaction,EHD2,0.17786408826142022,0.7678983487629457,0.7775593102935322,0
Interaction,TMOD4,0.20344847848022415,0.7746935995485886,0.4115478778819486,0
Interaction,LMCD1,0.2557957625032028,0.7985540817521978,0.763704903374036,0
Interaction,CHMP5,0.6140210690023309,0.9486203370812758,0.9354884512239702,0
Interaction,CNIH4,0.01841100573024836,0.6266208129361281,0.10925109614115826,0
Interaction,NDUFAF4,0.12102266529595064,0.7179536967395801,0.4166750558536185,0
Interaction,EMC3,0.910382906320886,0.9900178499897422,0.9977556257921496,0
Interaction,NDUFA13,0.2049984289498656,0.7746935995485886,0.7089681791885427,0
Interaction,PDP1,0.30669648595262083,0.839438685331748,0.7829212221895244,0
Interaction,MRPL36,0.3290652257619119,0.8476369238316583,0.8373893718884056,0
Interaction,VAPA,0.5817379375709772,0.943782221954144,0.9660587793984468,0
Interaction,RNF181,0.8799362553509805,0.9854311722187112,0.9943570933200786,0
Interaction,TMEM14C,0.622714676689594,0.9507296866978122,0.849193743984488,0
Interaction,LARS1,0.6044904149914149,0.9486203370812758,0.9597677868431194,0
Interaction,SUCLA2,0.7109463830074065,0.9783312218446496,0.9853192172014846,0
Interaction,GMPR2,0.41239374159692865,0.8902983284410025,0.8749796330195951,0
Interaction,DPM3,0.5273059203789516,0.9332672678842272,0.8790072677330503,0
Interaction,IMPACT,0.18493886933557857,0.7678983487629457,0.5194148853621198,0
Interaction,ATXN10,0.1278032758594017,0.7179536967395801,0.6010735894416659,0
Interaction,EPS15L1,0.7805303086541548,0.9854311722187112,0.987627671697618,0
Interaction,SAE1,0.29276166347271204,0.8337956723519173,0.5773414964202926,0
Interaction,RNF7,0.4271569302002759,0.9028739540752312,0.9193705177701958,0
Interaction,MYOT,0.34300398425257717,0.8508280648343147,0.7180011164310731,0
Interaction,GNG12,0.8777467094203399,0.9854311722187112,0.9963684420848606,0
Interaction,VPS29,0.7847005471484142,0.9854311722187112,0.963888013719102,0
Interaction,EIF3K,0.24537722901722311,0.7980416035333834,0.7732182909783559,0
Interaction,GRHPR,0.7867414986305592,0.9854311722187112,0.9939333182410366,0
Interaction,CTSZ,0.18467013619035863,0.7678983487629457,0.6255860270808667,0
Interaction,UBA2,0.6960127914674945,0.9727786546110924,0.9744068644446142,0
Interaction,COPS7A,0.04995227413639833,0.6551220900984647,0.4874014836396182,0
Interaction,HSPB7,0.18040439809804024,0.7678983487629457,0.64077164240846,0
Interaction,CLIP2,0.549733965526545,0.9332672678842272,0.9089187788983268,0
Interaction,UQCR10,0.6809462237753519,0.9702265433758293,0.9743538316963476,0
Interaction,DNAJB4,0.8338446609845471,0.9854311722187112,0.9859770336700028,0
Interaction,NIPSNAP3A,0.16109906019637962,0.7493594429402247,0.38540820316656427,0
Interaction,TES,0.03574524163302656,0.6266208129361281,0.04015308032496128,1
Interaction,KDM5B,0.5312582596034623,0.9332672678842272,0.9345754878984812,0
Interaction,WARS2,0.1771924877582894,0.7678983487629457,0.19281411919613153,0
Interaction,MLX,0.3172093412106715,0.8460909063317416,0.7326936853636142,0
Interaction,SEPTIN9,0.10773916437478444,0.7179536967395801,0.4866830515108228,0
Interaction,UBQLN2,0.15146577554503562,0.7433673676225092,0.6489564031663687,0
Interaction,PCYOX1,0.9493345397394182,0.9903410703013332,0.999463550627396,0
Interaction,DPP7,0.2357474467086529,0.7887028432084073,0.5684123471222058,0
Interaction,SMPX,0.731786989853327,0.9785413164143968,0.9793272214965464,0
Interaction,BCAP29,0.9887792801957254,0.9955385620149444,0.9999750021500566,0
Interaction,CYB5R1,0.3908503080277145,0.8735920182619448,0.9047121504185212,0
Interaction,PFDN2,0.18655878318193755,0.7694576829560251,0.7513650247906705,0
Interaction,PUF60,0.31876198416948615,0.8460909063317416,0.8182873912968003,0
Interaction,ENOPH1,0.46857961227898737,0.9161298065083752,0.925817369106922,0
Interaction,NDUFA12,0.0508960291742252,0.6551220900984647,0.299256113662602,0
Interaction,EIF2B4,0.3372989685480785,0.848790621685638,0.789455094612637,0
Interaction,ATP6V1H,0.6175158837360499,0.9486203370812758,0.9577821452390716,0
Interaction,TRMT112,0.03535183447689597,0.6266208129361281,0.06492041727148148,0
Interaction,XPO7,0.4749276625938771,0.9188057266203828,0.8836188051771541,0
Interaction,LCMT1,0.651290445751695,0.9616031106987428,0.966440063738544,0
Interaction,ATP5IF1,0.9783884971746984,0.9955385620149444,0.999895343155281,0
Interaction,AK3,0.9225718033133388,0.9903410703013332,0.9979792298526128,0
Interaction,NAGK,0.8155792074080369,0.9854311722187112,0.9946732916537392,0
Interaction,SLC25A13,0.17539378683382173,0.7678983487629457,0.7266401869654726,0
Interaction,DBNL,0.1755323899517193,0.7678983487629457,0.46446399614130335,0
Interaction,DCTN4,0.4383750810261738,0.910335198573387,0.8887828694949746,0
Interaction,HSPB8,0.7252582264642857,0.9785413164143968,0.9748128285756856,0
Interaction,STOML2,0.8585911875708802,0.9854311722187112,0.9969049020578916,0
Interaction,VPS28,0.3440658419299444,0.851451512243596,0.8845783857611342,0
Interaction,JPT1,0.6995186408791889,0.9739487504885194,0.969195902896568,0
Interaction,APPL1,0.11787271377153544,0.7179536967395801,0.6803318028220898,0
Interaction,PACSIN3,0.09817828216223552,0.7179536967395801,0.5374272749629015,0
Interaction,ACAD8,0.10532411402058124,0.7179536967395801,0.5271110360866484,0
Interaction,AGO2,0.26465470849115547,0.8105532690086262,0.7779584180737811,0
Interaction,MYH2,0.11089909307198688,0.7179536967395801,0.2229715515787596,0
Interaction,MYH13,0.5851626011178463,0.94426008060568,0.8695498342715101,0
Interaction,CDV3,0.8652741724858937,0.9854311722187112,0.99658087438832,0
Interaction,RAB21,0.4830836292164265,0.922485112264284,0.9354497700897032,0
Interaction,PSME2,0.12673296757519625,0.7179536967395801,0.5097320300613561,0
Interaction,DNPEP,0.5889647867437926,0.9460359456794404,0.971065404394016,0
Interaction,MCTS1,0.11385932852279274,0.7179536967395801,0.6739277611109025,0
Interaction,TBC1D24,0.05192310430573101,0.6551220900984647,0.20945026773816808,0
Interaction,TMCO1,0.13388788073445315,0.73254801412262,0.6350889260874331,0
Interaction,EPDR1,0.6148819333708875,0.9486203370812758,0.953791669659088,0
Interaction,MYO6,0.45730945631654696,0.9161298065083752,0.8841125991428933,0
Interaction,NFU1,0.6638106277252265,0.9665045937981296,0.959829584605744,0
Interaction,SYNPO2,0.5401479936523288,0.9332672678842272,0.9185649526621942,0
Interaction,UBQLN1,0.6833337526694829,0.9702265433758293,0.9515611049199856,0
Interaction,SNX12,0.5523794020158921,0.9332672678842272,0.9423121151432616,0
Interaction,NDRG2,0.6295206865656977,0.9549624277794448,0.9675535665848009,0
Interaction,VPS4A,0.5169128831584956,0.9332672678842272,0.94156015778321,0
Interaction,G3BP2,0.09050548878871674,0.7179536967395801,0.2931634183668523,0
Interaction,STUB1,0.0447565103953132,0.6440645776750207,0.4342236271950178,0
Interaction,PACSIN2,0.6700699739532463,0.9666023531269136,0.9666608364363124,0
Interaction,SNX6,0.5357340460085874,0.9332672678842272,0.9609904703236706,0
Interaction,PSMD13,0.2822983151917117,0.8278730193858214,0.8830744959844491,0
Interaction,COPS3,0.4524549361272817,0.9161298065083752,0.9530500575348562,0
Interaction,NSFL1C,0.5096886961992217,0.9311991011970084,0.960382817065302,0
Interaction,PPP6R1,0.04424381532547452,0.6440645776750207,0.34971000612613495,0
Interaction,LIMCH1,0.8194087755107277,0.9854311722187112,0.9920729635974262,0
Interaction,USP24,0.0301540079338675,0.6266208129361281,0.1821721755156669,0
Interaction,MAPRE3,0.8919649347159895,0.9858065901306122,0.9960284372740864,0
Interaction,PA2G4,0.3658790183554388,0.8685254447956907,0.891785267197299,0
Interaction,CAMK2A,0.4155303620055193,0.8902983284410025,0.8441662898691289,0
Interaction,CHMP2B,0.31351940007025464,0.8431857064796524,0.8382547478787735,0
Interaction,RTRAF,0.7667222626810918,0.9810496186924323,0.9675729659499684,0
Interaction,RUVBL2,0.35002018833144466,0.8581008351042769,0.8325987447226626,0
Interaction,APOBEC2,0.01969987640657822,0.6266208129361281,0.07877359274831323,0
Interaction,PIN4,0.5641358544564343,0.9332672678842272,0.9461732277818752,0
Interaction,EIF3L,0.866131209777498,0.9854311722187112,0.9958253099129928,0
Interaction,PLAA,0.0296336694189078,0.6266208129361281,0.42168584444899726,0
Interaction,NUDC,0.16156966045433163,0.7493594429402247,0.7834516110229985,0
Interaction,BCS1L,0.9734088998294348,0.9955385620149444,0.9997192524954308,0
Interaction,VDAC3,0.2120296306211661,0.7747378329305563,0.723164119897227,0
Interaction,CFL2,0.7839406206066677,0.9854311722187112,0.993400129565586,0
Interaction,FARSA,0.02927488702369453,0.6266208129361281,0.2452249634170463,0
Interaction,CNPY2,0.8916910355163932,0.9858065901306122,0.9970877596554472,0
Interaction,FNDC3A,0.8017700476189598,0.9854311722187112,0.9643863020484108,0
Interaction,PADI2,0.19496530764886028,0.7746935995485886,0.7512668379292705,0
Interaction,GSTK1,0.9395201023224656,0.9903410703013332,0.9993044505893892,0
Interaction,LAMTOR2,0.41569855316545623,0.8902983284410025,0.7758395357581207,0
Interaction,MRPS35,0.1175570479791077,0.7179536967395801,0.4478567255891158,0
Interaction,COA3,0.6703926305985246,0.9666023531269136,0.9561842308386208,0
Interaction,TMA7,0.8910302114113022,0.9858065901306122,0.9975607256153636,0
Interaction,SUGT1,0.3021650485128279,0.8375313547829174,0.8320653929931042,0
Interaction,COQ6,0.6796907599795703,0.9701292708675796,0.9773780424797452,0
Interaction,ACOT9,0.8293066707510321,0.9854311722187112,0.9944164792556928,0
Interaction,MEMO1,0.1857267975147596,0.7681338613750195,0.7011966886043555,0
Interaction,TMX2,0.07116714304166936,0.7074852069419307,0.34299087090718827,0
Interaction,SH3GLB1,0.09907606131651304,0.7179536967395801,0.549950731521934,0
Interaction,CAB39,0.4799498935889217,0.9221576569491778,0.9501156538455638,0
Interaction,LUC7L2,0.9093183463914888,0.9900178499897422,0.998645187043902,0
Interaction,DHRS7,0.3881280669217543,0.8727794725058305,0.893292660167215,0
Interaction,MOB4,0.01812533193353883,0.6266208129361281,0.17467612310894226,0
Interaction,SBDS,0.7786264459542108,0.9854311722187112,0.9920880782601466,0
Interaction,MRPL11,0.6678663041062833,0.9666023531269136,0.9616158766434332,0
Interaction,PPIL1,0.8146914620951489,0.9854311722187112,0.995354682749958,0
Interaction,MSRB2,0.2881349187845163,0.8326980252630932,0.669068374631546,0
Interaction,FIS1,0.9454246325475538,0.9903410703013332,0.9994376058514356,0
Interaction,PTRH2,0.04098048871368562,0.6440645776750207,0.09477715049222864,0
Interaction,STRAP,0.6302228867588773,0.9552373341053044,0.9815031439288862,0
Interaction,RTCB,0.380217631734623,0.8721684987217657,0.9168062698534126,0
Interaction,RPL36,0.9890113226329942,0.9955385620149444,0.9999622604388104,0
Interaction,SAMHD1,0.4602653191987117,0.9161298065083752,0.81874983658701606,0
Interaction,HBS1L,0.5467310066221245,0.9332672678842272,0.9521183404583188,0
Interaction,TLN1,0.841171699745768,0.9854311722187112,0.9970847249747176,0
Interaction,USP15,0.4647909704976948,0.9161298065083752,0.9319073004219725,0
Interaction,TLN2,0.06288973933801684,0.6991076314771079,0.4677066433468013,0
Interaction,DTNA,0.24891460572415172,0.7980416035333834,0.8387969123568338,0
Interaction,HYOU1,0.3670873845685737,0.8685254447956907,0.8665121001498323,0
Interaction,AFG3L2,0.9118786428969976,0.9903410703013332,0.9987554682067786,0
Interaction,ARIH1,0.08241629178218114,0.7179536967395801,0.3622775420016455,0
Interaction,RNF114,0.15413661228530662,0.7461774709940765,0.683591110830423,0
Interaction,SAMM50,0.3895638041542332,0.8727794725058305,0.9181403545154134,0
Interaction,PPME1,0.801625810279344,0.9854311722187112,0.9824347595476884,0
Interaction,TIMM9,0.1811411458862156,0.7678983487629457,0.6798923813484022,0
Interaction,TIMM8B,0.4310936382004882,0.9057277338592256,0.8726874590817245,0
Interaction,UCHL5,0.7881785719596548,0.9854311722187112,0.9918896645636422,0
Interaction,TIMM13,0.6392863718678512,0.9587014042072486,0.9709254949663126,0
Interaction,SRPRB,0.7144873122112858,0.9783312218446496,0.9801567310212858,0
Interaction,GMPPB,0.46138393621664087,0.9161298065083752,0.9142689113545858,0
Interaction,MPC1,0.20198324841560403,0.7746935995485886,0.7013843136791165,0
Interaction,SNX5,0.7007108527482175,0.9748395258427944,0.9378730177009712,0
Interaction,HEBP2,0.7654481862882314,0.9810496186924323,0.9891454141362436,0
Interaction,HCFC2,0.6972892212490743,0.9727786546110924,0.9549232164330744,0
Interaction,FHOD1,0.6021853783997426,0.9486203370812758,0.9705294489518508,0
Interaction,MYH4,0.5189023357465776,0.9332672678842272,0.7978659053857009,0
Interaction,MRPS18B,0.5595087246435015,0.9332672678842272,0.9473628649951052,0
Interaction,COPG1,0.1915325037702364,0.7746935995485886,0.7534316783923959,0
Interaction,CLIC4,0.9770368111422112,0.9955385620149444,0.9998693549756636,0
Interaction,NFS1,NA,NA,NA,0
Interaction,SPCS1,0.28429896721048964,0.8278730193858214,0.8243939554996033,0
Interaction,SAR1B,0.5490300951200462,0.9332672678842272,0.9550495125121402,0
Interaction,MTCH2,0.6845413023715743,0.9704597005955988,0.9829175466962664,0
Interaction,BZW2,0.4914820698047234,0.922485112264284,0.9533197603722204,0
Interaction,DYNC1LI1,0.00722773977304904,0.60007559363049,0.0716230897786455,0
Interaction,CHCHD2,0.15499390635518775,0.7468857735143336,0.4964527801209278,0
Interaction,NDUFB9,0.01716789984116147,0.6266208129361281,0.1686257241057044,0
Interaction,COX11,0.32296969492598404,0.8476369238316583,0.7957394812566659,0
Interaction,SQOR,0.3208162119312918,0.8476369238316583,0.6860025405120956,0
Interaction,SESN1,0.7635107280656568,0.9810496186924323,0.9853211071908696,0
Interaction,SEC23IP,0.11518424304542688,0.7179536967395801,0.6501580305583186,0
