contrast,gene,average_intensity,logFC,adj.P.Val,pi_score,sig_pi,direction
Aging,MMP24OS,16.322906735899043,0.42564042832376714,0.374205586975447,0.45987209003175467,0,NS
Aging,ESYT2,17.098331165177516,-0.23244844069425596,0.3551879523281773,0.6391268155508284,0,NS
Aging,ILVBL,17.0022662256138,-0.2544752114815445,0.46379599392815063,0.6888290754918648,0,NS
Aging,FSD2,17.976966028844235,-0.6158720999106144,0.00373770877681063,0.00396944504493662,-1,Down
Aging,TARS3,15.491210573111283,0.05966533782572014,0.8882857015720607,0.9858667230787226,0,NS
Aging,VWA8,21.47361209635668,0.6646396858035679,0.11717126210278464,0.08386656366401839,0,NS
Aging,CARNS1,20.22661257014602,-0.37100465794523174,0.3712427575100042,0.5056975272839425,0,NS
Aging,MAP1LC3B2,20.71365448426334,-0.48256863030458774,0.11245798137690452,0.16139930536382885,0,NS
Aging,PGP,23.015275302127968,0.11935343382025464,0.40607897625787553,0.8179079762640198,0,NS
Aging,DHRS7C,21.64224919716279,-0.26910005725876474,0.24175713556597103,0.5020376978587551,0,NS
Aging,SMTNL1,23.415900733680058,-0.1775535065228695,0.6361687459148656,0.8554210976867596,0,NS
Aging,NUDT19,17.09822072861629,-0.44130066244622057,0.269195274999028,0.34918849948115077,0,NS
Aging,NACA,23.676700924402898,-0.2637795003792007,0.01950838401975869,0.1831678414264164,0,NS
Aging,SLC35A4,18.642144427044716,-0.20926471736253305,0.4091249509730984,0.704810754034218,0,NS
Aging,PDLIM1,22.35573246652498,0.9989612842528288,7.533652829667887e-4,8.70240545530446e-6,1,Up
Aging,MYO1C,18.51696111305153,0.2848607195950841,0.21337585574865792,0.45472757919887186,0,NS
Aging,FXYD1,19.839740222518383,-0.5747361921065774,0.0650720561684794,0.07073175502142448,0,NS
Aging,STXBP3,18.28831392540244,-0.09410439991654228,0.6665321512351358,0.9288440467085204,0,NS
Aging,NDUFS8,22.652158433323613,-0.02271516935448403,0.9464330880242152,0.9972921257801776,0,NS
Aging,PSMD11,21.814326331494183,-0.07804562409891247,0.5438406488609318,0.9124241149649504,0,NS
Aging,PSMD12,20.5400178390757,-0.1663521332628477,0.3627095842270354,0.7312016308499195,0,NS
Aging,PSMD9,18.06626928699169,-0.04439489019247134,0.8128286181497374,0.9816364918727132,0,NS
Aging,PGRMC1,18.91983573998077,0.08406682060093118,0.8985051201443869,0.981712484249484,0,NS
Aging,CLIC1,19.36113622918581,-0.04542221071705654,0.8534674466902405,0.985667157274093,0,NS
Aging,EIF3F,19.64848331315272,0.1017062367330368,0.5341300385278606,0.8832166781954085,0,NS
Aging,PDHX,23.423102974046103,-0.03729719619605021,0.8187144778532247,0.985259553147818,0,NS
Aging,DCTN6,15.851648718794934,-0.32023918876871704,0.301044242837797,0.494744094295266,0,NS
Aging,IPO5,21.664347487773032,-0.10203073301259737,0.34174796249253786,0.8169480219061163,0,NS
Aging,EEF2K,16.35507340966682,-0.00309748312431779,0.9953077509695598,0.9999588063869064,0,NS
Aging,EML1,20.485666849968,-0.08477632531296564,0.6517955996265806,0.9319473516543956,0,NS
Aging,DNM1L,20.235648856551407,0.13120134831684993,0.3732521930137072,0.7866859989674345,0,NS
Aging,RTCA,20.818279583226023,0.25348698688141624,0.11037455177035758,0.3802268469580371,0,NS
Aging,NDUFA4,26.116413014662196,0.04350106951070387,0.8441601550826969,0.9852413960008022,0,NS
Aging,PSMD14,20.663506678898425,-0.3392654829918271,0.00244362152754813,0.03775464505078919,-1,Down
Aging,BIN1,26.342706408141986,-0.02622180858060829,0.8476485259516064,0.9913338107666656,0,NS
Aging,KPNA3,21.013469042201347,-0.13953174980446548,0.5291331822253755,0.8417241594136842,0,NS
Aging,DDX3X,19.580342341103787,-0.29530154423935784,0.1987861210704366,0.4264234117078231,0,NS
Aging,KPNA4,22.95551193172343,0.00421620098222774,0.9804089430622784,0.9998171594667816,0,NS
Aging,CES2,20.52386433748361,0.3580225968998647,0.36329193398443854,0.5104842658737153,0,NS
Aging,FBP2,26.02274350483461,-0.12280789971213224,0.6967960373903453,0.9186187433925096,0,NS
Aging,PDXK,19.267523960905883,-0.02515095512011811,0.8748851880027358,0.9933932154336153,0,NS
Aging,SDHD,23.24022941532173,0.16720188454397444,0.5187622010348694,0.807960112719977,0,NS
Aging,COX7A2L,16.51490204168833,-0.11592590917798518,0.8221682136949805,0.9561264125550116,0,NS
Aging,GAPDHS,19.680137412117432,0.3977418890724635,0.5470388954795947,0.629360648268069,0,NS
Aging,HSPB6,27.08676097123112,0.3961980520677635,0.16777165059654428,0.2862229174177309,0,NS
Aging,NDUFAB1,23.44014097238817,-0.2678342784655676,0.2907526442318599,0.5449829934358402,0,NS
Aging,IMPA2,22.349000339564174,-0.19961212897716865,0.364173381766725,0.6881637049606849,0,NS
Aging,PDCD5,20.868805406975408,0.02845782287110765,0.8619709824217849,0.9917314506597136,0,NS
Aging,PRMT5,20.030749701047153,0.09100786243017468,0.5645171638527587,0.9044033660780716,0,NS
Aging,PSMA7,23.64721799067241,-0.07354349926055193,0.515083383615668,0.9094374618223486,0,NS
Aging,OPLAH,18.94512524218218,0.36251259304654937,0.02793583031504623,0.11707985670039614,0,NS
Aging,MGST3,24.549018043627623,-0.1561725063295043,0.4764197361152235,0.80103437888464,0,NS
Aging,RGS12,20.5353297775736,-0.10923920140304232,0.7683876287110017,0.944579324362732,0,NS
Aging,HAT1,18.90746114588252,-1.6440680777592398,0.04459332986283149,1.9351488682827563e-4,-1,Down
Aging,UQCRQ,25.02529869085899,0.02542934780801786,0.8990113604880956,0.9945261509425366,0,NS
Aging,MYL12B,20.98167091379819,0.1986604708169537,0.4677247405756811,0.7495788000650737,0,NS
Aging,UQCR11,21.528693051066593,-0.1041662781285062,0.7669318503702091,0.9466522235291356,0,NS
Aging,CASQ2,25.64879160783649,0.226899826950568,0.46319376729316825,0.7156151162757861,0,NS
Aging,HGS,16.3499010490389,-0.15577522948694167,0.5291331822253755,0.8249503705991239,0,NS
Aging,HNRNPDL,18.643689955970057,-0.26593572479517036,0.23104464522806809,0.4964608984117755,0,NS
Aging,XPO1,18.793595068441423,0.15650212717764944,0.264064876164797,0.6851548389725945,0,NS
Aging,ATP2A1,28.3056883676577,-0.14184600850142104,0.575299911796692,0.859873444252454,0,NS
Aging,SYNJ2,22.912083012135817,0.0067844292146546,0.9930266217007276,0.999868912548955,0,NS
Aging,SYNM,21.197547344971472,-1.0625487422153732,0.00615512184254826,1.5359784252159066e-4,-1,Down
Aging,ARPC1B,17.155284550604783,0.0113918745865611,0.978153968203819,0.9994243701129648,0,NS
Aging,ARPC2,16.83268869422138,NA,NA,NA,0,NS
Aging,PGRMC2,21.238493941061485,0.22348364722923364,0.3712427575100042,0.6634148552674629,0,NS
Aging,PFDN6,20.451799981344372,0.17123529873570575,0.2863432464570124,0.6759690153899537,0,NS
Aging,NDUFA1,20.909054996080823,-0.7724947222023744,0.1073729468884756,0.05101893373105665,0,NS
Aging,SURF4,24.398071527623188,-0.00876393153560073,0.9804089430622784,0.9996065053231676,0,NS
Aging,MAPK13,19.483493686791626,0.7001867210680714,0.07024905914315029,0.04307754958993577,1,Up
Aging,TCAP,20.98587710548838,-0.6678737180347589,0.1209098861722495,0.08553315167383337,0,NS
Aging,PMM2,17.933929247497673,-0.10884342319155492,0.7735323976774764,0.9462571955983194,0,NS
Aging,EIF3D,18.86885196326757,-0.2594012348426915,0.10548420742578628,0.3655717040102456,0,NS
Aging,EIF3H,15.830370100917165,-0.22200663430112577,0.5410007834845572,0.7678896245488761,0,NS
Aging,BCAT2,20.963816288177544,0.23233644470810333,0.2708365156349402,0.5759997195696781,0,NS
Aging,STX7,17.03933448120983,0.08550694508221213,0.6984881052759826,0.9429660274891748,0,NS
Aging,SLC16A3,20.28202580937184,-0.23429081607294933,0.5504856572133267,0.7631609853108268,0,NS
Aging,YKT6,19.01909701908167,0.069740107808762275,0.6518075206339239,0.943718201040049,0,NS
Aging,ARPC5,17.791422909324567,0.2251923538734708,0.5739284465429527,0.7856144924127005,0,NS
Aging,TAPBP,15.36777375865524,-0.06030415903331843,0.9295254292375456,0.9907398003914168,0,NS
Aging,DHX15,16.624050924683303,0.21030977443114196,0.3304278327180744,0.6528573909262062,0,NS
Aging,CYB5B,21.28022502684793,-0.09513318859880472,0.7989017341974803,0.9582177535271604,0,NS
Aging,NDUFS4,24.70595416833729,-0.2260009882269678,0.41044604922305633,0.6864552209834103,0,NS
Aging,DYNC1LI2,16.65736356119539,-0.03289110218373636,0.903615014171258,0.993309084603474,0,NS
Aging,PSMD3,19.9815491199827,-0.32094476446527764,0.01940686787296012,0.12610979154705648,0,NS
Aging,RASA4,19.749765252553416,0.4604530354049387,0.15488816746250872,0.220069135330557,0,NS
Aging,HNRNPR,19.248918843974497,-0.3629937987380955,0.01631287737537315,0.087717959386711,0,NS
Aging,TXNL1,21.09374860157215,-0.1850903975935303,0.0650720561684794,0.4256950541913296,0,NS
Aging,TPD52L2,19.984030059924297,-0.03543643986464673,0.7989017341974803,0.9841708034239938,0,NS
Aging,ERI3,18.9066798916157,0.01442638326453504,0.9678933096483202,0.9989586859986328,0,NS
Aging,AKR7A2,21.11250272853127,0.4509789734468832,0.00115312251106187,0.00698220621174302,1,Up
Aging,LAT,24.547391195702293,-0.04233428895705771,0.904583656398382,0.991471588268371,0,NS
Aging,DENR,20.954578459446697,-0.09432610784291384,0.5236790172353392,0.8884459128085491,0,NS
Aging,DNPH1,21.713022240201596,-0.03930159934758137,0.8683817645559152,0.9891128370005214,0,NS
Aging,TIMM44,20.837313317922387,0.2925504388911868,0.07974697765177471,0.2842742546139655,0,NS
Aging,TRAPPC3,16.10923959531714,0.5507603172050075,0.13465517488551162,0.14487319934055598,0,NS
Aging,CHMP2A,19.41482791582852,0.1901577935101315,0.12773451318495405,0.5038980949859168,0,NS
Aging,NDUFB5,23.470591374779108,-0.02334411777289702,0.9367048018985528,0.9967514602329496,0,NS
Aging,NDUFB3,23.907080382867942,-0.1239026262874816,0.6499359002235106,0.9015667773783056,0,NS
Aging,NDUFA2,24.54724018838515,-0.15526581604254375,0.49622818462756,0.8116270351502597,0,NS
Aging,BUB3,16.052906865050232,0.4936093242980615,0.2071543409324632,0.2487633209986588,0,NS
Aging,ACTN4,24.428062655549866,-1.7874272059078464,0.00830367293487701,9.26127369136378e-7,-1,Down
Aging,GSTZ1,19.953186838865808,-0.2856164960720484,0.38742527263448945,0.6028822455520729,0,NS
Aging,PRKAB2,19.888380277047407,0.08152143933488532,0.644407236364972,0.9323491464217838,0,NS
Aging,AP1G1,16.55714884081572,0.1911654239585303,0.6918310668818536,0.8740298717703971,0,NS
Aging,SYNGR2,20.200537825642883,-0.26987498814660427,0.32559198349212354,0.5749881625712642,0,NS
Aging,SGTA,22.263135225776296,0.27363764073164987,0.03840488970939914,0.2257520017373457,0,NS
Aging,ENSA,21.59675463551961,0.09228709794004786,0.7157183104896303,0.9416109418305312,0,NS
Aging,SLC25A20,20.89758237991226,0.3142125576981698,0.18996571191021783,0.3967477983649531,0,NS
Aging,NARS1,20.29266896343932,-0.43831162839942905,0.00979165453324116,0.03765640121216015,-1,Down
Aging,LANCL1,21.531115010100716,-0.1670973395999482,0.35562316399733124,0.7252731601607576,0,NS
Aging,SLC37A4,18.570850684928832,-0.3012280402433696,0.24032044787443685,0.4609654743708642,0,NS
Aging,IDH3B,22.766704617771303,0.16298822262780277,0.4412138290033164,0.7762630529505861,0,NS
Aging,CALU,21.557318967376982,-0.2481417198137343,0.1793989868322105,0.4701809160220019,0,NS
Aging,AHCYL1,19.52422099510231,0.04834970993928422,0.82021953520880575,0.98130165080027,0,NS
Aging,NDUFS5,22.69157367846065,0.22268594665134955,0.41322720256693674,0.6930805295422572,0,NS
Aging,TIMM8A,19.691373046250952,0.5031582760083566,0.22208412596788785,0.25716198134326207,0,NS
Aging,PPP1R12B,15.587303588088316,-0.00678088916239971,0.9930266217007276,0.999871464234126,0,NS
Aging,PRPSAP2,22.956039909109272,-0.4251105103111747,0.0931584559156204,0.17753941645400434,0,NS
Aging,SPAG9,15.835318173191952,-0.6155611086465331,0.00961957779447188,0.00983924477009364,-1,Down
Aging,OPA1,21.03777923004698,0.22554949570470129,0.17260279420517066,0.4965962771724706,0,NS
Aging,TBC1D4,17.522237209797368,-0.139146608133629,0.5164796848191531,0.8360154478650236,0,NS
Aging,SNX3,20.771783573187413,-0.01945379434990712,0.8989765058717217,0.9957668959064772,0,NS
Aging,SYNCRIP,18.606582824815472,-0.10205467140711022,0.590885481349479,0.9015408618576668,0,NS
Aging,SELENOF,13.634859580095178,0.4420778546278079,0.6000720981030346,0.6479041669507156,0,NS
Aging,KLHL41,25.349804220338505,-0.44201783202209555,0.2687762042747706,0.3476867717832954,0,NS
Aging,PLIN3,23.650271697182852,0.34982469893753176,0.01556659661833435,0.09377472902469058,0,NS
Aging,KPNA6,19.99014777758764,-0.19134444607321657,0.3053482508325906,0.6603572627603486,0,NS
Aging,SNX2,19.08219171556146,-0.09628964907221516,0.6016581419086041,0.9102889117881172,0,NS
Aging,USO1,22.546474776025203,0.13570289098940336,0.4764197361152235,0.8247342828999445,0,NS
Aging,TOM1,22.497302487372345,0.12031906043189622,0.5178347690782998,0.8569768442497547,0,NS
Aging,PFKFB2,19.996820575988195,-0.0104318029550825,0.9748506683041356,0.9994222868537112,0,NS
Aging,EDF1,20.0001610935167,-0.08680082024012137,0.6708759503067784,0.9352543614594632,0,NS
Aging,DNAJA2,22.85310175094614,-0.15672663494618533,0.25388795815482523,0.6769409193899193,0,NS
Aging,CUTA,21.935414832647893,0.14446110827777403,0.6217181193434979,0.8748892397025444,0,NS
Aging,PFDN1,19.505594101757776,-0.07681867797383646,0.6740470247025562,0.9432346747484284,0,NS
Aging,NOL3,21.631546123570388,0.1333509294591941,0.5519213338853338,0.8587250586434397,0,NS
Aging,WDR1,23.676953938419462,-0.17413786671806974,0.1743673421459746,0.5844584450161315,0,NS
Aging,LDB3,27.065922370617336,-0.01954885557705665,0.9337992450371578,0.997158707456424,0,NS
Aging,CLASP2,17.03953403751402,0.22374709139213425,0.4861130418070598,0.733991189521436,0,NS
Aging,COBL,17.794148463668837,-0.19302774386039445,0.688441821664005,0.8706715779372196,0,NS
Aging,CPNE3,19.029648401393672,0.09471977481694438,0.5611389039967383,0.8997773858632384,0,NS
Aging,CLUH,17.216646829720737,0.33092087348170907,0.5451194063480395,0.6787161763422974,0,NS
Aging,CAND2,22.939839829328054,0.0334274577797693,0.8969951212275394,0.9925757836293828,0,NS
Aging,COQ9,25.05040779319311,0.17509963123350403,0.26087496900611895,0.6531154152711387,0,NS
Aging,GGCT,20.976484965850062,-0.13449657365246637,0.45336333406955936,0.8160165614462626,0,NS
Aging,NDUFS7,22.69680628935427,-0.04059111490455436,0.9154199747934378,0.9926388483029384,0,NS
Aging,RTN2,25.931796958748304,-0.06365118013333415,0.7076027090088038,0.9583636675616573,0,NS
Aging,NDUFS2,24.610797146274784,-0.14624260715318016,0.5809733630141736,0.8584733514743995,0,NS
Aging,NIPSNAP2,25.8290920321075,0.17816784228239868,0.30552290731536713,0.6799738703389813,0,NS
Aging,CILP,17.966104018969183,-0.32272458206482213,0.5207274090497982,0.6648438365942742,0,NS
Aging,TBCA,21.538372901848614,0.1941939280999101,0.13126394999604368,0.501661541789186,0,NS
Aging,ATP6V1G1,16.88339393209582,0.138468477498634,0.3756227471767545,0.7776525517055538,0,NS
Aging,VPS4B,18.84648115102041,0.2085115486020079,0.5191719121801963,0.7671325313208487,0,NS
Aging,MACROH2A1,19.81762922274909,-0.38318962380716215,0.44712426894398455,0.5556572201862849,0,NS
Aging,SH3BGRL,17.089143888315583,-0.1961947104563748,0.6189938686474165,0.8323576268339952,0,NS
Aging,FLNB,25.554849002570172,-0.8128176276121373,0.00340050201975165,5.984090073723849e-4,-1,Down
Aging,NDUFS6,24.37569212057755,0.03301829232789544,0.9122641199669076,0.9938432627928476,0,NS
Aging,CS,26.525978813124706,0.21900869448302984,0.13446582872242527,0.4634803765161205,0,NS
Aging,SEC22B,18.32071710369594,0.1620833024081385,0.2174516075000912,0.6428084062572742,0,NS
Aging,MTX2,21.50235939765718,0.03713692903247079,0.859464516939643,0.9888256618708828,0,NS
Aging,VPS26A,18.679765396389513,0.04205379245974328,0.8371069741033099,0.9851731275555186,0,NS
Aging,NDUFB1,23.13098017198977,-0.12588355614653324,0.6548873831378872,0.9019726107261288,0,NS
Aging,PMPCB,20.015614979540793,0.28333283852937186,0.1190837643319947,0.3501546100734211,0,NS
Aging,NDUFS3,24.020412492650188,0.04335264627620106,0.8615164021102142,0.9873762844643676,0,NS
Aging,ECI2,23.73133907539212,0.3661305217246884,0.04883508794534499,0.15719040355490707,0,NS
Aging,BANF1,22.84044428954883,-0.5676526449411767,0.02937822346861392,0.03630838413224881,-1,Down
Aging,CSDE1,19.573097226856753,-0.1207620179755935,0.48276395637305863,0.8449479419443162,0,NS
Aging,PRKRA,18.337778131244153,-0.04918670051963758,0.9206959253656918,0.9916718566849966,0,NS
Aging,LYPLA1,21.825055179279488,0.02466406303335233,0.9016852729354472,0.9948529185641526,0,NS
Aging,TIPRL,19.897173017316696,-0.06476711292896553,0.6797659840484108,0.9530330037766904,0,NS
Aging,PPM1B,17.81925362777829,0.17800658451409035,0.4424771124854026,0.7590457439835019,0,NS
Aging,SLC25A12,25.1368611396914,0.0728624147295065,0.6704852186467823,0.9451433828171636,0,NS
Aging,TCEA3,17.4823436925276,0.20309934552976472,0.5700941034672466,0.8020349463867787,0,NS
Aging,EIF3G,19.865041655775386,-0.3688600497048,0.02314075638231441,0.1028972205570688,0,NS
Aging,EIF3J,22.845809252477785,-0.11989513872680392,0.29524706499107267,0.7652838351186837,0,NS
Aging,PSMD10,20.664673336882593,0.00940046669508376,0.9670764593237392,0.9992851805229842,0,NS
Aging,IDH1,22.605394811376957,0.05886920722054611,0.6924654457589732,0.9595497268705014,0,NS
Aging,SCO1,22.87595391253165,-0.6167456372969617,0.02793583031504623,0.02610866348095912,-1,Down
Aging,ALDH1L1,21.30099790074801,0.05761479578645279,0.8263160572027581,0.9784268806185038,0,NS
Aging,ARL6IP5,24.292395756799223,0.11425285118511395,0.4745144114402845,0.8493957131646684,0,NS
Aging,DYSF,23.218929880006627,-0.1893309745826244,0.15933758756535046,0.5411115975280383,0,NS
Aging,PIAS2,23.95945229358522,-0.07304165030871701,0.7596473277175875,0.9607699697976204,0,NS
Aging,DCTN3,17.203993230422096,-0.6514239261863111,0.06012353346613182,0.04550036401302258,-1,Down
Aging,ATP5PD,26.13286120211298,0.14703842801758427,0.3345701438689109,0.7443566503785745,0,NS
Aging,FLOT1,18.986544860096853,0.00645109454131898,0.9811404379804364,0.999737668845034,0,NS
Aging,ATP5MG,26.0077979798532,0.03784924480353169,0.8453415537511719,0.9873041704605364,0,NS
Aging,GLRX3,18.91212223377552,-0.3007902241236664,0.11194687517068456,0.3194861509196693,0,NS
Aging,SNCG,16.028362549389303,0.15537577105071065,0.8760002339865004,0.9604838619994536,0,NS
Aging,DDAH1,22.297576244358275,-0.12342949812476788,0.5750227213993282,0.8765842898613336,0,NS
Aging,TPPP,16.036184552282815,0.132647168666999,0.8140237562934962,0.9466623866086412,0,NS
Aging,BAIAP3,23.104783165001702,-0.15839132621850638,0.5934177647613528,0.8528173906981212,0,NS
Aging,TOMM70,19.779864929186285,0.14525228027631698,0.4793671948231449,0.8150662859329367,0,NS
Aging,UFL1,16.160140242945417,0.11310455988888536,0.5887578389482371,0.8908029333552371,0,NS
Aging,TMEM63A,19.781281928257165,0.05758726540443604,0.8615164021102142,0.983245538911491,0,NS
Aging,PLPBP,20.253537138459745,0.13706995690048274,0.33008184638678195,0.7570119610292688,0,NS
Aging,ERLIN2,23.554954577073513,-0.2380317126836005,0.28928940414867815,0.5821793085026098,0,NS
Aging,ENDOD1,21.106918074028737,-0.12577428204989616,0.38534969267725,0.7992138358179367,0,NS
Aging,SEC31A,18.250127337033163,0.04716515755239925,0.8656689362283749,0.9867014693374184,0,NS
Aging,NDUFB6,22.27338456622332,-0.20304484461041028,0.5350751684837728,0.7813542369523749,0,NS
Aging,MFN2,17.733458559430087,0.1487564513595956,0.4574405824397285,0.8003778043497644,0,NS
Aging,NDUFA3,22.56999099231678,-0.03629111255451534,0.9213860864344816,0.9938943066516936,0,NS
Aging,NDUFB4,24.017185401494363,0.04791526189764994,0.8779227317759316,0.98777285264204,0,NS
Aging,NDUFB8,23.57185072123935,-0.0211304880473051,0.940995224538916,0.9971951197615933,0,NS
Aging,NDUFA7,23.3727581579446,-0.09424620413750516,0.7639930501243067,0.9509140746911124,0,NS
Aging,RTN3,19.13590421091039,0.135367283387005,0.7110591210081084,0.914519800581548,0,NS
Aging,LETM1,21.165588336194233,0.2965385691110676,0.13907014773920573,0.35903726136998837,0,NS
Aging,STBD1,24.204003667978608,-0.4256806375753434,0.00215883969922199,0.01453920233759572,-1,Down
Aging,ZRANB2,20.14728448025148,0.3687287956572014,0.5291331822253755,0.6346313158299113,0,NS
Aging,EPM2A,20.45966863257272,-0.167478907025842,0.6163597697800831,0.8538193364649451,0,NS
Aging,VAPB,23.34546261614166,-0.3976145781522398,0.00327163211116874,0.02531079869972709,-1,Down
Aging,NDUFC2,23.153349252787947,-0.04314766000177883,0.9122641199669076,0.99195977934224,0,NS
Aging,NDUFA10,24.176431696971445,-0.13724329933365453,0.5849848998705296,0.8675160161629871,0,NS
Aging,PGLS,17.633885616717826,0.3208907040296225,0.1743275736582826,0.37145247970505657,0,NS
Aging,TACC2,18.06726681939971,0.34247041852237814,0.09515751913258762,0.2513602461472866,0,NS
Aging,LYPLA2,19.94599452554274,-0.046966568960773,0.906362194198982,0.9907737287956214,0,NS
Aging,IPO7,20.152730190529184,-0.16541965081828636,0.4587557581898218,0.7815332238843912,0,NS
Aging,ARIH2,19.243316125866848,-0.25780007262583027,0.3877572778771852,0.6337505054181296,0,NS
Aging,PGM3,17.317329566562652,0.1517320211581108,0.5315780848564258,0.8300384113076372,0,NS
Aging,SVIL,17.628965368860815,-0.6669683702446925,0.09270257694486896,0.06607332017436926,0,NS
Aging,AHSA1,19.12670241696653,0.27639795445915283,0.08032449932712854,0.3060314190271909,0,NS
Aging,H6PD,18.818583931315587,0.2165153262619839,0.25388795815482523,0.5835309753900989,0,NS
Aging,MPC2,22.78564379861677,-0.05364460612187116,0.8226362058957148,0.9795128702189932,0,NS
Aging,ETHE1,17.39756971185419,-0.2688655070048682,0.4231855034464024,0.6473518273954061,0,NS
Aging,ACSL3,22.204884788917564,-0.04617486223663647,0.8066690080135717,0.9802634643656568,0,NS
Aging,ASMTL,17.637718575077166,0.06559134747885409,0.9049838691554556,0.9868800632638582,0,NS
Aging,CDS2,18.45297431426133,0.35702884070396834,0.06567378821076592,0.19419596953367385,0,NS
Aging,SNAP29,16.511513997482048,0.440720352855422,0.20651660299871863,0.28773072761882423,0,NS
Aging,OXSR1,20.62826084726574,0.04671135846864516,0.7333356785986894,0.9717444104703772,0,NS
Aging,LSM8,18.944903157691098,-0.3878104829941158,0.18996571191021783,0.319325706905526,0,NS
Aging,AP2A1,19.228405129518663,0.03177517688119025,0.916625371315948,0.9943898416683892,0,NS
Aging,CAVIN2,19.74278618969645,0.03526580837302973,0.8638973722239716,0.9899300778878752,0,NS
Aging,BAG2,14.61298573039326,-0.08659661740540159,0.8008791422424596,0.9624093550187888,0,NS
Aging,BAG3,23.399408050458124,-0.3161055120019718,0.15933758756535046,0.3584527423813891,0,NS
Aging,MLYCD,16.67549538727743,0.7192261494604537,0.09568997138171197,0.05599561449775545,0,NS
Aging,AIFM1,24.287030137729037,-0.00351121861073622,0.9840534453300344,0.9998784608137284,0,NS
Aging,EML2,20.501760503454697,0.08528149277319841,0.816459861985266,0.9658927356673592,0,NS
Aging,BPNT1,18.37883547883266,0.3344172725065242,0.0825678570866524,0.2428840873360139,0,NS
Aging,DDAH2,16.210432264598264,0.4741440713629643,0.01158419801848171,0.03203392117386543,1,Up
Aging,ABHD16A,14.876416308130077,0.5773546059812844,0.20708834124730863,0.19605017818084983,0,NS
Aging,TXNDC12,19.115079531431665,0.4390135826205359,0.6090767503896618,0.6558661942182383,0,NS
Aging,NUDT3,18.229685143656056,0.2702388710204815,0.1067130719379284,0.3520801262805985,0,NS
Aging,NDUFB10,24.84589048438532,-0.08179864148537774,0.7733095568226067,0.9591391638342656,0,NS
Aging,CLPTM1,15.921570932919243,0.26381549875629773,0.6708759503067784,0.8158585726324364,0,NS
Aging,MOCS2,18.454633578297553,-0.4611039221481903,0.06567378821076592,0.12014680350936252,0,NS
Aging,TOMM40,18.826091784290664,0.0313092436294724,0.8969951212275394,0.9930137843319948,0,NS
Aging,PEX11B,15.09796418271817,0.09043167425957854,0.8550796275086449,0.9719967300928514,0,NS
Aging,CYB5A,17.11052868247609,0.39180598560575675,0.12932447925016424,0.24591889559020075,0,NS
Aging,ADH1B,21.35318600111424,0.515932300966977,0.2585555915978179,0.2833660735245653,0,NS
Aging,LDHA,29.158916759176307,-0.4920239193915634,0.04085386894266409,0.07319421308488093,0,NS
Aging,ALDH1A1,23.86496258644634,0.0929186141458267,0.7366892665211278,0.945455727088431,0,NS
Aging,GLUD1,21.673884194808377,0.16602512069328412,0.36839465222980816,0.7351891694517926,0,NS
Aging,CYB5R3,24.517543908413224,0.25161693323681433,0.09560129346911024,0.36347026195553817,0,NS
Aging,GSR,21.334398783064156,-0.05346181778561743,0.7029879215356838,0.964421205633178,0,NS
Aging,MT-CO1,21.623934814938877,-0.7503900392674758,0.03292346217711661,0.01416090384630736,-1,Down
Aging,MT-CO2,26.955358633861223,-0.07261236566918328,0.7859832436682728,0.9659330020269296,0,NS
Aging,MT-CO3,22.671476091596727,-0.17509962430404968,0.5873048910735554,0.835619884212558,0,NS
Aging,SOD1,26.15530932989125,0.01258228596690003,0.9556493189323834,0.998783346745064,0,NS
Aging,CP,20.954449970524703,0.6380415129227082,0.01040147929128355,0.00896665796096056,1,Up
Aging,F13A1,18.08687568785512,0.6718581719431427,0.12932447925016424,0.09019315370879408,0,NS
Aging,HPRT1,18.171558047328897,-0.11758988472310604,0.6929562319001258,0.9211956100978396,0,NS
Aging,GOT2,27.368267260119637,0.19709724262868988,0.17816088566530097,0.5477973148703456,0,NS
Aging,PGK1,29.030086065759708,-0.2720258170404719,0.04475342573156193,0.24401973917250477,0,NS
Aging,AK1,28.870262790169516,-0.12977405776041095,0.5188239844627262,0.8477306168058986,0,NS
Aging,MT-ATP6,25.3203578217936,-0.3116202505746699,0.2585555915978179,0.46671701197913784,0,NS
Aging,CA2,27.371135136915075,0.442791345337632,0.05160254773749933,0.110562169307431,0,NS
Aging,ASS1,19.660174883498325,0.4375200343998351,0.46379599392815063,0.5271150548948803,0,NS
Aging,CST3,20.125286506373207,0.04574867806942251,0.8605687765433043,0.9863621401396916,0,NS
Aging,CSTA,18.218692834575187,-0.17617184533244412,0.8008751962915931,0.924914455056524,0,NS
Aging,JCHAIN,16.482134530244405,0.3729805574668638,0.6562806134321818,0.7397785282756099,0,NS
Aging,HLA-B,15.55926720609746,0.23139674398674617,0.6205199789247403,0.8062163623373506,0,NS
Aging,HLA-DRB1,19.77519445053032,0.08281430622887598,0.8594124881719022,0.975203063441212,0,NS
Aging,MB,33.61081632620287,0.31756215677739874,0.01760514735655199,0.12345721459905516,0,NS
Aging,COL1A1,20.082222106982854,-0.8650318062601201,0.19327542790586555,0.07988733046412784,0,NS
Aging,COL3A1,21.194918712425128,-0.9727449280550716,0.1473886294032153,0.03757197786111178,-1,Down
Aging,COL4A1,21.39143579437815,-0.6951811660029357,0.2856126694490763,0.20295064046203207,0,NS
Aging,CRYAB,29.7184774226715,-0.16512715420980228,0.5564032681675358,0.8298989425757811,0,NS
Aging,KRT14,21.735862371255894,0.06282410097802327,0.9525028178679104,0.9934629312495524,0,NS
Aging,LMNA,22.95640604256489,-0.43538996747245307,0.14136115112411135,0.2244452469557856,0,NS
Aging,TNNC2,27.841683696457704,-0.7184492311862449,0.10928755167888116,0.06384878243220883,0,NS
Aging,APOE,16.802094698704828,0.3710943154912272,0.497603948687193,0.6082672305650363,0,NS
Aging,LRG1,18.371561612152657,1.0813507185010742,0.00352302040594237,5.442333342280636e-5,1,Up
Aging,FN1,17.068188305105576,-0.26280071319924403,0.7830815659342589,0.87963209514022,0,NS
Aging,RBP4,20.393688157865473,0.31621526949106027,0.7440012016600854,0.8306146016935353,0,NS
Aging,TTR,22.882292763690337,0.2987965244125377,0.30318819722065393,0.5213101586835415,0,NS
Aging,PPBP,18.4551225445772,-0.6656694540787136,0.26119833673314224,0.1984131845749651,0,NS
Aging,TFRC,16.77188201863427,0.10375631772629744,0.87879349242129845,0.973866369243024,0,NS
Aging,FTL,21.382795221081732,0.4081538680465684,0.6515849136709972,0.7119539593400587,0,NS
Aging,FTH1,25.458804855988504,0.6342505946701387,0.137248833145086,0.11073972617690646,0,NS
Aging,MT2A,21.71058502133751,0.7150612848227063,0.02066289930988188,0.01078103270488415,1,Up
Aging,MT-ND1,23.255083345282753,-0.17464013633180642,0.5210572881306458,0.802344045915554,0,NS
Aging,MT-ND2,20.03463207934594,-0.7999415217690604,0.01332943282568926,0.00368149893623168,-1,Down
Aging,MT-ND3,20.436421440214406,-0.2963040913426376,0.32115923794707424,0.540310411687392,0,NS
Aging,MT-ND4,21.379732403016977,-0.8243530775612129,0.00240144082575414,3.38450599113401e-4,-1,Down
Aging,MT-ND5,23.120411361950357,-0.43018721539592875,0.2963437097773304,0.3839062648668844,0,NS
Aging,MT-ATP8,22.94606321729593,-0.05574455236502729,0.8550796275086449,0.982659085593475,0,NS
Aging,CAT,22.459734558890045,0.10634757274663542,0.7650220276000397,0.9450235680130236,0,NS
Aging,ALDOA,31.484659103403235,0.04890611754635898,0.7553725427921483,0.9730112950842684,0,NS
Aging,CSTB,24.38996481453203,0.30736051774427864,0.12773451318495405,0.3298124913543226,0,NS
Aging,ANXA1,21.84219183471319,0.1608670829573242,0.6837527770115599,0.888700664504301,0,NS
Aging,SOD2,25.11745557749726,0.8148801907121594,0.00122238952694259,1.4325699882155994e-4,1,Up
Aging,KRT1,25.522073197169966,-0.20961861710370044,0.7266323090643041,0.8769835046162389,0,NS
Aging,VWF,17.117809659775013,-0.13047167358014633,0.8376529103022926,0.9549257747454571,0,NS
Aging,GAPDH,31.407624477615048,-0.16503141976594904,0.3016474268375856,0.6962071605868663,0,NS
Aging,HLA-A,18.237746595325888,0.4156026785289164,0.1043933639464452,0.1979776322432972,0,NS
Aging,CAPNS1,23.06432438476822,-0.0279439613238388,0.805096739504953,0.9879061093073094,0,NS
Aging,HSPB1,29.539415617676703,-0.19534690793441456,0.5187622010348694,0.7795571065884306,0,NS
Aging,RPN1,21.34880925457332,-0.12083860993023166,0.30607569334444434,0.7704620853390058,0,NS
Aging,RPN2,20.13233192139377,-0.1402084949257585,0.5873048910735554,0.8659861313190221,0,NS
Aging,GNAI2,21.822248819064725,0.1406974564713508,0.2974196833199329,0.7318665849514414,0,NS
Aging,ATP1A1,23.229493023875225,-0.03323504716285797,0.8299802590557884,0.9877374279606176,0,NS
Aging,ATP1B1,22.82017649460657,0.01040965542632577,0.9536237104646026,0.9989574238815044,0,NS
Aging,APOD,21.726480785823657,0.13583216443637625,0.756801331749527,0.9273586447298684,0,NS
Aging,ALDH2,23.370827015030173,0.5507975246119621,0.04848492924487016,0.06145125969897543,0,NS
Aging,S100A8,21.664146011449972,-0.01647208503208475,0.9840534453300344,0.9994350067247992,0,NS
Aging,SLC25A5,27.766691241291937,0.02551770870553582,0.8974298274867237,0.9943533553895288,0,NS
Aging,SERPING1,19.623612788058345,0.2596676250401231,0.4764197361152235,0.6913426052888592,0,NS
Aging,PCCA,19.179080376373392,0.3834354183931019,0.03613761004202052,0.11962468531804508,0,NS
Aging,PCCB,18.298320774665605,0.5023748742490532,0.01427927574690583,0.03103931743075444,1,Up
Aging,EIF2S1,21.894250356707204,-0.0705854166543034,0.4793671948231449,0.9054746013593904,0,NS
Aging,RPLP1,21.11362904970564,-0.4195560102080762,0.16092329209961312,0.2579148052290394,0,NS
Aging,RPLP2,22.9567989299382,-0.2745317789137296,0.3080874276110747,0.5547429563499257,0,NS
Aging,RPLP0,21.25988008124769,-0.29314177841854416,0.22507295487694448,0.4567464931262207,0,NS
Aging,FABP3,28.965810181930504,0.3282350229177169,0.12111823683989564,0.29905732195037327,0,NS
Aging,CLEC3B,18.676810208382896,0.6904140773448404,0.03840488970939914,0.02321152341240139,1,Up
Aging,SSB,16.550341304807613,-0.05658514201056519,0.8672671385304993,0.9842606925904408,0,NS
Aging,ITGB1,20.16901234762769,0.15489907076390708,0.18201037036269777,0.6267488851920734,0,NS
Aging,KRT18,24.916676085771915,-0.33590781134895664,0.5291331822253755,0.6608099525792818,0,NS
Aging,KRT8,23.422232533302335,-0.2706070721711207,0.6911838267920397,0.8257369166176909,0,NS
Aging,MYL1,30.428305281262144,-0.8969718374682252,0.05501767143886046,0.01254815887956335,-1,Down
Aging,GSN,23.521570307218216,-0.13990841619380134,0.6740470247025562,0.8989865157121015,0,NS
Aging,PTMA,15.021839166693912,0.31076923487886177,0.3674498513464573,0.5614027950003787,0,NS
Aging,ATP5F1B,28.43098239484724,0.08306795531782996,0.6228730200541239,0.9266237281531696,0,NS
Aging,S100A9,21.635628027637708,-0.01887336435024167,0.9804089430622784,0.999174519831894,0,NS
Aging,S100A6,24.815226933912935,-0.4608344876355872,0.45336333406955936,0.49795322010986,0,NS
Aging,EIF4E,20.488107940549313,-0.2082338564604349,0.1435351046299146,0.4911608428796596,0,NS
Aging,CKM,32.39147208811944,0.17334662024179437,0.15488816746250872,0.5654192485616478,0,NS
Aging,ENO1,29.94001076807693,0.00735545810267268,0.9804089430622784,0.9996846877336022,0,NS
Aging,PYGL,24.318576158907614,0.5568050565343299,0.08197687572509456,0.09411117341342044,0,NS
Aging,GPI,27.451977947149167,-0.00642669003583051,0.9678933096483202,0.99955303792093,0,NS
Aging,NPM1,22.119362125332,0.00787182464315705,0.979453821313377,0.999626645420725,0,NS
Aging,TPM3,25.67890335016827,-0.7999487541573771,0.16777165059654428,0.07992969041092093,0,NS
Aging,EPHX1,23.453659406753236,-0.06965029947309276,0.819703754936893,0.9730836328511888,0,NS
Aging,DBI,25.446303834746715,0.06639214926787318,0.7989017341974803,0.9707391431607598,0,NS
Aging,LDHB,25.04995014827807,0.3870359000924069,0.23176174779388764,0.3617705325769995,0,NS
Aging,GPX1,21.75047152788109,0.06805718610969791,0.6314875202367111,0.9407297251197476,0,NS
Aging,P4HB,24.369735929372723,0.02526405103667528,0.8669228813087018,0.9929182180468956,0,NS
Aging,H1-0,22.647943050275916,0.02492559251071213,0.9505977462198644,0.9972136447767966,0,NS
Aging,CTSD,23.261282585881855,0.4829905638354539,0.00152044498427759,0.00602266526284424,1,Up
Aging,ANXA2,24.433663781386503,-0.08718202182269152,0.6766689406126554,0.936590984040898,0,NS
Aging,CAPN1,22.831458009390463,0.1899901414397327,0.0369800790102265,0.3513049565984489,0,NS
Aging,TUBB,26.25250568315112,-0.08019519428835054,0.61875487088429,0.927575184014746,0,NS
Aging,CA3,30.95012109332983,0.6502044428421989,2.395533173884754e-4,1.3663148945689284e-4,1,Up
Aging,DCN,23.38877286758882,-0.1558198636703629,0.6856918814102625,0.8930456921959599,0,NS
Aging,PSAP,24.127643675336884,0.6904848261645036,4.5242964691572435e-4,1.832674225391682e-4,1,Up
Aging,PFN1,25.498753709424843,0.02744557124833946,0.8615164021102142,0.9919807124199752,0,NS
Aging,BPGM,21.33904590988369,-0.05000123254649225,0.8820939193650728,0.9875872806358466,0,NS
Aging,APRT,21.939208959644407,-0.04274984386586666,0.8194644506135382,0.9833510302293824,0,NS
Aging,EPRS1,21.48131557521121,0.00196633387697886,0.9902088466299644,0.9999495536174168,0,NS
Aging,CTSB,20.18901648084543,0.4803217855918831,0.00832549038323092,0.02440667542728345,1,Up
Aging,HSP90AA1,25.922651317380343,0.03355047537699818,0.8447487385962563,0.9886585790892952,0,NS
Aging,UQCRH,25.056337325685295,-0.00958051256340652,0.9670764593237392,0.9992610839342944,0,NS
Aging,TPM2,27.39131941112277,-1.075911338059953,0.0357231590571629,0.00254068447007178,-1,Down
Aging,FH,25.288960190312956,0.21749541976500808,0.03791682083869072,0.3038665750982191,0,NS
Aging,COL1A2,19.590194971216377,-0.7803649873064771,0.34990113558022995,0.2193124770810274,0,NS
Aging,ANXA6,26.661350398922387,0.02468600662312781,0.8635876897066881,0.9929181691813976,0,NS
Aging,PFKM,27.620318224355128,-0.20166458805611143,0.3226919329170133,0.6588307331217007,0,NS
Aging,HSP90AB1,24.767030193515787,-0.00887605747940512,0.9652921441704264,0.9992940690185608,0,NS
Aging,SOD3,18.48061564688999,0.32576386140174307,0.4886306725606249,0.6400622671279762,0,NS
Aging,CTSG,17.977382625924722,-0.04855567229819613,0.9830081184787076,0.9981899553956038,0,NS
Aging,PDHA1,25.583241906359323,-0.09579970026423368,0.44006644261792166,0.8613311141540764,0,NS
Aging,COL4A2,21.369516721299014,-0.2604736911554255,0.6741026871201901,0.8204055593637325,0,NS
Aging,CYC1,26.881585540803147,0.12538844907696856,0.47103693332213087,0.8349226035997669,0,NS
Aging,MYL3,28.0697801886455,-0.3960176069003687,0.5263349730863413,0.6100326231835743,0,NS
Aging,SNRNP70,14.61721643349383,NA,NA,NA,0,NS
Aging,NFIC,18.432867732406145,0.09926084319936024,0.7587615749032404,0.9467969827679388,0,NS
Aging,VIM,24.87989431630527,-0.7762735611224691,0.01230631499025789,0.00387619504357364,-1,Down
Aging,SERPINF2,18.27468209291369,-0.12237100077991414,0.7503512094637813,0.9325316292978844,0,NS
Aging,RPS17,20.810447159447573,-0.30363327036329224,0.15309117553061957,0.3658977625633123,0,NS
Aging,KRT19,25.17198415484452,-0.3960699710052822,0.4886306725606249,0.580926982803974,0,NS
Aging,ANXA5,23.860265674880345,-0.09816795428782754,0.644475085501251,0.9192435820071274,0,NS
Aging,RPSA,22.218561343284584,-0.12334637973891915,0.49251931789364745,0.8458539770059033,0,NS
Aging,SNRPA,18.318834740819916,0.11444039353641244,0.6394781967692211,0.9054001992617604,0,NS
Aging,ENO2,30.08763714700968,-0.4861076394622472,0.01222167904389481,0.03044819882666985,-1,Down
Aging,ACAA1,20.035086474667008,0.2275453855996865,0.2450311056326547,0.561250338231351,0,NS
Aging,GSTP1,25.353482398020265,0.1645546838657772,0.29409981732452767,0.691580229919596,0,NS
Aging,LGALS1,26.534413075461643,0.36111160032528034,0.19613790965287065,0.35070400562339815,0,NS
Aging,QDPR,23.902434141901292,-0.05065697747784625,0.8070487938221268,0.9785088344845628,0,NS
Aging,HMGB1,21.42812588067763,0.4161063571911328,0.00327163211116874,0.02130100135072116,1,Up
Aging,RBP1,19.608485233123808,NA,NA,NA,0,NS
Aging,FBP1,25.845942409657308,0.16510505981686308,0.7203138190798429,0.8998648621225233,0,NS
Aging,GSTM1,22.339673882035164,-1.0480871712466815,0.30313770081412716,0.10162553609240704,0,NS
Aging,TPM1,28.46386423145315,-1.2860653216220967,0.01230631499025789,9.995981464673448e-5,-1,Down
Aging,CLTB,18.982645910744697,0.02418348068858122,0.9016852729354472,0.9949531067043712,0,NS
Aging,ANXA4,19.886436609148223,0.38448216629898013,0.04045532000658703,0.1286667365122247,0,NS
Aging,HMOX1,16.90195491471642,-0.9460623759371636,0.01985041370793166,0.00234620340310965,-1,Down
Aging,DLD,25.65460171631506,0.08258879949998388,0.572467160698661,0.9146948844538636,0,NS
Aging,HNRNPA1,18.469491676725863,-0.18292550784574857,0.5601701783879347,0.8146353052231297,0,NS
Aging,COX6C,26.53957291437063,-0.06938469297753613,0.8344984169044155,0.9752077025508532,0,NS
Aging,PARP1,19.463111762198288,0.03654836943196216,0.8609269133419032,0.9892228426770412,0,NS
Aging,IFIT2,25.723296269875146,0.07011491294775496,0.8022246182123536,0.9696480019700944,0,NS
Aging,UCHL1,22.296710928397403,-0.7715708853347607,0.04008972185520352,0.01606290652586081,-1,Down
Aging,LTA4H,23.562967866481532,-0.01288510400306819,0.9466049342318128,0.9984734312461494,0,NS
Aging,ALDOC,26.3742951146504,-0.27428394697157543,0.7728949127192906,0.8690330956407282,0,NS
Aging,LIMS3,17.084431445067697,-0.48093629047568953,0.09568997138171197,0.14579219791291595,0,NS
Aging,HSPA1A,26.57516132337584,-0.11024222580488184,0.5210572881306458,0.8703243859015533,0,NS
Aging,CALM1,27.14050525732191,-0.20064714523299543,0.2122007204422596,0.5730589952760459,0,NS
Aging,FDX1,17.430279274878902,0.16664877402810063,0.7552182327826502,0.9107458645175686,0,NS
Aging,COX8A,21.456517430881096,0.29987182194179596,0.4423663657375542,0.628255765616304,0,NS
Aging,GAA,18.148986535839747,0.5117406296583056,0.04122040882185981,0.06658259272994016,0,NS
Aging,RRAS,21.47399492613833,0.11628370704190873,0.5700941034672466,0.8812692291320906,0,NS
Aging,ARAF,15.269332212000982,0.1932166456048403,0.7333356785986894,0.888589734505902,0,NS
Aging,DLAT,24.937521731356657,-0.02007676160246774,0.8963623331638939,0.9954882387609708,0,NS
Aging,TXN,25.50720102401325,-0.05533769639742658,0.7772514265645585,0.9728060310011136,0,NS
Aging,COX5B,26.88782107438663,-0.24110808321846733,0.2796276145148542,0.5716249053129531,0,NS
Aging,MAPT,22.99234308119329,-0.32623645245740107,0.04122040882185981,0.17798191874713226,0,NS
Aging,PRKAR1A,24.17016290013299,0.0995681530071728,0.4746439084018618,0.8675891631357987,0,NS
Aging,ESD,24.82065536726824,-0.2001509191649653,0.437778318740808,0.7306266813030577,0,NS
Aging,HSPD1,24.462633839156528,0.1769305685900271,0.16489377790991158,0.5681024360942664,0,NS
Aging,THRB,22.834733521556476,-1.6850423940594863,0.00510860837806802,5.572563298657478e-7,-1,Down
Aging,CLU,19.623256235355512,0.6280191667989534,0.0459221813668029,0.03953810286539237,1,Up
Aging,MYL2,28.292797306054563,-0.07036635712665884,0.9174267950863064,0.9877154596583508,0,NS
Aging,HSPA5,23.862290967503217,-0.05703470771818075,0.6916699669459683,0.960576496423034,0,NS
Aging,LAMC1,20.053718187684925,-0.3807209471323283,0.4213984661214035,0.5391406854115687,0,NS
Aging,MYH3,25.51836865300102,-1.417868592079948,0.06891649375738947,0.00163806240368297,-1,Down
Aging,HSPA8,26.87253093032458,-0.1202615925796664,0.2727925357493696,0.7527712621819211,0,NS
Aging,EPB41,18.351693726332304,0.09742005246690866,0.8534674466902405,0.969555348615012,0,NS
Aging,PDHB,25.47961312000195,-0.00290358545712976,0.9858015561220032,0.9999097515012296,0,NS
Aging,DBT,20.29655400146033,0.4102054044453425,0.11504463407026348,0.2143621656906624,0,NS
Aging,PYGB,29.108400044106844,0.07691478514130168,0.6742118578839488,0.943342106959784,0,NS
Aging,PYGM,29.263837832172204,-0.07296496605529867,0.6905190178199309,0.9492673334914616,0,NS
Aging,RALA,20.462398203664023,0.11397031147630798,0.5410007834845572,0.8731839692350506,0,NS
Aging,SPTB,21.615545889033186,-0.21968436264128857,0.3820833964893744,0.6743928769031927,0,NS
Aging,LAMP1,18.79165603050338,0.13141730760195003,0.513574394517748,0.843452522016761,0,NS
Aging,ACADM,24.402218232824517,0.6050825235775825,0.00167196624462016,0.00184132718156769,1,Up
Aging,UBL4A,16.306146934052627,-0.20918055961663384,0.5130631906664135,0.7623196799495989,0,NS
Aging,DMD,23.153058020638877,-0.09351756294961078,0.5679014641758792,0.9027461294245576,0,NS
Aging,MTHFD1,22.53268957350119,0.04470300572146968,0.725969806558212,0.972319484091749,0,NS
Aging,ADH5,23.860997072763706,0.02654223672051259,0.8995994757433766,0.9943664539261527,0,NS
Aging,PABPC1,20.131746995829378,-0.03166153278178285,0.827149934388301,0.9881360327627984,0,NS
Aging,HARS1,18.728491483041005,0.20228742043132183,0.11797050978726242,0.4714017576007987,0,NS
Aging,COL6A1,20.443035969754977,-0.19662394348698345,0.7503512094637813,0.8936915597955571,0,NS
Aging,COL6A2,19.314746779566576,-0.2883395038282046,0.6499359002235106,0.7857567024416958,0,NS
Aging,COL6A3,20.766972616647433,-0.2017978245967207,0.7333356785986894,0.8838016278560977,0,NS
Aging,SLC25A4,27.067343955714698,0.10006883547319843,0.6911838267920397,0.9315363717031429,0,NS
Aging,SLC25A6,26.894469698957433,0.08193722994070285,0.8437638997764035,0.9723000876572668,0,NS
Aging,IMPDH2,22.18047902492947,-0.14896061399305793,0.33022941793285154,0.7391308009641061,0,NS
Aging,CKB,31.116680047345792,0.3436371409118486,0.00811456865713331,0.06736808961947378,0,NS
Aging,ANXA3,19.036845934129623,0.20844210532420604,0.5143296416789871,0.7637265706035142,0,NS
Aging,BCKDHA,18.06876108884397,-0.03514646655052544,0.9283226744671128,0.9944931182415586,0,NS
Aging,ACTN1,24.125583727005225,-2.070159193095801,0.01220162112060868,3.3808826221393133e-7,-1,Down
Aging,MYH1,28.77485375905534,-0.9636179439694672,0.10856942697253824,0.02475443725189827,-1,Down
Aging,MYH7,29.25453863457152,-0.5498644847818959,0.33076742035665746,0.3288007125519047,0,NS
Aging,PEPD,18.962191705323693,-0.01790278261624678,0.944279466541429,0.997742788843004,0,NS
Aging,XRCC6,19.650918916114012,0.2770748890503114,0.04475342573156193,0.23801305416109556,0,NS
Aging,XRCC5,19.706482329794444,-0.05276420033459317,0.7503512094637813,0.9703264420743756,0,NS
Aging,COX4I1,27.13596586642058,0.0484565165925126,0.8526154448561737,0.9844550680986568,0,NS
Aging,IFITM1,15.934303796139636,0.2349869009968284,0.3955262271502989,0.6649393808430164,0,NS
Aging,LAMP2,22.643768874453595,0.4477499862987244,0.09385355618649732,0.16265333060903037,0,NS
Aging,RNH1,24.144687495726963,0.00980492150932477,0.9600956205375124,0.999128496534918,0,NS
Aging,MYH8,19.91368877909568,-0.5645878003302869,0.3583485414095273,0.3412505467442412,0,NS
Aging,VCAN,21.63900196645317,-0.09167527570294708,0.655091889226141,0.9278752882599928,0,NS
Aging,EEF2,24.782165388321797,-0.17380044952273366,0.06198048841069225,0.44199710907285195,0,NS
Aging,KRT10,25.5470388341646,-0.20980995787326864,0.7177716332854738,0.8729275238371311,0,NS
Aging,KRT5,20.968072611917428,-0.12471940089499968,0.8587191364428848,0.9623633428623276,0,NS
Aging,PDIA4,21.362390271477334,0.413579146881883,0.17553820611075946,0.2803422075607267,0,NS
Aging,TPT1,24.13371294431874,0.01188403105514623,0.9678933096483202,0.999152060255496,0,NS
Aging,ALAD,22.86364919475073,0.30509888748204617,0.20267401486357065,0.4182489347644606,0,NS
Aging,LCP1,18.541455891027955,-0.13250622024471426,0.5519213338853338,0.8594748596448832,0,NS
Aging,PLS3,19.484955381446607,0.17774152373348073,0.552150012520363,0.8166094582840987,0,NS
Aging,APEH,24.280278203232633,0.05606620965101427,0.6788173656579666,0.9590638020188909,0,NS
Aging,ETFA,24.80930848687998,0.4735317385447466,0.00644269468847542,0.02068018721137923,1,Up
Aging,TNNT1,26.112030244384137,-0.6034885752179129,0.30189939128999294,0.26657356798293286,0,NS
Aging,GYS1,24.49244787113467,-0.2402308009733929,0.16676678728999533,0.4666045280853864,0,NS
Aging,PRKAR2A,23.579540288114075,0.0384233767709361,0.7887968314193509,0.9820761846095027,0,NS
Aging,ENO3,30.133537729112696,-0.24545741205525573,0.0685384805503481,0.3287334317094525,0,NS
Aging,CD59,24.440634889171896,0.02009925822690661,0.9164325527329256,0.9964161282951116,0,NS
Aging,MIF,25.28538949439101,0.00779830852608398,0.979572315076478,0.99963625758422,0,NS
Aging,CD99,18.41572801281717,-0.19263131607230477,0.5418553951723518,0.7955701693427226,0,NS
Aging,PRKCSH,20.28506361299437,0.0075873393504402,0.9689867739042048,0.9995079689611532,0,NS
Aging,FDPS,20.30221847364775,0.03677419603464926,0.7679041867526828,0.980922180510702,0,NS
Aging,COX7A2,22.585223874944493,-0.148562714214183,0.5806749349486263,0.8562323548433673,0,NS
Aging,NID1,18.360147284873264,-0.4171036452409318,0.38858504022760726,0.478838464751583,0,NS
Aging,AKR1A1,26.74022176321,0.15305791917541356,0.39456794556293184,0.7654842212106104,0,NS
Aging,PKM,29.18068712388038,-0.0309116430795413,0.8605687765433043,0.9907731976795212,0,NS
Aging,ACYP2,25.23684068657341,-0.08575712485446019,0.6209640717685859,0.9233893786172576,0,NS
Aging,HSP90B1,24.46429596333309,-0.06730406866076422,0.6750390031626342,0.9504435543112828,0,NS
Aging,MYL6B,23.363614261441093,0.32236323898252195,0.6851298973765295,0.7905285629743147,0,NS
Aging,SLC2A4,17.571062734542295,0.14467916499522815,0.7596473277175875,0.9238258212705036,0,NS
Aging,IDE,18.386886188485892,-0.14157884587350367,0.46379599392815063,0.8120804688339689,0,NS
Aging,COX6B1,25.339333269731902,0.153067510954763,0.5381715888658147,0.8316624351936326,0,NS
Aging,HNRNPL,17.416509016198788,-8.843806110512276e-4,0.9979482727940456,0.999994902964859,0,NS
Aging,DARS1,20.94285767603591,0.04391125067588319,0.8392241118995359,0.9847273001788988,0,NS
Aging,JUP,19.5978716675808,-0.37830476632152,0.437778318740808,0.5526897369155072,0,NS
Aging,UQCRB,25.91554707766521,-0.059460989291629567,0.7333356785986894,0.9643353801423326,0,NS
Aging,CPA3,19.85733816245482,0.25829849021052453,0.5611389039967383,0.7491542363301991,0,NS
Aging,FABP4,27.098265394076524,0.33813763954370657,0.04507444898862714,0.17426490595734714,0,NS
Aging,GLUL,15.520172015886237,0.5648144831920998,0.2194246471996543,0.21570280783218415,0,NS
Aging,AKR1B1,27.0627994856198,0.1186087488883878,0.4461408104107669,0.8331960428106341,0,NS
Aging,GSPT1,18.369871804131872,-0.10285995643994994,0.5271252815699458,0.8799111593095341,0,NS
Aging,PGAM2,29.083315711463253,0.07705547687828584,0.6862336957846302,0.945851032062262,0,NS
Aging,EZR,20.673291390255187,-0.5493873525792168,0.08914100199077901,0.10290479813777438,0,NS
Aging,UCHL3,21.846601338782072,-0.3778299754873373,0.00916188943453432,0.05700739454470481,0,NS
Aging,NME1,21.696092639553367,0.14661188721247242,0.3287855404124832,0.7417944702494725,0,NS
Aging,RPS2,21.619996956590853,-0.3005606757941628,0.13126394999604368,0.34328545053336457,0,NS
Aging,RPA2,18.02071228344516,0.5033047806895219,0.2105981669959971,0.24589219644018517,0,NS
Aging,COX7C,25.990855622649196,-0.12672899766090495,0.6842250393476962,0.9114686353431976,0,NS
Aging,NQO2,22.414795765632785,-0.16068748887672157,0.8281471331351093,0.9416686381907096,0,NS
Aging,PFKFB1,22.548585636515675,-0.10122898959179594,0.816459861985266,0.9599846684738108,0,NS
Aging,CBR1,22.86672927105032,-0.27748903325775487,0.11197918606069798,0.3494816532444064,0,NS
Aging,ANK1,19.321056196168417,0.23882554977527093,0.6367338916042277,0.8108986043740827,0,NS
Aging,ACADS,24.529858804861934,0.493401711225033,0.06975186463040144,0.10810548387692263,0,NS
Aging,PPP3CB,21.772693018046706,0.0313805071497093,0.8882857015720607,0.992534808648333,0,NS
Aging,ATP2A2,28.493920684558347,0.23494931412487577,0.1528087349008333,0.45848966506441574,0,NS
Aging,CD36,23.581702958073997,0.2201729758304047,0.4928334152051132,0.7422456149496096,0,NS
Aging,FAH,21.33851811862295,0.3671604496059899,0.02061668107752627,0.09711758131030827,0,NS
Aging,YBX3,22.59478110160568,-0.4094556570333445,0.01428114010576779,0.05937219076623052,0,NS
Aging,TMEM11,23.02000137797014,0.22457714188767852,0.1481719688440875,0.4695650988995643,0,NS
Aging,GOT1,26.990674289766137,0.12266503662762318,0.3955262271502989,0.8082018429878768,0,NS
Aging,CKMT2,27.75448024106721,0.3338869846514889,0.13126394999604368,0.3062392300835272,0,NS
Aging,NDUFB7,22.53257329558948,0.12519380562827465,0.6742118578839488,0.9094851949886325,0,NS
Aging,PRKACA,23.627070571311975,0.08161749255075534,0.5129091170887913,0.8993704054783906,0,NS
Aging,CAPN2,22.858083518918413,0.0414741309740414,0.8299847489258697,0.9847910805362828,0,NS
Aging,DES,24.458833535777295,-1.53233978124031,9.461132756878936e-4,3.0833258166010145e-8,-1,Down
Aging,PFKL,26.026778536747734,-0.26784660727179954,0.30607569334444434,0.5609644739526716,0,NS
Aging,LGALS3,20.266818989764385,0.15376982205014045,0.5806749349486263,0.8511515133021056,0,NS
Aging,FLT1,20.97830612884773,-1.0202323788536098,0.1798723108110177,0.0452056040235299,-1,Down
Aging,PSMC3,22.135064177900187,-0.15598774773394553,0.10004909196977756,0.5400753097989526,0,NS
Aging,TCP1,21.44767016818789,-0.04212944568061871,0.7865501806003321,0.980194002616994,0,NS
Aging,RPL35A,20.058830027490437,-0.6944642130070804,0.07024905914315029,0.04418734169200798,-1,Down
Aging,ARF4,17.163783146955723,-0.02733252833916921,0.9507148868485402,0.9969621225931872,0,NS
Aging,RPL7,22.21897020244778,-0.16365371748467794,0.6474634613112487,0.8709272244490278,0,NS
Aging,VCL,24.10671752802788,0.02377165205855291,0.8463801058848562,0.9920644296898556,0,NS
Aging,RPL17,20.8642762013193,-0.4766915557207838,0.02095650549502213,0.0495948964289889,-1,Down
Aging,PGAM1,28.99983718393705,0.09327469941452549,0.5611389039967383,0.9012082828528178,0,NS
Aging,ATP5PF,25.07775713350797,-0.03387650900098293,0.8809737255406015,0.991492479859835,0,NS
Aging,TSPAN8,18.04313339643797,0.01435620984805652,0.969231405527294,0.9990939790266368,0,NS
Aging,TNNI1,26.044553215454656,-0.3705078458712841,0.5351915268911971,0.6377439307189997,0,NS
Aging,NCL,21.850603153112193,0.47828577498865954,0.01004376780179891,0.02859714343885331,1,Up
Aging,HK1,24.20319401065262,0.04656716077249356,0.7707676314220379,0.9761706527983284,0,NS
Aging,NDUFV2,25.413232555429797,-0.0965367261609309,0.6984881052759826,0.9357986372625008,0,NS
Aging,SRM,20.36428757748818,0.7715845276876223,0.27191630197267186,0.1608042955936523,0,NS
Aging,TYMP,16.15634961919419,-0.4968300483717023,0.01760514735655199,0.03804083292003619,-1,Down
Aging,ATP2B1,15.802648334460075,0.25206477923429027,0.720005268471765,0.850568357547912,0,NS
Aging,EIF2S2,18.754516981890724,-0.09652683620419822,0.5944451937630056,0.9078823456337888,0,NS
Aging,ANXA7,27.19529136877724,0.14643583114931147,0.18808709676044377,0.6483690892724071,0,NS
Aging,TPSB2,21.22471783263944,0.81965071442702,0.01004376780179891,0.00226065233813246,1,Up
Aging,BTF3,20.12839503788418,-0.2718783945636396,0.24379292454566992,0.5003766473498134,0,NS
Aging,RAB6A,19.156348530575983,0.4250715043983533,0.04085386894266409,0.1044785942825284,0,NS
Aging,PVALB,22.536822357803604,-1.3308114301052711,0.18484915239349267,0.01869708782469064,-1,Down
Aging,PSMB1,22.993671680451783,-0.11669541182255828,0.25415217979831933,0.7487030909097515,0,NS
Aging,COX5A,26.63783132660122,-0.00131808066447902,0.9972440679382396,0.9999907095240368,0,NS
Aging,CAPN3,21.82320029993031,-0.5178410828913975,0.01427927574690583,0.02792893134981478,-1,Down
Aging,CAST,21.587925160875844,-0.45653925270027074,0.00830367293487701,0.02917658918959625,-1,Down
Aging,NEB,24.648167262970777,-1.507445658973733,7.744720009071841e-4,2.5625015712491032e-8,-1,Down
Aging,PTMS,20.623239028412293,0.17266400553328864,0.5926821990384951,0.8399294824810057,0,NS
Aging,GSTM3,25.401333210352664,-0.2682715729857037,0.3140178731408692,0.5668333236460233,0,NS
Aging,ATP6V1B2,19.687362494397085,0.0736376479834675,0.6720453629860831,0.9451217852784666,0,NS
Aging,CSRP1,23.58645178370027,-0.5784828710404106,0.08157966207969468,0.08505825186761243,0,NS
Aging,FLNA,26.18561949833851,-0.5971549027347187,0.02095650549502213,0.02314854594201169,-1,Down
Aging,MAOA,22.37276180542368,0.7813445564698647,5.780239329299173e-4,8.068456540184815e-5,1,Up
Aging,ACO1,21.66530041070772,0.11406163082690668,0.492669547958996,0.8567915205869177,0,NS
Aging,GPD1,26.68265798900156,-0.14309482837198573,0.44712426894398455,0.8029836756508923,0,NS
Aging,VDAC1,27.47079951504452,0.2793459426019389,0.05392672592947808,0.25333128387192466,0,NS
Aging,BGN,19.557248156637876,0.26271914324938095,0.3635811210601312,0.6110321157550218,0,NS
Aging,RYR1,24.38239903920973,-0.13461631410406127,0.3755489583365196,0.7828990571180525,0,NS
Aging,SDHB,25.20212091950734,0.20418368170764012,0.18752957191038228,0.5459110306617191,0,NS
Aging,COMT,20.63440644769074,-0.11615929512404932,0.5341300385278606,0.8680084182740262,0,NS
Aging,TGM2,18.103104604262622,0.6304652650722957,0.05160254773749933,0.04337355041791113,1,Up
Aging,MMUT,17.91641953225591,0.2860351233496736,0.31731019378744496,0.5489072801267468,0,NS
Aging,OSBP,18.662448461028767,0.04446469874589454,0.7587618487548645,0.9758386969216584,0,NS
Aging,PCMT1,23.9258854951602,0.09922447220839814,0.5429799241428923,0.8892785903260432,0,NS
Aging,GART,19.51074228816498,0.01651169223641346,0.9260107992855012,0.9973339738329636,0,NS
Aging,PAICS,19.403620045253408,-0.1101196389660224,0.4023114637502881,0.828705410855275,0,NS
Aging,SCP2,17.91529871463645,-0.07357230784503344,0.7903711074757884,0.9662258240244692,0,NS
Aging,UBA1,23.793897278654505,0.11117400170285308,0.3304623190626891,0.7984162248645723,0,NS
Aging,GPX3,19.442618225533337,0.36600699560003846,0.13545046463229582,0.2782194714969269,0,NS
Aging,NME2,24.688558764618428,0.0177867804612184,0.9281853959374322,0.997197511976791,0,NS
Aging,FDXR,18.015630140519807,0.3186150947256401,0.6394781967692211,0.7579677695143718,0,NS
Aging,HNRNPA2B1,20.748645574295686,0.04048191152404001,0.8749928784648402,0.9894826970358316,0,NS
Aging,UQCRC2,27.27013835662287,0.05224492703821681,0.7639930501243067,0.9722705905264434,0,NS
Aging,FECH,21.811690768276343,0.26297514786156384,0.094546884540604,0.3452885094133224,0,NS
Aging,AMPD1,24.601844257613287,0.0012746650812474,0.9979482727940456,0.9999944754320976,0,NS
Aging,FBLN1,17.872294993757194,0.02552492882769286,0.953115927470493,0.9973680464064402,0,NS
Aging,SFPQ,17.077159079517994,-0.05474735464256497,0.8725848415990481,0.98529360591986,0,NS
Aging,PPIB,19.67897099651961,0.22812811161734103,0.34529412018055833,0.6381132015502825,0,NS
Aging,S100A1,25.980160938514953,-0.0993745750547248,0.7989017341974803,0.9564896073769992,0,NS
Aging,HRC,23.533823486791174,-0.30216844622212236,0.02444638083736099,0.15881383099038127,0,NS
Aging,ME2,20.34530209869442,-0.14706441671778236,0.5664151527912331,0.8509503685037554,0,NS
Aging,WARS1,22.456922408376727,0.08414817287702903,0.6200051476317787,0.92453451226671,0,NS
Aging,RPS3,24.62723445111114,-0.2876285625678072,0.12445955321385337,0.35041029683493463,0,NS
Aging,GCSH,20.606452035098663,0.14760461378049428,0.6499359002235106,0.8837997828562959,0,NS
Aging,AHCY,23.5515890304783,0.03736191034385072,0.8116176506551958,0.9844415311627044,0,NS
Aging,CFL1,26.28274606181248,0.2143800548329402,0.2687762042747706,0.5990852949877253,0,NS
Aging,EIF4B,19.868303252412204,0.08911481709184343,0.6128541534264604,0.9185723962297446,0,NS
Aging,ATP2B4,18.34676522405751,-0.1059997090835445,0.5739284465429527,0.8925652714378891,0,NS
Aging,CPT2,22.088512769224018,0.42713019449141143,0.01428114010576779,0.05257653956012646,0,NS
Aging,LAMA2,18.94784990243492,-0.41140096523138325,0.25219619954701805,0.35722248412491914,0,NS
Aging,GPT,23.017150104431217,0.3113389210458166,0.18388903686202024,0.393320448623056,0,NS
Aging,COX7A1,26.169176287414626,0.0661957127360715,0.8323033031769069,0.9760896929122554,0,NS
Aging,COX7B,20.259752461685352,0.0593805160230012,0.8866092077056832,0.9856974419858134,0,NS
Aging,EEF1B2,22.95303018007492,-0.07934939541468822,0.6742118578839488,0.9416434069303607,0,NS
Aging,ATP5PB,25.625219901045615,0.05623117847650505,0.7440012016600854,0.9675691238854592,0,NS
Aging,ACP1,22.549921257006694,-0.18989385351992283,0.24032044787443685,0.6139571071939744,0,NS
Aging,ACAT1,26.222053129919537,0.4399128216368453,0.0017083558029597,0.01060676273651771,1,Up
Aging,MYL9,18.39955947327527,-0.4410238324931903,0.6674716065922334,0.70843226718991,0,NS
Aging,AZGP1,20.351895609479257,0.3027448869557894,0.16108882164966792,0.3764609742972132,0,NS
Aging,MPST,22.10042928023048,0.433731740226019,0.00575889284088207,0.02669441791729886,1,Up
Aging,RPS12,22.117562265943064,-0.23083478965208215,0.23755913172041657,0.5502905874965877,0,NS
Aging,DNAJB2,17.700238846094944,0.07790918098178423,0.7733095568226067,0.961023654009494,0,NS
Aging,ATP5F1A,28.059633821042382,0.12913003447832594,0.4043524671358783,0.8034093097095705,0,NS
Aging,PSMA1,23.130195642505235,-0.14501888098469706,0.13493849196268962,0.6016575047701469,0,NS
Aging,PSMA2,22.042510858625224,-0.1857152925287409,0.25713808391149645,0.633887116114358,0,NS
Aging,PSMA3,23.562179887268304,-0.15619495605735878,0.16676678728999533,0.6093639280200505,0,NS
Aging,PSMA4,22.98213506285924,-0.06938369017294832,0.6534073454446201,0.9442608108891368,0,NS
Aging,MSN,24.133186170775744,-0.27991067167910444,0.06198048841069225,0.26865803666090415,0,NS
Aging,DDX6,17.46387751073433,-0.04466508153355875,0.8459644351670825,0.9850922982556132,0,NS
Aging,U2AF2,17.559414081180435,-0.1183617591557926,0.6361687459148656,0.901148004468296,0,NS
Aging,RPL13,20.676174008946305,-0.2728106886215045,0.409708916038478,0.6343833753631986,0,NS
Aging,IVD,20.223718454269797,0.4041453581544516,0.03550500475988791,0.10552931207770336,0,NS
Aging,S100A4,23.615187357594692,0.09429143472238977,0.8476485259516064,0.9692277684932624,0,NS
Aging,HMGB2,20.74418917379267,0.7525475618568294,2.395533173884754e-4,3.2716345234960916e-5,1,Up
Aging,TARS1,16.62552179025922,-0.0662216925547483,0.8075290341577473,0.972226433847754,0,NS
Aging,VARS1,21.902152745384257,0.1895992711952488,0.29409981732452767,0.6537339310970282,0,NS
Aging,EEF1G,24.11202720116643,-0.3189655082072562,0.0023953789530654,0.04483173334996671,-1,Down
Aging,PLN,24.973349495158736,0.5209636021719142,0.09520017596659616,0.12257819311207822,0,NS
Aging,FKBP2,19.58890361537589,-0.09283216096396174,0.816459861985266,0.963038838940738,0,NS
Aging,STOM,19.422787429766757,0.2456177934078987,0.39456794556293184,0.6516182841577014,0,NS
Aging,MAOB,22.99654617617115,0.5542596359396583,0.00167196624462016,0.00312326414198528,1,Up
Aging,YWHAQ,21.714955039601723,0.2574650848769089,0.01966965075753336,0.1914521802327854,0,NS
Aging,MAPK3,17.41441888956587,-0.13734483048009594,0.5908117050188474,0.8696926194996196,0,NS
Aging,RPL10,21.335541313472863,-0.5212384618032573,0.03840488970939914,0.05851316995840392,0,NS
Aging,RPA1,17.43069750747518,0.23063967722502457,0.2752587699175299,0.5827510872637096,0,NS
Aging,APEX1,20.435385071709604,0.21905251705866743,0.17117692748729207,0.5050647685647438,0,NS
Aging,CALR,21.72740815609783,0.1457922529543012,0.11094532315800962,0.5742358242423485,0,NS
Aging,MAP4,23.065001866301483,-0.22706661337715772,0.27337321082287575,0.5861854732307519,0,NS
Aging,CANX,22.602842163852717,0.08671973083785645,0.5434832161338956,0.9027036407586768,0,NS
Aging,PSMA5,23.918798208357774,-0.00647869527439226,0.9670764593237392,0.9995178373012674,0,NS
Aging,PSMB4,22.30040379252599,-0.03512660608224394,0.8392241118995359,0.987744995927068,0,NS
Aging,PSMB6,22.84041976853387,0.01207853147220916,0.953334759547234,0.9987685685895814,0,NS
Aging,PSMB5,22.736932568547523,0.08926746940616326,0.6553647876713825,0.9300090516726952,0,NS
Aging,GSTM2,25.761250309629258,-0.09865471793888858,0.6851298973765295,0.9306868714068698,0,NS
Aging,TMOD1,21.150702298390826,-0.544754075741352,0.23755913172041657,0.2442739070702527,0,NS
Aging,NDUFS1,24.85867572397787,0.00246673907282968,0.9942664941598924,0.9999633623115922,0,NS
Aging,MAPK1,20.103150311581977,-0.1463790122715345,0.27327870472345583,0.7085236941130352,0,NS
Aging,RBL1,21.39327515915281,-0.4661891781747265,0.08153852247397435,0.13703079958662653,0,NS
Aging,LAP3,21.57400206550639,0.10266156947578864,0.4412138290033164,0.8525722596190503,0,NS
Aging,CD38,19.84770127309734,-0.1605878974321442,0.6228730200541239,0.8629302748259488,0,NS
Aging,TPP2,20.734209691112166,0.16318782779093155,0.27861736721972075,0.6839505941676034,0,NS
Aging,IMPA1,22.581856809874207,-0.07909747050354099,0.5341300385278606,0.9080258043224853,0,NS
Aging,EPHA2,24.663397030951923,0.15542328010257833,0.7639930501243067,0.920136332895392,0,NS
Aging,COL4A5,20.497645371854382,-0.2543408100013096,0.7830815659342589,0.8840643026799719,0,NS
Aging,TKT,16.894553884135394,0.2078973697781734,0.5267371965364153,0.771728337412405,0,NS
Aging,EEF1D,23.556551630575424,-0.10202422086708653,0.42323934209524094,0.8480674345775617,0,NS
Aging,MARCKS,19.635329611279214,0.325136785517671,0.16723974235254743,0.3571610717238653,0,NS
Aging,GNA11,18.014821199271296,-0.2674574539667631,0.4602533156950125,0.6722273125061909,0,NS
Aging,ALDH4A1,23.694425611704432,0.4207698832575524,0.00644269468847542,0.03167093172807535,1,Up
Aging,ERP29,19.484021102969784,0.08300186583036862,0.6727508501515438,0.9384977857755584,0,NS
Aging,PRDX6,27.464707033390074,0.38195984072779865,0.00930627060067667,0.05576201296437299,0,NS
Aging,BLVRB,25.709060842647112,0.18166457666169575,0.32424149757849424,0.6875934070551529,0,NS
Aging,PRDX5,25.01277238276153,0.05021033435878053,0.7722503137896778,0.9745296499600902,0,NS
Aging,DDT,22.565435874432424,-0.4002938341650335,0.18583424303613635,0.30317884080880925,0,NS
Aging,PRDX3,26.182186687301776,0.06459345661884797,0.6228730200541239,0.9422191402075492,0,NS
Aging,ATP5F1D,25.578736025134567,0.2044088078030768,0.3187942424880365,0.6523186895191893,0,NS
Aging,RPL12,20.875608066874825,-0.3024007066936498,0.45790873620027495,0.6365798652478665,0,NS
Aging,ECHS1,24.553619674524647,0.46968012454565766,0.00119033912444284,0.00592608832255535,1,Up
Aging,CMPK1,18.961183608887577,-0.2796706521811636,0.35540466088469846,0.5838570500808041,0,NS
Aging,PEBP1,27.258274402805757,0.19843196569450683,0.14710413007978784,0.5111956545693591,0,NS
Aging,PDIA3,21.116197416217265,-0.1170997107209324,0.3948649618836986,0.8154794313156584,0,NS
Aging,PPP2R1A,23.750680198696937,0.1368837830535412,0.13126394999604368,0.6146746766198745,0,NS
Aging,PPIF,22.200266155685348,0.3844872643882624,0.08024228413075658,0.19232395827400303,0,NS
Aging,NMT1,18.948683530146347,-0.05800130938648351,0.8557628651757418,0.9820406061969854,0,NS
Aging,ADSS2,22.051092411354897,-0.20165391376901456,0.45790873620027495,0.7398545469902372,0,NS
Aging,LRPAP1,18.002414716439283,0.6275557630069066,0.00830367293487701,0.00771755758475012,1,Up
Aging,TSPO,20.310069896033337,0.10246089343015186,0.665280755721493,0.9223350530510817,0,NS
Aging,ADSL,23.156729618149814,-0.28275389576455723,0.06071707463378215,0.26258993008307163,0,NS
Aging,CLIP1,20.737658898624687,-0.13462070322088593,0.4669554499138288,0.8222058316355104,0,NS
Aging,SRI,18.62802724658013,0.2086160580999348,0.3549568389040775,0.6688915653124705,0,NS
Aging,SERPINB1,21.828731140813083,0.18670729931177377,0.45336333406955936,0.7540904453794934,0,NS
Aging,ALDH1B1,22.28608899971653,-0.4719420566768058,0.3053482508325906,0.3596815636604188,0,NS
Aging,SDHA,24.888321099918777,0.26114976257020217,0.05501767143886046,0.27974918627296325,0,NS
Aging,GDI1,21.41531667609533,0.17745568292888336,0.09701182535250924,0.4928154121463728,0,NS
Aging,MAT2A,19.91670097472955,-0.02590760721212248,0.8534674466902405,0.991795207498924,0,NS
Aging,CASQ1,29.01527192528472,-0.22092964244186675,0.44712426894398455,0.7123544161783666,0,NS
Aging,DNAJA1,16.19349602659613,0.2909642463093203,0.4088210294647802,0.6145162533791058,0,NS
Aging,AKT2,17.430521070855207,-0.2714865497398691,0.4110180664973885,0.6384186930071621,0,NS
Aging,UQCRC1,26.69146938544805,0.1185453842031876,0.4494331680095852,0.8343939853313945,0,NS
Aging,HIBADH,24.46802683360512,0.20035882888751289,0.07024905914315029,0.4064426119232545,0,NS
Aging,ATIC,22.110314946878123,-0.26117377204445447,0.03544635154751583,0.233442025195621,0,NS
Aging,HNRNPH3,16.532339840941,0.02288602536466655,0.9520799006056424,0.9975801032419684,0,NS
Aging,HNRNPH1,19.837792729302937,0.02112969393495589,0.9215186706325318,0.9964654078617826,0,NS
Aging,YWHAB,25.914451639820104,0.08380313446928156,0.5075181563645955,0.8957567766914857,0,NS
Aging,STIP1,23.448774672306563,0.06582091505230281,0.5806749349486263,0.933459849742562,0,NS
Aging,S100A11,18.419026089046096,0.24305614408840623,0.4043548010407684,0.6625266260791632,0,NS
Aging,PRDX2,26.87576180416863,0.11438796276680918,0.38019746381195496,0.8137809438504805,0,NS
Aging,GBP2,17.745843716101355,-0.01895325505089928,0.9670764593237392,0.9985764493720142,0,NS
Aging,ACSL1,24.95935477306639,0.2095494249802208,0.15933758756535046,0.5067006836706187,0,NS
Aging,KIF5B,22.884983807103776,0.1421391659452098,0.40530502082335185,0.7864935064479057,0,NS
Aging,MCM5,24.44559486889627,0.3745365691791456,0.519313746616664,0.6216400170827875,0,NS
Aging,SHMT1,19.398405897693927,0.2477620241079137,0.5187622010348694,0.7289212278780569,0,NS
Aging,SHMT2,22.28359045235973,0.01678666394001382,0.9678933096483202,0.9988290631579292,0,NS
Aging,HSPA4,20.840795544293343,0.03040011346240234,0.8410564299332806,0.989484214871024,0,NS
Aging,MPI,22.571213953612,-0.09910945086905798,0.5210572881306458,0.8825446114785772,0,NS
Aging,GPC1,17.857321499896695,0.01222154289333943,0.9685549370989548,0.9991961159949784,0,NS
Aging,PFN2,23.876467160884168,-0.06431663299358448,0.7440012016600854,0.963006110377442,0,NS
Aging,CTNNA1,15.423402923184192,-0.18901371374682263,0.6911838267920397,0.8745806096540008,0,NS
Aging,SERPINB6,21.914989361757723,-0.2079069302306067,0.20651660299871863,0.5554551895075914,0,NS
Aging,RDX,22.07144826471093,0.276852110628095,0.01486599461419969,0.1506888017802909,0,NS
Aging,RPA3,18.053361184584936,-0.3649098378794555,0.13126394999604368,0.2740485265423377,0,NS
Aging,RPL22,22.237178924771214,-0.5654295895612549,0.00859857121038683,0.01313443495702631,-1,Down
Aging,SPR,20.984146460802428,0.24291617237928875,0.3135290765566873,0.5974907034172413,0,NS
Aging,THBS4,17.969085486607742,-0.2156975568859636,0.6499359002235106,0.8350663194559871,0,NS
Aging,FBN1,20.94589341748133,0.5859460507720371,0.16653222658723155,0.15498113601694033,0,NS
Aging,AGL,25.90262976113458,-0.19436625365085192,0.13939515644646874,0.5114339801359434,0,NS
Aging,MYH9,24.166584026122763,-0.10012556788456096,0.7503512094637813,0.944345505618896,0,NS
Aging,COPB2,16.00616738199445,-0.18293790263942356,0.49880707280981335,0.7831210446595211,0,NS
Aging,ACTN2,25.176147034185835,-1.9872095944977597,0.01310990160822052,8.453689430465427e-7,-1,Down
Aging,ADD1,17.122850919425677,0.5117006969712499,0.3103253926564793,0.33553006562217674,0,NS
Aging,BSG,23.12502665521275,0.03655484294686673,0.8437638997764035,0.987540169901049,0,NS
Aging,FUS,19.67314278774553,-0.06675568428648049,0.6548873831378872,0.9467749293406504,0,NS
Aging,DEK,19.715561757952585,-0.20307073766473135,0.4088210294647802,0.7115977891055513,0,NS
Aging,MYH11,19.47498428327199,0.03113689865809732,0.9678933096483202,0.9978401446366378,0,NS
Aging,GLRX,22.202676362263254,-0.24176501091162805,0.4626256430797369,0.699727541580007,0,NS
Aging,PPM1A,19.63783542191913,0.21297320076130433,0.06567378821076592,0.3759706859603069,0,NS
Aging,KRT2,23.402246896606545,-0.5092431534697006,0.3299024762975415,0.35518681531316276,0,NS
Aging,HMGCL,21.411784177071382,0.6641485994380645,4.5242964691572435e-4,2.436852277562063e-4,1,Up
Aging,PSMC2,22.56839308928701,-0.2149461810081448,0.01408248158560725,0.2250614445294085,0,NS
Aging,ARL3,17.329767699402993,0.2632341923739894,0.3021146076230401,0.562052259934872,0,NS
Aging,MAP2K2,18.21957833068923,0.13634468158983992,0.4169609147167257,0.8002570744794227,0,NS
Aging,ATP5F1C,26.2418637180896,0.22007481585065847,0.15457557101622588,0.48439922001455626,0,NS
Aging,ATP6V1E1,19.404688270576337,-0.3751069043199351,0.18710673181339793,0.3278734285880191,0,NS
Aging,RPL4,20.284902149846825,-0.24765253086354377,0.4947365284005506,0.7161440348543742,0,NS
Aging,LONP1,21.240626834607987,0.4713460956313327,0.00340050201975165,0.01343315190254204,1,Up
Aging,PGM1,27.573058603214132,0.07025769630088874,0.6740470247025562,0.9479479612778172,0,NS
Aging,PPP1CC,15.68622815034573,-0.11395801508418656,0.8615164021102142,0.9671379348476428,0,NS
Aging,SERPINF1,19.362149610430333,-0.07189972894564534,0.8229634804364254,0.9727455551127258,0,NS
Aging,DLST,24.87823470574655,0.08807398130963406,0.5806749349486263,0.9119322924391804,0,NS
Aging,GMPR,20.37830025036994,0.0826717336900451,0.7650220276000397,0.9570791600357218,0,NS
Aging,GPX4,21.711940427025077,-0.01457376893670314,0.9450165725668896,0.9982030941904328,0,NS
Aging,SRP14,19.03330263546189,0.04541762879397026,0.8587191364428848,0.986138486155687,0,NS
Aging,TAGLN2,19.956602242019677,0.2358765205798505,0.0943562390250078,0.3848584229001493,0,NS
Aging,TALDO1,22.124294290783286,0.22710567563256845,0.05835573003946403,0.33654524538428326,0,NS
Aging,SNCA,18.8466494377168,0.06994863659875605,0.9536237104646026,0.9930071120724756,0,NS
Aging,ETFB,24.16134781996964,0.5466300848199843,0.0049650093301235,0.00914816224165967,1,Up
Aging,ATP6V1A,20.33527233905299,0.09663353306439504,0.573350750757543,0.9013656497395486,0,NS
Aging,HSPA9,24.331560841357444,0.043543759002194093,0.7639930501243067,0.9770224411083244,0,NS
Aging,RPS19,21.489553448603115,-0.3589933785637065,0.02358920810691051,0.11031322905438232,0,NS
Aging,RPL3,18.09207508212997,-0.3610192674129742,0.4355236126411875,0.5661978367104504,0,NS
Aging,COL15A1,17.04171174136691,-0.6258924950085998,0.07632136438706322,0.06488451199930201,0,NS
Aging,COL18A1,15.925854788439286,0.18225776296519136,0.7366892665211278,0.8957239782477716,0,NS
Aging,DDOST,21.46278348736074,-0.3272224962326291,0.01811168547736691,0.1178091246923248,0,NS
Aging,ANP32A,21.614825016187417,-0.1309754185329126,0.4056871475630188,0.8018195542733625,0,NS
Aging,CAPG,15.451060375774103,-0.2543354625232812,0.6920142400567983,0.836192979949235,0,NS
Aging,CAP2,23.648172477350872,0.10619968431479164,0.6275444815425212,0.9082435934308528,0,NS
Aging,CCT6A,24.845375518097235,0.10120553683400502,0.5470388954795947,0.8888097732153669,0,NS
Aging,RPL13A,23.611792569262388,-0.3133834002212268,0.3983850069326778,0.5826893832955613,0,NS
Aging,ARL1,17.735214512709284,-0.4699657072684751,0.4921441711157721,0.527796262534784,0,NS
Aging,STAT3,17.924393822181322,0.09635173025214884,0.6562806134321818,0.9251488321539106,0,NS
Aging,MDH1,28.364448101825023,0.22899998858163428,0.06426182699404182,0.3455567845543391,0,NS
Aging,MDH2,27.709324885398384,0.17722534274209423,0.25388795815482523,0.6431962120568122,0,NS
Aging,HADHA,26.087060932010377,0.48754666513210054,4.5242964691572435e-4,0.00214992284426517,1,Up
Aging,EIF2S3,19.52069047598488,-0.3623839344179878,0.06012353346613182,0.17884041849660348,0,NS
Aging,NAA10,16.71707475112607,-0.17768884476930324,0.5470388954795947,0.8132577316991898,0,NS
Aging,PPP1R2,21.110431471042325,0.17996009535909252,0.326136316633626,0.6917648115083265,0,NS
Aging,GARS1,19.55395998173687,0.3790584162766635,0.05359769959543956,0.15461497871321028,0,NS
Aging,IARS1,17.215902435335074,-0.4467899720416497,0.05160254773749933,0.1083586251410932,0,NS
Aging,EIF1,20.796668261935245,0.07782208335619956,0.7639930501243067,0.9590403074052516,0,NS
Aging,ECI1,24.554512410272174,0.3545209508280607,0.00589572197162149,0.05238328462738649,0,NS
Aging,TMPO,15.597577853844362,0.5718419951633891,0.1021173482042821,0.1059034248501817,0,NS
Aging,AKR1C3,21.332970974409864,0.1967397324857032,0.5944451937630056,0.8213684302291319,0,NS
Aging,RPS27,21.40364251265125,-0.33359160655984255,0.02753998094043443,0.1374015913109961,0,NS
Aging,LRPPRC,22.697582743741368,-0.00703906653004793,0.974500088525469,0.9996007107353864,0,NS
Aging,ACAA2,24.41683109699437,0.3798447859162089,0.01785587039076446,0.08280798704437509,0,NS
Aging,RPL35,20.799479609517512,-0.5767398655005778,0.03908997059661644,0.0442444653523449,-1,Down
Aging,SLC1A4,18.331861191234236,-0.17038087766579935,0.6462052176704017,0.864945469173601,0,NS
Aging,PAFAH1B1,21.352097535256544,-0.06361375862303831,0.8073864793151051,0.973160530546954,0,NS
Aging,CRAT,25.446689067905503,0.4522742118593399,0.00221603655808637,0.01172001955387688,1,Up
Aging,GPD2,22.128629384679165,0.1152639642518274,0.6228730200541239,0.8994584344438575,0,NS
Aging,NAMPT,21.11593659241853,-0.3606957711468119,0.25415217979831933,0.40961789000000526,0,NS
Aging,PSMC4,21.036145430062767,-0.2427043046675159,0.03908997059661644,0.26955933472349897,0,NS
Aging,TSFM,17.70158328199881,0.07834446702363707,0.7989017341974803,0.9652927320261058,0,NS
Aging,TNNT3,27.236891030370433,-1.1182638063247587,0.02134636179002722,8.991799982091797e-4,-1,Down
Aging,ASPA,18.809545213860343,0.08948101673459519,0.7661746613020056,0.9538084298174636,0,NS
Aging,PPIC,16.59003147732512,-0.03277247382873227,0.9450165725668896,0.9959434375670634,0,NS
Aging,VDAC2,25.65822567537295,0.10535907241053266,0.5470388954795947,0.8847130951099799,0,NS
Aging,ACADSB,22.19603649975125,0.4312891249122579,0.08443604005206014,0.16314204873819887,0,NS
Aging,USP5,21.249105170061924,-0.07086703947898698,0.6228730200541239,0.9370462630711796,0,NS
Aging,MAP2K4,17.98833638760434,-0.32780369674405563,0.02793583031504623,0.1435102174797583,0,NS
Aging,PHKA2,22.09009364924592,-0.4369770828527528,0.02066289930988188,0.06285305286593401,0,NS
Aging,PHKA1,23.02670210281667,-0.21365496868414624,0.21013956269076425,0.5502510211195618,0,NS
Aging,CRKL,20.832586311000703,-0.04243808802576865,0.8067788345414797,0.9818887558266428,0,NS
Aging,MTIF2,20.611254726961025,0.1357045835910462,0.5926821990384951,0.8718778009612762,0,NS
Aging,BAG6,16.083529994071657,-0.05829559126762973,0.8615164021102142,0.9830511043276376,0,NS
Aging,NSF,20.358167204786703,-0.03464114212883729,0.906362194198982,0.993192075226751,0,NS
Aging,MAP2K3,21.069498730921207,0.01196784039743548,0.951469390619852,0.9986873844889828,0,NS
Aging,RPL27A,21.30984007402839,-0.6982301767351551,0.01637859933597157,0.00933532401850843,-1,Down
Aging,RPL5,20.653330881164905,-0.4188568957321443,0.16854247101044617,0.267360678402828,0,NS
Aging,RPL28,19.866879744653467,-0.43922244571043834,0.0867148023265166,0.160211405997736,0,NS
Aging,RPS9,22.02257483461438,-0.11342085026955928,0.6553647876713825,0.9120412170087,0,NS
Aging,RPS5,21.477751363839864,-0.33869879744559483,0.05401101839004918,0.1895541419207172,0,NS
Aging,RPS10,21.763945756260544,-0.7644880729719823,0.00221603655808637,5.399964662391002e-4,-1,Down
Aging,GNPDA1,22.10137067385717,0.06551188315684442,0.7409189297559071,0.9617889848006328,0,NS
Aging,UTRN,20.53520640415488,-0.27814665066369315,0.1987861210704366,0.4484601060112229,0,NS
Aging,IQGAP1,17.374334397859116,0.12456371034844692,0.6708759503067784,0.9084320575350924,0,NS
Aging,GYG1,25.9253157583014,-0.2047518115514464,0.16653222658723155,0.521336480268358,0,NS
Aging,STT3A,16.263338222026327,-0.1535757586717672,0.42902270334686143,0.7823022902908131,0,NS
Aging,CAPZA2,21.82892183954228,-0.4918162135316422,0.03061270783693653,0.05810794237971915,0,NS
Aging,CAPZB,22.306609387361693,-0.4958636143711921,0.08236113949783208,0.12233931492051664,0,NS
Aging,EIF1AX,18.67194770176728,0.05509266924632072,0.7989017341974803,0.9756446375820096,0,NS
Aging,QARS1,20.263556979918302,-0.06510687165354412,0.5752795881081234,0.9329530264393516,0,NS
Aging,RPL29,19.92167756889345,-0.44951817328034593,0.2317278140547828,0.30677583678413256,0,NS
Aging,UQCRFS1,25.64835332316382,-0.00783848934733555,0.968214313191824,0.9994627057275748,0,NS
Aging,ATP5PO,26.316158856136617,0.15076295990006017,0.34535643343526745,0.7432785810881811,0,NS
Aging,LIMS1,19.21905065003545,0.05009909504789434,0.7870468996088654,0.9765519480278868,0,NS
Aging,PREP,23.637479865531724,-0.1529754816545328,0.3368239547790316,0.736558413822829,0,NS
Aging,ME1,21.56248968414546,-0.15749216254688747,0.3360036130223526,0.7295225717015976,0,NS
Aging,PIP4K2A,17.529210033294305,0.07573530546757468,0.791349259003004,0.965472133445892,0,NS
Aging,ARCN1,16.67820361037848,0.17620182810143348,0.5110891912090954,0.7947284711913266,0,NS
Aging,LSS,19.602373009397585,0.3481979658479091,0.05763372354161945,0.1870522824002481,0,NS
Aging,GCLM,17.216934572916163,-0.7105138915693736,0.01645629461034468,0.00866589754003352,-1,Down
Aging,CD151,17.020831134032612,-0.6429031075019438,0.02472934870052237,0.02022307584278994,-1,Down
Aging,PSMD8,22.200223117588436,-0.2290660530679638,0.17117692748729207,0.48974034887338097,0,NS
Aging,GSS,20.547045536413034,0.12804272154141216,0.488259396128349,0.8386658289862201,0,NS
Aging,CCT5,22.115073962773,-0.05044069433922971,0.682950618829585,0.9635873227399132,0,NS
Aging,NES,20.180566871901345,-0.4248781033951943,0.6926137840097404,0.7427790735050296,0,NS
Aging,IDH2,27.9149346902673,0.4114055783949233,0.0017083558029597,0.01419628663705384,1,Up
Aging,TNNI2,26.673441379208523,-1.2030886627019264,0.01097902291435416,1.4855460718827336e-4,-1,Down
Aging,PXN,14.511635378418276,0.3544552498262288,0.24032044787443685,0.40240821137593247,0,NS
Aging,ALDH9A1,23.80974131268717,0.21970400048125427,0.20754049923552725,0.5391569944042017,0,NS
Aging,RPL34,17.309629990574035,-1.0217571165058563,0.02211363062539776,0.00172642183301106,-1,Down
Aging,LMAN1,18.703857791000775,-0.1338369581121377,0.5179962676444866,0.8423796330266266,0,NS
Aging,FNTA,17.250887724039487,-0.14930768500262204,0.4160095461065341,0.783095978165762,0,NS
Aging,CCT3,22.339923106833833,-0.01439190001651979,0.9256471001060684,0.9976627693482852,0,NS
Aging,MRPL19,18.06992422969458,0.1810917938227803,0.6557252864262828,0.863597183147723,0,NS
Aging,TUFM,24.23417158236431,0.02945902718586168,0.8725848415990481,0.9921211920512368,0,NS
Aging,ALDH7A1,17.957970286014483,0.25073301630032674,0.38534969267725,0.6395063224671143,0,NS
Aging,CDC34,24.051127191764845,0.02952543006432861,0.9610761421927744,0.9974515038387674,0,NS
Aging,PCYT1A,17.147112027336348,0.0823623440853396,0.6707852868360172,0.9383044542609996,0,NS
Aging,AARS1,19.470641019892643,0.14767353632328195,0.28449578278058224,0.7120036582681087,0,NS
Aging,CARS1,17.998343053660403,-0.01913033827355903,0.9450165725668896,0.997641099014599,0,NS
Aging,SARS1,17.72544925706352,-0.10119866885633044,0.6654456806309795,0.9234722911421293,0,NS
Aging,PSMB3,21.67821192381801,0.00589111696783817,0.979453821313377,0.9997216164534812,0,NS
Aging,PSMB2,23.00207369711983,0.0190184751663125,0.8990113604880956,0.9959164155276968,0,NS
Aging,ACADVL,25.700546615385782,0.2496162470878183,0.07179761681871459,0.32903288934863484,0,NS
Aging,ACOT2,24.18710654987816,0.18530408056370007,0.3053482508325906,0.6689564231611762,0,NS
Aging,TMED10,20.46732399856081,-0.12018309895850976,0.6189938686474165,0.8937293304115639,0,NS
Aging,HINT1,25.445473976548648,-0.04803182806316641,0.8529963659673498,0.9846643599148552,0,NS
Aging,NDUFV1,24.490501630520743,-0.03262444925422514,0.903615014171258,0.9933194753073002,0,NS
Aging,GSK3A,16.13581066058742,0.3425297607022699,0.1588515966392864,0.3279889862170386,0,NS
Aging,GSK3B,17.328354607956292,-0.01260629850989047,0.951469390619852,0.9986228212531288,0,NS
Aging,IDH3A,24.34909533756084,0.09152401147248668,0.6144652756057231,0.9168759015154604,0,NS
Aging,SULT1A1,16.933464764577625,0.3524190503888356,0.3569264125479432,0.5091446278683512,0,NS
Aging,GDI2,23.613452323689337,0.08475050007080043,0.4536806017455406,0.8800826053411008,0,NS
Aging,EMD,17.947862514275194,0.40272664360131216,0.02314075638231441,0.08316399136201454,0,NS
Aging,CPT1A,18.80337032901814,-0.32606442543641023,0.33171426020091493,0.5177483975123339,0,NS
Aging,SERPINH1,20.20974222808249,0.1020437272548449,0.9325631243831324,0.9850165750234676,0,NS
Aging,CSRP3,27.409303535752635,-0.37004563047952743,0.25826173412787906,0.40417091877794753,0,NS
Aging,ST13,24.255352933349233,0.03242811256327727,0.8073864793151051,0.9862773615785304,0,NS
Aging,DNM2,20.10710531689464,0.10141627028134435,0.5944451937630056,0.9036219869012564,0,NS
Aging,METAP2,18.84687881155309,0.23892929512597405,0.02066289930988188,0.21974411379789663,0,NS
Aging,NUDT2,19.71577195870647,-0.34369439205933006,0.5291331822253755,0.6543939345408916,0,NS
Aging,LRBA,21.010540134198493,-1.7246215283720865,0.04630267518108876,1.458769237097484e-4,-1,Down
Aging,BCAM,16.17275480671507,-0.07266485209993334,0.7863006107127288,0.9660197697205176,0,NS
Aging,RPL14,20.592226702316783,-0.32857502355705037,0.3870184640451954,0.5580471755971459,0,NS
Aging,CCT8,22.631049647447373,0.02343027693635591,0.8587191364428848,0.9928174759092856,0,NS
Aging,CCT4,22.115847348779848,-0.03910433674279545,0.7989017341974803,0.9825891293519072,0,NS
Aging,ATP1A2,23.407032896295515,0.06872677960836526,0.6216915554920223,0.9382932446311876,0,NS
Aging,ANXA11,23.504880676204348,-0.0399855112451668,0.7639930501243067,0.978862837128993,0,NS
Aging,FXR1,20.25340535288864,-0.26670582773716944,0.39456794556293184,0.6277390937821896,0,NS
Aging,RAB5C,21.957007813699786,0.2647093886929355,0.2239461071353236,0.4909446732781548,0,NS
Aging,RAB7A,23.218213540943538,0.03827873099962886,0.7553725427921483,0.9788538913526492,0,NS
Aging,DUSP3,24.50550127253231,-0.18533769894082752,0.19393070925532369,0.582451391986326,0,NS
Aging,IDH3G,22.319977271150535,0.17020530655280197,0.48081938793310913,0.7877818490856717,0,NS
Aging,GALK1,20.165728296048776,0.5193958883230074,0.0298389524491184,0.04864231593799351,1,Up
Aging,SSR4,13.067908107293542,-0.6155163266388737,0.22507295487694448,0.19272366222682533,0,NS
Aging,BCAP31,21.88466774749535,-0.08352416341843139,0.488259396128349,0.8915704854943312,0,NS
Aging,MECP2,16.23434295505996,0.08211056586362986,0.813492482052476,0.9665396069486136,0,NS
Aging,CAV2,15.97757051426819,-0.32295732664490195,0.573350750757543,0.7064292861596456,0,NS
Aging,ALDH3A2,20.45562684849065,0.05000772330025782,0.816459861985266,0.980093916615243,0,NS
Aging,ALDH5A1,22.875840874950335,0.5398397154491974,0.00183533277573998,0.00413280586386588,1,Up
Aging,HSD17B4,17.992947284443403,0.13861951508437187,0.7400296263616994,0.9204708734062664,0,NS
Aging,PSMD7,20.212413567476123,-0.6217983409112691,7.238971634091817e-5,5.417237882559833e-5,-1,Down
Aging,UBE2D1,21.91627733612065,0.02219517677959714,0.9267274659199564,0.9964465008933016,0,NS
Aging,SUOX,20.55754878357437,0.536850106551185,0.0033759653066228,0.0072260586698232,1,Up
Aging,STAT5B,19.01528581301066,0.18527283305001777,0.20167979918601112,0.5880960468164801,0,NS
Aging,RPS6KA3,20.66468235944643,-0.04608050581251533,0.8273777357658062,0.982818243986355,0,NS
Aging,HDGF,21.16576114161789,0.34992117496246067,0.01556659661833435,0.09389052682519512,0,NS
Aging,LUM,23.376019117908545,0.12360241291812812,0.6527705395248894,0.9026715435568474,0,NS
Aging,PRELP,19.499567896655456,-0.16461143966980885,0.6548873831378872,0.8735094119063265,0,NS
Aging,NDUFA8,24.25496340212995,-0.17522970576965946,0.4853317985054952,0.7842988270150119,0,NS
Aging,HNRNPA3,17.440489697024365,0.08462001331565361,0.816459861985266,0.966509048141898,0,NS
Aging,MYOM1,24.79005706660706,-0.7088567378618826,0.00830367293487701,0.00409458795759405,-1,Down
Aging,PGD,21.2597184219428,0.13067554986621133,0.4856366737786016,0.8344471791398338,0,NS
Aging,HNRNPM,18.320135876846567,-0.03603914532633112,0.9215186706325318,0.9939695027701994,0,NS
Aging,KPNA1,21.267823272516168,0.05421284682214633,0.7989017341974803,0.9759066137306888,0,NS
Aging,MAP2K6,21.72902690173835,0.27479939717568413,0.1191172142638871,0.3616541262068137,0,NS
Aging,ARHGDIA,23.612517396503,0.20001838097293145,0.1021173482042821,0.4561835380338812,0,NS
Aging,ARHGDIB,17.950021892941677,0.7404529024174451,0.00186473079436728,5.609120279292321e-4,1,Up
Aging,RIDA,22.954551536985363,0.19728474861322096,0.08914355956817166,0.4424081054912978,0,NS
Aging,MRPL12,17.656792865774328,0.38719329492006693,0.40921214929551414,0.5237271584608925,0,NS
Aging,THOP1,17.555867972104412,0.2343767285034488,0.06005248540962872,0.3279730791215823,0,NS
Aging,AKR1C2,20.93162661710177,-0.10853009542839231,0.8133944613208489,0.9558811792817212,0,NS
Aging,CAPZA1,22.050659934565715,-0.6419222010980015,0.01975471627088211,0.016323183686405,-1,Down
Aging,CRIP2,17.67067741144984,0.3108205867309337,0.3660157049201585,0.5601996231099454,0,NS
Aging,BLVRA,20.417528442699,-0.00660211347244654,0.979453821313377,0.999687362915646,0,NS
Aging,PPP5C,20.55077558144186,0.3107125948345377,0.01222167904389481,0.107414352793458,0,NS
Aging,NUBP1,15.867007692711756,-0.0613578354993205,0.8705634116011429,0.9833049395369589,0,NS
Aging,SUCLG1,24.966050873207127,0.17981778925562253,0.2751812264238474,0.6560312726599058,0,NS
Aging,COPA,17.804441100158265,-0.2058217813463834,0.26087496900611895,0.606143291480584,0,NS
Aging,HCCS,18.682539105020144,0.23578428130275597,0.13656928750212635,0.44011182988477465,0,NS
Aging,MAPK12,21.2757274094226,0.14087131311921652,0.5504856572133267,0.8502520600242307,0,NS
Aging,TTC3,22.261520119996288,0.2772927369809075,0.518079600809091,0.7012855390225986,0,NS
Aging,SMTN,19.421854920165615,-0.4538665675821747,0.03510091920822265,0.079130159612498,0,NS
Aging,SLC16A1,23.36449648781203,0.4347196495187155,0.13126394999604368,0.2144493554362051,0,NS
Aging,IST1,19.39398128155005,-0.02523838922679644,0.8725848415990481,0.9932204059160958,0,NS
Aging,SEC24C,21.871949415224748,0.3591222666691465,0.01468099505924998,0.08507820748343287,0,NS
Aging,SUB1,18.99655216080556,-0.02160766828805194,0.903615014171258,0.995592913316158,0,NS
Aging,RARS1,19.66996400670561,-0.2059267487140417,0.20277876523802324,0.5554989876124055,0,NS
Aging,CACNB3,22.402205124765818,-0.14866310811725114,0.34961811249855723,0.7484904175129535,0,NS
Aging,CACNA2D1,23.208782461898164,0.01176649305165256,0.951469390619852,0.9987240163679426,0,NS
Aging,MYOM2,25.746152413398896,-0.6941975547723018,0.00240144082575414,0.0011904213671155401,-1,Down
Aging,YARS1,19.271929958413686,-0.2660519713323204,0.23755913172041657,0.5024186864837973,0,NS
Aging,USP14,22.40155237328206,-0.04975513079699212,0.6467310547201195,0.958684416052494,0,NS
Aging,PRKAG1,21.460361817080713,0.05941554789158232,0.7333356785986894,0.964256193559728,0,NS
Aging,PRKAA2,20.709558751546304,0.09399289294247026,0.5383174909428001,0.8934331945093001,0,NS
Aging,HSPA2,24.30540919718904,0.2734751278460976,0.4894994908032109,0.688261759472901,0,NS
Aging,RAD23A,21.886363848708175,0.2241106084433788,0.05160781770939181,0.3285476610315226,0,NS
Aging,RAD23B,22.186944529958915,0.2693187089229916,0.01811168547736691,0.1724386333846007,0,NS
Aging,AK2,23.278060958645728,0.15068433341382814,0.3968132803384082,0.7705790487536965,0,NS
Aging,NAPA,23.462007273925497,0.11945350717679304,0.2122007204422596,0.7176810403164512,0,NS
Aging,EIF5,21.606741951537447,-0.28199992682974795,0.09568997138171197,0.32328298242689446,0,NS
Aging,PSMD4,22.5323350528656,-0.13254776745121788,0.25415217979831933,0.7204290363498703,0,NS
Aging,DRG2,16.92664759576243,-0.4085081811635866,0.3053482508325906,0.41204942222819063,0,NS
Aging,RRAD,18.87951757671011,-0.2863170127096666,0.6228730200541239,0.7688526397450726,0,NS
Aging,CSE1L,22.13690958235565,0.24970902661030436,0.04085386894266409,0.26544718138197543,0,NS
Aging,VCP,23.256227808942967,-0.2085411210636714,0.06265725405427472,0.37696777518129726,0,NS
Aging,HADHB,26.00487809751758,0.4145426633716518,9.461132756878936e-4,0.00930785300802816,1,Up
Aging,NAP1L1,21.4195145422327,-0.05084642432869657,0.8194644506135382,0.9802069216521976,0,NS
Aging,ADK,19.869994835593744,-0.09776093255714358,0.720005268471765,0.939087089194076,0,NS
Aging,LAMB2,19.76200770336042,-0.21450681720009968,0.7029879215356838,0.8646588326552829,0,NS
Aging,CDH13,21.86251900345367,0.14931458177077772,0.4793671948231449,0.8104736231960386,0,NS
Aging,TPD52,17.652044111965203,-0.3181195909930352,0.4844717831027549,0.6425942846975818,0,NS
Aging,SEC13,17.82963807600975,-0.01186642751392952,0.9670764593237392,0.999119421090036,0,NS
Aging,SNU13,17.592547577104543,-0.00537155857135829,0.9851528182007055,0.9998269158586433,0,NS
Aging,NPEPPS,24.81956203280673,0.00473331770288609,0.9804089430622784,0.9997932721070848,0,NS
Aging,HNRNPH2,19.071472428574992,-0.02276532044568569,0.9644260483857542,0.998155050896336,0,NS
Aging,OXCT1,18.0822532794561,0.13492870904909182,0.8228492634543997,0.94937392933345,0,NS
Aging,SH3BGR,24.11852998057972,0.38546185685561696,0.04475342573156193,0.13576877210818478,0,NS
Aging,EIF3B,18.85911302890289,-0.13959480601709373,0.4340840062543908,0.8020293178152388,0,NS
Aging,ATP5MF,25.543729957476337,-0.06420732906892823,0.8015197394961671,0.9720775620727412,0,NS
Aging,NDUFV3,21.868931739241734,-0.08664133720281342,0.8194644506135382,0.966555361723571,0,NS
Aging,MARS1,17.57400140831276,-0.05430440202490416,0.9093545577288632,0.9895818398061016,0,NS
Aging,ARPP19,20.170102241533776,-0.19183124703709353,0.5041537943479656,0.7759575326462905,0,NS
Aging,ATP5F1E,24.18358108015363,-0.03182415346569201,0.8990113604880956,0.9931096099698806,0,NS
Aging,ATP5ME,25.191371074884724,-0.067468338167199,0.7503512094637813,0.962232518198695,0,NS
Aging,EIF6,20.68732085959635,-0.02573272358258549,0.8969951212275394,0.9942794577421824,0,NS
Aging,NDUFA6,23.70309788742587,-0.3178933755039779,0.2270416420196806,0.4297423350381171,0,NS
Aging,SYNJ2BP,20.750905088374985,-0.06326819375475168,0.7639326236204069,0.9664272215033224,0,NS
Aging,EEFSEC,16.116210382856547,-0.5813346480410733,0.09568997138171197,0.09744891602558292,0,NS
Aging,MTPN,21.085110732008225,0.07754197151685105,0.6245208343258688,0.931631116671697,0,NS
Aging,DEFA3,22.060988835419177,0.4489460610030278,0.25415217979831933,0.3289564568538435,0,NS
Aging,ARPC4,19.013464587908256,-0.03463191732193493,0.894708604036272,0.992056361281774,0,NS
Aging,CD81,17.475144168307953,-0.3910726250369088,0.3053482508325906,0.42850567353582497,0,NS
Aging,TPI1,29.33762049813301,-0.10600801622362964,0.4536806017455406,0.8524263767889914,0,NS
Aging,EIF3E,19.31147892548242,-0.05475145336122367,0.8529963659673498,0.9825639515101592,0,NS
Aging,SEC61B,16.189996273649886,0.3558610666525688,0.7170128569135894,0.7936483501730409,0,NS
Aging,GABARAPL2,18.784685891204553,0.03126337487495334,0.93777706283428,0.9957033719745326,0,NS
Aging,ROMO1,18.91466026980734,-0.00387362831547122,0.9942664941598924,0.9999424778333464,0,NS
Aging,MYL6,28.818992859197454,-0.3687684899853671,0.40607897625787553,0.5375395615741898,0,NS
Aging,ACTB,30.930909317254052,-0.6277908385661597,0.1526926390931722,0.12419072720336397,0,NS
Aging,EIF4A1,22.853054608017043,-0.2155975505624852,0.11952721722608312,0.4508057280179556,0,NS
Aging,RPS20,22.5528907748702,-0.3163778133449924,0.08024228413075658,0.2574653983947875,0,NS
Aging,PRPS1,22.074054716485687,-0.20900470413783623,0.3712427575100042,0.6813044764455202,0,NS
Aging,PSMA6,23.761057189832375,-0.14018249957353035,0.2988782802205048,0.7336061842851441,0,NS
Aging,S100A10,22.007594109617557,0.09250742812892908,0.6752706196692108,0.932613324842688,0,NS
Aging,CDC42,22.254790624829596,0.42948056315422534,0.00688518668719289,0.03130970021753371,1,Up
Aging,DSTN,21.664449211877074,0.1418253535481675,0.6862336957846302,0.902567671556976,0,NS
Aging,RAB2A,21.206100535456056,0.04819921065844568,0.816459861985266,0.9806743390689622,0,NS
Aging,RAB5B,20.238876843515506,0.23171497690425016,0.15309117553061957,0.4641302897765048,0,NS
Aging,RAB10,22.24713798135848,-0.17457749473418716,0.2864405367384416,0.6710186581341645,0,NS
Aging,UBE2D3,23.420442374245106,-0.0996425848525817,0.6462052176704017,0.9186642540913929,0,NS
Aging,UBE2M,21.653483969411464,-0.05867907126630811,0.68131478412894,0.9575564182757584,0,NS
Aging,UBE2K,18.94398602468677,0.35103447328273774,0.01289430183707836,0.08357049907818705,0,NS
Aging,UBE2N,23.924430961809815,-0.11970481958025304,0.4638688964567151,0.8394724274818823,0,NS
Aging,RAB14,19.670343696135077,-0.10800904501719089,0.6217181193434979,0.9048797673080964,0,NS
Aging,ACTR3,19.21435530680199,0.25567053891167646,0.07743327938890768,0.3294354708487507,0,NS
Aging,ACTR2,19.099832438408665,0.2618352744898651,0.06012353346613182,0.28890268481311027,0,NS
Aging,ACTR1A,22.13357122695591,-0.0680127258594041,0.6562806134321818,0.9466019871301888,0,NS
Aging,COPS2,22.53840369423174,0.04267996810789754,0.7707676314220379,0.9781506442981516,0,NS
Aging,ABCE1,19.155960530183755,0.0021883131061493,0.995459504555813,0.999973148828858,0,NS
Aging,RAP1B,23.10838580093659,-0.07379793926016731,0.6911838267920397,0.9491451542385364,0,NS
Aging,RPS3A,22.490729582080647,-0.42349947974065216,0.01236617550999628,0.04879716614539497,-1,Down
Aging,RPL26,20.858245513849237,-0.4161426716170631,0.18721748203103095,0.2905003510950645,0,NS
Aging,RPL15,21.861836869610514,0.1421492087376066,0.6607007732974413,0.8928444795324849,0,NS
Aging,RPL27,18.791632063112356,-1.0883025188694582,0.0276883853128863,0.00155851496613089,-1,Down
Aging,PCBD1,22.86630741524137,0.08750638858639448,0.5926808052111883,0.9152656876201578,0,NS
Aging,RPL37A,18.3931491889485,-0.5301658527323987,0.07024905914315029,0.092669181866038,0,NS
Aging,RHOA,23.26628154009846,0.07133738120582223,0.6535206661199068,0.9428345234438712,0,NS
Aging,HSPE1,24.63358362275877,-0.03110426929342225,0.8748851880027358,0.99185914763048,0,NS
Aging,SEC61A1,16.93146525345134,-0.33412312359747887,0.3247769969631553,0.5029830105130726,0,NS
Aging,VBP1,23.247368576990237,0.15812107336254755,0.2935209741698058,0.7001680177472756,0,NS
Aging,B2M,21.21336677101625,0.13395614195291472,0.5383174909428001,0.8512831066891641,0,NS
Aging,DAD1,16.142955681837044,0.5454822547420033,0.4886306725606249,0.47354440999990755,0,NS
Aging,NPC2,14.564454117280135,0.8853170661783594,0.1539818637525386,0.05387589564213627,0,NS
Aging,PKIA,21.13581271490183,-0.01968558609481263,0.9361421383525692,0.9972279691084396,0,NS
Aging,SUMO2,18.63506098692814,-0.17768547158496517,0.49957913741316873,0.7891067316739997,0,NS
Aging,UFM1,18.796802471830052,0.09946355462405164,0.7257474335389295,0.9393331429983062,0,NS
Aging,NUTF2,24.365598385893136,0.05768431938583518,0.7333356785986894,0.9653791679468732,0,NS
Aging,HNRNPK,21.884819245696413,0.08112853478159465,0.5806749349486263,0.9186943620020096,0,NS
Aging,YWHAG,25.549138073593493,0.1611372347370832,0.14736321706541997,0.5802623218257803,0,NS
Aging,RRAS2,19.70302283646596,-0.09639192348303992,0.6350723894442097,0.9183809029137704,0,NS
Aging,TIMM10,20.000480229298216,0.4387387385315975,0.02095650549502213,0.0628849401090331,0,NS
Aging,RPS7,20.41870042410953,-1.2056736945199091,2.6938210840504007e-5,7.033959288059081e-10,-1,Down
Aging,PPP1CA,22.55411605586486,-0.2602701280601849,0.08176950657037681,0.3306296259658175,0,NS
Aging,PPP1CB,22.734205812596652,-0.02119105141694532,0.951469390619852,0.9977246869815948,0,NS
Aging,PSMC1,21.385140135130353,-0.07762937707117956,0.5976798267231114,0.9259471119192352,0,NS
Aging,PSMC5,20.781558858993083,-0.17974891274398885,0.13126394999604368,0.5279066076683779,0,NS
Aging,RPS8,20.88743024047941,-0.1456921841790546,0.44982252316810456,0.8009521475287702,0,NS
Aging,RPS15A,22.242428442986043,-0.09199137141423464,0.6327466020327112,0.9210874363714824,0,NS
Aging,RPS16,23.33881816450609,-0.1928238824494315,0.3699112005277034,0.7007313080402189,0,NS
Aging,UBE2G1,14.960463134605748,0.37291996925385185,0.29524706499107267,0.43499975704231303,0,NS
Aging,YWHAE,26.93175586457307,0.10606221547823937,0.3820833964893744,0.826736710045069,0,NS
Aging,RPS14,21.171494653289148,-0.2240771320525532,0.12773451318495405,0.44614864304404134,0,NS
Aging,RPS23,18.75243791525304,-0.6403977697656522,0.00803897186467399,0.00647666982516046,-1,Down
Aging,RPS18,22.064396375912416,-0.21408358933484095,0.25207858704509817,0.5848415110859678,0,NS
Aging,RPS13,22.379681414346248,-0.31874824121439715,0.2168838228970809,0.4185803474988848,0,NS
Aging,RPS11,22.826494299629292,-0.02969993646117075,0.8963623331638939,0.9933270959915548,0,NS
Aging,SNRPD2,17.942161580290183,0.16903338710331184,0.492669547958996,0.7951904865984738,0,NS
Aging,SNRPD3,20.18223516182099,-0.39458885905657226,0.01289430183707836,0.06149480717695563,0,NS
Aging,TMSB4X,19.75242669477805,-0.4335767140726645,0.2752587699175299,0.362162921179377,0,NS
Aging,PSMC6,22.416739439228248,-0.27436747130867545,0.01230631499025789,0.14057969999530892,0,NS
Aging,RPL7A,19.947825352741756,-0.380150728128438,0.20516671492186336,0.33996436022537196,0,NS
Aging,ETF1,18.172599870596287,0.03618875989959491,0.906362194198982,0.9928765042254808,0,NS
Aging,CNBP,21.103080662566196,0.1273252743065569,0.5692470388695079,0.8703171138928771,0,NS
Aging,RPS4X,21.664942124927283,-0.1229993240576377,0.5210572881306458,0.856258728136393,0,NS
Aging,RPL23A,21.776816087958316,-0.5823725360063108,0.00745094434946548,0.0097253917764084,-1,Down
Aging,RPS6,20.21996738950589,-0.08812457723756495,0.6674716065922334,0.9334093704715696,0,NS
Aging,H2BC4,25.92132581086573,-0.28812223670289683,0.6086738673308206,0.7577124984643319,0,NS
Aging,RAB1A,18.29647077371652,0.07659830846608529,0.6372959584282623,0.9351953665236088,0,NS
Aging,RAN,24.01399439612469,0.08344837668179395,0.5944451937630056,0.9199017536024412,0,NS
Aging,RPL23,21.221924818713028,-0.3870339580879083,0.03251847903287235,0.1094596889510521,0,NS
Aging,RAP1A,14.60404824436208,0.3990804698074548,0.3755241904194028,0.4837214362593894,0,NS
Aging,RPS15,21.82461524272783,-0.34879774735200897,0.07591423389570454,0.2165937844327756,0,NS
Aging,RPS24,20.57200906616116,-0.556206855411638,0.03544635154751583,0.04505651796857559,-1,Down
Aging,RPS25,22.87398174414379,-0.34335961816916694,0.05708377230750441,0.19060969391848956,0,NS
Aging,RPS26,20.41229037564543,-0.2418808560305905,0.3469748756173543,0.6224998127431753,0,NS
Aging,RPS28,21.183633376646227,-0.0047275186723148,0.9908803460816216,0.9998887435429072,0,NS
Aging,GNB1,22.446358570692443,0.14969666981236074,0.31655287099176194,0.7300478780875086,0,NS
Aging,GNB2,19.83559152742723,-0.00776647264446594,0.9775028212385952,0.999598556435346,0,NS
Aging,RPL30,20.0782019717304,-0.5534352314792592,0.07150256161775922,0.08444160653974585,0,NS
Aging,RPL31,20.623676604324523,-0.4357154431626462,0.0498604897623706,0.111982310456941,0,NS
Aging,RPL10A,21.402319274361904,-0.2474291399199977,0.4793671948231449,0.7062841724137182,0,NS
Aging,RPL32,18.19136967865602,-0.6434500681497894,0.15309117553061957,0.11855162708499248,0,NS
Aging,RPL11,19.01756503242651,-0.30565373770352977,0.3332667378301135,0.5404947410504165,0,NS
Aging,RPL8,21.216823070219803,-0.1599731144243144,0.7180342773987134,0.9017134621834504,0,NS
Aging,PPIA,25.50730762575235,0.48824126907607734,0.00384197389858964,0.0127396909162078,1,Up
Aging,FKBP1A,22.00976510742707,0.10634497909603624,0.6688856701291008,0.9205849798550212,0,NS
Aging,RPS27A,26.39876592151247,-0.9084085497652588,0.0049650093301235,4.095238132676259e-4,-1,Down
Aging,GRB2,20.409561047929444,0.17635451297389082,0.346942225571757,0.7076372118800515,0,NS
Aging,RAC1,22.360682557891053,0.02991496372644775,0.8192315850302526,0.9882126996174956,0,NS
Aging,AP2B1,19.424049483127636,0.06348869764431342,0.8157577623103688,0.9743127131581726,0,NS
Aging,VAMP2,17.625649225222766,0.01542234161193434,0.9840534453300344,0.9994520484017008,0,NS
Aging,PPP3R1,21.590907214826228,-0.06081216840573589,0.8167746237921278,0.9759027323561736,0,NS
Aging,YWHAZ,22.3893292400535,0.3900010340009672,0.00186473079436728,0.01941350692675116,1,Up
Aging,UBE2B,18.705770388081756,-0.2201043241834064,0.5523532380088869,0.7784140715523643,0,NS
Aging,PPP2R2A,21.67750879446975,0.18493968892608592,0.105299376159482,0.4874053629860492,0,NS
Aging,DYNLL1,22.414723730081025,0.3963562705083383,0.01556659661833435,0.06800175584716993,0,NS
Aging,DYNLT1,21.636250700434378,-0.3726711453975078,0.01408248158560725,0.07537361157796882,0,NS
Aging,RPL38,20.737002269080385,-0.4930399949987603,0.01285548355968309,0.03040191931468256,-1,Down
Aging,SKP1,22.270901556473643,-0.04083860372790937,0.8534674466902405,0.9870584940007427,0,NS
Aging,RPS21,23.051038549906217,-0.2824422138514322,0.1526926390931722,0.39108328623564703,0,NS
Aging,EIF5A,25.073898890083154,0.08554912529943692,0.5991758303818441,0.9191445219105072,0,NS
Aging,RACK1,21.810278415337013,-0.17407842551955355,0.32014250920071935,0.6958921259742853,0,NS
Aging,UBE2I,20.397767195478167,0.33319087294895766,0.19900910140193012,0.3830078352455775,0,NS
Aging,SELENOW,18.93277426177824,-0.17051476801545107,0.6711927281250493,0.8770574580661026,0,NS
Aging,TNNC1,26.20563233343716,-0.38579780077439807,0.4792807877375221,0.5801734460734872,0,NS
Aging,PPP2CA,22.63205754050468,0.12069891524383893,0.23755913172041657,0.7315330170396471,0,NS
Aging,YBX1,22.710262540458384,-0.16023001865477582,0.4306910662212892,0.7750059539349016,0,NS
Aging,CSNK2B,19.074710031668072,-0.24244576570095688,0.12607192146805257,0.4149060795582959,0,NS
Aging,TPM4,18.16449874324656,0.6757971921108528,0.0045923406031077,0.00273946212796288,1,Up
Aging,UBE2L3,22.307525891534276,-0.01111217953376453,0.9463619661945764,0.9986679373386248,0,NS
Aging,EEF1A1,28.018169893888317,-0.2547075964606407,0.2122007204422596,0.4930453973907187,0,NS
Aging,ACTA1,31.37179294391296,-0.6080778674753482,0.19537709978134904,0.17070569351590073,0,NS
Aging,TUBA1B,25.74353810452291,-0.05731993843831873,0.7639326236204069,0.9695482175643764,0,NS
Aging,TUBA4A,25.21856240433236,-0.36497849988868936,0.0321072617896741,0.12337864066790837,0,NS
Aging,TUBB4B,25.48671228295416,-0.1511986597949111,0.3187942424880365,0.7290650061481017,0,NS
Aging,CSNK2A1,19.528285492157096,-0.12458163354900977,0.6350723894442097,0.8956056156001256,0,NS
Aging,PAFAH1B2,19.44278154846137,-0.20121925716915712,0.6276486112323102,0.8334583986285884,0,NS
Aging,EIF4G2,18.234907727399815,0.00311096785359765,0.9922690661382456,0.9999356582209762,0,NS
Aging,PIP4K2B,16.418225150766048,-0.19361108221286116,0.2245481319381702,0.5948060180843899,0,NS
Aging,CCT2,24.900476318328696,0.05951361208462202,0.7110591210081084,0.961496700595947,0,NS
Aging,GSTO1,24.050803667981455,0.36273378019707536,0.03908997059661644,0.14145546634272327,0,NS
Aging,PRKDC,18.58901615380903,0.4018621803807072,0.00986056332745666,0.04976576096598373,1,Up
Aging,DCD,22.85072151803175,-0.5286209226991296,0.1688077217435668,0.18975034440574856,0,NS
Aging,MRPS25,18.08316877166684,-0.0531592036881463,0.828021787365577,0.9802755391847496,0,NS
Aging,MRPS5,17.220476200648807,-0.07987400850367266,0.8605687765433043,0.976479191334462,0,NS
Aging,MRPS36,22.221908422627685,0.5393339963681676,0.0650720561684794,0.08318017921112068,0,NS
Aging,MRPS15,17.16950336070589,0.2607422348127848,0.5944451937630056,0.770716118058437,0,NS
Aging,MRPS21,15.302575799333455,-0.4520483154076729,0.21631131008160828,0.2901731036338342,0,NS
Aging,SARNP,15.869591194197096,-0.2394858259451702,0.5188239844627262,0.7372247838684145,0,NS
Aging,LACTB,21.593518407834573,0.02351071071058896,0.9164325527329256,0.995816661693515,0,NS
Aging,RPL24,19.680217468726536,-0.6620575709832046,0.00221603655808637,0.00145898227449356,-1,Down
Aging,ARF1,22.175752108221666,0.02057885925075098,0.8990113604880956,0.9955645520631812,0,NS
Aging,ARF5,18.603086336154192,0.06032067742421887,0.7587615749032404,0.9673282643225846,0,NS
Aging,ERH,16.574589568234064,0.28878268894643355,0.4155557158717316,0.6228138665247178,0,NS
Aging,RHOG,14.352405259071192,-0.17742708337823032,0.8364358647447906,0.9383960258216189,0,NS
Aging,RPL19,21.72897448954059,-0.4636081391357969,0.06679427575843301,0.1203397267422838,0,NS
Aging,SRSF3,20.002375835091847,0.19647461007426512,0.6654456806309795,0.8567474265817625,0,NS
Aging,MXRA7,15.809344451684954,0.15292489714343382,0.7982273422389581,0.9329119401759796,0,NS
Aging,H3-3A,24.56233552710145,-0.5496918863489313,0.29409981732452767,0.29143490978989994,0,NS
Aging,FBLN2,17.570450671744293,0.03821385871568239,0.969231405527294,0.997588876374376,0,NS
Aging,HSPG2,21.936646318891675,-0.13794471581811862,0.720005268471765,0.915244045353258,0,NS
Aging,RBM3,19.14224656044544,-0.6776310069769416,0.07179761681871459,0.04887673931199447,-1,Down
Aging,CYCS,26.718634843624336,-0.2262602653039636,0.4677247405756811,0.7202852982499665,0,NS
Aging,MPP1,15.43416564487871,-0.2764467666743258,0.45790873620027495,0.6618464851537753,0,NS
Aging,TFAM,21.127975502315408,0.4601287304487301,0.03623854881247338,0.07848706756118523,0,NS
Aging,PITPNA,16.805507046218636,-0.1221585736553017,0.6282246480161436,0.8954824583491059,0,NS
Aging,SLC25A3,26.21331168954413,-0.03612609390489041,0.8605687765433043,0.9892342878415044,0,NS
Aging,HDLBP,15.899402969667277,-0.20519222427519956,0.5611389039967383,0.7952829487115736,0,NS
Aging,PURA,18.34368698793223,-0.2395358822466349,0.29409981732452767,0.5840439426842783,0,NS
Aging,CLTC,21.107059477044334,-0.14587315015050706,0.40530502082335185,0.7815811359765791,0,NS
Aging,FKBP3,25.124933164590473,0.14687189138025758,0.2426171610829172,0.6870470708779561,0,NS
Aging,REEP5,24.49691311674782,-0.1711881467928542,0.34961811249855723,0.7164527342975711,0,NS
Aging,SORD,17.712217707282914,-0.4131850986005503,0.18752957191038228,0.293895678565721,0,NS
Aging,HNRNPU,19.662629789078885,-0.07769832039045355,0.7409189297559071,0.9548315495831384,0,NS
Aging,MYBPC1,27.979271684105505,-0.4622560828850908,0.3955262271502989,0.4476502773129439,0,NS
Aging,PLIN5,17.483932420844976,0.603243498997756,0.14671295778884838,0.1295125474199517,0,NS
Aging,SPTBN1,20.409766083417672,-0.06750028045433254,0.7472623337531938,0.9615894604984658,0,NS
Aging,TIAL1,20.421674988389867,0.4208788540048509,0.04475342573156193,0.11312054117520053,0,NS
Aging,SET,19.987264136055593,-0.2736934569955807,0.32781892252638983,0.5719449893152595,0,NS
Aging,AMPD3,24.43174839384827,-0.0134763735969301,0.9816819468709016,0.999470090146092,0,NS
Aging,FABP5,22.87911926835669,0.2574785057942677,0.26446286715743506,0.5374287118758403,0,NS
Aging,ANK2,22.64549826278156,-0.09548091712108332,0.7437219311977072,0.9451974512792332,0,NS
Aging,CAP1,21.27541454145892,0.6128741785335805,0.00820019784288642,0.00827139827206653,1,Up
Aging,EWSR1,17.125274749561964,0.38923879215604984,0.04023449666091238,0.12498242918129832,0,NS
Aging,TAGLN,21.755578840205818,-0.10243855415023972,0.8594124881719022,0.9694126600107852,0,NS
Aging,OGDH,25.110862159893188,0.01984575512682696,0.908550600728654,0.9961521303912382,0,NS
Aging,COX6A2,23.132633039662387,-0.6335836221810425,0.1067130719379284,0.08645588193304139,0,NS
Aging,ALDH6A1,19.82591405032067,0.7770145063389222,0.0033759653066228,7.959733066385353e-4,1,Up
Aging,BDH1,20.03636189225677,0.15257410488153056,0.6837527770115599,0.8942128167178611,0,NS
Aging,COL7A1,20.12223595623488,0.1382359322609723,0.6911838267920397,0.9066894687116346,0,NS
Aging,RPL18A,19.185646652492515,-0.33972848223969976,0.35123488657205276,0.5174490585028857,0,NS
Aging,CACNB1,22.688696105653616,-0.00893272666571931,0.9670764593237392,0.9993318544689624,0,NS
Aging,MAP2K1,21.59743553216879,-0.15105957976770767,0.25207858704509817,0.6848943459450908,0,NS
Aging,FKBP4,20.399634406566047,0.3846388540121417,0.02641078168915385,0.09959770416977518,0,NS
Aging,RPL6,20.674275128840243,-0.43770515979241864,0.17816088566530097,0.2629473339065145,0,NS
Aging,AKAP12,16.152421302959084,0.09503705391967188,0.7735323976774764,0.9529137403769627,0,NS
Aging,SLC25A11,24.417483915033273,-0.633662859408453,0.00327163211116874,0.00277520037792207,-1,Down
Aging,CAV1,22.214644699304625,-0.00111362451182728,0.9972440679382396,0.9999915544665156,0,NS
Aging,ACY1,20.8088990606355,0.06211951446606179,0.7989017341974803,0.9725557446522872,0,NS
Aging,LMNB2,19.950366127808973,-0.2887407368458952,0.4340840062543908,0.6335837217646717,0,NS
Aging,UBXN1,16.30683629334411,0.04320437982671521,0.8299847489258697,0.984131701395312,0,NS
Aging,GBE1,22.76892055487618,-0.04713724322076373,0.8605687765433043,0.9860319449341404,0,NS
Aging,EIF4G1,20.83791706087449,-0.0314433448003264,0.7998345336578712,0.986106707076408,0,NS
Aging,PRKCQ,18.236047348502765,-0.2843581533619215,0.2866297956817883,0.5224272339874205,0,NS
Aging,GLO1,25.550954241786208,0.00879996852096809,0.9678933096483202,0.9993634495203172,0,NS
Aging,AKR1C1,22.81592992231697,-0.24128777640179777,0.39894332822770784,0.6603211060562096,0,NS
Aging,SSBP1,21.911563342242268,0.0704181607689911,0.7203138190798429,0.9559016225710908,0,NS
Aging,YWHAH,21.768815793141812,0.2456521185127727,0.0342064361793824,0.2512028456893328,0,NS
Aging,PLP2,15.825884992207053,-0.0052712771651624,0.9958586618232323,0.9999429171164718,0,NS
Aging,UBE3A,16.812891123816506,0.12181066940616248,0.6228730200541239,0.8942153106722901,0,NS
Aging,SRSF11,16.671915352368202,-0.3194305828537267,0.4007779714260115,0.5785348131908428,0,NS
Aging,EEF1A2,27.126645329481025,-0.36947952326717726,0.07839642558682718,0.20230247484979252,0,NS
Aging,CALD1,16.893537021812772,-0.16947900724542464,0.7618179459712937,0.911901181456717,0,NS
Aging,COL14A1,24.23154931159279,0.10696136194775008,0.9164325527329256,0.9810858692568872,0,NS
Aging,PTPN11,17.87591936038139,0.3201782413284384,0.0867148023265166,0.2631180249199704,0,NS
Aging,PSME1,21.587916049624283,0.1370881706585401,0.3877572778771852,0.7846887461043915,0,NS
Aging,CACNG1,17.014903434911457,0.20896585033137427,0.5383174909428001,0.7780354106358803,0,NS
Aging,ZNF33A,22.530902635376727,-0.8507153803173075,0.22507295487694448,0.10262797680744794,0,NS
Aging,PRDX1,26.62456511106916,0.1103292429415106,0.5720809496923343,0.8875620584981638,0,NS
Aging,RPL18,20.982464585549703,-0.01410834515074555,0.9770479028109584,0.9992574041269072,0,NS
Aging,C1QBP,23.557536854989507,-0.1743303739573676,0.3698064646456262,0.7245944181491897,0,NS
Aging,CKAP4,17.93826364379503,-0.16180479172737705,0.7735323976774764,0.9215438572736506,0,NS
Aging,DPT,18.0116929649722,-0.2552394598950798,0.6161534009941048,0.7857429301310282,0,NS
Aging,KLC1,16.909473818515462,0.03324678004778647,0.932324561737242,0.9950468383661328,0,NS
Aging,SRSF1,18.142602796556623,0.16918533975402283,0.6711927281250493,0.8779864164754742,0,NS
Aging,ARHGAP1,17.034487615512504,-0.5974114915293036,0.00570734600640202,0.00671080196699072,-1,Down
Aging,ACTN3,23.776276693415618,-2.1209979469089255,0.02414233163198412,2.3690025291215834e-6,-1,Down
Aging,PPP3CA,23.23101883003979,-0.083928438927245,0.6462052176704017,0.9310116707769768,0,NS
Aging,DHX9,18.83431208695785,0.01577071680118891,0.9543222125224904,0.998440332388544,0,NS
Aging,CRYZ,22.812056668561244,-0.0041019211465425,0.9900117759274788,0.999891969686733,0,NS
Aging,SLC20A2,21.17019149634611,-0.5651608108988917,0.4861130418070598,0.4577099645593717,0,NS
Aging,PUDP,21.166916773711957,0.02188538326829103,0.9463619661945764,0.9973779558768794,0,NS
Aging,CD47,18.93469734306867,-0.00620178662781611,0.9840534453300344,0.9997870518420138,0,NS
Aging,PPID,19.062043441814556,0.10604193222346936,0.8619709824217849,0.9695703755345156,0,NS
Aging,AHNAK,24.850957045663534,-0.25738814638467034,0.2729622176693659,0.5448522225237856,0,NS
Aging,LMOD3,16.314430893510693,-0.6172679279964246,0.25207858704509817,0.21286638228214835,0,NS
Aging,HSPA14,15.56565892817987,-0.18613424931823097,0.562977184256147,0.813697954738655,0,NS
Aging,SCRN3,18.352194040407184,-0.6059100016413019,0.04005556796362374,0.03888274683026412,-1,Down
Aging,NEXN,20.735528065396256,-0.6335173991402634,0.08407139394114546,0.06940848066904474,0,NS
Aging,AP1B1,15.779301756625664,-0.2044322523783055,0.39894332822770784,0.7037073524818421,0,NS
Aging,BST2,18.700319727164914,0.134045484562904,0.5410007834845572,0.8525777330776554,0,NS
Aging,PMPCA,17.637747626411265,-0.3135208306687183,0.4378896521043003,0.6120678001874227,0,NS
Aging,ASPH,18.929588962269403,-0.09076778325167822,0.8299847489258697,0.967003519657261,0,NS
Aging,EFEMP1,17.573367961669966,-0.14874222437298457,0.7830815659342589,0.9304624106551737,0,NS
Aging,STX4,14.954077837186734,-0.14756575062715704,0.7203138190798429,0.9100144895417368,0,NS
Aging,GRSF1,19.69316952113892,0.04539025590204559,0.903615014171258,0.990712902468276,0,NS
Aging,AIMP1,20.578848057143222,0.20901829424571972,0.09480881167059352,0.4299528465300778,0,NS
Aging,ILF3,19.908239437825102,0.06228730797766602,0.8882857015720607,0.9851764193170424,0,NS
Aging,TRAP1,20.79948621440668,0.21353476652273784,0.3058584048881601,0.6303439943645884,0,NS
Aging,ANK3,16.789976209709934,0.02703491733719687,0.9165139255109456,0.9952074963383668,0,NS
Aging,HSPB3,21.352689541527496,-0.20148569908501557,0.48161704409012407,0.7543860993287035,0,NS
Aging,ECH1,25.221800403808135,0.44972103337758185,0.01687135283259013,0.05035315513999987,0,NS
Aging,STRN3,19.31236250905939,-0.07151690479174633,0.7029879215356838,0.9527316875284276,0,NS
Aging,COASY,18.794407148879007,-0.1725485130545117,0.47175763548384464,0.7804799321602941,0,NS
Aging,TRDN,22.526022544935337,-0.4685548072950674,0.14710413007978784,0.20498876071280217,0,NS
Aging,ACACA,24.175598974275257,-0.08870591150770935,0.7440323295265899,0.9493954941034348,0,NS
Aging,GPS1,21.618492064153436,0.00121479424681325,0.995459504555813,0.9999851940716848,0,NS
Aging,MTAP,18.2430718246637,0.15702961589765252,0.6144652756057231,0.861564088849662,0,NS
Aging,PRKAA1,20.658098536129835,-0.00664261550495837,0.9684758696153276,0.9995530416551324,0,NS
Aging,TARDBP,20.16512788181537,0.25572130986531505,0.06134656781972487,0.29962449509913003,0,NS
Aging,PAK1,16.012816186503624,0.5272112388032113,0.4056460662093615,0.41079098912064155,0,NS
Aging,AIMP2,20.202146368126783,-0.0121926699019923,0.9395657756243684,0.9983515437648,0,NS
Aging,PRDX4,19.92033091251625,-0.22822472708872257,0.3870184640451954,0.6670847238899369,0,NS
Aging,PAK2,19.773034160967864,0.05500180712318325,0.7910139835726295,0.9747494747651794,0,NS
Aging,CBX3,15.867059072998778,0.3231810987949739,0.30927916607834666,0.5007672665336617,0,NS
Aging,PSMD2,21.73907121242813,-0.1491993464416268,0.23087188137367903,0.6748902199154642,0,NS
Aging,MYBPH,20.638619955802312,-2.271898714197917,0.00472682862599534,2.6770300754845932e-9,-1,Down
Aging,SELENBP1,24.641606201056327,0.6002371774004871,0.00115312251106187,0.0013712210800398,1,Up
Aging,TRIM28,17.541894642648245,0.12212270578710972,0.575299911796692,0.878055399930005,0,NS
Aging,G3BP1,16.30056993751612,-0.2849944053565814,0.44982252316810456,0.6474616000932262,0,NS
Aging,PABPC4,20.272577051471956,0.02265967065635976,0.9610876889363252,0.9980550809221274,0,NS
Aging,SGCG,22.606415003772135,-0.10124994367622264,0.5210572881306458,0.880169248916927,0,NS
Aging,EIF3I,19.093174967263757,-0.1810024644080812,0.29409981732452767,0.6666965876575073,0,NS
Aging,CTBP1,19.85818331654,0.04436361158259316,0.8188426449446153,0.9825234580533496,0,NS
Aging,UBE2V1,22.349240015714877,-0.1064735590059307,0.5934177647613528,0.8984651734044508,0,NS
Aging,DYNC1I2,20.035094542341117,-0.12288892205591397,0.44982252316810456,0.829234962472757,0,NS
Aging,ILK,20.254584273729808,0.10761361683244176,0.4088210294647802,0.8351177211458746,0,NS
Aging,NNT,25.755033245257373,0.22088668530454925,0.20625807347751224,0.535066704510621,0,NS
Aging,SNTA1,21.236718590550428,-0.5402390370676002,0.00515143977649983,0.00999551429431299,-1,Down
Aging,SNTB2,22.67976295446133,-0.06281755881493467,0.7029879215356838,0.9583050077560256,0,NS
Aging,SF3B2,21.74422952905963,0.4226806759846191,0.03838854254261323,0.09947295886704112,0,NS
Aging,PDAP1,21.823550245440508,0.0859544764795146,0.6696822623946538,0.9354584879879708,0,NS
Aging,TMED1,16.36877552312901,-0.42375325126637975,0.07842776590652313,0.16019512247671466,0,NS
Aging,FKBP5,19.24458717530697,0.27602649760129694,0.1526926390931722,0.39974799380568066,0,NS
Aging,PICALM,15.555027197326362,0.262023732891457,0.5436740863768793,0.7349162503825294,0,NS
Aging,MTM1,20.367145943274423,-0.07566116133987677,0.7830815659342589,0.9639537302058284,0,NS
Aging,SQSTM1,16.29668316917811,-0.6882590885159292,4.20502905919936e-4,1.5070825395958957e-4,-1,Down
Aging,MTX1,17.708653251560037,-0.16489130925437223,0.3675423040929145,0.7363182189934733,0,NS
Aging,ART3,20.887907169266473,0.1421666381031379,0.7101749240488693,0.910139394863516,0,NS
Aging,ASAH1,19.82080081430841,0.4617124868808915,0.01811168547736691,0.04906844025906397,1,Up
Aging,PIN1,20.78846482655561,-0.1648683358662062,0.41044604922305633,0.7602385195568387,0,NS
Aging,CAMK2B,21.801104028833457,-0.14296345819130352,0.5041537943479656,0.8277904248786422,0,NS
Aging,CAMK2G,21.463651476920617,-0.19249440308527355,0.21690912641922305,0.5911961484182522,0,NS
Aging,CAMK2D,24.137937506182023,-0.5163469573290556,0.03268968342259403,0.05253933914026997,0,NS
Aging,DCTN2,21.497004966213904,0.02033135057380519,0.872348920924941,0.9944892424475404,0,NS
Aging,NAE1,17.543993806271917,0.3715285267566486,0.0459221813668029,0.14837509916725003,0,NS
Aging,STIM1,19.873499699670237,-0.11248032461673318,0.5383174909428001,0.8735368363007499,0,NS
Aging,CUL1,18.68302541895731,0.29873092866653295,0.06568545648898252,0.2540285027690113,0,NS
Aging,CUL2,18.598853571168004,-0.2438240537501883,0.22646923543494357,0.5220954098382402,0,NS
Aging,CUL3,20.18796375954617,0.15432562451119125,0.3571458683451468,0.7445521096198039,0,NS
Aging,CUL4A,18.914357517434222,0.1672806950231127,0.18312792972975955,0.6049274700798144,0,NS
Aging,FHL1,30.74757603517573,-0.02211004529350191,0.916019150815168,0.9960127275188416,0,NS
Aging,FHL3,24.574059267609982,-0.48338351426552606,0.02793583031504623,0.05729685849514467,0,NS
Aging,ITGA7,17.977200851970498,0.14014632646231817,0.4624790368491258,0.8128875611613443,0,NS
Aging,AAMP,16.862561636839203,-0.12470919375369505,0.7639930501243067,0.935435715212996,0,NS
Aging,CACNA1S,19.11384640871613,-0.2536387498768313,0.1769447983312176,0.4597146859754232,0,NS
Aging,MOGS,15.673497562651503,-0.22645660135422577,0.6788173656579666,0.844590986396391,0,NS
Aging,SPTAN1,19.34494637389295,-0.11640430241449806,0.6170487199774054,0.8961717332548644,0,NS
Aging,AUH,20.280104021748254,0.1491826413804418,0.5806749349486263,0.8554470699344503,0,NS
Aging,DDX39B,20.581981214773837,-0.2924994578567137,0.18216573524030505,0.4143846096097477,0,NS
Aging,BLMH,20.24600979344963,-0.29471334523478276,0.2233366454666106,0.452337743979707,0,NS
Aging,SNTB1,19.202191432855823,-0.11478704005488538,0.6350723894442097,0.9034534459297374,0,NS
Aging,TUBB2A,22.96084069411983,0.09634040191090064,0.5774373607604557,0.9032799271334372,0,NS
Aging,IDI1,20.165295389401887,0.8829463315086947,2.0376784699822664e-4,3.5764514689027293e-6,1,Up
Aging,PRKG1,18.94797003201477,-0.22481276036361209,0.3756227471767545,0.6648438012034131,0,NS
Aging,COX17,20.798375242746214,-0.10292684685433072,0.7440012016600854,0.9412478698069158,0,NS
Aging,HNRNPD,22.453032743752555,0.21446123675189455,0.1531392287332456,0.4918228167242813,0,NS
Aging,SCARB2,18.30052741172506,0.2311535566729397,0.2965551799897105,0.5982059167613525,0,NS
Aging,NID2,18.151357690284375,0.01007365518334779,0.99067505604552,0.999751191449692,0,NS
Aging,IL18,17.35068589309844,-0.2119504060738322,0.737023976863357,0.8801111696455118,0,NS
Aging,DAG1,22.349260339106795,-0.0492059509357432,0.7830815659342589,0.9764167845074057,0,NS
Aging,EIF3A,20.705521868714193,-0.17039983723116237,0.20754049923552725,0.6192244357684226,0,NS
Aging,UBAP2L,16.788955002398627,-0.5464730541709493,0.25415217979831933,0.2588939988543015,0,NS
Aging,MLEC,20.854686907631315,-0.3266379496359235,0.02465588634715217,0.13743984746081211,0,NS
Aging,DPYSL3,22.32856747105482,0.4411501560030793,0.07532748766761424,0.14378048458022802,0,NS
Aging,DCTN1,20.744131566496996,0.1082139673663498,0.4988280906608382,0.8654471879233838,0,NS
Aging,DYNC1H1,21.338085110288315,-0.20209737472337608,0.13126394999604368,0.48875881434452834,0,NS
Aging,EIF2B1,17.81205177498031,-0.3726995436282507,0.05770378890813981,0.1665236566938074,0,NS
Aging,EIF4A2,24.09450561162291,0.05456260582715089,0.813492482052476,0.9776397416069368,0,NS
Aging,CTTN,15.160655753434018,0.12202807646428226,0.8594124881719022,0.9634861163963376,0,NS
Aging,ENDOG,20.08248072490437,-0.14288961473042505,0.6926137840097404,0.9047905845945864,0,NS
Aging,FLOT2,18.060746764574812,0.05909177225726836,0.816459861985266,0.9765110355802248,0,NS
Aging,TRIM25,18.15688481443553,-0.05542210831972483,0.8740537647896323,0.9853932146131954,0,NS
Aging,FLNC,27.5393399629679,-0.7714671860683282,0.00664385107519395,0.00188822767336949,-1,Down
Aging,MYBPC2,23.516904818315407,-0.973830099508504,0.0760151592022669,0.01402603020904583,-1,Down
Aging,GAMT,23.727033531810665,0.292636168674381,0.07659980393588885,0.27898960897974573,0,NS
Aging,CAPRIN1,15.61120584681623,-0.903114418888716,0.03292346217711661,0.00596636034149715,-1,Down
Aging,PRPSAP1,15.252374464342154,-0.44248015529968754,0.22991258511237292,0.31078672492745407,0,NS
Aging,CLINT1,16.279723286202703,-0.313385832842652,0.2731218067801858,0.47771576270471205,0,NS
Aging,GANAB,19.91118460216083,0.2211192859661608,0.06708213758349138,0.3650874181143142,0,NS
Aging,SSPN,21.603498300725228,-0.17843900253126677,0.29409981732452767,0.670637415133084,0,NS
Aging,MVP,17.68436312213858,-0.23388293883195743,0.7366892665211278,0.8682357362624734,0,NS
Aging,LTBP3,18.943030623669575,0.3970942919179627,0.23755913172041657,0.3577717157937044,0,NS
Aging,LASP1,17.947980038244644,-8.346445631843835e-4,0.998346383096522,0.9999979577285776,0,NS
Aging,PTGR1,18.94195335351836,-0.28308231323654454,0.5271252815699458,0.7033176783861795,0,NS
Aging,KPNB1,22.777403398607795,-0.27245653743511866,0.01322831930698259,0.14766154691869682,0,NS
Aging,NUMA1,20.88568948450216,-0.04827441445284819,0.8351988744650979,0.9827518137090088,0,NS
Aging,PSME4,14.894937465004991,-0.18814046275972096,0.6318436164473195,0.8447949174292729,0,NS
Aging,SLMAP,22.512617864571855,0.11119137808161028,0.6228730200541239,0.9025980463881934,0,NS
Aging,EMC2,16.314364576220576,-0.712040340792063,0.00570734600640202,0.00253605690556572,-1,Down
Aging,PSMD6,20.719718326541887,-0.2758765260969085,0.16003180644110418,0.4093758523065393,0,NS
Aging,ABRAXAS2,16.920904491125235,0.15155385100849017,0.2978812789618493,0.7147578276639007,0,NS
Aging,SEPTIN2,18.20127549104069,0.2393431393784553,0.06223759911168745,0.32560505050627964,0,NS
Aging,KARS1,21.451479575599823,0.06208924128927506,0.6187521844575822,0.9434099270535392,0,NS
Aging,EIF4H,21.53848731032754,0.05424808174153739,0.7722503137896778,0.9724874819298384,0,NS
Aging,EEA1,17.545684028046903,-0.18299818341121463,0.4110180664973885,0.7390139487377567,0,NS
Aging,PDIA6,24.20426630597903,0.12359308027162186,0.4624780939681494,0.8329237485720314,0,NS
Aging,PAFAH1B3,18.923462864127004,0.12966922953697946,0.7211924798173242,0.920704028056294,0,NS
Aging,PLCL1,15.63029626439175,-0.05535244092566849,0.9293722561857906,0.9914595797805112,0,NS
Aging,PDK1,18.506238346347875,0.0193717178573749,0.959067009174816,0.9982191561408108,0,NS
Aging,PDK2,18.98752789466995,-0.11907760903811848,0.816459861985266,0.952855846094987,0,NS
Aging,PEA15,18.66892757313931,-0.5108314635981692,0.4880994485245326,0.4950795433824389,0,NS
Aging,PGM5,21.679911542734065,0.48592873356127697,0.03908997059661644,0.07268295028336824,0,NS
Aging,PLEC,23.942932966320654,-0.966656336687148,8.852685460679462e-5,3.772627122354154e-7,-1,Down
Aging,PPP2R5A,16.79113009318589,-0.2968205807298112,0.3698064646456262,0.5781919683145911,0,NS
Aging,PPA1,20.32285754747253,0.2500466779453596,0.11881092210389764,0.3956412190294694,0,NS
Aging,PTGES3,21.681465871101313,0.17662545625860204,0.2963437097773304,0.6750500466608075,0,NS
Aging,STK38,16.628298779402382,0.00478028376209849,0.9942664941598924,0.9999234847197528,0,NS
Aging,NECTIN1,21.18388094979016,0.672168509006994,0.5130631906664135,0.4180084542666535,0,NS
Aging,NONO,18.256395851518327,0.01330983779232752,0.953334759547234,0.9986391192440576,0,NS
Aging,PTPA,19.933253178710213,0.1340107655960452,0.688441821664005,0.9083566481892846,0,NS
Aging,RABEP1,16.815934132415865,-0.33546635013156845,0.361709152057038,0.5306074169859946,0,NS
Aging,RAB35,15.900483370108118,-0.16483117796424018,0.6245208343258688,0.8602233190267644,0,NS
Aging,TMED2,19.917753556852073,-0.12061094961419272,0.5932040106323417,0.8856231098264956,0,NS
Aging,PCBP1,23.848023032741292,-0.09474319315285484,0.4792807877375221,0.8748118399579625,0,NS
Aging,PCBP2,21.517877356687585,-0.00579754796975251,0.974500088525469,0.999670820541727,0,NS
Aging,ELOC,21.185623076609396,-0.10577742303716776,0.44464769609543225,0.8494180845604132,0,NS
Aging,ELOB,21.638847672387755,-0.27323387360950946,0.04462729831191756,0.24178031607276051,0,NS
Aging,UBE3C,16.697570323678203,0.4716626638982291,0.3003980989029539,0.3537011495921239,0,NS
Aging,DHCR24,16.582903679237653,-0.5917544922669578,0.13446582872242527,0.12520342725497,0,NS
Aging,RSU1,20.633182705093336,0.2886117674921813,0.08084817411846165,0.2912082388627789,0,NS
Aging,PPP1R7,19.81439900007797,0.15986500588623542,0.3755241904194028,0.7476325135965621,0,NS
Aging,SEC23A,18.562397538131663,0.04926584443123971,0.7887968314193509,0.977131011467682,0,NS
Aging,MAPRE2,21.284942024528863,-0.119478154691258,0.4677247405756811,0.8409631685540038,0,NS
Aging,TGFBI,15.338502896503265,0.27625736073086493,0.5944451937630056,0.7587776372808891,0,NS
Aging,TSN,21.490782584602893,0.23732315172136964,0.2270416420196806,0.5322317212141091,0,NS
Aging,SF1,14.759209550394925,-0.0141197341467727,0.9811404379804364,0.99942206917968,0,NS
Aging,TRIP10,19.518705234042798,0.23997201118412192,0.0498604897623706,0.29964838398480703,0,NS
Aging,MAPRE1,18.339583372057476,-0.3210892398676357,0.1793989868322105,0.3766572997676392,0,NS
Aging,TSC22D1,15.006612495818857,0.29736171585122406,0.7735323976774764,0.8604067320901128,0,NS
Aging,ELAVL1,16.794276040927723,-0.09363647552616072,0.8194644506135382,0.9636998185663552,0,NS
Aging,MYLK,22.97881777203737,-0.3163899922888831,0.45336333406955936,0.6197650232302448,0,NS
Aging,SPEG,18.75717275517603,-0.8056798359236623,3.9994967616244486e-4,3.0383746557737932e-5,-1,Down
Aging,TBCE,15.0244743030288,0.11277801981469791,0.7472623337531938,0.9367018338518022,0,NS
Aging,UBE2V2,23.552578332311153,0.01921302903051724,0.8963623331638939,0.9956688886789058,0,NS
Aging,NEDD8,22.340212215809196,0.06842364189193617,0.7735323976774764,0.9660132911966092,0,NS
Aging,ADIRF,19.304348874442816,NA,NA,NA,0,NS
Aging,ADIPOQ,21.643585573695997,0.3365237308618809,0.06695595015881087,0.21542057279503632,0,NS
Aging,RAB11B,22.613522945206345,0.04843618996525833,0.6626643679864846,0.9622863999116976,0,NS
Aging,ZYX,18.618382619014717,-0.1281703255547022,0.3660157049201585,0.7875724521338657,0,NS
Aging,HSPB2,24.880274144495893,-0.26523526974154166,0.2373258719662616,0.5019415502854924,0,NS
Aging,ETFDH,25.02623991415296,0.09851653308190578,0.655091889226141,0.9227212122202412,0,NS
Aging,SEPTIN7,17.87207401978585,0.07949199460077949,0.6882985242807287,0.9444634679410944,0,NS
Aging,ADRM1,18.055902151718342,-0.12730489054361982,0.5700941034672466,0.8707466972677592,0,NS
Aging,DDB1,24.141622770496507,-0.00903182222639742,0.9466049342318128,0.998937790498855,0,NS
Aging,CDC37,21.21069247288412,0.3040546342895176,0.00570734600640202,0.07837138248700107,0,NS
Aging,DPYSL2,21.581135245031312,0.3856167788113858,0.00307625887292229,0.02683074851178383,1,Up
Aging,SYPL1,20.852224035895897,-0.22187241085755716,0.2862400912759852,0.6017078933758135,0,NS
Aging,RBBP7,17.564906371119392,-0.3503400772425458,0.4793671948231449,0.610818759167191,0,NS
Aging,SGCB,21.015379385689624,-0.01535160311793859,0.932324561737242,0.9977120698775938,0,NS
Aging,SGCA,21.404642988485215,0.1152419487673768,0.46379599392815063,0.8442225720570962,0,NS
Aging,FXN,20.337677712134997,0.6281671162762308,0.00163443470405249,0.00137990387980424,1,Up
Aging,FSCN1,17.58516695486595,0.1418077875835202,0.6911838267920397,0.9045245242273572,0,NS
Aging,DECR1,25.093382303915742,0.16373041915818476,0.41044604922305633,0.7618568149353685,0,NS
Aging,NDUFA5,23.923902111126928,0.02632932468965876,0.9199210398250997,0.9954976614952286,0,NS
Aging,CLPP,17.786192031406777,0.00689601506325487,0.9908803460816216,0.9998398087319258,0,NS
Aging,TST,21.905139115102248,0.46579585067797424,0.01486599461419969,0.04141333637236831,1,Up
Aging,KYAT1,17.824080455431712,-0.1561521173789302,0.5763302915737629,0.847444293002762,0,NS
Aging,GUK1,15.098216564822181,0.0989031953862156,0.8643332397142983,0.9721158330159114,0,NS
Aging,HAGH,24.61471129357744,0.21260585116023023,0.12932447925016424,0.46674564535880575,0,NS
Aging,NDUFA9,24.346091545952365,0.00131661636838842,0.9972440679382396,0.9999905236608616,0,NS
Aging,PHKG1,23.263267147478857,-0.19943845463952312,0.11624936745154069,0.4743685572702015,0,NS
Aging,PPP1R3A,20.653726668605056,-0.4884442234622064,0.0036638258380207998,0.01225529773110277,-1,Down
Aging,HADH,25.388231896661186,0.34874837996085617,0.00820019784288642,0.06562236999390385,0,NS
Aging,UGP2,26.15437356975057,-0.1704871313422167,0.24032044787443685,0.6452651344379742,0,NS
Aging,TXNRD1,20.75461974810685,0.08755406709629909,0.5504856572133267,0.9041087265502804,0,NS
Aging,IMMT,24.531748901292616,0.09234582007390912,0.5425625221035321,0.8964087811074338,0,NS
Aging,IAH1,18.96791430642447,0.00307058646811242,0.9908803460816216,0.9999292338396716,0,NS
Aging,KLHL40,23.134034116859215,-1.0504357476035793,0.00744780507112868,2.3223536430980743e-4,-1,Down
Aging,TKFC,16.684072086003987,0.20928947453192492,0.6361687459148656,0.8317316009857944,0,NS
Aging,TIMM50,19.466332243688672,0.26603800997034455,0.1640139813952805,0.4262722353691944,0,NS
Aging,NADK2,17.084205852778062,0.39504086715524167,0.12932447925016424,0.24325732632758737,0,NS
Aging,FAM98B,18.28960915313028,-0.20091977460409535,0.27022526776023725,0.6200319921811083,0,NS
Aging,HIKESHI,20.54773927718798,-0.1998191270124856,0.20174330041772337,0.5643132955732411,0,NS
Aging,PDLIM3,27.380637715380423,-0.1145557305114977,0.67158679541094,0.9157963907306772,0,NS
Aging,HSD17B12,19.816226794550793,0.18061907254795528,0.5041537943479656,0.7877060763268746,0,NS
Aging,AGK,17.373201318019863,-0.1537110535050914,0.6548873831378872,0.8815996256167716,0,NS
Aging,LACTB2,17.669299355061504,0.2761985622635805,0.17261243190120784,0.4245845881773472,0,NS
Aging,DCAF6,18.740031939509844,0.2391292806478198,0.0903357898137414,0.3737912637027612,0,NS
Aging,CAVIN4,22.69733837294265,-0.04763266721996828,0.8453415537511719,0.9840250640886304,0,NS
Aging,FLG2,17.346810373732637,-0.35859491042546665,0.6462052176704017,0.7366642656767727,0,NS
Aging,RABL3,15.87465718409686,-0.02583566826532646,0.9337992450371578,0.9962760674236214,0,NS
Aging,COQ5,21.42132712139989,0.6020847595061376,0.0049650093301235,0.00565551371068786,1,Up
Aging,NOMO2,20.770026709735152,-0.29982229662427073,0.1473886294032153,0.363489100816396,0,NS
Aging,PITRM1,21.96669856301789,0.4633622934718815,0.15032590020886538,0.2120045579172593,0,NS
Aging,WDR44,16.15461771417186,-0.00334782066806482,0.996359047226705,0.9999670297729962,0,NS
Aging,COA6,20.12390266953169,-0.09019355194262955,0.73247058400445475,0.9459733055084596,0,NS
Aging,TOR1AIP1,19.07457908441359,-0.23587235773584325,0.545807271056492,0.7591573094261701,0,NS
Aging,GNAS,19.641740138173105,-0.1565112200713905,0.4358480023963261,0.781670859244314,0,NS
Aging,TTC38,16.385262273697897,0.1473048626982454,0.8447487385962563,0.9511038791021064,0,NS
Aging,C6orf136,18.76408368023368,-0.32660433351259144,0.6499359002235106,0.7601796996719534,0,NS
Aging,HP1BP3,22.89044863173238,-0.08145346434848832,0.8369250302762202,0.9714104215792946,0,NS
Aging,IBA57,21.140542826774197,0.6615644486765468,0.03450308618819548,0.02443326339373279,1,Up
Aging,UBR4,16.461071475467374,-1.0901098734805714e-4,0.99941712338617394,0.9999999364415216,0,NS
Aging,DCAF8,16.59338776180156,-0.100531443689853,0.6911838267920397,0.9312473585373756,0,NS
Aging,DDI2,24.47168350862971,-1.180971964413068,0.00836523024968158,1.121061136332499e-4,-1,Down
Aging,MICOS10,18.7706696643377,-1.3223525386158848,3.9994967616244486e-4,3.5078263540896836e-8,-1,Down
Aging,LYRM7,19.696788879622083,0.13849961710010916,0.6016581419086041,0.8735103276277739,0,NS
Aging,OBSCN,23.72278985083414,-1.0543244876057545,8.852685460679462e-5,1.106560252919887e-7,-1,Down
Aging,MYOM3,23.336259485372928,-1.349567778896077,0.00307625887292229,3.2017351235380245e-6,-1,Down
Aging,PDE4DIP,25.39733407890293,-0.25659252309079505,0.5981102692840007,0.7759009288735272,0,NS
Aging,BROX,17.74328466797864,0.13965151585121305,0.6924617939998078,0.9066074454995046,0,NS
Aging,LYPLAL1,17.886967954514915,-0.3163100498173179,0.6135281266807094,0.7401623691173785,0,NS
Aging,SYPL2,24.993695263553096,-0.3053233423936028,0.15394196954513148,0.3649156664766366,0,NS
Aging,ECPAS,20.90544456091857,-0.02259007164548165,0.8725848415990481,0.9939695209975956,0,NS
Aging,MICOS13,22.19086875455948,-0.4327975563038393,0.09568997138171197,0.1760966186759962,0,NS
Aging,RNF123,19.599717220816743,-0.13642963277009557,0.4306910662212892,0.8048591327050981,0,NS
Aging,TMEM198,25.667609504811377,-0.16146666516620556,0.6539797062832036,0.8754586246474598,0,NS
Aging,CRYBG3,23.268437284875024,-1.1896306897536633,0.08971024506500543,0.0073951250713087,-1,Down
Aging,NXN,17.446930869866094,0.5979287479073712,5.282398327679371e-4,6.785606035352836e-4,1,Up
Aging,PTRHD1,20.7204414950889,-0.2895910139546132,0.13224246160086733,0.3595530079439242,0,NS
Aging,ABLIM2,14.449724355937851,-0.6514218540863776,0.11581270625759672,0.08717268537920178,0,NS
Aging,LAMTOR1,15.760374237201123,0.5545289853203119,0.00820019784288642,0.01310436133511961,1,Up
Aging,DHRS7B,20.63896094698961,-0.7750430457858286,7.533652829667887e-4,1.1544503977238336e-4,-1,Down
Aging,TWF2,19.784329959682054,-0.1310831727599009,0.6553647876713825,0.8990200857778982,0,NS
Aging,ETFRF1,18.238578312369707,-0.20721665299839745,0.5434832161338956,0.7835302097924856,0,NS
Aging,RAB12,17.85642542730037,0.17518439897655114,0.4259024530896764,0.7546400846913993,0,NS
Aging,DENND5A,22.3371282383504,0.22512368552782647,0.4536806017455406,0.7119731922389443,0,NS
Aging,RCSD1,19.65038889765715,0.15580084939991323,0.42940714854021783,0.7797557807304345,0,NS
Aging,SLC25A24,19.045176140818587,-0.10625478042709346,0.5487140332568109,0.8841575589279222,0,NS
Aging,HIBCH,24.210050470040457,0.28260544683842426,0.3571458683451468,0.5830769946387766,0,NS
Aging,CAVIN1,24.24277984582812,0.11690801238392724,0.46379599392815063,0.8418875307339936,0,NS
Aging,MRPL54,16.938125930896167,0.04813431675760071,0.9325631243831324,0.9929297605515712,0,NS
Aging,LPCAT3,19.287444440756538,-0.46725974700945017,0.2045068766705031,0.2648940916658747,0,NS
Aging,TATDN1,18.792152357374707,0.29331298132337125,0.24392373438328607,0.4741220673439343,0,NS
Aging,SFXN4,18.48178096347848,-0.4422159222346238,0.2296102629166374,0.3106118747153266,0,NS
Aging,FAHD1,20.00710636839437,0.15448508067731836,0.4700058325155789,0.800184655451366,0,NS
Aging,LMOD2,20.555251643576103,-2.3470249931585663,0.00178300067450525,3.8316722626990094e-11,-1,Down
Aging,SLC27A1,15.848280118037264,0.41790050802093504,0.11037455177035758,0.20287285461764687,0,NS
Aging,CCDC137,21.205012518050214,-0.9929075319348364,0.18216573524030505,0.0502451994850785,0,NS
Aging,CORO6,19.859083896295935,-0.6429087927705304,0.09093358735823552,0.07161983768106579,0,NS
Aging,TMEM205,22.437690641550084,-0.3755185587163083,0.02314075638231441,0.09864063507345372,0,NS
Aging,DHRS11,18.277563793180416,0.10363459780319673,0.8447493613420961,0.9654371003238954,0,NS
Aging,APOOL,22.151560017751216,0.08677505078565062,0.6499359002235106,0.9298124196064784,0,NS
Aging,NAPRT,19.11581881851686,-7.39057095302087e-4,0.998346383096522,0.9999984253588736,0,NS
Aging,HSDL2,23.84642693132353,0.30728971823544526,0.05501767143886046,0.2230411857475333,0,NS
Aging,KYAT3,17.23966662325586,-0.16768823579108272,0.6785529719307373,0.8822267611315373,0,NS
Aging,TRIM72,26.493338283918412,0.00376090809069395,0.9804089430622784,0.9998375739956132,0,NS
Aging,UBN2,24.68646633148976,-0.2910008987496582,0.7242820938922665,0.8319575439815629,0,NS
Aging,TOM1L2,17.232142336024907,0.21023718166107488,0.1352749191440502,0.47922506954240746,0,NS
Aging,XIRP1,22.96565166821422,-0.7422474218524826,0.0650720561684794,0.03256389673789655,-1,Down
Aging,VPS13C,17.957649313822102,-0.2094624825307676,0.46379599392815063,0.7355030585928286,0,NS
Aging,UBE2R2,18.021465283308626,0.10420767753719672,0.7540526321228458,0.9429390826720444,0,NS
Aging,SND1,22.79159461151068,-0.20297676040013357,0.4106604638239199,0.714588712995143,0,NS
Aging,TRMT10C,19.26875690662201,0.312065233666722,0.08599560288801343,0.27107245188434126,0,NS
Aging,BZW1,20.379707126858413,-1.014361048598868,0.00221603655808637,4.5959322966177346e-5,-1,Down
Aging,EIF3M,19.152516689119036,-0.33071826148206185,0.06300187033583352,0.2134630523419706,0,NS
Aging,COPS6,21.532619792828193,-0.01968807671092776,0.9055054784046788,0.99606762687731,0,NS
Aging,CHMP1B,18.727254757909083,-0.146806735779748,0.6016581419086041,0.8662776523379171,0,NS
Aging,RRM2B,16.296308720826655,NA,NA,NA,0,NS
Aging,ERMP1,14.45354789958402,-0.21843714269641623,0.8594124881719022,0.9357196546267242,0,NS
Aging,MRPL21,17.07326295732032,0.04695132084711773,0.9450165725668896,0.994209417246182,0,NS
Aging,DGLUCY,22.312719608599327,0.10282799569759504,0.7076027090088038,0.9337000892685818,0,NS
Aging,MYH14,21.597101482362255,0.22255689604771337,0.3571458683451468,0.6533339345821886,0,NS
Aging,SZRD1,17.21883875075124,0.08316821212178738,0.7723854117663989,0.9582275610330944,0,NS
Aging,MAVS,19.748640218695012,0.3722993214226306,0.00655426063225131,0.04798652785688087,1,Up
Aging,COMMD6,15.048320398547396,0.08973494865377063,0.8659126555755245,0.974922985852783,0,NS
Aging,HDDC2,18.091205959449457,0.3509056753076578,0.08178323643732306,0.2251129336841713,0,NS
Aging,HDGFL2,16.204572899727513,0.5220067607955592,0.10548420742578628,0.13185407967761636,0,NS
Aging,DCXR,22.55324523980515,0.7197588937673807,8.565688862673524e-4,2.6249734504947065e-4,1,Up
Aging,SPRED2,23.145849431777584,0.7437850110804263,0.14519621004551153,0.07970333615336234,0,NS
Aging,HUWE1,22.560641565627208,0.3387666485202665,0.17362476653081854,0.3508182320157511,0,NS
Aging,GLRX5,21.405223200410628,0.06188373356524224,0.8748851880027358,0.98392682190438,0,NS
Aging,MYPN,20.23208475432374,-0.4217971826430435,0.29429911799254427,0.38923614762569664,0,NS
Aging,SRL,25.302462389625745,-0.0771474972574353,0.611732512184463,0.9289240782871182,0,NS
Aging,PRUNE1,17.112399100401646,0.6803517009942475,0.1806900582769237,0.12750876556993834,0,NS
Aging,ACOT1,16.917149934076622,-0.1404900513834164,0.7552182327826502,0.9241998552606944,0,NS
Aging,ISCA2,20.265886573737443,0.2942207272466568,0.2045068766705031,0.43316900511757794,0,NS
Aging,MTDH,19.295845250216978,-0.1410186328966958,0.5187622010348694,0.8353033023200634,0,NS
Aging,KTN1,17.02473201559566,-0.139155088272382,0.6467310547201195,0.8887791264391827,0,NS
Aging,NLRX1,18.450075247872164,0.29612240223332265,0.16676570505976782,0.39032472973472215,0,NS
Aging,ALYREF,17.55811832043281,-0.28389076730109863,0.3571458683451468,0.5813631486422166,0,NS
Aging,MDP1,17.066892034429284,0.6079637880071118,0.01556659661833435,0.01643541732881204,1,Up
Aging,SLC25A42,17.011748280395793,-0.2837381503952585,0.816459861985266,0.8920904169308382,0,NS
Aging,NRAP,21.547399091839893,-0.915831346351041,0.01310990160822052,0.00158005887902837,-1,Down
Aging,VPS36,16.701399528298925,-0.02739244809062313,0.9433104178768088,0.9965064464494394,0,NS
Aging,CAND1,20.962324191609387,-0.02211635559290314,0.9319292622640208,0.9966734958980926,0,NS
Aging,COMMD7,15.649765598617703,0.02029367801957704,0.969231405527294,0.9987047684311317,0,NS
Aging,LDHD,19.08881876805161,0.2379248890163588,0.6350372258523719,0.809739292356875,0,NS
Aging,CARM1,17.895038935637217,-0.8573787250939553,0.00836523024968158,0.00134741462739367,-1,Down
Aging,NIT1,19.16514336993063,0.26553424226462496,0.26211625439325925,0.5252539767895512,0,NS
Aging,NDUFA11,22.49639554437555,-0.7806220790807359,0.01950838401975869,0.00656971315853987,-1,Down
Aging,ECHDC2,18.288535730553846,0.2254147475343551,0.35613449598961844,0.6487390953097958,0,NS
Aging,PHYKPL,16.45066800269256,0.14725972280725586,0.6851298973765295,0.8982751875860964,0,NS
Aging,MUSTN1,22.492588928499732,-1.3511718766911898,0.00836523024968158,3.0367957041618097e-5,-1,Down
Aging,NAXD,22.118641802937205,0.6605139422495014,5.865619973041233e-4,3.608556571878364e-4,1,Up
Aging,MFN1,21.133019984780177,0.04435657069587506,0.9180898636306244,0.9922932419170648,0,NS
Aging,SLC44A2,19.84409074576877,0.01747747933178445,0.9600956205375124,0.9984604992554512,0,NS
Aging,HSCB,14.957030356357818,0.12577304540374712,0.756801331749527,0.932559464538955,0,NS
Aging,ADHFE1,21.118531260901392,0.3167011815045626,0.3620056200895763,0.5504664766404886,0,NS
Aging,UNC45B,22.536959287782313,-0.10178100747323526,0.5849848998705296,0.9000135720163144,0,NS
Aging,MSRB3,16.97334939524807,-0.43229412183153926,0.5903507329282327,0.6439629577267824,0,NS
Aging,KLHDC8B,21.523406228818228,-0.06569564756600244,0.8841615004377537,0.98397497006102,0,NS
Aging,SUPV3L1,16.2234573870834,0.1099634442736246,0.8635020197418791,0.9687220086958048,0,NS
Aging,THNSL1,15.10766757597899,0.3521609467770688,0.6350723894442097,0.7321439217509947,0,NS
Aging,PM20D2,18.999376348999732,0.21585665176353783,0.6467310547201195,0.8330359709249698,0,NS
Aging,MICU2,17.33497881413305,0.03846119262992786,0.9122641199669076,0.992779362296364,0,NS
Aging,ELMOD2,14.256273444928349,-0.4300029229698854,0.5519896800075532,0.6121853391740263,0,NS
Aging,ALDH16A1,17.829684084987893,-0.00170806758719521,0.9983287187602736,0.9999947046092886,0,NS
Aging,FAM185A,15.17532546360237,-0.05635860135526371,0.940995224538916,0.9926298771279832,0,NS
Aging,ADSS1,25.11775293306255,0.21773847142804215,0.09568997138171197,0.4176263171651567,0,NS
Aging,NDUFAF2,16.997148312692637,0.1434019007149452,0.6829208369640207,0.8998243193760108,0,NS
Aging,LRRC47,22.210156147393988,0.20137866150219708,0.14092315585157456,0.5005172540029899,0,NS
Aging,GPD1L,25.860176321154334,0.34791930286003847,5.041318821487472e-4,0.01385398146827977,1,Up
Aging,EHBP1L1,19.865869848950258,-0.23557138120460763,0.1806900582769237,0.49013053348168767,0,NS
Aging,CMYA5,25.282240817663553,-0.07741200379060942,0.6911838267920397,0.9464468424909948,0,NS
Aging,TXLNB,21.221025944489043,-0.0486124769145988,0.7639930501243067,0.9742647847406588,0,NS
Aging,SYNPO,19.298464194026774,-0.3788287699662831,0.22507295487694448,0.3631182829897216,0,NS
Aging,TOMM5,18.85927689113182,0.01568569627596972,0.9678933096483202,0.9989061937769798,0,NS
Aging,CHCHD4,17.255753118599042,0.43982760337609506,0.11776620599757032,0.194576918038755,0,NS
Aging,CBR4,20.594466369181976,0.5481926991323149,0.04005556796362374,0.05293190605002005,0,NS
Aging,MMGT1,15.626842569079848,0.01978303040903029,0.9596630977933248,0.9982041918154392,0,NS
Aging,SMIM20,19.485004540474208,-0.03023604308823735,0.9367048018985528,0.9957790204779065,0,NS
Aging,CISD2,17.923520735528164,0.11283927825420292,0.7142556684324602,0.928796250975768,0,NS
Aging,ATPAF2,17.62793897351076,0.26087342830739146,0.4300216770724993,0.6597377315791181,0,NS
Aging,JAGN1,22.141882089837036,-0.265169302274856,0.3660157049201585,0.6102176201150332,0,NS
Aging,MRPL50,17.077853901221317,0.03759792652698124,0.9468564915333476,0.9956145206993448,0,NS
Aging,EMC1,17.09387191621884,-0.24862787987966328,0.41044604922305633,0.6615744515860762,0,NS
Aging,PTGR2,23.231581329435357,-0.06092281233524233,0.8073864793151051,0.9743479867823278,0,NS
Aging,SMYD1,23.7567550452528,0.06460450016320962,0.8609269133419032,0.9810083866743496,0,NS
Aging,NHLRC2,20.094220811159737,0.34800586390844757,0.07179761681871459,0.2123075342365401,0,NS
Aging,RDH13,17.30282173949789,0.03705219628059453,0.9337992450371578,0.994677611397862,0,NS
Aging,TXNDC5,17.277657295478964,0.1552030708954355,0.3870184640451954,0.7593350897317243,0,NS
Aging,ATAD1,19.03111070076528,-0.20476457847817997,0.2727925357493696,0.6163570621638434,0,NS
Aging,SCCPDH,22.25321833582995,0.01102026054467231,0.951469390619852,0.99880794449438,0,NS
Aging,SERBP1,19.167044382054986,-0.13381440821642698,0.5873048910735554,0.8716172108659724,0,NS
Aging,FAM98A,18.095915032118317,-0.10442841905701884,0.7997994074307816,0.9545340362340948,0,NS
Aging,PDPR,16.267084261515183,0.00290523475285908,0.9956422697660386,0.9999665163369597,0,NS
Aging,NAXE,23.233099734082252,0.1682030575071991,0.12773451318495405,0.545544948354517,0,NS
Aging,NPEPL1,20.483905065837316,0.3897368874463858,0.16676678728999533,0.29042204852361003,0,NS
Aging,ADPRHL1,24.078411282745847,-0.13091441169493478,0.5361249676746196,0.8534353060529557,0,NS
Aging,CHDH,16.118617572841742,-0.23284171000518228,0.6000720981030346,0.795557814702417,0,NS
Aging,ABCF1,18.99507072783391,0.07711863984184575,0.7553725427921483,0.9578591165034108,0,NS
Aging,MCU,20.896719535932224,0.2574837303090298,0.32014250920071935,0.5850326637601523,0,NS
Aging,ABHD11,17.924709362864995,0.6843891801974209,0.03859139973261375,0.02440534705732627,1,Up
Aging,ATL2,17.926489314007583,-0.33809882425864757,0.2862400912759852,0.4612600220839245,0,NS
Aging,PPTC7,18.42936855617289,0.481734398408463,0.1645695741901109,0.2140705021910039,0,NS
Aging,COQ8A,24.679971071359816,0.28541636082423594,0.0483260862172797,0.23516457036450525,0,NS
Aging,NPLOC4,19.53116972157277,-0.24705261634452216,0.06012353346613182,0.3096834107164626,0,NS
Aging,SPATA20,17.400529923276345,-0.6536567093229237,0.32461141247434694,0.2604057235213708,0,NS
Aging,NUBPL,18.988675084240164,-0.31333379322468957,0.39456794556293184,0.578872834968414,0,NS
Aging,DEPTOR,21.503737980903978,-0.23488378003852617,0.3820833964893744,0.6559561301333195,0,NS
Aging,RDH11,16.557221623079904,-0.37261309351405814,0.3983850069326778,0.5259810523336971,0,NS
Aging,LRRC20,24.143566360854415,0.05615579928799974,0.7735323976774764,0.9720480164226716,0,NS
Aging,NT5C,18.039461494280637,-0.34097879713456436,0.16908398408552072,0.3429220590046728,0,NS
Aging,PNPT1,18.252592970258934,0.15888161968355874,0.4536806017455406,0.7871838517117844,0,NS
Aging,SPPL2A,18.622068922517965,-0.07368775609983658,0.8463801058848562,0.9756681273184687,0,NS
Aging,PREX1,14.926568478678217,-0.8509082126012082,0.01134665965477992,0.00203041058239806,-1,Down
Aging,NEK9,16.776475199192255,-0.04721530676803098,0.903615014171258,0.990418240375198,0,NS
Aging,GPT2,15.300539360276796,1.677160554764738,0.07839642558682718,7.066635828224694e-4,1,Up
Aging,MYOZ3,19.370333665169422,-0.7261950896640528,0.2138125893017939,0.135073001125244,0,NS
Aging,NEK7,20.651367702228157,0.0683269365297221,0.7507139633778761,0.9618344367598596,0,NS
Aging,DTD1,16.189710754739952,0.2966564254067805,0.30079619601030155,0.5205343368775548,0,NS
Aging,UTP15,26.74929664352296,-0.8610512131263341,0.16368635553735417,0.0630939696186894,0,NS
Aging,SETD7,20.600199841778156,-0.10859149284194204,0.5519213338853338,0.883274349133659,0,NS
Aging,NUP133,18.95949569971599,-0.06941932647135474,0.9122641199669076,0.9870680512081448,0,NS
Aging,PDCD6IP,20.50287122259058,0.12069263040292456,0.3140178731408692,0.7745336536213088,0,NS
Aging,THEM6,16.532545610896733,-0.16224939857158205,0.5434832161338956,0.8258331609079989,0,NS
Aging,SMIM4,17.342509068457172,-0.35627905862970266,0.17097892007077023,0.32879268356036834,0,NS
Aging,NUDCD2,18.714481218809773,-0.01943073177801224,0.9463619661945764,0.9976682863351078,0,NS
Aging,SCFD1,16.3030802137747,0.4578448858851481,0.04459332986283149,0.09234560660959744,0,NS
Aging,PCNP,16.45602316893636,0.1507780580718645,0.7076027090088038,0.9043248868409648,0,NS
Aging,DNAJA4,19.690798864176628,-0.1938099287157584,0.552150012520363,0.8018756355316744,0,NS
Aging,SPRYD4,19.91891049039138,0.17073930126531425,0.5750227213993282,0.8334189664081464,0,NS
Aging,RTN4IP1,18.32395437229764,0.21509529718460385,0.5611389039967383,0.7864036718288004,0,NS
Aging,PALLD,19.63661388328596,-0.1226865356069844,0.7733878582386908,0.9394268766568236,0,NS
Aging,SYNE2,17.929679609839322,0.27057971980998374,0.22018517534926685,0.4804381688887164,0,NS
Aging,THAP4,21.934883663780557,0.2547970263456314,0.2532708320974377,0.5295551990910151,0,NS
Aging,IFT81,22.267649476816526,-0.8101091393317752,0.21631131008160828,0.10895583798747888,0,NS
Aging,TTN,26.173236593363615,-1.7289284624647046,2.5400188914381056e-4,6.914524649692423e-11,-1,Down
Aging,DDX1,21.122165288038637,0.04300170165823402,0.814416948453641,0.9824327962541342,0,NS
Aging,HSD17B8,20.471552615208157,0.2749252743299948,0.269072831684221,0.5188917014610444,0,NS
Aging,CPT1B,23.369180714369236,0.27806353739912737,0.18583424303613635,0.436430813176134,0,NS
Aging,PSMF1,20.857415116637853,0.08154360588975607,0.6785529719307373,0.9408528981481294,0,NS
Aging,UBXN4,16.056706014323495,0.1539324252219334,0.5973149048584673,0.8583239154767571,0,NS
Aging,HSPH1,23.360046366018953,-1.4720606394812243,0.5173952944133817,0.15093499950008174,0,NS
Aging,MYO18A,19.69973455837782,-0.21276277170603208,0.5512352778846321,0.7833842403949269,0,NS
Aging,GCN1,17.059956646117673,-0.1952843209930002,0.519313746616664,0.7803259310615518,0,NS
Aging,SGCD,21.382338729505584,-0.06310501579374872,0.7266323090643041,0.9612823847056888,0,NS
Aging,AKAP1,16.435813972472452,0.2715763307681982,0.46379599392815063,0.6721424367053697,0,NS
Aging,RABGGTA,18.060787184580818,0.05368230307286481,0.8128286181497374,0.97786135048171,0,NS
Aging,TFG,21.149479974453687,-0.18899172261500397,0.3058584048881601,0.6645617441034636,0,NS
Aging,ARPC1A,18.19390311046805,-0.08136971028710249,0.6862336957846302,0.9428413443354714,0,NS
Aging,P3H4,22.45063208325724,-0.3234396753247246,0.4684272833686264,0.6261918846185331,0,NS
Aging,DDX17,19.932280489770505,0.122030946145955,0.4746439084018618,0.8402300323823333,0,NS
Aging,CELF1,16.364969746384364,-0.631331591239114,0.01236617550999628,0.01104007999418259,-1,Down
Aging,UFD1,20.25991120896123,0.12859870109626215,0.6552223898241221,0.9004408748362152,0,NS
Aging,RPL3L,17.786456184069397,-0.2672156524442322,0.562977184256147,0.743520483375002,0,NS
Aging,COPS5,21.200692963770333,0.03356424505831512,0.8725848415990481,0.9909653817237648,0,NS
Aging,KHSRP,17.5781530877667,0.21258976797200901,0.310348853217068,0.635453409199482,0,NS
Aging,GCDH,19.397629150146404,0.35941208213303,0.11090480013245754,0.25449175987911676,0,NS
Aging,TNPO1,16.658258627346274,-0.2025470018599691,0.2138125893017939,0.5721385929410828,0,NS
Aging,USP13,16.8278509504232,-0.12927383802649928,0.7578763099423431,0.9309950737365236,0,NS
Aging,USP9X,17.732476557902142,0.0676018534000562,0.7062068788449534,0.955640517498523,0,NS
Aging,CUL5,22.44311966987605,0.11224621699690118,0.4023114637502881,0.8256594950769472,0,NS
Aging,LPP,16.933354135240258,0.3281379928759982,0.12486961807074792,0.3028495178649688,0,NS
Aging,ATP2A3,27.838939316261765,-0.4023969316902906,0.16653222658723155,0.2781100797741578,0,NS
Aging,PHKB,22.37317481174377,-0.38935456244660926,0.01687102442962308,0.07502474516099109,0,NS
Aging,UBE2F,17.252777050224566,0.3777127743031983,0.38534969267725,0.5102410929679868,0,NS
Aging,RPL36AL,20.386456931152985,-0.47895821767755464,0.0642759813052138,0.10851926614452286,0,NS
Aging,WBP2,19.54148899042856,-0.05374002559144131,0.7843989025569728,0.97450372100181,0,NS
Aging,ERGIC1,17.560313318847733,-0.20665794722267705,0.5763302915737629,0.8033806541418319,0,NS
Aging,MTARC2,17.822203582399073,0.04911261866840277,0.8369250302762202,0.9826643990520296,0,NS
Aging,FAM162A,22.908549696268423,0.03051535966371688,0.8963623331638939,0.9931392310230036,0,NS
Aging,CCDC47,16.290680218346953,-0.3889104550200031,0.02914920441345928,0.10227991225923956,0,NS
Aging,TMEM230,18.460734920067104,-0.08328432669341979,0.7788388524060814,0.9595664771557164,0,NS
Aging,ISOC2,21.873498457018545,0.14660787938015574,0.34953989862529117,0.7512213853112366,0,NS
Aging,FERMT2,19.31885885766713,0.02203385595435136,0.940995224538916,0.997112505647842,0,NS
Aging,FUBP1,18.10722557068226,0.12456704228899795,0.497603948687193,0.8462586117252034,0,NS
Aging,SLC25A46,17.032584174670244,0.9450169371669794,0.0043598651912812,2.454676879275671e-4,1,Up
Aging,TMEM143,21.243776250343707,0.1638877209556,0.5750227213993282,0.8393849073475709,0,NS
Aging,PBXIP1,24.169718086512695,0.25903782883952786,0.07974697765177471,0.3281287785891777,0,NS
Aging,PTER,15.961550589024265,0.5126714724626211,0.5578818808274001,0.5615261818003461,0,NS
Aging,ZBTB9,18.712345613504233,-0.05611139778461194,0.8995994757433766,0.9881419374264794,0,NS
Aging,FAM136A,18.93615565409932,-0.39334796975981234,0.2429173323729438,0.3663421548190506,0,NS
Aging,FGGY,20.990688560957977,0.6656853666009361,0.12932447925016424,0.09212138379896824,0,NS
Aging,GALM,19.422802071055894,-0.20224120557757175,0.273247863683548,0.6210340462773725,0,NS
Aging,DCPS,15.977401868523213,0.08760614459977845,0.8421194609754722,0.9701502832328136,0,NS
Aging,PPP1R14B,17.874311925845074,0.14719471262120365,0.6000720981030346,0.8653987309579396,0,NS
Aging,ACSF2,20.05193842341908,0.3660779523074673,0.07632136438706322,0.20202983550857465,0,NS
Aging,ISOC1,20.69064882120997,-0.03739167604532056,0.9193215110168776,0.9935685270503106,0,NS
Aging,CCDC124,18.11344749670642,-0.09345304260893884,0.7062068788449534,0.9391451754040164,0,NS
Aging,OPTN,17.554082433512985,0.3744944086948401,0.10428178198619824,0.23206917437931857,0,NS
Aging,AP2M1,17.517872810159595,-0.22749946733980408,0.25415217979831933,0.5687394151047641,0,NS
Aging,KCTD12,17.10022331094002,-0.3801117353606429,0.5870045884469204,0.6762303974631688,0,NS
Aging,RMDN1,19.90077160015615,0.12641012756828474,0.5546205851514795,0.8665429319957114,0,NS
Aging,ECHDC3,19.99965195538638,0.4480447301438773,0.2071543409324632,0.28270207220020255,0,NS
Aging,NUDT16,16.982734805061856,0.0842250571707055,0.762697605704073,0.9553455921702352,0,NS
Aging,CMBL,25.6533963129086,0.01207474335745573,0.9684758696153276,0.9991988469796512,0,NS
Aging,MSI2,19.689472902879373,0.05376156507933416,0.8526154448561737,0.9827937366489036,0,NS
Aging,MRPL38,16.735072910112873,-0.1367410113019325,0.6548873831378872,0.894074300500746,0,NS
Aging,MRRF,17.58904791477933,0.04456718321097952,0.8985051201443869,0.9902821438646904,0,NS
Aging,MRPL53,18.88864277849324,-0.10676787546929488,0.8157577623103688,0.9572368654277784,0,NS
Aging,DAZAP1,16.81003778252304,-0.535940580106594,0.5763302915737629,0.5664776811734532,0,NS
Aging,DNAJA3,17.343738541682296,-0.1548213088416297,0.699821574396069,0.8994860310688446,0,NS
Aging,PTCD3,17.187802971013422,0.15025221227176644,0.5512352778846321,0.8417071905161895,0,NS
Aging,MMAB,16.571354529260198,-0.03638799788899405,0.9129425992413124,0.9932628358588952,0,NS
Aging,DYNLL2,19.01732821770432,-0.1237318725173111,0.747745836969894,0.9309190649521842,0,NS
Aging,S100A16,17.465054030635635,-0.7476455561898128,0.3162770619984871,0.2074141269280005,0,NS
Aging,SCRN2,20.07370944573096,-0.05775856508897092,0.8816988214263487,0.9856159473964026,0,NS
Aging,OTUB1,21.267798288559092,0.5200491437339103,1.8142383524014776e-5,6.401007479366329e-5,1,Up
Aging,CHMP6,15.828192985393995,0.15045782024995624,0.5291331822253755,0.8301164346550339,0,NS
Aging,PDXP,16.720279702294928,0.319758186395795,0.3965410800094805,0.5746858292111063,0,NS
Aging,DCUN1D1,17.242626014604095,-0.30145730448409225,0.20755113953804888,0.42865336149925914,0,NS
Aging,FAHD2A,18.727910713021632,0.4706314230389701,0.16873311707243183,0.22745439063177852,0,NS
Aging,SNF8,17.171871830197833,0.12822747684585423,0.6367338916042277,0.8936322838207433,0,NS
Aging,PDLIM5,27.460897314497444,-0.5572364767614921,0.00956191490751222,0.0151233905587278,-1,Down
Aging,CRELD1,22.388981840301746,-0.20571727599221745,0.6553647876713825,0.8460912199646051,0,NS
Aging,ERO1A,16.542208626253903,-0.17672097871387393,0.2687762042747706,0.6553774584252807,0,NS
Aging,AHCYL2,18.93485360187299,0.03650351232243665,0.834152691058236,0.986843661292676,0,NS
Aging,PGAM5,19.44481451977911,0.2702760662425696,0.3888301946438429,0.6208242225072468,0,NS
Aging,DDRGK1,17.405475818326035,-0.18741231921910284,0.32504490721397844,0.6804296047416514,0,NS
Aging,PYURF,19.275059929145986,-0.8543387462406038,0.03284492873201691,0.00769881030830292,-1,Down
Aging,SUCLG2,20.689586222317445,0.03297777277483504,0.9337992450371578,0.9952304849579,0,NS
Aging,ABHD14B,22.654333500061284,0.06242283059975051,0.7492662322112468,0.9646911462580756,0,NS
Aging,NGLY1,17.280915131113993,-0.40005330567335307,0.05501767143886046,0.14184357233598452,0,NS
Aging,TMX3,18.246778544992996,-1.3485419408419652,0.15851014859296794,0.01231339304423797,-1,Down
Aging,BTF3L4,20.160085685495233,-0.1929838689989047,0.13126394999604368,0.5042314764258767,0,NS
Aging,USP47,18.23975399595067,-0.03320564696083394,0.9055054784046788,0.9933900810893206,0,NS
Aging,CNDP2,19.061230765117145,0.02596944037352244,0.9021911164295752,0.9946095373167084,0,NS
Aging,ALPK3,18.21403502602703,-0.4748534661123678,0.05977500402482467,0.10409598183505402,0,NS
Aging,STAC3,24.673159665963215,-0.2907464313878805,0.2373258719662616,0.4696829482693553,0,NS
Aging,COQ10A,21.842878577080555,0.08166976986752061,0.8066690080135717,0.9653158105311676,0,NS
Aging,JSRP1,23.98864413420542,-0.0855651727183826,0.6467310547201195,0.9301294259882148,0,NS
Aging,MCEE,20.049187011085973,0.8364875557784899,0.07024905914315029,0.02343340132081418,1,Up
Aging,QKI,17.517966771034306,-0.08491682394525313,0.8463801058848562,0.9720279412800792,0,NS
Aging,PLIN4,24.54496052047188,0.6245355873363607,0.00115312251106187,0.00102164871358,1,Up
Aging,ALKBH3,13.886234083199248,NA,NA,NA,0,NS
Aging,VPS35,17.904672179875494,0.15925387856521667,0.403772878254077,0.7627594007409435,0,NS
Aging,PURB,16.766215406355126,0.05516341141806435,0.8976778978045473,0.9878773665416126,0,NS
Aging,BBS4,22.762804491797244,-0.07913632821326999,0.8240051961519665,0.9702292332339464,0,NS
Aging,VPS13A,17.220071536422548,-0.537047390246844,0.3929386473887797,0.39023381521300127,0,NS
Aging,GFM1,19.480501898388287,-0.04550642573969199,0.8550145420421295,0.98576787510824,0,NS
Aging,MCCC1,18.752899663578553,0.6327934970554594,0.00894769946464029,0.00808278065954185,1,Up
Aging,METTL26,19.37384124667105,0.03309617762211658,0.9094111774055066,0.9936568912608548,0,NS
Aging,CLCC1,16.908359464068397,-0.2120798488241391,0.29304311204227285,0.6195907841100736,0,NS
Aging,PEBP4,17.950016249048826,0.00147236608619749,0.9979482727940456,0.9999927279533658,0,NS
Aging,PLEKHF1,17.257311554116505,-0.01553547575334946,0.9644260483857542,0.9987431175129172,0,NS
Aging,MYCBP,15.887246534050508,-0.27438891222810824,0.21043781529552183,0.4649182564713405,0,NS
Aging,TBCB,19.281198117207285,0.17695120155322286,0.3154601373253157,0.6883782770071382,0,NS
Aging,PSMB7,22.209674700707488,0.09700803175026708,0.573350750757543,0.901004478103811,0,NS
Aging,PCYT2,16.550513253002546,0.2228729307590278,0.4042877810181676,0.6850625447095452,0,NS
Aging,PSMD1,21.340462414073375,-0.0978380990319394,0.518079600809091,0.882292067796367,0,NS
Aging,PFDN5,20.09902777435093,-0.06755821824673447,0.7076027090088038,0.955965494147073,0,NS
Aging,PAFAH2,20.954102392488146,-0.00774524816799271,0.9811404379804364,0.9996816179779224,0,NS
Aging,PARK7,26.927999499529815,0.06204541956433473,0.6557252864262828,0.9509848771566785,0,NS
Aging,VAT1,19.137068331521665,0.02295169927146645,0.9271490224080404,0.9963478295692731,0,NS
Aging,PLIN2,22.543197780130804,1.1244187421772909,0.0049650093301235,6.3143140032699e-5,1,Up
Aging,S100A13,22.81081717988349,-0.29702209527841816,0.5387929818811551,0.7007726794739524,0,NS
Aging,TSNAX,17.39279624386738,-0.14731200179627635,0.6329029749598437,0.8767895899795586,0,NS
Aging,EIF3C,23.90657973523368,-0.4867190736267304,0.00361531208606489,0.01228051714646935,-1,Down
Aging,PHB2,24.495168142668156,0.20103185059253548,0.14853981988966894,0.5087572468246387,0,NS
Aging,COPS8,22.534632160204744,0.17890419872878738,0.2550792500406976,0.643088438916522,0,NS
Aging,SDHC,23.293750088267466,-0.3413602231980697,0.41044604922305633,0.5666910910977382,0,NS
Aging,CHP1,18.574958425693048,-0.3594897610419885,0.05100942148614336,0.1659802922534262,0,NS
Aging,HSD17B10,21.51633182237144,0.07791467041028,0.6916699669459683,0.9465077424687672,0,NS
Aging,NAP1L4,22.301728694237532,-0.2203881282483593,0.06426182699404182,0.35942560280519315,0,NS
Aging,MGST2,19.709016248311425,-0.6479493578231441,0.02211363062539776,0.01766277061348491,-1,Down
Aging,TXN2,19.58954751671259,-0.14595874930643404,0.48276395637305863,0.8158223624384103,0,NS
Aging,DMAC2L,18.810291942178775,0.34826510100519315,0.19004909476253076,0.3591939301551653,0,NS
Aging,ACO2,26.935516301194475,0.29698681334937405,0.01556659661833435,0.13365236208912934,0,NS
Aging,COQ7,22.68212854585426,0.37716239214328695,0.00172157411241965,0.02072400605115355,1,Up
Aging,SLC29A1,16.794978816916203,0.06281505490805728,0.8371069741033099,0.9779647235397944,0,NS
Aging,TSG101,17.731046717344583,-0.15900536457370862,0.4042877810181676,0.7634015105002618,0,NS
Aging,CPNE1,18.184388333373548,-0.22178309594854895,0.31731019378744496,0.627911261664131,0,NS
Aging,CCT7,22.557665076342747,-0.1144045948611101,0.3571458683451468,0.8038076032406732,0,NS
Aging,PRMT1,18.78573337285874,-0.01531770053060199,0.9466049342318128,0.9981965789077664,0,NS
Aging,NIPSNAP1,20.43957388366637,-0.08086094381579301,0.8963623331638939,0.9819357231320168,0,NS
Aging,ARPC5L,18.926994213127134,0.16537506660483814,0.7830815659342589,0.9230654439479922,0,NS
Aging,MICU1,18.5544755260856,0.7041384024202664,0.0329311914530799,0.01850241283795359,1,Up
Aging,MACROD1,24.70383150484715,-0.2518856570278807,0.09560129346911024,0.3632983776456958,0,NS
Aging,WDR77,18.831561343882797,0.0846839051021,0.7366892665211278,0.9500311472600568,0,NS
Aging,APOL2,17.324189711880987,-0.28699922097696984,0.3569264125479432,0.5771530844226667,0,NS
Aging,FYCO1,19.390795280711437,-0.00349827362730792,0.9942664941598924,0.999943469653468,0,NS
Aging,JPH2,20.62861637170192,-0.27426769633496306,0.09167859468951128,0.325945137227406,0,NS
Aging,CORO1B,14.465410292220438,-0.07860085848821896,0.9149009572852536,0.9857105475139986,0,NS
Aging,TXNDC17,20.50629109751645,-0.1830599449861623,0.183347851091611,0.5772272668175362,0,NS
Aging,PLCD4,20.974672992121267,0.11791419045657392,0.4862753001176705,0.8497352119053788,0,NS
Aging,CPPED1,18.83083857492034,-0.4072773294717713,0.35964464779403776,0.4613318769401605,0,NS
Aging,VPS25,19.52070192649142,7.606365497245804e-4,0.9979482727940456,0.9999969896402836,0,NS
Aging,MIEN1,20.833433868332357,-0.4989698496491961,0.07311705792453511,0.10954324411088268,0,NS
Aging,PELO,16.527114249307974,-0.22431507353728009,0.47897226420968514,0.7282492458915618,0,NS
Aging,PRXL2A,20.249483110619387,0.10190379281776528,0.7830815659342589,0.9517817605703226,0,NS
Aging,ERP44,18.986271397616953,0.05607094374941113,0.9293722561857906,0.991333223743062,0,NS
Aging,LXN,15.065319099510996,NA,NA,NA,0,NS
Aging,NIPSNAP3B,23.140451248140874,0.30363215435795254,0.2194246471996543,0.4386159767722867,0,NS
Aging,NTPCR,17.710610054977586,0.14970040007737495,0.644475085501251,0.8795024277805367,0,NS
Aging,AGMAT,20.87449518587789,0.2268922277849228,0.6958440454419631,0.8544588837536722,0,NS
Aging,TACO1,19.325050350225705,0.4512765983593994,0.0459221813668029,0.09860524905922284,0,NS
Aging,ESYT1,22.518366488718303,-0.17526621058950198,0.5504856572133267,0.8170870682560917,0,NS
Aging,UBAC1,21.06450010453897,0.20988432751068944,0.1987861210704366,0.5459352459558219,0,NS
Aging,COPS4,21.194724038145253,0.166304547817127,0.09812977089745772,0.5164195564482849,0,NS
Aging,DCTN5,15.266472586241845,0.4344095482219767,0.1073729468884756,0.18759937872953836,0,NS
Aging,AARSD1,17.161111374784177,-0.22413193230107,0.48496893387023754,0.7326073737509564,0,NS
Aging,TMEM43,20.84832894186251,-0.20729081289635687,0.4043524671358783,0.7037497413980993,0,NS
Aging,DHRS4,18.802002372091327,0.1401733458473835,0.7203138190798429,0.914301040988096,0,NS
Aging,TMEM70,20.549683281639652,-0.11539375456173318,0.7759721182880129,0.9438174676650124,0,NS
Aging,TUBB6,18.671508000605208,0.05848342014447283,0.8534674466902405,0.981481191158526,0,NS
Aging,CHCHD7,18.360870290112963,0.31915074468489735,0.2382163251952261,0.43852588282033567,0,NS
Aging,APOO,22.584046267545663,0.04691799522044704,0.8237312967083351,0.9821993712077044,0,NS
Aging,MRI1,15.529690125818693,0.00169327255643381,0.9979482727940456,0.9999928069829536,0,NS
Aging,ABHD6,20.01901028919857,-0.7110254803560849,0.00668821489514481,0.00314288608460194,-1,Down
Aging,ADI1,19.26215495601485,-0.23520209934662617,0.6368660449469907,0.8137824333871768,0,NS
Aging,MECR,21.14887001634809,0.23176236104085035,0.22507295487694448,0.53813259460756,0,NS
Aging,NTMT1,16.916862824482386,0.4075426224131462,0.16898528557362377,0.2779886410853697,0,NS
Aging,TMEM109,21.454228112319537,-0.18165645460043223,0.40235166336278166,0.7336376365373436,0,NS
Aging,TMED9,20.760944671626017,0.12025521982986832,0.6534073454446201,0.9054388589535796,0,NS
Aging,TIMM21,18.185886251581756,0.1259811114947453,0.6553647876713825,0.9024935923889584,0,NS
Aging,TPPP3,21.008465281012754,0.2862788184714731,0.5383174909428001,0.709190773209429,0,NS
Aging,NUDT9,16.130412548431345,0.03637132404202248,0.8882857015720607,0.9913526524504974,0,NS
Aging,FUNDC2,24.403766875042813,-0.05423732781433443,0.7811081767434116,0.9736971159128768,0,NS
Aging,SORBS1,18.147099603759507,-0.03584798445235648,0.9596630977933248,0.99678274535338,0,NS
Aging,HINT2,21.789343280024244,-0.11351477144506816,0.7440012016600854,0.935425508378688,0,NS
Aging,OSBPL11,14.366571439468842,-0.3681284264749447,0.3304623190626891,0.47450016437373294,0,NS
Aging,NT5C1A,23.024289211987305,-0.5886211231692045,0.06134656781972487,0.06242921589677115,0,NS
Aging,TMEM120A,15.201243208531707,-0.00528099621688582,0.9966754519662931,0.9999521945923052,0,NS
Aging,NAA15,18.3818952966093,0.03489522270187706,0.9499432409865524,0.9960598283315236,0,NS
Aging,BCL2L13,22.172918741399027,0.0916177158996625,0.5271252815699458,0.8923601475595389,0,NS
Aging,AP1M1,19.579606234035293,-0.1626840827008884,0.5291331822253755,0.8179549570281639,0,NS
Aging,OSBPL1A,17.431557739222697,-0.3180879515472377,0.03840488970939914,0.17730287061052769,0,NS
Aging,HDHD5,20.251218857422543,0.09574554977761451,0.7639930501243067,0.950016923169418,0,NS
Aging,EIF2A,16.76552346949781,-0.3120825928796336,0.1793989868322105,0.3872874001054594,0,NS
Aging,MRPL13,19.136308482616492,-0.30704380452512936,0.2569989870236317,0.470246931572412,0,NS
Aging,MRPL9,17.02843491364723,-0.8953046703518055,0.0416171302543559,0.00887173897492062,-1,Down
Aging,MRPL4,20.27050228064463,-0.12190122754173416,0.8725848415990481,0.9678910186953508,0,NS
Aging,MRPL1,17.997511813999157,-0.32295068177526076,0.21566940501907136,0.412204573186517,0,NS
Aging,NLN,17.196822974238245,0.07333296783072285,0.8526154448561737,0.9765707698285306,0,NS
Aging,TRIM54,20.87379248361524,-0.5720128030544345,0.00690461081937429,0.00999337585258901,-1,Down
Aging,BCO2,17.18349945963785,0.17068886007940876,0.8070487938221268,0.9293255349128278,0,NS
Aging,MRPL37,20.88474360217528,-0.17517433007316896,0.6597164728978526,0.8693070654284428,0,NS
Aging,ASPSCR1,17.551152605101933,-0.2833308633457108,0.29398865413820174,0.5286239421911343,0,NS
Aging,UBL5,21.782322491163345,-0.03953792930434829,0.8605687765433043,0.9882690756512672,0,NS
Aging,NIBAN1,19.966865332079156,-0.0043265533039225,0.9921834084127676,0.99990806045072,0,NS
Aging,UBXN6,17.72574271638029,-0.04399681875610284,0.8635020197418791,0.9873852258370108,0,NS
Aging,UBE2O,14.379882866360608,NA,NA,NA,0,NS
Aging,LNPK,18.71076459690468,0.05628378538733969,0.7859832436682728,0.9735227046894632,0,NS
Aging,PITHD1,18.468988101880942,0.3428500200067077,0.2708365156349402,0.4431224666042763,0,NS
Aging,SLIRP,18.374593423894822,0.06035801859524881,0.8300865887602906,0.9779839905958998,0,NS
Aging,NIF3L1,20.24785208231937,-0.1252112990811085,0.4701826751953658,0.8348468937425384,0,NS
Aging,EGLN1,15.44877590151068,0.3951703985000546,0.34961811249855723,0.46321375802532927,0,NS
Aging,ANKRD2,26.50830545615589,-0.21762385708688825,0.5932040106323417,0.803102645668124,0,NS
Aging,NAA50,19.542025232635165,0.18535582397448636,0.2568876578768108,0.6339286091777204,0,NS
Aging,TMEM126A,19.95148106345139,0.06175608540513622,0.7843989025569728,0.9707567152774949,0,NS
Aging,PAIP1,16.814074910113817,0.23950955899424997,0.21043781529552183,0.5126522694441616,0,NS
Aging,CLPB,16.32196607539576,0.18261344994576945,0.6394781967692211,0.8532875920580824,0,NS
Aging,TOLLIP,21.71249467614214,-0.2355719539551906,0.1588515966392864,0.4645299796959177,0,NS
Aging,PCBD2,23.143535409179528,0.29501404449255375,0.03061270783693653,0.1813935792524949,0,NS
Aging,NT5C3A,23.68083531066749,0.09002285953347311,0.5456883091151912,0.9000908552371482,0,NS
Aging,HDHD2,19.736378573140655,0.01105692083429232,0.9600956205375124,0.9990280761228773,0,NS
Aging,RAB1B,24.24972183642771,-0.00593397996791722,0.98481595052825,0.9998038950600964,0,NS
Aging,C11orf54,22.241832380746,0.15932845852326238,0.3698064646456262,0.7451365234559942,0,NS
Aging,NUCKS1,21.383087634182537,0.20098078910072203,0.1892980137572607,0.5528276906341439,0,NS
Aging,TMX4,18.780996631574055,-0.07715791826517915,0.6929562319001258,0.9475374329989048,0,NS
Aging,MYLK2,21.899748497052567,-0.21848046657295228,0.5664151527912331,0.7866734950103269,0,NS
Aging,EHD4,16.539758981444674,0.17781945411629962,0.6750031802175347,0.8742261771808135,0,NS
Aging,SH3BGRL3,19.969108603251637,0.2278507885812928,0.361709152057038,0.65037376384111,0,NS
Aging,SLK,17.123853331852764,-0.10272256126498291,0.6971667229781572,0.9315748981484958,0,NS
Aging,PPIL3,19.486759735834102,0.16989354280074664,0.6254923460025416,0.8566101576822325,0,NS
Aging,LRMDA,24.286429598218575,-0.5937950660571047,0.00644269468847542,0.00774851841199602,-1,Down
Aging,TNMD,24.29321148299463,0.13926581291197948,0.6462052176704017,0.8883363229394744,0,NS
Aging,PPA2,20.9359455437982,0.06231817470864698,0.7735323976774764,0.9689930331619694,0,NS
Aging,MRPL46,16.8656713222424,-0.02459026365640682,0.9463619661945764,0.9970442693363504,0,NS
Aging,TMEM245,21.4090258905258,0.2499461824448339,0.2856126694490763,0.5636835468768439,0,NS
Aging,C11orf68,18.74212851293333,-0.1663297729783899,0.5341300385278606,0.8165038116952064,0,NS
Aging,GHITM,19.439706035503068,-0.2190460396503191,0.30300160927555736,0.6197000578285253,0,NS
Aging,BOLA2,18.97496843970118,-0.01872161418125983,0.9521709702596828,0.9980315563471648,0,NS
Aging,TMX1,18.38582523766034,0.21549417418638583,0.29398865413820174,0.6156280024866124,0,NS
Aging,CHMP4B,20.517522333408444,0.04252651781848726,0.8369250302762202,0.9849390143963184,0,NS
Aging,RBKS,17.886499316149507,-0.11696159067514245,0.6798341041495969,0.916876935751918,0,NS
Aging,FN3K,21.65432535890463,0.27422078789373217,0.07414319136810102,0.2979811573874512,0,NS
Aging,TOR1AIP2,15.889118371052048,0.0930152708670402,0.8906074821441594,0.9783404237000278,0,NS
Aging,RNPEP,20.65992432905237,0.3416303682114581,0.05562749443181953,0.1898539497111877,0,NS
Aging,GLIPR2,15.947080117681985,-0.16483830779662867,0.7409189297559071,0.9065851012635412,0,NS
Aging,EHD1,23.48634173966568,0.09553156252283657,0.5410007834845572,0.8923596178432851,0,NS
Aging,TMEM38A,22.798256346582583,-0.5268499473453794,0.03859139973261375,0.05730203156091634,0,NS
Aging,OPA3,18.899688123542028,0.02915402797471245,0.940995224538916,0.996158709992794,0,NS
Aging,DCTPP1,17.880264418766043,0.3716933962591504,0.2727925357493696,0.4157561562347955,0,NS
Aging,AAMDC,25.237238190807652,0.32236729391733476,0.137248833145086,0.32676166623376557,0,NS
Aging,PTGES2,22.17039009992156,-0.04215872507458584,0.8534674466902405,0.986692816632751,0,NS
Aging,UBE2Z,16.842139256434567,0.21274314663227045,0.30304379871360787,0.6284814350816904,0,NS
Aging,ACAD9,17.910444100699962,0.06036696490048499,0.8519201639384775,0.980552406700694,0,NS
Aging,METTL7A,21.827171056927085,0.14671009288176862,0.5804336165929905,0.8572450209273552,0,NS
Aging,COQ10B,21.661421679918966,-0.22873224756037305,0.46379599392815063,0.7148283199600379,0,NS
Aging,MOB1A,17.570222360387877,0.10794182110368312,0.7311231903172292,0.9353981064396862,0,NS
Aging,GORASP2,16.333463553359408,-0.00933829715422618,0.9678933096483202,0.999331358488248,0,NS
Aging,JPT2,15.58737160500486,0.7350731808543802,0.06457454754332224,0.03328473141946585,1,Up
Aging,SYNPO2L,17.74520805840799,-1.872302048098632,2.1955217813273328e-4,4.166314910524986e-12,-1,Down
Aging,ARMT1,19.1285244543479,-0.13564275176426932,0.6343016192390174,0.8863274088382046,0,NS
Aging,LRRC40,14.2367184914811,0.2950669953148406,0.6462052176704017,0.7775834496424887,0,NS
Aging,SFXN1,19.110773896262813,0.31459759307853474,0.05926386186810263,0.22253874334336973,0,NS
Aging,L2HGDH,21.17503649291731,0.2565645854222822,0.23755913172041657,0.5142015826877099,0,NS
Aging,COPS7B,15.055358018193465,1.011230880060053,0.07743327938890768,0.01235082477961835,1,Up
Aging,FN3KRP,19.395027560551497,0.26625622839437213,0.6597164728978526,0.8080056080196513,0,NS
Aging,TBC1D17,17.9865599391825,0.08440068771865938,0.7311231903172292,0.9491546489748002,0,NS
Aging,CARS2,15.887797870563904,NA,NA,NA,0,NS
Aging,GRPEL1,17.06017310185173,0.45969834291027567,0.13126394999604368,0.1959834713461487,0,NS
Aging,CACYBP,19.990860466691668,0.19742544023462116,0.46379599392815063,0.7490082326884748,0,NS
Aging,RDH14,16.99654794310914,0.0131009263780264,0.9670764593237392,0.9990029072199026,0,NS
Aging,PARVB,18.859326861915356,0.04533439193848565,0.8587704679983005,0.9861912029489384,0,NS
Aging,TNS1,20.44488318099535,0.29338941344533254,0.21631131008160828,0.4478077526904333,0,NS
Aging,PLGRKT,21.000795869461523,0.2015778676664901,0.573350750757543,0.8053235740512417,0,NS
Aging,GLOD4,21.78421581687677,0.17263807441354828,0.17260279420517066,0.5851324730058101,0,NS
Aging,MCCC2,17.392929827481293,0.07793713951462422,0.8502483676157921,0.974771584652877,0,NS
Aging,HHATL,23.13420986519725,-0.3263292921442904,0.21403300068879552,0.40717451589819514,0,NS
Aging,PREB,18.466295627455818,0.19002743685853216,0.3635811210601312,0.7001548506403099,0,NS
Aging,MRPL47,17.501481987123434,-0.01646590003533532,0.9556493189323834,0.9984109465731478,0,NS
Aging,JPH1,22.390804752228885,-0.24472709979128737,0.156174418062779,0.44839818817999566,0,NS
Aging,APMAP,17.4642539052224,-0.07681513300000375,0.7650220276000397,0.9600450567108696,0,NS
Aging,TXNRD2,20.351153147623524,0.1375870728609101,0.6462052176704017,0.889632984060946,0,NS
Aging,RAB18,19.555413374264923,0.09548009762437816,0.5892693075276169,0.9071417480412498,0,NS
Aging,PALMD,17.184103322969147,0.1925837676753055,0.4340840062543908,0.7376690235827622,0,NS
Aging,SSU72,14.7512278528859,-0.30323258543529263,0.2138125893017939,0.4331730085203044,0,NS
Aging,VTA1,19.18527008062651,-0.05582958152458417,0.7830815659342589,0.9732774822664836,0,NS
Aging,SARS2,17.742940399680084,0.2224115958212991,0.34174796249253786,0.6436886342403924,0,NS
Aging,DYNLRB1,17.918302919378313,-0.2535282762082254,0.29409981732452767,0.5668230668179335,0,NS
Aging,MYOZ1,22.845612661761617,-1.7906937944585444,0.02392389676510624,1.735921185412696e-5,-1,Down
Aging,MYOZ2,20.46894607836752,-0.6866931099520528,0.4535052982533256,0.3544531836317538,0,NS
Aging,OSGEP,16.796508041149746,-0.3358531095212314,0.12773451318495405,0.2977978816738228,0,NS
Aging,ACOT13,22.531531272992183,0.09584631946504274,0.6499359002235106,0.9228003688485892,0,NS
Aging,MRPL40,16.66041826919611,0.30585828865486775,0.30079619601030155,0.5102984055844718,0,NS
Aging,TIGAR,15.451088837027768,0.3905295592668523,0.5089513522426703,0.5995596097626413,0,NS
Aging,RTN4,25.85355478758749,0.06589584799355208,0.6862336957846302,0.9534003341470492,0,NS
Aging,HINT3,19.024046332989965,-0.4512519949186071,0.15175597018882686,0.22192442122333136,0,NS
Aging,PFDN4,17.970851816670464,0.21406564586984445,0.25713808391149645,0.591379799319213,0,NS
Aging,NIT2,20.19978337352846,-0.07230582281700748,0.5862868317249358,0.9281479638479092,0,NS
Aging,XPNPEP1,18.221809352669712,-0.2514149408297577,0.09149001531216794,0.35743894783711205,0,NS
Aging,GPHN,15.911301688483771,0.19237067881496017,0.4885867770558652,0.7679502186094735,0,NS
Aging,PDLIM7,21.98674286553946,-0.6632519116710007,0.16777165059654428,0.12329928762168368,0,NS
Aging,ACSS2,17.600207788625372,0.2574184722897179,0.09932472308875402,0.3609063626193996,0,NS
Aging,DIABLO,20.18847221206481,0.2222174661270877,0.2796276145148542,0.5973390428196809,0,NS
Aging,SAR1A,24.08050482854849,0.24197155740058207,0.12690206750767924,0.4165083487011834,0,NS
Aging,SH3GLB2,17.379432376397745,-0.3571491686078119,0.17046848666806327,0.3273347995453382,0,NS
Aging,EIF2B3,17.602445997985523,-0.2800512916971414,0.6654456806309795,0.8020806739588267,0,NS
Aging,MBNL1,20.240136184183463,-0.09264949459696936,0.5932040106323417,0.9108196663377977,0,NS
Aging,SDR39U1,21.477258041164006,0.42922009638501635,0.1592974668564323,0.2478653018590637,0,NS
Aging,AASDHPPT,16.762659415535484,0.1085325753215649,0.7676386290188417,0.9446381636588634,0,NS
Aging,OSTC,18.107484857282557,-0.35298044487683455,0.2796276145148542,0.4408840190513027,0,NS
Aging,CMC2,18.1289468553069,0.09624500567802484,0.767906685413108,0.9508936571473524,0,NS
Aging,HEBP1,19.95985158390545,0.0883907454709032,0.6793677942674416,0.9363517724898434,0,NS
Aging,PHPT1,25.488690874062968,0.45000059923431834,0.00172157411241965,0.00970256629838636,1,Up
Aging,TOMM22,19.39532969712585,-0.395094784148128,0.26446286715743506,0.3855160689547121,0,NS
Aging,LANCL2,18.294040201183098,-0.2565335827015005,0.17340501580912115,0.4520289037696991,0,NS
Aging,FARSB,23.20681918822667,0.03730777200376778,0.8990113604880956,0.9920169735701232,0,NS
Aging,IARS2,21.47990646810612,0.17738616912038907,0.25415217979831933,0.6440433472962478,0,NS
Aging,SIRT3,18.842508115690418,0.16812344711527416,0.5661188183884652,0.8310967493079167,0,NS
Aging,MAN2C1,23.066966654498987,-0.08267350421152031,0.7910139835726295,0.9622621626234988,0,NS
Aging,OLA1,23.417718448209715,0.03380812834084779,0.8067788345414797,0.985554740409892,0,NS
Aging,CUTC,22.48483486190536,0.2599503017201563,0.24379292454566992,0.515855868125415,0,NS
Aging,ACSS1,17.747981967440055,0.17460110707206056,0.5963020717363163,0.8405347464810161,0,NS
Aging,ABHD10,18.374754263133724,0.17159705268113967,0.4937307171279201,0.7930697363282696,0,NS
Aging,DDX19A,20.662631871107287,0.16903664373721838,0.16930993440485465,0.5885889992287894,0,NS
Aging,SEPTIN11,17.747784893662352,0.1859406120526508,0.5110891912090954,0.7846035670175024,0,NS
Aging,PARVA,17.216750178510644,0.04262756410579627,0.8959863754506356,0.9903142044103272,0,NS
Aging,PANK4,19.252898688520407,0.17958408384395952,0.3601206434004599,0.7114521492244578,0,NS
Aging,DNAJC11,18.643390162438703,0.24064798534964993,0.4106604638239199,0.671277357478218,0,NS
Aging,TMLHE,20.27729201746345,-0.34670124306344263,0.4106604638239199,0.5631700890803752,0,NS
Aging,ATAD3A,17.612785335114694,0.4772954836642675,0.07632136438706322,0.12394628171077196,0,NS
Aging,ARL8B,21.713226616558675,-0.05776246705733356,0.7669318503702091,0.9700572776984492,0,NS
Aging,MRPS18A,16.036748210274183,-0.20924875700442055,0.6350723894442097,0.8311936942983501,0,NS
Aging,PNPO,21.5285709980856,0.6646878362339663,0.00830367293487701,0.0058144148334503,1,Up
Aging,OXSM,17.40196530171918,-0.0132886938395309,0.979453821313377,0.9993660308246264,0,NS
Aging,MRPL22,16.37279096390886,-0.48998009162934864,0.09055305908462168,0.13354550590106207,0,NS
Aging,CZIB,22.945174287823335,0.04893769558463745,0.82021953520880575,0.9810969805666432,0,NS
Aging,BABAM1,17.128720342876544,-0.1911892946450422,0.3078773230591879,0.6630931873293536,0,NS
Aging,NDUFB11,23.287407649791177,0.24366472819146523,0.29409981732452767,0.5786727373840669,0,NS
Aging,OCIAD1,20.033968636269513,0.14491725691943813,0.3601206434004599,0.7598853326254946,0,NS
Aging,MARCHF5,16.726409069174366,-0.6027959495634789,0.01760514735655199,0.01895644102680025,-1,Down
Aging,CHCHD3,23.744564351329405,0.01303063449163843,0.9536237104646026,0.9986904672451062,0,NS
Aging,SIRT5,20.369992801303997,0.24253965728795637,0.1817201182789578,0.4807689916235609,0,NS
Aging,BABAM2,21.38062354250999,0.00515759118504632,0.9816819468709016,0.9997981170871802,0,NS
Aging,DPP3,20.378368484314304,-0.03321905402881953,0.8748851880027358,0.9913235235928716,0,NS
Aging,TUBA8,22.03337647619035,-0.22140139940900028,0.08914355956817166,0.4003809310562735,0,NS
Aging,MAP3K20,21.883662946224895,0.3506531711468668,0.33808318152370853,0.4970019520695102,0,NS
Aging,UGGT1,17.911288323971025,-0.1513177911807766,0.5341300385278606,0.8314261765309874,0,NS
Aging,TECR,20.11859339315523,-0.09065383977831942,0.7941384896429446,0.9591705058974672,0,NS
Aging,ERAP1,20.37180291966111,-0.17121992457889235,0.5519213338853338,0.8222465998462104,0,NS
Aging,CISD1,25.999332054880075,0.34830025729557335,0.01693456110517667,0.09913824982431972,0,NS
Aging,CLIC5,22.02083979080578,-0.20259903193580087,0.25219619954701805,0.6022490173778362,0,NS
Aging,FAM120A,15.709491344274582,-0.23408986742824744,0.32319339343455095,0.6164759595813969,0,NS
Aging,GLTP,14.125696171432448,-0.01832151971812656,0.9748506683041356,0.9989768260275697,0,NS
Aging,COQ3,22.30824949626557,0.2357441530968316,0.17117692748729207,0.4797762437351279,0,NS
Aging,HSPBP1,17.384618230641873,0.05098221662130342,0.8725848415990481,0.9864228523042012,0,NS
Aging,MAT2B,23.403748270486588,0.3481910616457604,0.02914920441345928,0.13004141683548465,0,NS
Aging,MYOF,20.483379793589236,-0.8997114152039565,4.5242964691572435e-4,1.337105596479747e-5,-1,Down
Aging,EHD2,22.900614567541417,0.01121330503126927,0.9520799006056424,0.9988138289647436,0,NS
Aging,TMOD4,21.511544770164885,-1.0178488725744437,0.0459221813668029,0.00537950539282785,-1,Down
Aging,LMCD1,25.53787802475032,0.01183667252240994,0.968214313191824,0.9991939676334056,0,NS
Aging,CHMP5,16.938059375318712,-0.2162485261244136,0.6090767503896618,0.8123185941527674,0,NS
Aging,CNIH4,20.21304067411541,-0.18703686270202624,0.5764669978438589,0.8204120636361525,0,NS
Aging,NDUFAF4,18.46878161427026,-0.18550008161325593,0.6323247211020688,0.8470321452435667,0,NS
Aging,EMC3,17.192537497324384,-0.676570175812401,0.00830367293487701,0.0051817192992965,-1,Down
Aging,NDUFA13,25.224774975068343,-0.14405153917191882,0.5434832161338956,0.8440759613739627,0,NS
Aging,PDP1,20.800255045727376,0.5372201905331799,0.02937822346861392,0.04334876771717114,1,Up
Aging,MRPL36,23.377846467643455,-0.2021600026009871,0.3460582661459435,0.6722129684903859,0,NS
Aging,VAPA,22.439968640730648,-0.09347211225570362,0.562977184256147,0.9016354033142646,0,NS
Aging,RNF181,16.575184374632386,-0.04392735433239636,0.9308969838688528,0.9933329094404894,0,NS
Aging,TMEM14C,20.02747988069771,-0.7693767496060708,0.41048902607200827,0.2789501320864903,0,NS
Aging,LARS1,17.730981176017973,-0.21379230813175457,0.3067492584836353,0.6308948317535182,0,NS
Aging,SUCLA2,24.646477730554924,0.19970639200343143,0.16777165059654428,0.5319520508274544,0,NS
Aging,GMPR2,19.945289434599403,0.0658822398051413,0.8158575377445952,0.973437423126708,0,NS
Aging,DPM3,18.979195735148647,-0.15219260924363098,0.7854576365500174,0.9297446843168152,0,NS
Aging,IMPACT,18.73694523823134,0.03258294054784372,0.951469390619852,0.9964966356941506,0,NS
Aging,ATXN10,16.867101251077177,0.05663586556533673,0.816459861985266,0.9772310336641676,0,NS
Aging,EPS15L1,15.856379578913335,-0.2121447674783834,0.39894332822770784,0.694356436647474,0,NS
Aging,SAE1,16.688228653616257,0.3616762849285742,0.5420251670984223,0.6511784413049768,0,NS
Aging,RNF7,20.76394439714597,-0.09972669167067848,0.5664151527912331,0.8962857450256008,0,NS
Aging,MYOT,24.657181227850856,-0.41639247845946414,0.32123438946727145,0.4214482128605069,0,NS
Aging,GNG12,19.060214301961892,-0.4555908852505653,0.03292346217711661,0.0749122331689847,0,NS
Aging,VPS29,16.064786438812128,0.1283265119339987,0.8841615004377537,0.9689162719006136,0,NS
Aging,EIF3K,22.678946338821856,-0.21716924454086595,0.2789899357622953,0.6035401061215071,0,NS
Aging,GRHPR,23.55293741448541,-0.19788869747451443,0.07719939478019401,0.4226749763938696,0,NS
Aging,CTSZ,17.32850561552184,1.047544116567888,7.238971634091817e-5,5.4193069715839984e-8,1,Up
Aging,UBA2,16.287014904361723,0.2686573506275707,0.25227300241275685,0.5108126607633244,0,NS
Aging,COPS7A,20.235038456874243,0.15871626898163171,0.29792342944201866,0.7036645966170503,0,NS
Aging,HSPB7,26.70118429098966,-0.3005557606994529,0.21337585574865792,0.435664359928094,0,NS
Aging,CLIP2,19.529418567037133,-0.11840170500537894,0.7831878050802524,0.9443781713100128,0,NS
Aging,UQCR10,25.800685477333783,-0.38419752321950895,0.04755610352797195,0.14142124207455878,0,NS
Aging,DNAJB4,18.02076697709327,-0.2628894961057284,0.6275444815425212,0.7878667539333859,0,NS
Aging,NIPSNAP3A,21.357591902914876,0.49179409621423886,0.316156340619859,0.3550403632604491,0,NS
Aging,TES,16.139261739196517,-0.7296951701572247,0.2138125893017939,0.1338470770740168,0,NS
Aging,KDM5B,19.839716133582247,-0.18264554108127484,0.42323934209524094,0.7444718452388532,0,NS
Aging,WARS2,15.150898040210944,-0.01052884738711767,0.9942664941598924,0.9998439138254768,0,NS
Aging,MLX,19.93981967037778,-0.18898311025506231,0.5981102692840007,0.8295225677514071,0,NS
Aging,SEPTIN9,17.594348143313272,0.3235685415465106,0.25415217979831933,0.4492860924391443,0,NS
Aging,UBQLN2,16.12566864861855,0.2945351945655741,0.1370333343440472,0.35929593666481185,0,NS
Aging,PCYOX1,23.395209371817145,-0.11540582726714987,0.6188549039208185,0.897550962583062,0,NS
Aging,DPP7,14.17734846322122,0.3179344595672582,0.519313746616664,0.6681199550508328,0,NS
Aging,SMPX,24.389374773342418,-0.275200009918688,0.269072831684221,0.5185929339369383,0,NS
Aging,BCAP29,19.36747605657233,-0.2126745347581327,0.30890125650194145,0.6340333849674663,0,NS
Aging,CYB5R1,26.123280947263066,0.3109839135100394,0.03292346217711661,0.17074252192723505,0,NS
Aging,PFDN2,20.815694295983302,0.23202171008173167,0.13548084220933196,0.4446502775757237,0,NS
Aging,PUF60,16.523186356201784,-0.21922721063567965,0.3955262271502989,0.6834015407572334,0,NS
Aging,ENOPH1,19.726516109299904,-0.1849353878790403,0.3078773230591879,0.6721321696828718,0,NS
Aging,NDUFA12,23.18540689639452,-0.15128347643836193,0.5984091538483242,0.8612203939355046,0,NS
Aging,EIF2B4,15.026488621120624,0.15770302417390702,0.6436675565165354,0.8730147798022004,0,NS
Aging,ATP6V1H,17.062205301826843,-0.4273560893405808,0.0557184776167775,0.1253979515262425,0,NS
Aging,TRMT112,17.299965749189838,-0.6712378898288911,0.20739498780394988,0.15106894130124288,0,NS
Aging,XPO7,16.422053145857785,0.1938438943544476,0.5700941034672466,0.8099796741924163,0,NS
Aging,LCMT1,18.688153563672653,0.06784685386767109,0.7989017341974803,0.9700093450199566,0,NS
Aging,ATP5IF1,24.119688619945784,0.29646078449871993,0.17553820611075946,0.4020104550462472,0,NS
Aging,AK3,23.81693566305069,0.1258643080955757,0.7440012016600854,0.928878368116243,0,NS
Aging,NAGK,17.563470568428063,0.23186077373924263,0.09055305908462168,0.3858245658601801,0,NS
Aging,SLC25A13,24.84697653701011,0.10909636955695844,0.5615475788514704,0.885618565254831,0,NS
Aging,DBNL,16.59634095877788,0.03180900198631065,0.9596630977933248,0.9971325060108864,0,NS
Aging,DCTN4,18.28940345022126,0.24510005783548297,0.316156340619859,0.5968373188865949,0,NS
Aging,HSPB8,20.46899889899303,-0.5214184742809991,0.05578079514143843,0.07958772311042794,0,NS
Aging,STOML2,19.79456423386381,0.121895379623556,0.4247659739177768,0.8217410892622027,0,NS
Aging,VPS28,17.004410583031618,0.05844788977269744,0.7518715776437526,0.9673839616168136,0,NS
Aging,JPT1,17.873636969191885,-0.37677585268389535,0.1769447983312176,0.3154392567584237,0,NS
Aging,APPL1,20.1091020704628,0.36248355548573485,0.00664385107519395,0.05265199421840862,0,NS
Aging,PACSIN3,23.5880424020877,0.2431497059158758,0.2270416420196806,0.5237999122155936,0,NS
Aging,ACAD8,20.78084893683229,0.4303703823877037,0.03840488970939914,0.09617079306507008,0,NS
Aging,AGO2,17.56605541970776,0.1987680851360878,0.3645602452253556,0.6895517758578612,0,NS
Aging,MYH2,29.90199256592627,-1.0225423098354618,0.04022405226308499,0.00422181479361312,-1,Down
Aging,MYH13,22.538328192711724,-0.8689676755366911,0.1524123678201853,0.05538506853255764,0,NS
Aging,CDV3,19.493804298287703,-0.13719324624358364,0.4793671948231449,0.8245342090677507,0,NS
Aging,RAB21,19.62704693179145,-0.04901606246281886,0.8051635894101542,0.9789154926827116,0,NS
Aging,PSME2,20.06870691772084,-0.26624344710589654,0.34980001540670075,0.5956858570831173,0,NS
Aging,DNPEP,21.51186267216365,-0.12044857294381472,0.3712427575100042,0.8013730585868011,0,NS
Aging,MCTS1,21.86814895975252,0.02905658894851726,0.8687110898739558,0.99196604083428,0,NS
Aging,TBC1D24,15.722633405975378,0.22203472862925544,0.6041432302493859,0.8060264904264562,0,NS
Aging,TMCO1,20.351011765201957,-0.40388988838954987,0.02007960021241971,0.07592283560423621,0,NS
Aging,EPDR1,21.256131604854232,0.7306479163267703,0.00148618950922802,4.2162678142902655e-4,1,Up
Aging,MYO6,25.271056231756152,-0.3460296414360471,0.18732395932299373,0.35804987363864427,0,NS
Aging,NFU1,16.55402282134001,0.2026126592465154,0.5504856572133267,0.7916301800012069,0,NS
Aging,SYNPO2,23.36164735844713,-0.7730945698962834,0.00327163211116874,7.7982955664036e-4,-1,Down
Aging,UBQLN1,16.853877425585665,0.11689686185637528,0.8194644506135382,0.954855146626684,0,NS
Aging,SNX12,19.94800023384251,-0.08627518658396127,0.7257474335389295,0.9471877343265708,0,NS
Aging,NDRG2,24.842748110841857,-0.3395933640064115,0.05160781770939181,0.18516682754183564,0,NS
Aging,VPS4A,20.66658311533434,0.18360261024302815,0.31990238128340154,0.68191386889864,0,NS
Aging,G3BP2,18.747890122296187,-0.2529438622157265,0.5712181792993629,0.7603001109127647,0,NS
Aging,STUB1,18.241314763173975,-0.1965029321454388,0.23755913172041657,0.6010125880802397,0,NS
Aging,PACSIN2,17.061035102016415,0.15907352171769062,0.5763302915737629,0.8447295060529262,0,NS
Aging,SNX6,17.497484762966128,0.00707580471773638,0.9684758696153276,0.9995287016836364,0,NS
Aging,PSMD13,21.652125083764457,-0.21858241553607272,0.04090324305113864,0.31352182979700766,0,NS
Aging,COPS3,21.250914683317873,-0.06940439364969109,0.5381715888658147,0.9197800888273464,0,NS
Aging,NSFL1C,23.272338439264935,0.05279946533521951,0.685227254248047,0.9623267905348788,0,NS
Aging,PPP6R1,17.526946754687664,-0.12084997664814524,0.6372959584282623,0.8997662091530914,0,NS
Aging,LIMCH1,19.139707894862692,0.21500514317557065,0.3767438335967634,0.6773830462604498,0,NS
Aging,USP24,16.77850575609571,0.15883894940217402,0.6213541724939367,0.8629406429790867,0,NS
Aging,MAPRE3,18.8651372711061,-0.3369331698195843,0.31217553459151204,0.48859449258159976,0,NS
Aging,PA2G4,21.61272766758412,-0.12645947185979978,0.4602533156950125,0.8287207005980766,0,NS
Aging,CAMK2A,21.5459124073706,-0.31434884276520947,0.30181104926708874,0.5019965732161767,0,NS
Aging,CHMP2B,17.47165659755268,-0.11299933712819764,0.6016581419086041,0.8955692285226095,0,NS
Aging,RTRAF,17.15544750943501,0.1730314231791077,0.779344332702916,0.918023087882705,0,NS
Aging,RUVBL2,18.68711794158123,0.24960988227412173,0.3096687546130789,0.5865226764102862,0,NS
Aging,APOBEC2,25.769872424353856,-0.3924542191913112,0.25415217979831933,0.3788010752689538,0,NS
Aging,PIN4,18.7040170744942,0.03392455197877453,0.8995994757433766,0.9927979199873485,0,NS
Aging,EIF3L,19.256557747627884,-0.1898209949504306,0.41048902607200827,0.7298400455801656,0,NS
Aging,PLAA,18.61283725126588,0.04681503305437218,0.776723617943507,0.9768866430025506,0,NS
Aging,NUDC,19.61220218513492,-0.01635916436425333,0.916019150815168,0.9970544386253534,0,NS
Aging,BCS1L,16.84902342198505,-0.04590589946392498,0.940995224538916,0.993947056401952,0,NS
Aging,VDAC3,26.13431785148007,0.04044001432805899,0.8748851880027358,0.9894382466610884,0,NS
Aging,CFL2,26.85821955609518,0.19093500907127847,0.11237360320852414,0.4856669827977135,0,NS
Aging,FARSA,19.174914497653106,0.17987530882463787,0.46379599392815063,0.7682323331573994,0,NS
Aging,CNPY2,16.638551277387457,-0.03831258521661951,0.8990113604880956,0.991729386885248,0,NS
Aging,FNDC3A,21.22344490691864,-1.4997295181036492,0.04966255105185733,5.269137084263092e-4,-1,Down
Aging,PADI2,25.36826814880421,0.24431331397255107,0.13656928750212635,0.4270440924631493,0,NS
Aging,GSTK1,22.184880474937977,0.12735065629738784,0.5352799744682163,0.8568596827942155,0,NS
Aging,LAMTOR2,16.33859087985828,0.5430123431863336,0.32424149757849424,0.32659463145865053,0,NS
Aging,MRPS35,15.310403775847757,0.3397621081754547,0.32123438946727145,0.4941114652734856,0,NS
Aging,COA3,21.558531320339693,0.4961367323685586,0.12280207710526236,0.1625746593006613,0,NS
Aging,TMA7,22.59349247905731,0.15442498529607818,0.46379599392815063,0.796882525373891,0,NS
Aging,SUGT1,20.08656029044673,0.31461858925746355,0.08162955831358855,0.26203840105763476,0,NS
Aging,COQ6,21.38448799369403,0.11910355569233388,0.5512352778846321,0.8723250913859689,0,NS
Aging,ACOT9,21.547643624307906,0.306194559567853,0.0634687158804634,0.24013820749928133,0,NS
Aging,MEMO1,18.13678854319453,-0.06405193872957327,0.7887968314193509,0.9703468804311354,0,NS
Aging,TMX2,16.58590934811895,-0.7634038221600328,0.00340050201975165,9.319283471590008e-4,-1,Down
Aging,SH3GLB1,20.15644074417123,0.3767554209573518,0.03908997059661644,0.1309204670855602,0,NS
Aging,CAB39,22.664799433971183,0.07979054868429003,0.5628505507555404,0.9152209334425552,0,NS
Aging,LUC7L2,17.156495795939946,0.3183820577941674,0.03292346217711661,0.1642641591431464,0,NS
Aging,DHRS7,23.9200721845024,-0.11950802879415434,0.5350751684837728,0.8648048770386293,0,NS
Aging,MOB4,17.623852571132044,-0.13027101046664313,0.6343016192390174,0.8906543420370739,0,NS
Aging,SBDS,22.23207024482214,-0.0955846091476822,0.5434832161338956,0.8936244680251637,0,NS
Aging,MRPL11,19.004527984861554,-0.03087390334878037,0.9433104178768088,0.9960482819774102,0,NS
Aging,PPIL1,19.9490892274362,0.04605304408506328,0.7553725427921483,0.9746104491993308,0,NS
Aging,MSRB2,17.509838424031166,0.3817895497138686,0.3712427575100042,0.49625948667859343,0,NS
Aging,FIS1,23.040425427441217,0.01227705011745428,0.9623230998588974,0.99896763025399,0,NS
Aging,PTRH2,17.34172103698349,-1.1116745118082036,0.02130694848992046,9.29610416191389e-4,-1,Down
Aging,STRAP,21.468659571047027,0.06968125273817449,0.5512352778846321,0.9232063023770508,0,NS
Aging,RTCB,20.83446726595252,-0.1481102970006596,0.25388795815482523,0.6919012980732149,0,NS
Aging,RPL36,18.230256103231255,-0.40483316724618845,0.18854515080038897,0.3023421796518936,0,NS
Aging,SAMHD1,15.668560570628296,0.23556463431424213,0.6677328539317993,0.8320522696593063,0,NS
Aging,HBS1L,17.513115832105246,-0.19082324350319269,0.2669203209401674,0.6324369925639988,0,NS
Aging,TLN1,20.538792507353808,0.1280007188092398,0.2270416420196806,0.7114629476039425,0,NS
Aging,USP15,17.758174792196368,-0.10818760157173912,0.5434832161338956,0.880238315598944,0,NS
Aging,TLN2,18.033944488032105,0.2289044419187718,0.21337585574865792,0.5310229675307276,0,NS
Aging,DTNA,21.006793140797964,-0.0832911336830442,0.587196201419676,0.91793078170601,0,NS
Aging,HYOU1,16.811089580986035,0.00254806589007827,0.9942664941598924,0.9999597222541756,0,NS
Aging,AFG3L2,22.31703003862982,0.14654337064282075,0.36010552027190124,0.7572898350565327,0,NS
Aging,ARIH1,17.20591756074084,-0.05070305199011571,0.8699608823178089,0.9861220463841028,0,NS
Aging,RNF114,17.60677127225393,0.4890400059665048,0.00274303555968005,0.00948691987055509,1,Up
Aging,SAMM50,24.27328366236723,0.10294412393765028,0.4730970084908373,0.8628809376431077,0,NS
Aging,PPME1,16.938070927487782,-0.373317976086426,0.4394470249749881,0.5584412800722847,0,NS
Aging,TIMM9,19.7242873380898,0.18842564048398455,0.3968132803384082,0.7218479627307284,0,NS
Aging,TIMM8B,16.370811243395742,-0.02022191366856418,0.9560708303685904,0.9980678226003348,0,NS
Aging,UCHL5,18.070348656879904,-0.1441842057136249,0.4023114637502881,0.7818822231250397,0,NS
Aging,TIMM13,21.15590694002105,0.12076835217713366,0.5383174909428001,0.8651445709679864,0,NS
Aging,SRPRB,18.192631216551128,-0.10221177588185526,0.6597164728978526,0.92146443245767,0,NS
Aging,GMPPB,17.39225607725515,0.0697026365022353,0.7722503137896778,0.9647904986356806,0,NS
Aging,MPC1,22.18633753882216,0.13257791954379172,0.5850492599532818,0.8718808464202671,0,NS
Aging,SNX5,18.57120406612797,0.15191558501990343,0.8594124881719022,0.9547344616042605,0,NS
Aging,HEBP2,24.080212343418427,0.1181542490416696,0.5371212992066271,0.8669988502854981,0,NS
Aging,HCFC2,22.23714666214799,0.39320763810614423,0.3620056200895763,0.47638468674658974,0,NS
Aging,FHOD1,21.55235639220255,-0.016193009088596,0.9325631243831324,0.9976089720184188,0,NS
Aging,MYH4,23.45716552706173,-0.8083093465977136,0.2349227629402213,0.12108637007042672,0,NS
Aging,MRPS18B,18.630331276271555,-0.1278846789543877,0.573350750757543,0.8715109779355489,0,NS
Aging,COPG1,17.975511695028974,-0.1744906310419232,0.32504490721397844,0.6988535036199427,0,NS
Aging,CLIC4,19.743611059754304,-0.6363574806532597,0.00529072335766699,0.0045154174620707,-1,Down
Aging,NFS1,17.33161013622171,NA,NA,NA,0,NS
Aging,SPCS1,17.693797084081798,0.05354944016045593,0.8073864793151051,0.9774291251846298,0,NS
Aging,SAR1B,23.592850857618576,-0.12103175554337398,0.4894994908032109,0.8475906889309743,0,NS
Aging,MTCH2,23.320547506380713,0.11699857835713344,0.4378896521043003,0.8326668667597851,0,NS
Aging,BZW2,22.090332210365215,-0.02264803416107952,0.8820939193650728,0.9943692817190362,0,NS
Aging,DYNC1LI1,16.88342072521524,0.1893503075457268,0.49251931789364745,0.7733809344539654,0,NS
Aging,CHCHD2,21.64927642312278,0.5011297169515849,0.11197918606069798,0.1497906632847096,0,NS
Aging,NDUFB9,23.652044624505635,-0.06238667393262176,0.8194644506135382,0.9757611508309356,0,NS
Aging,COX11,18.540868969678534,0.32714726150049245,0.2103255960965208,0.40096488633808336,0,NS
Aging,SQOR,17.702975158095096,-0.2213360842567695,0.655091889226141,0.8346586647696943,0,NS
Aging,SESN1,19.207178189558334,0.08591752959047838,0.7503512094637813,0.9519882371594116,0,NS
Aging,SEC23IP,17.026681912307687,-0.1556746597146237,0.36329193398443854,0.746478273043103,0,NS
Training_Young,MMP24OS,16.322906735899043,-0.27417317281965126,0.7262434655284363,0.8141029464366889,0,NS
Training_Young,ESYT2,17.098331165177516,0.13437680136312125,0.658102712537716,0.871272679706696,0,NS
Training_Young,ILVBL,17.0022662256138,0.09913862726539335,0.7720194256248887,0.9399437869821632,0,NS
Training_Young,FSD2,17.976966028844235,0.02035081219784729,0.9498896296960664,0.9973251974136916,0,NS
Training_Young,TARS3,15.491210573111283,-0.00493428262770834,0.9950658038459508,0.999907687922825,0,NS
Training_Young,VWA8,21.47361209635668,0.03504927821334647,0.9577233362731282,0.9965376538930276,0,NS
Training_Young,CARNS1,20.22661257014602,0.7762059443564908,0.01798794481394901,0.00257723117457818,1,Up
Training_Young,MAP1LC3B2,20.71365448426334,-0.4415622814604667,0.3512250830187446,0.3664641979321083,0,NS
Training_Young,PGP,23.015275302127968,0.067144605477651,0.6724756936661582,0.9364164439156274,0,NS
Training_Young,DHRS7C,21.64224919716279,-0.16369375276648768,0.4988574683823086,0.7685823300115265,0,NS
Training_Young,SMTNL1,23.415900733680058,0.05450114826922103,0.8982580409920373,0.9856064805323336,0,NS
Training_Young,NUDT19,17.09822072861629,-0.22992241867065033,0.6445564404018262,0.7766089718526683,0,NS
Training_Young,NACA,23.676700924402898,0.2448906843472116,0.02057851534472052,0.16104756849637994,0,NS
Training_Young,SLC35A4,18.642144427044716,-0.05755308305517559,0.8486823179937493,0.9773495621634418,0,NS
Training_Young,PDLIM1,22.35573246652498,-0.11040891552050525,0.768690187708306,0.9318560391955856,0,NS
Training_Young,MYO1C,18.51696111305153,0.22064139582137443,0.3931964886246436,0.633439756430954,0,NS
Training_Young,FXYD1,19.839740222518383,0.10784075738994048,0.7933286494972721,0.9397660498574816,0,NS
Training_Young,STXBP3,18.28831392540244,-0.27579444399069075,0.11834741674066064,0.3207808637176323,0,NS
Training_Young,NDUFS8,22.652158433323613,-0.3431372489510025,0.10609673817710176,0.22845668252762316,0,NS
Training_Young,PSMD11,21.814326331494183,0.12111432796333332,0.2705719312097388,0.7169449814720706,0,NS
Training_Young,PSMD12,20.5400178390757,0.07342034332776848,0.7125128356383448,0.9432981622755736,0,NS
Training_Young,PSMD9,18.06626928699169,0.12399771369907596,0.4250331712083696,0.7884594711815697,0,NS
Training_Young,PGRMC1,18.91983573998077,0.01422893080404463,0.9858309326402444,0.9994558978131256,0,NS
Training_Young,CLIC1,19.36113622918581,0.2795549183042638,0.1116264138143455,0.307430881142507,0,NS
Training_Young,EIF3F,19.64848331315272,0.09197826835978518,0.5729988146482803,0.8841636832123527,0,NS
Training_Young,PDHX,23.423102974046103,-0.02076045746932209,0.9050382516021008,0.9948483593792165,0,NS
Training_Young,DCTN6,15.851648718794934,0.3154895912147051,0.35010511725292337,0.484943260423514,0,NS
Training_Young,IPO5,21.664347487773032,0.0730958822261023,0.5068131486095021,0.8912151004632545,0,NS
Training_Young,EEF2K,16.35507340966682,-0.28968088781882884,0.34099041492507265,0.5080023033533733,0,NS
Training_Young,EML1,20.485666849968,-0.08413764315949024,0.658102712537716,0.9175743983966248,0,NS
Training_Young,DNM1L,20.235648856551407,0.01336807467176726,0.9453790780737552,0.9980554486006428,0,NS
Training_Young,RTCA,20.818279583226023,-0.12283550442305469,0.4708754648296633,0.8114793997695637,0,NS
Training_Young,NDUFA4,26.116413014662196,0.01791938619722799,0.941804557003198,0.9972224155530348,0,NS
Training_Young,PSMD14,20.663506678898425,0.0708742737061101,0.6038317021862475,0.9166120335997744,0,NS
Training_Young,BIN1,26.342706408141986,0.19201537726320697,0.04339983614505331,0.31645138920411064,0,NS
Training_Young,KPNA3,21.013469042201347,0.09777845736118353,0.6753990661386883,0.9097306618635146,0,NS
Training_Young,DDX3X,19.580342341103787,0.01821702562418536,0.9519682932003276,0.9978221852396102,0,NS
Training_Young,KPNA4,22.95551193172343,0.16724103674637902,0.1116264138143455,0.49362802367278297,0,NS
Training_Young,CES2,20.52386433748361,0.20396345876514133,0.6499621884463216,0.8032949644507458,0,NS
Training_Young,FBP2,26.02274350483461,0.1567627559363487,0.6261448052567177,0.8323087421627683,0,NS
Training_Young,PDXK,19.267523960905883,-0.03380357244683196,0.8395508670513485,0.9852734409922016,0,NS
Training_Young,SDHD,23.24022941532173,0.1115524374316017,0.6826625130350025,0.9027046034670028,0,NS
Training_Young,COX7A2L,16.51490204168833,-0.20738123461581992,0.7050953918242108,0.843263239928376,0,NS
Training_Young,GAPDHS,19.680137412117432,0.13892028518440114,0.8566782427042329,0.9506021701609572,0,NS
Training_Young,HSPB6,27.08676097123112,0.6235212342024106,0.01474965305702524,0.00599212463939813,1,Up
Training_Young,NDUFAB1,23.44014097238817,-0.30155821320528986,0.17306257999994523,0.35205121758674457,0,NS
Training_Young,IMPA2,22.349000339564174,-0.25798408568021003,0.17159166311715768,0.4073623649534449,0,NS
Training_Young,PDCD5,20.868805406975408,0.13332059391130358,0.3022417560938453,0.7104462951056848,0,NS
Training_Young,PRMT5,20.030749701047153,0.13776513835672688,0.3263198308053517,0.716559969195065,0,NS
Training_Young,PSMA7,23.64721799067241,0.09653967013186104,0.3338780482427465,0.7941540410097847,0,NS
Training_Young,OPLAH,18.94512524218218,-0.14869925667305495,0.4054762481517117,0.7421828629979925,0,NS
Training_Young,MGST3,24.549018043627623,-0.40663823957073575,0.02014010803009585,0.04712626464787505,-1,Down
Training_Young,RGS12,20.5353297775736,-0.3801283417925845,0.16349654807198102,0.25807282019229033,0,NS
Training_Young,HAT1,18.90746114588252,-0.22690856278998697,0.8276289419840964,0.8998212001144037,0,NS
Training_Young,UQCRQ,25.02529869085899,-0.12544875124326538,0.4349355989946249,0.7909961261491247,0,NS
Training_Young,MYL12B,20.98167091379819,-0.08037556320158501,0.7956965247265659,0.9554271894612456,0,NS
Training_Young,UQCR11,21.528693051066593,-0.38274232113774787,0.14218695520169475,0.23143520206506013,0,NS
Training_Young,CASQ2,25.64879160783649,0.1678748063459281,0.6020685371476961,0.8128370284186005,0,NS
Training_Young,HGS,16.3499010490389,-0.09209467019885054,0.753736432902254,0.9394895167338078,0,NS
Training_Young,HNRNPDL,18.643689955970057,-0.2689148258131482,0.17548032720183776,0.3964208946116707,0,NS
Training_Young,XPO1,18.793595068441423,0.06391591332027247,0.6940580417495241,0.9452489562666736,0,NS
Training_Young,ATP2A1,28.3056883676577,0.08274014901925142,0.7582375353814489,0.9463168835504048,0,NS
Training_Young,SYNJ2,22.912083012135817,-0.01143070559834669,0.9858309326402444,0.9995551447246211,0,NS
Training_Young,SYNM,21.197547344971472,0.12185367465081498,0.8150642646373657,0.9397105515416776,0,NS
Training_Young,ARPC1B,17.155284550604783,0.3657705592227245,0.16924761760298512,0.27797126152159984,0,NS
Training_Young,ARPC2,16.83268869422138,NA,NA,NA,0,NS
Training_Young,PGRMC2,21.238493941061485,0.16087830137886527,0.5396748365919958,0.7890315004614342,0,NS
Training_Young,PFDN6,20.451799981344372,-0.05168288423005052,0.7876900964512082,0.9699924966551284,0,NS
Training_Young,NDUFA1,20.909054996080823,-0.4559990313396014,0.38255796901126227,0.3796646240823317,0,NS
Training_Young,SURF4,24.398071527623188,0.19731092709600517,0.42389444862632375,0.6839137957973793,0,NS
Training_Young,MAPK13,19.483493686791626,NA,NA,NA,0,NS
Training_Young,TCAP,20.98587710548838,-0.17047217081687904,0.7400892440362312,0.8856698953399869,0,NS
Training_Young,PMM2,17.933929247497673,-0.05590110631711553,0.8907128901886522,0.9841732143403016,0,NS
Training_Young,EIF3D,18.86885196326757,-0.01207887360579462,0.9559553811753172,0.9987212230317558,0,NS
Training_Young,EIF3H,15.830370100917165,0.09505607791655812,0.8199257159845341,0.9547469041586512,0,NS
Training_Young,BCAT2,20.963816288177544,0.0023971890270289,0.9950658038459508,0.9999600266161436,0,NS
Training_Young,STX7,17.03933448120983,0.19685475880287484,0.3022417560938453,0.603039903527897,0,NS
Training_Young,SLC16A3,20.28202580937184,-0.5303135136724038,0.08399603955994536,0.08142275360409375,0,NS
Training_Young,YKT6,19.01909701908167,0.13158218428138824,0.3506595798097672,0.7399823645708724,0,NS
Training_Young,ARPC5,17.791422909324567,0.23933897075462696,0.5525144849204128,0.7133835685364242,0,NS
Training_Young,TAPBP,15.36777375865524,-0.5091806271736541,0.3949228538815396,0.35082524381692604,0,NS
Training_Young,DHX15,16.624050924683303,0.1936792566618344,0.4056429465669695,0.6785649210178537,0,NS
Training_Young,CYB5B,21.28022502684793,0.05267106995642123,0.8980989867882625,0.9860290889925696,0,NS
Training_Young,NDUFS4,24.70595416833729,-0.3296718885175203,0.15261799038326188,0.2972856782721345,0,NS
Training_Young,DYNC1LI2,16.65736356119539,0.23046160514631353,0.255481013232441,0.5194677090686876,0,NS
Training_Young,PSMD3,19.9815491199827,0.1446106551325066,0.31354934224221853,0.6972894856726799,0,NS
Training_Young,RASA4,19.749765252553416,-0.19238257352101584,0.6430909710762893,0.8076882812931028,0,NS
Training_Young,HNRNPR,19.248918843974497,0.06691313830754453,0.7233219906644834,0.9505796944840068,0,NS
Training_Young,TXNL1,21.09374860157215,0.10288317679269454,0.31748228952477076,0.7757637829006137,0,NS
Training_Young,TPD52L2,19.984030059924297,-0.10980895573796444,0.3338780482427465,0.7698687908624415,0,NS
Training_Young,ERI3,18.9066798916157,-0.41383073634937517,0.08362998165982884,0.13913281744727807,0,NS
Training_Young,AKR7A2,21.11250272853127,-0.04215090216317208,0.8153045131904091,0.9791742296618892,0,NS
Training_Young,LAT,24.547391195702293,0.02083104922128598,0.9543549390722984,0.9976362269082754,0,NS
Training_Young,DENR,20.954578459446697,-0.01262871155282141,0.9453790780737552,0.9981683429969496,0,NS
Training_Young,DNPH1,21.713022240201596,-0.04718248063972297,0.8413505764931244,0.9805953289065148,0,NS
Training_Young,TIMM44,20.837313317922387,0.02876091419770077,0.8990714288175837,0.9924492882458252,0,NS
Training_Young,TRAPPC3,16.10923959531714,0.35250840003818595,0.3789275801323798,0.4689533190319306,0,NS
Training_Young,CHMP2A,19.41482791582852,0.054192004097672,0.7145879137260315,0.958240471061644,0,NS
Training_Young,NDUFB5,23.470591374779108,-0.3233462232193425,0.08453335138690385,0.21776520936139412,0,NS
Training_Young,NDUFB3,23.907080382867942,-0.3926959222655917,0.06009582190322624,0.11816092740030693,0,NS
Training_Young,NDUFA2,24.54724018838515,-0.32058680060571376,0.07875054320660135,0.20628918996470097,0,NS
Training_Young,BUB3,16.052906865050232,0.1231788350065024,0.8166167143978366,0.9411390759993452,0,NS
Training_Young,ACTN4,24.428062655549866,-0.7209593869022335,0.307591711965134,0.16172307463361865,0,NS
Training_Young,GSTZ1,19.953186838865808,-0.13495912113866737,0.6952145176495989,0.8891247229560093,0,NS
Training_Young,PRKAB2,19.888380277047407,0.10060196463785688,0.5525144849204128,0.867496511751013,0,NS
Training_Young,AP1G1,16.55714884081572,-0.0147511179243871,0.9855987183369828,0.9993769645424408,0,NS
Training_Young,SYNGR2,20.200537825642883,-0.2705092154006401,0.336722495327674,0.527557004475473,0,NS
Training_Young,SGTA,22.263135225776296,-0.1076838142246146,0.4555807253377875,0.8276159187326725,0,NS
Training_Young,ENSA,21.59675463551961,-0.09253288378853952,0.7101743778848504,0.92829074866752,0,NS
Training_Young,SLC25A20,20.89758237991226,-0.12354265348290738,0.6593146395411326,0.8818290615277995,0,NS
Training_Young,NARS1,20.29266896343932,0.03601390875392596,0.880957325229774,0.9886110639052714,0,NS
Training_Young,LANCL1,21.531115010100716,-0.20772840985093663,0.18306661696510423,0.4958119088149501,0,NS
Training_Young,SLC37A4,18.570850684928832,0.1279459414168258,0.6771569665480791,0.8847690891360187,0,NS
Training_Young,IDH3B,22.766704617771303,0.2933359670596367,0.08491159177409846,0.2521880420713973,0,NS
Training_Young,CALU,21.557318967376982,0.3904910854521724,0.01624644875226467,0.04588832913901028,1,Up
Training_Young,AHCYL1,19.52422099510231,0.2654194137985293,0.08315180106700194,0.2811100958245009,0,NS
Training_Young,NDUFS5,22.69157367846065,-0.388419624576553,0.08339943207342937,0.15659257102085766,0,NS
Training_Young,TIMM8A,19.691373046250952,-0.4019254166073871,0.34551587584675825,0.3937824384857347,0,NS
Training_Young,PPP1R12B,15.587303588088316,0.580632423268403,0.13061731220135986,0.0988191245441276,0,NS
Training_Young,PRPSAP2,22.956039909109272,-0.23368040155522607,0.3851916396174154,0.6116501373619945,0,NS
Training_Young,SPAG9,15.835318173191952,-0.14083860775802393,0.6409866564007684,0.8537528954088812,0,NS
Training_Young,OPA1,21.03777923004698,0.11820471144169886,0.5092792511695896,0.8308854926015021,0,NS
Training_Young,TBC1D4,17.522237209797368,-0.14758665799524096,0.5192367045978197,0.7971185662263482,0,NS
Training_Young,SNX3,20.771783573187413,-0.05597722468557364,0.6826625130350025,0.9498828827813218,0,NS
Training_Young,SYNCRIP,18.606582824815472,0.08738626763221902,0.6538348613075705,0.9117181904586033,0,NS
Training_Young,SELENOF,13.634859580095178,-0.2525160520758405,0.8413505764931244,0.900192413469862,0,NS
Training_Young,KLHL41,25.349804220338505,0.4979842017188396,0.15322581187342885,0.16137177980214473,0,NS
Training_Young,PLIN3,23.650271697182852,0.26056212822828684,0.05557759417919684,0.2342090538926716,0,NS
Training_Young,KPNA6,19.99014777758764,0.02358410422253953,0.9268580888509396,0.9954907713649888,0,NS
Training_Young,SNX2,19.08219171556146,-0.0549298745187734,0.7933352975664001,0.9689577443030344,0,NS
Training_Young,USO1,22.546474776025203,-0.0904371910468349,0.6561098431733848,0.9104649139503368,0,NS
Training_Young,TOM1,22.497302487372345,-0.06885066746464119,0.7168792969383271,0.9479887080245212,0,NS
Training_Young,PFKFB2,19.996820575988195,0.05579854289100794,0.8566782427042329,0.9794770225621694,0,NS
Training_Young,EDF1,20.0001610935167,-0.10946816411588856,0.5946664696516816,0.8704403296681277,0,NS
Training_Young,DNAJA2,22.85310175094614,0.2205799162123796,0.06209121314684258,0.3056553534792975,0,NS
Training_Young,CUTA,21.935414832647893,-0.18112570562029617,0.5109188199050821,0.753453860825397,0,NS
Training_Young,PFDN1,19.505594101757776,-0.20650256012499923,0.15261799038326188,0.46837040931327617,0,NS
Training_Young,NOL3,21.631546123570388,-0.088357642066903,0.7050953918242108,0.9288268741400696,0,NS
Training_Young,WDR1,23.676953938419462,0.01356092004159492,0.9401557316880996,0.9978219871048264,0,NS
Training_Young,LDB3,27.065922370617336,-0.09668798827435764,0.6360430393385351,0.8955561367693515,0,NS
Training_Young,CLASP2,17.03953403751402,-0.18274491461140485,0.6790542340264012,0.8430999637316915,0,NS
Training_Young,COBL,17.794148463668837,-0.186562032787176,0.7234607226849902,0.8686625770682553,0,NS
Training_Young,CPNE3,19.029648401393672,0.03474997880388031,0.8552778243593696,0.9866872680537137,0,NS
Training_Young,CLUH,17.216646829720737,0.4316436305506173,0.4545439547435337,0.46697677299933066,0,NS
Training_Young,CAND2,22.939839829328054,0.19634571389468647,0.31126483423254003,0.6118090425181366,0,NS
Training_Young,COQ9,25.05040779319311,-0.17746316582188726,0.2065039448350234,0.5684291687971158,0,NS
Training_Young,GGCT,20.976484965850062,-0.24424518410618745,0.088448180042543,0.3237790395111263,0,NS
Training_Young,NDUFS7,22.69680628935427,-0.5378047558934433,0.0347192061961184,0.03085612319643774,-1,Down
Training_Young,RTN2,25.931796958748304,0.06091266858920008,0.7161968899577509,0.953581982997684,0,NS
Training_Young,NDUFS2,24.610797146274784,-0.34017261252820674,0.09876457646795794,0.22329597006186133,0,NS
Training_Young,NIPSNAP2,25.8290920321075,-0.16339408145731937,0.3223922176695833,0.671341451471271,0,NS
Training_Young,CILP,17.966104018969183,-0.7979754842712126,0.3307400707379066,0.14741219668800015,0,NS
Training_Young,TBCA,21.538372901848614,0.01265543660267454,0.945106293143752,0.998141102740032,0,NS
Training_Young,ATP6V1G1,16.88339393209582,0.04489651591534382,0.8153045131904091,0.9777939888040454,0,NS
Training_Young,VPS4B,18.84648115102041,-0.1785361898171942,0.6566131227304195,0.8315672344666304,0,NS
Training_Young,MACROH2A1,19.81762922274909,-0.4457722275698543,0.4392371191629935,0.4391959848087512,0,NS
Training_Young,SH3BGRL,17.089143888315583,0.16194937969805423,0.6918686301967615,0.8662385383547689,0,NS
Training_Young,FLNB,25.554849002570172,0.3991618271713122,0.1324450385477446,0.20622840686533597,0,NS
Training_Young,NDUFS6,24.37569212057755,-0.41744991589528624,0.03924381774426668,0.07348452829556615,0,NS
Training_Young,CS,26.525978813124706,-4.934826759743771e-4,0.997182864446081,0.9999976678659546,0,NS
Training_Young,SEC22B,18.32071710369594,0.1674294191412251,0.15261799038326188,0.5398101148066121,0,NS
Training_Young,MTX2,21.50235939765718,-0.20188560131080635,0.18528155886813177,0.5082209267873258,0,NS
Training_Young,VPS26A,18.679765396389513,-0.03217023226338256,0.884473470828973,0.9900156365605384,0,NS
Training_Young,NDUFB1,23.13098017198977,-0.292493563428156,0.20314031930317217,0.3903447646166502,0,NS
Training_Young,PMPCB,20.015614979540793,-0.1020729926609718,0.658102712537716,0.9007894444613588,0,NS
Training_Young,NDUFS3,24.020412492650188,-0.32686480579666366,0.06625727406349498,0.17782169812754353,0,NS
Training_Young,ECI2,23.73133907539212,0.05289034974682849,0.8292102613964176,0.9759238956476848,0,NS
Training_Young,BANF1,22.84044428954883,-0.2174969355503116,0.4465706236835704,0.6752721930302499,0,NS
Training_Young,CSDE1,19.573097226856753,9.252405569171174e-5,0.9995255971321686,0.9999999221233928,0,NS
Training_Young,PRKRA,18.337778131244153,0.1293772242067206,0.7720194256248887,0.9222196318586606,0,NS
Training_Young,LYPLA1,21.825055179279488,-0.09084609968666868,0.6092142214527139,0.8962274317603071,0,NS
Training_Young,TIPRL,19.897173017316696,0.1496812864349728,0.25584859857973175,0.6539087172893475,0,NS
Training_Young,PPM1B,17.81925362777829,-0.18536914884710853,0.410593585402586,0.6930429582404494,0,NS
Training_Young,SLC25A12,25.1368611396914,-0.0528571383400731,0.7685897981188601,0.9666357200522668,0,NS
Training_Young,TCEA3,17.4823436925276,-0.3769689812472983,0.3512250830187446,0.4242602145895273,0,NS
Training_Young,EIF3G,19.865041655775386,-0.1384084317664538,0.4394498082356288,0.7750772642688534,0,NS
Training_Young,EIF3J,22.845809252477785,0.13177975245999465,0.1947594100387131,0.6486088296330463,0,NS
Training_Young,PSMD10,20.664673336882593,-0.16893998486439443,0.2671523350001335,0.6260538541311357,0,NS
Training_Young,IDH1,22.605394811376957,-0.15100275553285414,0.2065173144119391,0.6186064963548142,0,NS
Training_Young,SCO1,22.87595391253165,-0.16697437499442458,0.6483752585582984,0.8338820970414386,0,NS
Training_Young,ALDH1L1,21.30099790074801,0.12883859842409962,0.5948338307548664,0.8504233715549547,0,NS
Training_Young,ARL6IP5,24.292395756799223,0.08200686344613928,0.6320760333217228,0.9100218921834818,0,NS
Training_Young,DYSF,23.218929880006627,0.2409104865252232,0.04265363638303978,0.2317590961438664,0,NS
Training_Young,PIAS2,23.95945229358522,0.00676539138108012,0.9830993875291676,0.9996622608356076,0,NS
Training_Young,DCTN3,17.203993230422096,-0.1957877413238336,0.6617523093455844,0.8208685020831663,0,NS
Training_Young,ATP5PD,26.13286120211298,0.1155814119469234,0.44491153301201913,0.8107217685895798,0,NS
Training_Young,FLOT1,18.986544860096853,0.0908235704546172,0.6966875684067202,0.9246181012489424,0,NS
Training_Young,ATP5MG,26.0077979798532,0.08220506164322572,0.6538348613075705,0.9165365819916776,0,NS
Training_Young,GLRX3,18.91212223377552,0.5406449651025653,0.00192068943581877,0.00141070927441386,1,Up
Training_Young,SNCG,16.028362549389303,0.2734600689084896,0.8413578930805977,0.8929007817564937,0,NS
Training_Young,DDAH1,22.297576244358275,-0.13304870507968403,0.5380098675552127,0.8214496098492563,0,NS
Training_Young,TPPP,16.036184552282815,NA,NA,NA,0,NS
Training_Young,BAIAP3,23.104783165001702,0.00534516892739489,0.988445508011093,0.9998373940588487,0,NS
Training_Young,TOMM70,19.779864929186285,0.3691400881589182,0.02643103105968071,0.07641566723811682,0,NS
Training_Young,UFL1,16.160140242945417,-0.12379002044239584,0.5525144849204128,0.839754850581175,0,NS
Training_Young,TMEM63A,19.781281928257165,0.30722902870461155,0.2487707126696312,0.4108226714103675,0,NS
Training_Young,PLPBP,20.253537138459745,-0.10301678902478884,0.46378489547906254,0.8372405172236583,0,NS
Training_Young,ERLIN2,23.554954577073513,-0.23599865061580871,0.2523481291764149,0.50765108498281,0,NS
Training_Young,ENDOD1,21.106918074028737,0.04048216551798944,0.8122883611861683,0.9793371695153354,0,NS
Training_Young,SEC31A,18.250127337033163,0.1466945738146066,0.5796459337611556,0.8245599127993823,0,NS
Training_Young,NDUFB6,22.27338456622332,-0.5060651730847638,0.04540445008103629,0.05153285393104121,0,NS
Training_Young,MFN2,17.733458559430087,0.07972966366576273,0.716948736163157,0.9402060613165132,0,NS
Training_Young,NDUFA3,22.56999099231678,-0.6008233643418315,0.01474965305702524,0.00726659536555468,-1,Down
Training_Young,NDUFB4,24.017185401494363,-0.4440604309669922,0.04265363638303978,0.06806315697230221,0,NS
Training_Young,NDUFB8,23.57185072123935,-0.2595094320925817,0.15308917381794984,0.3861553720209046,0,NS
Training_Young,NDUFA7,23.3727581579446,-0.3484775815200436,0.13328742885595904,0.2540038802476444,0,NS
Training_Young,RTN3,19.13590421091039,0.12045978730576223,0.7511023822923342,0.9205833612661856,0,NS
Training_Young,LETM1,21.165588336194233,0.12258913672560824,0.595924266163909,0.8576573729390339,0,NS
Training_Young,STBD1,24.204003667978608,0.14386511870301533,0.31762715734486063,0.7016902884028784,0,NS
Training_Young,ZRANB2,20.14728448025148,-0.07508668720377187,0.9201973671577944,0.9844108669129332,0,NS
Training_Young,EPM2A,20.45966863257272,-0.4282211784955834,0.09876457646795794,0.15187080459788918,0,NS
Training_Young,VAPB,23.34546261614166,-0.13621941245282443,0.3392357841298881,0.726410338986894,0,NS
Training_Young,NDUFC2,23.153349252787947,-0.4611863697466916,0.08157842814785278,0.10797458558949252,0,NS
Training_Young,NDUFA10,24.176431696971445,-0.2948297749301183,0.1383438299200605,0.31952515513277635,0,NS
Training_Young,PGLS,17.633885616717826,-0.00514915850224539,0.988445508011093,0.9998437362684414,0,NS
Training_Young,TACC2,18.06726681939971,0.14616985337102406,0.5548374054027444,0.8146575650791396,0,NS
Training_Young,LYPLA2,19.94599452554274,-0.16923534694055675,0.678292473335448,0.853152328540388,0,NS
Training_Young,IPO7,20.152730190529184,0.20441249401414296,0.31367607390316227,0.6009725554321896,0,NS
Training_Young,ARIH2,19.243316125866848,-0.4454713229673679,0.1324450385477446,0.17130085266021347,0,NS
Training_Young,PGM3,17.317329566562652,0.02741659747473335,0.9268580888509396,0.9947150841533628,0,NS
Training_Young,SVIL,17.628965368860815,0.17491285442342175,0.7022019730153195,0.8626195155087277,0,NS
Training_Young,AHSA1,19.12670241696653,0.1865551297061998,0.24740679152427644,0.5804961990270485,0,NS
Training_Young,H6PD,18.818583931315587,-0.114280314423862,0.5946664696516816,0.865577586712526,0,NS
Training_Young,MPC2,22.78564379861677,0.06219051334790748,0.7983323303953295,0.965773301147034,0,NS
Training_Young,ETHE1,17.39756971185419,-0.32519953292872117,0.3220798313297191,0.45204758785054194,0,NS
Training_Young,ACSL3,22.204884788917564,0.2126581244735988,0.11476261414258204,0.4116607513749699,0,NS
Training_Young,ASMTL,17.637718575077166,-0.02739945606185756,0.9672976742326604,0.997765691284562,0,NS
Training_Young,CDS2,18.45297431426133,0.187803023835702,0.3931964886246436,0.6774294114480062,0,NS
Training_Young,SNAP29,16.511513997482048,0.4748088343715757,0.14915816516701805,0.16940979906070605,0,NS
Training_Young,OXSR1,20.62826084726574,-0.07779448134842326,0.5404694970060352,0.8920701184338714,0,NS
Training_Young,LSM8,18.944903157691098,-0.5020715302890473,0.06665295407779838,0.07100295156532874,0,NS
Training_Young,AP2A1,19.228405129518663,0.28020116014423735,0.22964544340313775,0.42831363741278455,0,NS
Training_Young,CAVIN2,19.74278618969645,-0.17046446335339382,0.29224506229587033,0.6390283569239017,0,NS
Training_Young,BAG2,14.61298573039326,0.18748472010259043,0.5710577534437563,0.7771123072406972,0,NS
Training_Young,BAG3,23.399408050458124,0.25546187180048463,0.2288651223527211,0.4598751792284877,0,NS
Training_Young,MLYCD,16.67549538727743,-0.19870630665558053,0.7316614855839156,0.8646657560269448,0,NS
Training_Young,AIFM1,24.287030137729037,0.00997637713644294,0.9514014182020044,0.9987917083180792,0,NS
Training_Young,EML2,20.501760503454697,0.13053509244122097,0.7148744882349882,0.9026786462326564,0,NS
Training_Young,BPNT1,18.37883547883266,0.11003788552834948,0.6483752585582984,0.8875174567095249,0,NS
Training_Young,DDAH2,16.210432264598264,0.3420908555983537,0.06089690658824718,0.1570894360761317,0,NS
Training_Young,ABHD16A,14.876416308130077,0.11472407532448514,0.8566782427042329,0.9584419590119276,0,NS
Training_Young,TXNDC12,19.115079531431665,0.3946552794542981,0.7562595200212429,0.7673794551033474,0,NS
Training_Young,NUDT3,18.229685143656056,-0.14844482361403522,0.4054762481517117,0.7424101465898734,0,NS
Training_Young,NDUFB10,24.84589048438532,-0.40058901086564447,0.05111004652325293,0.10176031290327392,0,NS
Training_Young,CLPTM1,15.921570932919243,0.43431226131415457,0.5110211966808225,0.5075242605308001,0,NS
Training_Young,MOCS2,18.454633578297553,-0.2426382608194153,0.3825894745334859,0.5979797530433059,0,NS
Training_Young,TOMM40,18.826091784290664,-0.2872171350763715,0.07875054320660135,0.24416200171385916,0,NS
Training_Young,PEX11B,15.09796418271817,-0.346766849146805,0.4265362631531045,0.51669054112852,0,NS
Training_Young,CYB5A,17.11052868247609,0.21503287516723543,0.4746806982313339,0.695463043391089,0,NS
Training_Young,ADH1B,21.35318600111424,-0.8146531056277873,0.04159871216055199,0.00669950361204997,-1,Down
Training_Young,LDHA,29.158916759176307,0.10104425444577814,0.7316614855839156,0.928665259774076,0,NS
Training_Young,ALDH1A1,23.86496258644634,-0.2903366061050221,0.16389126683951602,0.35607976408672365,0,NS
Training_Young,GLUD1,21.673884194808377,0.35854888721063816,0.01957801276030864,0.0660989223980933,0,NS
Training_Young,CYB5R3,24.517543908413224,0.19635574407481823,0.162994984464802,0.49606688725087034,0,NS
Training_Young,GSR,21.334398783064156,0.14178107206647184,0.2040270721121195,0.6347299634419369,0,NS
Training_Young,MT-CO1,21.623934814938877,-0.4345746459069488,0.22852855879366657,0.26601841480367083,0,NS
Training_Young,MT-CO2,26.955358633861223,-0.31942793169342565,0.0982002984402799,0.24243453130430256,0,NS
Training_Young,MT-CO3,22.671476091596727,-0.5271888330990677,0.04265363638303978,0.04077179014914103,-1,Down
Training_Young,SOD1,26.15530932989125,-0.03305170719926309,0.8751810152317134,0.9891406633055176,0,NS
Training_Young,CP,20.954449970524703,0.11751430598103596,0.7145879137260315,0.9113215754410322,0,NS
Training_Young,F13A1,18.08687568785512,0.7348993160844053,0.08399603955994536,0.03094044581669314,1,Up
Training_Young,HPRT1,18.171558047328897,0.5111410405961081,0.02649680618927144,0.02876320048548934,1,Up
Training_Young,GOT2,27.368267260119637,-0.05147985155217682,0.7710506070866208,0.9681591426791668,0,NS
Training_Young,PGK1,29.030086065759708,0.06819155566142854,0.6825028636502559,0.9390032427089944,0,NS
Training_Young,AK1,28.870262790169516,0.1348511985116332,0.4746806982313339,0.7963236881022359,0,NS
Training_Young,MT-ATP6,25.3203578217936,0.08062481600525828,0.8122883611861683,0.9590888011095522,0,NS
Training_Young,CA2,27.371135136915075,0.00226581615876142,0.9950658038459508,0.9999693064609187,0,NS
Training_Young,ASS1,19.660174883498325,-0.24532148334233383,0.7471675366721812,0.8432382468149859,0,NS
Training_Young,CST3,20.125286506373207,0.19643043846669883,0.3506595798097672,0.6379386285187186,0,NS
Training_Young,CSTA,18.218692834575187,0.3015708341808434,0.6785292650992176,0.7538887818079679,0,NS
Training_Young,JCHAIN,16.482134530244405,-0.14319230840178676,0.895148597314013,0.9613574550389276,0,NS
Training_Young,HLA-B,15.55926720609746,-0.6149842599076454,0.1594712410930071,0.1091535155940615,0,NS
Training_Young,HLA-DRB1,19.77519445053032,-0.33801679643207194,0.397052376441092,0.5017076312467237,0,NS
Training_Young,MB,33.61081632620287,-0.0854980845601716,0.60074987040757,0.8994434262178805,0,NS
Training_Young,COL1A1,20.082222106982854,-1.0774363328290768,0.07741851831646447,0.00468880579390758,-1,Down
Training_Young,COL3A1,21.194918712425128,-1.1300829873546867,0.0634000243538967,0.00237725575136067,-1,Down
Training_Young,COL4A1,21.39143579437815,-1.395753316530662,0.01512642153580729,1.2638750776299675e-5,-1,Down
Training_Young,CRYAB,29.7184774226715,0.3383450198434126,0.13061731220135986,0.2599133956146666,0,NS
Training_Young,KRT14,21.735862371255894,-0.10107754499129128,0.9221164013816194,0.9795836613220016,0,NS
Training_Young,LMNA,22.95640604256489,-0.35802418028024263,0.1932443729386852,0.30698808992654264,0,NS
Training_Young,TNNC2,27.841683696457704,-0.21846102063071624,0.6826625130350025,0.8184566818828896,0,NS
Training_Young,APOE,16.802094698704828,-0.07528080067351084,0.9179914960876072,0.9840615515702352,0,NS
Training_Young,LRG1,18.371561612152657,0.18280247673165917,0.7050953918242108,0.8605419075369775,0,NS
Training_Young,FN1,17.068188305105576,-0.2275225885692791,0.8463311833797484,0.9122719301618532,0,NS
Training_Young,RBP4,20.393688157865473,-0.16763366732383034,0.8869191167329888,0.9510067961575296,0,NS
Training_Young,TTR,22.882292763690337,-0.20683370216413263,0.4848685525301325,0.7111146337417136,0,NS
Training_Young,PPBP,18.4551225445772,0.22383439213388812,0.7517362043105136,0.8584176665589791,0,NS
Training_Young,TFRC,16.77188201863427,0.08852440953308971,0.9063439017748198,0.9784373715450512,0,NS
Training_Young,FTL,21.382795221081732,-0.519431396268704,0.5776032328104777,0.5031825048785892,0,NS
Training_Young,FTH1,25.458804855988504,-0.6745695807175416,0.07875054320660135,0.03592890664578063,-1,Down
Training_Young,MT2A,21.71058502133751,-0.2326996130118495,0.5155975076558811,0.6975179647959264,0,NS
Training_Young,MT-ND1,23.255083345282753,-0.44507064424387366,0.03740355584855481,0.05968412589015205,0,NS
Training_Young,MT-ND2,20.03463207934594,-0.4452932604114608,0.16706364550956593,0.2079751936327247,0,NS
Training_Young,MT-ND3,20.436421440214406,-0.478505116204083,0.05845858902073989,0.07288188742722684,0,NS
Training_Young,MT-ND4,21.379732403016977,-0.5106112548605743,0.04339983614505331,0.04675571040555798,-1,Down
Training_Young,MT-ND5,23.120411361950357,-0.24112502223828616,0.5946664696516816,0.7377029635150004,0,NS
Training_Young,MT-ATP8,22.94606321729593,0.17732179129193426,0.4940911305526305,0.7500126285853539,0,NS
Training_Young,CAT,22.459734558890045,-0.01615131261275948,0.9672976742326604,0.998692710573888,0,NS
Training_Young,ALDOA,31.484659103403235,0.01978354134799431,0.9074635029412946,0.9952505262442576,0,NS
Training_Young,CSTB,24.38996481453203,-0.02231692634446247,0.93764794338536706,0.9962818041281096,0,NS
Training_Young,ANXA1,21.84219183471319,0.5779875863254773,0.05391883586400659,0.03895087702445353,1,Up
Training_Young,SOD2,25.11745557749726,-0.0486510296804532,0.8886303173544384,0.9857465415998248,0,NS
Training_Young,KRT1,25.522073197169966,-0.2657432572895715,0.6561098431733848,0.7577335787296281,0,NS
Training_Young,VWF,17.117809659775013,-0.03544959520832336,0.9736240493934778,0.9975813717440726,0,NS
Training_Young,GAPDH,31.407624477615048,0.21592681399785363,0.11313293730374473,0.4037478647193287,0,NS
Training_Young,HLA-A,18.237746595325888,0.08381691191041796,0.804324637004777,0.9550330362052528,0,NS
Training_Young,CAPNS1,23.06432438476822,0.11245215651346996,0.17548032720183776,0.6791320129124498,0,NS
Training_Young,HSPB1,29.539415617676703,0.5389298470756856,0.02286924427887769,0.02005021387513449,1,Up
Training_Young,RPN1,21.34880925457332,0.01901254745940406,0.898340135081782,0.9949726290256204,0,NS
Training_Young,RPN2,20.13233192139377,0.13514348513526286,0.6080263983739816,0.8479755907765455,0,NS
Training_Young,GNAI2,21.822248819064725,0.00162124337270697,0.9950658038459508,0.9999711355053637,0,NS
Training_Young,ATP1A1,23.229493023875225,0.193423678679828,0.07902899216991464,0.38833241510837013,0,NS
Training_Young,ATP1B1,22.82017649460657,0.11649472966459128,0.3778996260142038,0.7780298958681153,0,NS
Training_Young,APOD,21.726480785823657,-0.2296333409442397,0.5729988146482803,0.7352853166697453,0,NS
Training_Young,ALDH2,23.370827015030173,0.14436250808367743,0.6771569665480791,0.8708082796107238,0,NS
Training_Young,S100A8,21.664146011449972,0.1675143154540777,0.820468231965593,0.9222240089293032,0,NS
Training_Young,SLC25A5,27.766691241291937,0.02233378929564722,0.9118604456537206,0.9948576988890744,0,NS
Training_Young,SERPING1,19.623612788058345,-0.15753683203185886,0.6956463078183129,0.8724880735564476,0,NS
Training_Young,PCCA,19.179080376373392,0.15507345296827424,0.44491153301201913,0.7544966019804559,0,NS
Training_Young,PCCB,18.298320774665605,0.24333313359997177,0.2688771432445029,0.510438952752596,0,NS
Training_Young,EIF2S1,21.894250356707204,0.07612590409960518,0.410593585402586,0.8604400734465473,0,NS
Training_Young,RPLP1,21.11362904970564,0.00291139835146125,0.9950658038459508,0.9999597437315236,0,NS
Training_Young,RPLP2,22.9567989299382,0.04142584414272576,0.9041065574107956,0.989613786073459,0,NS
Training_Young,RPLP0,21.25988008124769,0.04580083889546671,0.884473470828973,0.9858871316896148,0,NS
Training_Young,FABP3,28.965810181930504,0.00288112399281104,0.9950658038459508,0.9999449170334505,0,NS
Training_Young,CLEC3B,18.676810208382896,0.3831489129013015,0.28920931146059975,0.3634908246967859,0,NS
Training_Young,SSB,16.550341304807613,-0.12703473823649605,0.7050953918242108,0.9006667059425557,0,NS
Training_Young,ITGB1,20.16901234762769,-0.04833815231295446,0.7168792969383271,0.9632359823495624,0,NS
Training_Young,KRT18,24.916676085771915,-0.2179064746809516,0.6950599772601357,0.8263104919493274,0,NS
Training_Young,KRT8,23.422232533302335,-0.28136932309033114,0.6826625130350025,0.7720883407547042,0,NS
Training_Young,MYL1,30.428305281262144,-0.3026839396329528,0.5875038065240914,0.6759757658514073,0,NS
Training_Young,GSN,23.521570307218216,0.45184918990100087,0.07741851831646447,0.1050646896368974,0,NS
Training_Young,PTMA,15.021839166693912,-0.08713297052834079,0.8486823179937493,0.965877488737354,0,NS
Training_Young,ATP5F1B,28.43098239484724,0.09457782525534596,0.5667451661774137,0.879432998958665,0,NS
Training_Young,S100A9,21.635628027637708,0.10858153779818736,0.8751810152317134,0.9647855573195764,0,NS
Training_Young,S100A6,24.815226933912935,1.1755595419200198,0.01716927724201604,1.062291511313968e-4,1,Up
Training_Young,EIF4E,20.488107940549313,-0.06647787715130349,0.7016360655623688,0.945135498496758,0,NS
Training_Young,CKM,32.39147208811944,0.01545597490520833,0.9268580888509396,0.9969917990942692,0,NS
Training_Young,ENO1,29.94001076807693,0.11286861822632945,0.6491627673629037,0.8855456241140507,0,NS
Training_Young,PYGL,24.318576158907614,0.15288186817821625,0.6970200645877795,0.8766395398877467,0,NS
Training_Young,GPI,27.451977947149167,0.06365932039551936,0.6409359583355184,0.9308473306294276,0,NS
Training_Young,NPM1,22.119362125332,0.00871367308646498,0.9774123108727572,0.9994543378669876,0,NS
Training_Young,TPM3,25.67890335016827,-0.6565640002484123,0.22964544340313775,0.136931493546419,0,NS
Training_Young,EPHX1,23.453659406753236,0.24763913492624567,0.31126483423254003,0.537978175453163,0,NS
Training_Young,DBI,25.446303834746715,-0.19570573637864183,0.3527165529061899,0.6435935209504541,0,NS
Training_Young,LDHB,25.04995014827807,0.04427326017341926,0.916697914802721,0.990451688564412,0,NS
Training_Young,GPX1,21.75047152788109,-0.15955637308065818,0.1491939389121996,0.5510942467626108,0,NS
Training_Young,P4HB,24.369735929372723,0.10761380953169564,0.3811374661393898,0.7949731915112884,0,NS
Training_Young,H1-0,22.647943050275916,-0.6720769623454039,0.0071992108645022,0.00158949046884563,-1,Down
Training_Young,CTSD,23.261282585881855,-0.0715798404284449,0.7011440389349722,0.9409515430871604,0,NS
Training_Young,ANXA2,24.433663781386503,0.2775696634303877,0.08305359989246493,0.2637598626830067,0,NS
Training_Young,CAPN1,22.831458009390463,0.04736521513035185,0.6768381926324509,0.9553974543233704,0,NS
Training_Young,TUBB,26.25250568315112,0.2911616587662955,0.01765734902758051,0.10572840770591184,0,NS
Training_Young,CA3,30.95012109332983,0.20566603094447444,0.22852855879366657,0.534604672785117,0,NS
Training_Young,DCN,23.38877286758882,-0.33476215450847846,0.30381452825088157,0.4256696652151587,0,NS
Training_Young,PSAP,24.127643675336884,-0.17767529198750864,0.3947587480888912,0.6935562343254071,0,NS
Training_Young,PFN1,25.498753709424843,0.1279996464144766,0.3022417560938453,0.7200744257838523,0,NS
Training_Young,BPGM,21.33904590988369,-0.24445767465475043,0.3578854001832206,0.5799389972694802,0,NS
Training_Young,APRT,21.939208959644407,0.04670478291238922,0.8087090853642978,0.975493569731792,0,NS
Training_Young,EPRS1,21.48131557521121,0.19987024070163173,0.0149920959202571,0.19675751202694688,0,NS
Training_Young,CTSB,20.18901648084543,0.06769628109523396,0.7725485293284079,0.9588395002587284,0,NS
Training_Young,HSP90AA1,25.922651317380343,0.07857931108809169,0.6215125932070501,0.911428952060152,0,NS
Training_Young,UQCRH,25.056337325685295,-0.08219722434617083,0.6538348613075705,0.916315625559534,0,NS
Training_Young,TPM2,27.39131941112277,-0.35745509303248824,0.5525144849204128,0.602347744335982,0,NS
Training_Young,FH,25.288960190312956,0.1127307744185586,0.29335617692172733,0.7441617002651444,0,NS
Training_Young,COL1A2,19.590194971216377,-1.2319160509389704,0.08575927820469739,0.00316086920750498,-1,Down
Training_Young,ANXA6,26.661350398922387,0.06660085044516606,0.6261448052567177,0.9249813748463026,0,NS
Training_Young,PFKM,27.620318224355128,0.12917377943527342,0.5525144849204128,0.8335113057887985,0,NS
Training_Young,HSP90AB1,24.767030193515787,0.1744916983275573,0.16349654807198102,0.5371440711984948,0,NS
Training_Young,SOD3,18.48061564688999,-0.34065244736081723,0.5329753335061327,0.6001397511803348,0,NS
Training_Young,CTSG,17.977382625924722,-2.098313871337094,0.21195395924677965,0.00136075598519867,-1,Down
Training_Young,PDHA1,25.583241906359323,0.00441236169923797,0.980384035171067,0.9997513318112484,0,NS
Training_Young,COL4A2,21.369516721299014,-0.9780646388264564,0.03924381774426668,0.00219067758434536,-1,Down
Training_Young,CYC1,26.881585540803147,-0.136456124857105,0.3962733873473811,0.7562219462957623,0,NS
Training_Young,MYL3,28.0697801886455,-0.7952938794701652,0.10325935002428088,0.031849613909619,-1,Down
Training_Young,SNRNP70,14.61721643349383,NA,NA,NA,0,NS
Training_Young,NFIC,18.432867732406145,-0.505287898002841,0.04159871216055199,0.04485647961963115,-1,Down
Training_Young,VIM,24.87989431630527,0.10774591450080706,0.7933352975664001,0.9400668866203132,0,NS
Training_Young,SERPINF2,18.27468209291369,6.798364392359701e-4,0.9985067148550608,0.9999980130896824,0,NS
Training_Young,RPS17,20.810447159447573,0.06369491517417813,0.8153045131904091,0.9689007089425103,0,NS
Training_Young,KRT19,25.17198415484452,-0.25814861456992944,0.6732724248252512,0.7775468580004501,0,NS
Training_Young,ANXA5,23.860265674880345,0.11808096287971992,0.5667451661774137,0.8514108934898647,0,NS
Training_Young,RPSA,22.218561343284584,0.00769032515710677,0.9736240493934778,0.9994668119118348,0,NS
Training_Young,SNRPA,18.318834740819916,-0.3164464737881687,0.13844455039068077,0.29424467245205876,0,NS
Training_Young,ENO2,30.08763714700968,0.02080283141154737,0.9423766883481242,0.9968213104424932,0,NS
Training_Young,ACAA1,20.035086474667008,0.07677745561424842,0.7292584883899562,0.9449148446513214,0,NS
Training_Young,GSTP1,25.353482398020265,0.00979664584270167,0.9583554547952966,0.9990591238513205,0,NS
Training_Young,LGALS1,26.534413075461643,-0.06518723140772664,0.853394856551643,0.9749103304643192,0,NS
Training_Young,QDPR,23.902434141901292,-0.23714021314533795,0.10989207552344694,0.36568623024058633,0,NS
Training_Young,HMGB1,21.42812588067763,-0.27511799360471656,0.03740355584855481,0.17518729222979793,0,NS
Training_Young,RBP1,19.608485233123808,-0.5704757236707074,0.6918686301967615,0.6026404595264588,0,NS
Training_Young,FBP1,25.845942409657308,0.06759278025625193,0.895148597314013,0.9815516567561652,0,NS
Training_Young,GSTM1,22.339673882035164,-0.4617546565899638,0.6771569665480791,0.64584882283166,0,NS
Training_Young,TPM1,28.46386423145315,-0.333503711502253,0.5946664696516816,0.6553960148796614,0,NS
Training_Young,CLTB,18.982645910744697,0.29912816798776376,0.02502839857525857,0.1209521651784926,0,NS
Training_Young,ANXA4,19.886436609148223,0.22571933858669624,0.22545723975443535,0.5001472923340371,0,NS
Training_Young,HMOX1,16.90195491471642,-0.726325829235865,0.16471887138482616,0.07604152280187434,0,NS
Training_Young,DLD,25.65460171631506,0.01917520187659605,0.9109608921052568,0.9955436307202536,0,NS
Training_Young,HNRNPA1,18.469491676725863,-0.133625757406989,0.7050953918242108,0.8946457918927789,0,NS
Training_Young,COX6C,26.53957291437063,-0.34807890936382435,0.14685190410996324,0.2695063255428708,0,NS
Training_Young,PARP1,19.463111762198288,-0.17056274222755263,0.3047951039189284,0.6484914824607809,0,NS
Training_Young,IFIT2,25.723296269875146,-0.06784404030435098,0.8122883611861683,0.9655888611220452,0,NS
Training_Young,UCHL1,22.296710928397403,0.856069503019846,0.01474965305702524,9.107939060654356e-4,1,Up
Training_Young,LTA4H,23.562967866481532,-0.01333141430957596,0.945106293143752,0.9980410672464368,0,NS
Training_Young,ALDOC,26.3742951146504,0.37814429499072943,0.678292473335448,0.7013924127983133,0,NS
Training_Young,LIMS3,17.084431445067697,-0.1255092145784431,0.728429433914807,0.911117977835036,0,NS
Training_Young,HSPA1A,26.57516132337584,-0.02811618151442729,0.8887831039976243,0.9917583825375276,0,NS
Training_Young,CALM1,27.14050525732191,0.17561179406515848,0.24643933255167108,0.5981873634871823,0,NS
Training_Young,FDX1,17.430279274878902,-0.06740853477004194,0.9268580888509396,0.9873218874480034,0,NS
Training_Young,COX8A,21.456517430881096,0.04022689346778208,0.9422204744070168,0.99381399543417,0,NS
Training_Young,GAA,18.148986535839747,0.01308584532392487,0.9711927646811928,0.999051811945398,0,NS
Training_Young,RRAS,21.47399492613833,-0.06159096621560778,0.7816633650315634,0.96344462208876,0,NS
Training_Young,ARAF,15.269332212000982,0.0646000463488452,0.9268580888509396,0.9874945648670876,0,NS
Training_Young,DLAT,24.937521731356657,0.0035524342500679,0.9855987183369828,0.9998449338300618,0,NS
Training_Young,TXN,25.50720102401325,-0.0965207543331914,0.6015228541855981,0.8875168433718592,0,NS
Training_Young,COX5B,26.88782107438663,-0.2961022495337886,0.12600927079567883,0.30185164297499245,0,NS
Training_Young,MAPT,22.99234308119329,0.31408586645509473,0.03454071518445056,0.13049420511003654,0,NS
Training_Young,PRKAR1A,24.17016290013299,0.09036418579553283,0.5068131486095021,0.8673806353313809,0,NS
Training_Young,ESD,24.82065536726824,-0.1118255518239586,0.6856826723242834,0.9034936304893092,0,NS
Training_Young,HSPD1,24.462633839156528,0.08666923671489002,0.5404694970060352,0.8805291210033489,0,NS
Training_Young,THRB,22.834733521556476,-0.5846696219297733,0.3589117298241132,0.27256422615090425,0,NS
Training_Young,CLU,19.623256235355512,0.2656252557855119,0.4392371191629935,0.612690330275663,0,NS
Training_Young,MYL2,28.292797306054563,-0.8398951104667596,0.06869358879768084,0.0123795585558456,-1,Down
Training_Young,HSPA5,23.862290967503217,0.15970949873604212,0.1540062547420357,0.558074061242281,0,NS
Training_Young,LAMC1,20.053718187684925,-0.8147277166809239,0.03924381774426668,0.00603256043022665,-1,Down
Training_Young,MYH3,25.51836865300102,-1.2178380757618683,0.08749847981077961,0.00351463833624254,-1,Down
Training_Young,HSPA8,26.87253093032458,0.15537644862135735,0.09700332784479657,0.5005330077172823,0,NS
Training_Young,EPB41,18.351693726332304,0.14945178636612155,0.785360109494107,0.9146143612078608,0,NS
Training_Young,PDHB,25.47961312000195,0.02768218188822757,0.8436950763265542,0.9887734629483462,0,NS
Training_Young,DBT,20.29655400146033,-0.0031982954876355,0.9950658038459508,0.9999450290760864,0,NS
Training_Young,PYGB,29.108400044106844,-0.04946781031036451,0.8045208356597896,0.9734488139057316,0,NS
Training_Young,PYGM,29.263837832172204,0.09751507872299214,0.5885651954768482,0.8819620114115425,0,NS
Training_Young,RALA,20.462398203664023,-0.1963887219306244,0.19702529971494293,0.5275377462828933,0,NS
Training_Young,SPTB,21.615545889033186,-0.02476656521131914,0.940434185262179,0.9960496092805282,0,NS
Training_Young,LAMP1,18.79165603050338,0.08494557609561326,0.7050953918242108,0.9314636795033436,0,NS
Training_Young,ACADM,24.402218232824517,0.11839367958629764,0.6108867765899103,0.8674216782871415,0,NS
Training_Young,UBL4A,16.306146934052627,0.22681251360150512,0.4555807253377875,0.6717863096456356,0,NS
Training_Young,DMD,23.153058020638877,-0.07059712111311356,0.6771569665480791,0.9353782040130002,0,NS
Training_Young,MTHFD1,22.53268957350119,0.06338315593377786,0.608744307439043,0.9259986391931908,0,NS
Training_Young,ADH5,23.860997072763706,-0.0993561785577377,0.5948338307548664,0.8824823954055483,0,NS
Training_Young,PABPC1,20.131746995829378,-0.04223529006005577,0.7667909472120573,0.9730208467643354,0,NS
Training_Young,HARS1,18.728491483041005,0.18071779368680296,0.1324450385477446,0.4897371219253543,0,NS
Training_Young,COL6A1,20.443035969754977,-0.7334961062141865,0.10989207552344694,0.04450180957752057,-1,Down
Training_Young,COL6A2,19.314746779566576,-0.5464847116751876,0.3578854001832206,0.295707871458851,0,NS
Training_Young,COL6A3,20.766972616647433,-0.4811490378521661,0.3251229990248103,0.3113573559105808,0,NS
Training_Young,SLC25A4,27.067343955714698,-0.03081385672505376,0.9161117754842728,0.9932212112245468,0,NS
Training_Young,SLC25A6,26.894469698957433,0.12939600463444734,0.7374479002703823,0.911091947973675,0,NS
Training_Young,IMPDH2,22.18047902492947,-0.07740282514531671,0.6554001925245715,0.9220487050633588,0,NS
Training_Young,CKB,31.116680047345792,-0.01312633088905457,0.945897873693066,0.9981102364264236,0,NS
Training_Young,ANXA3,19.036845934129623,-0.38466551672151184,0.24740679152427644,0.3260232682224112,0,NS
Training_Young,BCKDHA,18.06876108884397,-0.05626812444909745,0.8870211434031274,0.9833387577931624,0,NS
Training_Young,ACTN1,24.125583727005225,-0.81055983435812,0.3527165529061899,0.16098417832733455,0,NS
Training_Young,MYH1,28.77485375905534,-0.6445298318719068,0.27553629026738263,0.17422118475398202,0,NS
Training_Young,MYH7,29.25453863457152,-0.5986167892462468,0.24643933255167108,0.17366905091468807,0,NS
Training_Young,PEPD,18.962191705323693,-0.09754083290496852,0.6483752585582984,0.8994720576269111,0,NS
Training_Young,XRCC6,19.650918916114012,-0.14898522367017009,0.3022417560938453,0.682048131539268,0,NS
Training_Young,XRCC5,19.706482329794444,-0.07072479731077763,0.6593146395411326,0.9306507449105972,0,NS
Training_Young,COX4I1,27.13596586642058,-0.2497569435211844,0.1829727030268276,0.42987225068206864,0,NS
Training_Young,IFITM1,15.934303796139636,-0.336903671143304,0.19151515644014083,0.3276483695397355,0,NS
Training_Young,LAMP2,22.643768874453595,-0.1408448656380763,0.6771569665480791,0.8751827226630313,0,NS
Training_Young,RNH1,24.144687495726963,-0.04537616611159834,0.7909452127753377,0.973927264697828,0,NS
Training_Young,MYH8,19.91368877909568,0.04565856912950039,0.9534464480261396,0.9947140236873404,0,NS
Training_Young,VCAN,21.63900196645317,-0.03527587754582484,0.8907128901886522,0.9898434162091048,0,NS
Training_Young,EEF2,24.782165388321797,-0.00654172042635536,0.9577134270827784,0.9993462158475048,0,NS
Training_Young,KRT10,25.5470388341646,-0.25484378365045046,0.658102712537716,0.7703700583818428,0,NS
Training_Young,KRT5,20.968072611917428,-0.17866197404958584,0.7953517297919417,0.903435165873136,0,NS
Training_Young,PDIA4,21.362390271477334,0.2980014049516946,0.3578854001832206,0.5148587581423523,0,NS
Training_Young,TPT1,24.13371294431874,-0.13649205647752893,0.5525144849204128,0.8240250879614275,0,NS
Training_Young,ALAD,22.86364919475073,0.0608776578657455,0.8405501812065259,0.974015807137305,0,NS
Training_Young,LCP1,18.541455891027955,-0.01799630070031455,0.9502860349173702,0.997660990679822,0,NS
Training_Young,PLS3,19.484955381446607,-0.06444791154311602,0.8566782427042329,0.976705075688225,0,NS
Training_Young,APEH,24.280278203232633,0.139726332670719,0.1950166386849952,0.6324479806547115,0,NS
Training_Young,ETFA,24.80930848687998,0.02787086459475674,0.9093114295736556,0.9934173438037492,0,NS
Training_Young,TNNT1,26.112030244384137,-0.6657578099645747,0.1996030009562326,0.11558469336490904,0,NS
Training_Young,GYS1,24.49244787113467,0.23476542208204876,0.1324450385477446,0.39521311305135465,0,NS
Training_Young,PRKAR2A,23.579540288114075,0.08081079587426743,0.5347104584933666,0.8864807132743542,0,NS
Training_Young,ENO3,30.133537729112696,0.00953178039917546,0.9577134270827784,0.999039658303556,0,NS
Training_Young,CD59,24.440634889171896,0.02363883727806737,0.9029758928849702,0.993952477977207,0,NS
Training_Young,MIF,25.28538949439101,0.1070246934824226,0.6561098431733848,0.8949508497183076,0,NS
Training_Young,CD99,18.41572801281717,0.3135899298145226,0.23560234126723273,0.3921937983786197,0,NS
Training_Young,PRKCSH,20.28506361299437,0.13373016773089574,0.3512250830187446,0.7385178880006353,0,NS
Training_Young,FDPS,20.30221847364775,-0.06221006575528065,0.5948338307548664,0.9248667107351348,0,NS
Training_Young,COX7A2,22.585223874944493,-0.24385136754133185,0.2938595519476895,0.5281828600925191,0,NS
Training_Young,NID1,18.360147284873264,-0.7481577161529884,0.07245467771175441,0.02184956653038365,-1,Down
Training_Young,AKR1A1,26.74022176321,0.13615196606522417,0.4329569405847688,0.7743358932733214,0,NS
Training_Young,PKM,29.18068712388038,0.06296332627293566,0.7002503780324841,0.9476960743539652,0,NS
Training_Young,ACYP2,25.23684068657341,0.11290937860695038,0.4769632429852337,0.8271975480865726,0,NS
Training_Young,HSP90B1,24.46429596333309,0.21195034477030816,0.08399603955994536,0.3653520884614257,0,NS
Training_Young,MYL6B,23.363614261441093,0.17152885102547444,0.8410817654330629,0.9306112299557836,0,NS
Training_Young,SLC2A4,17.571062734542295,0.6296500919245247,0.3949228538815396,0.27399286827504377,0,NS
Training_Young,IDE,18.386886188485892,-0.03723439254535776,0.872834398067876,0.9876101375022712,0,NS
Training_Young,COX6B1,25.339333269731902,-0.3368629922463029,0.08315180106700194,0.19947785974096993,0,NS
Training_Young,HNRNPL,17.416509016198788,-0.1985119886571809,0.2571303393726636,0.570799871900825,0,NS
Training_Young,DARS1,20.94285767603591,0.3472791877994794,0.02279422705302942,0.07999710663059481,0,NS
Training_Young,JUP,19.5978716675808,0.2036555936925346,0.728429433914807,0.8598735764267028,0,NS
Training_Young,UQCRB,25.91554707766521,-0.04716795666815798,0.7958349328902468,0.9736352782291146,0,NS
Training_Young,CPA3,19.85733816245482,-0.5346443055872179,0.1772993239893294,0.16025184297712552,0,NS
Training_Young,FABP4,27.098265394076524,0.0153871485628052,0.9502860349173702,0.9979970128215032,0,NS
Training_Young,GLUL,15.520172015886237,-0.12117394898690924,0.85479752052084,0.954124031233535,0,NS
Training_Young,AKR1B1,27.0627994856198,0.03793099406809475,0.832868569481024,0.9830144863676316,0,NS
Training_Young,GSPT1,18.369871804131872,0.08010238511714007,0.6561098431733848,0.9200764436964892,0,NS
Training_Young,PGAM2,29.083315711463253,-0.12184485180275216,0.48684302215468095,0.8187233873071043,0,NS
Training_Young,EZR,20.673291390255187,0.6416862494788909,0.02825197623495698,0.01244968283393654,1,Up
Training_Young,UCHL3,21.846601338782072,0.04158388232335142,0.8311967852360252,0.9812445253898546,0,NS
Training_Young,NME1,21.696092639553367,0.1801998709327783,0.18528155886813177,0.5464367576368578,0,NS
Training_Young,RPS2,21.619996956590853,0.25140608283865973,0.16844354440859768,0.41402002746999367,0,NS
Training_Young,RPA2,18.02071228344516,-0.9611125087977328,0.03199695297943871,0.00177037088239974,-1,Down
Training_Young,COX7C,25.990855622649196,-0.3111488048991795,0.21378524493160533,0.377103668463376,0,NS
Training_Young,NQO2,22.414795765632785,-0.5047608932191956,0.410593585402586,0.36886119260902034,0,NS
Training_Young,PFKFB1,22.548585636515675,-0.12350894177167147,0.8153045131904091,0.9399955716267944,0,NS
Training_Young,CBR1,22.86672927105032,0.4026244736209641,0.0130967330634,0.02972258362460681,1,Up
Training_Young,ANK1,19.321056196168417,0.19923704523749564,0.7050953918242108,0.8488737606994987,0,NS
Training_Young,ACADS,24.529858804861934,-0.10870264499624938,0.7454175598143689,0.9267289323380328,0,NS
Training_Young,PPP3CB,21.772693018046706,-0.20956848148559004,0.19097644934576677,0.4989751068134395,0,NS
Training_Young,ATP2A2,28.493920684558347,-0.00629415815400236,0.980571151957536,0.9996509915911922,0,NS
Training_Young,CD36,23.581702958073997,0.08634374353050944,0.813094276879776,0.9565792782660022,0,NS
Training_Young,FAH,21.33851811862295,0.08658131720023121,0.661244060157347,0.9162810239195016,0,NS
Training_Young,YBX3,22.59478110160568,-0.1228146926452034,0.5346805461586119,0.8325407679522662,0,NS
Training_Young,TMEM11,23.02000137797014,-0.23486789930803909,0.08662481486865325,0.334843773197578,0,NS
Training_Young,GOT1,26.990674289766137,-0.11860001428192746,0.3851916396174154,0.7794059962449663,0,NS
Training_Young,CKMT2,27.75448024106721,0.0644563639699065,0.8166167143978366,0.9687267193965756,0,NS
Training_Young,NDUFB7,22.53257329558948,-0.4685288398306433,0.03983092780273308,0.05400723451382448,0,NS
Training_Young,PRKACA,23.627070571311975,0.0768766924562243,0.5299238780627421,0.8906140855054356,0,NS
Training_Young,CAPN2,22.858083518918413,0.34946032073154143,0.01353546656681083,0.04916092575115069,1,Up
Training_Young,DES,24.458833535777295,-0.162738882603211,0.7865373672921224,0.9079713896724804,0,NS
Training_Young,PFKL,26.026778536747734,0.1444723797652152,0.6284738682944024,0.8450476056466507,0,NS
Training_Young,LGALS3,20.266818989764385,0.46208600541961786,0.04069174502128909,0.05702870889870543,0,NS
Training_Young,FLT1,20.97830612884773,-1.6625613122071703,0.02135399961448227,4.553044142945426e-6,-1,Down
Training_Young,PSMC3,22.135064177900187,0.06452958215087534,0.5525144849204128,0.9128863252363674,0,NS
Training_Young,TCP1,21.44767016818789,0.20245448332998703,0.07554718834023723,0.36000503444033755,0,NS
Training_Young,RPL35A,20.058830027490437,-0.11281878218670371,0.8107175067886125,0.9427579123762768,0,NS
Training_Young,ARF4,17.163783146955723,0.04674280281149734,0.9093114295736556,0.9889668206264786,0,NS
Training_Young,RPL7,22.21897020244778,0.19769517900685685,0.570208231812657,0.7661293760002519,0,NS
Training_Young,VCL,24.10671752802788,0.156582553100705,0.07068767473915255,0.44615212655475334,0,NS
Training_Young,RPL17,20.8642762013193,0.07702705109268138,0.7720194256248887,0.9530301641009492,0,NS
Training_Young,PGAM1,28.99983718393705,-0.04365893235052098,0.808432117325914,0.9769748464412372,0,NS
Training_Young,ATP5PF,25.07775713350797,0.09253039767531136,0.6593146395411326,0.9100724470485336,0,NS
Training_Young,TSPAN8,18.04313339643797,-0.3462501651909946,0.17548032720183776,0.30393658523816114,0,NS
Training_Young,TNNI1,26.044553215454656,-0.6463004152530161,0.1819795925599216,0.11159927791713196,0,NS
Training_Young,NCL,21.850603153112193,-0.17328928314642056,0.3929696453824952,0.6977438891246649,0,NS
Training_Young,HK1,24.20319401065262,0.14639928565029336,0.23844592229686368,0.6477543667803897,0,NS
Training_Young,NDUFV2,25.413232555429797,-0.44965878226948064,0.01755399504477259,0.03077040638310287,-1,Down
Training_Young,SRM,20.36428757748818,0.5597640168663709,0.5380098675552127,0.43738630563012976,0,NS
Training_Young,TYMP,16.15634961919419,0.110250548700094,0.6941006548200881,0.9075745908938424,0,NS
Training_Young,ATP2B1,15.802648334460075,0.09796437314090056,0.9093114295736556,0.9771312798272888,0,NS
Training_Young,EIF2S2,18.754516981890724,0.03667385872329376,0.8566782427042329,0.9862363597301612,0,NS
Training_Young,ANXA7,27.19529136877724,-0.035659875366985,0.7976047233326163,0.9801271814104718,0,NS
Training_Young,TPSB2,21.22471783263944,-0.20681297074581195,0.6014705096883793,0.7742171000603026,0,NS
Training_Young,BTF3,20.12839503788418,0.04883015908268362,0.8656373779669049,0.9830217736865076,0,NS
Training_Young,RAB6A,19.156348530575983,0.4154436941185473,0.03022565088549794,0.06283138441263882,0,NS
Training_Young,PVALB,22.536822357803604,-0.8436445933296248,0.267010827240206,0.09624748985278926,0,NS
Training_Young,PSMB1,22.993671680451783,0.01992862329336375,0.8779499999817115,0.993568320641047,0,NS
Training_Young,COX5A,26.63783132660122,-0.2507282781773874,0.2364845887318892,0.4738435512537445,0,NS
Training_Young,CAPN3,21.82320029993031,0.00728820453834799,0.9854241467568132,0.9996585598014448,0,NS
Training_Young,CAST,21.587925160875844,0.1499494852861325,0.4332745980026829,0.7547725361680114,0,NS
Training_Young,NEB,24.648167262970777,0.01021169807391331,0.988445508011093,0.9996805174592648,0,NS
Training_Young,PTMS,20.623239028412293,0.09591009356097756,0.768690187708306,0.940526135497361,0,NS
Training_Young,GSTM3,25.401333210352664,-0.04288615552499664,0.8982580409920373,0.9886681529163286,0,NS
Training_Young,ATP6V1B2,19.687362494397085,0.04010468481632756,0.832868569481024,0.9820596400006198,0,NS
Training_Young,CSRP1,23.58645178370027,0.06707427737467242,0.8827587194801264,0.9791025944302396,0,NS
Training_Young,FLNA,26.18561949833851,0.4835822357434161,0.04442737384820851,0.05735040241048451,0,NS
Training_Young,MAOA,22.37276180542368,-0.5039533603502981,0.01607034765771898,0.01797258262865831,-1,Down
Training_Young,ACO1,21.66530041070772,-0.00794682308630001,0.9689518976051864,0.9993827001353944,0,NS
Training_Young,GPD1,26.68265798900156,-0.04708863757556614,0.8276289419840964,0.9783094246015468,0,NS
Training_Young,VDAC1,27.47079951504452,-0.3068062807398384,0.02135399961448227,0.10370974295435507,0,NS
Training_Young,BGN,19.557248156637876,-0.29337845014775255,0.2968350982263038,0.4662408791910629,0,NS
Training_Young,RYR1,24.38239903920973,0.01482789534079032,0.9415835581727472,0.9976665897964064,0,NS
Training_Young,SDHB,25.20212091950734,0.03793148571273264,0.843124669016757,0.9845785290780102,0,NS
Training_Young,COMT,20.63440644769074,0.03720733032453438,0.8566782427042329,0.9863112674397518,0,NS
Training_Young,TGM2,18.103104604262622,-0.25745938872572793,0.56099569087847,0.7010358828666584,0,NS
Training_Young,MMUT,17.91641953225591,0.06303462927145276,0.8566782427042329,0.9772005575328944,0,NS
Training_Young,OSBP,18.662448461028767,-0.11924174666950904,0.31762715734486063,0.7455218858316583,0,NS
Training_Young,PCMT1,23.9258854951602,-0.05772194931303076,0.7316614855839156,0.9585280882101328,0,NS
Training_Young,GART,19.51074228816498,0.22178210636531048,0.06089690658824718,0.3015232924326692,0,NS
Training_Young,PAICS,19.403620045253408,0.06872489815930649,0.6381251851061526,0.9250355418868385,0,NS
Training_Young,SCP2,17.91529871463645,0.12256481438269871,0.6538348613075705,0.8781716743029787,0,NS
Training_Young,UBA1,23.793897278654505,0.09398023795262844,0.40011912928926424,0.8264311281503175,0,NS
Training_Young,GPX3,19.442618225533337,-0.27099518932936917,0.2523481291764149,0.4589365809540499,0,NS
Training_Young,NME2,24.688558764618428,0.2759053884439844,0.02955654822471655,0.156534128023805,0,NS
Training_Young,FDXR,18.015630140519807,-0.2656547877954871,0.7512442053519662,0.8333945528314617,0,NS
Training_Young,HNRNPA2B1,20.748645574295686,-0.17884123322976464,0.39693629781542655,0.694026167539192,0,NS
Training_Young,UQCRC2,27.27013835662287,-0.11459244936162705,0.4392371191629935,0.8091229537660943,0,NS
Training_Young,FECH,21.811690768276343,0.04128985483093217,0.8410817654330629,0.9824650454965468,0,NS
Training_Young,AMPD1,24.601844257613287,-0.08215033871504929,0.8566782427042329,0.9693034433660144,0,NS
Training_Young,FBLN1,17.872294993757194,0.07865964261184644,0.8566782427042329,0.9714350853713476,0,NS
Training_Young,SFPQ,17.077159079517994,-0.11217129991761254,0.7392033596325835,0.92287805913248,0,NS
Training_Young,PPIB,19.67897099651961,0.16747558189862133,0.495418308765962,0.7625833722860498,0,NS
Training_Young,S100A1,25.980160938514953,0.1484907793295953,0.6897466936573154,0.8751968210078029,0,NS
Training_Young,HRC,23.533823486791174,0.3047409225162063,0.01565455402161045,0.08671980014798596,0,NS
Training_Young,ME2,20.34530209869442,0.3904488796496537,0.04484472670016626,0.10067698590439872,0,NS
Training_Young,WARS1,22.456922408376727,0.0553650548335014,0.7517362043105136,0.9629519720451044,0,NS
Training_Young,RPS3,24.62723445111114,0.13448930091961842,0.5142375495862234,0.8114856679175838,0,NS
Training_Young,GCSH,20.606452035098663,-0.02425936637712666,0.9514014182020044,0.9970741228114488,0,NS
Training_Young,AHCY,23.5515890304783,0.13462401190485096,0.2650406568352933,0.6873050764535049,0,NS
Training_Young,CFL1,26.28274606181248,0.11111029525237726,0.608744307439043,0.8738071634411627,0,NS
Training_Young,EIF4B,19.868303252412204,-0.02759663156038172,0.8911992823586087,0.9922217911898642,0,NS
Training_Young,ATP2B4,18.34676522405751,0.04252193759401024,0.8413933933794208,0.9825667368130144,0,NS
Training_Young,CPT2,22.088512769224018,-0.1233659524466688,0.5525144849204128,0.8395803322322879,0,NS
Training_Young,LAMA2,18.94784990243492,-0.3771637282027171,0.30381452825088157,0.3827202584750005,0,NS
Training_Young,GPT,23.017150104431217,-0.3187583405991887,0.1292453375235782,0.2790766099790423,0,NS
Training_Young,COX7A1,26.169176287414626,-0.3213713680121515,0.15589308903233004,0.31100088218683475,0,NS
Training_Young,COX7B,20.259752461685352,-0.5737570757297483,0.04713044248207844,0.03571533751228336,-1,Down
Training_Young,EEF1B2,22.95303018007492,0.22818172084107147,0.11691757789777328,0.3877894672981625,0,NS
Training_Young,ATP5PB,25.625219901045615,0.12904790079396733,0.3719301996028197,0.7547503286471164,0,NS
Training_Young,ACP1,22.549921257006694,-0.35662855141722005,0.0130967330634,0.04508645135854812,-1,Down
Training_Young,ACAT1,26.222053129919537,-0.07193131951961718,0.6774554295871349,0.9342947802582776,0,NS
Training_Young,MYL9,18.39955947327527,-0.2276576400461607,0.8566782427042329,0.9191133353119008,0,NS
Training_Young,AZGP1,20.351895609479257,-0.02728101241993741,0.9268580888509396,0.9947090492590056,0,NS
Training_Young,MPST,22.10042928023048,0.03053607386138424,0.8907128901886522,0.991227303275944,0,NS
Training_Young,RPS12,22.117562265943064,-0.05646369099711634,0.8153045131904091,0.971748044403785,0,NS
Training_Young,DNAJB2,17.700238846094944,-0.19825296602004985,0.42033362620098386,0.6809710923191703,0,NS
Training_Young,ATP5F1A,28.059633821042382,0.12462271640627164,0.3962733873473811,0.7749897080958102,0,NS
Training_Young,PSMA1,23.130195642505235,0.0642122981042661,0.5581800434501762,0.9145514497403534,0,NS
Training_Young,PSMA2,22.042510858625224,0.0751746662405921,0.6887086657456952,0.9344738964436172,0,NS
Training_Young,PSMA3,23.562179887268304,0.12684556324275675,0.23469925611464035,0.6840953949034784,0,NS
Training_Young,PSMA4,22.98213506285924,0.06103010262855335,0.6952145176495989,0.948256281387167,0,NS
Training_Young,MSN,24.133186170775744,0.4734259564014991,6.84594237605936e-4,0.00154451475019126,1,Up
Training_Young,DDX6,17.46387751073433,-0.06903192896065491,0.7562389248631491,0.954694451068671,0,NS
Training_Young,U2AF2,17.559414081180435,-0.1259396074925263,0.6291415032383699,0.8639932344104131,0,NS
Training_Young,RPL13,20.676174008946305,0.21528148149713644,0.5246571099257354,0.7209317473787029,0,NS
Training_Young,IVD,20.223718454269797,-0.06824828926754378,0.785360109494107,0.9600271338232278,0,NS
Training_Young,S100A4,23.615187357594692,1.017706353954921,0.00341349686668494,1.5255824033135705e-5,1,Up
Training_Young,HMGB2,20.74418917379267,-0.07266012950927347,0.7785725797099272,0.956647801671892,0,NS
Training_Young,TARS1,16.62552179025922,0.44322991477174867,0.02854855804710404,0.0493595637095691,1,Up
Training_Young,VARS1,21.902152745384257,0.5263279611951468,6.84594237605936e-4,7.525096391285676e-4,1,Up
Training_Young,EEF1G,24.11202720116643,0.23546696713686543,0.01624644875226467,0.15531205951526805,0,NS
Training_Young,PLN,24.973349495158736,0.19644499960131512,0.5946664696516816,0.7793303066302909,0,NS
Training_Young,FKBP2,19.58890361537589,-0.33000426578583486,0.2968350982263038,0.42401548473445055,0,NS
Training_Young,STOM,19.422787429766757,-0.14235372603156904,0.6566131227304195,0.8636314782248546,0,NS
Training_Young,MAOB,22.99654617617115,-0.40660639988891134,0.01474965305702524,0.0331286672418969,-1,Down
Training_Young,YWHAQ,21.714955039601723,0.08045420358503463,0.5440513551922063,0.8898662669059625,0,NS
Training_Young,MAPK3,17.41441888956587,-0.1683668316442386,0.5354361801355689,0.7786018970236092,0,NS
Training_Young,RPL10,21.335541313472863,0.12032494572040164,0.6956463078183129,0.9011291641348896,0,NS
Training_Young,RPA1,17.43069750747518,-0.1380017425586395,0.5772275109425878,0.8326613647030853,0,NS
Training_Young,APEX1,20.435385071709604,-0.03674840016854119,0.8566782427042329,0.9864370358617478,0,NS
Training_Young,CALR,21.72740815609783,0.097410108789191,0.28092289973438694,0.7699390984464118,0,NS
Training_Young,MAP4,23.065001866301483,0.22072172617760089,0.24958334471214036,0.5283922428471541,0,NS
Training_Young,CANX,22.602842163852717,0.2033295915681208,0.07068767473915255,0.35062282205714457,0,NS
Training_Young,PSMA5,23.918798208357774,0.09952103761171216,0.3527165529061899,0.7991458376619048,0,NS
Training_Young,PSMB4,22.30040379252599,0.07069704778926322,0.6621494785601736,0.9314707734611714,0,NS
Training_Young,PSMB6,22.84041976853387,0.0797344877757844,0.6508832968240441,0.9181076497057492,0,NS
Training_Young,PSMB5,22.736932568547523,0.13260703977388033,0.4666227397684053,0.7964960901436972,0,NS
Training_Young,GSTM2,25.761250309629258,0.06465369405301047,0.8077641991370599,0.96599941718614,0,NS
Training_Young,TMOD1,21.150702298390826,0.09471250634655703,0.8782107905376813,0.9699328849250202,0,NS
Training_Young,NDUFS1,24.85867572397787,-0.34188118924193134,0.0517694604227153,0.14332526346029045,0,NS
Training_Young,MAPK1,20.103150311581977,0.04583386456227956,0.7693420528084237,0.9714708608939387,0,NS
Training_Young,RBL1,21.39327515915281,-0.02292215327416613,0.9508786076739358,0.9971450300513692,0,NS
Training_Young,LAP3,21.57400206550639,0.1906769053175097,0.07875054320660135,0.39073642083292,0,NS
Training_Young,CD38,19.84770127309734,-0.17017237160066043,0.6092142214527139,0.8144419331177134,0,NS
Training_Young,TPP2,20.734209691112166,0.0807752488463187,0.6418760823866736,0.9138453625959198,0,NS
Training_Young,IMPA1,22.581856809874207,-0.07629213042894989,0.5414237848047101,0.8946637494265475,0,NS
Training_Young,EPHA2,24.663397030951923,0.06159039496987617,0.9157291752657556,0.9864050468489431,0,NS
Training_Young,COL4A5,20.497645371854382,-0.07855980668466955,0.9523953251273491,0.9907167477273254,0,NS
Training_Young,TKT,16.894553884135394,0.17497361145277068,0.6418760823866736,0.8226259098729177,0,NS
Training_Young,EEF1D,23.556551630575424,0.26036355974846614,0.01474965305702524,0.11155952104961989,0,NS
Training_Young,MARCKS,19.635329611279214,0.4232673360328718,0.04378979301179629,0.08056179646768213,0,NS
Training_Young,GNA11,18.014821199271296,-0.3071483005559088,0.42033362620098386,0.5518759005691676,0,NS
Training_Young,ALDH4A1,23.694425611704432,0.06476334107338744,0.734542953168502,0.9541334335001976,0,NS
Training_Young,ERP29,19.484021102969784,0.02430223231337436,0.915511219795028,0.9945859981770908,0,NS
Training_Young,PRDX6,27.464707033390074,-0.14023385248142617,0.3789275801323798,0.7397634728374811,0,NS
Training_Young,BLVRB,25.709060842647112,-0.09034051764538732,0.6621494785601736,0.9132159267117574,0,NS
Training_Young,PRDX5,25.01277238276153,0.1852866973820149,0.1491939389121996,0.5007300321083404,0,NS
Training_Young,DDT,22.565435874432424,-0.0849161088579109,0.8153045131904091,0.9583137608423096,0,NS
Training_Young,PRDX3,26.182186687301776,0.17845318031126922,0.07875054320660135,0.413431760181379,0,NS
Training_Young,ATP5F1D,25.578736025134567,0.10890970958936563,0.6421541460477644,0.8858238790146497,0,NS
Training_Young,RPL12,20.875608066874825,0.07687067059841013,0.8715289851132403,0.9743470203797322,0,NS
Training_Young,ECHS1,24.553619674524647,0.08537285642672998,0.6373423517535735,0.9075699512015484,0,NS
Training_Young,CMPK1,18.961183608887577,-0.11044593034654682,0.7478017705730955,0.9264142803240908,0,NS
Training_Young,PEBP1,27.258274402805757,-0.07568587001907545,0.6433007174230008,0.9197594959901468,0,NS
Training_Young,PDIA3,21.116197416217265,0.22783309124864817,0.04308514083887851,0.25388348638184915,0,NS
Training_Young,PPP2R1A,23.750680198696937,0.14403129726261454,0.07741851831646447,0.4885912537950176,0,NS
Training_Young,PPIF,22.200266155685348,0.0030568823943291,0.9950658038459508,0.9999414332084328,0,NS
Training_Young,NMT1,18.948683530146347,-0.2366188918715579,0.5414237848047101,0.708333083152645,0,NS
Training_Young,ADSS2,22.051092411354897,-0.10287059489894546,0.728429433914807,0.926452118750758,0,NS
Training_Young,LRPAP1,18.002414716439283,-0.12585953798999938,0.7168792969383271,0.90682431119238,0,NS
Training_Young,TSPO,20.310069896033337,0.20532494015396807,0.31484811492120096,0.6009529068292376,0,NS
Training_Young,ADSL,23.156729618149814,-0.12449650261259392,0.4458485657122466,0.7981730792377649,0,NS
Training_Young,CLIP1,20.737658898624687,0.10369194143321536,0.5893189421954462,0.8752729550728227,0,NS
Training_Young,SRI,18.62802724658013,0.01130580078455878,0.9689518976051864,0.9991314781121596,0,NS
Training_Young,SERPINB1,21.828731140813083,0.11456895935537048,0.6675678590490134,0.8928601105956109,0,NS
Training_Young,ALDH1B1,22.28608899971653,1.2103044408873735,0.00332394090291061,1.0551185890701922e-6,1,Up
Training_Young,SDHA,24.888321099918777,0.10318537224431878,0.4998680162201589,0.847624935187716,0,NS
Training_Young,GDI1,21.41531667609533,-0.16318576983365674,0.09170105387375306,0.4764923423048711,0,NS
Training_Young,MAT2A,19.91670097472955,-0.0681089493807292,0.5942513354532749,0.9169882086460772,0,NS
Training_Young,CASQ1,29.01527192528472,0.02723167744060362,0.941804557003198,0.9957625232773034,0,NS
Training_Young,DNAJA1,16.19349602659613,0.4331736785584024,0.1947594100387131,0.2407296849122361,0,NS
Training_Young,AKT2,17.430521070855207,-0.04575813383275573,0.9130924309218074,0.9895785794512268,0,NS
Training_Young,UQCRC1,26.69146938544805,-0.07480545802739513,0.6562987900005287,0.9254537104840854,0,NS
Training_Young,HIBADH,24.46802683360512,-0.00341759309874944,0.9855987183369828,0.9998534920418324,0,NS
Training_Young,ATIC,22.110314946878123,0.1717767258065912,0.1441584674063366,0.5207015944564464,0,NS
Training_Young,HNRNPH3,16.532339840941,-0.2608119920671754,0.3351770821597045,0.5384686402777218,0,NS
Training_Young,HNRNPH1,19.837792729302937,-0.22563292727226525,0.11834741674066064,0.39454694444884386,0,NS
Training_Young,YWHAB,25.914451639820104,0.07225868140209712,0.5692705525543545,0.90697340395092,0,NS
Training_Young,STIP1,23.448774672306563,0.10361511014195912,0.31748228952477076,0.7744794314468498,0,NS
Training_Young,S100A11,18.419026089046096,0.5486784531789048,0.02398065756746298,0.01996977857494893,1,Up
Training_Young,PRDX2,26.87576180416863,0.11488101057282664,0.3482956104018414,0.7673508414465313,0,NS
Training_Young,GBP2,17.745843716101355,0.05879858425890205,0.884473470828973,0.9820012141015896,0,NS
Training_Young,ACSL1,24.95935477306639,-0.00371765166456938,0.9858309326402444,0.9998667772616742,0,NS
Training_Young,KIF5B,22.884983807103776,0.2560699672159039,0.07068767473915255,0.26650195177501923,0,NS
Training_Young,MCM5,24.44559486889627,0.08461966696711443,0.9064150846035788,0.9794308146873866,0,NS
Training_Young,SHMT1,19.398405897693927,-0.20516891008140092,0.608744307439043,0.7793839991610465,0,NS
Training_Young,SHMT2,22.28359045235973,0.07178387265191333,0.8566782427042329,0.9734316931209266,0,NS
Training_Young,HSPA4,20.840795544293343,0.18801665434023815,0.07875054320660135,0.3967189515428004,0,NS
Training_Young,MPI,22.571213953612,-0.03740228533719758,0.8292102613964176,0.9828888257296192,0,NS
Training_Young,GPC1,17.857321499896695,-0.14194070834295758,0.608744307439043,0.8421120141567524,0,NS
Training_Young,PFN2,23.876467160884168,0.13764926497823635,0.410593585402586,0.7621543796753958,0,NS
Training_Young,CTNNA1,15.423402923184192,-0.04623747971178638,0.945106293143752,0.9932227640332236,0,NS
Training_Young,SERPINB6,21.914989361757723,-0.03118667082035031,0.884473470828973,0.99039486317098,0,NS
Training_Young,RDX,22.07144826471093,-0.03266663726559926,0.8309105654060494,0.9851864253246548,0,NS
Training_Young,RPA3,18.053361184584936,-0.2119824531593295,0.4288812841696213,0.6688437971837863,0,NS
Training_Young,RPL22,22.237178924771214,-0.0196288947071217,0.9507432301523652,0.9974896282097712,0,NS
Training_Young,SPR,20.984146460802428,-0.00682401349786232,0.9855987183369828,0.9997143582981912,0,NS
Training_Young,THBS4,17.969085486607742,-0.07466791617522972,0.8907128901886522,0.9788109459197728,0,NS
Training_Young,FBN1,20.94589341748133,-0.8325097288349674,0.02959508399601228,0.00376547712611364,-1,Down
Training_Young,AGL,25.90262976113458,0.03654697223039704,0.8273190964917023,0.9830463935208846,0,NS
Training_Young,MYH9,24.166584026122763,0.07865305669152889,0.8107175067886125,0.959578307652278,0,NS
Training_Young,COPB2,16.00616738199445,0.16104820881838222,0.5759359976887439,0.8070211423146693,0,NS
Training_Young,ACTN2,25.176147034185835,-0.7874711293780692,0.35452835481687167,0.17068613781896153,0,NS
Training_Young,ADD1,17.122850919425677,0.4803318574625699,0.3509523688674477,0.334148021965536,0,NS
Training_Young,BSG,23.12502665521275,-0.04986816124183591,0.7833149881896685,0.9704329025107252,0,NS
Training_Young,FUS,19.67314278774553,-0.13188036214873478,0.3047951039189284,0.7155463039580243,0,NS
Training_Young,DEK,19.715561757952585,-0.10888879884284108,0.7690023561802032,0.933014183043342,0,NS
Training_Young,MYH11,19.47498428327199,-0.01943449513406747,0.9813893171010888,0.9989780288219896,0,NS
Training_Young,GLRX,22.202676362263254,-0.254037145906274,0.4056429465669695,0.6013709664399027,0,NS
Training_Young,PPM1A,19.63783542191913,0.1215333536145522,0.30381452825088157,0.7337281156874764,0,NS
Training_Young,KRT2,23.402246896606545,-0.30316226016834946,0.5948338307548664,0.6832788001485914,0,NS
Training_Young,HMGCL,21.411784177071382,0.0814725494573203,0.7233219906644834,0.940100777861725,0,NS
Training_Young,PSMC2,22.56839308928701,0.12585297167250076,0.1324450385477446,0.6084456302079257,0,NS
Training_Young,ARL3,17.329767699402993,0.27736022552150175,0.336722495327674,0.5193176141130644,0,NS
Training_Young,MAP2K2,18.21957833068923,-0.04518713687063069,0.8230165364745721,0.9786726606807228,0,NS
Training_Young,ATP5F1C,26.2418637180896,0.16155597694072554,0.2822648815902231,0.6488703236981163,0,NS
Training_Young,ATP6V1E1,19.404688270576337,-0.12038714650810078,0.7050953918242108,0.9055238688436892,0,NS
Training_Young,RPL4,20.284902149846825,0.08417152557052532,0.8405501812065259,0.9643157641511584,0,NS
Training_Young,LONP1,21.240626834607987,-0.02276244004591632,0.9209625511329792,0.9953159577281409,0,NS
Training_Young,PGM1,27.573058603214132,-0.02921674817329034,0.8751810152317134,0.9904432722611568,0,NS
Training_Young,PPP1CC,15.68622815034573,-0.68267058225128,0.22964544340313775,0.12666308487109706,0,NS
Training_Young,SERPINF1,19.362149610430333,-0.15747472127010198,0.6002797126700767,0.8223145900860918,0,NS
Training_Young,DLST,24.87823470574655,-0.01952581157010868,0.9167219238075216,0.9957964315841588,0,NS
Training_Young,GMPR,20.37830025036994,0.05459032936924402,0.8486823179937493,0.9785215197999396,0,NS
Training_Young,GPX4,21.711940427025077,5.085599130829621e-4,0.997182864446081,0.999997544980817,0,NS
Training_Young,SRP14,19.03330263546189,-7.385570708535738e-4,0.997182864446081,0.9999961600844002,0,NS
Training_Young,TAGLN2,19.956602242019677,0.06216544583762484,0.7107854367559808,0.951404011819508,0,NS
Training_Young,TALDO1,22.124294290783286,-0.1326096083724444,0.2705719312097388,0.6943200713669956,0,NS
Training_Young,SNCA,18.8466494377168,0.09953007254224032,0.9401557316880996,0.9841384230160276,0,NS
Training_Young,ETFB,24.16134781996964,0.01246588782856861,0.9624723596463288,0.9988912443186012,0,NS
Training_Young,ATP6V1A,20.33527233905299,0.07802940151335491,0.6601820319910384,0.9239253089101528,0,NS
Training_Young,HSPA9,24.331560841357444,0.07712005818165579,0.5667451661774137,0.9001461712202401,0,NS
Training_Young,RPS19,21.489553448603115,0.04950420023138946,0.8153045131904091,0.9752584430621186,0,NS
Training_Young,RPL3,18.09207508212997,0.5373096414455105,0.13438575930472163,0.1226703357439348,0,NS
Training_Young,COL15A1,17.04171174136691,-0.2072624925677999,0.6566131227304195,0.8070924042419914,0,NS
Training_Young,COL18A1,15.925854788439286,-0.2784541224800883,0.6952145176495989,0.7841819956706437,0,NS
Training_Young,DDOST,21.46278348736074,-0.1479696802429089,0.30381452825088157,0.6860749781802316,0,NS
Training_Young,ANP32A,21.614825016187417,0.12146647226167318,0.43235528917137506,0.795654112540819,0,NS
Training_Young,CAPG,15.451060375774103,0.3275306701411793,0.6538348613075705,0.7079924391253452,0,NS
Training_Young,CAP2,23.648172477350872,-0.2842941467685236,0.088448180042543,0.2687197457735792,0,NS
Training_Young,CCT6A,24.845375518097235,0.3902880273057754,0.00341349686668494,0.01391092669969452,1,Up
Training_Young,RPL13A,23.611792569262388,0.3216736595803056,0.3512250830187446,0.4823463385720316,0,NS
Training_Young,ARL1,17.735214512709284,0.457071956077133,0.4469526666011853,0.44137115505478186,0,NS
Training_Young,STAT3,17.924393822181322,-0.1552282894423982,0.4363100836654355,0.7494902304291541,0,NS
Training_Young,MDH1,28.364448101825023,-0.125318328669497,0.3251229990248103,0.7378918489217023,0,NS
Training_Young,MDH2,27.709324885398384,0.08266182460510052,0.6458722821075433,0.9133385045381508,0,NS
Training_Young,HADHA,26.087060932010377,0.00348507907433059,0.9858309326402444,0.9998782413592532,0,NS
Training_Young,EIF2S3,19.52069047598488,0.30425017345700667,0.08458396610772977,0.23865964487287183,0,NS
Training_Young,NAA10,16.71707475112607,0.26420182352405064,0.34551587584675825,0.5422622989429183,0,NS
Training_Young,PPP1R2,21.110431471042325,-0.05629754887342031,0.7981779489527066,0.9689187952692512,0,NS
Training_Young,GARS1,19.55395998173687,0.10241390409674268,0.6749038268651079,0.9053029337370928,0,NS
Training_Young,IARS1,17.215902435335074,-0.07449455148081086,0.804324637004777,0.9599117652765708,0,NS
Training_Young,EIF1,20.796668261935245,0.10209720667062784,0.6918686301967615,0.9133671280683888,0,NS
Training_Young,ECI1,24.554512410272174,-0.24391724001355897,0.04265363638303978,0.22835193660133543,0,NS
Training_Young,TMPO,15.597577853844362,-0.6181875278831441,0.24781441678591873,0.1663259981245035,0,NS
Training_Young,AKR1C3,21.332970974409864,0.6502354757780431,0.02316103925853216,0.00919586578194443,1,Up
Training_Young,RPS27,21.40364251265125,0.2047416434549376,0.1540062547420357,0.4737093214442039,0,NS
Training_Young,LRPPRC,22.697582743741368,0.10061228334024008,0.5525144849204128,0.8677244312653802,0,NS
Training_Young,ACAA2,24.41683109699437,0.00500502603923891,0.9855987183369828,0.9997883318983014,0,NS
Training_Young,RPL35,20.799479609517512,-0.0688043459244696,0.8566782427042329,0.974119322043854,0,NS
Training_Young,SLC1A4,18.331861191234236,-0.11181412072922824,0.7925900224447845,0.9373550306679148,0,NS
Training_Young,PAFAH1B1,21.352097535256544,0.17031497036553134,0.4363100836654355,0.72855297610097,0,NS
Training_Young,CRAT,25.446689067905503,-0.1396618245414949,0.3802095434651765,0.7416330514525372,0,NS
Training_Young,GPD2,22.128629384679165,-0.14226547382718024,0.5246571099257354,0.8056367683843109,0,NS
Training_Young,NAMPT,21.11593659241853,0.26122592267518385,0.4097216519634035,0.59531609985276,0,NS
Training_Young,PSMC4,21.036145430062767,0.10467068266790136,0.4097216519634035,0.8123174343733897,0,NS
Training_Young,TSFM,17.70158328199881,0.03665767258819841,0.913738523139256,0.9917221415344216,0,NS
Training_Young,TNNT3,27.236891030370433,-0.2755619992413152,0.6538348613075705,0.7470837418575754,0,NS
Training_Young,ASPA,18.809545213860343,-0.00197613485053693,0.9960417383646952,0.9999799726755468,0,NS
Training_Young,PPIC,16.59003147732512,-0.08983333947118766,0.8153045131904091,0.9560455062972218,0,NS
Training_Young,VDAC2,25.65822567537295,-0.2020694196214237,0.1493979021974314,0.47101397520265825,0,NS
Training_Young,ACADSB,22.19603649975125,0.02726405583112168,0.9415835581727472,0.9957118504149324,0,NS
Training_Young,USP5,21.249105170061924,0.25005948392114163,0.02324761949107814,0.16553043631428668,0,NS
Training_Young,MAP2K4,17.98833638760434,-0.07990910480854296,0.678292473335448,0.9277246404411535,0,NS
Training_Young,PHKA2,22.09009364924592,0.03231562457032666,0.903916772096241,0.991828999858992,0,NS
Training_Young,PHKA1,23.02670210281667,0.17423040123991385,0.2869444235281057,0.6294488619594247,0,NS
Training_Young,CRKL,20.832586311000703,-0.1909667630183094,0.12882920286678776,0.4644106831234405,0,NS
Training_Young,MTIF2,20.611254726961025,0.23891925629251887,0.37720287642136946,0.5971385211600481,0,NS
Training_Young,BAG6,16.083529994071657,0.10689476931469954,0.7865373672921224,0.938647451312816,0,NS
Training_Young,NSF,20.358167204786703,0.04131917288486875,0.8911992823586087,0.98836072858542,0,NS
Training_Young,MAP2K3,21.069498730921207,0.05896057236413554,0.7100608733043158,0.9536234698736248,0,NS
Training_Young,RPL27A,21.30984007402839,0.04773460184699729,0.9041065574107956,0.9880313541435934,0,NS
Training_Young,RPL5,20.653330881164905,-0.03465690714221381,0.9338513065799467,0.9939802123408668,0,NS
Training_Young,RPL28,19.866879744653467,0.14401732586117078,0.6483752585582984,0.8551099171910759,0,NS
Training_Young,RPS9,22.02257483461438,0.00553667801109014,0.9858309326402444,0.9998005973703086,0,NS
Training_Young,RPS5,21.477751363839864,-0.12868765798184612,0.5222337710313061,0.8215747753200987,0,NS
Training_Young,RPS10,21.763945756260544,-0.03727165221793172,0.9161961608955445,0.9918499501510402,0,NS
Training_Young,GNPDA1,22.10137067385717,-0.155505337236022,0.34477732472638795,0.6965676227133959,0,NS
Training_Young,UTRN,20.53520640415488,-0.17840996464843784,0.42033362620098386,0.7078525150342256,0,NS
Training_Young,IQGAP1,17.374334397859116,0.3233384433381623,0.20538465474425788,0.3559317286446204,0,NS
Training_Young,GYG1,25.9253157583014,0.16617278319139217,0.23390641262817605,0.6074746539565896,0,NS
Training_Young,STT3A,16.263338222026327,0.0019265508907047,0.9950658038459508,0.9999714217228002,0,NS
Training_Young,CAPZA2,21.82892183954228,-0.09219715244724114,0.7454175598143689,0.9374738079369704,0,NS
Training_Young,CAPZB,22.306609387361693,-0.06647070257294274,0.8566782427042329,0.9757179155320804,0,NS
Training_Young,EIF1AX,18.67194770176728,0.13113263028740008,0.4808972227706658,0.8037340673540122,0,NS
Training_Young,QARS1,20.263556979918302,0.2064819219940155,0.02260461973688732,0.22158774339211987,0,NS
Training_Young,RPL29,19.92167756889345,0.1822745015220235,0.6771569665480791,0.8395391459655324,0,NS
Training_Young,UQCRFS1,25.64835332316382,-0.05620242479368187,0.7316614855839156,0.9596996308191564,0,NS
Training_Young,ATP5PO,26.316158856136617,0.09424783960880134,0.584695794742043,0.884621531454799,0,NS
Training_Young,LIMS1,19.21905065003545,-0.13667596814030958,0.4133007464395451,0.7646465496646969,0,NS
Training_Young,PREP,23.637479865531724,-0.1301472355989688,0.4019504168508054,0.7687682459205717,0,NS
Training_Young,ME1,21.56248968414546,-0.08038232466402206,0.6603989678127411,0.9218760528269818,0,NS
Training_Young,PIP4K2A,17.529210033294305,-0.003646805016281,0.9950658038459508,0.9999267321914828,0,NS
Training_Young,ARCN1,16.67820361037848,0.26901505119863955,0.2543878497232274,0.46324343329201817,0,NS
Training_Young,LSS,19.602373009397585,0.01422842689736825,0.9559553811753172,0.9984738152432884,0,NS
Training_Young,GCLM,17.216934572916163,-0.11506142790237917,0.7693420528084237,0.9298612040059387,0,NS
Training_Young,CD151,17.020831134032612,0.02016416832709922,0.9583554547952966,0.9980755234836928,0,NS
Training_Young,PSMD8,22.200223117588436,0.09903775926096614,0.608744307439043,0.8868405646833141,0,NS
Training_Young,GSS,20.547045536413034,-0.02553468987325047,0.9074635029412946,0.9938750501168212,0,NS
Training_Young,CCT5,22.115073962773,0.244484691377842,0.0117286225258147,0.11182765747702536,0,NS
Training_Young,NES,20.180566871901345,0.7409200296455403,0.25524824095089266,0.12116288856060528,0,NS
Training_Young,IDH2,27.9149346902673,0.03774532340055359,0.8276289419840964,0.9825810484919718,0,NS
Training_Young,TNNI2,26.673441379208523,-0.24560896031947263,0.6774554295871349,0.7930295021600052,0,NS
Training_Young,PXN,14.511635378418276,0.2863112166732247,0.3825634310422116,0.5447117665223329,0,NS
Training_Young,ALDH9A1,23.80974131268717,-0.19767166681202397,0.22210394369081057,0.543005033716115,0,NS
Training_Young,RPL34,17.309629990574035,0.28010347059851526,0.5893189421954462,0.6977296607593846,0,NS
Training_Young,LMAN1,18.703857791000775,0.15665290221639694,0.40496878481011145,0.7298045332393961,0,NS
Training_Young,FNTA,17.250887724039487,0.07006450085780358,0.7287452214946025,0.9494641427052268,0,NS
Training_Young,CCT3,22.339923106833833,0.1800730855072672,0.07582841808673395,0.40402401823492134,0,NS
Training_Young,MRPL19,18.06992422969458,0.13160504009180585,0.7667909472120573,0.9182516994728244,0,NS
Training_Young,TUFM,24.23417158236431,0.2277196192805135,0.0801374288208623,0.3301618547454154,0,NS
Training_Young,ALDH7A1,17.957970286014483,-0.0440012491063122,0.903916772096241,0.988914333991505,0,NS
Training_Young,CDC34,24.051127191764845,0.02893153440669138,0.9577233362731282,0.997132822326118,0,NS
Training_Young,PCYT1A,17.147112027336348,-0.20891006391632416,0.21015782888574705,0.5171918441115625,0,NS
Training_Young,AARS1,19.470641019892643,0.1266315286412798,0.34988610125523517,0.7475902678191346,0,NS
Training_Young,CARS1,17.998343053660403,0.07391393665487556,0.7664467633580636,0.952860699938296,0,NS
Training_Young,SARS1,17.72544925706352,0.2511832806217775,0.1932443729386852,0.4367473081171023,0,NS
Training_Young,PSMB3,21.67821192381801,0.11430723477278448,0.4769632429852337,0.8253506146446475,0,NS
Training_Young,PSMB2,23.00207369711983,0.05780230859989288,0.6753019189845073,0.945476241816541,0,NS
Training_Young,ACADVL,25.700546615385782,-0.07527507613056628,0.6566131227304195,0.9253362814153338,0,NS
Training_Young,ACOT2,24.18710654987816,-0.06755180020195439,0.7407370562500194,0.9531771812949158,0,NS
Training_Young,TMED10,20.46732399856081,0.0314690746362416,0.916697914802721,0.9931599484052396,0,NS
Training_Young,HINT1,25.445473976548648,0.13627660541090236,0.5525144849204128,0.8229507629466148,0,NS
Training_Young,NDUFV1,24.490501630520743,-0.3398785828439195,0.06567327323674872,0.16515708664248513,0,NS
Training_Young,GSK3A,16.13581066058742,-0.05528590231185859,0.8566782427042329,0.979943187552544,0,NS
Training_Young,GSK3B,17.328354607956292,-0.00144214141480603,0.9950658038459508,0.9999802459808832,0,NS
Training_Young,IDH3A,24.34909533756084,0.19552512573399383,0.17306257999994523,0.5081838732584149,0,NS
Training_Young,SULT1A1,16.933464764577625,-0.17151793996991316,0.6948745134525842,0.8604051824165325,0,NS
Training_Young,GDI2,23.613452323689337,0.06076298955015247,0.6089840898615263,0.9291544547891856,0,NS
Training_Young,EMD,17.947862514275194,-0.4260809937905634,0.01474965305702524,0.0290020314641756,-1,Down
Training_Young,CPT1A,18.80337032901814,-0.3154377748917838,0.3338780482427465,0.4718445044517573,0,NS
Training_Young,SERPINH1,20.20974222808249,0.9080522213170532,0.10845671250418992,0.02070625787221231,1,Up
Training_Young,CSRP3,27.409303535752635,0.4886571824339718,0.08315180106700194,0.09649066220362236,0,NS
Training_Young,ST13,24.255352933349233,-0.01930902334296647,0.8907128901886522,0.9944893327004932,0,NS
Training_Young,DNM2,20.10710531689464,0.05831025124846789,0.7737345442768941,0.9646305452647924,0,NS
Training_Young,METAP2,18.84687881155309,-0.07097037609122836,0.5796459337611556,0.9109241884407244,0,NS
Training_Young,NUDT2,19.71577195870647,-0.1547665175080546,0.8153045131904091,0.9256399685653328,0,NS
Training_Young,LRBA,21.010540134198493,-0.4419327961008612,0.6771569665480791,0.655694151572233,0,NS
Training_Young,BCAM,16.17275480671507,-0.25918673723860763,0.2143702310794352,0.4443880662233613,0,NS
Training_Young,RPL14,20.592226702316783,0.2318999500742116,0.5667451661774137,0.7298876426757233,0,NS
Training_Young,CCT8,22.631049647447373,0.22424254665695287,0.01474965305702524,0.15975950691857407,0,NS
Training_Young,CCT4,22.115847348779848,0.212476621843372,0.0517694604227153,0.2997719352533539,0,NS
Training_Young,ATP1A2,23.407032896295515,0.13544047886834676,0.23525635891487445,0.6671364508518001,0,NS
Training_Young,ANXA11,23.504880676204348,-0.06071824314353336,0.6421541460477644,0.9346781482614724,0,NS
Training_Young,FXR1,20.25340535288864,0.07064689936942514,0.8463311833797484,0.971936525169236,0,NS
Training_Young,RAB5C,21.957007813699786,0.0918579276027458,0.7104884014771751,0.9289333498421388,0,NS
Training_Young,RAB7A,23.218213540943538,0.0090864398725543,0.948556237659863,0.9987735541981104,0,NS
Training_Young,DUSP3,24.50550127253231,-0.04252235243625435,0.8122883611861683,0.9782095779508624,0,NS
Training_Young,IDH3G,22.319977271150535,0.2828394967571448,0.15068624534709313,0.3506196912038346,0,NS
Training_Young,GALK1,20.165728296048776,0.05460787611855977,0.8689802873862219,0.9814280297983462,0,NS
Training_Young,SSR4,13.067908107293542,-0.21717813322910828,0.7437185657119617,0.8582325277123025,0,NS
Training_Young,BCAP31,21.88466774749535,0.1817072722282127,0.05845858902073989,0.3699276591046504,0,NS
Training_Young,MECP2,16.23434295505996,-0.13724242564629563,0.7100608733043158,0.8949336092704621,0,NS
Training_Young,CAV2,15.97757051426819,-0.950759556381044,0.288153328387106,0.08059068292434216,0,NS
Training_Young,ALDH3A2,20.45562684849065,0.05309221386615093,0.8102764880801027,0.9724576455200182,0,NS
Training_Young,ALDH5A1,22.875840874950335,-0.15206204767066112,0.42033362620098386,0.7448200295306548,0,NS
Training_Young,HSD17B4,17.992947284443403,0.17536815026215535,0.6671024723073027,0.8405089192268912,0,NS
Training_Young,PSMD7,20.212413567476123,-0.00386080186232717,0.9858309326402444,0.9998635388193688,0,NS
Training_Young,UBE2D1,21.91627733612065,-0.1100363766331327,0.5879286557879074,0.8675541656298167,0,NS
Training_Young,SUOX,20.55754878357437,-0.0870076801312365,0.7016623534971297,0.9289373748359095,0,NS
Training_Young,STAT5B,19.01528581301066,-0.04824707139955464,0.7947377201855352,0.9728187085897626,0,NS
Training_Young,RPS6KA3,20.66468235944643,-0.0754628180970478,0.7050953918242108,0.9390515141736872,0,NS
Training_Young,HDGF,21.16576114161789,-0.00403941811177688,0.9858309326402444,0.9998477136597868,0,NS
Training_Young,LUM,23.376019117908545,-0.10667453643968729,0.700681862041272,0.9131474062288656,0,NS
Training_Young,PRELP,19.499567896655456,-0.28571769759444976,0.3947587480888912,0.5545433427121523,0,NS
Training_Young,NDUFA8,24.25496340212995,-0.3757109827376901,0.06089690658824718,0.13115765651237107,0,NS
Training_Young,HNRNPA3,17.440489697024365,-0.00576642148652339,0.9910246001406304,0.9998511975336228,0,NS
Training_Young,MYOM1,24.79005706660706,-0.3153190696102932,0.24740679152427644,0.39925842458195426,0,NS
Training_Young,PGD,21.2597184219428,0.07472128475993856,0.7050953918242108,0.9396836021600204,0,NS
Training_Young,HNRNPM,18.320135876846567,-0.1149458015545406,0.7463853908464437,0.9229548102100128,0,NS
Training_Young,KPNA1,21.267823272516168,0.27410882908286993,0.07875054320660135,0.2581375395810946,0,NS
Training_Young,MAP2K6,21.72902690173835,-0.1153173578277702,0.5667451661774137,0.8549508380737046,0,NS
Training_Young,ARHGDIA,23.612517396503,0.00889923614407095,0.9559553811753172,0.9990634932710448,0,NS
Training_Young,ARHGDIB,17.950021892941677,0.20706737538693787,0.43235528917137506,0.6773784789053494,0,NS
Training_Young,RIDA,22.954551536985363,-0.18801138857904576,0.07741851831646447,0.3923509820433946,0,NS
Training_Young,MRPL12,17.656792865774328,-0.1665744422923936,0.7560854234081745,0.8940195757711437,0,NS
Training_Young,THOP1,17.555867972104412,0.03456679362256665,0.8404730662688489,0.9850592844611376,0,NS
Training_Young,AKR1C2,20.93162661710177,0.2457540449296758,0.4998680162201589,0.6743588011237176,0,NS
Training_Young,CAPZA1,22.050659934565715,-0.16115241733013264,0.6433007174230008,0.8369757531255516,0,NS
Training_Young,CRIP2,17.67067741144984,0.01314297979856959,0.980384035171067,0.9992623817004193,0,NS
Training_Young,BLVRA,20.417528442699,0.16316086293145915,0.3351770821597045,0.6790103452841112,0,NS
Training_Young,PPP5C,20.55077558144186,0.14543227003302306,0.2549913933384374,0.6603121211335231,0,NS
Training_Young,NUBP1,15.867007692711756,0.00388424186103897,0.9950658038459508,0.9999346364482312,0,NS
Training_Young,SUCLG1,24.966050873207127,0.03604425168152758,0.8566782427042329,0.9866892542629216,0,NS
Training_Young,COPA,17.804441100158265,0.0825616713286621,0.693128803361462,0.929685048128059,0,NS
Training_Young,HCCS,18.682539105020144,0.05530209050969503,0.787584985328406,0.9678818878436654,0,NS
Training_Young,MAPK12,21.2757274094226,-0.29916804675378117,0.11313293730374473,0.2847640642683963,0,NS
Training_Young,TTC3,22.261520119996288,-1.14008485759598e-4,0.9995255971321686,0.9999999459012155,0,NS
Training_Young,SMTN,19.421854920165615,0.05923916319173372,0.8405501812065259,0.9746363057261104,0,NS
Training_Young,SLC16A1,23.36449648781203,0.4305535983072808,0.09876457646795794,0.15032933203731785,0,NS
Training_Young,IST1,19.39398128155005,-0.10507078212749477,0.42527394519827033,0.8182271471736117,0,NS
Training_Young,SEC24C,21.871949415224748,0.08579797181385018,0.6499621884463216,0.9119761435580342,0,NS
Training_Young,SUB1,18.99655216080556,0.03802876704297375,0.8272442894879203,0.9823296986542016,0,NS
Training_Young,RARS1,19.66996400670561,0.10327313390637728,0.5662681716154245,0.8683298574835487,0,NS
Training_Young,CACNB3,22.402205124765818,-0.1760491637971029,0.20631437932972876,0.570662650654606,0,NS
Training_Young,CACNA2D1,23.208782461898164,-0.10666589223749412,0.44889828186039055,0.8269966887197024,0,NS
Training_Young,MYOM2,25.746152413398896,-0.2753984592801615,0.22852855879366657,0.43237758033747015,0,NS
Training_Young,YARS1,19.271929958413686,-0.06354606909220095,0.8242370679094693,0.9702683900585082,0,NS
Training_Young,USP14,22.40155237328206,0.04958747671291164,0.6554001925245715,0.949304213975728,0,NS
Training_Young,PRKAG1,21.460361817080713,0.29271906851339224,0.02260461973688732,0.11812599406653028,0,NS
Training_Young,PRKAA2,20.709558751546304,0.2151406047109816,0.07513737865115817,0.33687943334401727,0,NS
Training_Young,HSPA2,24.30540919718904,0.27719682400402235,0.4555807253377875,0.6147326038755615,0,NS
Training_Young,RAD23A,21.886363848708175,-0.031075210168229,0.8405501812065259,0.9866199969715048,0,NS
Training_Young,RAD23B,22.186944529958915,0.07466583792657389,0.5916635682303034,0.9089363278412204,0,NS
Training_Young,AK2,23.278060958645728,-0.04922952319711626,0.8144565067859592,0.9751188061157308,0,NS
Training_Young,NAPA,23.462007273925497,-0.05636108190838485,0.6038317021862475,0.9331001646035972,0,NS
Training_Young,EIF5,21.606741951537447,-0.09265523919620122,0.6538348613075705,0.907069656722415,0,NS
Training_Young,PSMD4,22.5323350528656,0.16851962683563215,0.09043725675655422,0.46335611752300543,0,NS
Training_Young,DRG2,16.92664759576243,-0.06199314367700381,0.871231072811534,0.9792039433083224,0,NS
Training_Young,RRAD,18.87951757671011,0.4297511659519131,0.4708754648296633,0.48134205647533046,0,NS
Training_Young,CSE1L,22.13690958235565,0.18977929973797455,0.09286189523139823,0.4242622341934408,0,NS
Training_Young,VCP,23.256227808942967,0.07918035866330442,0.5414237848047101,0.890719461036657,0,NS
Training_Young,HADHB,26.00487809751758,-0.09753677995721333,0.4831248350505356,0.8507907304094207,0,NS
Training_Young,NAP1L1,21.4195145422327,0.0792745031441342,0.7050953918242108,0.9370063283947424,0,NS
Training_Young,ADK,19.869994835593744,0.08867076743548452,0.7454175598143689,0.939858055286743,0,NS
Training_Young,LAMB2,19.76200770336042,-0.6614067422714243,0.17159166311715768,0.09988453329290856,0,NS
Training_Young,CDH13,21.86251900345367,-0.01544009577062155,0.9514014182020044,0.9981349015027234,0,NS
Training_Young,TPD52,17.652044111965203,0.23755035254635004,0.5558844291431798,0.7172529225373404,0,NS
Training_Young,SEC13,17.82963807600975,-0.14002916256665898,0.5525144849204128,0.8207031373677548,0,NS
Training_Young,SNU13,17.592547577104543,-0.5094924148674238,0.00766308162352915,0.00799694562529694,-1,Down
Training_Young,NPEPPS,24.81956203280673,-0.07504443027660557,0.6320760333217228,0.9172272060521828,0,NS
Training_Young,HNRNPH2,19.071472428574992,-0.3276768367800642,0.48684302215468095,0.5841498318305094,0,NS
Training_Young,OXCT1,18.0822532794561,-0.2552837013384135,0.7050953918242108,0.8093553447332887,0,NS
Training_Young,SH3BGR,24.11852998057972,-0.01480430264048493,0.9559553811753172,0.9983854553745388,0,NS
Training_Young,EIF3B,18.85911302890289,-0.01265141317789186,0.9534464480261396,0.9985452730946078,0,NS
Training_Young,ATP5MF,25.543729957476337,-0.10000285053859416,0.6790542340264012,0.9110668153774324,0,NS
Training_Young,NDUFV3,21.868931739241734,-0.35040009817453566,0.22939401695636896,0.3453890885452132,0,NS
Training_Young,MARS1,17.57400140831276,0.3473840805038293,0.3851916396174154,0.48179780742062017,0,NS
Training_Young,ARPP19,20.170102241533776,0.03918778338878681,0.913738523139256,0.9911735874318578,0,NS
Training_Young,ATP5F1E,24.18358108015363,0.03197389108743209,0.8990714288175837,0.9916209418759758,0,NS
Training_Young,ATP5ME,25.191371074884724,0.07160503197543377,0.7234607226849902,0.9473749845533096,0,NS
Training_Young,EIF6,20.68732085959635,-0.066685469358152,0.7050953918242108,0.9466308806402696,0,NS
Training_Young,NDUFA6,23.70309788742587,-0.5060836960461081,0.02643103105968071,0.02938819252998104,-1,Down
Training_Young,SYNJ2BP,20.750905088374985,-0.19454210875708355,0.22982287257089476,0.5555392210880711,0,NS
Training_Young,EEFSEC,16.116210382856547,0.03958936616407627,0.941804557003198,0.993870152147988,0,NS
Training_Young,MTPN,21.085110732008225,-0.05368546791412498,0.7400892440362312,0.962512950857335,0,NS
Training_Young,DEFA3,22.060988835419177,-0.01191139313747768,0.9855987183369828,0.9994663174084588,0,NS
Training_Young,ARPC4,19.013464587908256,0.22304431594634977,0.24755988309392085,0.5226514730540611,0,NS
Training_Young,CD81,17.475144168307953,-0.8201487388221622,0.03740355584855481,0.00548192661774313,-1,Down
Training_Young,TPI1,29.33762049813301,-0.02878098820897179,0.8566782427042329,0.9894927773844512,0,NS
Training_Young,EIF3E,19.31147892548242,-0.03688000331822394,0.9049675001155728,0.9908436157984688,0,NS
Training_Young,SEC61B,16.189996273649886,0.11034764659994778,0.9268580888509396,0.9790892085407916,0,NS
Training_Young,GABARAPL2,18.784685891204553,-0.4218315882810053,0.08399603955994536,0.13522508757551427,0,NS
Training_Young,ROMO1,18.91466026980734,0.04539314954768869,0.913738523139256,0.9897910917801932,0,NS
Training_Young,MYL6,28.818992859197454,-0.17843739166154649,0.7100608733043158,0.8658494947146232,0,NS
Training_Young,ACTB,30.930909317254052,-0.34834128582208024,0.4465706236835704,0.5327782221883528,0,NS
Training_Young,EIF4A1,22.853054608017043,-0.13881113528078615,0.3168520180276464,0.7095352922796554,0,NS
Training_Young,RPS20,22.5528907748702,0.00790787828853112,0.9780705889016889,0.9995140187231868,0,NS
Training_Young,PRPS1,22.074054716485687,-0.00885214107144705,0.9801572387781676,0.9994832486102496,0,NS
Training_Young,PSMA6,23.761057189832375,0.11475617174976448,0.383899304538329,0.784565641076566,0,NS
Training_Young,S100A10,22.007594109617557,0.1488576905458423,0.4545439547435337,0.7690016946483503,0,NS
Training_Young,CDC42,22.254790624829596,-0.0605616027033804,0.7685897981188601,0.961857197102483,0,NS
Training_Young,DSTN,21.664449211877074,0.13194024037179375,0.7113790471458812,0.8999169786694609,0,NS
Training_Young,RAB2A,21.206100535456056,-0.03831685700221854,0.8566782427042329,0.9856308479721488,0,NS
Training_Young,RAB5B,20.238876843515506,-0.1091107278471739,0.5543288915493271,0.8579296437349361,0,NS
Training_Young,RAB10,22.24713798135848,7.371354809002639e-4,0.997182864446081,0.9999951178406766,0,NS
Training_Young,UBE2D3,23.420442374245106,-0.15139599764252765,0.4362836349816909,0.754116427687439,0,NS
Training_Young,UBE2M,21.653483969411464,-0.10251664930422422,0.42033362620098386,0.8199865339170027,0,NS
Training_Young,UBE2K,18.94398602468677,-0.100979184357481,0.5492764887648521,0.8647939914788422,0,NS
Training_Young,UBE2N,23.924430961809815,-0.1919478026019981,0.15261799038326188,0.4934717949114009,0,NS
Training_Young,RAB14,19.670343696135077,-0.10621548550427916,0.6485327669008746,0.891735397597214,0,NS
Training_Young,ACTR3,19.21435530680199,0.0946274456721632,0.5776032328104777,0.8823927943361504,0,NS
Training_Young,ACTR2,19.099832438408665,0.27959944415518123,0.02829080607366535,0.1485761884305092,0,NS
Training_Young,ACTR1A,22.13357122695591,0.17971477292052285,0.13279557116932358,0.4926361549046521,0,NS
Training_Young,COPS2,22.53840369423174,0.05431434935014678,0.6998461304561179,0.9545683703230622,0,NS
Training_Young,ABCE1,19.155960530183755,0.4521721177815507,0.01624644875226467,0.02852731989905422,1,Up
Training_Young,RAP1B,23.10838580093659,0.2106470163235876,0.14645637389359073,0.4517245748408224,0,NS
Training_Young,RPS3A,22.490729582080647,0.01477654611921153,0.95113907464235,0.9981901229402492,0,NS
Training_Young,RPL26,20.858245513849237,0.1376083941453743,0.7050953918242108,0.8929706540456599,0,NS
Training_Young,RPL15,21.861836869610514,0.24097410972616728,0.3929696453824952,0.606386474060217,0,NS
Training_Young,RPL27,18.791632063112356,-0.0964003368249884,0.8801560177805181,0.969666029425152,0,NS
Training_Young,PCBD1,22.86630741524137,-0.08471448699807027,0.608744307439043,0.9025236927599734,0,NS
Training_Young,RPL37A,18.3931491889485,0.13170580012745958,0.7073514911276231,0.8981581235078757,0,NS
Training_Young,RHOA,23.26628154009846,-0.05772675824113094,0.7158333207785053,0.9558453565416298,0,NS
Training_Young,HSPE1,24.63358362275877,0.1410947540237224,0.3802095434651765,0.7396273761845288,0,NS
Training_Young,SEC61A1,16.93146525345134,0.1807808308136849,0.44491153301201913,0.7201804049680348,0,NS
Training_Young,VBP1,23.247368576990237,0.04499460998028937,0.8045208356597896,0.9758798467998988,0,NS
Training_Young,B2M,21.21336677101625,0.01265485852245618,0.9602378213182456,0.9988324060142304,0,NS
Training_Young,DAD1,16.142955681837044,0.22526749819549963,0.8246391507420786,0.8989063241656348,0,NS
Training_Young,NPC2,14.564454117280135,-0.14590820744837885,0.8751810152317134,0.953128545045155,0,NS
Training_Young,PKIA,21.13581271490183,-0.00138659241238059,0.9959583224033612,0.9999846306560268,0,NS
Training_Young,SUMO2,18.63506098692814,0.07297206615330154,0.8153045131904091,0.9639146345817337,0,NS
Training_Young,UFM1,18.796802471830052,0.17426228993595316,0.5081788833592847,0.7605584871425233,0,NS
Training_Young,NUTF2,24.365598385893136,-0.0111226846311041,0.9527939469216058,0.9986963650532896,0,NS
Training_Young,HNRNPK,21.884819245696413,-0.14755074740156005,0.22852855879366657,0.6379276283319864,0,NS
Training_Young,YWHAG,25.549138073593493,0.11390431651848588,0.29732299301077575,0.7439816459600891,0,NS
Training_Young,RRAS2,19.70302283646596,-0.19820331567373373,0.24592314101035892,0.5593881324259093,0,NS
Training_Young,TIMM10,20.000480229298216,-0.03444595702825026,0.8975794148534815,0.9907254673502984,0,NS
Training_Young,RPS7,20.41870042410953,0.03902751244133995,0.919569525377287,0.9918187621654626,0,NS
Training_Young,PPP1CA,22.55411605586486,0.11321522640102089,0.49545927917908866,0.8327356694948465,0,NS
Training_Young,PPP1CB,22.734205812596652,0.0647673973645091,0.8386613709963969,0.9718188491475293,0,NS
Training_Young,PSMC1,21.385140135130353,0.1642575204212271,0.16015007195053613,0.5541916539697566,0,NS
Training_Young,PSMC5,20.781558858993083,-0.01849931851839414,0.9074635029412946,0.9955464961352264,0,NS
Training_Young,RPS8,20.88743024047941,0.14286284922775394,0.4332745980026829,0.7650102868524257,0,NS
Training_Young,RPS15A,22.242428442986043,0.12143360619053922,0.4835820068290101,0.8180668509560163,0,NS
Training_Young,RPS16,23.33881816450609,0.08785383659345314,0.7086719870754664,0.9310941729345646,0,NS
Training_Young,UBE2G1,14.960463134605748,-0.13905704876572678,0.7722580323594838,0.916940736451732,0,NS
Training_Young,YWHAE,26.93175586457307,0.06747676995816576,0.6080263983739816,0.920997812152141,0,NS
Training_Young,RPS14,21.171494653289148,0.13516431590008438,0.3672820867079411,0.7432273776254654,0,NS
Training_Young,RPS23,18.75243791525304,-0.11881052533835046,0.6918686301967615,0.9000404012008801,0,NS
Training_Young,RPS18,22.064396375912416,-0.02141190770530343,0.9298832496247048,0.996136180755416,0,NS
Training_Young,RPS13,22.379681414346248,0.11356159941245636,0.7031021569579686,0.9088708804089052,0,NS
Training_Young,RPS11,22.826494299629292,0.4939134657426116,0.00192068943581877,0.00252063085355997,1,Up
Training_Young,SNRPD2,17.942161580290183,-0.04301974017814913,0.8907128901886522,0.9877768101991784,0,NS
Training_Young,SNRPD3,20.18223516182099,-0.02595811575051243,0.9074635029412946,0.9937562450826554,0,NS
Training_Young,TMSB4X,19.75242669477805,0.30483749758597156,0.4465706236835704,0.5774562135856897,0,NS
Training_Young,PSMC6,22.416739439228248,0.11628226841146372,0.309496549128458,0.746717551464954,0,NS
Training_Young,RPL7A,19.947825352741756,0.0343386813782196,0.9298832496247048,0.9937819003061392,0,NS
Training_Young,ETF1,18.172599870596287,0.25380960342259584,0.2705719312097388,0.49819073474816,0,NS
Training_Young,CNBP,21.103080662566196,-0.10570175931184878,0.6531217420923767,0.8933369151753012,0,NS
Training_Young,RPS4X,21.664942124927283,0.06407415687564821,0.7526341989176013,0.957369071861503,0,NS
Training_Young,RPL23A,21.776816087958316,-0.07165257882599008,0.805715779239947,0.9621232362582834,0,NS
Training_Young,RPS6,20.21996738950589,0.2675630118262262,0.09002646576915471,0.29414006248751917,0,NS
Training_Young,H2BC4,25.92132581086573,-0.5188641462152148,0.2719720008251249,0.2420461745276075,0,NS
Training_Young,RAB1A,18.29647077371652,-0.03611567852044928,0.8410817654330629,0.9848595178375774,0,NS
Training_Young,RAN,24.01399439612469,0.1174812641839793,0.4058488695167732,0.7906087317088164,0,NS
Training_Young,RPL23,21.221924818713028,-0.10255305346200672,0.6445564404018262,0.8932910803999591,0,NS
Training_Young,RAP1A,14.60404824436208,0.294564973071731,0.5525144849204128,0.6603639461644801,0,NS
Training_Young,RPS15,21.82461524272783,-0.08982829197717379,0.7050953918242108,0.9280216491831093,0,NS
Training_Young,RPS24,20.57200906616116,0.15024002381341717,0.6538348613075705,0.8525322640081429,0,NS
Training_Young,RPS25,22.87398174414379,0.01244071404576274,0.9578044960668703,0.998783215093652,0,NS
Training_Young,RPS26,20.41229037564543,0.02264828510844196,0.948556237659863,0.9968291854394484,0,NS
Training_Young,RPS28,21.183633376646227,0.18663909660402567,0.45952832024133194,0.7230610344497218,0,NS
Training_Young,GNB1,22.446358570692443,0.02001980005070081,0.916697914802721,0.9956620798577844,0,NS
Training_Young,GNB2,19.83559152742723,-0.18001058971209005,0.32114545066348515,0.6436617823712559,0,NS
Training_Young,RPL30,20.0782019717304,0.11644239563014123,0.7645502384972279,0.9264061713804504,0,NS
Training_Young,RPL31,20.623676604324523,-0.2629298443962895,0.22982287257089476,0.45191954712222815,0,NS
Training_Young,RPL10A,21.402319274361904,0.11036288341176714,0.7725485293284079,0.933821998826494,0,NS
Training_Young,RPL32,18.19136967865602,-0.09376547648969336,0.8689802873862219,0.9684260989877272,0,NS
Training_Young,RPL11,19.01756503242651,0.1004240084839516,0.804324637004777,0.9464568342216062,0,NS
Training_Young,RPL8,21.216823070219803,0.07558253343370325,0.8762787193314172,0.9756419273124252,0,NS
Training_Young,PPIA,25.50730762575235,0.14144789002986258,0.4469526666011853,0.7761332004239226,0,NS
Training_Young,FKBP1A,22.00976510742707,-0.01004564726773438,0.9736240493934778,0.99931292652876,0,NS
Training_Young,RPS27A,26.39876592151247,0.17524958243717137,0.6629379532520965,0.8390205606976341,0,NS
Training_Young,GRB2,20.409561047929444,-0.21037861687829107,0.2092239283850576,0.5139622361586482,0,NS
Training_Young,RAC1,22.360682557891053,0.00836488754305264,0.9525817008429776,0.9990133122065532,0,NS
Training_Young,AP2B1,19.424049483127636,0.17275047972610835,0.4469526666011853,0.7339043550357364,0,NS
Training_Young,VAMP2,17.625649225222766,-0.20593177215599212,0.804324637004777,0.8934944011451977,0,NS
Training_Young,PPP3R1,21.590907214826228,-0.15618254635724682,0.4934667070389315,0.775881830134062,0,NS
Training_Young,YWHAZ,22.3893292400535,0.1545459985769675,0.2092239283850576,0.6133531563296059,0,NS
Training_Young,UBE2B,18.705770388081756,-0.6202391884925191,0.04442737384820851,0.0255450270564964,-1,Down
Training_Young,PPP2R2A,21.67750879446975,0.11565658145425316,0.3141148019027292,0.7500484374092942,0,NS
Training_Young,DYNLL1,22.414723730081025,0.06823899936597755,0.7392033596325835,0.9523428963281708,0,NS
Training_Young,DYNLT1,21.636250700434378,0.4338315943664739,0.00341349686668494,0.00936752333383146,1,Up
Training_Young,RPL38,20.737002269080385,-0.31190207550179494,0.08937379122812752,0.23804574254433497,0,NS
Training_Young,SKP1,22.270901556473643,-0.015536115656338721,0.948556237659863,0.9979259908569392,0,NS
Training_Young,RPS21,23.051038549906217,-0.06155761263568493,0.8045208356597896,0.96723424707589,0,NS
Training_Young,EIF5A,25.073898890083154,0.08462777093962615,0.608744307439043,0.9024654372157724,0,NS
Training_Young,RACK1,21.810278415337013,-0.01687337487429374,0.9425842018774496,0.997433455970712,0,NS
Training_Young,UBE2I,20.397767195478167,-0.49987970727312,0.02656784440179344,0.03142467008153531,-1,Down
Training_Young,SELENOW,18.93277426177824,-0.4930949897502792,0.13438575930472163,0.1457549244365531,0,NS
Training_Young,TNNC1,26.20563233343716,-0.6387892085503282,0.15016800390716048,0.0932604965943886,0,NS
Training_Young,PPP2CA,22.63205754050468,0.05258055624602065,0.6561098431733848,0.9468296664565724,0,NS
Training_Young,YBX1,22.710262540458384,0.3727488931957268,0.02338527344677549,0.0690154623855234,0,NS
Training_Young,CSNK2B,19.074710031668072,0.13399951738295712,0.42527394519827033,0.7743426229586879,0,NS
Training_Young,TPM4,18.16449874324656,0.4575359879487806,0.04442737384820851,0.06709624387196458,0,NS
Training_Young,UBE2L3,22.307525891534276,-0.00234495641283061,0.9890656888467418,0.9999325763902982,0,NS
Training_Young,EEF1A1,28.018169893888317,0.2676056588305009,0.13993102618822523,0.35698308907525,0,NS
Training_Young,ACTA1,31.37179294391296,-0.37648134971940195,0.4363100836654355,0.4967353995542819,0,NS
Training_Young,TUBA1B,25.74353810452291,0.27980269611443376,0.04201218089057323,0.18111157778773307,0,NS
Training_Young,TUBA4A,25.21856240433236,0.08808085513135566,0.6771569665480791,0.9192865191710572,0,NS
Training_Young,TUBB4B,25.48671228295416,0.16243376007880173,0.23844592229686368,0.6176346174669227,0,NS
Training_Young,CSNK2A1,19.528285492157096,0.1861725797932721,0.4363100836654355,0.7076679780855071,0,NS
Training_Young,PAFAH1B2,19.44278154846137,-0.10213999759564274,0.8679423276197821,0.9652996789942104,0,NS
Training_Young,EIF4G2,18.234907727399815,0.04299454819081916,0.8566782427042329,0.9839540515209438,0,NS
Training_Young,PIP4K2B,16.418225150766048,-0.19599035418076127,0.19696377709985935,0.5279380999479105,0,NS
Training_Young,CCT2,24.900476318328696,0.2625193239641668,0.02915316012244953,0.1697678761977333,0,NS
Training_Young,GSTO1,24.050803667981455,-0.04903783874586764,0.8348104708551859,0.978278909063314,0,NS
Training_Young,PRKDC,18.58901615380903,0.25750348462770134,0.0912080718277184,0.309683004172962,0,NS
Training_Young,DCD,22.85072151803175,-0.26603105115023595,0.532708314791066,0.6708695113343326,0,NS
Training_Young,MRPS25,18.08316877166684,0.0865761049462499,0.7101743778848504,0.9327826334516582,0,NS
Training_Young,MRPS5,17.220476200648807,-0.02625814294010808,0.9559553811753172,0.9972509745691208,0,NS
Training_Young,MRPS36,22.221908422627685,0.22811070373996145,0.4998680162201589,0.6940264696095705,0,NS
Training_Young,MRPS15,17.16950336070589,0.5124721100128689,0.18495884369927731,0.17854975542985152,0,NS
Training_Young,MRPS21,15.302575799333455,0.18129110152545636,0.678292473335448,0.8435711289179293,0,NS
Training_Young,SARNP,15.869591194197096,-0.21427156917786405,0.6394888426325653,0.7849788661983602,0,NS
Training_Young,LACTB,21.593518407834573,-0.10383943111791892,0.5946664696516816,0.877170585384215,0,NS
Training_Young,RPL24,19.680217468726536,-0.1893805291327375,0.43093781359948774,0.6991426773389974,0,NS
Training_Young,ARF1,22.175752108221666,0.0065557088626349,0.9689518976051864,0.9994964651114924,0,NS
Training_Young,ARF5,18.603086336154192,-0.06880683444830993,0.7226525230919518,0.948843139981468,0,NS
Training_Young,ERH,16.574589568234064,0.05224308432341829,0.9361132804383168,0.99120140968535,0,NS
Training_Young,RHOG,14.352405259071192,-0.08257564420905616,0.9390036173445806,0.9865940815035342,0,NS
Training_Young,RPL19,21.72897448954059,-0.03525784432916623,0.9209625511329792,0.9927102973895252,0,NS
Training_Young,SRSF3,20.002375835091847,-0.04816521282912944,0.93764794338536706,0.9920590721492794,0,NS
Training_Young,MXRA7,15.809344451684954,0.07586356517706783,0.9074635029412946,0.9818891386383432,0,NS
Training_Young,H3-3A,24.56233552710145,-0.6579373620545539,0.14766431696874097,0.08452038320959285,0,NS
Training_Young,FBLN2,17.570450671744293,-0.5859916087735613,0.5152749164557113,0.4032582104536157,0,NS
Training_Young,HSPG2,21.936646318891675,-0.4499151753687727,0.12074229129940724,0.1582001977958333,0,NS
Training_Young,RBM3,19.14224656044544,-0.6183108423561272,0.07927996697407844,0.0488665969030224,-1,Down
Training_Young,CYCS,26.718634843624336,-0.2540962727602327,0.37720287642136946,0.5777294996352751,0,NS
Training_Young,MPP1,15.43416564487871,-0.34802189563978025,0.3509523688674477,0.45228646681388496,0,NS
Training_Young,TFAM,21.127975502315408,0.09769306565664591,0.7233219906644834,0.9286919011342746,0,NS
Training_Young,PITPNA,16.805507046218636,-0.01930970859898551,0.9583554547952966,0.998161802039336,0,NS
Training_Young,SLC25A3,26.21331168954413,0.2740387192757048,0.0577209382757161,0.22159734627870523,0,NS
Training_Young,HDLBP,15.899402969667277,-0.1811030011357495,0.658102712537716,0.8307262450577545,0,NS
Training_Young,PURA,18.34368698793223,0.0222279489284034,0.9423766883481242,0.9965939077439876,0,NS
Training_Young,CLTC,21.107059477044334,0.2410091701668939,0.09286189523139823,0.3364416023655347,0,NS
Training_Young,FKBP3,25.124933164590473,-0.01300995053862763,0.9401557316880996,0.9979077027098612,0,NS
Training_Young,REEP5,24.49691311674782,0.31980658665612083,0.03666987824835253,0.12947928189537924,0,NS
Training_Young,SORD,17.712217707282914,-0.276634642984547,0.43235528917137506,0.5941760576433354,0,NS
Training_Young,HNRNPU,19.662629789078885,0.03681331185838132,0.886032666070348,0.9888819294580826,0,NS
Training_Young,MYBPC1,27.979271684105505,-0.5060981915506098,0.3089719832064399,0.2796297032898229,0,NS
Training_Young,PLIN5,17.483932420844976,-0.12956958451523448,0.8410817654330629,0.946512861484741,0,NS
Training_Young,SPTBN1,20.409766083417672,0.20280539571879783,0.20538465474425788,0.5232947144141414,0,NS
Training_Young,TIAL1,20.421674988389867,0.20483582567196024,0.41598605982382464,0.6703353090083446,0,NS
Training_Young,SET,19.987264136055593,-0.21719835595621717,0.4435521665374699,0.672743864236112,0,NS
Training_Young,AMPD3,24.43174839384827,-0.261252256527964,0.5811390870221195,0.7099970558680864,0,NS
Training_Young,FABP5,22.87911926835669,-0.22955513093795332,0.295369378716071,0.5492098276287752,0,NS
Training_Young,ANK2,22.64549826278156,-0.10799560013166598,0.7031021569579686,0.913150960408244,0,NS
Training_Young,CAP1,21.27541454145892,0.05807701190512304,0.8552778243593696,0.9778772478815136,0,NS
Training_Young,EWSR1,17.125274749561964,0.07724246496753295,0.7674423542083489,0.9513464497673942,0,NS
Training_Young,TAGLN,21.755578840205818,-0.05649201841879758,0.9268580888509396,0.9893527411693648,0,NS
Training_Young,OGDH,25.110862159893188,0.06747101637741793,0.6666215467287897,0.935188248132417,0,NS
Training_Young,COX6A2,23.132633039662387,-0.3843170216793581,0.3527165529061899,0.4203615466919643,0,NS
Training_Young,ALDH6A1,19.82591405032067,-0.20343307273624944,0.5011435902225528,0.722719371616252,0,NS
Training_Young,BDH1,20.03636189225677,-0.3092945298077794,0.336722495327674,0.48118960278031264,0,NS
Training_Young,COL7A1,20.12223595623488,0.1765157693266275,0.6325951935704718,0.8166768548566097,0,NS
Training_Young,RPL18A,19.185646652492515,-0.1543458393914996,0.6952145176495989,0.8740573499251,0,NS
Training_Young,CACNB1,22.688696105653616,-0.05232342478387153,0.7693420528084237,0.9674074484741456,0,NS
Training_Young,MAP2K1,21.59743553216879,0.09249450967234196,0.5027781627143743,0.8632773913376904,0,NS
Training_Young,FKBP4,20.399634406566047,0.11774912751801736,0.5667451661774137,0.8522651061455668,0,NS
Training_Young,RPL6,20.674275128840243,0.18055574265577337,0.6418760823866736,0.8170349560817363,0,NS
Training_Young,AKAP12,16.152421302959084,0.22861336053126635,0.4469526666011853,0.6638002219130097,0,NS
Training_Young,SLC25A11,24.417483915033273,0.01191651076893407,0.9689518976051864,0.9990853199668656,0,NS
Training_Young,CAV1,22.214644699304625,-0.29651620995142736,0.05611412085428406,0.19311015798800613,0,NS
Training_Young,ACY1,20.8088990606355,0.24148494759889516,0.1819795925599216,0.44120856258136104,0,NS
Training_Young,LMNB2,19.950366127808973,-0.5455906714874459,0.07879683402227368,0.06889491505235334,0,NS
Training_Young,UBXN1,16.30683629334411,-0.06765319053129204,0.716948736163157,0.9490060337421304,0,NS
Training_Young,GBE1,22.76892055487618,0.4118976294519712,0.02829080607366535,0.06052673258114886,0,NS
Training_Young,EIF4G1,20.83791706087449,0.00869973040030558,0.9502860349173702,0.9988727301340296,0,NS
Training_Young,PRKCQ,18.236047348502765,0.14380664830860823,0.6671024723073027,0.8672145808375028,0,NS
Training_Young,GLO1,25.550954241786208,-0.1970175954370461,0.14645637389359073,0.4753770254843104,0,NS
Training_Young,AKR1C1,22.81592992231697,0.45257576647765063,0.05029935478108877,0.07460243557222393,0,NS
Training_Young,SSBP1,21.911563342242268,0.2421651880458704,0.09823018917867116,0.3420669348459262,0,NS
Training_Young,YWHAH,21.768815793141812,0.24365972780053724,0.02316103925853216,0.17217278064860672,0,NS
Training_Young,PLP2,15.825884992207053,-0.3178021654277252,0.6753990661386883,0.735110267091451,0,NS
Training_Young,UBE3A,16.812891123816506,0.05126427027452962,0.8552778243593696,0.98039380013164,0,NS
Training_Young,SRSF11,16.671915352368202,-0.28738510839150067,0.48684302215468095,0.6239350744849257,0,NS
Training_Young,EEF1A2,27.126645329481025,0.1414273346012962,0.5610615060911104,0.8228761813765049,0,NS
Training_Young,CALD1,16.893537021812772,-0.08926535647172784,0.8975794148534815,0.976118090991574,0,NS
Training_Young,COL14A1,24.23154931159279,0.31943580660396265,0.7267609241368127,0.7876558592975719,0,NS
Training_Young,PTPN11,17.87591936038139,0.01846088430232129,0.948556237659863,0.9975104755249232,0,NS
Training_Young,PSME1,21.587916049624283,0.37373481383123774,0.00420567899030973,0.02115772750995782,1,Up
Training_Young,CACNG1,17.014903434911457,-0.3030759108574017,0.30381452825088157,0.4624162901367783,0,NS
Training_Young,ZNF33A,22.530902635376727,-0.17233404387668472,0.8410817654330629,0.9305036003107784,0,NS
Training_Young,PRDX1,26.62456511106916,0.03234233873403625,0.8868809877212704,0.990274530487262,0,NS
Training_Young,RPL18,20.982464585549703,0.11665661901368551,0.7693420528084237,0.9287416147187916,0,NS
Training_Young,C1QBP,23.557536854989507,-0.08988280397373316,0.6771569665480791,0.9179343069316226,0,NS
Training_Young,CKAP4,17.93826364379503,0.25310872005800533,0.6431481238609695,0.7552743709964491,0,NS
Training_Young,DPT,18.0116929649722,-0.02939271317152858,0.9813893171010888,0.9984679691707598,0,NS
Training_Young,KLC1,16.909473818515462,0.11238457957413672,0.7667909472120573,0.9295840776735969,0,NS
Training_Young,SRSF1,18.142602796556623,-0.24017933515514045,0.6092142214527139,0.7482861444438141,0,NS
Training_Young,ARHGAP1,17.034487615512504,0.3878538289242997,0.06446567379767978,0.12685803916034993,0,NS
Training_Young,ACTN3,23.776276693415618,-1.0050482297276808,0.3022417560938453,0.07560185722793857,0,NS
Training_Young,PPP3CA,23.23101883003979,-0.10206582349222516,0.563962198712434,0.8693082071013599,0,NS
Training_Young,DHX9,18.83431208695785,0.11140789904925796,0.6483752585582984,0.8865245405513161,0,NS
Training_Young,CRYZ,22.812056668561244,0.04773375955271319,0.8410817654330629,0.9799067755720178,0,NS
Training_Young,SLC20A2,21.17019149634611,-1.0432839692102505,0.1334228948466186,0.01660026916679799,-1,Down
Training_Young,PUDP,21.166916773711957,-0.17161317157831846,0.5047599651358912,0.7619293499809566,0,NS
Training_Young,CD47,18.93469734306867,0.04543604708568338,0.8717767686438724,0.9847954824070576,0,NS
Training_Young,PPID,19.062043441814556,-0.2767683233552347,0.6531217420923767,0.7444386602283746,0,NS
Training_Young,AHNAK,24.850957045663534,0.13837052689098428,0.5948338307548664,0.8400535772124502,0,NS
Training_Young,LMOD3,16.314430893510693,0.4370574308429021,0.410593585402586,0.4210317557009136,0,NS
Training_Young,HSPA14,15.56565892817987,-0.08141636395013485,0.8410817654330629,0.9658659837803244,0,NS
Training_Young,SCRN3,18.352194040407184,-0.22682128625749695,0.5241719037961529,0.7080059343905153,0,NS
Training_Young,NEXN,20.735528065396256,-0.06137210365313805,0.9063439017748198,0.9849781312317876,0,NS
Training_Young,AP1B1,15.779301756625664,0.251651664687067,0.2693510142735274,0.4993137768201969,0,NS
Training_Young,BST2,18.700319727164914,-0.373087346004656,0.03735167944342008,0.093100958072632,0,NS
Training_Young,PMPCA,17.637747626411265,-0.0991809662743286,0.8523084567730498,0.9617999704046224,0,NS
Training_Young,ASPH,18.929588962269403,0.14536158315126357,0.7168792969383271,0.8933012667407088,0,NS
Training_Young,EFEMP1,17.573367961669966,-0.4978764724851139,0.35010511725292337,0.31925237550485386,0,NS
Training_Young,STX4,14.954077837186734,-0.1802588422126767,0.7275559836086414,0.8742688686096741,0,NS
Training_Young,GRSF1,19.69316952113892,0.1603369979657785,0.6418760823866736,0.8363122829466808,0,NS
Training_Young,AIMP1,20.578848057143222,0.19438924679363012,0.08544130529269484,0.4025323896564365,0,NS
Training_Young,ILF3,19.908239437825102,0.187958954804877,0.6657159414443632,0.8293740404479626,0,NS
Training_Young,TRAP1,20.79948621440668,0.02458023554919108,0.9268580888509396,0.9953796353829062,0,NS
Training_Young,ANK3,16.789976209709934,0.02391964692360915,0.9297004007493924,0.9956273050989212,0,NS
Training_Young,HSPB3,21.352689541527496,0.2960325058801949,0.2248273762376496,0.402446228891164,0,NS
Training_Young,ECH1,25.221800403808135,0.1607920434133625,0.4394498082356288,0.7437660521246399,0,NS
Training_Young,STRN3,19.31236250905939,0.03812242614630889,0.853394856551643,0.9852346753685582,0,NS
Training_Young,COASY,18.794407148879007,-0.18337019286153833,0.4416248812623602,0.7148430140755043,0,NS
Training_Young,TRDN,22.526022544935337,0.04406600468203336,0.919569525377287,0.9907681836012868,0,NS
Training_Young,ACACA,24.175598974275257,0.28708738938940215,0.1589176548111351,0.3547874565804473,0,NS
Training_Young,GPS1,21.618492064153436,0.07067760072995455,0.608744307439043,0.9178967672924924,0,NS
Training_Young,MTAP,18.2430718246637,-0.2764845417398334,0.33796517570534473,0.5219007147631028,0,NS
Training_Young,PRKAA1,20.658098536129835,0.11658802871759376,0.3351770821597045,0.7583867171328857,0,NS
Training_Young,TARDBP,20.16512788181537,0.13928211362508236,0.3509523688674477,0.7277529745810011,0,NS
Training_Young,PAK1,16.012816186503624,0.5444587480895393,0.4392371191629935,0.3664180466788818,0,NS
Training_Young,AIMP2,20.202146368126783,0.14692406502271638,0.1540062547420357,0.5845609621862066,0,NS
Training_Young,PRDX4,19.92033091251625,0.07363471255698784,0.8153045131904091,0.9635405762440676,0,NS
Training_Young,PAK2,19.773034160967864,0.1831820042825676,0.2571303393726636,0.5962763721142015,0,NS
Training_Young,CBX3,15.867059072998778,0.04668465729229609,0.9268580888509396,0.9908707627709546,0,NS
Training_Young,PSMD2,21.73907121242813,0.08780351376978146,0.5065440852533705,0.8705766808914428,0,NS
Training_Young,MYBPH,20.638619955802312,1.106529554029379,0.09876457646795794,0.00758883678464171,1,Up
Training_Young,SELENBP1,24.641606201056327,-0.17283205586569397,0.3789275801323798,0.6899757869668438,0,NS
Training_Young,TRIM28,17.541894642648245,0.02275053409370642,0.9338513065799467,0.9960355286730465,0,NS
Training_Young,G3BP1,16.30056993751612,-0.13176260752370084,0.7745352009550803,0.9220598077832384,0,NS
Training_Young,PABPC4,20.272577051471956,-0.1665989236211729,0.6771569665480791,0.8539387233241631,0,NS
Training_Young,SGCG,22.606415003772135,-0.17319518774867504,0.17548032720183776,0.551352517773058,0,NS
Training_Young,EIF3I,19.093174967263757,0.1353436594645423,0.44669768988155223,0.7842170504471885,0,NS
Training_Young,CTBP1,19.85818331654,-0.11220307427172926,0.5404694970060352,0.8480675126199709,0,NS
Training_Young,UBE2V1,22.349240015714877,-0.04717803494265382,0.8311967852360252,0.9787499366716904,0,NS
Training_Young,DYNC1I2,20.035094542341117,0.36419026618978023,0.00564060654691651,0.02680046215419207,1,Up
Training_Young,ILK,20.254584273729808,0.00486609524313763,0.9801572387781676,0.9997161037133436,0,NS
Training_Young,NNT,25.755033245257373,0.09847372668450304,0.6291415032383699,0.8920908582403033,0,NS
Training_Young,SNTA1,21.236718590550428,-0.08668635935122992,0.7145879137260315,0.9340152584873704,0,NS
Training_Young,SNTB2,22.67976295446133,-0.02727393566286196,0.884473470828973,0.991564241758159,0,NS
Training_Young,SF3B2,21.74422952905963,0.0509602609656774,0.8566782427042329,0.9811140698138856,0,NS
Training_Young,PDAP1,21.823550245440508,0.05635525999445789,0.7953517297919417,0.9684268479649722,0,NS
Training_Young,TMED1,16.36877552312901,9.298385769511696e-4,0.997182864446081,0.999995172164184,0,NS
Training_Young,FKBP5,19.24458717530697,-0.16488555551329398,0.4250331712083696,0.7294553789916155,0,NS
Training_Young,PICALM,15.555027197326362,0.3468456733906695,0.4458485657122466,0.5334933461295764,0,NS
Training_Young,MTM1,20.367145943274423,-0.13622415612071137,0.6146478616682605,0.849860818330833,0,NS
Training_Young,SQSTM1,16.29668316917811,-0.06674533671270666,0.7884779595065207,0.9615252869047716,0,NS
Training_Young,MTX1,17.708653251560037,-0.05042098103962544,0.8153045131904091,0.9749992380719664,0,NS
Training_Young,ART3,20.887907169266473,-0.7696674063994777,0.00910477014157851,8.039198177955975e-4,-1,Down
Training_Young,ASAH1,19.82080081430841,-0.07909405082282461,0.7664467633580636,0.9497612714510552,0,NS
Training_Young,PIN1,20.78846482655561,0.00914070847904113,0.9774123108727572,0.9994190297472434,0,NS
Training_Young,CAMK2B,21.801104028833457,0.05321360130982811,0.8246391507420786,0.9751258067562176,0,NS
Training_Young,CAMK2G,21.463651476920617,0.01921126259163941,0.9268580888509396,0.9963107501706154,0,NS
Training_Young,CAMK2D,24.137937506182023,0.4067876072964687,0.0719836099997193,0.12424003856025603,0,NS
Training_Young,DCTN2,21.497004966213904,0.21622833614736336,0.0149920959202571,0.17302740794945318,0,NS
Training_Young,NAE1,17.543993806271917,-0.27201401078005105,0.11834741674066064,0.325659222848862,0,NS
Training_Young,STIM1,19.873499699670237,0.08769962779727081,0.6483808631780116,0.9096357934009184,0,NS
Training_Young,CUL1,18.68302541895731,0.07671772072161787,0.7050953918242108,0.9384956903443908,0,NS
Training_Young,CUL2,18.598853571168004,0.05939042925634652,0.8153045131904091,0.9703165287336978,0,NS
Training_Young,CUL3,20.18796375954617,0.12291802712483246,0.4545439547435337,0.8053387368733904,0,NS
Training_Young,CUL4A,18.914357517434222,-0.03397968999015433,0.8292102613964176,0.9845061766826756,0,NS
Training_Young,FHL1,30.74757603517573,0.18631087737561103,0.2040270721121195,0.5504252710423998,0,NS
Training_Young,FHL3,24.574059267609982,-0.14926691342790832,0.5667451661774137,0.8165948374731216,0,NS
Training_Young,ITGA7,17.977200851970498,-0.1120895031400302,0.5713607065642117,0.8602035987052783,0,NS
Training_Young,AAMP,16.862561636839203,0.2105756367979268,0.6826625130350025,0.823831270567516,0,NS
Training_Young,CACNA1S,19.11384640871613,-0.10343745708266994,0.6431481238609695,0.8918641653023667,0,NS
Training_Young,MOGS,15.673497562651503,-0.2883464337365922,0.655685745624631,0.7395640469954954,0,NS
Training_Young,SPTAN1,19.34494637389295,0.23104224018124597,0.22852855879366657,0.49420989632165785,0,NS
Training_Young,AUH,20.280104021748254,-0.00876053770824825,0.9813893171010888,0.9995333272437184,0,NS
Training_Young,DDX39B,20.581981214773837,-0.1066626979792602,0.6821550987367032,0.906057794234918,0,NS
Training_Young,BLMH,20.24600979344963,-0.4067214738325511,0.07460348460304081,0.1271861589252436,0,NS
Training_Young,SNTB1,19.202191432855823,-0.15858690999742464,0.4813860534834948,0.7680893983813594,0,NS
Training_Young,TUBB2A,22.96084069411983,0.28743306032338367,0.03250440754710849,0.15160645411660287,0,NS
Training_Young,IDI1,20.165295389401887,-0.11701853520288452,0.6771569665480791,0.8951779655564841,0,NS
Training_Young,PRKG1,18.94797003201477,-0.0224694415647555,0.948556237659863,0.9969239753133996,0,NS
Training_Young,COX17,20.798375242746214,-0.07354975143871556,0.8209639802189829,0.9651623960386424,0,NS
Training_Young,HNRNPD,22.453032743752555,-0.126738039113917,0.4121569458253559,0.7793002391758233,0,NS
Training_Young,SCARB2,18.30052741172506,0.296183047354571,0.1421470353388933,0.32190832937078523,0,NS
Training_Young,NID2,18.151357690284375,-0.5661923558105251,0.2650406568352933,0.20651473153577724,0,NS
Training_Young,IL18,17.35068589309844,0.5621381488221822,0.3022417560938453,0.2364584593192318,0,NS
Training_Young,DAG1,22.349260339106795,-0.13047011226436567,0.3804406439605843,0.7568289943231369,0,NS
Training_Young,EIF3A,20.705521868714193,-0.12394847921843422,0.35127650912572705,0.7553264546630211,0,NS
Training_Young,UBAP2L,16.788955002398627,-0.12114613962748776,0.8153045131904091,0.9405429910243378,0,NS
Training_Young,MLEC,20.854686907631315,-0.03856386420616786,0.8410817654330629,0.9839937391574276,0,NS
Training_Young,DPYSL3,22.32856747105482,-0.06527726721965976,0.8410817654330629,0.9725604672422776,0,NS
Training_Young,DCTN1,20.744131566496996,0.29503495576393846,0.02014010803009585,0.10889426862575452,0,NS
Training_Young,DYNC1H1,21.338085110288315,0.4089294621601311,6.84594237605936e-4,0.00392096600766062,1,Up
Training_Young,EIF2B1,17.81205177498031,0.28096136152894147,0.16471887138482616,0.3692392273305314,0,NS
Training_Young,EIF4A2,24.09450561162291,-0.04746283104381987,0.8410817654330629,0.979840712305345,0,NS
Training_Young,CTTN,15.160655753434018,0.3645329083586084,0.5777684540092873,0.6178487568661138,0,NS
Training_Young,ENDOG,20.08248072490437,0.1594755216614132,0.6657159414443632,0.8531387659426801,0,NS
Training_Young,FLOT2,18.060746764574812,-0.03963639025432286,0.8907128901886522,0.9886913052924764,0,NS
Training_Young,TRIM25,18.15688481443553,-0.17212179701596497,0.6483752585582984,0.8294574445550661,0,NS
Training_Young,FLNC,27.5393399629679,0.5138456007904502,0.05362260815635136,0.05547887040559121,0,NS
Training_Young,MYBPC2,23.516904818315407,-0.2705575600438621,0.6828386158717499,0.7807168108966754,0,NS
Training_Young,GAMT,23.727033531810665,-0.12384251278754375,0.5022373592385859,0.8209684658124251,0,NS
Training_Young,CAPRIN1,15.61120584681623,-0.5686911828324028,0.18470303791548492,0.1474709556639612,0,NS
Training_Young,PRPSAP1,15.252374464342154,0.04572480612051421,0.9296271117743178,0.991619324076546,0,NS
Training_Young,CLINT1,16.279723286202703,-0.07988970054330125,0.8166167143978366,0.9613996638769862,0,NS
Training_Young,GANAB,19.91118460216083,0.2255851204825241,0.04201218089057323,0.2524588087461992,0,NS
Training_Young,SSPN,21.603498300725228,-0.09959783708281832,0.5946664696516816,0.8819128337036666,0,NS
Training_Young,MVP,17.68436312213858,0.2003642136119801,0.7976047233326163,0.8933370037263663,0,NS
Training_Young,LTBP3,18.943030623669575,0.03038137951313402,0.948556237659863,0.9958643840676304,0,NS
Training_Young,LASP1,17.947980038244644,-0.24316521264488955,0.6483752585582984,0.7678841209822705,0,NS
Training_Young,PTGR1,18.94195335351836,0.17318156138949448,0.7145879137260315,0.872696638461177,0,NS
Training_Young,KPNB1,22.777403398607795,0.2488375456677616,0.01624644875226467,0.138960141564543,0,NS
Training_Young,NUMA1,20.88568948450216,-0.10626050816360788,0.6284738682944024,0.8835389139015715,0,NS
Training_Young,PSME4,14.894937465004991,0.41647916119398865,0.1819795925599216,0.2438020786286993,0,NS
Training_Young,SLMAP,22.512617864571855,0.285198491613464,0.09876457646795794,0.2836898555387916,0,NS
Training_Young,EMC2,16.314364576220576,-0.00724606522985027,0.9858309326402444,0.9997221178955412,0,NS
Training_Young,PSMD6,20.719718326541887,0.14662016248955112,0.4813860534834948,0.7837795640606289,0,NS
Training_Young,ABRAXAS2,16.920904491125235,0.02962432355134936,0.8762787193314172,0.9903734118026568,0,NS
Training_Young,SEPTIN2,18.20127549104069,0.11805089568829884,0.3851916396174154,0.7796940767877915,0,NS
Training_Young,KARS1,21.451479575599823,0.0202312641466591,0.8869191167329888,0.9939305802009416,0,NS
Training_Young,EIF4H,21.53848731032754,-0.2640013395625225,0.05111004652325293,0.22144140810372737,0,NS
Training_Young,EEA1,17.545684028046903,0.2919462769160148,0.13993102618822523,0.32536253981106644,0,NS
Training_Young,PDIA6,24.20426630597903,-0.07135466465201645,0.6897466936573154,0.9380528321323028,0,NS
Training_Young,PAFAH1B3,18.923462864127004,-3.448958144431913e-4,0.9994748711504764,0.9999994905219284,0,NS
Training_Young,PLCL1,15.63029626439175,-0.02499421024462123,0.9736240493934778,0.9983016363649356,0,NS
Training_Young,PDK1,18.506238346347875,-0.06867282884831383,0.8405501812065259,0.9706894289412372,0,NS
Training_Young,PDK2,18.98752789466995,-0.249660566306801,0.6409866564007684,0.7557223367535842,0,NS
Training_Young,PEA15,18.66892757313931,-0.38663442832554296,0.655685745624631,0.6671730585461991,0,NS
Training_Young,PGM5,21.679911542734065,-0.22232958249199797,0.37720287642136946,0.6189263522601102,0,NS
Training_Young,PLEC,23.942932966320654,0.23789204031739075,0.33796517570534473,0.5712626882390555,0,NS
Training_Young,PPP2R5A,16.79113009318589,-0.2720800621713231,0.4050618841909657,0.578908033284563,0,NS
Training_Young,PPA1,20.32285754747253,0.05856089880435533,0.7678320578363644,0.9629599749045088,0,NS
Training_Young,PTGES3,21.681465871101313,-0.07718761393755713,0.6841632881751877,0.9320703228263651,0,NS
Training_Young,STK38,16.628298779402382,-0.2858225179733722,0.5192367045978197,0.6444703378514975,0,NS
Training_Young,NECTIN1,21.18388094979016,2.5423095122374484,0.17163521700990902,1.444620424491693e-4,1,Up
Training_Young,NONO,18.256395851518327,-0.10629741942413418,0.5667451661774137,0.8656954750615822,0,NS
Training_Young,PTPA,19.933253178710213,-0.22087515641365485,0.5468844630712194,0.7269132725943082,0,NS
Training_Young,RABEP1,16.815934132415865,0.43716482164797554,0.07875054320660135,0.11694207501979428,0,NS
Training_Young,RAB35,15.900483370108118,0.05284618838180499,0.895148597314013,0.9855829726065564,0,NS
Training_Young,TMED2,19.917753556852073,-0.02496183208703328,0.9268580888509396,0.9952687043093148,0,NS
Training_Young,PCBP1,23.848023032741292,-0.06416904902632936,0.6538348613075705,0.934644974863446,0,NS
Training_Young,PCBP2,21.517877356687585,-0.03835311341133618,0.8087090853642978,0.9798311600537803,0,NS
Training_Young,ELOC,21.185623076609396,-0.01135459893152202,0.948556237659863,0.9984671845136824,0,NS
Training_Young,ELOB,21.638847672387755,-0.04134808361698461,0.8153045131904091,0.9796535628106776,0,NS
Training_Young,UBE3C,16.697570323678203,0.6500157957427568,0.1594712410930071,0.09629510412835278,0,NS
Training_Young,DHCR24,16.582903679237653,-0.5766553604416664,0.3300449222968991,0.24988826605185208,0,NS
Training_Young,RSU1,20.633182705093336,-0.1318830002174316,0.45952832024133194,0.7951072878734786,0,NS
Training_Young,PPP1R7,19.81439900007797,-0.0968517495526271,0.6291415032383699,0.8938672466065222,0,NS
Training_Young,SEC23A,18.562397538131663,0.2044141144063687,0.13747733523560415,0.45250207247916147,0,NS
Training_Young,MAPRE2,21.284942024528863,-0.04191733048945778,0.8224251638913707,0.9801450909621414,0,NS
Training_Young,TGFBI,15.338502896503265,-0.7863259038973016,0.1441584674063366,0.05048427106564252,0,NS
Training_Young,TSN,21.490782584602893,-0.25992739345370097,0.14311709956787352,0.3710712093343722,0,NS
Training_Young,SF1,14.759209550394925,-0.31455393889189054,0.5558844291431798,0.6441262165747287,0,NS
Training_Young,TRIP10,19.518705234042798,0.11396756179824408,0.3824579073986454,0.7848585418622875,0,NS
Training_Young,MAPRE1,18.339583372057476,0.13416824367908475,0.6394888426325653,0.859343837797116,0,NS
Training_Young,TSC22D1,15.006612495818857,0.03346012498257345,0.9854241467568132,0.998442464312312,0,NS
Training_Young,ELAVL1,16.794276040927723,-0.18781268350131697,0.6905039147627542,0.8456711079900422,0,NS
Training_Young,MYLK,22.97881777203737,-0.7641425647251339,0.02643103105968071,0.00480638078840942,-1,Down
Training_Young,SPEG,18.75717275517603,0.12852528822659437,0.6431481238609695,0.867347691780179,0,NS
Training_Young,TBCE,15.0244743030288,0.14649117780873055,0.6941006548200881,0.8791419575125295,0,NS
Training_Young,UBE2V2,23.552578332311153,-0.1888951457672761,0.05611412085428406,0.3511335581658747,0,NS
Training_Young,NEDD8,22.340212215809196,-0.00573779342118641,0.9855987183369828,0.9997585779533475,0,NS
Training_Young,ADIRF,19.304348874442816,NA,NA,NA,0,NS
Training_Young,ADIPOQ,21.643585573695997,0.14905490101171637,0.4746806982313339,0.7773995307218134,0,NS
Training_Young,RAB11B,22.613522945206345,0.02518858311778871,0.8386613709963969,0.988932457452228,0,NS
Training_Young,ZYX,18.618382619014717,0.02998103647729877,0.8566782427042329,0.989001509490821,0,NS
Training_Young,HSPB2,24.880274144495893,0.34708484540985296,0.07582841808673395,0.1747461952805885,0,NS
Training_Young,ETFDH,25.02623991415296,0.08782769775735488,0.6952145176495989,0.9260686512786284,0,NS
Training_Young,SEPTIN7,17.87207401978585,0.17969881990804026,0.27553629026738263,0.6140920866826514,0,NS
Training_Young,ADRM1,18.055902151718342,-0.02484691998576949,0.9274320557340272,0.9953655601641948,0,NS
Training_Young,DDB1,24.141622770496507,0.1631003076593167,0.05611412085428406,0.4048154125206724,0,NS
Training_Young,CDC37,21.21069247288412,-0.03547879664577991,0.8122883611861683,0.9818365377006112,0,NS
Training_Young,DPYSL2,21.581135245031312,0.0683307240355262,0.6753990661386883,0.9360955715183772,0,NS
Training_Young,SYPL1,20.852224035895897,-0.3605864305411437,0.04159871216055199,0.10930273371033764,0,NS
Training_Young,RBBP7,17.564906371119392,-0.2159290539576375,0.7022019730153195,0.8331045383431565,0,NS
Training_Young,SGCB,21.015379385689624,-0.10866058390551814,0.4250331712083696,0.8117269924280008,0,NS
Training_Young,SGCA,21.404642988485215,-0.11764109744460782,0.42507423155028434,0.7985983589018866,0,NS
Training_Young,FXN,20.337677712134997,-0.1462081229499006,0.5219543467783655,0.7996866771412213,0,NS
Training_Young,FSCN1,17.58516695486595,0.7069156688075111,0.0130967330634,0.00213423371892577,1,Up
Training_Young,DECR1,25.093382303915742,0.07933209287752518,0.7113790471458812,0.9385798695199872,0,NS
Training_Young,NDUFA5,23.923902111126928,-0.2888307750673569,0.0982002984402799,0.2778449873126202,0,NS
Training_Young,CLPP,17.786192031406777,0.16981889803446748,0.6771569665480791,0.8505749719359279,0,NS
Training_Young,TST,21.905139115102248,-0.02302208131951033,0.9348639483705086,0.9960340650857546,0,NS
Training_Young,KYAT1,17.824080455431712,-0.3715779366135159,0.15214692226556595,0.2535474118031501,0,NS
Training_Young,GUK1,15.098216564822181,-0.2362386098269216,0.7100608733043158,0.8265931339740176,0,NS
Training_Young,HAGH,24.61471129357744,-0.22407263901517993,0.07582841808673395,0.32424200143222914,0,NS
Training_Young,NDUFA9,24.346091545952365,-0.34073029709728786,0.07881701090067866,0.18845699071349775,0,NS
Training_Young,PHKG1,23.263267147478857,0.16382221974457778,0.16067906108523478,0.5556108768075111,0,NS
Training_Young,PPP1R3A,20.653726668605056,0.05610466690352211,0.804324637004777,0.9698015210592648,0,NS
Training_Young,HADH,25.388231896661186,-0.15130352376168332,0.2571303393726636,0.6521900331216284,0,NS
Training_Young,UGP2,26.15437356975057,0.13915425388716685,0.32114545066348515,0.7114915942550046,0,NS
Training_Young,TXNRD1,20.75461974810685,-0.08104122190550456,0.584695794742043,0.8999307694619648,0,NS
Training_Young,IMMT,24.531748901292616,-0.11669346574765171,0.3947587480888912,0.7863277006536601,0,NS
Training_Young,IAH1,18.96791430642447,0.02342374732603858,0.9111299215402914,0.9945760108240655,0,NS
Training_Young,KLHL40,23.134034116859215,0.38686227753276015,0.3512250830187446,0.4160643326750779,0,NS
Training_Young,TKFC,16.684072086003987,-0.04264276807081302,0.9431799585421096,0.9935753674201084,0,NS
Training_Young,TIMM50,19.466332243688672,0.10431110693484058,0.6477861897270519,0.8922711594171626,0,NS
Training_Young,NADK2,17.084205852778062,0.1848572983469197,0.5525144849204128,0.7676324691920539,0,NS
Training_Young,FAM98B,18.28960915313028,-0.2043274108430708,0.24781441678591873,0.5527425486498712,0,NS
Training_Young,HIKESHI,20.54773927718798,0.02408074133034077,0.9093114295736556,0.994328495662536,0,NS
Training_Young,PDLIM3,27.380637715380423,0.15972043643791525,0.5380098675552127,0.789846894916307,0,NS
Training_Young,HSD17B12,19.816226794550793,0.11476800893585092,0.6855951302942522,0.9009873258890552,0,NS
Training_Young,AGK,17.373201318019863,0.08742824213340938,0.8107175067886125,0.9552404917930118,0,NS
Training_Young,LACTB2,17.669299355061504,0.06880045311602956,0.804324637004777,0.9630482150043098,0,NS
Training_Young,DCAF6,18.740031939509844,-0.03712769740644006,0.8410817654330629,0.984212685213393,0,NS
Training_Young,CAVIN4,22.69733837294265,0.04841890083249112,0.8429859369708148,0.9803203760397656,0,NS
Training_Young,FLG2,17.346810373732637,-0.1767199237702144,0.8413505764931244,0.9291408547043194,0,NS
Training_Young,RABL3,15.87465718409686,0.04905916741739347,0.8751810152317134,0.983977182142056,0,NS
Training_Young,COQ5,21.42132712139989,0.02933584042224879,0.9253017258073214,0.9941677886759236,0,NS
Training_Young,NOMO2,20.770026709735152,-0.2662602764714066,0.1660516075636093,0.39011599193326446,0,NS
Training_Young,PITRM1,21.96669856301789,0.0117749063236161,0.9813893171010888,0.9993848100640816,0,NS
Training_Young,WDR44,16.15461771417186,-0.08291618710016024,0.8934965028325796,0.9771864321595534,0,NS
Training_Young,COA6,20.12390266953169,-0.1987292938836518,0.3719301996028197,0.648438597539611,0,NS
Training_Young,TOR1AIP1,19.07457908441359,-0.618379203586187,0.07034041737547334,0.04045481138184835,-1,Down
Training_Young,GNAS,19.641740138173105,-0.4814241941984107,0.00341349686668494,0.00523848038285581,-1,Down
Training_Young,TTC38,16.385262273697897,0.2334862411536811,0.7933286494972721,0.8742386504116989,0,NS
Training_Young,C6orf136,18.76408368023368,-0.1251059773329395,0.8566782427042329,0.95459335886382,0,NS
Training_Young,HP1BP3,22.89044863173238,0.06244358654351245,0.890849877860912,0.9823813523105748,0,NS
Training_Young,IBA57,21.140542826774197,-0.18650013183215464,0.6483752585582984,0.8169534254552963,0,NS
Training_Young,UBR4,16.461071475467374,0.10455315101610552,0.7050953918242108,0.9171586305324836,0,NS
Training_Young,DCAF8,16.59338776180156,0.04930420126536461,0.8566782427042329,0.9819197475267454,0,NS
Training_Young,DDI2,24.47168350862971,-0.3113935809570769,0.56099569087847,0.6507480211558468,0,NS
Training_Young,MICOS10,18.7706696643377,-0.3093472061822382,0.38594422397223976,0.5227367731666277,0,NS
Training_Young,LYRM7,19.696788879622083,-0.2070281798296776,0.3931964886246436,0.6513448166030592,0,NS
Training_Young,OBSCN,23.72278985083414,0.369312094699044,0.1324450385477446,0.2329158265448673,0,NS
Training_Young,MYOM3,23.336259485372928,-0.1912108911788586,0.7333757994419795,0.8700512665442823,0,NS
Training_Young,PDE4DIP,25.39733407890293,0.17616316945223076,0.7233219906644834,0.8746054808524603,0,NS
Training_Young,BROX,17.74328466797864,-0.35552419268433155,0.2757282797850338,0.3820365477242579,0,NS
Training_Young,LYPLAL1,17.886967954514915,-0.4554251358530159,0.4796665187118768,0.4671623965477663,0,NS
Training_Young,SYPL2,24.993695263553096,-0.3440789533918789,0.0719836099997193,0.17158368687172668,0,NS
Training_Young,ECPAS,20.90544456091857,0.17092630188297875,0.08499079605236882,0.4485211868119265,0,NS
Training_Young,MICOS13,22.19086875455948,0.01336416071603352,0.9699677446557696,0.9990081700966024,0,NS
Training_Young,RNF123,19.599717220816743,-0.01107951671582441,0.9577134270827784,0.9988765058021218,0,NS
Training_Young,TMEM198,25.667609504811377,0.1362244942063242,0.7050953918242108,0.8939487951440654,0,NS
Training_Young,CRYBG3,23.268437284875024,0.18989066030928825,0.8395185552799287,0.9198922328113266,0,NS
Training_Young,NXN,17.446930869866094,0.02934276471434316,0.9043881169696224,0.9926733304327858,0,NS
Training_Young,PTRHD1,20.7204414950889,0.00514355466490812,0.9858309326402444,0.9998010749910388,0,NS
Training_Young,ABLIM2,14.449724355937851,-0.2835643472862319,0.5885651954768482,0.6939790306579193,0,NS
Training_Young,LAMTOR1,15.760374237201123,0.39079666442033023,0.07253785943636827,0.13607476062758544,0,NS
Training_Young,DHRS7B,20.63896094698961,0.06114072175013163,0.8410817654330629,0.97412270200281,0,NS
Training_Young,TWF2,19.784329959682054,-0.1165217301077881,0.6956463078183129,0.9040178818912196,0,NS
Training_Young,ETFRF1,18.238578312369707,-0.07153002718431978,0.8566782427042329,0.9740351027968772,0,NS
Training_Young,RAB12,17.85642542730037,-0.03937230829493643,0.8883864514134395,0.9884164054060822,0,NS
Training_Young,DENND5A,22.3371282383504,-0.2940352847276628,0.3206177037337035,0.4863747126484022,0,NS
Training_Young,RCSD1,19.65038889765715,-0.01189062527380002,0.9583015182245228,0.9988491144507392,0,NS
Training_Young,SLC25A24,19.045176140818587,0.11266329035732524,0.5192367045978197,0.8407385900297972,0,NS
Training_Young,HIBCH,24.210050470040457,0.12669309227753445,0.7050953918242108,0.9011961318628324,0,NS
Training_Young,CAVIN1,24.24277984582812,0.17113926151743897,0.20041945055029564,0.5749377945318036,0,NS
Training_Young,MRPL54,16.938125930896167,-0.2338782870066467,0.678292473335448,0.802416151639908,0,NS
Training_Young,LPCAT3,19.287444440756538,-0.23716747418284356,0.5946664696516816,0.7408251359588849,0,NS
Training_Young,TATDN1,18.792152357374707,0.04565042952951259,0.8975794148534815,0.9877475406954116,0,NS
Training_Young,SFXN4,18.48178096347848,-0.3809729234947028,0.30295602243566827,0.3775206181246794,0,NS
Training_Young,FAHD1,20.00710636839437,-0.10289622633160178,0.6566131227304195,0.8993167384067647,0,NS
Training_Young,LMOD2,20.555251643576103,-0.4115705136530323,0.5948338307548664,0.5964975113523253,0,NS
Training_Young,SLC27A1,15.848280118037264,0.01911991705596349,0.9641216032884158,0.9983421481165964,0,NS
Training_Young,CCDC137,21.205012518050214,-1.6337606444271875,0.0137032651599083,8.257302846861408e-7,-1,Down
Training_Young,CORO6,19.859083896295935,0.3106890566567273,0.41462451259617983,0.5441336865270219,0,NS
Training_Young,TMEM205,22.437690641550084,-0.14493400318690774,0.4250331712083696,0.7575066385742295,0,NS
Training_Young,DHRS11,18.277563793180416,-0.5975744121754687,0.15016800390716048,0.10878498622230616,0,NS
Training_Young,APOOL,22.151560017751216,-0.05533011948108068,0.7865373672921224,0.9677282019647852,0,NS
Training_Young,NAPRT,19.11581881851686,-0.3377665458180452,0.4469526666011853,0.546947356017665,0,NS
Training_Young,HSDL2,23.84642693132353,-0.17680655857798655,0.27115553812653476,0.6161338533294936,0,NS
Training_Young,KYAT3,17.23966662325586,-0.18372903654905315,0.6956463078183129,0.8527485559411198,0,NS
Training_Young,TRIM72,26.493338283918412,0.08754204575919644,0.4250331712083696,0.8456695444678328,0,NS
Training_Young,UBN2,24.68646633148976,-0.8941097838913414,0.15261799038326188,0.03749139582826863,-1,Down
Training_Young,TOM1L2,17.232142336024907,0.00391010719562956,0.9858309326402444,0.999849921044567,0,NS
Training_Young,XIRP1,22.96565166821422,-0.9119032299270238,0.01474965305702524,5.429355233772788e-4,-1,Down
Training_Young,VPS13C,17.957649313822102,0.14694533450619574,0.6368906679908236,0.8460511510226493,0,NS
Training_Young,UBE2R2,18.021465283308626,0.1536042099051187,0.6408269408104101,0.8410705873062371,0,NS
Training_Young,SND1,22.79159461151068,-0.11555865373544803,0.6771569665480791,0.8955855204174045,0,NS
Training_Young,TRMT10C,19.26875690662201,0.06052836088795033,0.8045208356597896,0.9675766020960777,0,NS
Training_Young,BZW1,20.379707126858413,-0.00678878967316975,0.9888361752935004,0.999799954157923,0,NS
Training_Young,EIF3M,19.152516689119036,-0.06269893440161312,0.768690187708306,0.9606643339778668,0,NS
Training_Young,COPS6,21.532619792828193,0.03992815752198453,0.8045208356597896,0.9786293409353825,0,NS
Training_Young,CHMP1B,18.727254757909083,-0.05423039638325733,0.8611912680263003,0.9807328752535376,0,NS
Training_Young,RRM2B,16.296308720826655,NA,NA,NA,0,NS
Training_Young,ERMP1,14.45354789958402,-0.42078744084979824,0.7478017705730955,0.7471122959612824,0,NS
Training_Young,MRPL21,17.07326295732032,0.1269527120177898,0.8625740468470715,0.955883675025903,0,NS
Training_Young,DGLUCY,22.312719608599327,-0.25530309422312314,0.27553629026738263,0.5004215670093919,0,NS
Training_Young,MYH14,21.597101482362255,0.20100494209822628,0.3851916396174154,0.6550118945177551,0,NS
Training_Young,SZRD1,17.21883875075124,-0.211514186698718,0.3962733873473811,0.6482486656930532,0,NS
Training_Young,MAVS,19.748640218695012,0.20720184476160952,0.10743875171445448,0.4117012563013462,0,NS
Training_Young,COMMD6,15.048320398547396,0.6629351366643039,0.18528155886813177,0.10807193971927856,0,NS
Training_Young,HDDC2,18.091205959449457,0.20659512939783295,0.3512250830187446,0.6259452442525241,0,NS
Training_Young,HDGFL2,16.204572899727513,-0.1184209442589701,0.8044733955352344,0.9374212853785704,0,NS
Training_Young,DCXR,22.55324523980515,-0.10886173320010428,0.6790542340264012,0.9035067597779016,0,NS
Training_Young,SPRED2,23.145849431777584,-0.0683480238391283,0.9209625511329792,0.9859949990595586,0,NS
Training_Young,HUWE1,22.560641565627208,0.33515843590052086,0.13356751485484394,0.26843092827264003,0,NS
Training_Young,GLRX5,21.405223200410628,-0.24597502572288832,0.4677699105932817,0.6566910724874327,0,NS
Training_Young,MYPN,20.23208475432374,0.02847471720914995,0.9559553811753172,0.9968913154644956,0,NS
Training_Young,SRL,25.302462389625745,-0.01617784971163871,0.9268580888509396,0.996961501484192,0,NS
Training_Young,PRUNE1,17.112399100401646,0.38017976123011366,0.5606677526250523,0.5907221798917224,0,NS
Training_Young,ACOT1,16.917149934076622,-0.5765550417531387,0.08491159177409846,0.06662487247058113,0,NS
Training_Young,ISCA2,20.265886573737443,-0.1287042824799407,0.6368906679908236,0.8637926618894658,0,NS
Training_Young,MTDH,19.295845250216978,0.285233817974877,0.10955469412735024,0.2973165192229702,0,NS
Training_Young,KTN1,17.02473201559566,0.28031467948746425,0.3022417560938453,0.48657842612304425,0,NS
Training_Young,NLRX1,18.450075247872164,-0.05675565213751454,0.8410817654330629,0.9762864943249834,0,NS
Training_Young,ALYREF,17.55811832043281,-0.04593084782830914,0.903916772096241,0.9883848862046634,0,NS
Training_Young,MDP1,17.066892034429284,-0.00581446888717351,0.9898257793944072,0.9998401077175492,0,NS
Training_Young,SLC25A42,17.011748280395793,-0.3609361809109189,0.8290903646661387,0.8461601437825822,0,NS
Training_Young,NRAP,21.547399091839893,0.3020906023168983,0.46085248854348215,0.5923871224132722,0,NS
Training_Young,VPS36,16.701399528298925,-0.24638005799814877,0.410593585402586,0.6142938607104351,0,NS
Training_Young,CAND1,20.962324191609387,0.05749737325430715,0.8087090853642978,0.9699143054519346,0,NS
Training_Young,COMMD7,15.649765598617703,0.2980271805801351,0.5192367045978197,0.6322334039697872,0,NS
Training_Young,LDHD,19.08881876805161,0.0967445699464129,0.8679423276197821,0.967137614925077,0,NS
Training_Young,CARM1,17.895038935637217,0.08713033630936451,0.8202505080624335,0.9585427344256078,0,NS
Training_Young,NIT1,19.16514336993063,-0.02781384626197436,0.9268580888509396,0.9947642596644144,0,NS
Training_Young,NDUFA11,22.49639554437555,-0.06815273756959783,0.884473470828973,0.9791448225181636,0,NS
Training_Young,ECHDC2,18.288535730553846,-0.32972390723237766,0.13061731220135986,0.2688025523595193,0,NS
Training_Young,PHYKPL,16.45066800269256,0.39531934449127704,0.16844354440859768,0.24992366376899391,0,NS
Training_Young,MUSTN1,22.492588928499732,-0.07780237423433434,0.9160073067258896,0.9829221968730308,0,NS
Training_Young,NAXD,22.118641802937205,-0.2065365834819488,0.29128051683135275,0.5806265564430124,0,NS
Training_Young,MFN1,21.133019984780177,-0.4034360207949846,0.25524824095089266,0.31687307573966544,0,NS
Training_Young,SLC44A2,19.84409074576877,-0.11927910828506327,0.6790542340264012,0.8947672156212239,0,NS
Training_Young,HSCB,14.957030356357818,-0.0429287068919475,0.93764794338536706,0.992924053380208,0,NS
Training_Young,ADHFE1,21.118531260901392,-0.08443792771132053,0.8410817654330629,0.965347738871101,0,NS
Training_Young,UNC45B,22.536959287782313,0.23439994135830133,0.10609673817710176,0.3650341473080278,0,NS
Training_Young,MSRB3,16.97334939524807,-1.2052154780928035,0.0922439181680835,0.00424129536733469,-1,Down
Training_Young,KLHDC8B,21.523406228818228,0.23125775183231312,0.629396082364784,0.7652238520874938,0,NS
Training_Young,SUPV3L1,16.2234573870834,-0.220879982010743,0.7407370562500194,0.8549694239439732,0,NS
Training_Young,THNSL1,15.10766757597899,0.2489938369885127,0.7725485293284079,0.8567860143636323,0,NS
Training_Young,PM20D2,18.999376348999732,0.09957743531922958,0.8523084567730498,0.9616917641652876,0,NS
Training_Young,MICU2,17.33497881413305,-0.5504438482515575,0.04308514083887851,0.03646055737608928,-1,Down
Training_Young,ELMOD2,14.256273444928349,-0.3808190851440969,0.6561098431733848,0.6721998245926726,0,NS
Training_Young,ALDH16A1,17.829684084987893,-0.26333005356134365,0.768827230428222,0.8453558964341205,0,NS
Training_Young,FAM185A,15.17532546360237,-0.8720945300656151,0.1292453375235782,0.03041012900850238,-1,Down
Training_Young,ADSS1,25.11775293306255,-0.06295823771333886,0.6905039147627542,0.945271122582532,0,NS
Training_Young,NDUFAF2,16.997148312692637,-0.2399981719186286,0.4769632429852337,0.6683003642116826,0,NS
Training_Young,LRRC47,22.210156147393988,-0.0622694464676421,0.699951008688878,0.9481449493522685,0,NS
Training_Young,GPD1L,25.860176321154334,-0.07052917072007858,0.5414237848047101,0.9021575476725644,0,NS
Training_Young,EHBP1L1,19.865869848950258,0.34196463688211054,0.02955654822471655,0.10053674588268996,0,NS
Training_Young,CMYA5,25.282240817663553,-0.04113732937356929,0.8433518866572948,0.9833214421301724,0,NS
Training_Young,TXLNB,21.221025944489043,0.04630870978158441,0.7725485293284079,0.9716863139416938,0,NS
Training_Young,SYNPO,19.298464194026774,-0.214695671375015,0.5525144849204128,0.7368589538657107,0,NS
Training_Young,TOMM5,18.85927689113182,-0.14312867592743928,0.6825028636502559,0.8762774562280092,0,NS
Training_Young,CHCHD4,17.255753118599042,0.21116729524316824,0.5192604523639783,0.7231164185605082,0,NS
Training_Young,CBR4,20.594466369181976,0.02014224657763819,0.9559553811753172,0.9978149375298786,0,NS
Training_Young,MMGT1,15.626842569079848,0.22831605932451993,0.4469526666011853,0.6649332777534083,0,NS
Training_Young,SMIM20,19.485004540474208,-0.1330453485807297,0.6897466936573154,0.8876239955574102,0,NS
Training_Young,CISD2,17.923520735528164,0.09897999034534875,0.7693420528084237,0.9392364265839084,0,NS
Training_Young,ATPAF2,17.62793897351076,-0.34595453889206595,0.2968350982263038,0.40632898409385887,0,NS
Training_Young,JAGN1,22.141882089837036,-0.13463736602740894,0.6826625130350025,0.883530598493769,0,NS
Training_Young,MRPL50,17.077853901221317,0.01913003967045057,0.9774123108727572,0.9987958706620376,0,NS
Training_Young,EMC1,17.09387191621884,-0.12966165392426632,0.7050953918242108,0.897529001748514,0,NS
Training_Young,PTGR2,23.231581329435357,-0.31893076721230784,0.07741851831646447,0.20301419387958144,0,NS
Training_Young,SMYD1,23.7567550452528,-0.06781693994672011,0.8566782427042329,0.974556322662624,0,NS
Training_Young,NHLRC2,20.094220811159737,0.3012407661838985,0.08977686343233131,0.2508009042848186,0,NS
Training_Young,RDH13,17.30282173949789,0.08999879108120723,0.8405501812065259,0.9618425740905798,0,NS
Training_Young,TXNDC5,17.277657295478964,0.30720449017670504,0.04378979301179629,0.16054025640592445,0,NS
Training_Young,ATAD1,19.03111070076528,-0.03423471307481662,0.8859087477923485,0.9896301392605896,0,NS
Training_Young,SCCPDH,22.25321833582995,0.06816515616349506,0.6538348613075705,0.9303229064660468,0,NS
Training_Young,SERBP1,19.167044382054986,-0.21930483790704255,0.3022417560938453,0.5702229573386014,0,NS
Training_Young,FAM98A,18.095915032118317,0.336499607159098,0.24781441678591873,0.3766668556682208,0,NS
Training_Young,PDPR,16.267084261515183,-0.30314408656036207,0.33796517570534473,0.4899881912514448,0,NS
Training_Young,NAXE,23.233099734082252,-0.02372740255488636,0.8678794050203039,0.9918020519875624,0,NS
Training_Young,NPEPL1,20.483905065837316,0.12136569125253516,0.7100608733043158,0.906762345481895,0,NS
Training_Young,ADPRHL1,24.078411282745847,0.09677070101958662,0.6593146395411326,0.906286912979928,0,NS
Training_Young,CHDH,16.118617572841742,-0.4592711476038893,0.2877911690223221,0.295825335284102,0,NS
Training_Young,ABCF1,18.99507072783391,-0.01684127543321523,0.9508786076739358,0.9979213696525177,0,NS
Training_Young,MCU,20.896719535932224,-0.26982303606108715,0.2650406568352933,0.471760657218772,0,NS
Training_Young,ABHD11,17.924709362864995,0.12215672766708964,0.7664467633580636,0.9235327145853434,0,NS
Training_Young,ATL2,17.926489314007583,-0.24501894928698675,0.4465706236835704,0.6429613126125534,0,NS
Training_Young,PPTC7,18.42936855617289,-0.10878901199723856,0.8362505449369169,0.952692056163532,0,NS
Training_Young,COQ8A,24.679971071359816,-0.10410597634569284,0.5354361801355689,0.8566399805444658,0,NS
Training_Young,NPLOC4,19.53116972157277,0.0753966415506433,0.6483752585582984,0.9216788392424712,0,NS
Training_Young,SPATA20,17.400529923276345,-0.20170489568765504,0.8246391507420786,0.9090779123436676,0,NS
Training_Young,NUBPL,18.988675084240164,-0.2891359645279543,0.5856721727838836,0.6870668711995825,0,NS
Training_Young,DEPTOR,21.503737980903978,-0.0479655683953446,0.8851590561452026,0.9853828532138136,0,NS
Training_Young,RDH11,16.557221623079904,0.2759081815056028,0.6030885655706947,0.7118823954766291,0,NS
Training_Young,LRRC20,24.143566360854415,-0.3304963289432763,0.02032410402944645,0.08423499350463029,0,NS
Training_Young,NT5C,18.039461494280637,-0.23825266914947815,0.3452598041394437,0.5750680483170303,0,NS
Training_Young,PNPT1,18.252592970258934,0.11590619559738612,0.5992383369569237,0.8656217464426651,0,NS
Training_Young,SPPL2A,18.622068922517965,-0.09730442622254289,0.7861668106310017,0.9437194326939344,0,NS
Training_Young,PREX1,14.926568478678217,-0.588610314177334,0.07741851831646447,0.0531463958304192,0,NS
Training_Young,NEK9,16.776475199192255,0.488470131129791,0.09700332784479657,0.11333373903506291,0,NS
Training_Young,GPT2,15.300539360276796,1.8669173782493953,0.1263013910817141,5.305917689399384e-4,1,Up
Training_Young,MYOZ3,19.370333665169422,0.04074416724168728,0.9446451415395728,0.9939445232772448,0,NS
Training_Young,NEK7,20.651367702228157,-0.13688989040603872,0.45952832024133194,0.788127214806783,0,NS
Training_Young,DTD1,16.189710754739952,0.08158644108425861,0.8169053289246532,0.9606935255809482,0,NS
Training_Young,UTP15,26.74929664352296,-1.1256343182835344,0.06178401705401119,0.0023310715012665,-1,Down
Training_Young,SETD7,20.600199841778156,0.1398796347182696,0.3973563444461322,0.7519983704890796,0,NS
Training_Young,NUP133,18.95949569971599,-0.06869023399736562,0.9209625511329792,0.985875265261539,0,NS
Training_Young,PDCD6IP,20.50287122259058,0.06037305801856973,0.6561098431733848,0.9393026503831964,0,NS
Training_Young,THEM6,16.532545610896733,-0.13282589351480567,0.6813126419369223,0.8841545786973828,0,NS
Training_Young,SMIM4,17.342509068457172,0.08786226889879245,0.7888977190378715,0.9497643714054822,0,NS
Training_Young,NUDCD2,18.714481218809773,-0.00231466075419461,0.9950658038459508,0.9999632213513204,0,NS
Training_Young,SCFD1,16.3030802137747,0.1114643408004028,0.7031021569579686,0.9104638577667222,0,NS
Training_Young,PCNP,16.45602316893636,-0.12509899886116216,0.7997350073139597,0.9326254538268852,0,NS
Training_Young,DNAJA4,19.690798864176628,0.4572020477010348,0.08095169981061932,0.10882185207153296,0,NS
Training_Young,SPRYD4,19.91891049039138,0.2087041083848682,0.4465747175383031,0.6871675168516709,0,NS
Training_Young,RTN4IP1,18.32395437229764,0.25755429292440013,0.5525144849204128,0.6942653213040992,0,NS
Training_Young,PALLD,19.63661388328596,0.04085699187597313,0.9309485251494806,0.9927378970197042,0,NS
Training_Young,SYNE2,17.929679609839322,-0.3882765707203397,0.05433866704137119,0.11366807443885196,0,NS
Training_Young,THAP4,21.934883663780557,0.14867990499616468,0.5525144849204128,0.8101288700376581,0,NS
Training_Young,IFT81,22.267649476816526,-1.46202803360082,0.00400686070741891,2.0564670373764187e-7,-1,Down
Training_Young,TTN,26.173236593363615,-0.10018960615150974,0.8722051357888663,0.966883677261243,0,NS
Training_Young,DDX1,21.122165288038637,0.23688613069850464,0.07068767473915255,0.29404661043689934,0,NS
Training_Young,HSD17B8,20.471552615208157,0.02115558833614628,0.948556237659863,0.9971658179600784,0,NS
Training_Young,CPT1B,23.369180714369236,-0.2263717535558456,0.2571303393726636,0.5275044730252842,0,NS
Training_Young,PSMF1,20.857415116637853,0.16275403124501864,0.3484302842727923,0.6874062850370029,0,NS
Training_Young,UBXN4,16.056706014323495,0.06725631355410577,0.8410817654330629,0.9722641730648957,0,NS
Training_Young,HSPH1,23.360046366018953,-0.9469255385633382,0.6771569665480791,0.40646004629864874,0,NS
Training_Young,MYO18A,19.69973455837782,0.20541294093488816,0.5440513551922063,0.7423484647578177,0,NS
Training_Young,GCN1,17.059956646117673,0.29049907534172803,0.31484811492120096,0.4865076305430821,0,NS
Training_Young,SGCD,21.382338729505584,-0.19397008278701475,0.1564150363021263,0.49472522757580456,0,NS
Training_Young,AKAP1,16.435813972472452,-0.18063977330445624,0.6538348613075705,0.8259994669723537,0,NS
Training_Young,RABGGTA,18.060787184580818,-0.03280160533439513,0.8911992823586087,0.990773508963781,0,NS
Training_Young,TFG,21.149479974453687,0.19594181063431293,0.255481013232441,0.5726635792164892,0,NS
Training_Young,ARPC1A,18.19390311046805,0.02201742121595984,0.9268580888509396,0.9958638589720756,0,NS
Training_Young,P3H4,22.45063208325724,-0.4199377052420558,0.2650406568352933,0.3106298496311453,0,NS
Training_Young,DDX17,19.932280489770505,-0.01505372085946277,0.948556237659863,0.9978921551890012,0,NS
Training_Young,CELF1,16.364969746384364,-0.26714572754676524,0.3303127972088819,0.5263697410822035,0,NS
Training_Young,UFD1,20.25991120896123,0.09571461966362448,0.7517362043105136,0.9366135586957725,0,NS
Training_Young,RPL3L,17.786456184069397,0.11101936202160444,0.8292102613964176,0.9502374391301548,0,NS
Training_Young,COPS5,21.200692963770333,-0.03039880765522795,0.8899675724977996,0.9911494913906864,0,NS
Training_Young,KHSRP,17.5781530877667,-0.13717915631944777,0.5525144849204128,0.8219968456589147,0,NS
Training_Young,GCDH,19.397629150146404,0.01996589803128046,0.9507432301523652,0.9974857835727692,0,NS
Training_Young,TNPO1,16.658258627346274,0.16477916749085963,0.3141148019027292,0.6638802158958251,0,NS
Training_Young,USP13,16.8278509504232,-0.10012292337400552,0.8395571948422579,0.9571114692018023,0,NS
Training_Young,USP9X,17.732476557902142,0.4157075664724701,0.00719711080919583,0.01817809774148177,1,Up
Training_Young,CUL5,22.44311966987605,-0.06459130035242922,0.6590696932902977,0.9362370550508068,0,NS
Training_Young,LPP,16.933354135240258,-0.04756877690299888,0.8673260450499619,0.9835752365711498,0,NS
Training_Young,ATP2A3,27.838939316261765,0.08182778963054105,0.8211496036915318,0.961385724741866,0,NS
Training_Young,PHKB,22.37317481174377,0.12879156086354726,0.4835820068290101,0.8082069931851352,0,NS
Training_Young,UBE2F,17.252777050224566,0.22468265372465268,0.6918686301967615,0.8195472919716387,0,NS
Training_Young,RPL36AL,20.386456931152985,0.1016276623163712,0.7517362043105136,0.9328906070599084,0,NS
Training_Young,WBP2,19.54148899042856,-0.38251687716740435,0.01250678574575939,0.03381560208670628,-1,Down
Training_Young,ERGIC1,17.560313318847733,0.12043100524346428,0.7618635476587806,0.9234358530811484,0,NS
Training_Young,MTARC2,17.822203582399073,-0.01746594249636501,0.948556237659863,0.9976391127447304,0,NS
Training_Young,FAM162A,22.908549696268423,0.10966627570747534,0.5916635682303034,0.8691000240146302,0,NS
Training_Young,CCDC47,16.290680218346953,-0.194704519720176,0.34030475423432677,0.6338547339642365,0,NS
Training_Young,TMEM230,18.460734920067104,0.1141685063886868,0.7002503780324841,0.9071927314929732,0,NS
Training_Young,ISOC2,21.873498457018545,0.12693545050822408,0.4019504168508054,0.7736366374417941,0,NS
Training_Young,FERMT2,19.31885885766713,0.00614739381939699,0.9855987183369828,0.9997444769762092,0,NS
Training_Young,FUBP1,18.10722557068226,-0.13461578778590422,0.4411618704816865,0.7810546941478581,0,NS
Training_Young,SLC25A46,17.032584174670244,0.879833574586268,0.01390786130811447,5.52885468554213e-4,1,Up
Training_Young,TMEM143,21.243776250343707,-0.49199093079829126,0.03250440754710849,0.03975115256353915,-1,Down
Training_Young,PBXIP1,24.169718086512695,0.04662007921847433,0.8099100136456148,0.9756941708460748,0,NS
Training_Young,PTER,15.961550589024265,0.6517662974355254,0.5346805461586119,0.3776369867023284,0,NS
Training_Young,ZBTB9,18.712345613504233,-0.1676125047954713,0.7125128356383448,0.8753304400373286,0,NS
Training_Young,FAM136A,18.93615565409932,-0.03884344564132647,0.9297789952690908,0.9929438345791824,0,NS
Training_Young,FGGY,20.990688560957977,-0.3299892066378689,0.6003494446326691,0.6639264179409893,0,NS
Training_Young,GALM,19.422802071055894,-0.09178185011041506,0.6621494785601736,0.9117450796366398,0,NS
Training_Young,DCPS,15.977401868523213,-0.19089527409634857,0.6952145176495989,0.8468071963047902,0,NS
Training_Young,PPP1R14B,17.874311925845074,0.3510167150556498,0.10885963578182432,0.22397468499489415,0,NS
Training_Young,ACSF2,20.05193842341908,-0.25189047121301655,0.2040270721121195,0.4458829263881565,0,NS
Training_Young,ISOC1,20.69064882120997,-0.4883446040998045,0.07875054320660135,0.08980602987138789,0,NS
Training_Young,CCDC124,18.11344749670642,0.233932891354673,0.2705719312097388,0.5255335339118186,0,NS
Training_Young,OPTN,17.554082433512985,0.02706912764444879,0.9359677304701765,0.9954130043303856,0,NS
Training_Young,AP2M1,17.517872810159595,0.3054208006523993,0.08098967429449544,0.2276248446173603,0,NS
Training_Young,KCTD12,17.10022331094002,-0.6456513824215016,0.3578854001832206,0.2365224121562947,0,NS
Training_Young,RMDN1,19.90077160015615,-0.01153218236065001,0.9624723596463288,0.9989691737835884,0,NS
Training_Young,ECHDC3,19.99965195538638,-0.23465360570775215,0.5831543228467067,0.735965889517022,0,NS
Training_Young,NUDT16,16.982734805061856,-0.36485714953449033,0.10259849397037034,0.20495419910461185,0,NS
Training_Young,CMBL,25.6533963129086,-0.1784202645079418,0.444013534317248,0.7225504750938689,0,NS
Training_Young,MSI2,19.689472902879373,0.00150102371738114,0.9962581958945316,0.9999872150395376,0,NS
Training_Young,MRPL38,16.735072910112873,-0.19373114266745972,0.4545439547435337,0.7109249716912132,0,NS
Training_Young,MRRF,17.58904791477933,-0.4680767150962773,0.08399603955994536,0.10888107748203606,0,NS
Training_Young,MRPL53,18.88864277849324,-0.3487095865498766,0.3947587480888912,0.48728565567254506,0,NS
Training_Young,DAZAP1,16.81003778252304,0.16179410434290986,0.916697914802721,0.96560861310844,0,NS
Training_Young,DNAJA3,17.343738541682296,-0.16251995795335716,0.6941006548200881,0.8669495445377113,0,NS
Training_Young,PTCD3,17.187802971013422,0.16243975700842483,0.5011435902225528,0.7714999309794709,0,NS
Training_Young,MMAB,16.571354529260198,-0.04804129008713787,0.8975794148534815,0.9871464675473598,0,NS
Training_Young,DYNLL2,19.01732821770432,-0.23212801334396715,0.5065440852533705,0.6931724463605106,0,NS
Training_Young,S100A16,17.465054030635635,0.3457774686675954,0.6725425671417067,0.7132068797384511,0,NS
Training_Young,SCRN2,20.07370944573096,-0.05724896389325096,0.8869191167329888,0.9829869223376704,0,NS
Training_Young,OTUB1,21.267798288559092,-0.02135248974558479,0.8902066127234485,0.9937928090340744,0,NS
Training_Young,CHMP6,15.828192985393995,0.07572521140421884,0.7933352975664001,0.9574108259673748,0,NS
Training_Young,PDXP,16.720279702294928,0.16292737354535092,0.728429433914807,0.8862085236443873,0,NS
Training_Young,DCUN1D1,17.242626014604095,0.07324207279164341,0.8122883611861683,0.9627946040187656,0,NS
Training_Young,FAHD2A,18.727910713021632,0.01041553034050579,0.9855987183369828,0.9995677594485308,0,NS
Training_Young,SNF8,17.171871830197833,0.09413380815895069,0.7664467633580636,0.94042057317165,0,NS
Training_Young,PDLIM5,27.460897314497444,-0.04043799833022987,0.8918930932912281,0.9886913683934964,0,NS
Training_Young,CRELD1,22.388981840301746,-0.1946213165476962,0.6956463078183129,0.8448585882058681,0,NS
Training_Young,ERO1A,16.542208626253903,0.17236853148320463,0.27115553812653476,0.6236295476039027,0,NS
Training_Young,AHCYL2,18.93485360187299,0.18896516915311423,0.1324450385477446,0.4739749238597143,0,NS
Training_Young,PGAM5,19.44481451977911,0.15493698476109685,0.6561098431733848,0.851570812369008,0,NS
Training_Young,DDRGK1,17.405475818326035,0.03420053569099224,0.8869191167329888,0.9897621311388678,0,NS
Training_Young,PYURF,19.275059929145986,-0.3447356164260853,0.44144611909581377,0.5316910913304614,0,NS
Training_Young,SUCLG2,20.689586222317445,-0.19021292583119376,0.5578172811053426,0.7671116421194343,0,NS
Training_Young,ABHD14B,22.654333500061284,-0.10530471376241124,0.5581800434501762,0.8637310939142135,0,NS
Training_Young,NGLY1,17.280915131113993,0.1416797576828941,0.570208231812657,0.826090146963271,0,NS
Training_Young,TMX3,18.246778544992996,-0.22051377052398635,0.8566782427042329,0.9227470433326972,0,NS
Training_Young,BTF3L4,20.160085685495233,0.12295409464681128,0.3509523688674477,0.7549813335324985,0,NS
Training_Young,USP47,18.23975399595067,0.07075056751635955,0.8122883611861683,0.9640351256149088,0,NS
Training_Young,CNDP2,19.061230765117145,0.11095119516414442,0.5414237848047101,0.8502007255195274,0,NS
Training_Young,ALPK3,18.21403502602703,0.05230451839154781,0.8851590561452026,0.9840719222578984,0,NS
Training_Young,STAC3,24.673159665963215,-0.0816115957446506,0.7978081043025649,0.955171861665249,0,NS
Training_Young,COQ10A,21.842878577080555,-0.2676156880058471,0.3089719832064399,0.5101169525570511,0,NS
Training_Young,JSRP1,23.98864413420542,0.06776557520825577,0.7161968899577509,0.948449630707698,0,NS
Training_Young,MCEE,20.049187011085973,0.16247339515228276,0.8332735435943703,0.9294517581874192,0,NS
Training_Young,QKI,17.517966771034306,-0.07344330813745259,0.884473470828973,0.9775235815459946,0,NS
Training_Young,PLIN4,24.54496052047188,-0.3089699350143107,0.08157842814785278,0.22511804634396504,0,NS
Training_Young,ALKBH3,13.886234083199248,NA,NA,NA,0,NS
Training_Young,VPS35,17.904672179875494,0.07060422180147796,0.7392033596325835,0.9507677640847196,0,NS
Training_Young,PURB,16.766215406355126,0.14578199329304908,0.7050953918242108,0.8853311186265739,0,NS
Training_Young,BBS4,22.762804491797244,-0.09196212727848874,0.8007937180849245,0.950190593213054,0,NS
Training_Young,VPS13A,17.220071536422548,-0.3317658776039494,0.7168792969383271,0.7726402123598012,0,NS
Training_Young,GFM1,19.480501898388287,-0.1957842139875048,0.3851916396174154,0.6628414730440128,0,NS
Training_Young,MCCC1,18.752899663578553,-0.14242370594920573,0.6418760823866736,0.8530797807614425,0,NS
Training_Young,METTL26,19.37384124667105,-0.10553165890459226,0.6956463078183129,0.9126308010332834,0,NS
Training_Young,CLCC1,16.908359464068397,-0.11938499125583846,0.6771569665480791,0.8919406760620953,0,NS
Training_Young,PEBP4,17.950016249048826,-0.6082935781301799,0.07014274328409922,0.04239943484014704,-1,Down
Training_Young,PLEKHF1,17.257311554116505,-0.807962230453775,0.00420567899030973,2.4532615410314407e-4,-1,Down
Training_Young,MYCBP,15.887246534050508,-0.16893847928089123,0.4813860534834948,0.7552601699228868,0,NS
Training_Young,TBCB,19.281198117207285,0.2415885143473986,0.1135043408395186,0.3632429879318467,0,NS
Training_Young,PSMB7,22.209674700707488,0.13550076427825886,0.3802095434651765,0.7484234612023317,0,NS
Training_Young,PCYT2,16.550513253002546,-0.08741405809275804,0.7932978459377578,0.9508118916863458,0,NS
Training_Young,PSMD1,21.340462414073375,0.15526508443651466,0.2146303660242985,0.6155053413322841,0,NS
Training_Young,PFDN5,20.09902777435093,-0.2567581181598513,0.07068767473915255,0.2663402526779712,0,NS
Training_Young,PAFAH2,20.954102392488146,-0.01655208617194858,0.9559553811753172,0.9982297181633044,0,NS
Training_Young,PARK7,26.927999499529815,0.00905661887009401,0.9559553811753172,0.998992559157204,0,NS
Training_Young,VAT1,19.137068331521665,0.24306852769202436,0.14442111678434796,0.39777270714682966,0,NS
Training_Young,PLIN2,22.543197780130804,0.15364368889846247,0.7909452127753377,0.9145014283819648,0,NS
Training_Young,S100A13,22.81081717988349,1.1135779265197847,0.00341349686668494,5.786981217166938e-6,1,Up
Training_Young,TSNAX,17.39279624386738,-0.09085997354589637,0.8153045131904091,0.9556654874265056,0,NS
Training_Young,EIF3C,23.90657973523368,0.15991914265695684,0.3768414557622781,0.7075178698583922,0,NS
Training_Young,PHB2,24.495168142668156,-0.05668309357178103,0.7267609241368127,0.9585090779325692,0,NS
Training_Young,COPS8,22.534632160204744,-0.02589365882843353,0.8980989867882625,0.9931094156344192,0,NS
Training_Young,SDHC,23.293750088267466,0.11105336598842186,0.820468231965593,0.947672128022522,0,NS
Training_Young,CHP1,18.574958425693048,-0.1568187920296289,0.4465706236835704,0.7535613341725172,0,NS
Training_Young,HSD17B10,21.51633182237144,0.05511290588263762,0.7953517297919417,0.9691425296557208,0,NS
Training_Young,NAP1L4,22.301728694237532,-0.03132438189581066,0.8410817654330629,0.9868081744627554,0,NS
Training_Young,MGST2,19.709016248311425,0.05806303682009783,0.8751810152317134,0.9810142515350484,0,NS
Training_Young,TXN2,19.58954751671259,-0.07903800115317594,0.711814402392265,0.9389574352970812,0,NS
Training_Young,DMAC2L,18.810291942178775,-0.02319973719718149,0.9508786076739358,0.9971360799966236,0,NS
Training_Young,ACO2,26.935516301194475,0.038670625144956,0.8150642646373657,0.9804799833373192,0,NS
Training_Young,COQ7,22.68212854585426,-0.11773322898978478,0.3512250830187446,0.7658711875840158,0,NS
Training_Young,SLC29A1,16.794978816916203,0.00787288026656085,0.9858309326402444,0.9997208880950892,0,NS
Training_Young,TSG101,17.731046717344583,0.20847594429771377,0.2523481291764149,0.5490398117421861,0,NS
Training_Young,CPNE1,18.184388333373548,-0.27777800700075517,0.13993102618822523,0.3435985941254537,0,NS
Training_Young,CCT7,22.557665076342747,0.20867272562203,0.04308514083887851,0.2844714481546139,0,NS
Training_Young,PRMT1,18.78573337285874,0.135178011147719,0.4250331712083696,0.7719902548448642,0,NS
Training_Young,NIPSNAP1,20.43957388366637,-0.24804654594330344,0.6561098431733848,0.7731231693116284,0,NS
Training_Young,ARPC5L,18.926994213127134,-0.10989869627038472,0.8782107905376813,0.9651827076937272,0,NS
Training_Young,MICU1,18.5544755260856,0.03801191879301413,0.941804557003198,0.9940667179212342,0,NS
Training_Young,MACROD1,24.70383150484715,-0.1854920296087954,0.19565807247550904,0.5451465280131983,0,NS
Training_Young,WDR77,18.831561343882797,0.03565589470196784,0.8975794148534815,0.9904401772120248,0,NS
Training_Young,APOL2,17.324189711880987,0.3440672257731521,0.24584903032907532,0.3644807441283361,0,NS
Training_Young,FYCO1,19.390795280711437,0.2026977275614996,0.4634629537286776,0.7047394191654904,0,NS
Training_Young,JPH2,20.62861637170192,-0.3536413774520035,0.01624644875226467,0.06209488620503112,0,NS
Training_Young,CORO1B,14.465410292220438,-0.13418754227846463,0.8926660620447899,0.9631480180805114,0,NS
Training_Young,TXNDC17,20.50629109751645,0.03853782882134382,0.8224251638913707,0.9817140169760176,0,NS
Training_Young,PLCD4,20.974672992121267,-0.00989458910141394,0.958940320261469,0.999068644106951,0,NS
Training_Young,CPPED1,18.83083857492034,0.2822501204985173,0.56099569087847,0.677250476575355,0,NS
Training_Young,VPS25,19.52070192649142,0.02793471746412379,0.9297004007493924,0.9949033278652948,0,NS
Training_Young,MIEN1,20.833433868332357,-0.10007736491760257,0.7861668106310017,0.9422093638728698,0,NS
Training_Young,PELO,16.527114249307974,0.04446664520437338,0.9093114295736556,0.9895682618459564,0,NS
Training_Young,PRXL2A,20.249483110619387,-0.15289681410985523,0.6692429939973005,0.860197657088922,0,NS
Training_Young,ERP44,18.986271397616953,0.04366934332558259,0.948556237659863,0.9940099250548016,0,NS
Training_Young,LXN,15.065319099510996,NA,NA,NA,0,NS
Training_Young,NIPSNAP3B,23.140451248140874,9.462631208769778e-4,0.997182864446081,0.999994784932303,0,NS
Training_Young,NTPCR,17.710610054977586,0.2448900484287897,0.3931964886246436,0.6022511066922365,0,NS
Training_Young,AGMAT,20.87449518587789,0.19284808433216227,0.7693420528084237,0.8847913769477728,0,NS
Training_Young,TACO1,19.325050350225705,-0.19037586615758428,0.4545439547435337,0.7151901699919412,0,NS
Training_Young,ESYT1,22.518366488718303,0.02211070603133791,0.9507432301523652,0.9971871933588248,0,NS
Training_Young,UBAC1,21.06450010453897,0.10210289730218848,0.5776032328104777,0.8735269304142246,0,NS
Training_Young,COPS4,21.194724038145253,0.01610163355053373,0.9065546483914816,0.9960679694079776,0,NS
Training_Young,DCTN5,15.266472586241845,0.5441902993600074,0.03580875013025868,0.0302836654863654,1,Up
Training_Young,AARSD1,17.161111374784177,-0.02675620451866933,0.948556237659863,0.996339798493158,0,NS
Training_Young,TMEM43,20.84832894186251,0.30020936935414966,0.15016800390716048,0.32813588778587605,0,NS
Training_Young,DHRS4,18.802002372091327,0.1109851007863476,0.8100669046632235,0.9431933289490276,0,NS
Training_Young,TMEM70,20.549683281639652,0.29104600632409117,0.3824579073986454,0.538499538835347,0,NS
Training_Young,TUBB6,18.671508000605208,0.47595451811791634,0.02973732565969762,0.04144044475563358,1,Up
Training_Young,CHCHD7,18.360870290112963,-0.29232061968294687,0.255481013232441,0.43577945781584143,0,NS
Training_Young,APOO,22.584046267545663,-0.08973231675413018,0.6561098431733848,0.9111618493407276,0,NS
Training_Young,MRI1,15.529690125818693,-0.14546407268007933,0.8292102613964176,0.9352102910585348,0,NS
Training_Young,ABHD6,20.01901028919857,0.07803969090467788,0.8153045131904091,0.9618943382239608,0,NS
Training_Young,ADI1,19.26215495601485,0.11615409435519553,0.8463311833797484,0.954257435937274,0,NS
Training_Young,MECR,21.14887001634809,-0.02581478102935364,0.9179914960876072,0.994509589080752,0,NS
Training_Young,NTMT1,16.916862824482386,-0.09218778756864054,0.8202505080624335,0.95625215526707,0,NS
Training_Young,TMEM109,21.454228112319537,-0.1562454230931074,0.4567438315271819,0.7608057479177879,0,NS
Training_Young,TMED9,20.760944671626017,0.2034679475375718,0.43025999093753264,0.6803689373201026,0,NS
Training_Young,TIMM21,18.185886251581756,-0.07082777468204426,0.8202505080624335,0.9662402920524336,0,NS
Training_Young,TPPP3,21.008465281012754,0.29703619120926206,0.5525144849204128,0.6578976376374412,0,NS
Training_Young,NUDT9,16.130412548431345,-0.06749964758391869,0.8045208356597896,0.9640556304201152,0,NS
Training_Young,FUNDC2,24.403766875042813,-0.01539956408124965,0.9453790780737552,0.9977573963725876,0,NS
Training_Young,SORBS1,18.147099603759507,-0.8111687691646168,0.14831413808885602,0.04782528856069423,-1,Down
Training_Young,HINT2,21.789343280024244,-0.2075625641720258,0.5027781627143743,0.7188906395575342,0,NS
Training_Young,OSBPL11,14.366571439468842,0.1312780917884151,0.7786573176103656,0.9231431052480616,0,NS
Training_Young,NT5C1A,23.024289211987305,0.20659406967129,0.5776032328104777,0.760918964194316,0,NS
Training_Young,TMEM120A,15.201243208531707,-0.3443481880583583,0.7100608733043158,0.7577063465075683,0,NS
Training_Young,NAA15,18.3818952966093,0.15710318809586354,0.8153045131904091,0.9249453313937284,0,NS
Training_Young,BCL2L13,22.172918741399027,0.01094613537656741,0.9507432301523652,0.998602644345184,0,NS
Training_Young,AP1M1,19.579606234035293,0.4416213972038996,0.04153485591768076,0.06560458541181437,0,NS
Training_Young,OSBPL1A,17.431557739222697,-0.05351588045187938,0.7909452127753377,0.9693425934111806,0,NS
Training_Young,HDHD5,20.251218857422543,0.0177356757575211,0.9577134270827784,0.9982261982120983,0,NS
Training_Young,EIF2A,16.76552346949781,0.01826701148301524,0.9534464480261396,0.9978953065913106,0,NS
Training_Young,MRPL13,19.136308482616492,-0.06853576868445188,0.8421792556475731,0.9721542064940056,0,NS
Training_Young,MRPL9,17.02843491364723,-0.17985955969984602,0.7351385603945699,0.8779917923325425,0,NS
Training_Young,MRPL4,20.27050228064463,0.12839552428954804,0.8907128901886522,0.9637540134834048,0,NS
Training_Young,MRPL1,17.997511813999157,0.04650060699553648,0.8907128901886522,0.98663855530878,0,NS
Training_Young,NLN,17.196822974238245,0.2542721382010633,0.45952832024133194,0.6429029661014168,0,NS
Training_Young,TRIM54,20.87379248361524,-0.19780745107949116,0.3962733873473811,0.6671972899286672,0,NS
Training_Young,BCO2,17.18349945963785,0.21479991876769233,0.771412204201531,0.8739178861577654,0,NS
Training_Young,MRPL37,20.88474360217528,-0.36666850436588305,0.2757282797850338,0.3704652326159276,0,NS
Training_Young,ASPSCR1,17.551152605101933,-0.2709759677310508,0.30088997941192885,0.4966789746459246,0,NS
Training_Young,UBL5,21.782322491163345,-0.2488437184955714,0.1292453375235782,0.36931317951648185,0,NS
Training_Young,NIBAN1,19.966865332079156,-0.44252307588059026,0.04378979301179629,0.07108379550835425,0,NS
Training_Young,UBXN6,17.72574271638029,0.00579282249092116,0.9859166349006676,0.9998009392379418,0,NS
Training_Young,UBE2O,14.379882866360608,NA,NA,NA,0,NS
Training_Young,LNPK,18.71076459690468,0.08117263539546471,0.6826625130350025,0.9282813071125786,0,NS
Training_Young,PITHD1,18.468988101880942,-0.07531515852338799,0.8679423276197821,0.9743431490975668,0,NS
Training_Young,SLIRP,18.374593423894822,0.09035293130092724,0.7344786412870256,0.9365272438902515,0,NS
Training_Young,NIF3L1,20.24785208231937,-0.2342216486334543,0.08977686343233131,0.34203687992211,0,NS
Training_Young,EGLN1,15.44877590151068,0.05640595504059753,0.9298832496247048,0.989864949236124,0,NS
Training_Young,ANKRD2,26.50830545615589,0.520332701076228,0.09876457646795794,0.10074127140447596,0,NS
Training_Young,NAA50,19.542025232635165,0.19320202604667713,0.1950166386849952,0.5306983964262367,0,NS
Training_Young,TMEM126A,19.95148106345139,-0.10438184180865662,0.6418760823866736,0.8900218528810749,0,NS
Training_Young,PAIP1,16.814074910113817,-0.09267382932369016,0.6790542340264012,0.9172226738853336,0,NS
Training_Young,CLPB,16.32196607539576,0.10767243991507414,0.8089553313149186,0.9445021771849942,0,NS
Training_Young,TOLLIP,21.71249467614214,-0.03764994073843653,0.8566782427042329,0.9861525801454544,0,NS
Training_Young,PCBD2,23.143535409179528,-0.20747116423616777,0.10143660854782126,0.4041371136230299,0,NS
Training_Young,NT5C3A,23.68083531066749,-0.00495970694179703,0.981099911727634,0.9997300935222354,0,NS
Training_Young,HDHD2,19.736378573140655,-0.1325826808377002,0.3973563444461322,0.7633380314115685,0,NS
Training_Young,RAB1B,24.24972183642771,0.16149923665540555,0.4844395260201746,0.7660299018157436,0,NS
Training_Young,C11orf54,22.241832380746,-0.17286128048906946,0.2885219725765777,0.6329781765102463,0,NS
Training_Young,NUCKS1,21.383087634182537,-0.1488362804014507,0.32356083047343936,0.6961607501308152,0,NS
Training_Young,TMX4,18.780996631574055,-0.09480156850783315,0.6409866564007684,0.8990880140280814,0,NS
Training_Young,MYLK2,21.899748497052567,-0.5063874974284985,0.08662481486865325,0.09471074317044284,0,NS
Training_Young,EHD4,16.539758981444674,-0.1929032270384603,0.683460175387969,0.8384819988417688,0,NS
Training_Young,SH3BGRL3,19.969108603251637,-0.01805668070111465,0.9559553811753172,0.9980111585759868,0,NS
Training_Young,SLK,17.123853331852764,0.2501463789483367,0.3263198308053517,0.5461688822292382,0,NS
Training_Young,PPIL3,19.486759735834102,0.14124487017969756,0.6905039147627542,0.8815632399080745,0,NS
Training_Young,LRMDA,24.286429598218575,0.11812781298804964,0.6629379532520965,0.8884521077292287,0,NS
Training_Young,TNMD,24.29321148299463,-0.02245874433755901,0.9507432301523652,0.997158926150218,0,NS
Training_Young,PPA2,20.9359455437982,-0.00464838163263436,0.9858309326402444,0.999826386814358,0,NS
Training_Young,MRPL46,16.8656713222424,-0.1690022122902768,0.5875038065240914,0.803717596210775,0,NS
Training_Young,TMEM245,21.4090258905258,0.09132672581234402,0.8566782427042329,0.966801005817232,0,NS
Training_Young,C11orf68,18.74212851293333,0.01261229169877253,0.9693607892528484,0.9990497931008032,0,NS
Training_Young,GHITM,19.439706035503068,-0.04424832330279216,0.862755127962477,0.984431770142417,0,NS
Training_Young,BOLA2,18.97496843970118,0.3765635507681999,0.06665295407779838,0.1377019547156747,0,NS
Training_Young,TMX1,18.38582523766034,0.09189448014949876,0.6916302813310073,0.9214647546159156,0,NS
Training_Young,CHMP4B,20.517522333408444,0.09597409922089284,0.6174409038038391,0.8921801365332539,0,NS
Training_Young,RBKS,17.886499316149507,-0.20310368478886787,0.43235528917137506,0.6819557604858224,0,NS
Training_Young,FN3K,21.65432535890463,-0.14750280114642322,0.3527165529061899,0.7167698470600827,0,NS
Training_Young,TOR1AIP2,15.889118371052048,0.04387140235739473,0.9559553811753172,0.9953335327880016,0,NS
Training_Young,RNPEP,20.65992432905237,-0.2681231600758629,0.10257271428671046,0.3116651859290826,0,NS
Training_Young,GLIPR2,15.947080117681985,0.4474901028182412,0.2765763392611887,0.2985268170315939,0,NS
Training_Young,EHD1,23.48634173966568,-0.00794715173040216,0.9657813059434642,0.9993282149666408,0,NS
Training_Young,TMEM38A,22.798256346582583,-0.10750707672159976,0.7289989955346531,0.9236198449211512,0,NS
Training_Young,OPA3,18.899688123542028,0.02058929296966027,0.9559553811753172,0.9978334024584112,0,NS
Training_Young,DCTPP1,17.880264418766043,-0.16225355086314508,0.7145879137260315,0.8799505322529297,0,NS
Training_Young,AAMDC,25.237238190807652,-0.33296783873574043,0.08453335138690385,0.2081205779221119,0,NS
Training_Young,PTGES2,22.17039009992156,0.03934084369727486,0.862568529949353,0.9860925688513774,0,NS
Training_Young,UBE2Z,16.842139256434567,0.13380246769801474,0.6320760333217228,0.8574601373224153,0,NS
Training_Young,ACAD9,17.910444100699962,-0.14672760211006874,0.6320760333217228,0.8448499534072157,0,NS
Training_Young,METTL7A,21.827171056927085,-0.247894358564956,0.2705719312097388,0.5061997235944289,0,NS
Training_Young,COQ10B,21.661421679918966,-0.16653285480710167,0.5936832920312937,0.808785969747568,0,NS
Training_Young,MOB1A,17.570222360387877,-0.0417755585825148,0.913738523139256,0.9905870805852056,0,NS
Training_Young,GORASP2,16.333463553359408,-0.0511541640975679,0.8045208356597896,0.9725987619748876,0,NS
Training_Young,JPT2,15.58737160500486,0.9004042549304074,0.04378979301179629,0.00466372750748472,1,Up
Training_Young,SYNPO2L,17.74520805840799,-0.4022233823339718,0.4469526666011853,0.486964096679266,0,NS
Training_Young,ARMT1,19.1285244543479,-0.13066576449989142,0.6711593383367772,0.8796668473708696,0,NS
Training_Young,LRRC40,14.2367184914811,-0.3683040794642487,0.6790542340264012,0.7096912675821347,0,NS
Training_Young,SFXN1,19.110773896262813,0.08950986972446273,0.6603989678127411,0.9133879004757982,0,NS
Training_Young,L2HGDH,21.17503649291731,-0.11287565296652248,0.6538348613075705,0.8878934368567848,0,NS
Training_Young,COPS7B,15.055358018193465,0.8265510157837817,0.13438575930472163,0.0394020873714667,1,Up
Training_Young,FN3KRP,19.395027560551497,-0.0785850164449009,0.916697914802721,0.9830737122438206,0,NS
Training_Young,TBC1D17,17.9865599391825,-0.08410019328109186,0.7234607226849902,0.9384234025217464,0,NS
Training_Young,CARS2,15.887797870563904,NA,NA,NA,0,NS
Training_Young,GRPEL1,17.06017310185173,0.13350710178715275,0.7100608733043158,0.8978840584488519,0,NS
Training_Young,CACYBP,19.990860466691668,0.19457418353259823,0.4465706236835704,0.7040756727246934,0,NS
Training_Young,RDH14,16.99654794310914,-0.06315790361768947,0.8153045131904091,0.9689349238803288,0,NS
Training_Young,PARVB,18.859326861915356,-0.1754008935234559,0.3959414045942868,0.6977175845474369,0,NS
Training_Young,TNS1,20.44488318099535,-0.25882625144653204,0.2473191900643348,0.4698093162905317,0,NS
Training_Young,PLGRKT,21.000795869461523,-0.26495578724944124,0.4349355989946249,0.6095321410417505,0,NS
Training_Young,GLOD4,21.78421581687677,-0.126361050860897,0.3089719832064399,0.7276949871014362,0,NS
Training_Young,MCCC2,17.392929827481293,-0.29181423734986467,0.41598605982382464,0.5654709959402395,0,NS
Training_Young,HHATL,23.13420986519725,-0.32433775303073276,0.16844354440859768,0.32036160412855674,0,NS
Training_Young,PREB,18.466295627455818,0.25070117972940764,0.19565807247550904,0.4402477583497922,0,NS
Training_Young,MRPL47,17.501481987123434,-0.3359810595183994,0.1137682823490185,0.24502945156886705,0,NS
Training_Young,JPH1,22.390804752228885,-0.11934834194216036,0.5346805461586119,0.8367752744674669,0,NS
Training_Young,APMAP,17.4642539052224,0.336901591718636,0.10257271428671046,0.2309629309179477,0,NS
Training_Young,TXNRD2,20.351153147623524,-0.08158762237932038,0.8099100136456148,0.9578010042226114,0,NS
Training_Young,RAB18,19.555413374264923,0.13803103166990738,0.3825634310422116,0.7462208305649275,0,NS
Training_Young,PALMD,17.184103322969147,0.10117804106319284,0.7145879137260315,0.9232221359273768,0,NS
Training_Young,SSU72,14.7512278528859,-0.935293450125803,6.84594237605936e-4,1.1555734105110852e-6,-1,Down
Training_Young,VTA1,19.18527008062651,0.01370116601886906,0.9508786076739358,0.9983109837440396,0,NS
Training_Young,SARS2,17.742940399680084,0.11259770705482453,0.6692429939973005,0.8949467869627,0,NS
Training_Young,DYNLRB1,17.918302919378313,0.08438983879956297,0.7667909472120573,0.9466867458722444,0,NS
Training_Young,MYOZ1,22.845612661761617,-0.5569725356626449,0.5525144849204128,0.4554128489550136,0,NS
Training_Young,MYOZ2,20.46894607836752,-0.5781176568224637,0.4992764234598993,0.3951850841857612,0,NS
Training_Young,OSGEP,16.796508041149746,-0.03800453266296699,0.903916772096241,0.9903703664353476,0,NS
Training_Young,ACOT13,22.531531272992183,0.0161785212740213,0.948556237659863,0.9978419961617156,0,NS
Training_Young,MRPL40,16.66041826919611,0.02148084398055161,0.9559553811753172,0.9977084852827052,0,NS
Training_Young,TIGAR,15.451088837027768,0.2258769569101844,0.7263903568246846,0.8443158386403953,0,NS
Training_Young,RTN4,25.85355478758749,-0.007628464374136,0.9682074623428756,0.9993933084501588,0,NS
Training_Young,HINT3,19.024046332989965,-0.21701711950621316,0.5414237848047101,0.7280113865659096,0,NS
Training_Young,PFDN4,17.970851816670464,0.05413342409691424,0.8153045131904091,0.973497735683954,0,NS
Training_Young,NIT2,20.19978337352846,-0.00458774567066555,0.980384035171067,0.999738443457835,0,NS
Training_Young,XPNPEP1,18.221809352669712,0.04852319783723757,0.8033705180118089,0.973584539299129,0,NS
Training_Young,GPHN,15.911301688483771,-0.08227465755543584,0.8107175067886125,0.9579427307030498,0,NS
Training_Young,PDLIM7,21.98674286553946,-0.367054140901228,0.4666227397684053,0.5325875920017662,0,NS
Training_Young,ACSS2,17.600207788625372,-0.29764213944965334,0.04442737384820851,0.17161376140740134,0,NS
Training_Young,DIABLO,20.18847221206481,-0.2813760953847293,0.11834741674066064,0.3130726824304928,0,NS
Training_Young,SAR1A,24.08050482854849,-0.02622985686425849,0.9014103149670328,0.9932299525724704,0,NS
Training_Young,SH3GLB2,17.379432376397745,0.05538501685566999,0.8859087477923485,0.9832813152365458,0,NS
Training_Young,EIF2B3,17.602445997985523,-0.10465932505308828,0.9014103149670328,0.9732089532746556,0,NS
Training_Young,MBNL1,20.240136184183463,0.07175685770327433,0.7016623534971297,0.9410157840933604,0,NS
Training_Young,SDR39U1,21.477258041164006,-0.23957455414579343,0.4803465043692833,0.6704995604293913,0,NS
Training_Young,AASDHPPT,16.762659415535484,-0.16019905550445657,0.6897466936573154,0.8661597900764371,0,NS
Training_Young,OSTC,18.107484857282557,-0.1968618809371172,0.6291415032383699,0.7958005394455582,0,NS
Training_Young,CMC2,18.1289468553069,-0.00185637126726234,0.9960417383646952,0.9999821365212732,0,NS
Training_Young,HEBP1,19.95985158390545,-0.1372042586266815,0.49545927917908866,0.8011437325622334,0,NS
Training_Young,PHPT1,25.488690874062968,0.00778458231615886,0.9693607892528484,0.9994124643649174,0,NS
Training_Young,TOMM22,19.39532969712585,-0.7476177752072957,0.01474965305702524,0.00213807729856312,-1,Down
Training_Young,LANCL2,18.294040201183098,-0.30070463771528466,0.08157842814785278,0.2344215929292028,0,NS
Training_Young,FARSB,23.20681918822667,0.6082144568029122,0.00332394090291061,0.00104962179547139,1,Up
Training_Young,IARS2,21.47990646810612,0.02166810056008117,0.915511219795028,0.9951790623466532,0,NS
Training_Young,SIRT3,18.842508115690418,-0.282996396404517,0.27331098678053894,0.46218612856529434,0,NS
Training_Young,MAN2C1,23.066966654498987,0.280827825937088,0.25612527249953115,0.4510903419727969,0,NS
Training_Young,OLA1,23.417718448209715,-0.01997844088329259,0.8907128901886522,0.9942924282009006,0,NS
Training_Young,CUTC,22.48483486190536,-0.04065672196111336,0.8869191167329888,0.987905865361186,0,NS
Training_Young,ACSS1,17.747981967440055,-0.02670951156768097,0.9563053250194924,0.9972269830334382,0,NS
Training_Young,ABHD10,18.374754263133724,-0.20142567080256768,0.4097216519634035,0.6704713125907817,0,NS
Training_Young,DDX19A,20.662631871107287,-0.10854060683396229,0.3851916396174154,0.7958922271697035,0,NS
Training_Young,SEPTIN11,17.747784893662352,0.21622489142496093,0.44144611909581377,0.6728075612997094,0,NS
Training_Young,PARVA,17.216750178510644,-0.09705091147780465,0.7582375353814489,0.9373224180885252,0,NS
Training_Young,PANK4,19.252898688520407,0.01681025031509975,0.948556237659863,0.9977043057764572,0,NS
Training_Young,DNAJC11,18.643390162438703,-0.14334502642706326,0.6753990661386883,0.8706120503953672,0,NS
Training_Young,TMLHE,20.27729201746345,-0.2551387269033363,0.5946664696516816,0.7239707929419974,0,NS
Training_Young,ATAD3A,17.612785335114694,-0.2516293296872867,0.4019504168508054,0.6015832342495961,0,NS
Training_Young,ARL8B,21.713226616558675,0.07882209154643505,0.6771569665480791,0.9276617063364242,0,NS
Training_Young,MRPS18A,16.036748210274183,0.28140891921920996,0.5142375495862234,0.6459560367248965,0,NS
Training_Young,PNPO,21.5285709980856,-0.0841444677599128,0.806064405128018,0.9557558396508716,0,NS
Training_Young,OXSM,17.40196530171918,-0.13882826300855555,0.7725485293284079,0.9175551360087374,0,NS
Training_Young,MRPL22,16.37279096390886,-0.02647105580368958,0.9508786076739358,0.9967106113228388,0,NS
Training_Young,CZIB,22.945174287823335,-0.26707034622832637,0.08399603955994536,0.2826470059325923,0,NS
Training_Young,BABAM1,17.128720342876544,-0.00160549441341473,0.995762006780765,0.9999809142012704,0,NS
Training_Young,NDUFB11,23.287407649791177,-0.29170971607802443,0.14740853806593912,0.3339229010152174,0,NS
Training_Young,OCIAD1,20.033968636269513,-0.20583982927719544,0.12432889503480724,0.43337517731307934,0,NS
Training_Young,MARCHF5,16.726409069174366,0.11791955809579235,0.7069880353400061,0.9081210750348416,0,NS
Training_Young,CHCHD3,23.744564351329405,-0.14876696852627092,0.3578854001832206,0.7178972868328035,0,NS
Training_Young,SIRT5,20.369992801303997,0.12287068464163652,0.5414237848047101,0.8358791333283626,0,NS
Training_Young,BABAM2,21.38062354250999,-0.03342075080162132,0.881839529790394,0.9894789070943868,0,NS
Training_Young,DPP3,20.378368484314304,0.2338621115546999,0.12200841217391772,0.3847378175504356,0,NS
Training_Young,TUBA8,22.03337647619035,-0.08213687730346564,0.5946664696516816,0.900923627054827,0,NS
Training_Young,MAP3K20,21.883662946224895,0.1995405915686277,0.6291415032383699,0.7930327863799891,0,NS
Training_Young,UGGT1,17.911288323971025,-0.03280011928354653,0.9096994808141682,0.9923263231247088,0,NS
Training_Young,TECR,20.11859339315523,-0.06445382710873915,0.8566782427042329,0.9764526809292748,0,NS
Training_Young,ERAP1,20.37180291966111,0.26795850417352085,0.3022417560938453,0.5034411306997484,0,NS
Training_Young,CISD1,25.999332054880075,0.07561378556889764,0.678292473335448,0.9312933014254916,0,NS
Training_Young,CLIC5,22.02083979080578,-0.22167342091248443,0.15261799038326188,0.4426074824372764,0,NS
Training_Young,FAM120A,15.709491344274582,0.2098110871311718,0.410593585402586,0.6610683001474248,0,NS
Training_Young,GLTP,14.125696171432448,0.1655067181767116,0.768827230428222,0.8998398321536769,0,NS
Training_Young,COQ3,22.30824949626557,-0.11800879969466394,0.5380098675552127,0.8400308898067741,0,NS
Training_Young,HSPBP1,17.384618230641873,0.0391572126593509,0.9161961608955445,0.9914215649815,0,NS
Training_Young,MAT2B,23.403748270486588,0.09647169594580518,0.6409866564007684,0.89736626293196,0,NS
Training_Young,MYOF,20.483379793589236,0.10398204450811122,0.7400892440362312,0.9285383338368632,0,NS
Training_Young,EHD2,22.900614567541417,-0.19175255337533417,0.10143660854782126,0.43285724157031075,0,NS
Training_Young,TMOD4,21.511544770164885,-0.31387583296726973,0.6104222348215927,0.6854970353815456,0,NS
Training_Young,LMCD1,25.53787802475032,0.26262290453388104,0.17946284402755436,0.40838458872077144,0,NS
Training_Young,CHMP5,16.938059375318712,-0.1915600537331521,0.6876240008884765,0.8410096635870755,0,NS
Training_Young,CNIH4,20.21304067411541,0.4019762518375565,0.0965607953944605,0.16577148696675806,0,NS
Training_Young,NDUFAF4,18.46878161427026,-0.229514108018261,0.5667451661774137,0.732172736527918,0,NS
Training_Young,EMC3,17.192537497324384,-0.00798611348077571,0.9855987183369828,0.9996520717210736,0,NS
Training_Young,NDUFA13,25.224774975068343,-0.19630942171155397,0.3509523688674477,0.6392468261498876,0,NS
Training_Young,PDP1,20.800255045727376,-0.06921509908356782,0.8273190964917023,0.9681623415744798,0,NS
Training_Young,MRPL36,23.377846467643455,0.14590639280232054,0.5065538390143453,0.7944202148485117,0,NS
Training_Young,VAPA,22.439968640730648,0.11059144600832482,0.45681706520029874,0.8241999305126526,0,NS
Training_Young,RNF181,16.575184374632386,-0.22090240664128305,0.6566131227304195,0.7964513446146596,0,NS
Training_Young,TMEM14C,20.02747988069771,-0.2004521878915,0.6768381926324509,0.8246100998560233,0,NS
Training_Young,LARS1,17.730981176017973,0.1389479390484034,0.5349856812451262,0.813056219693472,0,NS
Training_Young,SUCLA2,24.646477730554924,0.05182182040984173,0.7685897981188601,0.9673056067825596,0,NS
Training_Young,GMPR2,19.945289434599403,0.1480125849969447,0.5606999804098739,0.8148503197760975,0,NS
Training_Young,DPM3,18.979195735148647,0.12585757573939915,0.8410817654330629,0.948798267856717,0,NS
Training_Young,IMPACT,18.73694523823134,0.29695772238305906,0.4673178696106252,0.6012617992756191,0,NS
Training_Young,ATXN10,16.867101251077177,-0.02841812937353438,0.9221164013816194,0.9942213275831424,0,NS
Training_Young,EPS15L1,15.856379578913335,0.02965560116390797,0.9268580888509396,0.9943376489268168,0,NS
Training_Young,SAE1,16.688228653616257,0.11881027133409816,0.8977277950919781,0.9685957585421116,0,NS
Training_Young,RNF7,20.76394439714597,-0.2583107905560027,0.05677904988627793,0.2401726143814384,0,NS
Training_Young,MYOT,24.657181227850856,-0.06591756360690582,0.9014103149670328,0.983078915866168,0,NS
Training_Young,GNG12,19.060214301961892,0.02789195303633462,0.9268580888509396,0.9946765681614276,0,NS
Training_Young,VPS29,16.064786438812128,0.21161225448596,0.8566782427042329,0.923322627881668,0,NS
Training_Young,EIF3K,22.678946338821856,-0.08289003798910954,0.7114465697813666,0.9359811410275508,0,NS
Training_Young,GRHPR,23.55293741448541,0.0442306058089521,0.7478017705730955,0.9698345535469652,0,NS
Training_Young,CTSZ,17.32850561552184,0.2687455651182198,0.3367949342823915,0.5302674661470498,0,NS
Training_Young,UBA2,16.287014904361723,-0.0026596668226233,0.9950658038459508,0.9999598140712694,0,NS
Training_Young,COPS7A,20.235038456874243,0.22599055972403548,0.08977686343233131,0.35500459442803595,0,NS
Training_Young,HSPB7,26.70118429098966,0.4607569706810608,0.02804921580346713,0.04249006364257558,1,Up
Training_Young,CLIP2,19.529418567037133,0.17028588956605262,0.6826878776402993,0.8555793716888821,0,NS
Training_Young,UQCR10,25.800685477333783,-0.10169233915856069,0.6732724248252512,0.905633011380575,0,NS
Training_Young,DNAJB4,18.02076697709327,0.11798087423230186,0.8410817654330629,0.9516495273976108,0,NS
Training_Young,NIPSNAP3A,21.357591902914876,0.5014931609708704,0.2549632924682371,0.23875889610616177,0,NS
Training_Young,TES,16.139261739196517,-0.5998797167305643,0.3644008844598064,0.26641426711265775,0,NS
Training_Young,KDM5B,19.839716133582247,-0.07205287946275263,0.7909452127753377,0.958978762963838,0,NS
Training_Young,WARS2,15.150898040210944,-1.1209241532304812,0.3470138649683021,0.07503293113616671,0,NS
Training_Young,MLX,19.93981967037778,-0.29420101725430214,0.4465747175383031,0.5891385253646458,0,NS
Training_Young,SEPTIN9,17.594348143313272,0.19661903557769375,0.5525144849204128,0.7562466555695972,0,NS
Training_Young,UBQLN2,16.12566864861855,0.07424185749722234,0.7693420528084237,0.9541998564168936,0,NS
Training_Young,PCYOX1,23.395209371817145,-0.13338361139324562,0.5525144849204128,0.8277970195762467,0,NS
Training_Young,DPP7,14.17734846322122,-0.4033418566538298,0.444013534317248,0.479450885145265,0,NS
Training_Young,SMPX,24.389374773342418,0.3599004194779276,0.08977686343233131,0.19182261492466032,0,NS
Training_Young,BCAP29,19.36747605657233,0.05502056511643971,0.8395508670513485,0.9761652868158062,0,NS
Training_Young,CYB5R1,26.123280947263066,-0.01045943709465291,0.9577134270827784,0.9989427181693687,0,NS
Training_Young,PFDN2,20.815694295983302,0.04281797797300157,0.8321416640470316,0.9807686009914812,0,NS
Training_Young,PUF60,16.523186356201784,-0.2779538508488315,0.28254010849332817,0.4755263671066759,0,NS
Training_Young,ENOPH1,19.726516109299904,-0.234500601563866,0.13438575930472163,0.3996577178536792,0,NS
Training_Young,NDUFA12,23.18540689639452,-0.3850318323907942,0.08399603955994536,0.1611890941907791,0,NS
Training_Young,EIF2B4,15.026488621120624,0.13899728836962666,0.6970200645877795,0.8872215387835715,0,NS
Training_Young,ATP6V1H,17.062205301826843,-0.19226950937150633,0.4392371191629935,0.7013136999011829,0,NS
Training_Young,TRMT112,17.299965749189838,-0.6782583812696892,0.19086450697305,0.10518040064188884,0,NS
Training_Young,XPO7,16.422053145857785,0.0863914160989232,0.8410817654330629,0.96436228312626,0,NS
Training_Young,LCMT1,18.688153563672653,0.01253798076128021,0.9672976742326604,0.9989813201276516,0,NS
Training_Young,ATP5IF1,24.119688619945784,0.082387730841603,0.7517362043105136,0.945373715839085,0,NS
Training_Young,AK3,23.81693566305069,-0.02690566056995891,0.9507432301523652,0.9966114282254146,0,NS
Training_Young,NAGK,17.563470568428063,0.1604338698601815,0.22939401695636896,0.6145819907548413,0,NS
Training_Young,SLC25A13,24.84697653701011,-0.09497274635663187,0.6291415032383699,0.8957553869588069,0,NS
Training_Young,DBNL,16.59634095877788,0.4583676980007034,0.3636126631781942,0.3633494797960462,0,NS
Training_Young,DCTN4,18.28940345022126,0.2253916353358925,0.3512250830187446,0.5994184163280527,0,NS
Training_Young,HSPB8,20.46899889899303,0.11369628244336384,0.7206439987910745,0.9164437081214456,0,NS
Training_Young,STOML2,19.79456423386381,0.1094201755614641,0.4555807253377875,0.8254186612425026,0,NS
Training_Young,VPS28,17.004410583031618,0.0010233722746058,0.9960417383646952,0.999990571748126,0,NS
Training_Young,JPT1,17.873636969191885,0.06390124888942239,0.8611912680263003,0.9773720174303904,0,NS
Training_Young,APPL1,20.1091020704628,0.21513406622520037,0.09453070747629118,0.3801259117484186,0,NS
Training_Young,PACSIN3,23.5880424020877,-0.07585783986378658,0.7464332849510666,0.9485202958483094,0,NS
Training_Young,ACAD8,20.78084893683229,-0.2092769860026955,0.3742498227249127,0.6347327024890959,0,NS
Training_Young,AGO2,17.56605541970776,-0.1601916647597612,0.4780931961663326,0.7645841161690893,0,NS
Training_Young,MYH2,29.90199256592627,-0.21480427278724432,0.7233219906644834,0.8499066765666209,0,NS
Training_Young,MYH13,22.538328192711724,0.5255481618846893,0.4363100836654355,0.3764072792395504,0,NS
Training_Young,CDV3,19.493804298287703,0.03310360370463172,0.8877108782963496,0.990208110859111,0,NS
Training_Young,RAB21,19.62704693179145,-0.08472981736228746,0.6621494785601736,0.9183806269101066,0,NS
Training_Young,PSME2,20.06870691772084,0.6112620579135921,0.01474965305702524,0.00639334703824239,1,Up
Training_Young,DNPEP,21.51186267216365,-0.0293798581890492,0.8566782427042329,0.988815391672904,0,NS
Training_Young,MCTS1,21.86814895975252,0.17633597524964273,0.16711219266719188,0.537231855720261,0,NS
Training_Young,TBC1D24,15.722633405975378,0.05370754526661514,0.9239322736818972,0.9892400342645392,0,NS
Training_Young,TMCO1,20.351011765201957,0.04652226555300842,0.8410817654330629,0.9805637608073368,0,NS
Training_Young,EPDR1,21.256131604854232,-0.1879319104069026,0.4677699105932817,0.7250885101531266,0,NS
Training_Young,MYO6,25.271056231756152,0.10771803513693712,0.7228647185961746,0.9211827121110752,0,NS
Training_Young,NFU1,16.55402282134001,-0.4494205145573318,0.17306257999994523,0.21093933775899315,0,NS
Training_Young,SYNPO2,23.36164735844713,0.1759919974523001,0.5770760073902009,0.7915440297715168,0,NS
Training_Young,UBQLN1,16.853877425585665,-0.16941448194863185,0.7560854234081745,0.8922460568427414,0,NS
Training_Young,SNX12,19.94800023384251,-0.14506313093534473,0.5525144849204128,0.8142572703798724,0,NS
Training_Young,NDRG2,24.842748110841857,0.01208235440350336,0.9578044960668703,0.9988179574251594,0,NS
Training_Young,VPS4A,20.66658311533434,0.01635355107267244,0.948556237659863,0.9977633119496232,0,NS
Training_Young,G3BP2,18.747890122296187,-0.6102167121515762,0.088448180042543,0.05978485641237955,0,NS
Training_Young,STUB1,18.241314763173975,0.19269031302935247,0.20041945055029564,0.5364411095615008,0,NS
Training_Young,PACSIN2,17.061035102016415,-0.02068512099885211,0.9559553811753172,0.9978213284802956,0,NS
Training_Young,SNX6,17.497484762966128,-0.13034622006511754,0.3338780482427465,0.7329286864734862,0,NS
Training_Young,PSMD13,21.652125083764457,0.08780664490080525,0.4539556320844954,0.856180200870711,0,NS
Training_Young,COPS3,21.250914683317873,-0.03595472045709158,0.7667909472120573,0.9769964602682304,0,NS
Training_Young,NSFL1C,23.272338439264935,0.02139149529312334,0.8852246117436818,0.9934685480564734,0,NS
Training_Young,PPP6R1,17.526946754687664,-0.3186797164475905,0.1441584674063366,0.29791696123473993,0,NS
Training_Young,LIMCH1,19.139707894862692,-0.00251199376361555,0.9950658038459508,0.999963758176601,0,NS
Training_Young,USP24,16.77850575609571,0.23593390671296532,0.4906960566418988,0.6804917534796096,0,NS
Training_Young,MAPRE3,18.8651372711061,0.181151545766447,0.6204842399808206,0.807126519618546,0,NS
Training_Young,PA2G4,21.61272766758412,0.03261603383633371,0.8689802873862219,0.9889015498735158,0,NS
Training_Young,CAMK2A,21.5459124073706,0.033916554205355,0.9353811233737904,0.9942015931781268,0,NS
Training_Young,CHMP2B,17.47165659755268,-0.18127498237116055,0.3338780482427465,0.6494026702512582,0,NS
Training_Young,RTRAF,17.15544750943501,0.00468877066840178,0.9959583224033612,0.9999496791770812,0,NS
Training_Young,RUVBL2,18.68711794158123,0.2532607310717232,0.27553629026738263,0.5028622132444427,0,NS
Training_Young,APOBEC2,25.769872424353856,-0.4369666631392981,0.14933221959325232,0.19602216543845424,0,NS
Training_Young,PIN4,18.7040170744942,-0.03387836562306745,0.9042591402434584,0.9915222594945527,0,NS
Training_Young,EIF3L,19.256557747627884,0.08883522131525012,0.7226525230919518,0.93441192999526,0,NS
Training_Young,PLAA,18.61283725126588,0.13032750171302965,0.34551587584675825,0.7392813867408068,0,NS
Training_Young,NUDC,19.61220218513492,0.048237390606225,0.7233219906644834,0.9640204422366512,0,NS
Training_Young,BCS1L,16.84902342198505,-0.05353393537669859,0.9299518240971856,0.9904105041358104,0,NS
Training_Young,VDAC3,26.13431785148007,-0.4011060057434967,0.02649680618927144,0.06187116287919003,0,NS
Training_Young,CFL2,26.85821955609518,0.01580375598290118,0.9253017258073214,0.996861985654512,0,NS
Training_Young,FARSA,19.174914497653106,0.4425448375868548,0.02402826657817635,0.04287932571524121,1,Up
Training_Young,CNPY2,16.638551277387457,-0.01524566146846595,0.9664405394765112,0.9987296590651736,0,NS
Training_Young,FNDC3A,21.22344490691864,0.1526966394377105,0.8486823179937493,0.9409119126129394,0,NS
Training_Young,PADI2,25.36826814880421,0.28387173387507403,0.0517694604227153,0.1997439436762508,0,NS
Training_Young,GSTK1,22.184880474937977,0.07685384704588216,0.7145879137260315,0.9413271594888268,0,NS
Training_Young,LAMTOR2,16.33859087985828,0.3037380613174996,0.658102712537716,0.7329069738594873,0,NS
Training_Young,MRPS35,15.310403775847757,0.2903063968753212,0.4250023415308796,0.5724512293405433,0,NS
Training_Young,COA3,21.558531320339693,-0.01309409955053908,0.980384035171067,0.9992586760021516,0,NS
Training_Young,TMA7,22.59349247905731,-0.11935128506147308,0.5836150776846502,0.8558037242263146,0,NS
Training_Young,SUGT1,20.08656029044673,0.1814941667447414,0.3802095434651765,0.6783300478933483,0,NS
Training_Young,COQ6,21.38448799369403,0.0198755399328725,0.9353811233737904,0.9966070618388754,0,NS
Training_Young,ACOT9,21.547643624307906,0.11200660589782883,0.5606677526250523,0.8563567701039954,0,NS
Training_Young,MEMO1,18.13678854319453,0.27260662109060263,0.11834741674066064,0.3240779518141241,0,NS
Training_Young,TMX2,16.58590934811895,-0.4978938557969243,0.04614860624289044,0.05470500218194075,0,NS
Training_Young,SH3GLB1,20.15644074417123,0.1226117854228228,0.5796459337611556,0.8510716320763752,0,NS
Training_Young,CAB39,22.664799433971183,-0.041272012046214,0.7848663372116423,0.97557355215515,0,NS
Training_Young,LUC7L2,17.156495795939946,-0.06144631631208241,0.7546527504841014,0.9593223028890964,0,NS
Training_Young,DHRS7,23.9200721845024,0.20308048508749368,0.19599233290865067,0.5151049732850045,0,NS
Training_Young,MOB4,17.623852571132044,0.366944508854651,0.09665579884137508,0.1942334596243981,0,NS
Training_Young,SBDS,22.23207024482214,0.04127083750825733,0.8153045131904091,0.9792221260727983,0,NS
Training_Young,MRPL11,19.004527984861554,-0.22581207102862424,0.5414237848047101,0.7194237362497486,0,NS
Training_Young,PPIL1,19.9490892274362,-0.07355930384883891,0.5989343062674921,0.9123842128212868,0,NS
Training_Young,MSRB2,17.509838424031166,-0.22242492036152228,0.6768381926324509,0.8074093007864481,0,NS
Training_Young,FIS1,23.040425427441217,-0.0983102578519066,0.6483752585582984,0.89896462863626,0,NS
Training_Young,PTRH2,17.34172103698349,-0.11082967275767786,0.8107175067886125,0.9436458220915506,0,NS
Training_Young,STRAP,21.468659571047027,0.05710318549373383,0.6438049232207843,0.9389796690759282,0,NS
Training_Young,RTCB,20.83446726595252,0.22664354888476268,0.04201218089057323,0.25041512870188515,0,NS
Training_Young,RPL36,18.230256103231255,0.1352695018048884,0.7050953918242108,0.8938297353112903,0,NS
Training_Young,SAMHD1,15.668560570628296,0.6256147765302593,0.23390641262817605,0.15319832358425012,0,NS
Training_Young,HBS1L,17.513115832105246,0.08420294276375984,0.6771569665480791,0.9233655315513654,0,NS
Training_Young,TLN1,20.538792507353808,0.11377906696696628,0.25283176891550735,0.7215182448387306,0,NS
Training_Young,USP15,17.758174792196368,0.13160120687661703,0.4097216519634035,0.7700367616276999,0,NS
Training_Young,TLN2,18.033944488032105,-0.08873999802487731,0.6771569665480791,0.9194576647692434,0,NS
Training_Young,DTNA,21.006793140797964,-0.08558199855931292,0.5757367168143948,0.8922090766689111,0,NS
Training_Young,HYOU1,16.811089580986035,0.32567723394566883,0.06876893159534171,0.18257585325443867,0,NS
Training_Young,AFG3L2,22.31703003862982,0.03783156263912346,0.8410817654330629,0.984255479230436,0,NS
Training_Young,ARIH1,17.20591756074084,0.12133695014666657,0.7641568581278743,0.923297968370051,0,NS
Training_Young,RNF114,17.60677127225393,-0.00217088309995716,0.9950658038459508,0.9999623119778764,0,NS
Training_Young,SAMM50,24.27328366236723,-0.09775001598341149,0.47679994004765114,0.8482883544578304,0,NS
Training_Young,PPME1,16.938070927487782,0.24048140002776108,0.6483752585582984,0.7711072068758357,0,NS
Training_Young,TIMM9,19.7242873380898,-0.05502345944642073,0.8413505764931244,0.9774314883151328,0,NS
Training_Young,TIMM8B,16.370811243395742,-0.00734531713563413,0.9858309326402444,0.9997154858608036,0,NS
Training_Young,UCHL5,18.070348656879904,0.04224143283810377,0.8404730662688489,0.9817490780047174,0,NS
Training_Young,TIMM13,21.15590694002105,0.03876929571753962,0.8566782427042329,0.9858974903597072,0,NS
Training_Young,SRPRB,18.192631216551128,0.091569503124024,0.7050953918242108,0.9269116168468832,0,NS
Training_Young,GMPPB,17.39225607725515,0.14006745682344857,0.5269675238291377,0.8089581387668608,0,NS
Training_Young,MPC1,22.18633753882216,-0.0027038121319407,0.9950658038459508,0.9999511797161592,0,NS
Training_Young,SNX5,18.57120406612797,-0.00645286310418313,0.9956076802533234,0.9999191978573532,0,NS
Training_Young,HEBP2,24.080212343418427,-0.06739937986384348,0.7320919243557086,0.9519582225458628,0,NS
Training_Young,HCFC2,22.23714666214799,-0.32082836292334704,0.4465747175383031,0.561755419446148,0,NS
Training_Young,FHOD1,21.55235639220255,0.06079344530663633,0.7073514911276231,0.9516445447016896,0,NS
Training_Young,MYH4,23.45716552706173,-0.2725744357460158,0.7168792969383271,0.8094913514659358,0,NS
Training_Young,MRPS18B,18.630331276271555,0.0776059007882175,0.7435505605313428,0.9467663885783684,0,NS
Training_Young,COPG1,17.975511695028974,-0.09553512058508318,0.6483752585582984,0.9013433456668716,0,NS
Training_Young,CLIC4,19.743611059754304,0.2456783429320879,0.3089719832064399,0.5390192160082301,0,NS
Training_Young,NFS1,17.33161013622171,NA,NA,NA,0,NS
Training_Young,SPCS1,17.693797084081798,0.09816990036715012,0.6431481238609695,0.8970381520055013,0,NS
Training_Young,SAR1B,23.592850857618576,0.02458175135623008,0.9065546483914816,0.994011282307804,0,NS
Training_Young,MTCH2,23.320547506380713,-0.03503910879924277,0.8410817654330629,0.9852361170825856,0,NS
Training_Young,BZW2,22.090332210365215,0.01315936226364655,0.93764794338536706,0.997818336290098,0,NS
Training_Young,DYNC1LI1,16.88342072521524,0.6378581742123259,0.00420567899030973,0.00132813918948614,1,Up
Training_Young,CHCHD2,21.64927642312278,-0.1379158618422025,0.7148744882349882,0.8973975656226396,0,NS
Training_Young,NDUFB9,23.652044624505635,-0.3892192722071428,0.04484472670016626,0.10127066392475571,0,NS
Training_Young,COX11,18.540868969678534,0.14172396400128662,0.6538348613075705,0.8610523326754665,0,NS
Training_Young,SQOR,17.702975158095096,-0.23100934926149108,0.6897466936573154,0.8128162222711565,0,NS
Training_Young,SESN1,19.207178189558334,-0.12818707296982268,0.6538348613075705,0.8735393269034482,0,NS
Training_Young,SEC23IP,17.026681912307687,0.248847161971117,0.08315180106700194,0.3036900393125052,0,NS
Training_Old,MMP24OS,16.322906735899043,-0.21905595735127648,0.8322638465093714,0.7680784011304529,0,NS
Training_Old,ESYT2,17.098331165177516,0.10147610065568458,0.855652243325369,0.8967814531624217,0,NS
Training_Old,ILVBL,17.0022662256138,-0.12701873426115995,0.8827663660859664,0.9058628922622028,0,NS
Training_Old,FSD2,17.976966028844235,0.13004169643624763,0.8322638465093714,0.8488988780319937,0,NS
Training_Old,TARS3,15.491210573111283,-0.03770851133041297,0.9646775321450732,0.990812666798528,0,NS
Training_Old,VWA8,21.47361209635668,-0.2901009340025915,0.5740511406005078,0.46423417789397153,0,NS
Training_Old,CARNS1,20.22661257014602,0.45218153853566534,0.4920632386131804,0.22532193675177728,0,NS
Training_Old,MAP1LC3B2,20.71365448426334,0.0324225420226405,0.9690083618794948,0.9923332501643408,0,NS
Training_Old,PGP,23.015275302127968,-0.00772750564101087,0.9938126471141084,0.999359760439368,0,NS
Training_Old,DHRS7C,21.64224919716279,-0.13148805313291234,0.8409231970169827,0.8586326917475812,0,NS
Training_Old,SMTNL1,23.415900733680058,-0.14916015802417348,0.8787874454050285,0.8811506968961705,0,NS
Training_Old,NUDT19,17.09822072861629,0.0768170257855445,0.9496049149362232,0.9735724159727452,0,NS
Training_Old,NACA,23.676700924402898,0.07663259259203414,0.8322638465093714,0.90495608989756,0,NS
Training_Old,SLC35A4,18.642144427044716,0.12478077091411066,0.855652243325369,0.8782220777463183,0,NS
Training_Old,PDLIM1,22.35573246652498,-0.12957904273229914,0.8869012694738848,0.9066285159232226,0,NS
Training_Old,MYO1C,18.51696111305153,-0.13875041395037613,0.8278052680817009,0.8318005962364393,0,NS
Training_Old,FXYD1,19.839740222518383,0.05727797418258262,0.9636490266952572,0.984092561159406,0,NS
Training_Old,STXBP3,18.28831392540244,0.14024974599723097,0.7237452654912476,0.7835219350615436,0,NS
Training_Old,NDUFS8,22.652158433323613,-0.00451811157329373,0.9954864063133828,0.9998810944723928,0,NS
Training_Old,PSMD11,21.814326331494183,0.06377806361316019,0.8548593030677044,0.9328022793228444,0,NS
Training_Old,PSMD12,20.5400178390757,-0.04838950294746169,0.9255433365518796,0.977700280368742,0,NS
Training_Old,PSMD9,18.06626928699169,0.06779432976802013,0.8796373263781408,0.9452717169774956,0,NS
Training_Old,PGRMC1,18.91983573998077,-0.1101355200660663,0.9411232628892084,0.9588054261969507,0,NS
Training_Old,CLIC1,19.36113622918581,0.21914685844981108,0.5457266217037436,0.5306757358146104,0,NS
Training_Old,EIF3F,19.64848331315272,-0.01338969000403267,0.989448788709926,0.9981786823184216,0,NS
Training_Old,PDHX,23.423102974046103,-0.09767398551174368,0.7564660176718055,0.855192893360332,0,NS
Training_Old,DCTN6,15.851648718794934,0.10787874685483168,0.8790448592205058,0.9133793618935622,0,NS
Training_Old,IPO5,21.664347487773032,-0.00785855898109844,0.9920527753748756,0.9991187937356216,0,NS
Training_Old,EEF2K,16.35507340966682,-0.10877555236492142,0.8815076258918112,0.9178379151318228,0,NS
Training_Old,EML1,20.485666849968,-0.07357776568646912,0.8790448592205058,0.9403695761073968,0,NS
Training_Old,DNM1L,20.235648856551407,-0.04900930737766984,0.9022036585020758,0.9704026900090608,0,NS
Training_Old,RTCA,20.818279583226023,-0.22005183938501816,0.4373447950946092,0.4296046708544659,0,NS
Training_Old,NDUFA4,26.116413014662196,0.00593812258865966,0.9954864063133828,0.9997156107329438,0,NS
Training_Old,PSMD14,20.663506678898425,0.04964214843942827,0.8869012694738848,0.9632705074886662,0,NS
Training_Old,BIN1,26.342706408141986,-0.01087390255694487,0.9894155292205404,0.99838858091753,0,NS
Training_Old,KPNA3,21.013469042201347,-1.322380843689075e-4,0.9995600586441044,0.9999998791826472,0,NS
Training_Old,DDX3X,19.580342341103787,0.06081844751190957,0.9354399355909564,0.973587281388526,0,NS
Training_Old,KPNA4,22.95551193172343,0.08516944528346926,0.76701005697458835,0.8777936162879824,0,NS
Training_Old,CES2,20.52386433748361,0.07895232576369438,0.9411232628892084,0.9704062233033752,0,NS
Training_Old,FBP2,26.02274350483461,-0.04818706935219907,0.9636490266952572,0.9868418252752652,0,NS
Training_Old,PDXK,19.267523960905883,-0.06752995448691479,0.860596056115936,0.9335324301053864,0,NS
Training_Old,SDHD,23.24022941532173,-0.07536277026283855,0.908364110698336,0.9586377012821852,0,NS
Training_Old,COX7A2L,16.51490204168833,0.01831021386854203,0.9938126471141084,0.9983689376460242,0,NS
Training_Old,GAPDHS,19.680137412117432,0.04898343049021392,0.9894155292205404,0.992841521286976,0,NS
Training_Old,HSPB6,27.08676097123112,0.27705007668680537,0.6353161094517655,0.5267793532402971,0,NS
Training_Old,NDUFAB1,23.44014097238817,-0.0871801984705236,0.9022036585020758,0.9471293596514168,0,NS
Training_Old,IMPA2,22.349000339564174,-0.16108060200561525,0.737158514430853,0.7603627264571599,0,NS
Training_Old,PDCD5,20.868805406975408,0.02785549604134374,0.9525395487180912,0.9906931961158366,0,NS
Training_Old,PRMT5,20.030749701047153,-0.13102693607840266,0.6536696690105152,0.7472108955656295,0,NS
Training_Old,PSMA7,23.64721799067241,0.04348053502128124,0.8815076258918112,0.9662644364261592,0,NS
Training_Old,OPLAH,18.94512524218218,-0.09286861769378874,0.849198769248596,0.9004395915215225,0,NS
Training_Old,MGST3,24.549018043627623,-0.15070115380370197,0.748189951683547,0.7796434970977807,0,NS
Training_Old,RGS12,20.5353297775736,-0.22186642212645324,0.7620556779278344,0.7092093263493814,0,NS
Training_Old,HAT1,18.90746114588252,0.7980587631500065,0.6232994522217815,0.14599360976930023,0,NS
Training_Old,UQCRQ,25.02529869085899,0.06535808478444238,0.8862205358776563,0.9512885815369352,0,NS
Training_Old,MYL12B,20.98167091379819,0.33238860992402053,0.4409935121139016,0.28698530198777095,0,NS
Training_Old,UQCR11,21.528693051066593,0.03842093133434332,0.9815064296357964,0.992327810318696,0,NS
Training_Old,CASQ2,25.64879160783649,-0.03171562246131287,0.9839479860037118,0.9946667985414956,0,NS
Training_Old,HGS,16.3499010490389,-0.08294671749972693,0.8815076258918112,0.9366115513422216,0,NS
Training_Old,HNRNPDL,18.643689955970057,-0.05295852244489296,0.9411232628892084,0.979365824401484,0,NS
Training_Old,XPO1,18.793595068441423,-0.06796420027299277,0.8638644081028736,0.9366143517072246,0,NS
Training_Old,ATP2A1,28.3056883676577,0.02977269254692061,0.9815064296357964,0.994037094570149,0,NS
Training_Old,SYNJ2,22.912083012135817,0.07060274580771875,0.9638997174280068,0.9819692034991868,0,NS
Training_Old,SYNM,21.197547344971472,-0.1659059148687767,0.8876988579960184,0.887269811283921,0,NS
Training_Old,ARPC1B,17.155284550604783,0.4667355493910996,0.21596575651249608,0.05150805860328407,0,NS
Training_Old,ARPC2,16.83268869422138,0.10578536943475214,0.8895434210905212,0.927029330213872,0,NS
Training_Old,PGRMC2,21.238493941061485,-0.1378623188557988,0.8409231970169827,0.8521897037471189,0,NS
Training_Old,PFDN6,20.451799981344372,-0.04926490995140398,0.908364110698336,0.9736986249336606,0,NS
Training_Old,NDUFA1,20.909054996080823,0.26199980337879936,0.8548593030677044,0.7506284385253736,0,NS
Training_Old,SURF4,24.398071527623188,-0.08543087728472898,0.9022036585020758,0.9481032514194092,0,NS
Training_Old,MAPK13,19.483493686791626,-0.2493824526358992,0.6915317001116692,0.6206721483569976,0,NS
Training_Old,TCAP,20.98587710548838,-0.05161216810781965,0.9839479860037118,0.9909300070523158,0,NS
Training_Old,PMM2,17.933929247497673,0.12219257688499852,0.8869012694738848,0.9134683124142676,0,NS
Training_Old,EIF3D,18.86885196326757,0.01262366125829217,0.989890169135206,0.9985042336742542,0,NS
Training_Old,EIF3H,15.830370100917165,-0.12312506393697298,0.8790448592205058,0.901181829579258,0,NS
Training_Old,BCAT2,20.963816288177544,-0.04471390377819162,0.948177594813128,0.9842361956255706,0,NS
Training_Old,STX7,17.03933448120983,0.09437107503066144,0.860596056115936,0.908130562391113,0,NS
Training_Old,SLC16A3,20.28202580937184,0.135894225322712,0.8876988579960184,0.9065523755689974,0,NS
Training_Old,YKT6,19.01909701908167,-0.00839377255084983,0.9932478468507332,0.9992260744927636,0,NS
Training_Old,ARPC5,17.791422909324567,0.12856522042762464,0.8827663660859664,0.9051413217898946,0,NS
Training_Old,TAPBP,15.36777375865524,-0.1266209839264576,0.8760527778984114,0.89695091866908,0,NS
Training_Old,DHX15,16.624050924683303,-0.09789268704225051,0.855652243325369,0.9002147948632019,0,NS
Training_Old,CYB5B,21.28022502684793,-0.2049238506618067,0.7855048464935668,0.7390705644331576,0,NS
Training_Old,NDUFS4,24.70595416833729,-0.04554927663578212,0.9636490266952572,0.9874581505658916,0,NS
Training_Old,DYNC1LI2,16.65736356119539,-0.0488191939986784,0.9395802936264872,0.979411498571001,0,NS
Training_Old,PSMD3,19.9815491199827,-0.03871485181486278,0.9354399355909564,0.983237024363966,0,NS
Training_Old,RASA4,19.749765252553416,-0.13647190847035515,0.8658398656849126,0.8792457680934485,0,NS
Training_Old,HNRNPR,19.248918843974497,0.10215062152129306,0.8278052680817009,0.8735209430398889,0,NS
Training_Old,TXNL1,21.09374860157215,0.05160794717249573,0.8719454266518887,0.9530744120582124,0,NS
Training_Old,TPD52L2,19.984030059924297,-0.04513983826302947,0.8869012694738848,0.9675026733886768,0,NS
Training_Old,ERI3,18.9066798916157,-0.2742547882848889,0.5100135337386771,0.4212181612969127,0,NS
Training_Old,AKR7A2,21.11250272853127,-0.00522465519616943,0.9954864063133828,0.99973362121165,0,NS
Training_Old,LAT,24.547391195702293,0.06535003261379302,0.9411232628892084,0.9750453550120424,0,NS
Training_Old,DENR,20.954578459446697,-0.00580283701303585,0.9954864063133828,0.999635538432222,0,NS
Training_Old,DNPH1,21.713022240201596,0.03841897596128518,0.9565813735798262,0.9875857304437264,0,NS
Training_Old,TIMM44,20.837313317922387,0.03038561211964108,0.9636490266952572,0.9917418011213592,0,NS
Training_Old,TRAPPC3,16.10923959531714,0.0029801328784913,0.9954864063133828,0.9999491358941606,0,NS
Training_Old,CHMP2A,19.41482791582852,-0.0101046060224732,0.989890169135206,0.9988009388259472,0,NS
Training_Old,NDUFB5,23.470591374779108,0.09910369641702488,0.8760527778984114,0.9181165129742664,0,NS
Training_Old,NDUFB3,23.907080382867942,0.0024629331209276,0.9954864063133828,0.999964246839744,0,NS
Training_Old,NDUFA2,24.54724018838515,-0.07552117840873152,0.9022036585020758,0.9525555601265886,0,NS
Training_Old,BUB3,16.052906865050232,-0.09146398266450008,0.8760527778984114,0.9247225418877786,0,NS
Training_Old,ACTN4,24.428062655549866,0.36727678652897566,0.8638644081028736,0.700285521775581,0,NS
Training_Old,GSTZ1,19.953186838865808,-0.26587484687018303,0.7013824725422744,0.6062814373781972,0,NS
Training_Old,PRKAB2,19.888380277047407,0.08026166724341266,0.860596056115936,0.9217472354531084,0,NS
Training_Old,AP1G1,16.55714884081572,0.16835841767398918,0.827145827681635,0.7967906284573104,0,NS
Training_Old,SYNGR2,20.200537825642883,-0.4793130727451391,0.17699564030738874,0.03684393627862279,-1,Down
Training_Old,SGTA,22.263135225776296,-0.06668541194904876,0.8760527778984114,0.9418282893966248,0,NS
Training_Old,ENSA,21.59675463551961,0.00465694528632099,0.9954864063133828,0.9998561957047236,0,NS
Training_Old,SLC25A20,20.89758237991226,0.06426113528903343,0.9350800325964116,0.9719215266346888,0,NS
Training_Old,NARS1,20.29266896343932,0.01567831603263414,0.989448788709926,0.9979383860217194,0,NS
Training_Old,LANCL1,21.531115010100716,-0.07547463426653067,0.8796796312115669,0.9407090375560572,0,NS
Training_Old,SLC37A4,18.570850684928832,-0.08620662640988286,0.9022036585020758,0.9491769558168311,0,NS
Training_Old,IDH3B,22.766704617771303,0.2938218482777337,0.37557096919395294,0.2633246674429275,0,NS
Training_Old,CALU,21.557318967376982,0.30697306064274343,0.3249336086327226,0.20020292764037265,0,NS
Training_Old,AHCYL1,19.52422099510231,0.1505429101784479,0.6762281531564756,0.7409432589457159,0,NS
Training_Old,NDUFS5,22.69157367846065,0.03034734080659618,0.9839019275271732,0.9945867973649232,0,NS
Training_Old,TIMM8A,19.691373046250952,0.08367109457818245,0.9411232628892084,0.967267708307709,0,NS
Training_Old,PPP1R12B,15.587303588088316,-0.02527438103219737,0.9932478468507332,0.997518985750888,0,NS
Training_Old,PRPSAP2,22.956039909109272,-0.04014836703469626,0.964044286843038,0.9900113751875,0,NS
Training_Old,SPAG9,15.835318173191952,0.15717490582213678,0.7983649865435387,0.7988390838251214,0,NS
Training_Old,OPA1,21.03777923004698,0.09893427551110534,0.8322638465093714,0.8885647918571375,0,NS
Training_Old,TBC1D4,17.522237209797368,0.05634982313882375,0.9022036585020758,0.9656852317759772,0,NS
Training_Old,SNX3,20.771783573187413,-0.09408970216460588,0.7201474796005275,0.8456295218680826,0,NS
Training_Old,SYNCRIP,18.606582824815472,-0.06444306982207948,0.8869012694738848,0.953120754601151,0,NS
Training_Old,SELENOF,13.634859580095178,0.13255751123139525,0.8869012694738848,0.9081005343806676,0,NS
Training_Old,KLHL41,25.349804220338505,0.16747359135266038,0.8815076258918112,0.8765986520205198,0,NS
Training_Old,PLIN3,23.650271697182852,0.05351201788980475,0.9022036585020758,0.9683816141572158,0,NS
Training_Old,KPNA6,19.99014777758764,0.14758800201420286,0.6536696690105152,0.7218768366914702,0,NS
Training_Old,SNX2,19.08219171556146,-0.05914424270599738,0.9018780081479816,0.9615075292397884,0,NS
Training_Old,USO1,22.546474776025203,-0.11547346469970776,0.8104835192834067,0.851702826768655,0,NS
Training_Old,TOM1,22.497302487372345,-0.116945101746861,0.7740146102746108,0.8387879896117818,0,NS
Training_Old,PFKFB2,19.996820575988195,0.1137586114899598,0.8638644081028736,0.8933619074823208,0,NS
Training_Old,EDF1,20.0001610935167,-0.0635095962359209,0.9022036585020758,0.960856804576626,0,NS
Training_Old,DNAJA2,22.85310175094614,0.12495038128458091,0.6536696690105152,0.7582340253493981,0,NS
Training_Old,CUTA,21.935414832647893,-0.2912425138037307,0.5392774424209327,0.4199065606891744,0,NS
Training_Old,PFDN1,19.505594101757776,-0.04619636704148888,0.9146282184309348,0.9767924345302984,0,NS
Training_Old,NOL3,21.631546123570388,-0.11964893363111884,0.8322638465093714,0.8662678979711771,0,NS
Training_Old,WDR1,23.676953938419462,0.08429173855532568,0.827145827681635,0.8920922086572033,0,NS
Training_Old,LDB3,27.065922370617336,0.02580679802095886,0.9721684164376724,0.9940806062725952,0,NS
Training_Old,CLASP2,17.03953403751402,-0.1393464325236451,0.8434535761381624,0.8516587543546447,0,NS
Training_Old,COBL,17.794148463668837,0.13226253516787523,0.8815076258918112,0.9014492517670676,0,NS
Training_Old,CPNE3,19.029648401393672,-0.09380908917807672,0.8278052680817009,0.8820564408667618,0,NS
Training_Old,CLUH,17.216646829720737,0.01953260052042083,0.9938126471141084,0.9983086726663528,0,NS
Training_Old,CAND2,22.939839829328054,-0.04925970542786473,0.9411232628892084,0.9801942118617564,0,NS
Training_Old,COQ9,25.05040779319311,-0.13782059433852112,0.6631443169069292,0.7460190766358882,0,NS
Training_Old,GGCT,20.976484965850062,-0.1805004015161238,0.5493760760036969,0.6004788177730905,0,NS
Training_Old,NDUFS7,22.69680628935427,0.04668628900166283,0.964044286843038,0.9884578745774264,0,NS
Training_Old,RTN2,25.931796958748304,-0.1258409671245886,0.6762281531564756,0.778774834853323,0,NS
Training_Old,NDUFS2,24.610797146274784,0.11979101146536664,0.8638644081028736,0.8899526276613219,0,NS
Training_Old,NIPSNAP2,25.8290920321075,-0.01686518489423605,0.9894155292205404,0.9974892456696854,0,NS
Training_Old,CILP,17.966104018969183,0.24305209099754777,0.6915317001116692,0.6258307991267621,0,NS
Training_Old,TBCA,21.538372901848614,-0.03342456695211737,0.9395802936264872,0.9860614382636532,0,NS
Training_Old,ATP6V1G1,16.88339393209582,-0.2236459224094709,0.3249336086327226,0.2945907154162962,0,NS
Training_Old,VPS4B,18.84648115102041,0.10775754424975403,0.8760527778984114,0.9103270779986986,0,NS
Training_Old,MACROH2A1,19.81762922274909,0.211505606925094,0.8760527778984114,0.8317527061444511,0,NS
Training_Old,SH3BGRL,17.089143888315583,0.4543949353831813,0.4087230746235698,0.15384878203494198,0,NS
Training_Old,FLNB,25.554849002570172,0.2598843179544943,0.6762281531564756,0.589869205429516,0,NS
Training_Old,NDUFS6,24.37569212057755,0.0376632329247677,0.964044286843038,0.990503255041036,0,NS
Training_Old,CS,26.525978813124706,-0.01490939331086593,0.9894155292205404,0.9977812268366968,0,NS
Training_Old,SEC22B,18.32071710369594,-0.04751310576734724,0.9022036585020758,0.9700351103692932,0,NS
Training_Old,MTX2,21.50235939765718,-0.00645731648559078,0.9954864063133828,0.9996451590259562,0,NS
Training_Old,VPS26A,18.679765396389513,-0.07116879915917451,0.8796373263781408,0.942961185964264,0,NS
Training_Old,NDUFB1,23.13098017198977,-0.03995695392962517,0.964044286843038,0.9899268542749708,0,NS
Training_Old,PMPCB,20.015614979540793,0.13932650108456102,0.7057171510226663,0.7703964291470031,0,NS
Training_Old,NDUFS3,24.020412492650188,-0.04512243101236279,0.9450465738715746,0.9838160809847052,0,NS
Training_Old,ECI2,23.73133907539212,-0.01443000667694249,0.9921509498092368,0.9984487427479743,0,NS
Training_Old,BANF1,22.84044428954883,0.2039430802686013,0.7564660176718055,0.7218877279120376,0,NS
Training_Old,CSDE1,19.573097226856753,-0.00672504483074831,0.9954864063133828,0.9995863046268784,0,NS
Training_Old,PRKRA,18.337778131244153,0.00382450361020758,0.9954864063133828,0.9999399225302557,0,NS
Training_Old,LYPLA1,21.825055179279488,0.02206622835770133,0.979596105495654,0.9952177405482584,0,NS
Training_Old,TIPRL,19.897173017316696,0.05754027428166708,0.8796796312115669,0.9539367256174666,0,NS
Training_Old,PPM1B,17.81925362777829,0.00301945839328254,0.9954864063133828,0.999936803927128,0,NS
Training_Old,SLC25A12,25.1368611396914,0.06163054816797597,0.8869012694738848,0.9546151908277226,0,NS
Training_Old,TCEA3,17.4823436925276,0.0952388487878757,0.8790448592205058,0.92330172147855,0,NS
Training_Old,EIF3G,19.865041655775386,0.07609965818113196,0.8796796312115669,0.9404783504078544,0,NS
Training_Old,EIF3J,22.845809252477785,0.02254798063152918,0.9569147359342124,0.9927281263887736,0,NS
Training_Old,PSMD10,20.664673336882593,-0.04530630440954653,0.908364110698336,0.9757705472084126,0,NS
Training_Old,IDH1,22.605394811376957,-0.09798487771995212,0.748189951683547,0.8506990107580994,0,NS
Training_Old,SCO1,22.87595391253165,0.2724512172903353,0.6094137141786704,0.5115506071107861,0,NS
Training_Old,ALDH1L1,21.30099790074801,-0.17906127509164804,0.6915317001116692,0.7100075148584455,0,NS
Training_Old,ARL6IP5,24.292395756799223,-0.05917336640782622,0.8869012694738848,0.9574395225953012,0,NS
Training_Old,DYSF,23.218929880006627,0.07075537867081394,0.862068355664064,0.931259321101444,0,NS
Training_Old,PIAS2,23.95945229358522,0.11892920364126525,0.8322638465093714,0.865354185408972,0,NS
Training_Old,DCTN3,17.203993230422096,0.2866968173127056,0.5493760760036969,0.44373225089774593,0,NS
Training_Old,ATP5PD,26.13286120211298,-0.03450549070932141,0.9411232628892084,0.986871673665061,0,NS
Training_Old,FLOT1,18.986544860096853,0.02246634134056435,0.9834489367848462,0.9958762565735731,0,NS
Training_Old,ATP5MG,26.0077979798532,-0.06681461670395095,0.8815076258918112,0.9486262672340404,0,NS
Training_Old,GLRX3,18.91212223377552,0.2156339746614897,0.5457266217037436,0.5388549216446685,0,NS
Training_Old,SNCG,16.028362549389303,0.380859256675663,0.5493760760036969,0.34268100563333664,0,NS
Training_Old,DDAH1,22.297576244358275,0.06584099831809809,0.9048014892038364,0.9623554190580916,0,NS
Training_Old,TPPP,16.036184552282815,-0.4126588210459907,0.35567814745375537,0.14486101750618535,0,NS
Training_Old,BAIAP3,23.104783165001702,-0.03192699156718959,0.9834489367848462,0.994159685650558,0,NS
Training_Old,TOMM70,19.779864929186285,-0.03477349268085561,0.9605279217845626,0.9896829144030338,0,NS
Training_Old,UFL1,16.160140242945417,-0.11578870158843912,0.8278052680817009,0.8569305750831536,0,NS
Training_Old,TMEM63A,19.781281928257165,0.088816615661095,0.9022036585020758,0.9483164997717156,0,NS
Training_Old,PLPBP,20.253537138459745,-0.12439051623352172,0.6562037546119697,0.7627853149051749,0,NS
Training_Old,ERLIN2,23.554954577073513,-0.08672755162060497,0.8894611870978172,0.9396925868215016,0,NS
Training_Old,ENDOD1,21.106918074028737,0.04351384010881176,0.908364110698336,0.976495607680434,0,NS
Training_Old,SEC31A,18.250127337033163,0.11987044246722788,0.7855048464935668,0.838151695401901,0,NS
Training_Old,NDUFB6,22.27338456622332,0.01712013533061096,0.9938126471141084,0.9985467900977132,0,NS
Training_Old,MFN2,17.733458559430087,-0.1467211542813729,0.6762281531564756,0.7405033637179743,0,NS
Training_Old,NDUFA3,22.56999099231678,-0.09236472763583949,0.908276497922918,0.9485706981339972,0,NS
Training_Old,NDUFB4,24.017185401494363,-0.00607397212570859,0.9954864063133828,0.9997920019365616,0,NS
Training_Old,NDUFB8,23.57185072123935,0.04546468707823337,0.9450465738715746,0.9837071280308756,0,NS
Training_Old,NDUFA7,23.3727581579446,0.08103418520328987,0.908364110698336,0.9579094020029298,0,NS
Training_Old,RTN3,19.13590421091039,0.06117739034931802,0.9573126275659122,0.9808747469882352,0,NS
Training_Old,LETM1,21.165588336194233,0.06407561748764579,0.908364110698336,0.9661757983388574,0,NS
Training_Old,STBD1,24.204003667978608,-0.03167485667513148,0.950079131066927,0.9891260375747888,0,NS
Training_Old,ZRANB2,20.14728448025148,0.02562497156831256,0.9954864063133828,0.9980521467539704,0,NS
Training_Old,EPM2A,20.45966863257272,-0.02399894381445833,0.989448788709926,0.997058025824447,0,NS
Training_Old,VAPB,23.34546261614166,-0.0971283609587026,0.8011473066483278,0.871682024767051,0,NS
Training_Old,NDUFC2,23.153349252787947,0.10447978586573116,0.9022036585020758,0.9388299087161038,0,NS
Training_Old,NDUFA10,24.176431696971445,0.10640891661493156,0.8760527778984114,0.9086498215998988,0,NS
Training_Old,PGLS,17.633885616717826,-0.0616755943250773,0.9255433365518796,0.9708964409561256,0,NS
Training_Old,TACC2,18.06726681939971,-0.20174602162574828,0.6352868884245729,0.6226373619181822,0,NS
Training_Old,LYPLA2,19.94599452554274,-0.02485173703474075,0.989448788709926,0.9965287157509096,0,NS
Training_Old,IPO7,20.152730190529184,-0.07677024203158922,0.9012775243515488,0.9500197652812182,0,NS
Training_Old,ARIH2,19.243316125866848,0.07892972866833503,0.9022036585020758,0.9497146491390562,0,NS
Training_Old,PGM3,17.317329566562652,-0.12836084864609631,0.8322638465093714,0.8487798733886314,0,NS
Training_Old,SVIL,17.628965368860815,-0.23203090195503864,0.8365679697765879,0.7614501607718831,0,NS
Training_Old,AHSA1,19.12670241696653,0.00934920334053401,0.9938126471141084,0.9991902362996112,0,NS
Training_Old,H6PD,18.818583931315587,-0.19784925055373392,0.5541385331267451,0.5790904904272302,0,NS
Training_Old,MPC2,22.78564379861677,-0.06462578510647532,0.908276497922918,0.9638270213938795,0,NS
Training_Old,ETHE1,17.39756971185419,-0.07367983552244084,0.899754204380663,0.951415291615316,0,NS
Training_Old,ACSL3,22.204884788917564,-0.0265457011479917,0.9636490266952572,0.9928204286186556,0,NS
Training_Old,ASMTL,17.637718575077166,-0.09262718019027716,0.8876988579960184,0.9353785256988338,0,NS
Training_Old,CDS2,18.45297431426133,-0.07744139520623605,0.8869012694738848,0.943475522378734,0,NS
Training_Old,SNAP29,16.511513997482048,-0.11378824144393108,0.8472934988006454,0.8790670360926366,0,NS
Training_Old,OXSR1,20.62826084726574,-0.08594754304136032,0.7552877616762494,0.8692931372006157,0,NS
Training_Old,LSM8,18.944903157691098,0.02870587428783366,0.9839479860037118,0.9951582409632052,0,NS
Training_Old,AP2A1,19.228405129518663,0.2044189525258986,0.5730936960236189,0.5808999814762789,0,NS
Training_Old,CAVIN2,19.74278618969645,-0.20285471119827747,0.49571318611143433,0.5138807675241717,0,NS
Training_Old,BAG2,14.61298573039326,-0.03189364448359555,0.9815064296357964,0.9938442313514042,0,NS
Training_Old,BAG3,23.399408050458124,0.16143726176168371,0.7677110828169772,0.7816025387327672,0,NS
Training_Old,MLYCD,16.67549538727743,-0.02870108278846928,0.989448788709926,0.9960969077025672,0,NS
Training_Old,AIFM1,24.287030137729037,-0.04391705316300332,0.9022036585020758,0.9731202820051174,0,NS
Training_Old,EML2,20.501760503454697,0.05187145895709477,0.9605279217845626,0.9843540450268088,0,NS
Training_Old,BPNT1,18.37883547883266,-0.01473589242528916,0.9921509498092368,0.998422098044267,0,NS
Training_Old,DDAH2,16.210432264598264,0.0043178337763301,0.9954864063133828,0.9998583948507426,0,NS
Training_Old,ABHD16A,14.876416308130077,-0.4646243500649394,0.4057684549293098,0.14618850120763793,0,NS
Training_Old,TXNDC12,19.115079531431665,-0.5880858743594715,0.6040884294529529,0.232911285355311,0,NS
Training_Old,NUDT3,18.229685143656056,-0.11283275634308863,0.8278052680817009,0.8601685945510662,0,NS
Training_Old,NDUFB10,24.84589048438532,-0.01921479920480351,0.989448788709926,0.9976923727776986,0,NS
Training_Old,CLPTM1,15.921570932919243,-0.2101373544931313,0.8001304851214254,0.7424567114127056,0,NS
Training_Old,MOCS2,18.454633578297553,-0.0264484557336182,0.9834489367848462,0.9952305078547434,0,NS
Training_Old,TOMM40,18.826091784290664,0.02633134531953018,0.9773434346302792,0.9942023893650472,0,NS
Training_Old,PEX11B,15.09796418271817,-0.2542507042413149,0.7119310143454388,0.6304445779626066,0,NS
Training_Old,CYB5A,17.11052868247609,-0.13735311171233988,0.8409231970169827,0.8524887438262495,0,NS
Training_Old,ADH1B,21.35318600111424,-0.6936272782708954,0.35119248634787037,0.03748721359354835,-1,Down
Training_Old,LDHA,29.158916759176307,0.09990577978879855,0.8939531382076433,0.9323150064531452,0,NS
Training_Old,ALDH1A1,23.86496258644634,-0.24883237450530515,0.5554833084316586,0.5069807835688797,0,NS
Training_Old,GLUD1,21.673884194808377,0.16077522151408274,0.6562037546119697,0.7047079333008546,0,NS
Training_Old,CYB5R3,24.517543908413224,-0.03641129676350374,0.9411232628892084,0.986334499451104,0,NS
Training_Old,GSR,21.334398783064156,0.04922846124276248,0.8869012694738848,0.9645752102151,0,NS
Training_Old,MT-CO1,21.623934814938877,0.2849621322417306,0.7057171510226663,0.5871859641903292,0,NS
Training_Old,MT-CO2,26.955358633861223,-0.01503957853580217,0.9932478468507332,0.9985073673360382,0,NS
Training_Old,MT-CO3,22.671476091596727,-0.0730972223111479,0.932550619739275,0.9678334987623756,0,NS
Training_Old,SOD1,26.15530932989125,-0.16132948069959596,0.6232994522217815,0.6774140835214738,0,NS
Training_Old,CP,20.954449970524703,-0.02912522737198486,0.9834489367848462,0.9947001492394876,0,NS
Training_Old,F13A1,18.08687568785512,0.12451355283197074,0.8939531382076433,0.9158644402222634,0,NS
Training_Old,HPRT1,18.171558047328897,0.5561969497316426,0.15763153206544178,0.00571812501476471,1,Up
Training_Old,GOT2,27.368267260119637,0.04111149731759056,0.9255433365518796,0.9809814457243516,0,NS
Training_Old,PGK1,29.030086065759708,0.04487998611369548,0.908364110698336,0.9762808787907288,0,NS
Training_Old,AK1,28.870262790169516,-0.04605991900433892,0.9395802936264872,0.9807748318375532,0,NS
Training_Old,MT-ATP6,25.3203578217936,-0.17626876689105586,0.827145827681635,0.7881256829336482,0,NS
Training_Old,CA2,27.371135136915075,-0.09406397183786196,0.8939531382076433,0.9359747517333528,0,NS
Training_Old,ASS1,19.660174883498325,-0.6467447911505246,0.32514653199023125,0.03742907534225371,-1,Down
Training_Old,CST3,20.125286506373207,0.15300208596316622,0.7564660176718055,0.7833611849363714,0,NS
Training_Old,CSTA,18.218692834575187,0.5629856697054052,0.6263823289459617,0.26029448646854514,0,NS
Training_Old,JCHAIN,16.482134530244405,-0.27803977295044646,0.862068355664064,0.7561317223137678,0,NS
Training_Old,HLA-B,15.55926720609746,0.10267673669199696,0.908364110698336,0.9463316839656272,0,NS
Training_Old,HLA-DRB1,19.77519445053032,-0.18604387775920017,0.8548593030677044,0.8132326644712247,0,NS
Training_Old,MB,33.61081632620287,-0.14275712658940876,0.6144335819906,0.7049903077889345,0,NS
Training_Old,COL1A1,20.082222106982854,0.02845917976490142,0.9954864063133828,0.9983140400739556,0,NS
Training_Old,COL3A1,21.194918712425128,0.34774707627468615,0.8638644081028736,0.7103512296594048,0,NS
Training_Old,COL4A1,21.39143579437815,-0.07924528349344229,0.9815064296357964,0.9842003843252812,0,NS
Training_Old,CRYAB,29.7184774226715,0.3477016115011118,0.41828438612854674,0.2484253123265267,0,NS
Training_Old,KRT14,21.735862371255894,0.01736323588904653,0.9954864063133828,0.9994389335070076,0,NS
Training_Old,LMNA,22.95640604256489,0.08565122907258527,0.9255433365518796,0.9598882709413866,0,NS
Training_Old,TNNC2,27.841683696457704,0.25238222151014256,0.855652243325369,0.7629645785379684,0,NS
Training_Old,APOE,16.802094698704828,-0.10893709006574426,0.9201796066191154,0.9474976335790783,0,NS
Training_Old,LRG1,18.371561612152657,-0.4159256673111216,0.4462991912265263,0.21420317865433183,0,NS
Training_Old,FN1,17.068188305105576,-0.13633927847985206,0.9395802936264872,0.9442549607194572,0,NS
Training_Old,RBP4,20.393688157865473,-0.2667398850091125,0.8278052680817009,0.7023159598514515,0,NS
Training_Old,TTR,22.882292763690337,0.01479386628120948,0.9954864063133828,0.9988782131135026,0,NS
Training_Old,PPBP,18.4551225445772,0.4092204280758765,0.6040884294529529,0.36246068860977343,0,NS
Training_Old,TFRC,16.77188201863427,-0.5341415101661795,0.5948819335268644,0.2618935352250505,0,NS
Training_Old,FTL,21.382795221081732,0.4093206854500089,0.855652243325369,0.651083325172725,0,NS
Training_Old,FTH1,25.458804855988504,0.1218351237630344,0.9255433365518796,0.9444877534334714,0,NS
Training_Old,MT2A,21.71058502133751,-0.5348906483378961,0.32514653199023125,0.06657804020754204,0,NS
Training_Old,MT-ND1,23.255083345282753,0.01793515369828213,0.9921509498092368,0.9980746064296472,0,NS
Training_Old,MT-ND2,20.03463207934594,0.1426121020831843,0.8796796312115669,0.8903181366730428,0,NS
Training_Old,MT-ND3,20.436421440214406,-0.1449650501644868,0.8638644081028736,0.869933351217471,0,NS
Training_Old,MT-ND4,21.379732403016977,-0.21774125372106568,0.7523374177671911,0.6995514339767089,0,NS
Training_Old,MT-ND5,23.120411361950357,0.23600680449220943,0.8325070871023319,0.7554237569086082,0,NS
Training_Old,MT-ATP8,22.94606321729593,0.08193826234921175,0.9048014892038364,0.9534125050517483,0,NS
Training_Old,CAT,22.459734558890045,-0.05826111910480236,0.9587732874757664,0.9819008264631768,0,NS
Training_Old,ALDOA,31.484659103403235,-0.03441652263099826,0.9354399355909564,0.9850174602505928,0,NS
Training_Old,CSTB,24.38996481453203,0.03543205603451582,0.9636490266952572,0.9904944236505748,0,NS
Training_Old,ANXA1,21.84219183471319,0.23839762724453095,0.7854619558568925,0.702947528775898,0,NS
Training_Old,SOD2,25.11745557749726,-0.06162107689370799,0.9411232628892084,0.9771177707765571,0,NS
Training_Old,KRT1,25.522073197169966,0.03278293687692368,0.9932478468507332,0.9969276637860056,0,NS
Training_Old,VWF,17.117809659775013,0.16462586947769253,0.8853012437989918,0.8811300853217039,0,NS
Training_Old,GAPDH,31.407624477615048,0.16638418864454252,0.5541385331267451,0.6335162707955508,0,NS
Training_Old,HLA-A,18.237746595325888,0.12583197776105592,0.8760527778984114,0.8929510353131702,0,NS
Training_Old,CAPNS1,23.06432438476822,0.10652299235508168,0.5305085679144143,0.7215356127214043,0,NS
Training_Old,HSPB1,29.539415617676703,0.376663015654124,0.4156948185360369,0.2194627827748436,0,NS
Training_Old,RPN1,21.34880925457332,0.00581894654418135,0.9954864063133828,0.9995742814255564,0,NS
Training_Old,RPN2,20.13233192139377,0.00219949564744226,0.9958870750292832,0.9999700076301524,0,NS
Training_Old,GNAI2,21.822248819064725,-0.03613765724666962,0.9274758320475892,0.9834662110062172,0,NS
Training_Old,ATP1A1,23.229493023875225,0.11041915483870568,0.6762281531564756,0.7972255402980025,0,NS
Training_Old,ATP1B1,22.82017649460657,0.07871570861737709,0.8322638465093714,0.9088090398675452,0,NS
Training_Old,APOD,21.726480785823657,-0.2896493562578435,0.7201474796005275,0.5966801200222513,0,NS
Training_Old,ALDH2,23.370827015030173,-0.10593343733369665,0.9022036585020758,0.935267664335004,0,NS
Training_Old,S100A8,21.664146011449972,0.2911685919148965,0.8650317615028188,0.7591509961089646,0,NS
Training_Old,SLC25A5,27.766691241291937,0.02079533048426896,0.9812174171683822,0.9956824656883942,0,NS
Training_Old,SERPING1,19.623612788058345,0.03314676695633878,0.9839479860037118,0.9943955090536026,0,NS
Training_Old,PCCA,19.179080376373392,-0.02564996228792182,0.9812174171683822,0.9946503295659492,0,NS
Training_Old,PCCB,18.298320774665605,0.02318213437433414,0.9839479860037118,0.9961283445775844,0,NS
Training_Old,EIF2S1,21.894250356707204,0.05529557081922931,0.8322638465093714,0.9341117411543454,0,NS
Training_Old,RPLP1,21.11362904970564,0.00759916916582525,0.9954864063133828,0.9997292962702,0,NS
Training_Old,RPLP2,22.9567989299382,0.2326885143040336,0.6752681371687593,0.6153106108866864,0,NS
Training_Old,RPLP0,21.25988008124769,0.15224203527488456,0.8322638465093714,0.8195316841778635,0,NS
Training_Old,FABP3,28.965810181930504,-0.14901085346441434,0.7892866411741039,0.8049646575148409,0,NS
Training_Old,CLEC3B,18.676810208382896,-0.07320445021140998,0.9354399355909564,0.9685266766038122,0,NS
Training_Old,SSB,16.550341304807613,0.0122927934677044,0.9954864063133828,0.9991951380167802,0,NS
Training_Old,ITGB1,20.16901234762769,-0.1154359845981503,0.6218601348680921,0.7557258419978273,0,NS
Training_Old,KRT18,24.916676085771915,0.2756151641975464,0.8434535761381624,0.7281450458003945,0,NS
Training_Old,KRT8,23.422232533302335,-0.00370177764830259,0.9990503129660636,0.9999677434449072,0,NS
Training_Old,MYL1,30.428305281262144,0.3902053450472458,0.7201474796005275,0.500619328598732,0,NS
Training_Old,GSN,23.521570307218216,0.4732099216011107,0.3249336086327226,0.08684594507020746,0,NS
Training_Old,PTMA,15.021839166693912,0.04111796075894425,0.964044286843038,0.9899009434900674,0,NS
Training_Old,ATP5F1B,28.43098239484724,0.07926651997942358,0.855652243325369,0.9207100473193764,0,NS
Training_Old,S100A9,21.635628027637708,0.3431721950039126,0.8278052680817009,0.6309030536071202,0,NS
Training_Old,S100A6,24.815226933912935,0.5322806257442174,0.6263823289459617,0.2822916511219544,0,NS
Training_Old,EIF4E,20.488107940549313,-0.06772584611678312,0.8720728289267548,0.9395348992548512,0,NS
Training_Old,CKM,32.39147208811944,-0.08495961991014411,0.7892866411741039,0.8832943298902027,0,NS
Training_Old,ENO1,29.94001076807693,0.1291532530679369,0.8322638465093714,0.8512190964448116,0,NS
Training_Old,PYGL,24.318576158907614,-0.05613619120006419,0.9636490266952572,0.9854181400743036,0,NS
Training_Old,GPI,27.451977947149167,0.0793218965295246,0.7878702890475845,0.8903553452165439,0,NS
Training_Old,NPM1,22.119362125332,-0.00760922470980318,0.9954864063133828,0.999595324560066,0,NS
Training_Old,TPM3,25.67890335016827,0.17978952519007407,0.9101456778570612,0.9100821045178924,0,NS
Training_Old,EPHX1,23.453659406753236,-0.01922435307547942,0.9920527753748756,0.9978424021407232,0,NS
Training_Old,DBI,25.446303834746715,-0.23493410759585487,0.5493760760036969,0.5132073699024355,0,NS
Training_Old,LDHB,25.04995014827807,-0.07854657029006162,0.9411232628892084,0.9689435892163288,0,NS
Training_Old,GPX1,21.75047152788109,-0.14242213121021052,0.5325118116072927,0.6485234109235701,0,NS
Training_Old,P4HB,24.369735929372723,0.0071428872229724,0.9938126471141084,0.9993937603975146,0,NS
Training_Old,H1-0,22.647943050275916,-0.23611786633372844,0.6915317001116692,0.6369168845658022,0,NS
Training_Old,CTSD,23.261282585881855,-0.1571869870936986,0.6263823289459617,0.6866999579515028,0,NS
Training_Old,ANXA2,24.433663781386503,0.14342193376477752,0.722976489753774,0.7776044423410162,0,NS
Training_Old,CAPN1,22.831458009390463,-0.05285442900045822,0.855652243325369,0.9446574058590418,0,NS
Training_Old,TUBB,26.25250568315112,0.21239749919837791,0.37557096919395294,0.37900316052068345,0,NS
Training_Old,CA3,30.95012109332983,-0.091376394147467,0.8638644081028736,0.9162242041699352,0,NS
Training_Old,DCN,23.38877286758882,-0.05661725177546017,0.9636490266952572,0.9851784407806452,0,NS
Training_Old,PSAP,24.127643675336884,-0.14732788864817792,0.76701005697458835,0.7976852367041549,0,NS
Training_Old,PFN1,25.498753709424843,4.057487820539052e-4,0.9995600586441044,0.9999981999124332,0,NS
Training_Old,BPGM,21.33904590988369,-0.06522962637100704,0.9411232628892084,0.9744026655402146,0,NS
Training_Old,APRT,21.939208959644407,0.09177257396278192,0.8322638465093714,0.895346102401558,0,NS
Training_Old,EPRS1,21.48131557521121,7.545535208457466e-4,0.9977296593480764,0.9999914661536802,0,NS
Training_Old,CTSB,20.18901648084543,0.15653392481183204,0.7092533704051387,0.7506459405166532,0,NS
Training_Old,HSP90AA1,25.922651317380343,0.03878997568128284,0.9255433365518796,0.9817105069936832,0,NS
Training_Old,UQCRH,25.056337325685295,0.05741204072065287,0.9022036585020758,0.963035395335414,0,NS
Training_Old,TPM2,27.39131941112277,0.25602475312403783,0.8760527778984114,0.7968494638548196,0,NS
Training_Old,FH,25.288960190312956,0.12417161307060454,0.5457266217037436,0.6959617814056854,0,NS
Training_Old,COL1A2,19.590194971216377,-0.08319689894053184,0.9894155292205404,0.9870903817788144,0,NS
Training_Old,ANXA6,26.661350398922387,0.07347956754592744,0.8322638465093714,0.90934085435995,0,NS
Training_Old,PFKM,27.620318224355128,-0.0227192138830965,0.9839479860037118,0.9960625740775702,0,NS
Training_Old,HSP90AB1,24.767030193515787,0.06855276310294656,0.8696871078268981,0.937888614821107,0,NS
Training_Old,SOD3,18.48061564688999,-0.43343645583269463,0.5095315396891543,0.24942108463218135,0,NS
Training_Old,CTSG,17.977382625924722,0.0985102140828964,0.9773434346302792,0.9784156356112526,0,NS
Training_Old,PDHA1,25.583241906359323,0.00132138181040986,0.9954864063133828,0.9999786293400736,0,NS
Training_Old,COL4A2,21.369516721299014,-0.04386190303766213,0.989448788709926,0.9946792135838451,0,NS
Training_Old,CYC1,26.881585540803147,0.06291319443205623,0.8916857034402946,0.9562379237514372,0,NS
Training_Old,MYL3,28.0697801886455,0.03972535897397122,0.9932478468507332,0.9958774095144548,0,NS
Training_Old,SNRNP70,14.61721643349383,-0.1132423748512501,0.8796373263781408,0.9110807421325368,0,NS
Training_Old,NFIC,18.432867732406145,-0.12953542877342983,0.855652243325369,0.8728343955920296,0,NS
Training_Old,VIM,24.87989431630527,0.1841020562165845,0.8548593030677044,0.818152791867761,0,NS
Training_Old,SERPINF2,18.27468209291369,0.07013579366600453,0.9354399355909564,0.9697351055504302,0,NS
Training_Old,RPS17,20.810447159447573,0.2651134886153024,0.4462991912265263,0.38130395062662614,0,NS
Training_Old,KRT19,25.17198415484452,0.18172665087227105,0.9022036585020758,0.895008415569413,0,NS
Training_Old,ANXA5,23.860265674880345,-0.04816485316001007,0.936318917411908,0.9794272770501056,0,NS
Training_Old,RPSA,22.218561343284584,0.21038616949520517,0.4488432411682777,0.4699810655670906,0,NS
Training_Old,SNRPA,18.318834740819916,0.06831718380379215,0.9022036585020758,0.958431622072102,0,NS
Training_Old,ENO2,30.08763714700968,0.17600502463770695,0.6912435967267507,0.710060305453983,0,NS
Training_Old,ACAA1,20.035086474667008,-0.08409295690970708,0.8802129605728943,0.9347101960938063,0,NS
Training_Old,GSTP1,25.353482398020265,-0.1986817570446071,0.4462991912265263,0.4824137472596002,0,NS
Training_Old,LGALS1,26.534413075461643,6.649197168648868e-4,0.9995600586441044,0.9999977943899602,0,NS
Training_Old,QDPR,23.902434141901292,-0.14952861864727396,0.6762281531564756,0.7335913444453775,0,NS
Training_Old,HMGB1,21.42812588067763,-0.11937875935343456,0.7219752546624609,0.8100578084599115,0,NS
Training_Old,RBP1,19.608485233123808,NA,NA,NA,0,NS
Training_Old,FBP1,25.845942409657308,-0.23340481322766848,0.8322638465093714,0.7568318356834017,0,NS
Training_Old,GSTM1,22.339673882035164,0.5981838505021848,0.8322638465093714,0.4613510745697803,0,NS
Training_Old,TPM1,28.46386423145315,0.2927555295451931,0.8575118656902375,0.7387065848375449,0,NS
Training_Old,CLTB,18.982645910744697,-0.01683297816636653,0.9839479860037118,0.9971237021016972,0,NS
Training_Old,ANXA4,19.886436609148223,0.08409943662660524,0.8815076258918112,0.9359977588853348,0,NS
Training_Old,HMOX1,16.90195491471642,-0.18179563028893497,0.8815076258918112,0.8671216465053974,0,NS
Training_Old,DLD,25.65460171631506,-0.04448029878865967,0.9022036585020758,0.9738409142708412,0,NS
Training_Old,HNRNPA1,18.469491676725863,-0.05479385863312203,0.9496049149362232,0.9811663655975476,0,NS
Training_Old,COX6C,26.53957291437063,0.09790573440969652,0.9022036585020758,0.9387921075373314,0,NS
Training_Old,PARP1,19.463111762198288,0.11857303225145088,0.7569228823744022,0.8298869231972583,0,NS
Training_Old,IFIT2,25.723296269875146,-0.12320841159872488,0.855652243325369,0.878434177259565,0,NS
Training_Old,UCHL1,22.296710928397403,0.12354858331945096,0.908364110698336,0.9367213249031678,0,NS
Training_Old,LTA4H,23.562967866481532,-0.04312950714538743,0.908364110698336,0.9772550847348176,0,NS
Training_Old,ALDOC,26.3742951146504,0.21608023799997864,0.9255433365518796,0.9038463644199916,0,NS
Training_Old,LIMS3,17.084431445067697,0.17077154909279457,0.7109698936461699,0.7326963509217422,0,NS
Training_Old,HSPA1A,26.57516132337584,-0.11004303957564332,0.76701005697458835,0.8449979418917313,0,NS
Training_Old,CALM1,27.14050525732191,0.15562523703429676,0.6273831272775889,0.6916476299838182,0,NS
Training_Old,FDX1,17.430279274878902,-0.2255928921117878,0.8322638465093714,0.7519339812309831,0,NS
Training_Old,COX8A,21.456517430881096,0.10692377885481363,0.908364110698336,0.9428524143948012,0,NS
Training_Old,GAA,18.148986535839747,-0.06301936549033371,0.9411232628892084,0.975563202768186,0,NS
Training_Old,RRAS,21.47399492613833,-0.02893686950650931,0.964044286843038,0.9928957701747174,0,NS
Training_Old,ARAF,15.269332212000982,-0.09804250521890444,0.9255433365518796,0.9544390819345444,0,NS
Training_Old,DLAT,24.937521731356657,-0.02824447105059135,0.9411232628892084,0.9890697723995544,0,NS
Training_Old,TXN,25.50720102401325,-0.07567955720375252,0.8760527778984114,0.9360001377605188,0,NS
Training_Old,COX5B,26.88782107438663,0.12806275711238868,0.8338777421362406,0.8594403903856088,0,NS
Training_Old,MAPT,22.99234308119329,0.07053964081762842,0.8869012694738848,0.9480880471376762,0,NS
Training_Old,PRKAR1A,24.17016290013299,-0.00182413641156031,0.9954864063133828,0.9999631975098232,0,NS
Training_Old,ESD,24.82065536726824,-0.0503821126683448,0.9518122752255262,0.9830689158249082,0,NS
Training_Old,HSPD1,24.462633839156528,0.03604678708443032,0.9255433365518796,0.983166561126724,0,NS
Training_Old,THRB,22.834733521556476,0.27022731879128514,0.8869012694738848,0.8163123170853058,0,NS
Training_Old,CLU,19.623256235355512,-0.09171604712044255,0.9255433365518796,0.9578936170825828,0,NS
Training_Old,MYL2,28.292797306054563,0.210095717675177,0.8869012694738848,0.8583485580581949,0,NS
Training_Old,HSPA5,23.862290967503217,0.07500633180665162,0.8322638465093714,0.9134852698044368,0,NS
Training_Old,LAMC1,20.053718187684925,0.01442703887533625,0.9954864063133828,0.9993084974230048,0,NS
Training_Old,MYH3,25.51836865300102,-0.407190382025334,0.8638644081028736,0.6736775324910124,0,NS
Training_Old,HSPA8,26.87253093032458,0.01447759671846427,0.9812174171683822,0.9970198009865434,0,NS
Training_Old,EPB41,18.351693726332304,0.26459691078668257,0.7564660176718055,0.6546676700504693,0,NS
Training_Old,PDHB,25.47961312000195,-0.02057751722405498,0.9636490266952572,0.9941845358051764,0,NS
Training_Old,DBT,20.29655400146033,-0.04419711801277515,0.9636490266952572,0.9882831905219231,0,NS
Training_Old,PYGB,29.108400044106844,-0.1380640151129704,0.6762281531564756,0.7583679706650374,0,NS
Training_Old,PYGM,29.263837832172204,-0.13046795077731943,0.7076078922841695,0.7846033986469021,0,NS
Training_Old,RALA,20.462398203664023,-0.00694125752734464,0.9954864063133828,0.9995857134698384,0,NS
Training_Old,SPTB,21.615545889033186,-0.08563940517530355,0.9022036585020758,0.9470879037845092,0,NS
Training_Old,LAMP1,18.79165603050338,0.05962703213859299,0.9022036585020758,0.963269974053301,0,NS
Training_Old,ACADM,24.402218232824517,0.09615179098348749,0.8760527778984114,0.9180583088619636,0,NS
Training_Old,UBL4A,16.306146934052627,-0.12602279360334734,0.8548593030677044,0.8717363169818045,0,NS
Training_Old,DMD,23.153058020638877,-0.143872913675267,0.6218601348680921,0.7056399378337588,0,NS
Training_Old,MTHFD1,22.53268957350119,-0.04434805373458417,0.8869012694738848,0.967548029746734,0,NS
Training_Old,ADH5,23.860997072763706,-0.0981789573506866,0.8322638465093714,0.888831343614465,0,NS
Training_Old,PABPC1,20.131746995829378,-0.04491146594599726,0.899754204380663,0.9699933187366944,0,NS
Training_Old,HARS1,18.728491483041005,-0.00138771313007524,0.9954864063133828,0.9999796152910214,0,NS
Training_Old,COL6A1,20.443035969754977,0.11936559945625902,0.9411232628892084,0.9559458653088928,0,NS
Training_Old,COL6A2,19.314746779566576,0.25522025166737095,0.8760527778984114,0.8027695568442127,0,NS
Training_Old,COL6A3,20.766972616647433,0.25612714080242327,0.8638644081028736,0.7760718434117426,0,NS
Training_Old,SLC25A4,27.067343955714698,0.0439476983119853,0.9569147359342124,0.9860741515248694,0,NS
Training_Old,SLC25A6,26.894469698957433,0.00666377899591807,0.9954864063133828,0.999811116041656,0,NS
Training_Old,IMPDH2,22.18047902492947,0.11631957616472732,0.722976489753774,0.8149861462983798,0,NS
Training_Old,CKB,31.116680047345792,-0.08592338065652783,0.8322638465093714,0.896970308553146,0,NS
Training_Old,ANXA3,19.036845934129623,-0.573786173046301,0.16809033211750346,0.01237764034405024,-1,Down
Training_Old,BCKDHA,18.06876108884397,-0.1283901993370975,0.8719454266518887,0.8879196522397372,0,NS
Training_Old,ACTN1,24.125583727005225,0.38374360180347367,0.8805933127838554,0.7359196821171456,0,NS
Training_Old,MYH1,28.77485375905534,-0.12464073784792971,0.9569147359342124,0.9607721793516996,0,NS
Training_Old,MYH7,29.25453863457152,0.24314529356039216,0.8796373263781408,0.8182297375903447,0,NS
Training_Old,PEPD,18.962191705323693,-0.14384665332497093,0.7201474796005275,0.7742066002854101,0,NS
Training_Old,XRCC6,19.650918916114012,0.02433713481403998,0.9636490266952572,0.9935996158179872,0,NS
Training_Old,XRCC5,19.706482329794444,-0.07254753067807584,0.860596056115936,0.928756744531314,0,NS
Training_Old,COX4I1,27.13596586642058,-0.0101717708633231,0.9954864063133828,0.9992791738625068,0,NS
Training_Old,IFITM1,15.934303796139636,-0.11622209110159076,0.8613366060415075,0.8892357361242381,0,NS
Training_Old,LAMP2,22.643768874453595,-0.1350184291186558,0.860596056115936,0.871533703234411,0,NS
Training_Old,RNH1,24.144687495726963,-0.08469841477268858,0.8322638465093714,0.8998942061057412,0,NS
Training_Old,MYH8,19.91368877909568,0.01091265883751901,0.9954864063133828,0.9997066860087102,0,NS
Training_Old,VCAN,21.63900196645317,-0.3110543221268429,0.3249336086327226,0.17424209754698225,0,NS
Training_Old,EEF2,24.782165388321797,0.0831205986114476,0.6882571249541954,0.8499491016758686,0,NS
Training_Old,KRT10,25.5470388341646,0.13774088226649894,0.9255433365518796,0.937837431550236,0,NS
Training_Old,KRT5,20.968072611917428,0.06192031546581589,0.9839479860037118,0.9896933202599488,0,NS
Training_Old,PDIA4,21.362390271477334,0.30062086550557865,0.5457266217037436,0.41615214173954473,0,NS
Training_Old,TPT1,24.13371294431874,-0.05309510141011486,0.9395802936264872,0.977803890787099,0,NS
Training_Old,ALAD,22.86364919475073,0.0864043178922067,0.9022036585020758,0.9463501574361792,0,NS
Training_Old,LCP1,18.541455891027955,0.3238530800743291,0.3249336086327226,0.16002283859467206,0,NS
Training_Old,PLS3,19.484955381446607,0.1792154647529678,0.7145379261805898,0.7235845351855373,0,NS
Training_Old,APEH,24.280278203232633,0.0235032221982685,0.9569373016187448,0.9925760807181924,0,NS
Training_Old,ETFA,24.80930848687998,-0.1000056169607042,0.855652243325369,0.9003101493620149,0,NS
Training_Old,TNNT1,26.112030244384137,0.08790930973157529,0.967641994404244,0.9791270900181892,0,NS
Training_Old,GYS1,24.49244787113467,0.103767294464987,0.8322638465093714,0.8835182900232834,0,NS
Training_Old,PRKAR2A,23.579540288114075,-0.02487578788056765,0.95238533415494675,0.9916494542233034,0,NS
Training_Old,ENO3,30.133537729112696,0.1294203719657574,0.6563896514531411,0.7547802976840975,0,NS
Training_Old,CD59,24.440634889171896,-0.04904948242580076,0.9048842214871984,0.971995805822318,0,NS
Training_Old,MIF,25.28538949439101,0.07079086362108455,0.9022036585020758,0.9584270097361994,0,NS
Training_Old,CD99,18.41572801281717,0.3000324253731961,0.5626159977951446,0.44466973701785223,0,NS
Training_Old,PRKCSH,20.28506361299437,-0.01422773671255583,0.9894155292205404,0.9979269820580438,0,NS
Training_Old,FDPS,20.30221847364775,-0.03561354425184859,0.9022036585020758,0.978846224052826,0,NS
Training_Old,COX7A2,22.585223874944493,0.13987404859125263,0.8383000186922706,0.8491987570343272,0,NS
Training_Old,NID1,18.360147284873264,0.11479673793769862,0.9354399355909564,0.9507974506634568,0,NS
Training_Old,AKR1A1,26.74022176321,-0.00708157147235155,0.9954864063133828,0.9995741133045444,0,NS
Training_Old,PKM,29.18068712388038,0.13090795922651566,0.6536696690105152,0.747943978402813,0,NS
Training_Old,ACYP2,25.23684068657341,0.06215075792193403,0.8869012694738848,0.9548074263956688,0,NS
Training_Old,HSP90B1,24.46429596333309,0.11788324499978133,0.6915317001116692,0.7968999597469453,0,NS
Training_Old,MYL6B,23.363614261441093,0.19276160075839144,0.9255433365518796,0.913831619732945,0,NS
Training_Old,SLC2A4,17.571062734542295,0.4026649246032825,0.4462991912265263,0.2264760208350776,0,NS
Training_Old,IDE,18.386886188485892,0.08852705938911498,0.855652243325369,0.910477003822116,0,NS
Training_Old,COX6B1,25.339333269731902,0.10135679728209368,0.8760527778984114,0.917214254193331,0,NS
Training_Old,HNRNPL,17.416509016198788,0.1429430192768919,0.7237452654912476,0.7794481512146758,0,NS
Training_Old,DARS1,20.94285767603591,0.05468936222331067,0.908364110698336,0.9710851674029112,0,NS
Training_Old,JUP,19.5978716675808,0.24887003545962116,0.7564660176718055,0.6725294104318257,0,NS
Training_Old,UQCRB,25.91554707766521,0.0710418335304972,0.874120913877266,0.937153427926758,0,NS
Training_Old,CPA3,19.85733816245482,-0.3091721139304191,0.6473279764191526,0.49540787916110246,0,NS
Training_Old,FABP4,27.098265394076524,-0.1359700822512373,0.7424859223567235,0.7965128658539036,0,NS
Training_Old,GLUL,15.520172015886237,-0.258903821874366,0.6915317001116692,0.6083877755063418,0,NS
Training_Old,AKR1B1,27.0627994856198,-0.10105876235892096,0.7723292351585319,0.8586037088402967,0,NS
Training_Old,GSPT1,18.369871804131872,0.01026841440056358,0.9921509498092368,0.9989034965675726,0,NS
Training_Old,PGAM2,29.083315711463253,-0.03925214589009229,0.9411232628892084,0.9850153652923448,0,NS
Training_Old,EZR,20.673291390255187,0.19648675425500173,0.8365679697765879,0.7937463285429881,0,NS
Training_Old,UCHL3,21.846601338782072,0.1051983053595258,0.8001304851214254,0.8613278210212378,0,NS
Training_Old,NME1,21.696092639553367,0.1367924485386105,0.6353161094517655,0.727235217893126,0,NS
Training_Old,RPS2,21.619996956590853,0.2701886052893414,0.4409935121139016,0.360691203350022,0,NS
Training_Old,RPA2,18.02071228344516,0.02140061538250748,0.9921509498092368,0.99767061019081,0,NS
Training_Old,COX7C,25.990855622649196,0.03318717479757183,0.9834489367848462,0.99386375577908,0,NS
Training_Old,NQO2,22.414795765632785,-0.25834336545126035,0.8805933127838554,0.8132108455486975,0,NS
Training_Old,PFKFB1,22.548585636515675,0.35860028531462973,0.45538569657653694,0.28046583512636464,0,NS
Training_Old,CBR1,22.86672927105032,0.2352464782271042,0.4462991912265263,0.4208558645206366,0,NS
Training_Old,ANK1,19.321056196168417,0.24620790155221073,0.7983649865435387,0.7037531596521289,0,NS
Training_Old,ACADS,24.529858804861934,-0.33958440210338736,0.5095315396891543,0.338042521071336,0,NS
Training_Old,PPP3CB,21.772693018046706,-0.17759775668977795,0.5948819335268644,0.6404253095199984,0,NS
Training_Old,ATP2A2,28.493920684558347,-0.2289492308779444,0.4256994693092333,0.4023277464216829,0,NS
Training_Old,CD36,23.581702958073997,0.09349331122514926,0.908364110698336,0.9499081771701549,0,NS
Training_Old,FAH,21.33851811862295,-0.01301227879397615,0.9920527753748756,0.9985387750770012,0,NS
Training_Old,YBX3,22.59478110160568,-0.07390794156412639,0.8869012694738848,0.946298768779603,0,NS
Training_Old,TMEM11,23.02000137797014,0.07546014345030727,0.8760527778984114,0.9338962788476336,0,NS
Training_Old,GOT1,26.990674289766137,-0.10008440008917674,0.7564660176718055,0.8518107888765303,0,NS
Training_Old,CKMT2,27.75448024106721,0.0701579000458814,0.908364110698336,0.963491546673366,0,NS
Training_Old,NDUFB7,22.53257329558948,-0.05556464793249205,0.950079131066927,0.9811042913347812,0,NS
Training_Old,PRKACA,23.627070571311975,0.04204810972835915,0.9012775243515488,0.9722388653007016,0,NS
Training_Old,CAPN2,22.858083518918413,0.20279263319011065,0.4488432411682777,0.4822837887444924,0,NS
Training_Old,DES,24.458833535777295,0.21002828314075472,0.8815076258918112,0.8473256350358106,0,NS
Training_Old,PFKL,26.026778536747734,0.023316441155945,0.989448788709926,0.9968331462131972,0,NS
Training_Old,LGALS3,20.266818989764385,0.33356930176142185,0.4057684549293098,0.2487363716966901,0,NS
Training_Old,FLT1,20.97830612884773,0.04244671916208986,0.9938126471141084,0.9965431201206282,0,NS
Training_Old,PSMC3,22.135064177900187,0.0690326860456274,0.7752315408175143,0.9016647479062972,0,NS
Training_Old,TCP1,21.44767016818789,0.09790522828887303,0.7424859223567235,0.8489098962090971,0,NS
Training_Old,RPL35A,20.058830027490437,-0.01703231062203514,0.9954864063133828,0.9989652624071432,0,NS
Training_Old,ARF4,17.163783146955723,-0.01976646935308323,0.9932478468507332,0.9981480835611324,0,NS
Training_Old,RPL7,22.21897020244778,0.21433983953098237,0.7892866411741039,0.7318775181092135,0,NS
Training_Old,VCL,24.10671752802788,0.06171005914584526,0.8322638465093714,0.9234801438911514,0,NS
Training_Old,RPL17,20.8642762013193,0.1412783560301314,0.8305408751495784,0.8305054047370701,0,NS
Training_Old,PGAM1,28.99983718393705,0.03488293829153477,0.9411232628892084,0.9861828745588804,0,NS
Training_Old,ATP5PF,25.07775713350797,0.0909065777873792,0.8638644081028736,0.9159659767465308,0,NS
Training_Old,TSPAN8,18.04313339643797,-0.4472237950018503,0.32864178077812667,0.1059675411857496,0,NS
Training_Old,TNNI1,26.044553215454656,0.06156904293928633,0.9839479860037118,0.9893536080292156,0,NS
Training_Old,NCL,21.850603153112193,0.01874148164779399,0.989448788709926,0.9973967428335484,0,NS
Training_Old,HK1,24.20319401065262,0.14669869130481317,0.5457266217037436,0.6560416949633885,0,NS
Training_Old,NDUFV2,25.413232555429797,0.03175762636594825,0.9753828519627752,0.992877344294941,0,NS
Training_Old,SRM,20.36428757748818,0.14055523051918328,0.9333286833038796,0.9392685572772724,0,NS
Training_Old,TYMP,16.15634961919419,0.13127410885350344,0.8293148436694736,0.8410127858088949,0,NS
Training_Old,ATP2B1,15.802648334460075,-0.11582249348701978,0.8760527778984114,0.9055432849553244,0,NS
Training_Old,EIF2S2,18.754516981890724,0.06935695194042424,0.8790448592205058,0.9432216684147382,0,NS
Training_Old,ANXA7,27.19529136877724,-0.10753947427624412,0.6353161094517655,0.7782548315075113,0,NS
Training_Old,TPSB2,21.22471783263944,0.10981546892765692,0.9082719035139456,0.9389300640750406,0,NS
Training_Old,BTF3,20.12839503788418,-0.00288890440829092,0.9954864063133828,0.9999490386619534,0,NS
Training_Old,RAB6A,19.156348530575983,0.08067248850884567,0.9006476993560807,0.947230320454994,0,NS
Training_Old,PVALB,22.536822357803604,-0.6489766554411389,0.8322638465093714,0.4411807639495678,0,NS
Training_Old,PSMB1,22.993671680451783,0.0038438594409591,0.9954864063133828,0.9997899462880137,0,NS
Training_Old,COX5A,26.63783132660122,0.04827782564014882,0.950079131066927,0.9835540430606662,0,NS
Training_Old,CAPN3,21.82320029993031,0.1159925562650983,0.8638644081028736,0.8942440267948497,0,NS
Training_Old,CAST,21.587925160875844,0.1902953459227561,0.5918956048684009,0.6152843614526315,0,NS
Training_Old,NEB,24.648167262970777,-0.04200609845049641,0.989448788709926,0.9944875202260056,0,NS
Training_Old,PTMS,20.623239028412293,-0.03287842953252351,0.9821057538223537,0.9937608806681936,0,NS
Training_Old,GSTM3,25.401333210352664,0.05576998586546722,0.9496049149362232,0.980791879030193,0,NS
Training_Old,ATP6V1B2,19.687362494397085,-0.07862445636104098,0.8620866573364454,0.9242048107943548,0,NS
Training_Old,CSRP1,23.58645178370027,0.42483500500770083,0.4880360377787217,0.2430673804674132,0,NS
Training_Old,FLNA,26.18561949833851,0.2681236036535175,0.6352868884245729,0.5329696042329091,0,NS
Training_Old,MAOA,22.37276180542368,-0.1940282752457172,0.7092533704051387,0.7000626181725321,0,NS
Training_Old,ACO1,21.66530041070772,-0.10021277664684902,0.8132253167980182,0.870392285947984,0,NS
Training_Old,GPD1,26.68265798900156,-0.04259154430210188,0.9411232628892084,0.9829780555525154,0,NS
Training_Old,VDAC1,27.47079951504452,-0.1385227228145638,0.658833727898212,0.7427064986484102,0,NS
Training_Old,BGN,19.557248156637876,-0.02466094252961426,0.989448788709926,0.9966721708327658,0,NS
Training_Old,RYR1,24.38239903920973,-0.0590045260667793,0.8869012694738848,0.957147257062408,0,NS
Training_Old,SDHB,25.20212091950734,-0.06650679877677135,0.8815076258918112,0.949299033038816,0,NS
Training_Old,COMT,20.63440644769074,0.06913317758640858,0.8869012694738848,0.9492036138061684,0,NS
Training_Old,TGM2,18.103104604262622,0.3827101299670907,0.4571502931492847,0.258899890258292,0,NS
Training_Old,MMUT,17.91641953225591,0.05144222592456415,0.959308930336594,0.9841560058954816,0,NS
Training_Old,OSBP,18.662448461028767,0.01874085611824583,0.964044286843038,0.99531472646754,0,NS
Training_Old,PCMT1,23.9258854951602,-0.04605161570578176,0.908364110698336,0.9753664964243832,0,NS
Training_Old,GART,19.51074228816498,0.04370775209936184,0.902795848603386,0.9743514029203136,0,NS
Training_Old,PAICS,19.403620045253408,0.0060793821124534,0.9954864063133828,0.9995687645286244,0,NS
Training_Old,SCP2,17.91529871463645,0.2262375583866003,0.6263823289459617,0.5844752124306873,0,NS
Training_Old,UBA1,23.793897278654505,-0.0422724559491634,0.8980720244440918,0.9714867898303802,0,NS
Training_Old,GPX3,19.442618225533337,-0.4118148136203388,0.3249336086327226,0.11623713440201956,0,NS
Training_Old,NME2,24.688558764618428,0.1975784140629635,0.4373447950946092,0.4648218165708805,0,NS
Training_Old,FDXR,18.015630140519807,0.00729623285741354,0.9954864063133828,0.9996923791194507,0,NS
Training_Old,HNRNPA2B1,20.748645574295686,0.00493064518289188,0.9954864063133828,0.9998353144589144,0,NS
Training_Old,UQCRC2,27.27013835662287,0.06050411184093107,0.8853012437989918,0.9545228716460082,0,NS
Training_Old,FECH,21.811690768276343,0.03263978447526483,0.9569147359342124,0.9896563789487716,0,NS
Training_Old,AMPD1,24.601844257613287,0.0296142021095811,0.989448788709926,0.9963002690640802,0,NS
Training_Old,FBLN1,17.872294993757194,-0.14014983040047113,0.860596056115936,0.8674283062471018,0,NS
Training_Old,SFPQ,17.077159079517994,0.12689589732451978,0.8760527778984114,0.8916672570205806,0,NS
Training_Old,PPIB,19.67897099651961,0.2998060692949345,0.4462991912265263,0.32811877957556557,0,NS
Training_Old,S100A1,25.980160938514953,-0.04100382643165901,0.9815064296357964,0.992032601704441,0,NS
Training_Old,HRC,23.533823486791174,0.03567876644766343,0.9411232628892084,0.9855520519849,0,NS
Training_Old,ME2,20.34530209869442,0.1788282203568059,0.7237452654912476,0.7324240815908368,0,NS
Training_Old,WARS1,22.456922408376727,-0.10720320433116726,0.7591244206420252,0.8460166726001588,0,NS
Training_Old,RPS3,24.62723445111114,0.15657104977604064,0.7076078922841695,0.747744370982444,0,NS
Training_Old,GCSH,20.606452035098663,-0.11602447303440756,0.8760527778984114,0.9030444083639312,0,NS
Training_Old,AHCY,23.5515890304783,-0.08164251171575998,0.8278052680817009,0.8969767209185566,0,NS
Training_Old,CFL1,26.28274606181248,0.05737582402629826,0.9123886741918024,0.9708988045422112,0,NS
Training_Old,EIF4B,19.868303252412204,-0.13641325860441,0.6674433139600582,0.7497551922926617,0,NS
Training_Old,ATP2B4,18.34676522405751,-0.05488488922522805,0.9022036585020758,0.9667602190328948,0,NS
Training_Old,CPT2,22.088512769224018,-0.15250819496448287,0.7092533704051387,0.755509507643651,0,NS
Training_Old,LAMA2,18.94784990243492,0.08154478771907137,0.9411232628892084,0.9691948492189932,0,NS
Training_Old,GPT,23.017150104431217,-0.22326343972385845,0.6461957837692873,0.6009508573234811,0,NS
Training_Old,COX7A1,26.169176287414626,0.02085450535630428,0.989448788709926,0.9974750978107062,0,NS
Training_Old,COX7B,20.259752461685352,-0.03045712773361941,0.989448788709926,0.9958017093469002,0,NS
Training_Old,EEF1B2,22.95303018007492,0.07790676863394808,0.8760527778984114,0.933036391500947,0,NS
Training_Old,ATP5PB,25.625219901045615,-0.0796906732819096,0.8548593030677044,0.9167517255301592,0,NS
Training_Old,ACP1,22.549921257006694,0.03660023707990589,0.9418295938912185,0.9864807595924984,0,NS
Training_Old,ACAT1,26.222053129919537,-0.11230159541257125,0.7477453799988734,0.8300898794072883,0,NS
Training_Old,MYL9,18.39955947327527,0.4209543999846801,0.7564660176718055,0.5052038059610499,0,NS
Training_Old,AZGP1,20.351895609479257,-0.15765406811831895,0.7591244206420252,0.782046740566845,0,NS
Training_Old,MPST,22.10042928023048,-0.26579019270803883,0.34152102225365166,0.27143548243736243,0,NS
Training_Old,RPS12,22.117562265943064,0.2856091134216321,0.38881039228026354,0.28232340393093186,0,NS
Training_Old,DNAJB2,17.700238846094944,-0.21122295728688556,0.5948819335268644,0.5875293599510654,0,NS
Training_Old,ATP5F1A,28.059633821042382,0.00421134478110118,0.9954864063133828,0.99982676665205406,0,NS
Training_Old,PSMA1,23.130195642505235,0.00463370258293949,0.9954864063133828,0.9996879615521852,0,NS
Training_Old,PSMA2,22.042510858625224,0.01150889507110619,0.9932478468507332,0.9987987503283676,0,NS
Training_Old,PSMA3,23.562179887268304,0.00951873213250564,0.989448788709926,0.998827650939478,0,NS
Training_Old,PSMA4,22.98213506285924,0.07389417448925073,0.855652243325369,0.923257495120259,0,NS
Training_Old,MSN,24.133186170775744,0.24808631490382993,0.34152102225365166,0.2980305518660399,0,NS
Training_Old,DDX6,17.46387751073433,-0.09502955719533546,0.855652243325369,0.9031600751954874,0,NS
Training_Old,U2AF2,17.559414081180435,0.17568625675800575,0.6912435967267507,0.7111595780451488,0,NS
Training_Old,RPL13,20.676174008946305,0.15150571217128572,0.8719454266518887,0.8691701392665099,0,NS
Training_Old,IVD,20.223718454269797,-0.03467092233561786,0.9636490266952572,0.9908249079761804,0,NS
Training_Old,S100A4,23.615187357594692,0.4379365080114077,0.5457266217037436,0.2822567423010721,0,NS
Training_Old,HMGB2,20.74418917379267,-0.2047640401856796,0.6009928900875833,0.600002687802407,0,NS
Training_Old,TARS1,16.62552179025922,0.1532513670957769,0.722976489753774,0.7645607511971059,0,NS
Training_Old,VARS1,21.902152745384257,0.15410609495970462,0.6762281531564756,0.7287812168623876,0,NS
Training_Old,EEF1G,24.11202720116643,0.1649179756999466,0.38881039228026354,0.4842287280623171,0,NS
Training_Old,PLN,24.973349495158736,-0.14186275074263577,0.8796796312115669,0.8917664041629785,0,NS
Training_Old,FKBP2,19.58890361537589,-0.1031958598364362,0.9048842214871984,0.941982370836816,0,NS
Training_Old,STOM,19.422787429766757,-0.01272103051493189,0.9954864063133828,0.9991283035820774,0,NS
Training_Old,MAOB,22.99654617617115,-0.1827439262552204,0.6263823289459617,0.6451519184261861,0,NS
Training_Old,YWHAQ,21.714955039601723,0.02969784429470223,0.9395802936264872,0.9877841966187731,0,NS
Training_Old,MAPK3,17.41441888956587,-0.15605066180354754,0.7552877616762494,0.7752297675983858,0,NS
Training_Old,RPL10,21.335541313472863,0.3538729684763524,0.4409935121139016,0.264121731642863,0,NS
Training_Old,RPA1,17.43069750747518,-0.11262149403630772,0.8322638465093714,0.8679730434507792,0,NS
Training_Old,APEX1,20.435385071709604,0.07543487215423994,0.8740670802811918,0.9333224281390688,0,NS
Training_Old,CALR,21.72740815609783,-0.05048897693556142,0.855652243325369,0.948540748211789,0,NS
Training_Old,MAP4,23.065001866301483,0.03469762299686252,0.9636490266952572,0.9907706608579396,0,NS
Training_Old,CANX,22.602842163852717,0.04419822031285392,0.9022036585020758,0.973608083612438,0,NS
Training_Old,PSMA5,23.918798208357774,0.03121927677737446,0.925448211763442,0.9849922718039076,0,NS
Training_Old,PSMB4,22.30040379252599,0.04421745591933757,0.908364110698336,0.9762210718774476,0,NS
Training_Old,PSMB6,22.84041976853387,-0.06225029356787814,0.8869012694738848,0.9538901143475248,0,NS
Training_Old,PSMB5,22.736932568547523,-0.1037493021120106,0.8322638465093714,0.8837524624961228,0,NS
Training_Old,GSTM2,25.761250309629258,0.0674392177596701,0.908364110698336,0.96377587250666,0,NS
Training_Old,TMOD1,21.150702298390826,0.1089746129428626,0.9411232628892084,0.9566395268754334,0,NS
Training_Old,NDUFS1,24.85867572397787,0.00955160101620933,0.9954864063133828,0.9993483451266651,0,NS
Training_Old,MAPK1,20.103150311581977,0.20224967828100304,0.35119248634787037,0.382922843500012,0,NS
Training_Old,RBL1,21.39327515915281,0.03089043673067237,0.9773434346302792,0.9932190769859462,0,NS
Training_Old,LAP3,21.57400206550639,0.0697066626200531,0.8520806213814237,0.924680374138196,0,NS
Training_Old,CD38,19.84770127309734,-0.06172186694169213,0.949113650800548,0.9784324186665596,0,NS
Training_Old,TPP2,20.734209691112166,0.01110305955365831,0.9921509498092368,0.9987699967435936,0,NS
Training_Old,IMPA1,22.581856809874207,-0.06896629807683752,0.8322638465093714,0.9184215964888784,0,NS
Training_Old,EPHA2,24.663397030951923,-0.03582496269243052,0.989448788709926,0.9955316790278392,0,NS
Training_Old,COL4A5,20.497645371854382,-0.1968506039505229,0.9395802936264872,0.920303892471262,0,NS
Training_Old,TKT,16.894553884135394,0.1401330634775455,0.8548593030677044,0.8571617480417699,0,NS
Training_Old,EEF1D,23.556551630575424,0.04079291952821506,0.9022036585020758,0.9759219008823116,0,NS
Training_Old,MARCKS,19.635329611279214,0.13446809898105982,0.8322638465093714,0.850406242039372,0,NS
Training_Old,GNA11,18.014821199271296,-0.211442960495944,0.7564660176718055,0.7114995567636855,0,NS
Training_Old,ALDH4A1,23.694425611704432,-0.05334540472885152,0.908364110698336,0.9707664163466926,0,NS
Training_Old,ERP29,19.484021102969784,0.095065008396908,0.8548593030677044,0.901069960877162,0,NS
Training_Old,PRDX6,27.464707033390074,-0.1820297052612432,0.5325118116072927,0.5751953857552324,0,NS
Training_Old,BLVRB,25.709060842647112,-0.04172242086609401,0.9411232628892084,0.9841998799430776,0,NS
Training_Old,PRDX5,25.01277238276153,0.08224387307174652,0.845362329296126,0.9103982630095514,0,NS
Training_Old,DDT,22.565435874432424,0.06746186409549537,0.9464668976820388,0.976097789914838,0,NS
Training_Old,PRDX3,26.182186687301776,0.1365541939251962,0.5100135337386771,0.6475823670212808,0,NS
Training_Old,ATP5F1D,25.578736025134567,-0.0543180916682715,0.9293024173781588,0.9754726459215024,0,NS
Training_Old,RPL12,20.875608066874825,0.32137229957081104,0.6762281531564756,0.5274132657400284,0,NS
Training_Old,ECHS1,24.553619674524647,0.00975765790230909,0.9932478468507332,0.9990957198432447,0,NS
Training_Old,CMPK1,18.961183608887577,-0.0690659130146507,0.9411232628892084,0.9727762626499452,0,NS
Training_Old,PEBP1,27.258274402805757,-0.18420721755358824,0.4409935121139016,0.49979064782360466,0,NS
Training_Old,PDIA3,21.116197416217265,0.13460509929296904,0.5779534700958772,0.7030790016992732,0,NS
Training_Old,PPP2R1A,23.750680198696937,0.00793595190134865,0.989448788709926,0.9989948545423174,0,NS
Training_Old,PPIF,22.200266155685348,0.02734711794108335,0.9834489367848462,0.9950929570312776,0,NS
Training_Old,NMT1,18.948683530146347,-0.13128432331903284,0.7794588437862767,0.8225659462785921,0,NS
Training_Old,ADSS2,22.051092411354897,0.10592406765039186,0.8796796312115669,0.9175098942243424,0,NS
Training_Old,LRPAP1,18.002414716439283,-0.00415396805729173,0.9954864063133828,0.999888112230768,0,NS
Training_Old,TSPO,20.310069896033337,0.00613181933067608,0.9954864063133828,0.9997364704272984,0,NS
Training_Old,ADSL,23.156729618149814,-0.10626022113417476,0.8011473066483278,0.8609116381041705,0,NS
Training_Old,CLIP1,20.737658898624687,-0.11962518627957408,0.7723292351585319,0.8347376851561483,0,NS
Training_Old,SRI,18.62802724658013,0.09108704641283438,0.8827663660859664,0.931687047415904,0,NS
Training_Old,SERPINB1,21.828731140813083,0.05955727434762892,0.936318917411908,0.9746238430730224,0,NS
Training_Old,ALDH1B1,22.28608899971653,0.40621689420530416,0.6536696690105152,0.4087019738635178,0,NS
Training_Old,SDHA,24.888321099918777,-0.01600387672226233,0.9839479860037118,0.9973190343401253,0,NS
Training_Old,GDI1,21.41531667609533,-0.13444657000624005,0.4960766925359733,0.644370434446187,0,NS
Training_Old,MAT2A,19.91670097472955,-0.10003894924213697,0.6737246664057583,0.8109650813732417,0,NS
Training_Old,CASQ1,29.01527192528472,0.2320407145038459,0.6762281531564756,0.6266053042746466,0,NS
Training_Old,DNAJA1,16.19349602659613,0.07334936152198424,0.908364110698336,0.9610102183551752,0,NS
Training_Old,AKT2,17.430521070855207,0.2561473307839002,0.5541385331267451,0.4952499334108323,0,NS
Training_Old,UQCRC1,26.69146938544805,0.0660803244643482,0.8760527778984114,0.944941503655806,0,NS
Training_Old,HIBADH,24.46802683360512,0.01284240850136697,0.9840360199581636,0.9978677779301456,0,NS
Training_Old,ATIC,22.110314946878123,0.079861107912091,0.8322638465093714,0.90627542781671,0,NS
Training_Old,HNRNPH3,16.532339840941,-0.1284650218084913,0.8760527778984114,0.8931491875487402,0,NS
Training_Old,HNRNPH1,19.837792729302937,0.1807113282430528,0.5493760760036969,0.5973122943978435,0,NS
Training_Old,YWHAB,25.914451639820104,0.0390568530728359,0.9022036585020758,0.9768971228204388,0,NS
Training_Old,STIP1,23.448774672306563,-0.00352495815457132,0.9954864063133828,0.999833235186407,0,NS
Training_Old,S100A11,18.419026089046096,0.19213973444064436,0.76701005697458835,0.7448704066000189,0,NS
Training_Old,PRDX2,26.87576180416863,0.05634993392753884,0.8760527778984114,0.9531053672265402,0,NS
Training_Old,GBP2,17.745843716101355,-0.05494044569299561,0.9555495797472836,0.9821687228938636,0,NS
Training_Old,ACSL1,24.95935477306639,-0.05396484276412394,0.9022036585020758,0.9665269550274276,0,NS
Training_Old,KIF5B,22.884983807103776,0.21335824698063988,0.4409935121139016,0.4474808663079345,0,NS
Training_Old,MCM5,24.44559486889627,0.05316059906390436,0.9839479860037118,0.9910797521296384,0,NS
Training_Old,SHMT1,19.398405897693927,-0.24652238613267485,0.756841664672708,0.6773350122805566,0,NS
Training_Old,SHMT2,22.28359045235973,0.29489863631449964,0.5377193823560813,0.4118728355834403,0,NS
Training_Old,HSPA4,20.840795544293343,0.02767829293448898,0.9433445570633228,0.9898388180397748,0,NS
Training_Old,MPI,22.571213953612,-0.09023735350668004,0.827145827681635,0.8851771704508585,0,NS
Training_Old,GPC1,17.857321499896695,-0.28459078392853243,0.4468450384357174,0.35656761016660043,0,NS
Training_Old,PFN2,23.876467160884168,0.02135054776697131,0.9815064296357964,0.9958009779317952,0,NS
Training_Old,CTNNA1,15.423402923184192,0.01798037817747833,0.9938126471141084,0.9985278374955052,0,NS
Training_Old,SERPINB6,21.914989361757723,0.09901260858473292,0.8322638465093714,0.8857311997306391,0,NS
Training_Old,RDX,22.07144826471093,-0.1010475191019964,0.7013824725422744,0.8268973918658505,0,NS
Training_Old,RPA3,18.053361184584936,0.01384298848519094,0.9938126471141084,0.9988267561523752,0,NS
Training_Old,RPL22,22.237178924771214,0.38422120870515286,0.3249336086327226,0.1316934261936935,0,NS
Training_Old,SPR,20.984146460802428,-0.10502819947296516,0.8760527778984114,0.9142883445675049,0,NS
Training_Old,THBS4,17.969085486607742,0.4750764751773069,0.4156948185360369,0.1472989278849556,0,NS
Training_Old,FBN1,20.94589341748133,-0.38085978577822743,0.658833727898212,0.44183458169176065,0,NS
Training_Old,AGL,25.90262976113458,0.04076246369716685,0.9123886741918024,0.97911795396435,0,NS
Training_Old,MYH9,24.166584026122763,0.32939721855457904,0.4571502931492847,0.3190347975663078,0,NS
Training_Old,COPB2,16.00616738199445,0.1444045934129079,0.7424859223567235,0.7848868540458371,0,NS
Training_Old,ACTN2,25.176147034185835,0.4942069091144923,0.8449077384346698,0.5680587087036939,0,NS
Training_Old,ADD1,17.122850919425677,0.06965706186548815,0.9411232628892084,0.9732849391756352,0,NS
Training_Old,BSG,23.12502665521275,0.13172465992182225,0.6752681371687593,0.7595975332447358,0,NS
Training_Old,FUS,19.67314278774553,0.00864226785353849,0.9932478468507332,0.9991639505382256,0,NS
Training_Old,DEK,19.715561757952585,-0.0088998334950574,0.9954864063133828,0.99940036315387,0,NS
Training_Old,MYH11,19.47498428327199,0.4527596161370546,0.6536696690105152,0.3679141105083296,0,NS
Training_Old,GLRX,22.202676362263254,-0.17198482790530534,0.854165305001791,0.8257124491761286,0,NS
Training_Old,PPM1A,19.63783542191913,0.02311876347702579,0.9605279217845626,0.992940215812149,0,NS
Training_Old,KRT2,23.402246896606545,0.11914471581957996,0.9411232628892084,0.9551110626343884,0,NS
Training_Old,HMGCL,21.411784177071382,0.00638578491005148,0.9954864063133828,0.9996948789906804,0,NS
Training_Old,PSMC2,22.56839308928701,0.05165296451714241,0.855652243325369,0.9456930904907648,0,NS
Training_Old,ARL3,17.329767699402993,0.08725803993279868,0.8760527778984114,0.9246762556839974,0,NS
Training_Old,MAP2K2,18.21957833068923,-0.09028466078875752,0.8322638465093714,0.8979575351447079,0,NS
Training_Old,ATP5F1C,26.2418637180896,0.03321876357798103,0.9513809771620588,0.9887410940073712,0,NS
Training_Old,ATP6V1E1,19.404688270576337,-0.02216584988720527,0.989448788709926,0.9972326694517432,0,NS
Training_Old,RPL4,20.284902149846825,0.18898531379450031,0.8322638465093714,0.7984032378367181,0,NS
Training_Old,LONP1,21.240626834607987,-0.00377292490673397,0.9954864063133828,0.999883319467133,0,NS
Training_Old,PGM1,27.573058603214132,-0.05769064999034157,0.8909378196798339,0.9596548743972586,0,NS
Training_Old,PPP1CC,15.68622815034573,-0.22349451017709576,0.728027005237773,0.6796293121752836,0,NS
Training_Old,SERPINF1,19.362149610430333,0.0171613880285264,0.9932478468507332,0.9983205335927722,0,NS
Training_Old,DLST,24.87823470574655,0.01195903614258853,0.989448788709926,0.9985149888881109,0,NS
Training_Old,GMPR,20.37830025036994,-0.01831404455026941,0.9903406546400088,0.9978583086034224,0,NS
Training_Old,GPX4,21.711940427025077,-0.05430323712584695,0.9022036585020758,0.9660796861427012,0,NS
Training_Old,SRP14,19.03330263546189,-0.08121390237273118,0.8869012694738848,0.9406735554411648,0,NS
Training_Old,TAGLN2,19.956602242019677,0.23169425918599984,0.34152102225365166,0.31961549685595153,0,NS
Training_Old,TALDO1,22.124294290783286,-0.1538419580974839,0.49037468599259354,0.6008060657916262,0,NS
Training_Old,SNCA,18.8466494377168,0.14996403176707318,0.9438179549077528,0.9463299974942364,0,NS
Training_Old,ETFB,24.16134781996964,-0.04351486939026827,0.9528773952365922,0.985542656339524,0,NS
Training_Old,ATP6V1A,20.33527233905299,0.13414145443027436,0.6762281531564756,0.7595867525978374,0,NS
Training_Old,HSPA9,24.331560841357444,0.15208485128633953,0.4571502931492847,0.5889924186434891,0,NS
Training_Old,RPS19,21.489553448603115,0.22041034873143064,0.4462991912265263,0.44890835524323913,0,NS
Training_Old,RPL3,18.09207508212997,-0.18313851057489927,0.8823452929825636,0.8668495965215878,0,NS
Training_Old,COL15A1,17.04171174136691,0.3130726272460649,0.6762281531564756,0.5330044191467765,0,NS
Training_Old,COL18A1,15.925854788439286,-0.06410349555887329,0.9609873917995628,0.981202934648466,0,NS
Training_Old,DDOST,21.46278348736074,-0.15835108993012526,0.5541385331267451,0.6447299793746123,0,NS
Training_Old,ANP32A,21.614825016187417,0.0488604780302353,0.908276497922918,0.9725035043996304,0,NS
Training_Old,CAPG,15.451060375774103,0.44624384467116585,0.5325118116072927,0.25891727917546153,0,NS
Training_Old,CAP2,23.648172477350872,0.04845669739010461,0.9395802936264872,0.9799915697269772,0,NS
Training_Old,CCT6A,24.845375518097235,0.166197324133865,0.548275043667041,0.621868753915178,0,NS
Training_Old,RPL13A,23.611792569262388,0.1932872008911453,0.854165305001791,0.8060162736212849,0,NS
Training_Old,ARL1,17.735214512709284,0.24926355642341136,0.8939531382076433,0.8390267839289562,0,NS
Training_Old,STAT3,17.924393822181322,0.03035877992796898,0.9636490266952572,0.9918964006387204,0,NS
Training_Old,MDH1,28.364448101825023,-0.13527217967187255,0.5779534700958772,0.7016028213833626,0,NS
Training_Old,MDH2,27.709324885398384,0.04608247640895513,0.9123886741918024,0.9765747807661262,0,NS
Training_Old,HADHA,26.087060932010377,-0.07557685905853262,0.860596056115936,0.926364119194344,0,NS
Training_Old,EIF2S3,19.52069047598488,-0.06112426356898837,0.9128438949744944,0.9691223357155124,0,NS
Training_Old,NAA10,16.71707475112607,0.17259369658518153,0.6615935652431485,0.6920268139306825,0,NS
Training_Old,PPP1R2,21.110431471042325,-0.11039602611185728,0.8322638465093714,0.8686039535684628,0,NS
Training_Old,GARS1,19.55395998173687,-0.17154679458893085,0.6762281531564756,0.7121524248029739,0,NS
Training_Old,IARS1,17.215902435335074,0.0583635755977987,0.936318917411908,0.9750969574518132,0,NS
Training_Old,EIF1,20.796668261935245,-0.15603337429933006,0.756841664672708,0.7817283537379569,0,NS
Training_Old,ECI1,24.554512410272174,-0.08487855519498311,0.8322638465093714,0.8989289318736936,0,NS
Training_Old,TMPO,15.597577853844362,-0.41173021897480666,0.38744478101939334,0.1572717892789989,0,NS
Training_Old,AKR1C3,21.332970974409864,0.06785428205650135,0.9545124047022944,0.9778266697798784,0,NS
Training_Old,RPS27,21.40364251265125,0.03492642238168741,0.9496049149362232,0.98787644024027,0,NS
Training_Old,LRPPRC,22.697582743741368,0.11364958982316864,0.7564660176718055,0.8324952336160927,0,NS
Training_Old,ACAA2,24.41683109699437,-0.14339111463654677,0.6929199229059815,0.761545280735365,0,NS
Training_Old,RPL35,20.799479609517512,0.24345175861969184,0.7057171510226663,0.6343943797185724,0,NS
Training_Old,SLC1A4,18.331861191234236,0.03579273913641501,0.9815064296357964,0.9930788683866854,0,NS
Training_Old,PAFAH1B1,21.352097535256544,-0.05334429804669582,0.939887995291591,0.9782165413553492,0,NS
Training_Old,CRAT,25.446689067905503,-0.04355983485188375,0.9274758320475892,0.9801086518056924,0,NS
Training_Old,GPD2,22.128629384679165,-0.16323462076181983,0.7201474796005275,0.7480334459296503,0,NS
Training_Old,NAMPT,21.11593659241853,0.39418136209843624,0.4571502931492847,0.2515921940110163,0,NS
Training_Old,PSMC4,21.036145430062767,0.06480028340145694,0.862068355664064,0.9369658524987564,0,NS
Training_Old,TSFM,17.70158328199881,0.13853976084550013,0.854165305001791,0.856803443070009,0,NS
Training_Old,TNNT3,27.236891030370433,0.28853798305533473,0.8548593030677044,0.7302170568331576,0,NS
Training_Old,ASPA,18.809545213860343,0.07327951554362144,0.9048842214871984,0.9582947938190745,0,NS
Training_Old,PPIC,16.59003147732512,-0.08625219287132069,0.9298773835031546,0.9614577316758942,0,NS
Training_Old,VDAC2,25.65822567537295,0.04502824267274974,0.9254774010214888,0.978458787917806,0,NS
Training_Old,ACADSB,22.19603649975125,-0.10436302876594183,0.8869012694738848,0.9260184053602916,0,NS
Training_Old,USP5,21.249105170061924,0.06521843860492282,0.8638644081028736,0.937199245140936,0,NS
Training_Old,MAP2K4,17.98833638760434,0.0749872402967462,0.860596056115936,0.9267814496887274,0,NS
Training_Old,PHKA2,22.09009364924592,0.3586587583105967,0.30609707845620915,0.12296856510566596,0,NS
Training_Old,PHKA1,23.02670210281667,0.22715848496281765,0.4409935121139016,0.4208928393672144,0,NS
Training_Old,CRKL,20.832586311000703,-0.12219484873300246,0.6762281531564756,0.7821981506989483,0,NS
Training_Old,MTIF2,20.611254726961025,0.14244912902136164,0.6353161094517655,0.717788960867207,0,NS
Training_Old,BAG6,16.083529994071657,-0.08555014420733009,0.8760527778984114,0.9277420570274328,0,NS
Training_Old,NSF,20.358167204786703,0.16452578703149712,0.7591244206420252,0.7733016187592733,0,NS
Training_Old,MAP2K3,21.069498730921207,0.04689203464920766,0.903243889103447,0.9727076409165508,0,NS
Training_Old,RPL27A,21.30984007402839,-0.01261124515457012,0.9954864063133828,0.9992696958053991,0,NS
Training_Old,RPL5,20.653330881164905,0.13924173710072907,0.8790448592205058,0.8890118220776546,0,NS
Training_Old,RPL28,19.866879744653467,0.13186071931628618,0.8662293790681809,0.8833746050479552,0,NS
Training_Old,RPS9,22.02257483461438,0.13408356169390956,0.8322638465093714,0.8494851268940725,0,NS
Training_Old,RPS5,21.477751363839864,0.1399698440649466,0.7477453799988734,0.7926748891294613,0,NS
Training_Old,RPS10,21.763945756260544,0.2609446422573747,0.6263823289459617,0.5356902766863753,0,NS
Training_Old,GNPDA1,22.10137067385717,-0.11079945958496752,0.7983649865435387,0.853464024021332,0,NS
Training_Old,UTRN,20.53520640415488,-0.03592939530236805,0.9636490266952572,0.990589466905598,0,NS
Training_Old,IQGAP1,17.374334397859116,0.399059545213138,0.16809033211750346,0.05582331627599237,0,NS
Training_Old,GYG1,25.9253157583014,-0.0109476990903623,0.9921509498092368,0.9988226049833376,0,NS
Training_Old,STT3A,16.263338222026327,-0.09383967655878678,0.8548593030677044,0.9013831564030844,0,NS
Training_Old,CAPZA2,21.82892183954228,0.0305731475531843,0.9815064296357964,0.9941490219171304,0,NS
Training_Old,CAPZB,22.306609387361693,0.10152349382502024,0.9030773872803892,0.9416828835305728,0,NS
Training_Old,EIF1AX,18.67194770176728,0.03667336604956972,0.9545124047022944,0.987922609827162,0,NS
Training_Old,QARS1,20.263556979918302,0.0765282124341411,0.7564660176718055,0.8840863522113593,0,NS
Training_Old,RPL29,19.92167756889345,0.18535806057593265,0.8641461081767443,0.8383437783258976,0,NS
Training_Old,UQCRFS1,25.64835332316382,0.12955811626795466,0.658833727898212,0.7560383314262004,0,NS
Training_Old,ATP5PO,26.316158856136617,0.01198409652091569,0.9904532574711392,0.99861830126157,0,NS
Training_Old,LIMS1,19.21905065003545,0.0410209253182181,0.9227493061906707,0.9801809933292916,0,NS
Training_Old,PREP,23.637479865531724,-0.05599894077809964,0.9022036585020758,0.9644778702567256,0,NS
Training_Old,ME1,21.56248968414546,-0.17685966471529113,0.5457266217037436,0.5960189940182818,0,NS
Training_Old,PIP4K2A,17.529210033294305,-0.00175175680731243,0.9954864063133828,0.9999745303737662,0,NS
Training_Old,ARCN1,16.67820361037848,-0.00682744752133857,0.9954864063133828,0.9996963923086976,0,NS
Training_Old,LSS,19.602373009397585,-0.034447528687366,0.9605279217845626,0.9897836903340628,0,NS
Training_Old,GCLM,17.216934572916163,0.13470164714452437,0.8796373263781408,0.894133667224051,0,NS
Training_Old,CD151,17.020831134032612,-0.08635649724402938,0.9188884583672644,0.9579736518062344,0,NS
Training_Old,PSMD8,22.200223117588436,0.00264601676285636,0.9954864063133828,0.9999407975493092,0,NS
Training_Old,GSS,20.547045536413034,-0.08599756985772089,0.8638644081028736,0.9187971133124644,0,NS
Training_Old,CCT5,22.115073962773,0.16130777899943283,0.37557096919395294,0.4807564851555623,0,NS
Training_Old,NES,20.180566871901345,-0.27299015311820085,0.9301534170651272,0.8837077442328887,0,NS
Training_Old,IDH2,27.9149346902673,0.00911078645217955,0.9932478468507332,0.9991302235155322,0,NS
Training_Old,TNNI2,26.673441379208523,0.26671917173553084,0.860596056115936,0.7620653717004783,0,NS
Training_Old,PXN,14.511635378418276,-2.51471816650195e-4,0.9995600586441044,0.9999995521636156,0,NS
Training_Old,ALDH9A1,23.80974131268717,-0.16613063945899498,0.6353161094517655,0.6809075657396838,0,NS
Training_Old,RPL34,17.309629990574035,-0.16852078035687867,0.9021859018459396,0.8945817092203844,0,NS
Training_Old,LMAN1,18.703857791000775,0.03461971072237091,0.9609873917995628,0.9898040508421804,0,NS
Training_Old,FNTA,17.250887724039487,0.14742471458925976,0.6487742209099475,0.7170776886357949,0,NS
Training_Old,CCT3,22.339923106833833,0.13396720867664058,0.525189270239798,0.6600645789520753,0,NS
Training_Old,MRPL19,18.06992422969458,0.02030808584278887,0.9921509498092368,0.9977987665888688,0,NS
Training_Old,TUFM,24.23417158236431,0.24530937037478395,0.3249336086327226,0.2749540812647988,0,NS
Training_Old,ALDH7A1,17.957970286014483,-0.0607178769758292,0.9443305202506868,0.977983201672737,0,NS
Training_Old,CDC34,24.051127191764845,-0.05644346163492031,0.9812174171683822,0.9885444449162905,0,NS
Training_Old,PCYT1A,17.147112027336348,-0.13008209754595157,0.6929199229059815,0.781031507645107,0,NS
Training_Old,AARS1,19.470641019892643,-0.02088797059229819,0.9667267848741722,0.9949686990583924,0,NS
Training_Old,CARS1,17.998343053660403,0.01826635424259848,0.989448788709926,0.997453461670169,0,NS
Training_Old,SARS1,17.72544925706352,0.10160933537715876,0.8638644081028736,0.9043452905763574,0,NS
Training_Old,PSMB3,21.67821192381801,0.00216248411213726,0.9954864063133828,0.999957168206926,0,NS
Training_Old,PSMB2,23.00207369711983,-0.00359915871379001,0.9954864063133828,0.999842589618813,0,NS
Training_Old,ACADVL,25.700546615385782,-0.08742905799527634,0.8322638465093714,0.8990903283661389,0,NS
Training_Old,ACOT2,24.18710654987816,-0.04754580449031564,0.9301534170651272,0.9787177791594578,0,NS
Training_Old,TMED10,20.46732399856081,-0.1321450369342898,0.7855048464935668,0.8232087206905682,0,NS
Training_Old,HINT1,25.445473976548648,-0.02066540036929964,0.9894155292205404,0.9969092845683668,0,NS
Training_Old,NDUFV1,24.490501630520743,-0.01246768883429183,0.9938126471141084,0.9989239155187164,0,NS
Training_Old,GSK3A,16.13581066058742,-0.19158932070243395,0.658833727898212,0.6632572785816186,0,NS
Training_Old,GSK3B,17.328354607956292,0.1036286026717086,0.7424859223567235,0.8402894958745151,0,NS
Training_Old,IDH3A,24.34909533756084,0.22523652159274477,0.4057684549293098,0.3937034049317753,0,NS
Training_Old,SULT1A1,16.933464764577625,-0.16531385519590103,0.8638644081028736,0.8536137508600795,0,NS
Training_Old,GDI2,23.613452323689337,-0.05978504690261843,0.8449077384346698,0.9337037800655746,0,NS
Training_Old,EMD,17.947862514275194,0.04529059193232143,0.9395802936264872,0.981377593376076,0,NS
Training_Old,CPT1A,18.80337032901814,-0.2202224367690135,0.7564660176718055,0.6990154594672503,0,NS
Training_Old,SERPINH1,20.20974222808249,0.8145363529689149,0.6481114012251724,0.15828413282162496,0,NS
Training_Old,CSRP3,27.409303535752635,0.5042205406182099,0.3468041303799441,0.08698381283234465,0,NS
Training_Old,ST13,24.255352933349233,-0.07531287448349033,0.7855048464935668,0.8950669078724527,0,NS
Training_Old,DNM2,20.10710531689464,-0.0636321069200072,0.9012775243515488,0.9584094464501592,0,NS
Training_Old,METAP2,18.84687881155309,-0.1319887937282438,0.44914215519564576,0.623379196207176,0,NS
Training_Old,NUDT2,19.71577195870647,0.4665579144655041,0.6040884294529529,0.31551750870756473,0,NS
Training_Old,LRBA,21.010540134198493,-0.20120562236188275,0.9496049149362232,0.9319285960026712,0,NS
Training_Old,BCAM,16.17275480671507,-0.08363909166303785,0.8939531382076433,0.9432050827823244,0,NS
Training_Old,RPL14,20.592226702316783,0.10383327666247057,0.9177320826812078,0.9494705839274642,0,NS
Training_Old,CCT8,22.631049647447373,0.10980811576287763,0.5730936960236189,0.7470220707432548,0,NS
Training_Old,CCT4,22.115847348779848,0.17199170235521066,0.4310422560290832,0.5066199629045508,0,NS
Training_Old,ATP1A2,23.407032896295515,0.03075431946842144,0.9395802936264872,0.98728292926353,0,NS
Training_Old,ANXA11,23.504880676204348,0.02665511420301669,0.9411232628892084,0.9895542218956505,0,NS
Training_Old,FXR1,20.25340535288864,0.1546170396612787,0.855652243325369,0.8485021740832307,0,NS
Training_Old,RAB5C,21.957007813699786,0.10821009179750972,0.8638644081028736,0.9014096360663016,0,NS
Training_Old,RAB7A,23.218213540943538,-0.01666789697853943,0.964044286843038,0.9957770531217456,0,NS
Training_Old,DUSP3,24.50550127253231,0.03304748389000878,0.9411232628892084,0.9876660750062822,0,NS
Training_Old,IDH3G,22.319977271150535,0.23798914695840168,0.5541385331267451,0.517815920559378,0,NS
Training_Old,GALK1,20.165728296048776,-0.18744684927731825,0.6915317001116692,0.6989432226216349,0,NS
Training_Old,SSR4,13.067908107293542,0.23036045019722273,0.7564660176718055,0.6909314448595468,0,NS
Training_Old,BCAP31,21.88466774749535,0.06680061322241215,0.8322638465093714,0.9206197050613716,0,NS
Training_Old,MECP2,16.23434295505996,-0.4119423717922394,0.30609707845620915,0.08851579810777258,0,NS
Training_Old,CAV2,15.97757051426819,0.3587170487802336,0.5948819335268644,0.4048982311475357,0,NS
Training_Old,ALDH3A2,20.45562684849065,-0.02913026749523695,0.9638997174280068,0.992532489391202,0,NS
Training_Old,ALDH5A1,22.875840874950335,-0.0749258473804062,0.8869012694738848,0.946359076721624,0,NS
Training_Old,HSD17B4,17.992947284443403,0.01055934068287456,0.9954864063133828,0.9995462483990926,0,NS
Training_Old,PSMD7,20.212413567476123,0.1781694379029517,0.5457266217037436,0.5929862063451539,0,NS
Training_Old,UBE2D1,21.91627733612065,-0.30674635869172207,0.3249336086327226,0.18230627922835593,0,NS
Training_Old,SUOX,20.55754878357437,-0.18407714422775,0.6487742209099475,0.6600825248666781,0,NS
Training_Old,STAT5B,19.01528581301066,-0.16811358514025798,0.5100135337386771,0.5881533140481401,0,NS
Training_Old,RPS6KA3,20.66468235944643,0.08411126787921575,0.8719454266518887,0.9248813652085592,0,NS
Training_Old,HDGF,21.16576114161789,-0.07905763465266347,0.8638644081028736,0.9257148898888212,0,NS
Training_Old,LUM,23.376019117908545,0.12522568195530326,0.860596056115936,0.880655735496986,0,NS
Training_Old,PRELP,19.499567896655456,-0.04623348399189453,0.9802322444594548,0.9901900500443166,0,NS
Training_Old,NDUFA8,24.25496340212995,-0.01334344822371491,0.9938126471141084,0.9988712057781984,0,NS
Training_Old,HNRNPA3,17.440489697024365,0.13025352299658977,0.8638644081028736,0.8802770148922537,0,NS
Training_Old,MYOM1,24.79005706660706,-0.09705545848344954,0.9048014892038364,0.9448906791711094,0,NS
Training_Old,PGD,21.2597184219428,0.00376666951595083,0.9954864063133828,0.9998823914643176,0,NS
Training_Old,HNRNPM,18.320135876846567,0.207368972093537,0.6263823289459617,0.6092565097778639,0,NS
Training_Old,KPNA1,21.267823272516168,0.1541403683355682,0.6615935652431485,0.7198837099535864,0,NS
Training_Old,MAP2K6,21.72902690173835,-0.02319360430893979,0.9815064296357964,0.995488845802548,0,NS
Training_Old,ARHGDIA,23.612517396503,-0.1027709502287415,0.7092533704051387,0.8283117813779551,0,NS
Training_Old,ARHGDIB,17.950021892941677,-0.15074651073458867,0.8322638465093714,0.8274403383073473,0,NS
Training_Old,RIDA,22.954551536985363,-0.1624020358573368,0.4373447950946092,0.5361697903916269,0,NS
Training_Old,MRPL12,17.656792865774328,0.04659617410913341,0.9815064296357964,0.9908830638770226,0,NS
Training_Old,THOP1,17.555867972104412,-0.05641194113714576,0.8760527778984114,0.9520750912009548,0,NS
Training_Old,AKR1C2,20.93162661710177,0.20014468156049856,0.855652243325369,0.8121910845675508,0,NS
Training_Old,CAPZA1,22.050659934565715,0.10694582546428322,0.9022036585020758,0.9339931067901976,0,NS
Training_Old,CRIP2,17.67067741144984,0.28102806903009636,0.6472193698836171,0.5274439622904514,0,NS
Training_Old,BLVRA,20.417528442699,0.05539166986117294,0.908364110698336,0.9697092798119084,0,NS
Training_Old,PPP5C,20.55077558144186,-0.02111290138806865,0.964044286843038,0.994610896624391,0,NS
Training_Old,NUBP1,15.867007692711756,0.1020170033149732,0.8790448592205058,0.91798974638512,0,NS
Training_Old,SUCLG1,24.966050873207127,6.014922437742598e-4,0.9995600586441044,0.999996864589116,0,NS
Training_Old,COPA,17.804441100158265,0.04469915911903754,0.936318917411908,0.9808261751068738,0,NS
Training_Old,HCCS,18.682539105020144,0.00762843695766335,0.9954864063133828,0.99944034219115,0,NS
Training_Old,MAPK12,21.2757274094226,-0.16182059588967235,0.728027005237773,0.7562355089449463,0,NS
Training_Old,TTC3,22.261520119996288,-0.02603929123249671,0.9932478468507332,0.9975388412636884,0,NS
Training_Old,SMTN,19.421854920165615,0.08911823101866645,0.8869012694738848,0.9354461829387436,0,NS
Training_Old,SLC16A1,23.36449648781203,0.17118518438507024,0.839686009457802,0.8190975533017356,0,NS
Training_Old,IST1,19.39398128155005,0.06620815998566698,0.860596056115936,0.9350392615696428,0,NS
Training_Old,SEC24C,21.871949415224748,-0.00952056281914082,0.9938126471141084,0.9991371510913842,0,NS
Training_Old,SUB1,18.99655216080556,0.0490329470087012,0.9022036585020758,0.9702117498388296,0,NS
Training_Old,RARS1,19.66996400670561,0.02893161680914602,0.9636490266952572,0.9918719060793312,0,NS
Training_Old,CACNB3,22.402205124765818,-0.03530595889917976,0.9411232628892084,0.9867094298622971,0,NS
Training_Old,CACNA2D1,23.208782461898164,-0.06473464063927992,0.8760527778984114,0.9442147161186356,0,NS
Training_Old,MYOM2,25.746152413398896,-0.17850493164461412,0.756841664672708,0.7539486874222192,0,NS
Training_Old,YARS1,19.271929958413686,0.10293127125471456,0.8760527778984114,0.9129707183038746,0,NS
Training_Old,USP14,22.40155237328206,0.03357236307785172,0.9022036585020758,0.9792767727504889,0,NS
Training_Old,PRKAG1,21.460361817080713,0.13501575548947997,0.6546278162361698,0.7440874865648063,0,NS
Training_Old,PRKAA2,20.709558751546304,0.02233149930025035,0.964044286843038,0.99434016817968,0,NS
Training_Old,HSPA2,24.30540919718904,-0.06442528618728005,0.9636490266952572,0.9820815327013503,0,NS
Training_Old,RAD23A,21.886363848708175,-0.18744283295941955,0.35119248634787037,0.4127256048857883,0,NS
Training_Old,RAD23B,22.186944529958915,-0.03448817675376858,0.9255433365518796,0.9838390966798948,0,NS
Training_Old,AK2,23.278060958645728,-0.00809346438421698,0.9954864063133828,0.9994363507104648,0,NS
Training_Old,NAPA,23.462007273925497,-0.0489488209221669,0.8638644081028736,0.9526848261115536,0,NS
Training_Old,EIF5,21.606741951537447,0.02371769166343185,0.9812174171683822,0.995138273369421,0,NS
Training_Old,PSMD4,22.5323350528656,0.01331379593358406,0.9839479860037118,0.9976672035891082,0,NS
Training_Old,DRG2,16.92664759576243,0.4592668317899715,0.5626159977951446,0.2885607678339521,0,NS
Training_Old,RRAD,18.87951757671011,0.4997260606980341,0.5457266217037436,0.2377118206669035,0,NS
Training_Old,CSE1L,22.13690958235565,-0.10965303725662068,0.6912435967267507,0.8083302976759914,0,NS
Training_Old,VCP,23.256227808942967,0.00450448082979448,0.9954864063133828,0.9997534330767296,0,NS
Training_Old,HADHB,26.00487809751758,-0.1085787071700679,0.7076078922841695,0.8169611432194785,0,NS
Training_Old,NAP1L1,21.4195145422327,0.06251546616089954,0.9022036585020758,0.9620614633639156,0,NS
Training_Old,ADK,19.869994835593744,0.299377706765231,0.4373447950946092,0.3136178004467857,0,NS
Training_Old,LAMB2,19.76200770336042,-0.0893705571929857,0.9605279217845626,0.9735918372235252,0,NS
Training_Old,CDH13,21.86251900345367,-0.16512638161833235,0.6762281531564756,0.7211445311799426,0,NS
Training_Old,TPD52,17.652044111965203,0.5975673253856755,0.4057684549293098,0.07957145102179586,0,NS
Training_Old,SEC13,17.82963807600975,0.06622798026560872,0.9022036585020758,0.9592556811938442,0,NS
Training_Old,SNU13,17.592547577104543,-0.18606578653547243,0.6473279764191526,0.6558277597837202,0,NS
Training_Old,NPEPPS,24.81956203280673,-0.10898292086826444,0.7076078922841695,0.8171585046384974,0,NS
Training_Old,HNRNPH2,19.071472428574992,-0.10135418385534224,0.8862205358776563,0.9254411134419148,0,NS
Training_Old,OXCT1,18.0822532794561,-0.3412886509748674,0.6487742209099475,0.4634722364543766,0,NS
Training_Old,SH3BGR,24.11852998057972,-0.02503091657415979,0.9834489367848462,0.995349184918729,0,NS
Training_Old,EIF3B,18.85911302890289,0.033384000433621,0.9569147359342124,0.9893120749546268,0,NS
Training_Old,ATP5MF,25.543729957476337,-0.20243362915804397,0.6328404357055952,0.6205347986137855,0,NS
Training_Old,NDUFV3,21.868931739241734,0.1330493299838338,0.8815076258918112,0.9011743576980014,0,NS
Training_Old,MARS1,17.57400140831276,0.2079860212655724,0.6353161094517655,0.6145274368246363,0,NS
Training_Old,ARPP19,20.170102241533776,-0.0051008690037051,0.9954864063133828,0.9998555619423124,0,NS
Training_Old,ATP5F1E,24.18358108015363,-0.0404876751690395,0.9528773952365922,0.9865657848630836,0,NS
Training_Old,ATP5ME,25.191371074884724,-0.0199996072347659,0.9839479860037118,0.9966008132953512,0,NS
Training_Old,EIF6,20.68732085959635,0.02472626902855879,0.9636490266952572,0.9936032859551864,0,NS
Training_Old,NDUFA6,23.70309788742587,0.13085699316708954,0.8638644081028736,0.8821698971158864,0,NS
Training_Old,SYNJ2BP,20.750905088374985,-0.00277905867087824,0.9954864063133828,0.9999373551563936,0,NS
Training_Old,EEFSEC,16.116210382856547,0.3662136980445876,0.4409935121139016,0.25126676839735296,0,NS
Training_Old,MTPN,21.085110732008225,-0.06295380012126017,0.8790448592205058,0.9482935825637926,0,NS
Training_Old,DEFA3,22.060988835419177,0.00781047116963762,0.9954864063133828,0.9997775795927312,0,NS
Training_Old,ARPC4,19.013464587908256,0.07052940498203597,0.9022036585020758,0.9545757921873772,0,NS
Training_Old,CD81,17.475144168307953,-0.1571205798236157,0.8760527778984114,0.873737974484636,0,NS
Training_Old,TPI1,29.33762049813301,-7.958070935778494e-4,0.9990503129660636,0.9999931921022622,0,NS
Training_Old,EIF3E,19.31147892548242,0.1430123853172347,0.8322638465093714,0.8348951511844784,0,NS
Training_Old,SEC61B,16.189996273649886,-0.4879105933316801,0.6762281531564756,0.3776865608876102,0,NS
Training_Old,GABARAPL2,18.784685891204553,-0.12752080503430463,0.8815076258918112,0.9046034074132115,0,NS
Training_Old,ROMO1,18.91466026980734,-0.18335434854511945,0.8409231970169827,0.8084950992730243,0,NS
Training_Old,MYL6,28.818992859197454,0.2500657102686148,0.8322638465093714,0.7387431756778012,0,NS
Training_Old,ACTB,30.930909317254052,0.24440706669212275,0.8555292410943461,0.7672552247564367,0,NS
Training_Old,EIF4A1,22.853054608017043,0.00572944954644327,0.9954864063133828,0.999669028280611,0,NS
Training_Old,RPS20,22.5528907748702,0.19349710984060664,0.5918956048684009,0.6097430804175143,0,NS
Training_Old,PRPS1,22.074054716485687,-0.04660808340098654,0.9525395487180912,0.9844593339422016,0,NS
Training_Old,PSMA6,23.761057189832375,0.02400880510931458,0.9636490266952572,0.9930817703897558,0,NS
Training_Old,S100A10,22.007594109617557,0.10327696917178032,0.855652243325369,0.8977446742485101,0,NS
Training_Old,CDC42,22.254790624829596,-0.0849215850177103,0.8641461081767443,0.9223363740980234,0,NS
Training_Old,DSTN,21.664449211877074,0.1970797109805673,0.827145827681635,0.7645870647755355,0,NS
Training_Old,RAB2A,21.206100535456056,-0.18878586203880943,0.5457266217037436,0.5776739708679829,0,NS
Training_Old,RAB5B,20.238876843515506,-0.15420642658123285,0.6353161094517655,0.7000005608757068,0,NS
Training_Old,RAB10,22.24713798135848,-0.07104285890345352,0.8796373263781408,0.94291437852609,0,NS
Training_Old,UBE2D3,23.420442374245106,-0.13690795698006397,0.758532942639031,0.8067254839330561,0,NS
Training_Old,UBE2M,21.653483969411464,-0.10942829877813054,0.6762281531564756,0.7987130169111467,0,NS
Training_Old,UBE2K,18.94398602468677,-0.1834098921407623,0.4665239145551868,0.5326601063257163,0,NS
Training_Old,UBE2N,23.924430961809815,-0.12519410824648247,0.6929199229059815,0.7879749012775314,0,NS
Training_Old,RAB14,19.670343696135077,-0.07872339457205513,0.8869012694738848,0.9417609665869006,0,NS
Training_Old,ACTR3,19.21435530680199,0.09830086380645751,0.827145827681635,0.8758609846491126,0,NS
Training_Old,ACTR2,19.099832438408665,0.17841406034348495,0.49056615588828706,0.5545175522624619,0,NS
Training_Old,ACTR1A,22.13357122695591,0.12865628877990787,0.6353161094517655,0.7421378052685375,0,NS
Training_Old,COPS2,22.53840369423174,-0.02618859581137655,0.9496049149362232,0.9909410974889634,0,NS
Training_Old,ABCE1,19.155960530183755,0.19320289917584432,0.6696844289868156,0.6660941564145709,0,NS
Training_Old,RAP1B,23.10838580093659,0.01638429724031809,0.9894155292205404,0.9975316479670232,0,NS
Training_Old,RPS3A,22.490729582080647,0.2683073790193333,0.38881039228026354,0.30608498277944735,0,NS
Training_Old,RPL26,20.858245513849237,0.05997031538010233,0.9605279217845626,0.9822230681336512,0,NS
Training_Old,RPL15,21.861836869610514,0.0565297294823992,0.9569147359342124,0.981922467452228,0,NS
Training_Old,RPL27,18.791632063112356,0.02339856390743833,0.9938126471141084,0.9980786840918806,0,NS
Training_Old,PCBD1,22.86630741524137,-0.07726952279478994,0.855652243325369,0.9227696729316824,0,NS
Training_Old,RPL37A,18.3931491889485,0.4387869233540087,0.403202565680754,0.15177453975996197,0,NS
Training_Old,RHOA,23.26628154009846,-0.1069665011489036,0.7328077402414832,0.832795189529862,0,NS
Training_Old,HSPE1,24.63358362275877,0.21509389251387032,0.4373447950946092,0.4373469655937876,0,NS
Training_Old,SEC61A1,16.93146525345134,-0.1439410884866703,0.8869012694738848,0.8999406604278322,0,NS
Training_Old,VBP1,23.247368576990237,-0.09711096670412545,0.8052782194692675,0.8729760547269798,0,NS
Training_Old,B2M,21.21336677101625,0.03042450148994646,0.9636490266952572,0.9920352144334847,0,NS
Training_Old,DAD1,16.142955681837044,-0.1736674235523239,0.8322638465093714,0.8122065011562403,0,NS
Training_Old,NPC2,14.564454117280135,-0.04884676133692522,0.9684979340904608,0.9884184433715822,0,NS
Training_Old,PKIA,21.13581271490183,-0.1350528468960306,0.748189951683547,0.8000969821286544,0,NS
Training_Old,SUMO2,18.63506098692814,0.11464215358969554,0.8719454266518887,0.8989984583015855,0,NS
Training_Old,UFM1,18.796802471830052,-0.11086227868169374,0.8638644081028736,0.8989292786229801,0,NS
Training_Old,NUTF2,24.365598385893136,-0.10856064693971136,0.7424859223567235,0.8339395120008547,0,NS
Training_Old,HNRNPK,21.884819245696413,-0.08120115802934436,0.8322638465093714,0.9021468651688936,0,NS
Training_Old,YWHAG,25.549138073593493,-0.04589529455274288,0.8869012694738848,0.9666896436326736,0,NS
Training_Old,RRAS2,19.70302283646596,-0.1414642971190041,0.7092533704051387,0.7717137472329703,0,NS
Training_Old,TIMM10,20.000480229298216,-0.15319717792887033,0.751062460264163,0.7772913121236175,0,NS
Training_Old,RPS7,20.41870042410953,0.2792474576451731,0.6263823289459617,0.5135978192595857,0,NS
Training_Old,PPP1CA,22.55411605586486,0.12278439571515064,0.722976489753774,0.8065195172115494,0,NS
Training_Old,PPP1CB,22.734205812596652,0.19211485799239017,0.737158514430853,0.7210707153587186,0,NS
Training_Old,PSMC1,21.385140135130353,0.0543174636916568,0.8869012694738848,0.9596670444820226,0,NS
Training_Old,PSMC5,20.781558858993083,-0.01358030712101054,0.9839479860037118,0.9977209765198968,0,NS
Training_Old,RPS8,20.88743024047941,0.1375504190112231,0.7281974320035625,0.7892447082970825,0,NS
Training_Old,RPS15A,22.242428442986043,0.158153108224802,0.6473279764191526,0.6984014048942047,0,NS
Training_Old,RPS16,23.33881816450609,0.2518308649846155,0.4880360377787217,0.4291628101151483,0,NS
Training_Old,UBE2G1,14.960463134605748,-0.02705197558697669,0.987326239869693,0.995657780536107,0,NS
Training_Old,YWHAE,26.93175586457307,-0.05248854814957582,0.8760527778984114,0.9561608477221036,0,NS
Training_Old,RPS14,21.171494653289148,0.181744641949809,0.4960766925359733,0.551593617591983,0,NS
Training_Old,RPS23,18.75243791525304,0.08137413991184772,0.908364110698336,0.9562192953821546,0,NS
Training_Old,RPS18,22.064396375912416,0.21455021571431132,0.5211750061527236,0.5125490905546459,0,NS
Training_Old,RPS13,22.379681414346248,0.30728409146022884,0.5095315396891543,0.37277319275136395,0,NS
Training_Old,RPS11,22.826494299629292,0.19167117574542655,0.5493760760036969,0.582916125735741,0,NS
Training_Old,SNRPD2,17.942161580290183,0.03244025044770993,0.9636490266952572,0.991634069754286,0,NS
Training_Old,SNRPD3,20.18223516182099,0.1730276586369186,0.5908345991438285,0.639976842671262,0,NS
Training_Old,TMSB4X,19.75242669477805,0.2902396733746784,0.7443366965130422,0.6161704068009435,0,NS
Training_Old,PSMC6,22.416739439228248,0.06287523730511779,0.855652243325369,0.936573125195661,0,NS
Training_Old,RPL7A,19.947825352741756,0.03796310118037027,0.9821057538223537,0.9928053292157328,0,NS
Training_Old,ETF1,18.172599870596287,0.1503183810699369,0.8264586061823657,0.814426013315656,0,NS
Training_Old,CNBP,21.103080662566196,-0.08182912749073168,0.8869012694738848,0.9406737204806788,0,NS
Training_Old,RPS4X,21.664942124927283,0.185155041092667,0.5541385331267451,0.6012466129617023,0,NS
Training_Old,RPL23A,21.776816087958316,0.25393507796478687,0.5527091411963843,0.4914550743220688,0,NS
Training_Old,RPS6,20.21996738950589,0.30001291310254175,0.3249336086327226,0.19155339874854616,0,NS
Training_Old,H2BC4,25.92132581086573,0.11088477430449116,0.9450465738715746,0.9606493196764953,0,NS
Training_Old,RAB1A,18.29647077371652,-0.0341835971896387,0.9411232628892084,0.986113112033599,0,NS
Training_Old,RAN,24.01399439612469,-0.0235479026069747,0.9636490266952572,0.9938048940909858,0,NS
Training_Old,RPL23,21.221924818713028,0.2067297311544003,0.5541385331267451,0.5652845766234191,0,NS
Training_Old,RAP1A,14.60404824436208,-0.05406208938489953,0.9609873917995628,0.9841688672508756,0,NS
Training_Old,RPS15,21.82461524272783,0.3738586081758158,0.26050495853011,0.10184196565730276,0,NS
Training_Old,RPS24,20.57200906616116,0.03604842631169802,0.9815064296357964,0.9929563366595908,0,NS
Training_Old,RPS25,22.87398174414379,0.21102637546422187,0.5457266217037436,0.5440962779903559,0,NS
Training_Old,RPS26,20.41229037564543,0.08514232314801262,0.9022036585020758,0.9497564642376516,0,NS
Training_Old,RPS28,21.183633376646227,0.16376941803391887,0.8028810678485683,0.7943676642267147,0,NS
Training_Old,GNB1,22.446358570692443,-0.15210275206683832,0.5730936960236189,0.6677284716270238,0,NS
Training_Old,GNB2,19.83559152742723,-0.15689424520704875,0.6912435967267507,0.7371678174521211,0,NS
Training_Old,RPL30,20.0782019717304,0.11984913750506364,0.9021859018459396,0.9238611487171932,0,NS
Training_Old,RPL31,20.623676604324523,0.11673597960333026,0.8642616002846144,0.8950200479690434,0,NS
Training_Old,RPL10A,21.402319274361904,0.09876214105991464,0.908364110698336,0.9492222098105486,0,NS
Training_Old,RPL32,18.19136967865602,0.5090549584486617,0.5392774424209327,0.21997661001052024,0,NS
Training_Old,RPL11,19.01756503242651,0.2772840955765403,0.6762281531564756,0.5738737791132139,0,NS
Training_Old,RPL8,21.216823070219803,0.23355237085613825,0.829469613976641,0.7351611917139886,0,NS
Training_Old,PPIA,25.50730762575235,0.04442409191690544,0.9411232628892084,0.9823144673250628,0,NS
Training_Old,FKBP1A,22.00976510742707,-0.08706369373549094,0.8869012694738848,0.9386510765236356,0,NS
Training_Old,RPS27A,26.39876592151247,-0.20791964522290485,0.8322638465093714,0.7767517419272993,0,NS
Training_Old,GRB2,20.409561047929444,0.093418450611221,0.860596056115936,0.9097864865393548,0,NS
Training_Old,RAC1,22.360682557891053,-0.05662194245778451,0.8581902546340703,0.943250620035712,0,NS
Training_Old,AP2B1,19.424049483127636,0.1728684572754986,0.6762281531564756,0.7086672740345596,0,NS
Training_Old,VAMP2,17.625649225222766,-0.24720866656538476,0.8322638465093714,0.7428277823073096,0,NS
Training_Old,PPP3R1,21.590907214826228,-0.1295859896549949,0.8322638465093714,0.8535354298028734,0,NS
Training_Old,YWHAZ,22.3893292400535,-0.0362945495834488,0.9301534170651272,0.983710803277985,0,NS
Training_Old,UBE2B,18.705770388081756,0.03431120255268638,0.9815064296357964,0.993412712843318,0,NS
Training_Old,PPP2R2A,21.67750879446975,-0.00586402756249526,0.9954864063133828,0.9995794873507792,0,NS
Training_Old,DYNLL1,22.414723730081025,-0.13759662332929068,0.7201474796005275,0.7828902091923308,0,NS
Training_Old,DYNLT1,21.636250700434378,0.2536959866891664,0.3249336086327226,0.2668252488430863,0,NS
Training_Old,RPL38,20.737002269080385,0.12380735521901798,0.8322638465093714,0.8587422231633844,0,NS
Training_Old,SKP1,22.270901556473643,2.3854633761644095e-4,0.9995600586441044,0.9999995501596184,0,NS
Training_Old,RPS21,23.051038549906217,0.29080033414168227,0.39682989876850394,0.28379650770002607,0,NS
Training_Old,EIF5A,25.073898890083154,0.0092220641603653,0.9932478468507332,0.9991438127877128,0,NS
Training_Old,RACK1,21.810278415337013,0.1851582530464455,0.5493760760036969,0.5939870896067393,0,NS
Training_Old,UBE2I,20.397767195478167,-0.22471225185740096,0.6762281531564756,0.6364688355482181,0,NS
Training_Old,SELENOW,18.93277426177824,-0.2180021639215788,0.8278052680817009,0.7480030201376451,0,NS
Training_Old,TNNC1,26.20563233343716,0.09181727560715912,0.9628594968384284,0.9735814699001824,0,NS
Training_Old,PPP2CA,22.63205754050468,0.01312873010387249,0.9815064296357964,0.997406033658663,0,NS
Training_Old,YBX1,22.710262540458384,0.0831300297145745,0.8796796312115669,0.934676894934116,0,NS
Training_Old,CSNK2B,19.074710031668072,0.11769480918891162,0.7564660176718055,0.8271803468527822,0,NS
Training_Old,TPM4,18.16449874324656,0.20063442413973576,0.6863862065267434,0.6747333967433056,0,NS
Training_Old,UBE2L3,22.307525891534276,-0.10960509168685915,0.6536696690105152,0.7838811239861183,0,NS
Training_Old,EEF1A1,28.018169893888317,0.04738555707829306,0.9411232628892084,0.9821789543488858,0,NS
Training_Old,ACTA1,31.37179294391296,0.3228553183731684,0.7892866411741039,0.6252165575536754,0,NS
Training_Old,TUBA1B,25.74353810452291,0.15596822292059542,0.6188577990820818,0.6836712394096088,0,NS
Training_Old,TUBA4A,25.21856240433236,0.165742613554702,0.6552919906766258,0.6963339820299203,0,NS
Training_Old,TUBB4B,25.48671228295416,0.01421368682247958,0.989448788709926,0.997953542404564,0,NS
Training_Old,CSNK2A1,19.528285492157096,0.08210670262835862,0.9022036585020758,0.9494056782766264,0,NS
Training_Old,PAFAH1B2,19.44278154846137,0.1866427546087408,0.8472934988006454,0.8094352703760415,0,NS
Training_Old,EIF4G2,18.234907727399815,-0.12190696511537524,0.7983649865435387,0.8400325006532936,0,NS
Training_Old,PIP4K2B,16.418225150766048,-0.08110049322317892,0.855652243325369,0.9177732268758632,0,NS
Training_Old,CCT2,24.900476318328696,0.12057500054620364,0.6762281531564756,0.7831522007167854,0,NS
Training_Old,GSTO1,24.050803667981455,-0.2644251451937052,0.4057684549293098,0.33368965385338833,0,NS
Training_Old,PRKDC,18.58901615380903,0.05137667874520346,0.9022036585020758,0.9690984758901896,0,NS
Training_Old,DCD,22.85072151803175,0.03402078208883097,0.989448788709926,0.9955952164589144,0,NS
Training_Old,MRPS25,18.08316877166684,0.0920730026633585,0.8638644081028736,0.9142249008401756,0,NS
Training_Old,MRPS5,17.220476200648807,0.18257927781796113,0.8001304851214254,0.7720568335396868,0,NS
Training_Old,MRPS36,22.221908422627685,-0.21845082386242257,0.7564660176718055,0.7049524257025334,0,NS
Training_Old,MRPS15,17.16950336070589,0.0051572312525856,0.9954864063133828,0.9999088557586324,0,NS
Training_Old,MRPS21,15.302575799333455,0.14237115631100394,0.8796373263781408,0.8892031035020005,0,NS
Training_Old,SARNP,15.869591194197096,-4.873299528718178e-4,0.9995600586441044,0.9999986983045436,0,NS
Training_Old,LACTB,21.593518407834573,-0.04250656248580142,0.9411232628892084,0.9829049821152496,0,NS
Training_Old,RPL24,19.680217468726536,0.3749298123812856,0.32864178077812667,0.1530079924513221,0,NS
Training_Old,ARF1,22.175752108221666,0.03662239281435831,0.9227493061906707,0.9822307509267172,0,NS
Training_Old,ARF5,18.603086336154192,0.05653000966006161,0.8987043428226885,0.9621712669845583,0,NS
Training_Old,ERH,16.574589568234064,0.10647544894895589,0.9022036585020758,0.9343145864067552,0,NS
Training_Old,RHOG,14.352405259071192,0.07563446025563358,0.9208091084434816,0.9633954307116508,0,NS
Training_Old,RPL19,21.72897448954059,0.21627199859937463,0.7092533704051387,0.6716428847229392,0,NS
Training_Old,SRSF3,20.002375835091847,0.226642743349192,0.7985520611927012,0.7242322189849052,0,NS
Training_Old,MXRA7,15.809344451684954,-0.1062969350310876,0.9255433365518796,0.9501959507693888,0,NS
Training_Old,H3-3A,24.56233552710145,-0.04422218863492588,0.989448788709926,0.9943233695843756,0,NS
Training_Old,FBLN2,17.570450671744293,0.15279696541566423,0.855652243325369,0.8512337567122609,0,NS
Training_Old,HSPG2,21.936646318891675,-0.06071456779246631,0.9628594968384284,0.9824156685961006,0,NS
Training_Old,RBM3,19.14224656044544,0.03208801270617911,0.989448788709926,0.9960902169966503,0,NS
Training_Old,CYCS,26.718634843624336,2.0868707314392057e-4,0.9995600586441044,0.999999787473317,0,NS
Training_Old,MPP1,15.43416564487871,0.0907444757900162,0.9123886741918024,0.95398581896189,0,NS
Training_Old,TFAM,21.127975502315408,-0.13778954620281425,0.8322638465093714,0.8482306455846769,0,NS
Training_Old,PITPNA,16.805507046218636,-0.00802542501267922,0.9954864063133828,0.9994769656571704,0,NS
Training_Old,SLC25A3,26.21331168954413,0.08818073265532433,0.855652243325369,0.9121099283243442,0,NS
Training_Old,HDLBP,15.899402969667277,0.0344777165459309,0.9636490266952572,0.990938006938582,0,NS
Training_Old,PURA,18.34368698793223,-0.12333399913008948,0.8516106163330939,0.8704262545027999,0,NS
Training_Old,CLTC,21.107059477044334,0.07992032156796114,0.8720728289267548,0.9290940867419748,0,NS
Training_Old,FKBP3,25.124933164590473,0.01463904238961077,0.9839479860037118,0.9973946411485904,0,NS
Training_Old,REEP5,24.49691311674782,-0.01532648513754608,0.989448788709926,0.998012286148802,0,NS
Training_Old,SORD,17.712217707282914,-0.21888437487061196,0.7092533704051387,0.6700422935733412,0,NS
Training_Old,HNRNPU,19.662629789078885,-0.22513579876268963,0.5377193823560813,0.507514237502015,0,NS
Training_Old,MYBPC1,27.979271684105505,0.15216806322155918,0.9161326329507468,0.9261056558342816,0,NS
Training_Old,PLIN5,17.483932420844976,-0.3914917701847713,0.5909265016025429,0.3653461660706493,0,NS
Training_Old,SPTBN1,20.409766083417672,0.1574222403600487,0.6615935652431485,0.7150089421408216,0,NS
Training_Old,TIAL1,20.421674988389867,0.11490418869624364,0.8322638465093714,0.87043705411012,0,NS
Training_Old,SET,19.987264136055593,0.29911703020484026,0.5287867475684075,0.3982919372408788,0,NS
Training_Old,AMPD3,24.43174839384827,0.00620368891922495,0.9954864063133828,0.9998692940501596,0,NS
Training_Old,FABP5,22.87911926835669,-0.15866410465412883,0.7752315408175143,0.7885070501019377,0,NS
Training_Old,ANK2,22.64549826278156,-0.02890262484407557,0.9812174171683822,0.9940634667706932,0,NS
Training_Old,CAP1,21.27541454145892,0.2855241837573601,0.5211750061527236,0.4110042312478479,0,NS
Training_Old,EWSR1,17.125274749561964,-0.168911895366886,0.5541385331267451,0.6283581911265791,0,NS
Training_Old,TAGLN,21.755578840205818,0.5880298793967498,0.4571502931492847,0.12691959102867947,0,NS
Training_Old,OGDH,25.110862159893188,-0.00189487400804111,0.9954864063133828,0.9999623643691188,0,NS
Training_Old,COX6A2,23.132633039662387,0.17389169388107462,0.8760527778984114,0.862001845566402,0,NS
Training_Old,ALDH6A1,19.82591405032067,-0.5220107396191764,0.21596575651249608,0.03615485218642882,-1,Down
Training_Old,BDH1,20.03636189225677,-0.32050089157936057,0.5948819335268644,0.44549858964698447,0,NS
Training_Old,COL7A1,20.12223595623488,-0.14534640196269422,0.8638644081028736,0.8687902639620343,0,NS
Training_Old,RPL18A,19.185646652492515,0.08059522606956548,0.9395802936264872,0.966981144141245,0,NS
Training_Old,CACNB1,22.688696105653616,-0.0352187970280724,0.9411232628892084,0.9865112548496988,0,NS
Training_Old,MAP2K1,21.59743553216879,0.04687360747189473,0.9022036585020758,0.9704639940147816,0,NS
Training_Old,FKBP4,20.399634406566047,-0.08819588847202553,0.8760527778984114,0.9235943496209134,0,NS
Training_Old,RPL6,20.674275128840243,0.26847953713520667,0.7076078922841695,0.6071926686234086,0,NS
Training_Old,AKAP12,16.152421302959084,0.2726845939113396,0.5325118116072927,0.43557038074706816,0,NS
Training_Old,SLC25A11,24.417483915033273,0.04492425887710993,0.959308930336594,0.9861275153634216,0,NS
Training_Old,CAV1,22.214644699304625,-0.03979093574525905,0.9450465738715746,0.9856642498701544,0,NS
Training_Old,ACY1,20.8088990606355,0.11093600582700348,0.8548593030677044,0.8853833431893987,0,NS
Training_Old,LMNB2,19.950366127808973,-4.946135590131462e-4,0.9995600586441044,0.9999989880319576,0,NS
Training_Old,UBXN1,16.30683629334411,-0.04592936923129187,0.9255433365518796,0.9782428748679264,0,NS
Training_Old,GBE1,22.76892055487618,0.2463691861450279,0.5380591713248623,0.4778856004317777,0,NS
Training_Old,EIF4G1,20.83791706087449,-0.10474072416911184,0.5908345991438285,0.7630998441388547,0,NS
Training_Old,PRKCQ,18.236047348502765,-0.16668020839920317,0.7237452654912476,0.7479428713285163,0,NS
Training_Old,GLO1,25.550954241786208,-0.17031598400582482,0.5457266217037436,0.6071053556093376,0,NS
Training_Old,AKR1C1,22.81592992231697,0.0890494966289559,0.9048014892038364,0.9493804133787848,0,NS
Training_Old,SSBP1,21.911563342242268,0.1036820088052366,0.8322638465093714,0.8772518089754503,0,NS
Training_Old,YWHAH,21.768815793141812,0.08339641589262214,0.7983649865435387,0.8875721504660694,0,NS
Training_Old,PLP2,15.825884992207053,0.0799546450907016,0.9636490266952572,0.9792046865980092,0,NS
Training_Old,UBE3A,16.812891123816506,-0.03284190382099083,0.9636490266952572,0.9915380891941656,0,NS
Training_Old,SRSF11,16.671915352368202,0.00368823722426014,0.9954864063133828,0.9998995548944004,0,NS
Training_Old,EEF1A2,27.126645329481025,0.06353409965738877,0.9227493061906707,0.9694529484284822,0,NS
Training_Old,CALD1,16.893537021812772,0.22396296926886097,0.8322638465093714,0.7466211046017612,0,NS
Training_Old,COL14A1,24.23154931159279,0.07481334816876384,0.9894155292205404,0.9892318905246744,0,NS
Training_Old,PTPN11,17.87591936038139,0.0327828617991095,0.9636490266952572,0.990677941113562,0,NS
Training_Old,PSME1,21.587916049624283,0.11583054131338244,0.7320521152906343,0.8199830371099314,0,NS
Training_Old,CACNG1,17.014903434911457,-0.4180536693253494,0.4057684549293098,0.17520074271274508,0,NS
Training_Old,ZNF33A,22.530902635376727,-0.2380524368450736,0.9022036585020758,0.8677449999128146,0,NS
Training_Old,PRDX1,26.62456511106916,-0.07573309645615822,0.8796796312115669,0.9408854832020938,0,NS
Training_Old,RPL18,20.982464585549703,0.4539394591007984,0.4156948185360369,0.16107316272484362,0,NS
Training_Old,C1QBP,23.557536854989507,0.10063560519988356,0.855652243325369,0.8979375727817809,0,NS
Training_Old,CKAP4,17.93826364379503,0.28348386792873725,0.6762281531564756,0.5667602425781152,0,NS
Training_Old,DPT,18.0116929649722,0.03501077073990188,0.989448788709926,0.9954317672891982,0,NS
Training_Old,KLC1,16.909473818515462,0.1389571147494202,0.7907245105204055,0.817542264977473,0,NS
Training_Old,SRSF1,18.142602796556623,0.02470937999471445,0.9894155292205404,0.996354416835343,0,NS
Training_Old,ARHGAP1,17.034487615512504,0.4719598051459464,0.16809033211750346,0.03241341086536114,1,Up
Training_Old,ACTN3,23.776276693415618,-0.01666469216566568,0.9954864063133828,0.9996229986864836,0,NS
Training_Old,PPP3CA,23.23101883003979,-0.00444551418681626,0.9954864063133828,0.9998234119590312,0,NS
Training_Old,DHX9,18.83431208695785,0.0067166391030291,0.9954864063133828,0.9996561251583348,0,NS
Training_Old,CRYZ,22.812056668561244,0.0543959762391033,0.9255433365518796,0.974118257794138,0,NS
Training_Old,SLC20A2,21.17019149634611,-0.03937149201185264,0.995071003791146,0.9968696760537088,0,NS
Training_Old,PUDP,21.166916773711957,-0.03695191443197743,0.9636490266952572,0.9903809721938946,0,NS
Training_Old,CD47,18.93469734306867,-0.18938886529143417,0.6762281531564756,0.6822391950584152,0,NS
Training_Old,PPID,19.062043441814556,-0.2098880435459307,0.8620866573364454,0.8101172613544962,0,NS
Training_Old,AHNAK,24.850957045663534,0.01291106365463434,0.9938126471141084,0.998949490873843,0,NS
Training_Old,LMOD3,16.314430893510693,0.1631993356394954,0.903243889103447,0.9080739374092236,0,NS
Training_Old,HSPA14,15.56565892817987,0.19500039706378303,0.6762281531564756,0.6717569529880714,0,NS
Training_Old,SCRN3,18.352194040407184,-0.17004913414859502,0.8322638465093714,0.8044031952014615,0,NS
Training_Old,NEXN,20.735528065396256,0.27937118707639996,0.7564660176718055,0.6363868565883524,0,NS
Training_Old,AP1B1,15.779301756625664,0.24963323262783987,0.45538569657653694,0.4128213021727384,0,NS
Training_Old,BST2,18.700319727164914,-0.1309895440997586,0.7723292351585319,0.8203832121258726,0,NS
Training_Old,PMPCA,17.637747626411265,0.31136181698211374,0.5092724330278684,0.36644817575467187,0,NS
Training_Old,ASPH,18.929588962269403,0.0943321625492466,0.9255433365518796,0.9559788204309452,0,NS
Training_Old,EFEMP1,17.573367961669966,0.12442450965072638,0.8869012694738848,0.9130034031874628,0,NS
Training_Old,STX4,14.954077837186734,-0.08263739809903825,0.9001418449132135,0.9457710105923376,0,NS
Training_Old,GRSF1,19.69316952113892,0.1271825254205119,0.8760527778984114,0.895999511135378,0,NS
Training_Old,AIMP1,20.578848057143222,0.03369729879733541,0.9376514612124928,0.9856320794687644,0,NS
Training_Old,ILF3,19.908239437825102,0.0353629206912025,0.9844723185066434,0.9941821794965052,0,NS
Training_Old,TRAP1,20.79948621440668,-0.04668576909562461,0.9411232628892084,0.9826606698770718,0,NS
Training_Old,ANK3,16.789976209709934,-0.00508984375285948,0.9954864063133828,0.9998009837466124,0,NS
Training_Old,HSPB3,21.352689541527496,0.13070700603326202,0.8638644081028736,0.882318248510328,0,NS
Training_Old,ECH1,25.221800403808135,-0.02423175063390914,0.9834489367848462,0.9956207626887964,0,NS
Training_Old,STRN3,19.31236250905939,-0.03901173496602439,0.9395802936264872,0.9835662635708802,0,NS
Training_Old,COASY,18.794407148879007,-0.05745893943824143,0.9123886741918024,0.9707882175438708,0,NS
Training_Old,TRDN,22.526022544935337,0.11728383371326956,0.9022036585020758,0.927371860186084,0,NS
Training_Old,ACACA,24.175598974275257,0.00247768944259618,0.9954864063133828,0.9999621334786756,0,NS
Training_Old,GPS1,21.618492064153436,-0.08846554304119891,0.7564660176718055,0.8687377441237959,0,NS
Training_Old,MTAP,18.2430718246637,-0.16626966523513786,0.8278052680817009,0.8025318499388484,0,NS
Training_Old,PRKAA1,20.658098536129835,0.01072923558821514,0.989448788709926,0.998613826105186,0,NS
Training_Old,TARDBP,20.16512788181537,0.02390880413093654,0.9636490266952572,0.9935791481686872,0,NS
Training_Old,PAK1,16.012816186503624,0.00535253587683115,0.9954864063133828,0.9998905473066046,0,NS
Training_Old,AIMP2,20.202146368126783,-0.03126359562633496,0.9301534170651272,0.98599165846592,0,NS
Training_Old,PRDX4,19.92033091251625,0.1544248525246985,0.8052782194692675,0.8058188195619995,0,NS
Training_Old,PAK2,19.773034160967864,0.06001937082609387,0.9022036585020758,0.963814666829372,0,NS
Training_Old,CBX3,15.867059072998778,0.05609653086897737,0.9400208897655142,0.977150212282246,0,NS
Training_Old,PSMD2,21.73907121242813,0.06560058051719508,0.8575118656902375,0.9343022654426753,0,NS
Training_Old,MYBPH,20.638619955802312,1.718838301443558,0.17699564030738874,9.17839588834254e-6,1,Up
Training_Old,SELENBP1,24.641606201056327,-0.2518758750385466,0.4468450384357174,0.402928641306272,0,NS
Training_Old,TRIM28,17.541894642648245,0.04262142131009483,0.9395802936264872,0.9821840331466892,0,NS
Training_Old,G3BP1,16.30056993751612,0.26514693455502325,0.6762281531564756,0.5905648747710447,0,NS
Training_Old,PABPC4,20.272577051471956,0.02982252854946665,0.9894155292205404,0.995538584730108,0,NS
Training_Old,SGCG,22.606415003772135,-0.1736340548371018,0.4880360377787217,0.5607950700458452,0,NS
Training_Old,EIF3I,19.093174967263757,0.12068138529729566,0.7552877616762494,0.821277698855753,0,NS
Training_Old,CTBP1,19.85818331654,0.04600745694372676,0.910965900944542,0.9762508156582757,0,NS
Training_Old,UBE2V1,22.349240015714877,-0.09578046503895976,0.855652243325369,0.9035388748136622,0,NS
Training_Old,DYNC1I2,20.035094542341117,0.08884361511854166,0.8322638465093714,0.8990529697576141,0,NS
Training_Old,ILK,20.254584273729808,0.00293923428315068,0.9954864063133828,0.9998999771172832,0,NS
Training_Old,NNT,25.755033245257373,0.07018702873011762,0.8869012694738848,0.9500741349500568,0,NS
Training_Old,SNTA1,21.236718590550428,0.06569540894861348,0.908364110698336,0.9648300534655746,0,NS
Training_Old,SNTB2,22.67976295446133,-0.06929354508591246,0.8720728289267548,0.9382165871503588,0,NS
Training_Old,SF3B2,21.74422952905963,0.03888460515427638,0.9605279217845626,0.988341635435095,0,NS
Training_Old,PDAP1,21.823550245440508,-0.06121975053014594,0.9022036585020758,0.9632537878040712,0,NS
Training_Old,TMED1,16.36877552312901,0.06588299534368147,0.908364110698336,0.9656675676870788,0,NS
Training_Old,FKBP5,19.24458717530697,-0.17536248566452883,0.6458223053784177,0.6699099876795839,0,NS
Training_Old,PICALM,15.555027197326362,-0.00290497516226651,0.9954864063133828,0.9999435678766772,0,NS
Training_Old,MTM1,20.367145943274423,0.04551561409664728,0.9446620870997549,0.9834943384497734,0,NS
Training_Old,SQSTM1,16.29668316917811,0.11703569934204872,0.8338777421362406,0.8708045150115635,0,NS
Training_Old,MTX1,17.708653251560037,0.03317567854797687,0.9605279217845626,0.989869480265524,0,NS
Training_Old,ART3,20.887907169266473,-0.4314024559487919,0.4373447950946092,0.18890172715511985,0,NS
Training_Old,ASAH1,19.82080081430841,-0.08333265748916929,0.8869012694738848,0.9396433620866824,0,NS
Training_Old,PIN1,20.78846482655561,0.04501369294946755,0.9411232628892084,0.9822125101139916,0,NS
Training_Old,CAMK2B,21.801104028833457,0.21758358336995087,0.5457266217037436,0.5274536524567967,0,NS
Training_Old,CAMK2G,21.463651476920617,-0.02120313107522165,0.9812174171683822,0.9955774910559824,0,NS
Training_Old,CAMK2D,24.137937506182023,0.5427550492192879,0.16809033211750346,0.01507175561416319,1,Up
Training_Old,DCTN2,21.497004966213904,0.10683154484866364,0.5730936960236189,0.7517910512403378,0,NS
Training_Old,NAE1,17.543993806271917,-0.3254157963493931,0.3249336086327226,0.17470072461257677,0,NS
Training_Old,STIM1,19.873499699670237,0.01869182414111847,0.9839479860037118,0.996726511144468,0,NS
Training_Old,CUL1,18.68302541895731,-0.06366807863898671,0.8975544379425378,0.9570151479188151,0,NS
Training_Old,CUL2,18.598853571168004,0.00579996649112857,0.9954864063133828,0.9997428864035728,0,NS
Training_Old,CUL3,20.18796375954617,-0.04807625638014556,0.9132409367292792,0.975686890426032,0,NS
Training_Old,CUL4A,18.914357517434222,-0.07748457488727212,0.8322638465093714,0.9078749008754852,0,NS
Training_Old,FHL1,30.74757603517573,0.11734826854546654,0.7564660176718055,0.8293205832118149,0,NS
Training_Old,FHL3,24.574059267609982,-0.20382136154591635,0.6762281531564756,0.6622432876483751,0,NS
Training_Old,ITGA7,17.977200851970498,-0.1852529520187396,0.5626159977951446,0.6062829558436417,0,NS
Training_Old,AAMP,16.862561636839203,0.23968996768924455,0.7109698936461699,0.6463666288894355,0,NS
Training_Old,CACNA1S,19.11384640871613,-0.17296834960939478,0.6584947368236574,0.6873129541904642,0,NS
Training_Old,MOGS,15.673497562651503,-0.1048005285376874,0.908276497922918,0.9420874509028314,0,NS
Training_Old,SPTAN1,19.34494637389295,0.10149951295660388,0.855652243325369,0.8995345472086425,0,NS
Training_Old,AUH,20.280104021748254,0.02239576056191339,0.989448788709926,0.9969096640025304,0,NS
Training_Old,DDX39B,20.581981214773837,-0.04127356826093731,0.9605279217845626,0.9876829928836696,0,NS
Training_Old,BLMH,20.24600979344963,-0.1016947292653434,0.8796796312115669,0.9208054586593162,0,NS
Training_Old,SNTB1,19.202191432855823,-0.02344258915447739,0.9839479860037118,0.996088506692928,0,NS
Training_Old,TUBB2A,22.96084069411983,0.1215036092230264,0.722976489753774,0.8077466349289034,0,NS
Training_Old,IDI1,20.165295389401887,-0.3420556118716398,0.38881039228026354,0.2246083896065928,0,NS
Training_Old,PRKG1,18.94797003201477,-0.28567010450500874,0.5100135337386771,0.40435682512424886,0,NS
Training_Old,COX17,20.798375242746214,-0.05247524881346166,0.9569373016187448,0.9834563056215156,0,NS
Training_Old,HNRNPD,22.453032743752555,-0.05121458835840897,0.9048014892038364,0.97048279152457,0,NS
Training_Old,SCARB2,18.30052741172506,-0.1810372836087808,0.6536696690105152,0.6701689924310391,0,NS
Training_Old,NID2,18.151357690284375,-0.03272562548764313,0.9932478468507332,0.996816900076172,0,NS
Training_Old,IL18,17.35068589309844,0.07294758077012276,0.964044286843038,0.98206586830206,0,NS
Training_Old,DAG1,22.349260339106795,-0.12010679525177537,0.7092533704051387,0.8019918056967659,0,NS
Training_Old,EIF3A,20.705521868714193,0.06180233260412748,0.8760527778984114,0.9484408670500188,0,NS
Training_Old,UBAP2L,16.788955002398627,0.4470541167803362,0.6353161094517655,0.3540429979943504,0,NS
Training_Old,MLEC,20.854686907631315,-0.00816455628805812,0.9954864063133828,0.9993815299238088,0,NS
Training_Old,DPYSL3,22.32856747105482,-0.1625025266260991,0.8322638465093714,0.8113124081571553,0,NS
Training_Old,DCTN1,20.744131566496996,0.08309168618223595,0.845362329296126,0.9095751187778358,0,NS
Training_Old,DYNC1H1,21.338085110288315,0.11936448506286368,0.6762281531564756,0.7850113189954634,0,NS
Training_Old,EIF2B1,17.81205177498031,0.07621295985155996,0.8760527778984114,0.9355787377134438,0,NS
Training_Old,EIF4A2,24.09450561162291,0.14305112226474392,0.7424859223567235,0.7860536387275358,0,NS
Training_Old,CTTN,15.160655753434018,0.4018272106125025,0.5870588952807839,0.35272651013801765,0,NS
Training_Old,ENDOG,20.08248072490437,0.01205966255560042,0.9954864063133828,0.9993430253569068,0,NS
Training_Old,FLOT2,18.060746764574812,0.19114040947582467,0.5493760760036969,0.5810259789050931,0,NS
Training_Old,TRIM25,18.15688481443553,-0.0751672631018323,0.908364110698336,0.9609552409263352,0,NS
Training_Old,FLNC,27.5393399629679,0.20743907099460657,0.7977988295002159,0.7419652905965699,0,NS
Training_Old,MYBPC2,23.516904818315407,0.11117681304812166,0.9605279217845626,0.9663779983712808,0,NS
Training_Old,GAMT,23.727033531810665,-0.10153907829052145,0.8338777421362406,0.8870535873944503,0,NS
Training_Old,CAPRIN1,15.61120584681623,0.2797254917673371,0.756841664672708,0.6421576508417034,0,NS
Training_Old,PRPSAP1,15.252374464342154,-0.17473272373312732,0.8719454266518887,0.8504185484058622,0,NS
Training_Old,CLINT1,16.279723286202703,-0.00960048466101426,0.9954864063133828,0.999472973047866,0,NS
Training_Old,GANAB,19.91118460216083,-0.04142437738094529,0.908364110698336,0.9769406065144336,0,NS
Training_Old,SSPN,21.603498300725228,-0.3140468750987395,0.20367127835133791,0.1282949643117872,0,NS
Training_Old,MVP,17.68436312213858,0.43382127676763105,0.5719777549400008,0.31257033798701284,0,NS
Training_Old,LTBP3,18.943030623669575,-0.07850405660319382,0.9395802936264872,0.9676505974182944,0,NS
Training_Old,LASP1,17.947980038244644,0.1422160504938148,0.8869012694738848,0.901676914013742,0,NS
Training_Old,PTGR1,18.94195335351836,0.27249941528900834,0.7654803589146537,0.6571294293961686,0,NS
Training_Old,KPNB1,22.777403398607795,0.01041591334000813,0.989448788709926,0.9986434924395784,0,NS
Training_Old,NUMA1,20.88568948450216,-0.00195487665819271,0.9954864063133828,0.9999714728116706,0,NS
Training_Old,PSME4,14.894937465004991,0.0836112693784461,0.92721974971711,0.9619931369164746,0,NS
Training_Old,SLMAP,22.512617864571855,0.04414181217112656,0.9450465738715746,0.9842018088684024,0,NS
Training_Old,EMC2,16.314364576220576,0.14424537973943607,0.8548593030677044,0.8546072409862195,0,NS
Training_Old,PSMD6,20.719718326541887,-0.06313615543189144,0.908364110698336,0.9661037848852758,0,NS
Training_Old,ABRAXAS2,16.920904491125235,-0.01679011154671883,0.9815064296357964,0.9967334057040252,0,NS
Training_Old,SEPTIN2,18.20127549104069,-0.04117786769587539,0.908364110698336,0.9784312950501785,0,NS
Training_Old,KARS1,21.451479575599823,-0.10400662182163244,0.636028030500025,0.786524352013259,0,NS
Training_Old,EIF4H,21.53848731032754,-0.19189838479086416,0.4837138736413318,0.5223232727302787,0,NS
Training_Old,EEA1,17.545684028046903,0.034145327788071,0.9636490266952572,0.9901633725938748,0,NS
Training_Old,PDIA6,24.20426630597903,0.04780156107496935,0.908364110698336,0.9749130149623249,0,NS
Training_Old,PAFAH1B3,18.923462864127004,-0.02301703142073208,0.989448788709926,0.9972399363070013,0,NS
Training_Old,PLCL1,15.63029626439175,0.10075538972385624,0.9411232628892084,0.9597756866654876,0,NS
Training_Old,PDK1,18.506238346347875,-0.06339267730289677,0.9411232628892084,0.9759823322277784,0,NS
Training_Old,PDK2,18.98752789466995,-0.07784481762017137,0.9496049149362232,0.9733117449239844,0,NS
Training_Old,PEA15,18.66892757313931,-0.1585249458393072,0.855652243325369,0.8452860688532715,0,NS
Training_Old,PGM5,21.679911542734065,-0.07294763635013979,0.9208091084434816,0.964679211605734,0,NS
Training_Old,PLEC,23.942932966320654,-0.15876901252316955,0.8322638465093714,0.8138963338848771,0,NS
Training_Old,PPP2R5A,16.79113009318589,0.00440823499407017,0.9954864063133828,0.9999016806877,0,NS
Training_Old,PPA1,20.32285754747253,-0.04311667233480065,0.9362883512507104,0.9814177425377504,0,NS
Training_Old,PTGES3,21.681465871101313,-0.06761813081448054,0.8869012694738848,0.9506303949356985,0,NS
Training_Old,STK38,16.628298779402382,-0.11141512048519432,0.9022036585020758,0.9300769929785584,0,NS
Training_Old,NECTIN1,21.18388094979016,-0.33834835472237046,0.901344582430166,0.7982842887588438,0,NS
Training_Old,NONO,18.256395851518327,0.03119968795110495,0.9605279217845626,0.9906687767840556,0,NS
Training_Old,PTPA,19.933253178710213,-0.03053446066942911,0.9815064296357964,0.9940895467953308,0,NS
Training_Old,RABEP1,16.815934132415865,0.14471105766898162,0.8862205358776563,0.8951196743441014,0,NS
Training_Old,RAB35,15.900483370108118,0.24980906428504035,0.5730936960236189,0.5145315672629087,0,NS
Training_Old,TMED2,19.917753556852073,0.01570123619124075,0.989448788709926,0.9980508579018824,0,NS
Training_Old,PCBP1,23.848023032741292,0.04075392415684575,0.9048842214871984,0.9766635444540512,0,NS
Training_Old,PCBP2,21.517877356687585,0.07289804674810796,0.8434535761381624,0.9194009118351056,0,NS
Training_Old,ELOC,21.185623076609396,0.04842761508549387,0.899754204380663,0.9677614574636756,0,NS
Training_Old,ELOB,21.638847672387755,0.05807712268107323,0.8869012694738848,0.9585395847764986,0,NS
Training_Old,UBE3C,16.697570323678203,-0.06661506059522537,0.9395802936264872,0.9725450461659826,0,NS
Training_Old,DHCR24,16.582903679237653,0.22077871041902952,0.748189951683547,0.6944134286920524,0,NS
Training_Old,RSU1,20.633182705093336,-0.08042979698673491,0.8760527778984114,0.9309092050785146,0,NS
Training_Old,PPP1R7,19.81439900007797,-0.2040363571770989,0.5095315396891543,0.5206836281594514,0,NS
Training_Old,SEC23A,18.562397538131663,0.07617295304627092,0.8638644081028736,0.929567595994242,0,NS
Training_Old,MAPRE2,21.284942024528863,-0.08497359115487058,0.854165305001791,0.9094480570077166,0,NS
Training_Old,TGFBI,15.338502896503265,-0.4502573898256976,0.5918956048684009,0.31672216575222356,0,NS
Training_Old,TSN,21.490782584602893,-0.27185288963243437,0.4057684549293098,0.3234966362307843,0,NS
Training_Old,SF1,14.759209550394925,0.05084149260939519,0.9812174171683822,0.9894080713482368,0,NS
Training_Old,TRIP10,19.518705234042798,-0.06307121116818593,0.8650317615028188,0.9420782358289596,0,NS
Training_Old,MAPRE1,18.339583372057476,0.14019183000137403,0.8011473066483278,0.8205616991808953,0,NS
Training_Old,TSC22D1,15.006612495818857,-0.2727943330323388,0.8638644081028736,0.7687887590346705,0,NS
Training_Old,ELAVL1,16.794276040927723,0.00262525381218381,0.9954864063133828,0.9999582671271828,0,NS
Training_Old,MYLK,22.97881777203737,-0.7394640726594659,0.17699564030738874,0.00616997898387514,-1,Down
Training_Old,SPEG,18.75717275517603,-0.10014292665441717,0.8796796312115669,0.9216137000122204,0,NS
Training_Old,TBCE,15.0244743030288,-0.0725559509001279,0.9022036585020758,0.9572416192012057,0,NS
Training_Old,UBE2V2,23.552578332311153,-0.1636763671561603,0.403202565680754,0.49574814585039706,0,NS
Training_Old,NEDD8,22.340212215809196,0.05249537205248345,0.9354399355909564,0.9772077244375706,0,NS
Training_Old,ADIRF,19.304348874442816,0.24139321317319684,0.8796796312115669,0.8234213750069052,0,NS
Training_Old,ADIPOQ,21.643585573695997,-0.12999285236015012,0.7677110828169772,0.8200520108129442,0,NS
Training_Old,RAB11B,22.613522945206345,0.02938925719448093,0.9123886741918024,0.9849672323354158,0,NS
Training_Old,ZYX,18.618382619014717,0.0926170335153067,0.7892866411741039,0.8739870813193437,0,NS
Training_Old,HSPB2,24.880274144495893,0.2625745763556573,0.5100135337386771,0.434460006515824,0,NS
Training_Old,ETFDH,25.02623991415296,-0.0199767279829679,0.9894155292205404,0.9969117801087336,0,NS
Training_Old,SEPTIN7,17.87207401978585,0.10520059529306992,0.8322638465093714,0.8752776003391,0,NS
Training_Old,ADRM1,18.055902151718342,-0.11436495183654928,0.8449077384346698,0.877240681541342,0,NS
Training_Old,DDB1,24.141622770496507,0.02552452839876551,0.936318917411908,0.989001978854884,0,NS
Training_Old,CDC37,21.21069247288412,-0.01129748361591964,0.989448788709926,0.9983861293095,0,NS
Training_Old,DPYSL2,21.581135245031312,0.03652855227961993,0.9354399355909564,0.9841773292363633,0,NS
Training_Old,SYPL1,20.852224035895897,-0.06359667085540721,0.908364110698336,0.9662943457393288,0,NS
Training_Old,RBBP7,17.564906371119392,0.10411210646837787,0.9013364352004776,0.9329432764474196,0,NS
Training_Old,SGCB,21.015379385689624,-0.14977422539595509,0.5457266217037436,0.6427272590109964,0,NS
Training_Old,SGCA,21.404642988485215,-0.12526030918351694,0.6762281531564756,0.7763657882730438,0,NS
Training_Old,FXN,20.337677712134997,-0.1461028690459969,0.7723292351585319,0.8019852724320821,0,NS
Training_Old,FSCN1,17.58516695486595,0.6477151572727102,0.15763153206544178,0.00332528077752992,1,Up
Training_Old,DECR1,25.093382303915742,0.07295614064762646,0.8939531382076433,0.9502721624442512,0,NS
Training_Old,NDUFA5,23.923902111126928,-0.03487286828382352,0.9636490266952572,0.990512674813378,0,NS
Training_Old,CLPP,17.786192031406777,-0.03280789876238188,0.9894155292205404,0.9949122563119994,0,NS
Training_Old,TST,21.905139115102248,-0.17283969427642276,0.6915317001116692,0.7169345128891423,0,NS
Training_Old,KYAT1,17.824080455431712,-0.32721343636421807,0.4373447950946092,0.28087378138793095,0,NS
Training_Old,GUK1,15.098216564822181,-0.0036545910535235,0.9954864063133828,0.9999221490630272,0,NS
Training_Old,HAGH,24.61471129357744,-0.1825428441387693,0.45538569657653694,0.523288175720058,0,NS
Training_Old,NDUFA9,24.346091545952365,-0.03843092481351107,0.9636490266952572,0.989587344543329,0,NS
Training_Old,PHKG1,23.263267147478857,0.1605574931417486,0.4880360377787217,0.5830936220791142,0,NS
Training_Old,PPP1R3A,20.653726668605056,0.18068360404971529,0.6040884294529529,0.639505684614214,0,NS
Training_Old,HADH,25.388231896661186,-0.1124096957332057,0.7201474796005275,0.8184493677563687,0,NS
Training_Old,UGP2,26.15437356975057,0.04229839802700397,0.9177320826812078,0.979107744800702,0,NS
Training_Old,TXNRD1,20.75461974810685,-0.14836764044947515,0.5457266217037436,0.6449815236000512,0,NS
Training_Old,IMMT,24.531748901292616,-0.04635731988493319,0.9022036585020758,0.9727527907710728,0,NS
Training_Old,IAH1,18.96791430642447,-0.0251731551948815,0.9692019079570396,0.994081809312639,0,NS
Training_Old,KLHL40,23.134034116859215,0.33609295463417865,0.7199911310122943,0.5468925505098263,0,NS
Training_Old,TKFC,16.684072086003987,-0.08828599085572719,0.9022036585020758,0.9475697155614512,0,NS
Training_Old,TIMM50,19.466332243688672,0.00520809067643668,0.9954864063133828,0.9997971666277012,0,NS
Training_Old,NADK2,17.084205852778062,-0.1012058440199759,0.8796373263781408,0.9200317240568926,0,NS
Training_Old,FAM98B,18.28960915313028,-0.00390264409690388,0.9954864063133828,0.9998750263159112,0,NS
Training_Old,HIKESHI,20.54773927718798,0.0972061413643317,0.8278052680817009,0.8783654531004362,0,NS
Training_Old,PDLIM3,27.380637715380423,0.04082092968810968,0.9636490266952572,0.9889837235493396,0,NS
Training_Old,HSD17B12,19.816226794550793,0.0952284375090855,0.8869012694738848,0.9300585900721382,0,NS
Training_Old,AGK,17.373201318019863,0.30984093623817444,0.5057861921988993,0.3667751176413175,0,NS
Training_Old,LACTB2,17.669299355061504,-0.00612427457651776,0.9954864063133828,0.9996932301652685,0,NS
Training_Old,DCAF6,18.740031939509844,-0.12845490452689037,0.6762281531564756,0.7694926194216771,0,NS
Training_Old,CAVIN4,22.69733837294265,0.01301236918008186,0.9932478468507332,0.9987357068682954,0,NS
Training_Old,FLG2,17.346810373732637,0.22313835860535747,0.9022036585020758,0.8728268729338653,0,NS
Training_Old,RABL3,15.87465718409686,-0.09569233838504589,0.8796796312115669,0.925443927657806,0,NS
Training_Old,COQ5,21.42132712139989,-0.07184862375989098,0.908364110698336,0.96220529656778,0,NS
Training_Old,NOMO2,20.770026709735152,0.09378779475913036,0.8638644081028736,0.9138109421320326,0,NS
Training_Old,PITRM1,21.96669856301789,0.03103692584595663,0.9894155292205404,0.9952928682761272,0,NS
Training_Old,WDR44,16.15461771417186,0.07739437043080954,0.9293024173781588,0.9652483564827768,0,NS
Training_Old,COA6,20.12390266953169,0.01103808396807792,0.9954864063133828,0.9992086820017824,0,NS
Training_Old,TOR1AIP1,19.07457908441359,-0.21108629395361336,0.722976489753774,0.6908269460522318,0,NS
Training_Old,GNAS,19.641740138173105,-0.30975582212989394,0.3249336086327226,0.1925494399435232,0,NS
Training_Old,TTC38,16.385262273697897,0.09615813102674407,0.9411232628892084,0.9618033995905731,0,NS
Training_Old,C6orf136,18.76408368023368,-0.5533184050955811,0.6762281531564756,0.32239508255772603,0,NS
Training_Old,HP1BP3,22.89044863173238,0.12298284387481928,0.8760527778984114,0.8977533550571082,0,NS
Training_Old,IBA57,21.140542826774197,-0.10427598464870158,0.9022036585020758,0.9367142862395522,0,NS
Training_Old,UBR4,16.461071475467374,-0.04794188286294343,0.9132530831344998,0.9757883772337228,0,NS
Training_Old,DCAF8,16.59338776180156,0.09812252916298192,0.8760527778984114,0.917410811472932,0,NS
Training_Old,DDI2,24.47168350862971,0.14261749261949674,0.9177320826812078,0.931177099394812,0,NS
Training_Old,MICOS10,18.7706696643377,0.16032768998704228,0.8760527778984114,0.8716217343829226,0,NS
Training_Old,LYRM7,19.696788879622083,-0.2114620210961533,0.658833727898212,0.6332338080843075,0,NS
Training_Old,OBSCN,23.72278985083414,0.04521811316581292,0.964044286843038,0.9885361790338963,0,NS
Training_Old,MYOM3,23.336259485372928,-0.03241025112828666,0.9932478468507332,0.996853314130518,0,NS
Training_Old,PDE4DIP,25.39733407890293,0.24299580146532665,0.854165305001791,0.7629164299949683,0,NS
Training_Old,BROX,17.74328466797864,2.7923379683159055e-4,0.9995600586441044,0.9999995334477264,0,NS
Training_Old,LYPLAL1,17.886967954514915,-0.03890479436435257,0.9704732441273146,0.9910000573048126,0,NS
Training_Old,SYPL2,24.993695263553096,-0.2924255863803431,0.4373447950946092,0.3240709770139867,0,NS
Training_Old,ECPAS,20.90544456091857,-0.08331225779906504,0.756841664672708,0.8763682113361208,0,NS
Training_Old,MICOS13,22.19086875455948,0.09128977614476597,0.9022036585020758,0.9467493084490212,0,NS
Training_Old,RNF123,19.599717220816743,-0.25960930483260114,0.3249336086327226,0.2607772382852925,0,NS
Training_Old,TMEM198,25.667609504811377,-0.14171473069527707,0.8790448592205058,0.8878048034979286,0,NS
Training_Old,CRYBG3,23.268437284875024,-0.23408662949429623,0.908364110698336,0.8756449295167555,0,NS
Training_Old,NXN,17.446930869866094,-0.05528908566091317,0.908364110698336,0.9703459806776408,0,NS
Training_Old,PTRHD1,20.7204414950889,0.05528527265202143,0.9255433365518796,0.9742241333402952,0,NS
Training_Old,ABLIM2,14.449724355937851,-0.08901485977479595,0.9411232628892084,0.9671031994628166,0,NS
Training_Old,LAMTOR1,15.760374237201123,-7.115025374293538e-4,0.9995600586441044,0.9999960214127392,0,NS
Training_Old,DHRS7B,20.63896094698961,-0.126804435463427,0.860596056115936,0.8788293249202754,0,NS
Training_Old,TWF2,19.784329959682054,0.2638099975685684,0.5796865862842979,0.502350400596854,0,NS
Training_Old,ETFRF1,18.238578312369707,-0.20224422719080337,0.7862312814175451,0.7429110378461331,0,NS
Training_Old,RAB12,17.85642542730037,-0.13021882687488429,0.8052782194692675,0.8332492260289334,0,NS
Training_Old,DENND5A,22.3371282383504,-0.1756053227227774,0.7564660176718055,0.7530055553035657,0,NS
Training_Old,RCSD1,19.65038889765715,-0.10122659741454854,0.8548593030677044,0.8956824492933897,0,NS
Training_Old,SLC25A24,19.045176140818587,0.2288358333527647,0.38881039228026354,0.3678548578359001,0,NS
Training_Old,HIBCH,24.210050470040457,0.17839411135008731,0.8322638465093714,0.8014469846660046,0,NS
Training_Old,CAVIN1,24.24277984582812,-0.02902207362909337,0.9569373016187448,0.9908519243208904,0,NS
Training_Old,MRPL54,16.938125930896167,0.06253788422936069,0.9569147359342124,0.9801974368010964,0,NS
Training_Old,LPCAT3,19.287444440756538,-0.11156364702634748,0.9012775243515488,0.9281225936604942,0,NS
Training_Old,TATDN1,18.792152357374707,-0.11027202507990096,0.8760527778984114,0.9069876938804612,0,NS
Training_Old,SFXN4,18.48178096347848,0.1679171785325444,0.8322638465093714,0.8049566614067561,0,NS
Training_Old,FAHD1,20.00710636839437,-0.05312555618009895,0.9255433365518796,0.9753799685731128,0,NS
Training_Old,LMOD2,20.555251643576103,0.1554108427017411,0.9628594968384284,0.95572388649212,0,NS
Training_Old,SLC27A1,15.848280118037264,-0.35268029798626976,0.3249336086327226,0.1580017983509457,0,NS
Training_Old,CCDC137,21.205012518050214,-0.215820109973226,0.9255433365518796,0.9022327188222516,0,NS
Training_Old,CORO6,19.859083896295935,0.16933989671077398,0.8844949962722787,0.877403778337975,0,NS
Training_Old,TMEM205,22.437690641550084,-0.09928772562476952,0.8548593030677044,0.895707051693224,0,NS
Training_Old,DHRS11,18.277563793180416,0.1782866690809506,0.8322638465093714,0.7920372284114688,0,NS
Training_Old,APOOL,22.151560017751216,-0.08605645760925285,0.8626297365716215,0.9175696606279976,0,NS
Training_Old,NAPRT,19.11581881851686,0.01053911232535043,0.9954864063133828,0.9996085362744966,0,NS
Training_Old,HSDL2,23.84642693132353,-0.091761796290605,0.855652243325369,0.9067079921552113,0,NS
Training_Old,KYAT3,17.23966662325586,-0.13016932701529882,0.8815076258918112,0.9029741777585912,0,NS
Training_Old,TRIM72,26.493338283918412,0.06978166059143476,0.827145827681635,0.9097153673728056,0,NS
Training_Old,UBN2,24.68646633148976,0.23526867942933904,0.9048014892038364,0.871831583605692,0,NS
Training_Old,TOM1L2,17.232142336024907,-0.1578254863061339,0.5287867475684075,0.6150522905862561,0,NS
Training_Old,XIRP1,22.96565166821422,0.4335251932951394,0.5918956048684009,0.3291948135806626,0,NS
Training_Old,VPS13C,17.957649313822102,0.01298954163530297,0.9938126471141084,0.9988612275333316,0,NS
Training_Old,UBE2R2,18.021465283308626,4.901092199496304e-4,0.9995600586441044,0.9999986576229178,0,NS
Training_Old,SND1,22.79159461151068,0.2765623677742859,0.4462991912265263,0.36289103037205866,0,NS
Training_Old,TRMT10C,19.26875690662201,0.0186833216956046,0.9839479860037118,0.9968710035808068,0,NS
Training_Old,BZW1,20.379707126858413,0.03789756704892255,0.987326239869693,0.993907912511486,0,NS
Training_Old,EIF3M,19.152516689119036,0.05260691111894999,0.9175331588165836,0.9739245792502942,0,NS
Training_Old,COPS6,21.532619792828193,-0.03508355733758606,0.9301534170651272,0.9842827815974402,0,NS
Training_Old,CHMP1B,18.727254757909083,-0.08341479275396324,0.9022036585020758,0.9509694288590816,0,NS
Training_Old,RRM2B,16.296308720826655,0.00166154795458695,0.9995600586441044,0.9999885142838412,0,NS
Training_Old,ERMP1,14.45354789958402,-0.06873782924255778,0.9636490266952572,0.9810382875595276,0,NS
Training_Old,MRPL21,17.07326295732032,-0.29799988372693775,0.7591592731579717,0.6286573340493553,0,NS
Training_Old,DGLUCY,22.312719608599327,-0.03266765071661126,0.9802322444594548,0.993003138870006,0,NS
Training_Old,MYH14,21.597101482362255,-0.00256571762753665,0.9954864063133828,0.9999585451517128,0,NS
Training_Old,SZRD1,17.21883875075124,-0.04881080519773562,0.948177594813128,0.9827797608317826,0,NS
Training_Old,MAVS,19.748640218695012,-0.16307116366139596,0.5457266217037436,0.6248113691631136,0,NS
Training_Old,COMMD6,15.048320398547396,-0.0040796986500311,0.9954864063133828,0.9999180733780956,0,NS
Training_Old,HDDC2,18.091205959449457,-0.10957212746138724,0.8322638465093714,0.8679562493744563,0,NS
Training_Old,HDGFL2,16.204572899727513,-0.08616791294120318,0.8939531382076433,0.9413516375748467,0,NS
Training_Old,DCXR,22.55324523980515,-0.1382660509364868,0.8322638465093714,0.8430021058547865,0,NS
Training_Old,SPRED2,23.145849431777584,0.02111598747094945,0.9954864063133828,0.9987670270799196,0,NS
Training_Old,HUWE1,22.560641565627208,0.21532610920746365,0.6762281531564756,0.6531134415005679,0,NS
Training_Old,GLRX5,21.405223200410628,-0.15099661666580388,0.855652243325369,0.8507734147768404,0,NS
Training_Old,MYPN,20.23208475432374,0.0732434348771207,0.9605279217845626,0.9777572460152716,0,NS
Training_Old,SRL,25.302462389625745,-0.04347779341726365,0.908364110698336,0.9758632193181136,0,NS
Training_Old,PRUNE1,17.112399100401646,-0.3562072585778928,0.3145001464683041,0.12816012032590146,0,NS
Training_Old,ACOT1,16.917149934076622,0.0907660292128405,0.9301534170651272,0.959629529899074,0,NS
Training_Old,ISCA2,20.265886573737443,-0.00945400888512182,0.9954864063133828,0.9994049000044222,0,NS
Training_Old,MTDH,19.295845250216978,0.06830016437125508,0.8980720244440918,0.9541686064430588,0,NS
Training_Old,KTN1,17.02473201559566,-0.05606771007076361,0.9411232628892084,0.9783381148202488,0,NS
Training_Old,NLRX1,18.450075247872164,-0.16483664435565615,0.7201474796005275,0.746931284677499,0,NS
Training_Old,ALYREF,17.55811832043281,-0.0114618255601222,0.9954864063133828,0.9992983386334576,0,NS
Training_Old,MDP1,17.066892034429284,-0.11168221241286602,0.8575118656902375,0.890964310236805,0,NS
Training_Old,SLC25A42,17.011748280395793,-0.7578300487374001,0.37557096919395294,0.0308656708330923,-1,Down
Training_Old,NRAP,21.547399091839893,0.33311743267722704,0.6915317001116692,0.526924674497244,0,NS
Training_Old,VPS36,16.701399528298925,-0.2988176649915104,0.38881039228026354,0.2654511790530165,0,NS
Training_Old,CAND1,20.962324191609387,-4.821411970823419e-5,0.99964540174609,0.9999999829003255,0,NS
Training_Old,COMMD7,15.649765598617703,0.21837913445195944,0.5942222355184883,0.5736675787352638,0,NS
Training_Old,LDHD,19.08881876805161,-0.11256507805029514,0.9123886741918024,0.9437466976417076,0,NS
Training_Old,CARM1,17.895038935637217,0.4088767459508098,0.5626159977951446,0.33108180105637885,0,NS
Training_Old,NIT1,19.16514336993063,-0.0834323932374943,0.9022036585020758,0.9477252256131063,0,NS
Training_Old,NDUFA11,22.49639554437555,-0.2219008447060027,0.8322638465093714,0.7550379029385867,0,NS
Training_Old,ECHDC2,18.288535730553846,-0.23645256271499093,0.5730936960236189,0.5333972790585543,0,NS
Training_Old,PHYKPL,16.45066800269256,-0.17053434437858073,0.8278052680817009,0.7978417651817489,0,NS
Training_Old,MUSTN1,22.492588928499732,0.7719290997257886,0.4156948185360369,0.04344655569036923,1,Up
Training_Old,NAXD,22.118641802937205,-0.15400869277357643,0.7424859223567235,0.7725772136913768,0,NS
Training_Old,MFN1,21.133019984780177,-0.10162695686326018,0.9022036585020758,0.9372695366469642,0,NS
Training_Old,SLC44A2,19.84409074576877,-0.03205638127812094,0.9812174171683822,0.9933851753545296,0,NS
Training_Old,HSCB,14.957030356357818,0.10966037195991872,0.8760527778984114,0.9060541395632392,0,NS
Training_Old,ADHFE1,21.118531260901392,-0.068932731168033,0.9516657702727468,0.9768520935135756,0,NS
Training_Old,UNC45B,22.536959287782313,0.20838207159138025,0.4571502931492847,0.4851298943465875,0,NS
Training_Old,MSRB3,16.97334939524807,-0.01396694165072176,0.9954864063133828,0.999044213219776,0,NS
Training_Old,KLHDC8B,21.523406228818228,0.03350703438441371,0.9894155292205404,0.9948873319366563,0,NS
Training_Old,SUPV3L1,16.2234573870834,0.00728620668927959,0.9954864063133828,0.9997599620678106,0,NS
Training_Old,THNSL1,15.10766757597899,-0.01456081372553974,0.9938126471141084,0.9987935941609468,0,NS
Training_Old,PM20D2,18.999376348999732,0.04399706335009412,0.9834489367848462,0.9921163818155864,0,NS
Training_Old,MICU2,17.33497881413305,-0.08352804122382551,0.8939531382076433,0.943377609279752,0,NS
Training_Old,ELMOD2,14.256273444928349,-0.10229175138050016,0.9022036585020758,0.935274804985564,0,NS
Training_Old,ALDH16A1,17.829684084987893,0.05318648729588204,0.9605279217845626,0.984100077472227,0,NS
Training_Old,FAM185A,15.17532546360237,-0.32344458533758846,0.6536696690105152,0.4858751930944292,0,NS
Training_Old,ADSS1,25.11775293306255,0.02157497353337234,0.964044286843038,0.994702056655699,0,NS
Training_Old,NDUFAF2,16.997148312692637,-0.00402579652962842,0.9954864063133828,0.9999066274581268,0,NS
Training_Old,LRRC47,22.210156147393988,-0.04426191536432,0.908364110698336,0.9761282525103554,0,NS
Training_Old,GPD1L,25.860176321154334,-0.1435708002320375,0.43297857976286097,0.5680958107339498,0,NS
Training_Old,EHBP1L1,19.865869848950258,0.10474048485771448,0.8322638465093714,0.8750460931096967,0,NS
Training_Old,CMYA5,25.282240817663553,-0.1340622551293933,0.7201474796005275,0.7886951434035936,0,NS
Training_Old,TXLNB,21.221025944489043,-0.0989113215913413,0.7564660176718055,0.8532345393047549,0,NS
Training_Old,SYNPO,19.298464194026774,-0.15153230512254012,0.8638644081028736,0.8635884347414661,0,NS
Training_Old,TOMM5,18.85927689113182,0.01663415351398711,0.9932478468507332,0.9983495496766792,0,NS
Training_Old,CHCHD4,17.255753118599042,0.12376821153598172,0.855652243325369,0.8756536090838333,0,NS
Training_Old,CBR4,20.594466369181976,-0.02554722187781166,0.989448788709926,0.9965869832704808,0,NS
Training_Old,MMGT1,15.626842569079848,-0.06773977475155846,0.9255433365518796,0.9682606525578596,0,NS
Training_Old,SMIM20,19.485004540474208,-0.01440252518321827,0.9954864063133828,0.9988852856326876,0,NS
Training_Old,CISD2,17.923520735528164,0.05494712958746817,0.908364110698336,0.9714327048164196,0,NS
Training_Old,ATPAF2,17.62793897351076,-0.3249838163758234,0.4462991912265263,0.3041930946271886,0,NS
Training_Old,JAGN1,22.141882089837036,-0.15233457596585254,0.8548593030677044,0.8460987790034626,0,NS
Training_Old,MRPL50,17.077853901221317,0.00803954453944655,0.9954864063133828,0.999738064505748,0,NS
Training_Old,EMC1,17.09387191621884,0.11939067177407736,0.8790448592205058,0.9050722611399732,0,NS
Training_Old,PTGR2,23.231581329435357,-0.1443832659100579,0.7723292351585319,0.8035215390506582,0,NS
Training_Old,SMYD1,23.7567550452528,0.04150808393515604,0.9802322444594548,0.9911677837352248,0,NS
Training_Old,NHLRC2,20.094220811159737,-0.02256837888727148,0.9834489367848462,0.9959282248127808,0,NS
Training_Old,RDH13,17.30282173949789,0.22245555536443007,0.7424859223567235,0.6886651456493345,0,NS
Training_Old,TXNDC5,17.277657295478964,0.25611831959567866,0.3249336086327226,0.269741294337509,0,NS
Training_Old,ATAD1,19.03111070076528,0.10929671909914164,0.8322638465093714,0.8760122471584745,0,NS
Training_Old,SCCPDH,22.25321833582995,0.10451445409032444,0.7092533704051387,0.8259751188332487,0,NS
Training_Old,SERBP1,19.167044382054986,0.02648862848458577,0.9834489367848462,0.995165127656268,0,NS
Training_Old,FAM98A,18.095915032118317,0.05524108043298881,0.9636490266952572,0.9852176883400304,0,NS
Training_Old,PDPR,16.267084261515183,0.09118640632397046,0.9022036585020758,0.9470725780189028,0,NS
Training_Old,NAXE,23.233099734082252,-0.06963111518451726,0.8322638465093714,0.9158570417179028,0,NS
Training_Old,NPEPL1,20.483905065837316,0.1545581990656011,0.855652243325369,0.8480393137166238,0,NS
Training_Old,ADPRHL1,24.078411282745847,-0.04352136355132074,0.9411232628892084,0.983848220567727,0,NS
Training_Old,CHDH,16.118617572841742,0.3918072908250636,0.4156948185360369,0.2021186301067201,0,NS
Training_Old,ABCF1,18.99507072783391,0.02047256600939206,0.9894155292205404,0.996919375705042,0,NS
Training_Old,MCU,20.896719535932224,-0.08658937138689637,0.9022036585020758,0.9490965131240352,0,NS
Training_Old,ABHD11,17.924709362864995,0.07962877572688853,0.9411232628892084,0.9694216127161672,0,NS
Training_Old,ATL2,17.926489314007583,-0.46214210951767143,0.35119248634787037,0.11156677442017258,0,NS
Training_Old,PPTC7,18.42936855617289,0.06866390709386039,0.9411232628892084,0.9734016183181684,0,NS
Training_Old,COQ8A,24.679971071359816,-0.0793837429726878,0.862068355664064,0.9233350959544738,0,NS
Training_Old,NPLOC4,19.53116972157277,-0.00463157439438788,0.9954864063133828,0.9997612069497788,0,NS
Training_Old,SPATA20,17.400529923276345,0.22636606973193807,0.8939531382076433,0.853920531170523,0,NS
Training_Old,NUBPL,18.988675084240164,0.19676790668198407,0.7569228823744022,0.7337975209136288,0,NS
Training_Old,DEPTOR,21.503737980903978,0.04423510881429493,0.9636490266952572,0.9879763788741172,0,NS
Training_Old,RDH11,16.557221623079904,0.1227192418963554,0.8869012694738848,0.913337077414594,0,NS
Training_Old,LRRC20,24.143566360854415,-0.14647337913358527,0.666832492592411,0.7333726635165899,0,NS
Training_Old,NT5C,18.039461494280637,-0.06779150723210492,0.9279129800663772,0.9693040097951098,0,NS
Training_Old,PNPT1,18.252592970258934,-0.10232457574705832,0.8322638465093714,0.8841051688885222,0,NS
Training_Old,SPPL2A,18.622068922517965,-0.07440152015253432,0.9411232628892084,0.9707052714561796,0,NS
Training_Old,PREX1,14.926568478678217,0.4451651030862944,0.4057684549293098,0.15264422817409964,0,NS
Training_Old,NEK9,16.776475199192255,-0.01367445191315752,0.9932478468507332,0.9987314259454864,0,NS
Training_Old,GPT2,15.300539360276796,-0.5920768864234756,0.35119248634787037,0.06139934085623215,0,NS
Training_Old,MYOZ3,19.370333665169422,0.37484506474862656,0.8796796312115669,0.7396771756682934,0,NS
Training_Old,NEK7,20.651367702228157,0.00760634211494348,0.9954864063133828,0.9995372969962164,0,NS
Training_Old,DTD1,16.189710754739952,-0.00112501958071931,0.9995600586441044,0.999992984722502,0,NS
Training_Old,UTP15,26.74929664352296,0.11302429091900024,0.9636490266952572,0.970647903959754,0,NS
Training_Old,SETD7,20.600199841778156,0.03473360276781889,0.9513809771620588,0.9882365430457386,0,NS
Training_Old,NUP133,18.95949569971599,-0.01458511601595802,0.9954864063133828,0.9992460945402568,0,NS
Training_Old,PDCD6IP,20.50287122259058,0.00506012760024177,0.9954864063133828,0.999683525461304,0,NS
Training_Old,THEM6,16.532545610896733,-0.12017264256994407,0.8322638465093714,0.8600896641157256,0,NS
Training_Old,SMIM4,17.342509068457172,0.0251362580303045,0.9894155292205404,0.9960845201101224,0,NS
Training_Old,NUDCD2,18.714481218809773,-0.04205584759886349,0.9518122752255262,0.9858718730856444,0,NS
Training_Old,SCFD1,16.3030802137747,-0.02827631981578804,0.9815064296357964,0.9945309300169496,0,NS
Training_Old,PCNP,16.45602316893636,0.02943975019394784,0.9815064296357964,0.9943614646425436,0,NS
Training_Old,DNAJA4,19.690798864176628,0.3047782676624493,0.5493760760036969,0.4241662793929376,0,NS
Training_Old,SPRYD4,19.91891049039138,-0.01346796981654918,0.9954864063133828,0.998988358797364,0,NS
Training_Old,RTN4IP1,18.32395437229764,-0.02820350983301622,0.9894155292205404,0.995721551365203,0,NS
Training_Old,PALLD,19.63661388328596,0.0227715017829766,0.9932478468507332,0.9977962951319852,0,NS
Training_Old,SYNE2,17.929679609839322,-0.4309045765001507,0.16809033211750346,0.03772920054663442,-1,Down
Training_Old,THAP4,21.934883663780557,0.09522948592281466,0.8760527778984114,0.9215208803342908,0,NS
Training_Old,IFT81,22.267649476816526,-0.08749579896290527,0.9815064296357964,0.9833079069280352,0,NS
Training_Old,TTN,26.173236593363615,0.01920856925481118,0.9954864063133828,0.99892126304091855,0,NS
Training_Old,DDX1,21.122165288038637,0.07363596604077216,0.8650317615028188,0.9326394795311008,0,NS
Training_Old,HSD17B8,20.471552615208157,-0.02154633030814778,0.989448788709926,0.9971785915197492,0,NS
Training_Old,CPT1B,23.369180714369236,-0.23760172303643048,0.5457266217037436,0.4983366961826513,0,NS
Training_Old,PSMF1,20.857415116637853,0.00483297896587586,0.9954864063133828,0.9997986650515904,0,NS
Training_Old,UBXN4,16.056706014323495,0.10571265440195889,0.8760527778984114,0.9125528469146764,0,NS
Training_Old,HSPH1,23.360046366018953,0.37056900550476257,0.950079131066927,0.8799662497925794,0,NS
Training_Old,MYO18A,19.69973455837782,0.06561294895358927,0.9555495797472836,0.978688197560628,0,NS
Training_Old,GCN1,17.059956646117673,0.1191428906806884,0.8278052680817009,0.8538056098823975,0,NS
Training_Old,SGCD,21.382338729505584,-0.2078274164726217,0.4373447950946092,0.4458645649159996,0,NS
Training_Old,AKAP1,16.435813972472452,-0.11746739513383277,0.8966068704061089,0.9218252320809218,0,NS
Training_Old,RABGGTA,18.060787184580818,0.15869451437348658,0.6536696690105152,0.7016153259747243,0,NS
Training_Old,TFG,21.149479974453687,0.0776671166304368,0.8796796312115669,0.9387202650795736,0,NS
Training_Old,ARPC1A,18.19390311046805,-0.1539367281733739,0.5948819335268644,0.6782171849255016,0,NS
Training_Old,P3H4,22.45063208325724,0.18616246412640436,0.8760527778984114,0.8450890786376856,0,NS
Training_Old,DDX17,19.932280489770505,-0.06506504347401076,0.8760527778984114,0.9457122736635424,0,NS
Training_Old,CELF1,16.364969746384364,0.06832951515328745,0.9255433365518796,0.9686337033199314,0,NS
Training_Old,UFD1,20.25991120896123,0.1734578073833042,0.7591244206420252,0.7622993315363387,0,NS
Training_Old,RPL3L,17.786456184069397,0.1578448222900306,0.8916857034402946,0.8937651657214981,0,NS
Training_Old,COPS5,21.200692963770333,-0.07588528352196278,0.8790448592205058,0.9381981750797206,0,NS
Training_Old,KHSRP,17.5781530877667,-0.10923368722797022,0.8434535761381624,0.881740756376898,0,NS
Training_Old,GCDH,19.397629150146404,-0.06717076637366759,0.908364110698336,0.96382563234543,0,NS
Training_Old,TNPO1,16.658258627346274,0.1307377279258617,0.6762281531564756,0.7689323859543814,0,NS
Training_Old,USP13,16.8278509504232,-0.07867281322748099,0.9177320826812078,0.9613513044232832,0,NS
Training_Old,USP9X,17.732476557902142,0.11887634622768316,0.6536696690105152,0.7689284531910449,0,NS
Training_Old,CUL5,22.44311966987605,-0.07664357964446111,0.8322638465093714,0.9094528711766698,0,NS
Training_Old,LPP,16.933354135240258,-0.08599096162259201,0.8869012694738848,0.9370461036780268,0,NS
Training_Old,ATP2A3,27.838939316261765,0.05249935829430186,0.9636490266952572,0.9853205638460574,0,NS
Training_Old,PHKB,22.37317481174377,0.22631855635053455,0.4468450384357174,0.44111225851502367,0,NS
Training_Old,UBE2F,17.252777050224566,-0.25950034512614195,0.6915317001116692,0.6075489656352301,0,NS
Training_Old,RPL36AL,20.386456931152985,0.2499049252116237,0.6546278162361698,0.5788854023350378,0,NS
Training_Old,WBP2,19.54148899042856,-0.03480604394184183,0.9411232628892084,0.9870689591752564,0,NS
Training_Old,ERGIC1,17.560313318847733,0.4074645314563199,0.4462991912265263,0.22441965432682948,0,NS
Training_Old,MTARC2,17.822203582399073,0.04491887852652354,0.9411232628892084,0.9824288143010664,0,NS
Training_Old,FAM162A,22.908549696268423,0.00827353558824484,0.9954864063133828,0.9994530508467953,0,NS
Training_Old,CCDC47,16.290680218346953,0.10656268649224998,0.7983649865435387,0.8589133816848563,0,NS
Training_Old,TMEM230,18.460734920067104,0.01104497475994037,0.9954864063133828,0.9991645617680496,0,NS
Training_Old,ISOC2,21.873498457018545,-0.04744406794669942,0.908364110698336,0.97446824655273,0,NS
Training_Old,FERMT2,19.31885885766713,-0.05574040055869389,0.9354399355909564,0.9759114466159788,0,NS
Training_Old,FUBP1,18.10722557068226,-0.10634149467347952,0.8177970792187386,0.863690385965081,0,NS
Training_Old,SLC25A46,17.032584174670244,-0.05125960874468305,0.9411232628892084,0.9798137447061246,0,NS
Training_Old,TMEM143,21.243776250343707,0.05374859766164519,0.9545124047022944,0.9823871876645636,0,NS
Training_Old,PBXIP1,24.169718086512695,-0.02582302725694063,0.9636490266952572,0.9932869179223036,0,NS
Training_Old,PTER,15.961550589024265,0.039509319626187533,0.9839479860037118,0.993092442481725,0,NS
Training_Old,ZBTB9,18.712345613504233,-0.05379753879618576,0.9605279217845626,0.9838779377449698,0,NS
Training_Old,FAM136A,18.93615565409932,0.13071017146156905,0.8796796312115669,0.9001751949292337,0,NS
Training_Old,FGGY,20.990688560957977,0.04336573821849754,0.9692019079570396,0.9898672108871844,0,NS
Training_Old,GALM,19.422802071055894,0.01934037434062574,0.987326239869693,0.9969015441157112,0,NS
Training_Old,DCPS,15.977401868523213,-0.14159655666264115,0.854165305001791,0.853876120297055,0,NS
Training_Old,PPP1R14B,17.874311925845074,0.2865018041620324,0.5325118116072927,0.4197828008438809,0,NS
Training_Old,ACSF2,20.05193842341908,-0.1814193653074412,0.6915317001116692,0.7053998850875061,0,NS
Training_Old,ISOC1,20.69064882120997,-0.03788088953267987,0.9636490266952572,0.989882759132374,0,NS
Training_Old,CCDC124,18.11344749670642,0.11115030154401496,0.855652243325369,0.8894828398930161,0,NS
Training_Old,OPTN,17.554082433512985,-0.13156108133775035,0.8322638465093714,0.8445515616094227,0,NS
Training_Old,AP2M1,17.517872810159595,0.08043947703817977,0.8827663660859664,0.9395077635231928,0,NS
Training_Old,KCTD12,17.10022331094002,0.1817208553895888,0.7985520611927012,0.7719896241321654,0,NS
Training_Old,RMDN1,19.90077160015615,0.08593351803344618,0.8796373263781408,0.9310366241856284,0,NS
Training_Old,ECHDC3,19.99965195538638,-0.3505031004460797,0.5758394205363898,0.39760245235477665,0,NS
Training_Old,NUDT16,16.982734805061856,-0.13559657224832122,0.7752315408175143,0.8163405339493164,0,NS
Training_Old,CMBL,25.6533963129086,-0.2055137041458721,0.658833727898212,0.6425669250358927,0,NS
Training_Old,MSI2,19.689472902879373,0.04012203078664811,0.9605279217845626,0.98792657442395,0,NS
Training_Old,MRPL38,16.735072910112873,0.12220178801641168,0.8720728289267548,0.893685824518968,0,NS
Training_Old,MRRF,17.58904791477933,-0.00294326304060987,0.9954864063133828,0.9999477316254404,0,NS
Training_Old,MRPL53,18.88864277849324,0.1134115939787428,0.8980720244440918,0.925389282853608,0,NS
Training_Old,DAZAP1,16.81003778252304,0.35528604571249645,0.8720728289267548,0.7208853027952025,0,NS
Training_Old,DNAJA3,17.343738541682296,-0.11664599031488976,0.9022036585020758,0.92985528225452,0,NS
Training_Old,PTCD3,17.187802971013422,0.2383325621523689,0.5527091411963843,0.513933624822195,0,NS
Training_Old,MMAB,16.571354529260198,-0.28543569780875444,0.4156948185360369,0.313439860532506,0,NS
Training_Old,DYNLL2,19.01732821770432,-0.02831320841081464,0.989448788709926,0.9964760576643,0,NS
Training_Old,S100A16,17.465054030635635,0.4428331953764229,0.7109698936461699,0.4459620781368598,0,NS
Training_Old,SCRN2,20.07370944573096,0.00862406352327127,0.9954864063133828,0.9996533759212316,0,NS
Training_Old,OTUB1,21.267798288559092,-0.12224538275608764,0.5740511406005078,0.7233227529731218,0,NS
Training_Old,CHMP6,15.828192985393995,0.02885162191237,0.9759986623451246,0.9935635786855588,0,NS
Training_Old,PDXP,16.720279702294928,-0.11839037539120768,0.8638644081028736,0.8907105403478507,0,NS
Training_Old,DCUN1D1,17.242626014604095,0.11547878574766912,0.8638644081028736,0.8927097836237533,0,NS
Training_Old,FAHD2A,18.727910713021632,-0.05307446460918541,0.9636490266952572,0.9857088518798284,0,NS
Training_Old,SNF8,17.171871830197833,0.06730048396866906,0.9022036585020758,0.9578730727791296,0,NS
Training_Old,PDLIM5,27.460897314497444,-0.2562867205631534,0.5457266217037436,0.4793061357902496,0,NS
Training_Old,CRELD1,22.388981840301746,0.41361043019524857,0.5541385331267451,0.3214271804295728,0,NS
Training_Old,ERO1A,16.542208626253903,0.17405376712442333,0.5206957393460249,0.58034862589504,0,NS
Training_Old,AHCYL2,18.93485360187299,0.05316134685270057,0.8939531382076433,0.96352272265213,0,NS
Training_Old,PGAM5,19.44481451977911,-0.17871989978916503,0.7634688849482268,0.7586996979260956,0,NS
Training_Old,DDRGK1,17.405475818326035,0.10924444001945588,0.8322638465093714,0.875264140313635,0,NS
Training_Old,PYURF,19.275059929145986,0.138250598089396,0.9018780081479816,0.9123392145178096,0,NS
Training_Old,SUCLG2,20.689586222317445,-0.0965480779230603,0.908276497922918,0.9464245473785048,0,NS
Training_Old,ABHD14B,22.654333500061284,-0.08137274362104208,0.8638644081028736,0.9248643656602056,0,NS
Training_Old,NGLY1,17.280915131113993,0.2796257248245908,0.4057684549293098,0.30503269993653465,0,NS
Training_Old,TMX3,18.246778544992996,0.15305107586482336,0.9022036585020758,0.911369127499577,0,NS
Training_Old,BTF3L4,20.160085685495233,-0.02225610298908265,0.9636490266952572,0.9939640553338775,0,NS
Training_Old,USP47,18.23975399595067,-0.17376937984381513,0.6522236674324119,0.6769775887954083,0,NS
Training_Old,CNDP2,19.061230765117145,-0.0380104570229598,0.9411232628892084,0.9858547947175196,0,NS
Training_Old,ALPK3,18.21403502602703,0.1713522263589944,0.7564660176718055,0.7606746094458761,0,NS
Training_Old,STAC3,24.673159665963215,0.16313877634990703,0.756841664672708,0.7731224281885815,0,NS
Training_Old,COQ10A,21.842878577080555,0.12080396991250451,0.8796373263781408,0.9048050117918024,0,NS
Training_Old,JSRP1,23.98864413420542,0.02150857610548584,0.9815064296357964,0.9956790422617168,0,NS
Training_Old,MCEE,20.049187011085973,-0.13212257140374817,0.8980720244440918,0.91329820100058,0,NS
Training_Old,QKI,17.517966771034306,0.24297913767491153,0.756841664672708,0.6808145470355464,0,NS
Training_Old,PLIN4,24.54496052047188,-0.2873136778430023,0.4057684549293098,0.3021756411653949,0,NS
Training_Old,ALKBH3,13.886234083199248,-0.02653617162005694,0.9894155292205404,0.9961553116665814,0,NS
Training_Old,VPS35,17.904672179875494,0.02988175889201017,0.9636490266952572,0.9919616834962824,0,NS
Training_Old,PURB,16.766215406355126,-0.06118904331147945,0.9569147359342124,0.980523378643466,0,NS
Training_Old,BBS4,22.762804491797244,-0.15654371762148855,0.855652243325369,0.848710980006022,0,NS
Training_Old,VPS13A,17.220071536422548,-0.12166084511245144,0.8808362082633787,0.9076287306650596,0,NS
Training_Old,GFM1,19.480501898388287,-0.22843187904110707,0.4571502931492847,0.4480584774849954,0,NS
Training_Old,MCCC1,18.752899663578553,-0.13829821609847315,0.8464148794646055,0.8544326335637095,0,NS
Training_Old,METTL26,19.37384124667105,0.00516430366324627,0.9954864063133828,0.9998240225472536,0,NS
Training_Old,CLCC1,16.908359464068397,-0.08077218539526498,0.8638644081028736,0.9236668267040884,0,NS
Training_Old,PEBP4,17.950016249048826,-0.44166717341401096,0.4156948185360369,0.16738500309603824,0,NS
Training_Old,PLEKHF1,17.257311554116505,0.04576487648278871,0.9411232628892084,0.9827493655160288,0,NS
Training_Old,MYCBP,15.887246534050508,0.08999109931886373,0.8742501774653536,0.92116567502737845,0,NS
Training_Old,TBCB,19.281198117207285,0.02064054343196275,0.9834489367848462,0.9962249768061696,0,NS
Training_Old,PSMB7,22.209674700707488,0.0286741991370043,0.9609873917995628,0.9915619594049694,0,NS
Training_Old,PCYT2,16.550513253002546,-0.480648762342085,0.16809033211750346,0.02545840874991508,-1,Down
Training_Old,PSMD1,21.340462414073375,0.01816283665973372,0.9812174171683822,0.9962905891160196,0,NS
Training_Old,PFDN5,20.09902777435093,-0.15471083284559128,0.5918956048684009,0.6729224567706961,0,NS
Training_Old,PAFAH2,20.954102392488146,-0.11382194555076453,0.8638644081028736,0.896804056314605,0,NS
Training_Old,PARK7,26.927999499529815,-0.09865021136323548,0.7109698936461699,0.8357694470239855,0,NS
Training_Old,VAT1,19.137068331521665,0.07558813210587445,0.8869012694738848,0.9460255114758934,0,NS
Training_Old,PLIN2,22.543197780130804,-0.42543990872978554,0.5392774424209327,0.28156501103069537,0,NS
Training_Old,S100A13,22.81081717988349,0.6610044996170323,0.3557937518472564,0.04584189723798727,1,Up
Training_Old,TSNAX,17.39279624386738,-0.23316813639983636,0.6762281531564756,0.6304945094508878,0,NS
Training_Old,EIF3C,23.90657973523368,0.16315387932630543,0.658833727898212,0.7038192124214565,0,NS
Training_Old,PHB2,24.495168142668156,0.05126132870187305,0.9022036585020758,0.967644404369166,0,NS
Training_Old,COPS8,22.534632160204744,-0.02880271152291413,0.959308930336594,0.9910778105257672,0,NS
Training_Old,SDHC,23.293750088267466,-0.15411332989814497,0.8876988579960184,0.8942900011888544,0,NS
Training_Old,CHP1,18.574958425693048,-0.05085712052282432,0.9255433365518796,0.9764689342196354,0,NS
Training_Old,HSD17B10,21.51633182237144,-0.01172666624797003,0.9932478468507332,0.9988299994025164,0,NS
Training_Old,NAP1L4,22.301728694237532,-0.02391948765458451,0.9605279217845626,0.9927728837462104,0,NS
Training_Old,MGST2,19.709016248311425,0.09470199555942216,0.908364110698336,0.9512466959399772,0,NS
Training_Old,TXN2,19.58954751671259,0.11189138604595784,0.8322638465093714,0.8707709566037439,0,NS
Training_Old,DMAC2L,18.810291942178775,-0.29849956061121574,0.4462991912265263,0.3372849292485147,0,NS
Training_Old,ACO2,26.935516301194475,-0.02397799945125101,0.9636490266952572,0.9931586012569688,0,NS
Training_Old,COQ7,22.68212854585426,-0.12459516430780936,0.6263823289459617,0.7437039666431465,0,NS
Training_Old,SLC29A1,16.794978816916203,-0.1834398556530843,0.6762281531564756,0.6855530287899323,0,NS
Training_Old,TSG101,17.731046717344583,-0.19784877384978827,0.4880360377787217,0.5175173152912546,0,NS
Training_Old,CPNE1,18.184388333373548,-0.26356457159888436,0.4880360377787217,0.4144652965967228,0,NS
Training_Old,CCT7,22.557665076342747,0.09212969357824718,0.728027005237773,0.8527710512383715,0,NS
Training_Old,PRMT1,18.78573337285874,-0.097736783522012885,0.8322638465093714,0.8902010600937966,0,NS
Training_Old,NIPSNAP1,20.43957388366637,-0.2250340428121831,0.8760527778984114,0.8188727501887089,0,NS
Training_Old,ARPC5L,18.926994213127134,0.21246984440709937,0.7237452654912476,0.6897547662148359,0,NS
Training_Old,MICU1,18.5544755260856,-0.08319413046148227,0.930786048722036,0.9632652730630472,0,NS
Training_Old,MACROD1,24.70383150484715,-0.09898224388016176,0.8322638465093714,0.8795167707139406,0,NS
Training_Old,WDR77,18.831561343882797,-0.1768121858884193,0.6762281531564756,0.6955101240630103,0,NS
Training_Old,APOL2,17.324189711880987,0.23816395559994064,0.6762281531564756,0.6106790665245159,0,NS
Training_Old,FYCO1,19.390795280711437,-0.00714317464993996,0.9954864063133828,0.999715516522255,0,NS
Training_Old,JPH2,20.62861637170192,-0.0919058752049331,0.855652243325369,0.9066737366036308,0,NS
Training_Old,CORO1B,14.465410292220438,0.32548482635189124,0.4409935121139016,0.288735222220834,0,NS
Training_Old,TXNDC17,20.50629109751645,0.14475275279724897,0.5758394205363898,0.6831169139651566,0,NS
Training_Old,PLCD4,20.974672992121267,0.01907857640883747,0.9834489367848462,0.9964309955900614,0,NS
Training_Old,CPPED1,18.83083857492034,0.05590262975526627,0.9812174171683822,0.9885901540936,0,NS
Training_Old,VPS25,19.52070192649142,-0.0927588995798665,0.8796796312115669,0.927551201457836,0,NS
Training_Old,MIEN1,20.833433868332357,0.31748669907965876,0.4057684549293098,0.2604557197870661,0,NS
Training_Old,PELO,16.527114249307974,0.14209702808589597,0.8548593030677044,0.8553708505968751,0,NS
Training_Old,PRXL2A,20.249483110619387,-0.1869668697211928,0.8322638465093714,0.7925814115798993,0,NS
Training_Old,ERP44,18.986271397616953,-0.3609979437377824,0.7076078922841695,0.5120713643125929,0,NS
Training_Old,LXN,15.065319099510996,0.24085123282804588,0.8338777421362406,0.7521779720701022,0,NS
Training_Old,NIPSNAP3B,23.140451248140874,-0.09340219816127517,0.899754204380663,0.9387731282676364,0,NS
Training_Old,NTPCR,17.710610054977586,-0.06025456487406444,0.9418295938912185,0.9778063829907176,0,NS
Training_Old,AGMAT,20.87449518587789,0.03348762915798886,0.990221011552516,0.9960657272177634,0,NS
Training_Old,TACO1,19.325050350225705,-0.04753120791819043,0.9555495797472836,0.9845314724614096,0,NS
Training_Old,ESYT1,22.518366488718303,-0.13269900099490428,0.8638644081028736,0.8792467774057774,0,NS
Training_Old,UBAC1,21.06450010453897,0.0959238977278325,0.8338777421362406,0.8929003315822732,0,NS
Training_Old,COPS4,21.194724038145253,-0.03395249785284804,0.908364110698336,0.981144981181812,0,NS
Training_Old,DCTN5,15.266472586241845,-0.1372136108198525,0.8322638465093714,0.848418103751305,0,NS
Training_Old,AARSD1,17.161111374784177,-0.04209171094101194,0.9753828519627752,0.9905733457899342,0,NS
Training_Old,TMEM43,20.84832894186251,0.20074128251904355,0.6762281531564756,0.6709899982817998,0,NS
Training_Old,DHRS4,18.802002372091327,0.3486990985895879,0.38881039228026354,0.2155866606927106,0,NS
Training_Old,TMEM70,20.549683281639652,0.2295646745935791,0.8011473066483278,0.7233091050494049,0,NS
Training_Old,TUBB6,18.671508000605208,0.23638247756206,0.64093693573058,0.5808691632978893,0,NS
Training_Old,CHCHD7,18.360870290112963,-0.01868250020647366,0.9932478468507332,0.9980626089102848,0,NS
Training_Old,APOO,22.584046267545663,-0.00764039333002131,0.9954864063133828,0.999514502365448,0,NS
Training_Old,MRI1,15.529690125818693,0.0848404680513486,0.9590167644266344,0.9738252368624744,0,NS
Training_Old,ABHD6,20.01901028919857,-0.03700605680005253,0.9812174171683822,0.9924458896566688,0,NS
Training_Old,ADI1,19.26215495601485,0.0626452588906048,0.9636490266952572,0.9837552406698664,0,NS
Training_Old,MECR,21.14887001634809,-0.06092090384585091,0.908364110698336,0.9669151071365244,0,NS
Training_Old,NTMT1,16.916862824482386,0.22773979518255771,0.6915317001116692,0.6465480111331326,0,NS
Training_Old,TMEM109,21.454228112319537,-0.1847403729191548,0.658833727898212,0.6729311277845157,0,NS
Training_Old,TMED9,20.760944671626017,0.03938214292948672,0.9636490266952572,0.9894607163568588,0,NS
Training_Old,TIMM21,18.185886251581756,0.08541870038036237,0.899754204380663,0.9437902283725984,0,NS
Training_Old,TPPP3,21.008465281012754,0.07019445565272875,0.9605279217845626,0.9787512466829672,0,NS
Training_Old,NUDT9,16.130412548431345,-0.06550375029330979,0.9022036585020758,0.9589471263551318,0,NS
Training_Old,FUNDC2,24.403766875042813,-0.2016424282567577,0.4656452825873819,0.49944766183716927,0,NS
Training_Old,SORBS1,18.147099603759507,-0.3009932274903413,0.7119310143454388,0.5794216657047015,0,NS
Training_Old,HINT2,21.789343280024244,-0.16952714850616957,0.8373368024087845,0.8197595594928324,0,NS
Training_Old,OSBPL11,14.366571439468842,0.18070662827414807,0.7907245105204055,0.7695964157379226,0,NS
Training_Old,NT5C1A,23.024289211987305,0.2615624774171472,0.7201474796005275,0.6295654756381238,0,NS
Training_Old,TMEM120A,15.201243208531707,-0.16421605553650487,0.8805933127838554,0.87706933868529,0,NS
Training_Old,NAA15,18.3818952966093,0.00956215754833067,0.9954864063133828,0.9995856298051576,0,NS
Training_Old,BCL2L13,22.172918741399027,-0.02108589534828553,0.964044286843038,0.994681850137182,0,NS
Training_Old,AP1M1,19.579606234035293,0.0135041837064378,0.9932478468507332,0.9987297252232366,0,NS
Training_Old,OSBPL1A,17.431557739222697,0.1066275381877766,0.7594798584559329,0.8471667082563714,0,NS
Training_Old,HDHD5,20.251218857422543,0.11156552102078621,0.8805226896393898,0.914448933604287,0,NS
Training_Old,EIF2A,16.76552346949781,0.01207145907853402,0.9938126471141084,0.9990089511912494,0,NS
Training_Old,MRPL13,19.136308482616492,0.1523924209988401,0.7878702890475845,0.7999846343633669,0,NS
Training_Old,MRPL9,17.02843491364723,0.3122314304395992,0.827145827681635,0.6562323452814933,0,NS
Training_Old,MRPL4,20.27050228064463,0.1801176414622141,0.855652243325369,0.8232385876346824,0,NS
Training_Old,MRPL1,17.997511813999157,0.12680610650624047,0.855652243325369,0.8763215195853764,0,NS
Training_Old,NLN,17.196822974238245,0.19510469677166145,0.7424859223567235,0.7202966309106272,0,NS
Training_Old,TRIM54,20.87379248361524,0.08629859654837446,0.899754204380663,0.9431280408852089,0,NS
Training_Old,BCO2,17.18349945963785,-0.3850393538573833,0.6536696690105152,0.4292485105472603,0,NS
Training_Old,MRPL37,20.88474360217528,0.04109134313571161,0.9802322444594548,0.9912614318460992,0,NS
Training_Old,ASPSCR1,17.551152605101933,-0.2059708345722413,0.5948819335268644,0.5961012806731191,0,NS
Training_Old,UBL5,21.782322491163345,-0.01559459640677118,0.989448788709926,0.9980156533612656,0,NS
Training_Old,NIBAN1,19.966865332079156,-0.11260557086660228,0.8760527778984114,0.9071380206940476,0,NS
Training_Old,UBXN6,17.72574271638029,0.10672971621762883,0.845362329296126,0.8854369971244834,0,NS
Training_Old,UBE2O,14.379882866360608,0.16502698729829568,0.8472934988006454,0.8292216112785702,0,NS
Training_Old,LNPK,18.71076459690468,-0.03233049915974817,0.9605279217845626,0.9902365442142836,0,NS
Training_Old,PITHD1,18.468988101880942,-0.10015197091095727,0.8852653614397731,0.9257292917980524,0,NS
Training_Old,SLIRP,18.374593423894822,0.08371070129564728,0.8980720244440918,0.9442281350778016,0,NS
Training_Old,NIF3L1,20.24785208231937,-0.11408028339370446,0.7620556779278344,0.838020463937894,0,NS
Training_Old,EGLN1,15.44877590151068,0.03436067381645813,0.9815064296357964,0.9931226972416642,0,NS
Training_Old,ANKRD2,26.50830545615589,0.32755959727025896,0.658833727898212,0.49548526798399695,0,NS
Training_Old,NAA50,19.542025232635165,0.00485274891982356,0.9954864063133828,0.9997883576752824,0,NS
Training_Old,TMEM126A,19.95148106345139,-0.11359672977062374,0.8322638465093714,0.8691253379401961,0,NS
Training_Old,PAIP1,16.814074910113817,0.03626197494232386,0.9569147359342124,0.98848898842431,0,NS
Training_Old,CLPB,16.32196607539576,0.06402718977536992,0.9411232628892084,0.9759073472408212,0,NS
Training_Old,TOLLIP,21.71249467614214,-0.06641226672558176,0.8939531382076433,0.9541431689038544,0,NS
Training_Old,PCBD2,23.143535409179528,-0.16793099862047356,0.5305085679144143,0.5978190171801233,0,NS
Training_Old,NT5C3A,23.68083531066749,-0.1042377444557374,0.7237452654912476,0.8342600758065742,0,NS
Training_Old,HDHD2,19.736378573140655,-0.04700694175443232,0.9160771040482508,0.9765287710543614,0,NS
Training_Old,RAB1B,24.24972183642771,-0.09511026915524924,0.8808362082633787,0.92703132402316,0,NS
Training_Old,C11orf54,22.241832380746,-0.2658414494825756,0.34152102225365166,0.2732279889371465,0,NS
Training_Old,NUCKS1,21.383087634182537,-0.117795103119942,0.7424859223567235,0.8196256291163749,0,NS
Training_Old,TMX4,18.780996631574055,-0.1166270952037074,0.7740146102746108,0.8392105914712815,0,NS
Training_Old,MYLK2,21.899748497052567,-0.5516069761684719,0.3249336086327226,0.05934470238215212,0,NS
Training_Old,EHD4,16.539758981444674,0.1255137129545929,0.8548593030677044,0.8706218517691122,0,NS
Training_Old,SH3BGRL3,19.969108603251637,0.2340062959656457,0.5457266217037436,0.510443863684847,0,NS
Training_Old,SLK,17.123853331852764,0.1939645515509163,0.5948819335268644,0.6131516390937208,0,NS
Training_Old,PPIL3,19.486759735834102,-0.02779440882748218,0.989448788709926,0.9961893252065056,0,NS
Training_Old,LRMDA,24.286429598218575,0.00696331797324845,0.9954864063133828,0.9997047242718634,0,NS
Training_Old,TNMD,24.29321148299463,-0.16892535024546262,0.8278052680817009,0.7998222221626311,0,NS
Training_Old,PPA2,20.9359455437982,-0.02591119780388595,0.9773434346302792,0.9943126189508664,0,NS
Training_Old,MRPL46,16.8656713222424,0.07104691200900248,0.908364110698336,0.962266382374706,0,NS
Training_Old,TMEM245,21.4090258905258,-0.07473292196033654,0.8862205358776563,0.9444714255510294,0,NS
Training_Old,C11orf68,18.74212851293333,0.02070143484603903,0.989448788709926,0.9970936704565708,0,NS
Training_Old,GHITM,19.439706035503068,0.08224682716014087,0.8882279291921494,0.9425427993325672,0,NS
Training_Old,BOLA2,18.97496843970118,0.15682711755060907,0.7552877616762494,0.7738579131731708,0,NS
Training_Old,TMX1,18.38582523766034,-0.0068022662567948,0.9954864063133828,0.9996565875476618,0,NS
Training_Old,CHMP4B,20.517522333408444,0.07263091490909801,0.8796796312115669,0.943204559232184,0,NS
Training_Old,RBKS,17.886499316149507,-0.2823584128698755,0.5392774424209327,0.43097662554318383,0,NS
Training_Old,FN3K,21.65432535890463,-0.00985521488324181,0.9938126471141084,0.99912222272424,0,NS
Training_Old,TOR1AIP2,15.889118371052048,0.1003130243575221,0.9022036585020758,0.9376476840912658,0,NS
Training_Old,RNPEP,20.65992432905237,-0.22307174507007588,0.5100135337386771,0.4921583044828072,0,NS
Training_Old,GLIPR2,15.947080117681985,0.6061042106963352,0.17699564030738874,0.016083632739761992,1,Up
Training_Old,EHD1,23.48634173966568,-0.04817645699008821,0.9022036585020758,0.9713730649825834,0,NS
Training_Old,TMEM38A,22.798256346582583,-0.12590366891576463,0.8760527778984114,0.895678056484352,0,NS
Training_Old,OPA3,18.899688123542028,-0.08775897709181635,0.908364110698336,0.9523963873071646,0,NS
Training_Old,DCTPP1,17.880264418766043,-0.06587768936926608,0.9395802936264872,0.9730820026144392,0,NS
Training_Old,AAMDC,25.237238190807652,-0.27460498119766186,0.482228590631437,0.3937298215975553,0,NS
Training_Old,PTGES2,22.17039009992156,0.06283622202220585,0.9022036585020758,0.9629943734100378,0,NS
Training_Old,UBE2Z,16.842139256434567,-0.0643079142799472,0.9022036585020758,0.9601105153945816,0,NS
Training_Old,ACAD9,17.910444100699962,0.00296604148800838,0.9954864063133828,0.9999501540582412,0,NS
Training_Old,METTL7A,21.827171056927085,-0.3470367334472577,0.38881039228026354,0.21765832913120745,0,NS
Training_Old,COQ10B,21.661421679918966,-0.14087644788357068,0.8641461081767443,0.8741047872391332,0,NS
Training_Old,MOB1A,17.570222360387877,-0.02679941958627552,0.9839479860037118,0.9953001236907356,0,NS
Training_Old,GORASP2,16.333463553359408,-0.06172934587813117,0.8876988579960184,0.9564307827647276,0,NS
Training_Old,JPT2,15.58737160500486,0.41370900340698746,0.4462991912265263,0.22196672398231196,0,NS
Training_Old,SYNPO2L,17.74520805840799,0.08814225345645355,0.9636490266952572,0.9757635667998192,0,NS
Training_Old,ARMT1,19.1285244543479,-0.26175675601875525,0.5527091411963843,0.4812086017191337,0,NS
Training_Old,LRRC40,14.2367184914811,-0.01860650053738233,0.989448788709926,0.9977567650287305,0,NS
Training_Old,SFXN1,19.110773896262813,0.06530986815322848,0.8975544379425378,0.9559767312016466,0,NS
Training_Old,L2HGDH,21.17503649291731,-0.03402916574566816,0.964044286843038,0.9916635232726206,0,NS
Training_Old,COPS7B,15.055358018193465,-0.45623055489442343,0.4880360377787217,0.21868086701880587,0,NS
Training_Old,FN3KRP,19.395027560551497,0.04656349888096045,0.9840360199581636,0.9923006643177772,0,NS
Training_Old,TBC1D17,17.9865599391825,-0.02758563831162419,0.9812174171683822,0.9942088206037218,0,NS
Training_Old,CARS2,15.887797870563904,-0.11349347963212608,0.9099074193544628,0.942151006634688,0,NS
Training_Old,GRPEL1,17.06017310185173,-0.01977141120575254,0.989448788709926,0.9974134380926388,0,NS
Training_Old,CACYBP,19.990860466691668,0.05996783264540539,0.9395802936264872,0.9750916739134766,0,NS
Training_Old,RDH14,16.99654794310914,0.1366849947253428,0.7784536490560834,0.8156567005945781,0,NS
Training_Old,PARVB,18.859326861915356,-0.07152994885392872,0.8869012694738848,0.9488616344029108,0,NS
Training_Old,TNS1,20.44488318099535,-0.06550804855861969,0.9255433365518796,0.9695420462825548,0,NS
Training_Old,PLGRKT,21.000795869461523,-0.03230152195045477,0.9894155292205404,0.9950339985886958,0,NS
Training_Old,GLOD4,21.78421581687677,-0.07586679502913896,0.8322638465093714,0.9131576027151171,0,NS
Training_Old,MCCC2,17.392929827481293,-0.01171204760845867,0.9954864063133828,0.9992793047331804,0,NS
Training_Old,HHATL,23.13420986519725,-0.16378612882943244,0.8322638465093714,0.8104804585400543,0,NS
Training_Old,PREB,18.466295627455818,-0.0105879647924354,0.9932478468507332,0.9989627183618068,0,NS
Training_Old,MRPL47,17.501481987123434,-0.16044497543872183,0.6762281531564756,0.7244051688478266,0,NS
Training_Old,JPH1,22.390804752228885,-0.01739366028823141,0.9894155292205404,0.997419880578004,0,NS
Training_Old,APMAP,17.4642539052224,0.14778856356040393,0.700050083615827,0.7565982117565666,0,NS
Training_Old,TXNRD2,20.351153147623524,-0.08860708218161051,0.9022036585020758,0.9457304144090044,0,NS
Training_Old,RAB18,19.555413374264923,-0.07639732115155695,0.8661305259384372,0.9305909817224404,0,NS
Training_Old,PALMD,17.184103322969147,-0.003711081306907,0.9954864063133828,0.9999097383682248,0,NS
Training_Old,SSU72,14.7512278528859,0.01594894143907588,0.989448788709926,0.9980048453657316,0,NS
Training_Old,VTA1,19.18527008062651,-0.05348199814378063,0.908364110698336,0.9706018469742372,0,NS
Training_Old,SARS2,17.742940399680084,0.00778919310524628,0.9954864063133828,0.9995848569473084,0,NS
Training_Old,DYNLRB1,17.918302919378313,0.23622799718784648,0.5493760760036969,0.5141254661079621,0,NS
Training_Old,MYOZ1,22.845612661761617,0.07994438213400556,0.989448788709926,0.9888782888898406,0,NS
Training_Old,MYOZ2,20.46894607836752,-0.41269063694873154,0.8760527778984114,0.6994867847818551,0,NS
Training_Old,OSGEP,16.796508041149746,0.08517675575848926,0.8760527778984114,0.9256432310939992,0,NS
Training_Old,ACOT13,22.531531272992183,0.07791978119319509,0.8827663660859664,0.9413230794701594,0,NS
Training_Old,MRPL40,16.66041826919611,0.04218094900127411,0.9636490266952572,0.9888009332618636,0,NS
Training_Old,TIGAR,15.451088837027768,-0.24977931397177855,0.827145827681635,0.714018170177002,0,NS
Training_Old,RTN4,25.85355478758749,-0.1789327906411664,0.4571502931492847,0.5368995050180557,0,NS
Training_Old,HINT3,19.024046332989965,-0.04946682716838069,0.9743491120487354,0.9888223364052464,0,NS
Training_Old,PFDN4,17.970851816670464,-0.05657864539451651,0.908364110698336,0.9705531027937953,0,NS
Training_Old,NIT2,20.19978337352846,-0.07350544710061158,0.8322638465093714,0.9104075809794214,0,NS
Training_Old,XPNPEP1,18.221809352669712,-0.04341253305484471,0.9255433365518796,0.979796794554106,0,NS
Training_Old,GPHN,15.911301688483771,-0.19226026504711768,0.6762281531564756,0.6818914224948632,0,NS
Training_Old,PDLIM7,21.98674286553946,0.07418251035230838,0.9692019079570396,0.982636777424006,0,NS
Training_Old,ACSS2,17.600207788625372,-0.16668710024989863,0.5541385331267451,0.6287708918385643,0,NS
Training_Old,DIABLO,20.18847221206481,-0.03116716440386469,0.964044286843038,0.9922637308834956,0,NS
Training_Old,SAR1A,24.08050482854849,-0.18459527672501963,0.537840511564566,0.5744955779149996,0,NS
Training_Old,SH3GLB2,17.379432376397745,0.02049267513594443,0.9894155292205404,0.9967852141876372,0,NS
Training_Old,EIF2B3,17.602445997985523,0.19269137768256783,0.728027005237773,0.717505277881212,0,NS
Training_Old,MBNL1,20.240136184183463,0.07865134718046463,0.8582739721840648,0.9221418765362732,0,NS
Training_Old,SDR39U1,21.477258041164006,-0.16347148708305426,0.8449077384346698,0.8291226531657476,0,NS
Training_Old,AASDHPPT,16.762659415535484,-0.14389974414490325,0.8322638465093714,0.8396117911034825,0,NS
Training_Old,OSTC,18.107484857282557,0.01751649164123492,0.9921509498092368,0.9980634626203108,0,NS
Training_Old,CMC2,18.1289468553069,-0.03031361084300243,0.9834489367848462,0.994373167222188,0,NS
Training_Old,HEBP1,19.95985158390545,0.1865026672684742,0.5948819335268644,0.6240952588872691,0,NS
Training_Old,PHPT1,25.488690874062968,-0.16428636423023946,0.5541385331267451,0.635912696663252,0,NS
Training_Old,TOMM22,19.39532969712585,0.1644821665866658,0.8760527778984114,0.8633870554332638,0,NS
Training_Old,LANCL2,18.294040201183098,-0.17475216015379758,0.6218601348680921,0.6540926107689456,0,NS
Training_Old,FARSB,23.20681918822667,0.12301120511875752,0.855652243325369,0.8795146010206116,0,NS
Training_Old,IARS2,21.47990646810612,0.09165682910728634,0.8322638465093714,0.8948157845032464,0,NS
Training_Old,SIRT3,18.842508115690418,0.037709834337317,0.9692019079570396,0.9911745136155016,0,NS
Training_Old,MAN2C1,23.066966654498987,-0.11814801710833224,0.8760527778984114,0.9033713446288484,0,NS
Training_Old,OLA1,23.417718448209715,-0.0625380501859425,0.8548593030677044,0.9336036623232362,0,NS
Training_Old,CUTC,22.48483486190536,0.00764426939367979,0.9954864063133828,0.9996211869307404,0,NS
Training_Old,ACSS1,17.747981967440055,-0.05378126447708453,0.9411232628892084,0.9781927209156036,0,NS
Training_Old,ABHD10,18.374754263133724,-0.16275793636649283,0.728027005237773,0.7554738972810401,0,NS
Training_Old,DDX19A,20.662631871107287,-0.11454478165804004,0.6536696690105152,0.777556916945382,0,NS
Training_Old,SEPTIN11,17.747784893662352,-0.09153120300455696,0.8869012694738848,0.9346174701858596,0,NS
Training_Old,PARVA,17.216750178510644,-0.17353297922915445,0.7092533704051387,0.7278918709326713,0,NS
Training_Old,PANK4,19.252898688520407,-0.13195901180093372,0.7723292351585319,0.8190037953844772,0,NS
Training_Old,DNAJC11,18.643390162438703,-0.00161382867063153,0.9990503129660636,0.9999853360934734,0,NS
Training_Old,TMLHE,20.27729201746345,0.27559262556584585,0.7723292351585319,0.6593082114478908,0,NS
Training_Old,ATAD3A,17.612785335114694,0.00967823419217595,0.9954864063133828,0.9995084959802744,0,NS
Training_Old,ARL8B,21.713226616558675,-0.05315120710042365,0.908364110698336,0.970303567186786,0,NS
Training_Old,MRPS18A,16.036748210274183,0.314941389013665,0.6536696690105152,0.5002224392938137,0,NS
Training_Old,PNPO,21.5285709980856,-0.20028473891984433,0.756841664672708,0.7292937283342789,0,NS
Training_Old,OXSM,17.40196530171918,-0.09076587911387436,0.9022036585020758,0.9420805206946936,0,NS
Training_Old,MRPL22,16.37279096390886,-0.0210039907626296,0.989448788709926,0.9973880853580251,0,NS
Training_Old,CZIB,22.945174287823335,-0.14030131872310037,0.7201474796005275,0.7799927578280352,0,NS
Training_Old,BABAM1,17.128720342876544,0.05356752048432867,0.9022036585020758,0.968344524821647,0,NS
Training_Old,NDUFB11,23.287407649791177,0.03820675755050828,0.9636490266952572,0.9899158963567112,0,NS
Training_Old,OCIAD1,20.033968636269513,-0.03490537617892642,0.9411232628892084,0.9867224473380376,0,NS
Training_Old,MARCHF5,16.726409069174366,0.094277424810425,0.8939531382076433,0.935962414366744,0,NS
Training_Old,CHCHD3,23.744564351329405,-0.05614672905041473,0.9022036585020758,0.9669543802327136,0,NS
Training_Old,SIRT5,20.369992801303997,0.01045773188963394,0.9938126471141084,0.9991337705911978,0,NS
Training_Old,BABAM2,21.38062354250999,-0.05963353756000345,0.8815076258918112,0.9540490187707013,0,NS
Training_Old,DPP3,20.378368484314304,0.03053882286415543,0.9636490266952572,0.9914567427905314,0,NS
Training_Old,TUBA8,22.03337647619035,0.08721077597696691,0.8278052680817009,0.8901868095326784,0,NS
Training_Old,MAP3K20,21.883662946224895,-0.13107013701791814,0.9021859018459396,0.9169881528344526,0,NS
Training_Old,UGGT1,17.911288323971025,-0.03706907263832093,0.9636490266952572,0.9895125629438494,0,NS
Training_Old,TECR,20.11859339315523,0.08127040946056496,0.9227493061906707,0.9610387514451052,0,NS
Training_Old,ERAP1,20.37180291966111,0.14045991156627835,0.855652243325369,0.8607574846051245,0,NS
Training_Old,CISD1,25.999332054880075,0.07584555633625456,0.8729784947569997,0.932810558764686,0,NS
Training_Old,CLIC5,22.02083979080578,-0.1707601240318226,0.6232994522217815,0.6623199123551143,0,NS
Training_Old,FAM120A,15.709491344274582,0.16855765487027163,0.666832492592411,0.7001008622934912,0,NS
Training_Old,GLTP,14.125696171432448,-0.06194183040171097,0.9430259867351752,0.9773434133199138,0,NS
Training_Old,COQ3,22.30824949626557,-0.06975536783906477,0.8876988579960184,0.9507731040009478,0,NS
Training_Old,HSPBP1,17.384618230641873,-0.19544761628008445,0.6762281531564756,0.6779793790996835,0,NS
Training_Old,MAT2B,23.403748270486588,-0.03575538084607643,0.9411232628892084,0.9861405221288104,0,NS
Training_Old,MYOF,20.483379793589236,0.06044200098475372,0.944931700472144,0.97823407712633,0,NS
Training_Old,EHD2,22.900614567541417,-0.04604677250425126,0.9022036585020758,0.9727928912569536,0,NS
Training_Old,TMOD4,21.511544770164885,0.243686328045559,0.8796373263781408,0.8181572706277777,0,NS
Training_Old,LMCD1,25.53787802475032,0.0648976802891994,0.9138696759758717,0.9674540430257312,0,NS
Training_Old,CHMP5,16.938059375318712,-0.05483067431988431,0.9496049149362232,0.9809564168635996,0,NS
Training_Old,CNIH4,20.21304067411541,-0.15226994893598444,0.8629375546776902,0.8589932635045079,0,NS
Training_Old,NDUFAF4,18.46878161427026,0.18504122780176857,0.8322638465093714,0.7914852929084129,0,NS
Training_Old,EMC3,17.192537497324384,-0.03191727533823041,0.9834489367848462,0.994183063352261,0,NS
Training_Old,NDUFA13,25.224774975068343,0.02072417445722862,0.9894155292205404,0.9969941934553936,0,NS
Training_Old,PDP1,20.800255045727376,0.13784462569630662,0.8548593030677044,0.860827378775451,0,NS
Training_Old,MRPL36,23.377846467643455,-0.01375733199708406,0.9932478468507332,0.9986329972338336,0,NS
Training_Old,VAPA,22.439968640730648,0.04685071505039318,0.908364110698336,0.9741228023357716,0,NS
Training_Old,RNF181,16.575184374632386,-0.1766597880113494,0.8322638465093714,0.8102406761803564,0,NS
Training_Old,TMEM14C,20.02747988069771,-0.545563771786501,0.8760527778984114,0.6176133644099369,0,NS
Training_Old,LARS1,17.730981176017973,0.0573698630457784,0.9123886741918024,0.97088766762893,0,NS
Training_Old,SUCLA2,24.646477730554924,0.00847064427867749,0.9938126471141084,0.9992878157922522,0,NS
Training_Old,GMPR2,19.945289434599403,-0.00276431968406143,0.9954864063133828,0.9999531492592636,0,NS
Training_Old,DPM3,18.979195735148647,-0.0756537850021779,0.9123225220449596,0.9614080649753228,0,NS
Training_Old,IMPACT,18.73694523823134,-0.09116854362386916,0.9274758320475892,0.9588368047307884,0,NS
Training_Old,ATXN10,16.867101251077177,0.21901638971840143,0.5095315396891543,0.4956005468388359,0,NS
Training_Old,EPS15L1,15.856379578913335,-0.02058823199943305,0.9894155292205404,0.9969851999457302,0,NS
Training_Old,SAE1,16.688228653616257,-0.3283754442299305,0.4462991912265263,0.2947977419038963,0,NS
Training_Old,RNF7,20.76394439714597,-0.15947974673366616,0.5909265016025429,0.663334379267041,0,NS
Training_Old,MYOT,24.657181227850856,0.24368997213893095,0.8322638465093714,0.7440062360575932,0,NS
Training_Old,GNG12,19.060214301961892,0.05579261096509924,0.9411232628892084,0.9776923442005014,0,NS
Training_Old,VPS29,16.064786438812128,0.3633123526481761,0.5551898820254858,0.37029380574266607,0,NS
Training_Old,EIF3K,22.678946338821856,0.10017150295899312,0.8638644081028736,0.905972942345728,0,NS
Training_Old,GRHPR,23.55293741448541,0.01886050755025437,0.964044286843038,0.9952911339206468,0,NS
Training_Old,CTSZ,17.32850561552184,-0.00894259637973604,0.9954864063133828,0.999511230917862,0,NS
Training_Old,UBA2,16.287014904361723,0.06888351786741964,0.9030773872803892,0.960051538097581,0,NS
Training_Old,COPS7A,20.235038456874243,-0.01382996028754846,0.989448788709926,0.9980794429272412,0,NS
Training_Old,HSPB7,26.70118429098966,0.2008632320011401,0.6915823418575652,0.6816072978929654,0,NS
Training_Old,CLIP2,19.529418567037133,0.01067329000503392,0.9954864063133828,0.9994650364757324,0,NS
Training_Old,UQCR10,25.800685477333783,-0.03408197904856536,0.9636490266952572,0.9912167612160548,0,NS
Training_Old,DNAJB4,18.02076697709327,0.04026164735079263,0.989448788709926,0.9946915567156036,0,NS
Training_Old,NIPSNAP3A,21.357591902914876,-0.02073586399286142,0.9954864063133828,0.9986527793019316,0,NS
Training_Old,TES,16.139261739196517,0.3652147904671814,0.6762281531564756,0.4848124750129955,0,NS
Training_Old,KDM5B,19.839716133582247,0.03492281442597189,0.9636490266952572,0.9907943305521498,0,NS
Training_Old,WARS2,15.150898040210944,-0.16974764866016478,0.8760527778984114,0.8606944907410422,0,NS
Training_Old,MLX,19.93981967037778,-0.0233167113268351,0.9904532574711392,0.997290290553767,0,NS
Training_Old,SEPTIN9,17.594348143313272,-0.12659845672417802,0.7983649865435387,0.8346299810004115,0,NS
Training_Old,UBQLN2,16.12566864861855,-0.15485147285833278,0.6912435967267507,0.7402462322224785,0,NS
Training_Old,PCYOX1,23.395209371817145,-0.12306332324471114,0.8322638465093714,0.8593125589853293,0,NS
Training_Old,DPP7,14.17734846322122,-0.01240038084682559,0.9954864063133828,0.9992131635051432,0,NS
Training_Old,SMPX,24.389374773342418,0.29300404009239855,0.5057861921988993,0.38674356076798666,0,NS
Training_Old,BCAP29,19.36747605657233,0.0572358998165825,0.908364110698336,0.9691543661488634,0,NS
Training_Old,CYB5R1,26.123280947263066,-0.1170542700189756,0.7468791530602319,0.8231029986707132,0,NS
Training_Old,PFDN2,20.815694295983302,-0.1274394244452104,0.7127037888202986,0.7940120964313581,0,NS
Training_Old,PUF60,16.523186356201784,-0.1025494835089198,0.8278052680817009,0.8727891555465209,0,NS
Training_Old,ENOPH1,19.726516109299904,-0.13282081203003315,0.7424859223567235,0.7989947440372025,0,NS
Training_Old,NDUFA12,23.18540689639452,0.02009493335786061,0.9904532574711392,0.9976756702816432,0,NS
Training_Old,EIF2B4,15.026488621120624,-0.07853625852140667,0.908364110698336,0.959153241264494,0,NS
Training_Old,ATP6V1H,17.062205301826843,-0.10278732081248164,0.8641461081767443,0.906790525807121,0,NS
Training_Old,TRMT112,17.299965749189838,0.13989295417892222,0.8975544379425378,0.9079094885251372,0,NS
Training_Old,XPO7,16.422053145857785,-0.07977931403118887,0.9022036585020758,0.9504669467695134,0,NS
Training_Old,LCMT1,18.688153563672653,0.09214625774614404,0.8796796312115669,0.9284725289644196,0,NS
Training_Old,ATP5IF1,24.119688619945784,0.0775973537355199,0.9022036585020758,0.9533417962582058,0,NS
Training_Old,AK3,23.81693566305069,-0.00180561232635056,0.9992987912076046,0.9999858638370068,0,NS
Training_Old,NAGK,17.563470568428063,0.13423436333228975,0.6263823289459617,0.7270227401629666,0,NS
Training_Old,SLC25A13,24.84697653701011,0.08847063043447179,0.860596056115936,0.9133560466198004,0,NS
Training_Old,DBNL,16.59634095877788,0.01761980143374231,0.9932478468507332,0.9983251794404264,0,NS
Training_Old,DCTN4,18.28940345022126,0.0824243517263632,0.8980720244440918,0.945134970667002,0,NS
Training_Old,HSPB8,20.46899889899303,0.03428279491943442,0.9834489367848462,0.993825715128866,0,NS
Training_Old,STOML2,19.79456423386381,0.08908796296933374,0.8322638465093714,0.8920446262881467,0,NS
Training_Old,VPS28,17.004410583031618,-0.11392797401827436,0.7201474796005275,0.8161255649137751,0,NS
Training_Old,JPT1,17.873636969191885,0.15145516935576353,0.8548593030677044,0.8460379352214784,0,NS
Training_Old,APPL1,20.1091020704628,0.03499017245855995,0.9395802936264872,0.9854164798578092,0,NS
Training_Old,PACSIN3,23.5880424020877,0.19168623195048085,0.6353161094517655,0.6402594174694809,0,NS
Training_Old,ACAD8,20.78084893683229,0.07523023071276214,0.900488222333481,0.9505967140963458,0,NS
Training_Old,AGO2,17.56605541970776,0.02868719725827873,0.9802322444594548,0.993879691935524,0,NS
Training_Old,MYH2,29.90199256592627,0.4676055772566414,0.6762281531564756,0.3802269836795457,0,NS
Training_Old,MYH13,22.538328192711724,0.26469981846721424,0.8658398656849126,0.7789493230957664,0,NS
Training_Old,CDV3,19.493804298287703,0.05677170656219488,0.9048014892038364,0.967255067584002,0,NS
Training_Old,RAB21,19.62704693179145,-0.1764436607065889,0.5457266217037436,0.6024182897104811,0,NS
Training_Old,PSME2,20.06870691772084,0.2850390231497535,0.5325118116072927,0.4199167853383317,0,NS
Training_Old,DNPEP,21.51186267216365,0.02608306555560347,0.9565813735798262,0.9915489271042872,0,NS
Training_Old,MCTS1,21.86814895975252,-0.00528860473060177,0.9954864063133828,0.9997185364545204,0,NS
Training_Old,TBC1D24,15.722633405975378,-0.4747824779562233,0.16809033211750346,0.02891997056933031,-1,Down
Training_Old,TMCO1,20.351011765201957,-0.17925899779686816,0.6353161094517655,0.6580794191079347,0,NS
Training_Old,EPDR1,21.256131604854232,-0.0906512724886035,0.8950633829678537,0.938896121008304,0,NS
Training_Old,MYO6,25.271056231756152,0.2651460025843022,0.6036338742418161,0.5171720822706903,0,NS
Training_Old,NFU1,16.55402282134001,-0.3493627015231837,0.3249336086327226,0.14747258826897625,0,NS
Training_Old,SYNPO2,23.36164735844713,0.03807839129202151,0.9812174171683822,0.992141248364264,0,NS
Training_Old,UBQLN1,16.853877425585665,-0.2998111238879133,0.6674433139600582,0.5313595738887527,0,NS
Training_Old,SNX12,19.94800023384251,-0.04495072998355098,0.944931700472144,0.983762685709846,0,NS
Training_Old,NDRG2,24.842748110841857,-0.05918975992849695,0.908364110698336,0.967834615671871,0,NS
Training_Old,VPS4A,20.66658311533434,-0.0749008482112572,0.8796796312115669,0.9406954062868365,0,NS
Training_Old,G3BP2,18.747890122296187,-0.09945527044246204,0.915444739343292,0.9508569125228667,0,NS
Training_Old,STUB1,18.241314763173975,-0.0758404054707782,0.8760527778984114,0.9366250436190138,0,NS
Training_Old,PACSIN2,17.061035102016415,0.06400483480803132,0.908276497922918,0.9642046150924608,0,NS
Training_Old,SNX6,17.497484762966128,-0.06659093146762984,0.8548593030677044,0.9297012449382196,0,NS
Training_Old,PSMD13,21.652125083764457,-0.01050661293076515,0.989448788709926,0.9985597176985288,0,NS
Training_Old,COPS3,21.250914683317873,0.02468056483418479,0.9411232628892084,0.990111305886233,0,NS
Training_Old,NSFL1C,23.272338439264935,-0.03858772865945781,0.9030773872803892,0.9774057211388034,0,NS
Training_Old,PPP6R1,17.526946754687664,0.01827911934654835,0.9839479860037118,0.996863108687265,0,NS
Training_Old,LIMCH1,19.139707894862692,-0.04247049308632356,0.9411232628892084,0.9841403462565574,0,NS
Training_Old,USP24,16.77850575609571,-0.2503815146214521,0.527127753451633,0.4611169398053183,0,NS
Training_Old,MAPRE3,18.8651372711061,0.14634419864008663,0.8790448592205058,0.8848387979794362,0,NS
Training_Old,PA2G4,21.61272766758412,0.14652484742623528,0.6536696690105152,0.7202522137521657,0,NS
Training_Old,CAMK2A,21.5459124073706,0.226817779680065,0.7201474796005275,0.667837638058977,0,NS
Training_Old,CHMP2B,17.47165659755268,-0.02916347585394874,0.9649884809514748,0.9929133832884592,0,NS
Training_Old,RTRAF,17.15544750943501,0.12878755103619355,0.908364110698336,0.9307839769341112,0,NS
Training_Old,RUVBL2,18.68711794158123,0.07874210194784226,0.9022036585020758,0.9521127667278318,0,NS
Training_Old,APOBEC2,25.769872424353856,0.2101137995213449,0.8322638465093714,0.766110364362015,0,NS
Training_Old,PIN4,18.7040170744942,-0.13053069638489134,0.8278052680817009,0.8411543561287949,0,NS
Training_Old,EIF3L,19.256557747627884,0.11794363588909108,0.8554574550104334,0.8798521329983547,0,NS
Training_Old,PLAA,18.61283725126588,-0.11506407178977796,0.6915317001116692,0.8014161024420788,0,NS
Training_Old,NUDC,19.61220218513492,-0.0856464416016749,0.7591244206420252,0.8748619233770658,0,NS
Training_Old,BCS1L,16.84902342198505,-0.04311552717379641,0.9802322444594548,0.990852390049548,0,NS
Training_Old,VDAC3,26.13431785148007,-0.19213568185262275,0.6536696690105152,0.6545315430655134,0,NS
Training_Old,CFL2,26.85821955609518,0.04300649800412515,0.9022036585020758,0.9742358210758404,0,NS
Training_Old,FARSA,19.174914497653106,0.04447935215495136,0.9569147359342124,0.9858923186843576,0,NS
Training_Old,CNPY2,16.638551277387457,-0.04068705749358159,0.950079131066927,0.9861017495041404,0,NS
Training_Old,FNDC3A,21.22344490691864,-0.01144029270518487,0.9954864063133828,0.999807146895898,0,NS
Training_Old,PADI2,25.36826814880421,0.1089445244973568,0.827145827681635,0.8629255577939018,0,NS
Training_Old,GSTK1,22.184880474937977,0.08800684144867787,0.8760527778984114,0.9233258140831028,0,NS
Training_Old,LAMTOR2,16.33859087985828,0.01459356961482427,0.9932478468507332,0.9986176279674772,0,NS
Training_Old,MRPS35,15.310403775847757,-0.08491317947588328,0.9006476993560807,0.9445660699444304,0,NS
Training_Old,COA3,21.558531320339693,-0.12513611468330765,0.8939531382076433,0.915399918139098,0,NS
Training_Old,TMA7,22.59349247905731,-0.09818367427145348,0.8638644081028736,0.9083954059556044,0,NS
Training_Old,SUGT1,20.08656029044673,0.02787867086138007,0.9636490266952572,0.9926094952666394,0,NS
Training_Old,COQ6,21.38448799369403,-0.03938561394469886,0.948177594813128,0.9861199915658898,0,NS
Training_Old,ACOT9,21.547643624307906,0.08209097544203559,0.8760527778984114,0.9293202495943068,0,NS
Training_Old,MEMO1,18.13678854319453,0.06175341142893131,0.908364110698336,0.9675112753481934,0,NS
Training_Old,TMX2,16.58590934811895,-0.09298913214239236,0.9022036585020758,0.9445730969491652,0,NS
Training_Old,SH3GLB1,20.15644074417123,-0.13602180950242015,0.76701005697458835,0.8113688358401598,0,NS
Training_Old,CAB39,22.664799433971183,0.02843702404535619,0.9411232628892084,0.989367831780928,0,NS
Training_Old,LUC7L2,17.156495795939946,-0.04718446993950209,0.908364110698336,0.9742357458138392,0,NS
Training_Old,DHRS7,23.9200721845024,0.0838511430880402,0.8719454266518887,0.925295218037976,0,NS
Training_Old,MOB4,17.623852571132044,-0.06812487800175049,0.9022036585020758,0.9587509876522612,0,NS
Training_Old,SBDS,22.23207024482214,0.07301595760818103,0.862431725694113,0.9295184513892534,0,NS
Training_Old,MRPL11,19.004527984861554,-0.12885051955326432,0.8383000186922706,0.8602018187741179,0,NS
Training_Old,PPIL1,19.9490892274362,-0.05084041912551385,0.8815076258918112,0.9609877761753972,0,NS
Training_Old,MSRB2,17.509838424031166,0.10053616665764407,0.9022036585020758,0.9401970649321584,0,NS
Training_Old,FIS1,23.040425427441217,-0.10833415783427824,0.8322638465093714,0.8787035959866991,0,NS
Training_Old,PTRH2,17.34172103698349,0.6267222136950501,0.4571502931492847,0.1135221304063998,0,NS
Training_Old,STRAP,21.468659571047027,0.01666393758385709,0.964044286843038,0.9958981919574382,0,NS
Training_Old,RTCB,20.83446726595252,0.13682135293834463,0.5541385331267451,0.6873269496016421,0,NS
Training_Old,RPL36,18.230256103231255,0.13868506606085165,0.8796373263781408,0.8911158380927475,0,NS
Training_Old,SAMHD1,15.668560570628296,0.36789697111886355,0.4571502931492847,0.2787923215858673,0,NS
Training_Old,HBS1L,17.513115832105246,0.16546507937574262,0.5948819335268644,0.6578487201433096,0,NS
Training_Old,TLN1,20.538792507353808,0.096899201562632,0.6536696690105152,0.8084475617221281,0,NS
Training_Old,USP15,17.758174792196368,0.03955614847263788,0.9395802936264872,0.9837140509053168,0,NS
Training_Old,TLN2,18.033944488032105,-0.3634369440493579,0.16809033211750346,0.07475736177551719,0,NS
Training_Old,DTNA,21.006793140797964,-0.21198853053328293,0.35119248634787037,0.3618026537251049,0,NS
Training_Old,HYOU1,16.811089580986035,0.18270618167343144,0.6431306038092376,0.6579008643656172,0,NS
Training_Old,AFG3L2,22.31703003862982,0.05133106335413728,0.9048014892038364,0.9703993473059408,0,NS
Training_Old,ARIH1,17.20591756074084,-0.2854563195646911,0.48977876698428113,0.387699209532038,0,NS
Training_Old,RNF114,17.60677127225393,-0.20559998684691297,0.5100135337386771,0.52199240544054,0,NS
Training_Old,SAMM50,24.27328366236723,-0.00715650105028231,0.9952367254494868,0.9994351146771776,0,NS
Training_Old,PPME1,16.938070927487782,0.160335448270704,0.8760527778984114,0.8705963036125394,0,NS
Training_Old,TIMM9,19.7242873380898,0.17080361525310295,0.6762281531564756,0.7047953159779909,0,NS
Training_Old,TIMM8B,16.370811243395742,0.1544955995609989,0.8264586061823657,0.8099386899873965,0,NS
Training_Old,UCHL5,18.070348656879904,0.07645301361711532,0.8641461081767443,0.9298342006067634,0,NS
Training_Old,TIMM13,21.15590694002105,0.10471780097520876,0.8322638465093714,0.8815033652393242,0,NS
Training_Old,SRPRB,18.192631216551128,0.03195206017336005,0.964044286843038,0.9919803611560166,0,NS
Training_Old,GMPPB,17.39225607725515,0.02419458118222195,0.9815064296357964,0.9953108616076186,0,NS
Training_Old,MPC1,22.18633753882216,-0.2244504014816151,0.5779534700958772,0.5558521673543823,0,NS
Training_Old,SNX5,18.57120406612797,-0.18679567024813792,0.8720728289267548,0.8422439249015595,0,NS
Training_Old,HEBP2,24.080212343418427,-0.10823058744697887,0.8322638465093714,0.8682751933645679,0,NS
Training_Old,HCFC2,22.23714666214799,-0.19290240702911632,0.8760527778984114,0.8432650136259421,0,NS
Training_Old,FHOD1,21.55235639220255,0.00181449055439131,0.9954864063133828,0.999967218570872,0,NS
Training_Old,MYH4,23.45716552706173,0.07163456782474853,0.9873973068362818,0.9886156120677736,0,NS
Training_Old,MRPS18B,18.630331276271555,0.17072359288430403,0.6762281531564756,0.7070390840042524,0,NS
Training_Old,COPG1,17.975511695028974,0.07577081661653295,0.8638644081028736,0.9275353964939362,0,NS
Training_Old,CLIC4,19.743611059754304,0.2513024590184223,0.5740511406005078,0.5148076527513302,0,NS
Training_Old,NFS1,17.33161013622171,-0.05180316998817957,0.9700601603776003,0.9879826890258768,0,NS
Training_Old,SPCS1,17.693797084081798,-0.05536617807958777,0.908364110698336,0.9706878976862374,0,NS
Training_Old,SAR1B,23.592850857618576,-0.05212261700699727,0.908364110698336,0.9710523955136529,0,NS
Training_Old,MTCH2,23.320547506380713,0.01042198712108444,0.9921509498092368,0.9988602217407986,0,NS
Training_Old,BZW2,22.090332210365215,-0.05414022156593745,0.8796373263781408,0.9564520812125914,0,NS
Training_Old,DYNC1LI1,16.88342072521524,0.10308550310241672,0.8790448592205058,0.9172684981895836,0,NS
Training_Old,CHCHD2,21.64927642312278,0.23768935712217856,0.7564660176718055,0.6851153006089192,0,NS
Training_Old,NDUFB9,23.652044624505635,0.04871404910104005,0.9496049149362232,0.9830926455765872,0,NS
Training_Old,COX11,18.540868969678534,-0.0604385574386832,0.9395802936264872,0.9751931055976096,0,NS
Training_Old,SQOR,17.702975158095096,0.10048708929726048,0.908364110698336,0.946793506555388,0,NS
Training_Old,SESN1,19.207178189558334,-0.07338294541950319,0.9022036585020758,0.956438210530425,0,NS
Training_Old,SEC23IP,17.026681912307687,0.04963590180479826,0.90695557542912,0.9718129302771918,0,NS
Interaction,MMP24OS,16.322906735899043,0.05511721546837478,0.987468304529188,0.994147842916642,0,NS
Interaction,ESYT2,17.098331165177516,-0.03290070070743667,0.9854311722187112,0.9948674029982216,0,NS
Interaction,ILVBL,17.0022662256138,-0.2261573615265533,0.8484650255835557,0.7815340119118969,0,NS
Interaction,FSD2,17.976966028844235,0.10969088423840034,0.9332672678842272,0.934437578744928,0,NS
Interaction,TARS3,15.491210573111283,-0.03277422870270463,0.9872076272682924,0.9964359514605258,0,NS
Interaction,VWA8,21.47361209635668,-0.325150212215938,0.8484650255835557,0.7009715559033017,0,NS
Interaction,CARNS1,20.22661257014602,-0.3240244058208255,0.8253531173664314,0.6615431707618992,0,NS
Interaction,MAP1LC3B2,20.71365448426334,0.4739848234831072,0.7179536967395801,0.35268686521307235,0,NS
Interaction,PGP,23.015275302127968,-0.07487211111866188,0.922485112264284,0.9479484573131014,0,NS
Interaction,DHRS7C,21.64224919716279,0.03220569963357533,0.9854311722187112,0.9951297536807449,0,NS
Interaction,SMTNL1,23.415900733680058,-0.20366130629339452,0.910335198573387,0.8456051252790104,0,NS
Interaction,NUDT19,17.09822072861629,0.30673944445619483,0.8476369238316583,0.710148551630833,0,NS
Interaction,NACA,23.676700924402898,-0.16825809175517747,0.7179536967395801,0.6623663340332064,0,NS
Interaction,SLC35A4,18.642144427044716,0.18233385396928625,0.8497554824001795,0.8217761459919867,0,NS
Interaction,PDLIM1,22.35573246652498,-0.01917012721179389,0.9903410703013332,0.9987907013946667,0,NS
Interaction,MYO1C,18.51696111305153,-0.35939180977175056,0.6871590627791683,0.3670292817593316,0,NS
Interaction,FXYD1,19.839740222518383,-0.05056278320735785,0.9854311722187112,0.9916222996917994,0,NS
Interaction,STXBP3,18.28831392540244,0.4160441899879217,0.60007559363049,0.1341244371446838,0,NS
Interaction,NDUFS8,22.652158433323613,0.33861913737770877,0.7179536967395801,0.4332446866419884,0,NS
Interaction,PSMD11,21.814326331494183,-0.05733626435017314,0.9332672678842272,0.9647906499848756,0,NS
Interaction,PSMD12,20.5400178390757,-0.12180984627523016,0.8725152102698197,0.8897246824907491,0,NS
Interaction,PSMD9,18.06626928699169,-0.05620338393105584,0.961069163803106,0.975531784371564,0,NS
Interaction,PGRMC1,18.91983573998077,-0.12436445087011094,0.980798083318304,0.9662520934638134,0,NS
Interaction,CLIC1,19.36113622918581,-0.06040805985445274,0.9757270731075512,0.9789995614324468,0,NS
Interaction,EIF3F,19.64848331315272,-0.10536795836381783,0.8685999596414687,0.9001850789764052,0,NS
Interaction,PDHX,23.423102974046103,-0.07691352804242158,0.9161298065083752,0.9435677510268828,0,NS
Interaction,DCTN6,15.851648718794934,-0.20761084435987345,0.8688224169470268,0.8155196300399459,0,NS
Interaction,IPO5,21.664347487773032,-0.08095444120720074,0.8476369238316583,0.9135824428496412,0,NS
Interaction,EEF2K,16.35507340966682,0.1809053354539074,0.8989557546430438,0.8557638267089163,0,NS
Interaction,EML1,20.485666849968,0.01055987747302111,0.9903410703013332,0.9992991841312112,0,NS
Interaction,DNM1L,20.235648856551407,-0.0623773820494371,0.943782221954144,0.9664229800274904,0,NS
Interaction,RTCA,20.818279583226023,-0.09721633496196348,0.9161298065083752,0.9270563509491228,0,NS
Interaction,NDUFA4,26.116413014662196,-0.01198126360856832,0.9903410703013332,0.9991634838568482,0,NS
Interaction,PSMD14,20.663506678898425,-0.02123212526668183,0.9854311722187112,0.9959223458684128,0,NS
Interaction,BIN1,26.342706408141986,-0.2028892798201518,0.6266208129361281,0.4661491278831758,0,NS
Interaction,KPNA3,21.013469042201347,-0.09791069544555242,0.9332672678842272,0.9417585565068176,0,NS
Interaction,DDX3X,19.580342341103787,0.0426014218877242,0.9854311722187112,0.9914129132484726,0,NS
Interaction,KPNA4,22.95551193172343,-0.08207159146290977,0.8748193650848385,0.9261455929466228,0,NS
Interaction,CES2,20.52386433748361,-0.12501113300144695,0.9666023531269136,0.9502330279033192,0,NS
Interaction,FBP2,26.02274350483461,-0.20494982528854777,0.8611732709771481,0.8080384838595605,0,NS
Interaction,PDXK,19.267523960905883,-0.03372638204008282,0.9792459364801476,0.9901481037205682,0,NS
Interaction,SDHD,23.24022941532173,-0.18691520769444023,0.8476369238316583,0.8082528977161821,0,NS
Interaction,COX7A2L,16.51490204168833,0.22569144848436196,0.9221576569491778,0.8466659366392162,0,NS
Interaction,GAPDHS,19.680137412117432,-0.08993685469418722,0.9854311722187112,0.9847548845886084,0,NS
Interaction,HSPB6,27.08676097123112,-0.3464711575156052,0.7383632548114595,0.5047610953970194,0,NS
Interaction,NDUFAB1,23.44014097238817,0.21437801473476625,0.8243890441013929,0.7601186168051669,0,NS
Interaction,IMPA2,22.349000339564174,0.09690348367459478,0.9332672678842272,0.9460024580431032,0,NS
Interaction,PDCD5,20.868805406975408,-0.10546509786995983,0.8476369238316583,0.8879470528696303,0,NS
Interaction,PRMT5,20.030749701047153,-0.26879207443512954,0.6266208129361281,0.35276005301913577,0,NS
Interaction,PSMA7,23.64721799067241,-0.0530591351105798,0.9329178245174946,0.9652319153821062,0,NS
Interaction,OPLAH,18.94512524218218,0.05583063897926621,0.9702265433758293,0.978803045164898,0,NS
Interaction,MGST3,24.549018043627623,0.2559370857670338,0.7179536967395801,0.573477410115969,0,NS
Interaction,RGS12,20.5353297775736,0.15826191966613123,0.9332672678842272,0.9014919779063204,0,NS
Interaction,HAT1,18.90746114588252,1.0249673259399934,0.7179536967395801,0.11795145423632653,0,NS
Interaction,UQCRQ,25.02529869085899,0.19080683602770776,0.7264791210030851,0.6779606910457577,0,NS
Interaction,MYL12B,20.98167091379819,0.41276417312560554,0.6440645776750207,0.2731482958573459,0,NS
Interaction,UQCR11,21.528693051066593,0.4211632524720912,0.7140355327881074,0.3365831749475395,0,NS
Interaction,CASQ2,25.64879160783649,-0.19959042880724095,0.8721684987217657,0.8242575180866628,0,NS
Interaction,HGS,16.3499010490389,0.0091479526991236,0.9923911459623902,0.9996157173366412,0,NS
Interaction,HNRNPDL,18.643689955970057,0.2159563033682552,0.7782105332378368,0.723245816788414,0,NS
Interaction,XPO1,18.793595068441423,-0.13188011359326524,0.7867016213220325,0.825307340576955,0,NS
Interaction,ATP2A1,28.3056883676577,-0.05296745647233081,0.9830191442999184,0.9862288367619372,0,NS
Interaction,SYNJ2,22.912083012135817,0.08203345140606544,0.9854311722187112,0.9828964720857876,0,NS
Interaction,SYNM,21.197547344971472,-0.2877595895195917,0.8727794725058305,0.7616204922797172,0,NS
Interaction,ARPC1B,17.155284550604783,0.10096499016837512,0.961069163803106,0.9563012867274474,0,NS
Interaction,ARPC2,16.83268869422138,NA,NA,NA,0,NS
Interaction,PGRMC2,21.238493941061485,-0.2987406202346641,0.7179536967395801,0.531091400802212,0,NS
Interaction,PFDN6,20.451799981344372,0.00241797427864653,0.9955385620149444,0.9999623935818904,0,NS
Interaction,NDUFA1,20.909054996080823,0.7179988347184008,0.7117895297518364,0.15496490660618506,0,NS
Interaction,SURF4,24.398071527623188,-0.28274180438073415,0.7433673676225092,0.5798324233121175,0,NS
Interaction,MAPK13,19.483493686791626,NA,NA,NA,0,NS
Interaction,TCAP,20.98587710548838,0.1188600027090594,0.9785413164143968,0.9643139344324234,0,NS
Interaction,PMM2,17.933929247497673,0.17809368320211405,0.9161298065083752,0.8742684960375844,0,NS
Interaction,EIF3D,18.86885196326757,0.0247025348640868,0.9854311722187112,0.9960116491149552,0,NS
Interaction,EIF3H,15.830370100917165,-0.2181811418535311,0.8685999596414687,0.8066828364940211,0,NS
Interaction,BCAT2,20.963816288177544,-0.04711109280522052,0.9848335883907492,0.9880066077959216,0,NS
Interaction,STX7,17.03933448120983,-0.1024836837722134,0.922485112264284,0.9306572219328536,0,NS
Interaction,SLC16A3,20.28202580937184,0.6662077389951158,0.6266208129361281,0.07050479435475834,0,NS
Interaction,YKT6,19.01909701908167,-0.13997595683223807,0.7746935995485886,0.8013495618142663,0,NS
Interaction,ARPC5,17.791422909324567,-0.11077375032700232,0.9700291507912469,0.9580470599980326,0,NS
Interaction,TAPBP,15.36777375865524,0.3825596432471965,0.8368000346631261,0.6284979844818405,0,NS
Interaction,DHX15,16.624050924683303,-0.2915719437040849,0.7179536967395801,0.47970490519166553,0,NS
Interaction,CYB5B,21.28022502684793,-0.257594920618228,0.834912802205532,0.7298366507617754,0,NS
Interaction,NDUFS4,24.70595416833729,0.28412261188173815,0.7650141197644925,0.6066804866915589,0,NS
Interaction,DYNC1LI2,16.65736356119539,-0.27928079914499193,0.7179536967395801,0.5075076667323164,0,NS
Interaction,PSMD3,19.9815491199827,-0.18332550694736935,0.7179536967395801,0.6812377293789226,0,NS
Interaction,RASA4,19.749765252553416,0.05591066505066067,0.9854311722187112,0.989261150953085,0,NS
Interaction,HNRNPR,19.248918843974497,0.03523748321374853,0.9854311722187112,0.9915546505290832,0,NS
Interaction,TXNL1,21.09374860157215,-0.05127522962019881,0.9332672678842272,0.9692720350308468,0,NS
Interaction,TPD52L2,19.984030059924297,0.06466911747493498,0.9221576569491778,0.95328678835197,0,NS
Interaction,ERI3,18.9066798916157,0.13957594806448623,0.922485112264284,0.9053222393944476,0,NS
Interaction,AKR7A2,21.11250272853127,0.03692624696700264,0.9800784348952708,0.98956361935534,0,NS
Interaction,LAT,24.547391195702293,0.04451898339250704,0.9854311722187112,0.9922805889448008,0,NS
Interaction,DENR,20.954578459446697,0.00682587453978555,0.9903410703013332,0.999640953791615,0,NS
Interaction,DNPH1,21.713022240201596,0.08560145660100815,0.9414273634632406,0.9536551221702602,0,NS
Interaction,TIMM44,20.837313317922387,0.00162469792194031,0.9955385620149444,0.9999848529134197,0,NS
Interaction,TRAPPC3,16.10923959531714,-0.34952826715969465,0.7694576829560251,0.5566159187922367,0,NS
Interaction,CHMP2A,19.41482791582852,-0.0642966101201452,0.9332672678842272,0.9598719022967654,0,NS
Interaction,NDUFB5,23.470591374779108,0.42244991963636735,0.6266208129361281,0.17684310284806715,0,NS
Interaction,NDUFB3,23.907080382867942,0.3951588553865193,0.6440645776750207,0.28440690203851915,0,NS
Interaction,NDUFA2,24.54724018838515,0.24506562219698225,0.739451079950354,0.621131682312471,0,NS
Interaction,BUB3,16.052906865050232,-0.2146428176710025,0.8994685866600998,0.8319059437941944,0,NS
Interaction,ACTN4,24.428062655549866,1.0882361734312092,0.7074830285975261,0.05115820365297025,0,NS
Interaction,GSTZ1,19.953186838865808,-0.13091572573151566,0.9476454715976984,0.9348866161603844,0,NS
Interaction,PRKAB2,19.888380277047407,-0.0203402973944442,0.9854311722187112,0.9971340873139702,0,NS
Interaction,AP1G1,16.55714884081572,0.18310953559837628,0.936472406056756,0.901827434938402,0,NS
Interaction,SYNGR2,20.200537825642883,-0.20880385734449905,0.8476369238316583,0.7905772507782767,0,NS
Interaction,SGTA,22.263135225776296,0.04099840227556584,0.9783312218446496,0.9863280529864304,0,NS
Interaction,ENSA,21.59675463551961,0.09718982907486053,0.9413686978090752,0.9473526013140688,0,NS
Interaction,SLC25A20,20.89758237991226,0.1878037887719408,0.8484650255835557,0.8131702307981281,0,NS
Interaction,NARS1,20.29266896343932,-0.02033559272129181,0.9858065901306122,0.9975894140802156,0,NS
Interaction,LANCL1,21.531115010100716,0.132253775584406,0.8497554824001795,0.8666742684196006,0,NS
Interaction,SLC37A4,18.570850684928832,-0.21415256782670863,0.8368000346631261,0.7711265889570732,0,NS
Interaction,IDH3B,22.766704617771303,4.8588121809700624e-4,0.9991718333735564,0.9999987956749872,0,NS
Interaction,CALU,21.557318967376982,-0.08351802480942894,0.9422117130281682,0.9549479109332732,0,NS
Interaction,AHCYL1,19.52422099510231,-0.1148765036200814,0.8902983284410025,0.903492345861906,0,NS
Interaction,NDUFS5,22.69157367846065,0.4187669653831492,0.6440645776750207,0.27205763722388543,0,NS
Interaction,TIMM8A,19.691373046250952,0.4855965111855696,0.7179536967395801,0.3607163281516479,0,NS
Interaction,PPP1R12B,15.587303588088316,-0.6059068043006004,0.7074830285975261,0.19023394183110448,0,NS
Interaction,PRPSAP2,22.956039909109272,0.1935320345205298,0.8590363596597731,0.8166856282326248,0,NS
Interaction,SPAG9,15.835318173191952,0.2980135135801607,0.7264791210030851,0.5447226451273112,0,NS
Interaction,OPA1,21.03777923004698,-0.01927043593059352,0.9854311722187112,0.9976568881379548,0,NS
Interaction,TBC1D4,17.522237209797368,0.2039364811340647,0.7678983487629457,0.7018713911586536,0,NS
Interaction,SNX3,20.771783573187413,-0.03811247747903223,0.9709285722916516,0.9858288992979574,0,NS
Interaction,SYNCRIP,18.606582824815472,-0.1518293374542985,0.7954539833722686,0.8065001386815004,0,NS
Interaction,SELENOF,13.634859580095178,0.38507356330723574,0.9332672678842272,0.7798599337349421,0,NS
Interaction,KLHL41,25.349804220338505,-0.33051061036617924,0.8337956723519173,0.6665766714395663,0,NS
Interaction,PLIN3,23.650271697182852,-0.20705011033848209,0.7179536967395801,0.6208550324796144,0,NS
Interaction,KPNA6,19.99014777758764,0.12400389779166332,0.8721684987217657,0.8867696188707681,0,NS
Interaction,SNX2,19.08219171556146,-0.00421436818722398,0.9955385620149444,0.9998906374708368,0,NS
Interaction,USO1,22.546474776025203,-0.02503627365287286,0.9854311722187112,0.996154696842575,0,NS
Interaction,TOM1,22.497302487372345,-0.04809443428221982,0.9783312218446496,0.9842019095283644,0,NS
Interaction,PFKFB2,19.996820575988195,0.05796006859895186,0.980798083318304,0.9841170631365606,0,NS
Interaction,EDF1,20.0001610935167,0.04595856787996766,0.9792459364801476,0.986797123702126,0,NS
Interaction,DNAJA2,22.85310175094614,-0.09562953492779867,0.8712891432699207,0.9109232328985586,0,NS
Interaction,CUTA,21.935414832647893,-0.1101168081834345,0.9473071757857868,0.9439129623095118,0,NS
Interaction,PFDN1,19.505594101757776,0.16030619308351035,0.7747378329305563,0.7773950267308568,0,NS
Interaction,NOL3,21.631546123570388,-0.03129129156421584,0.9854311722187112,0.9947807887920918,0,NS
Interaction,WDR1,23.676953938419462,0.07073081851373075,0.922485112264284,0.9515804359091096,0,NS
Interaction,LDB3,27.065922370617336,0.12249478629531652,0.8713113951319195,0.8875999202028394,0,NS
Interaction,CLASP2,17.03953403751402,0.04339848208775976,0.9854311722187112,0.9936901185569949,0,NS
Interaction,COBL,17.794148463668837,0.3188245679550512,0.8431857064796524,0.689181816351242,0,NS
Interaction,CPNE3,19.029648401393672,-0.12855906798195704,0.8253531173664314,0.8490226907484745,0,NS
Interaction,CLUH,17.216646829720737,-0.4121110300301965,0.8062714983540127,0.5748567805999021,0,NS
Interaction,CAND2,22.939839829328054,-0.2456054193225512,0.7179536967395801,0.6026900229828097,0,NS
Interaction,COQ9,25.05040779319311,0.03964257148336614,0.9792459364801476,0.988465070345811,0,NS
Interaction,GGCT,20.976484965850062,0.06374478259006366,0.9549624277794448,0.9708868104013304,0,NS
Interaction,NDUFS7,22.69680628935427,0.5844910448951062,0.6266208129361281,0.08431152923844319,0,NS
Interaction,RTN2,25.931796958748304,-0.18675363571378867,0.7179536967395801,0.667612315989941,0,NS
Interaction,NDUFS2,24.610797146274784,0.4599636239935734,0.6266208129361281,0.1558211712347444,0,NS
Interaction,NIPSNAP2,25.8290920321075,0.14652889656308332,0.8253531173664314,0.8300478863443013,0,NS
Interaction,CILP,17.966104018969183,1.0410275752687603,0.6440645776750207,0.03532652522196181,1,Up
Interaction,TBCA,21.538372901848614,-0.04608000355479191,0.9644765930137272,0.9811377916643852,0,NS
Interaction,ATP6V1G1,16.88339393209582,-0.2685424383248147,0.6266208129361281,0.3620281137902592,0,NS
Interaction,VPS4B,18.84648115102041,0.28629373406694825,0.7782105332378368,0.6522911792957052,0,NS
Interaction,MACROH2A1,19.81762922274909,0.6572778344949484,0.7179536967395801,0.23700494612289336,0,NS
Interaction,SH3BGRL,17.089143888315583,0.2924455556851271,0.8253531173664314,0.6894773221751672,0,NS
Interaction,FLNB,25.554849002570172,-0.13927750921681792,0.9332672678842272,0.922352687857458,0,NS
Interaction,NDUFS6,24.37569212057755,0.45511314882005394,0.6266208129361281,0.15379778294837324,0,NS
Interaction,CS,26.525978813124706,-0.01441591063489156,0.9900178499897422,0.9985461210197416,0,NS
Interaction,SEC22B,18.32071710369594,-0.21494252490857235,0.6440645776750207,0.510448889441892,0,NS
Interaction,MTX2,21.50235939765718,0.19542828482521557,0.7433673676225092,0.6900858587512472,0,NS
Interaction,VPS26A,18.679765396389513,-0.03899856689579195,0.9810496186924323,0.9896714645185036,0,NS
Interaction,NDUFB1,23.13098017198977,0.25253660949853085,0.7746935995485886,0.6709162981349458,0,NS
Interaction,PMPCB,20.015614979540793,0.2413994937455328,0.7179536967395801,0.5807215624119686,0,NS
Interaction,NDUFS3,24.020412492650188,0.28174237478430086,0.7179536967395801,0.4994155879317837,0,NS
Interaction,ECI2,23.73133907539212,-0.06732035642377099,0.9666023531269136,0.9733013000100488,0,NS
Interaction,BANF1,22.84044428954883,0.4214400158189129,0.6871590627791683,0.3085753100393821,0,NS
Interaction,CSDE1,19.573097226856753,-0.00681756888644002,0.9913130521867304,0.999698293339822,0,NS
Interaction,PRKRA,18.337778131244153,-0.125552720596513,0.9638347754849004,0.9492767749246008,0,NS
Interaction,LYPLA1,21.825055179279488,0.11291232804437,0.8685254447956907,0.8929725202273978,0,NS
Interaction,TIPRL,19.897173017316696,-0.09214101215330572,0.8758197827327723,0.9177441735559918,0,NS
Interaction,PPM1B,17.81925362777829,0.18838860724039108,0.8153846430668028,0.7814652828650815,0,NS
Interaction,SLC25A12,25.1368611396914,0.11448768650804908,0.8496604363587512,0.8833619179852387,0,NS
Interaction,TCEA3,17.4823436925276,0.472207830035174,0.7083263256428278,0.2896003870777697,0,NS
Interaction,EIF3G,19.865041655775386,0.21450808994758577,0.7179536967395801,0.6427937273877118,0,NS
Interaction,EIF3J,22.845809252477785,-0.10923177182846544,0.7782105332378368,0.8486904479207504,0,NS
Interaction,PSMD10,20.664673336882593,0.1236336804548479,0.8431857064796524,0.8653884932788749,0,NS
Interaction,IDH1,22.605394811376957,0.05301787781290201,0.9486203370812758,0.9742581749209992,0,NS
Interaction,SCO1,22.87595391253165,0.43942559228475986,0.7074830285975261,0.29933150510074036,0,NS
Interaction,ALDH1L1,21.30099790074801,-0.30789987351574766,0.7140355327881074,0.452618987638466,0,NS
Interaction,ARL6IP5,24.292395756799223,-0.1411802298539655,0.7841359352735049,0.8122578302556624,0,NS
Interaction,DYSF,23.218929880006627,-0.17015510785440924,0.7179536967395801,0.6989896961957983,0,NS
Interaction,PIAS2,23.95945229358522,0.11216381226018513,0.9221576569491778,0.9209922842120788,0,NS
Interaction,DCTN3,17.203993230422096,0.4824845586365392,0.7074852069419307,0.2788064189369176,0,NS
Interaction,ATP5PD,26.13286120211298,-0.1500869026562448,0.7746935995485886,0.788152245821469,0,NS
Interaction,FLOT1,18.986544860096853,-0.06835722911405284,0.9638347754849004,0.9718781500110744,0,NS
Interaction,ATP5MG,26.0077979798532,-0.1490196783471767,0.7867016213220325,0.8053730310873396,0,NS
Interaction,GLRX3,18.91212223377552,-0.3250109904410756,0.6440645776750207,0.3526813076300888,0,NS
Interaction,SNCG,16.028362549389303,0.10739918776717516,0.9854311722187112,0.9850465541290084,0,NS
Interaction,DDAH1,22.297576244358275,0.19888970339778211,0.7747378329305563,0.731918234853631,0,NS
Interaction,TPPP,16.036184552282815,NA,NA,NA,0,NS
Interaction,BAIAP3,23.104783165001702,-0.03727216049458448,0.9854311722187112,0.9942804973424428,0,NS
Interaction,TOMM70,19.779864929186285,-0.4039135808397738,0.60007559363049,0.14860464524515685,0,NS
Interaction,UFL1,16.160140242945417,0.00800131885395671,0.9913130521867304,0.9996463191090564,0,NS
Interaction,TMEM63A,19.781281928257165,-0.21841241304351655,0.8450428104554066,0.7771858178481758,0,NS
Interaction,PLPBP,20.253537138459745,-0.02137372720873287,0.9854311722187112,0.9963858702808348,0,NS
Interaction,ERLIN2,23.554954577073513,0.14927109899520374,0.8758197827327723,0.8701242434847513,0,NS
Interaction,ENDOD1,21.106918074028737,0.00303167459082231,0.9955385620149444,0.999932267374312,0,NS
Interaction,SEC31A,18.250127337033163,-0.02682413134737871,0.9854311722187112,0.9962908677381512,0,NS
Interaction,NDUFB6,22.27338456622332,0.5231853084153748,0.6266208129361281,0.15513184131913876,0,NS
Interaction,MFN2,17.733458559430087,-0.2264508179471356,0.7179536967395801,0.6194748158006742,0,NS
Interaction,NDUFA3,22.56999099231678,0.508458636705992,0.6266208129361281,0.15639563112584665,0,NS
Interaction,NDUFB4,24.017185401494363,0.4379864588412836,0.6266208129361281,0.22322035643020857,0,NS
Interaction,NDUFB8,23.57185072123935,0.30497411917081507,0.7074830285975261,0.4344389699750569,0,NS
Interaction,NDUFA7,23.3727581579446,0.42951176672333347,0.6440645776750207,0.25946591084659804,0,NS
Interaction,RTN3,19.13590421091039,-0.05928239695644422,0.9854311722187112,0.9878720170991322,0,NS
Interaction,LETM1,21.165588336194233,-0.05851351923796244,0.9785413164143968,0.9810199193505724,0,NS
Interaction,STBD1,24.204003667978608,-0.1755399753781468,0.7383632548114595,0.7089829942341253,0,NS
Interaction,ZRANB2,20.14728448025148,0.10071165877208443,0.9854311722187112,0.9790677382550064,0,NS
Interaction,EPM2A,20.45966863257272,0.40422223468112506,0.7179536967395801,0.3754046595858485,0,NS
Interaction,VAPB,23.34546261614166,0.03909105149412184,0.9785413164143968,0.9880668605803588,0,NS
Interaction,NDUFC2,23.153349252787947,0.5656661556124227,0.6266208129361281,0.1156419510423116,0,NS
Interaction,NDUFA10,24.176431696971445,0.4012386915450499,0.6266208129361281,0.2371672681562923,0,NS
Interaction,PGLS,17.633885616717826,-0.0565264358228319,0.9810333535380386,0.9846212239979176,0,NS
Interaction,TACC2,18.06726681939971,-0.34791587499677235,0.6548087898887762,0.3484574207853949,0,NS
Interaction,LYPLA2,19.94599452554274,0.144383609905816,0.9332672678842272,0.9199518097421864,0,NS
Interaction,IPO7,20.152730190529184,-0.2811827360457322,0.7179536967395801,0.511751779109702,0,NS
Interaction,ARIH2,19.243316125866848,0.5244010516357029,0.6266208129361281,0.13337303823699018,0,NS
Interaction,PGM3,17.317329566562652,-0.1557774461208297,0.8685254447956907,0.854042139981686,0,NS
Interaction,SVIL,17.628965368860815,-0.4069437563784603,0.7746935995485886,0.521878779185892,0,NS
Interaction,AHSA1,19.12670241696653,-0.1772059263656658,0.7678983487629457,0.737402597034828,0,NS
Interaction,H6PD,18.818583931315587,-0.08356893612987193,0.9422117130281682,0.9548936270850916,0,NS
Interaction,MPC2,22.78564379861677,-0.1268162984543828,0.8948448856598686,0.8959242120561708,0,NS
Interaction,ETHE1,17.39756971185419,0.25151969740628033,0.7985540817521978,0.7058918382733201,0,NS
Interaction,ACSL3,22.204884788917564,-0.23920382562159048,0.6639865221045121,0.49896718324704104,0,NS
Interaction,ASMTL,17.637718575077166,-0.0652277241284196,0.9854311722187112,0.9881137011652388,0,NS
Interaction,CDS2,18.45297431426133,-0.2652444190419381,0.7179536967395801,0.5511770982041455,0,NS
Interaction,SNAP29,16.511513997482048,-0.5885970758155068,0.6266208129361281,0.08601372553278282,0,NS
Interaction,OXSR1,20.62826084726574,-0.00815306169293705,0.9903410703013332,0.9994050055608044,0,NS
Interaction,LSM8,18.944903157691098,0.5307774045768809,0.6266208129361281,0.13286058652189722,0,NS
Interaction,AP2A1,19.228405129518663,-0.07578220761833876,0.9666023531269136,0.970187318362341,0,NS
Interaction,CAVIN2,19.74278618969645,-0.03239024784488364,0.9854311722187112,0.9931579738953324,0,NS
Interaction,BAG2,14.61298573039326,-0.219378364586186,0.8460909063317416,0.7782624233932591,0,NS
Interaction,BAG3,23.399408050458124,-0.09402461003880092,0.9486203370812758,0.9539102454314377,0,NS
Interaction,MLYCD,16.67549538727743,0.17000522386711123,0.9486203370812758,0.9195452090414524,0,NS
Interaction,AIFM1,24.287030137729037,-0.05389343029944626,0.9460359456794404,0.9718192462548652,0,NS
Interaction,EML2,20.501760503454697,-0.0786636334841262,0.9785413164143968,0.97621835789968,0,NS
Interaction,BPNT1,18.37883547883266,-0.12477377795363864,0.9110610587868728,0.9035788624174482,0,NS
Interaction,DDAH2,16.210432264598264,-0.3377730218220236,0.6266208129361281,0.3243861887400941,0,NS
Interaction,ABHD16A,14.876416308130077,-0.5793484253894245,0.7179536967395801,0.2590460884398271,0,NS
Interaction,TXNDC12,19.115079531431665,-0.9827411538137696,0.7493594429402247,0.1643250062247983,0,NS
Interaction,NUDT3,18.229685143656056,0.03561206727094657,0.9854311722187112,0.9920754988973264,0,NS
Interaction,NDUFB10,24.84589048438532,0.38137421166084096,0.6548087898887762,0.31038680270283414,0,NS
Interaction,CLPTM1,15.921570932919243,-0.6444496158072859,0.7179536967395801,0.23029465323235823,0,NS
Interaction,MOCS2,18.454633578297553,0.2161898050857971,0.8269666065807023,0.7602544433447458,0,NS
Interaction,TOMM40,18.826091784290664,0.31354848039590166,0.6343828129926918,0.35610044495947996,0,NS
Interaction,PEX11B,15.09796418271817,0.0925161449054901,0.980798083318304,0.9744485939258192,0,NS
Interaction,CYB5A,17.11052868247609,-0.35238598687957534,0.7179536967395801,0.44144719694700935,0,NS
Interaction,ADH1B,21.35318600111424,0.12102582735689182,0.9789188437178408,0.9639775905812572,0,NS
Interaction,LDHA,29.158916759176307,-0.00113847465697958,0.9984131219577144,0.9999949360696287,0,NS
Interaction,ALDH1A1,23.86496258644634,0.04150423159971694,0.9854311722187112,0.9919738137590448,0,NS
Interaction,GLUD1,21.673884194808377,-0.1977736656965554,0.7493594429402247,0.6982323252423747,0,NS
Interaction,CYB5R3,24.517543908413224,-0.232767040838322,0.7074830285975261,0.5336684230126968,0,NS
Interaction,GSR,21.334398783064156,-0.09255261082370936,0.8513573486118258,0.9058643095866542,0,NS
Interaction,MT-CO1,21.623934814938877,0.7195367781486794,0.6266208129361281,0.05247672393316133,0,NS
Interaction,MT-CO2,26.955358633861223,0.30438835315762347,0.7179536967395801,0.47916452504302415,0,NS
Interaction,MT-CO3,22.671476091596727,0.4540916107879198,0.6551220900984647,0.25638029768563547,0,NS
Interaction,SOD1,26.15530932989125,-0.12827777350033287,0.8476369238316583,0.8675039724612583,0,NS
Interaction,CP,20.954449970524703,-0.14663953335302082,0.922485112264284,0.8989209337901373,0,NS
Interaction,F13A1,18.08687568785512,-0.6103857632524345,0.7074830285975261,0.18970551605780364,0,NS
Interaction,HPRT1,18.171558047328897,0.04505590913553448,0.9854311722187112,0.9911135394750265,0,NS
Interaction,GOT2,27.368267260119637,0.0925913488697674,0.9090154153840468,0.925652643109265,0,NS
Interaction,PGK1,29.030086065759708,-0.02331156954773305,0.9854311722187112,0.995925833574653,0,NS
Interaction,AK1,28.870262790169516,-0.1809111175159721,0.7766880552138719,0.7561814130094114,0,NS
Interaction,MT-ATP6,25.3203578217936,-0.25689358289631414,0.793499218776921,0.692717811533648,0,NS
Interaction,CA2,27.371135136915075,-0.0963297879966234,0.9486203370812758,0.9545099539822968,0,NS
Interaction,ASS1,19.660174883498325,-0.4014233078081908,0.8573813825921255,0.655291879165663,0,NS
Interaction,CST3,20.125286506373207,-0.04342835250353261,0.9854311722187112,0.9901593033310718,0,NS
Interaction,CSTA,18.218692834575187,0.2614148355245618,0.9456602038852968,0.869979091698448,0,NS
Interaction,JCHAIN,16.482134530244405,-0.1348474645486597,0.9854311722187112,0.9718672388225218,0,NS
Interaction,HLA-B,15.55926720609746,0.7176609965996423,0.6266208129361281,0.08790882037745734,0,NS
Interaction,HLA-DRB1,19.77519445053032,0.15197291867287177,0.9486203370812758,0.9257882804658508,0,NS
Interaction,MB,33.61081632620287,-0.05725904202923715,0.949120370630046,0.9728998151330972,0,NS
Interaction,COL1A1,20.082222106982854,1.1058955125939782,0.6551220900984647,0.03542878722818415,1,Up
Interaction,COL3A1,21.194918712425128,1.4778300636293729,0.60007559363049,9.447859416764238e-4,1,Up
Interaction,COL4A1,21.39143579437815,1.31650803303722,0.60007559363049,0.00257181159343227,1,Up
Interaction,CRYAB,29.7184774226715,0.00935659165769919,0.9946306257314752,0.9996464491690136,0,NS
Interaction,KRT14,21.735862371255894,0.11844078088033784,0.9854311722187112,0.9805323189267336,0,NS
Interaction,LMNA,22.95640604256489,0.4436754093528279,0.7074852069419307,0.3065337825700893,0,NS
Interaction,TNNC2,27.841683696457704,0.4708432421408588,0.7746935995485886,0.4756384200936463,0,NS
Interaction,APOE,16.802094698704828,-0.03365628939223342,0.9903410703013332,0.9975100465111364,0,NS
Interaction,LRG1,18.371561612152657,-0.5987281440427807,0.6548087898887762,0.16288770638014838,0,NS
Interaction,FN1,17.068188305105576,0.09118331008942704,0.9854311722187112,0.9885635285894996,0,NS
Interaction,RBP4,20.393688157865473,-0.09910621768528216,0.9854311722187112,0.9851076418014448,0,NS
Interaction,TTR,22.882292763690337,0.22162756844534215,0.8476369238316583,0.7808831638362891,0,NS
Interaction,PPBP,18.4551225445772,0.18538603594198833,0.9612634099247348,0.9230077830634428,0,NS
Interaction,TFRC,16.77188201863427,-0.6226659196992692,0.7493594429402247,0.3204508231400177,0,NS
Interaction,FTL,21.382795221081732,0.9287520817187128,0.7433673676225092,0.17087050548970692,0,NS
Interaction,FTH1,25.458804855988504,0.796404704480576,0.6266208129361281,0.05351084699931627,0,NS
Interaction,MT2A,21.71058502133751,-0.30219103532604663,0.8017388649000746,0.6637162971749411,0,NS
Interaction,MT-ND1,23.255083345282753,0.4630057979421558,0.6266208129361281,0.16601963234065018,0,NS
Interaction,MT-ND2,20.03463207934594,0.5879053624946451,0.6266208129361281,0.13894863297379942,0,NS
Interaction,MT-ND3,20.436421440214406,0.3335400660395962,0.7438857077441434,0.5342758069540101,0,NS
Interaction,MT-ND4,21.379732403016977,0.2928700011395087,0.7747378329305563,0.6339695686577289,0,NS
Interaction,MT-ND5,23.120411361950357,0.4771318267304956,0.7383632548114595,0.39071576780729905,0,NS
Interaction,MT-ATP8,22.94606321729593,-0.0953835289427225,0.9524992528846364,0.9563174230762024,0,NS
Interaction,CAT,22.459734558890045,-0.04210980649204288,0.9854311722187112,0.9936105148253404,0,NS
Interaction,ALDOA,31.484659103403235,-0.05420006397899257,0.9486203370812758,0.9730200502404712,0,NS
Interaction,CSTB,24.38996481453203,0.0577489823789783,0.9785413164143968,0.9816788770587528,0,NS
Interaction,ANXA1,21.84219183471319,-0.33958995908094636,0.7782105332378368,0.5973940064521363,0,NS
Interaction,SOD2,25.11745557749726,-0.01297004721325478,0.9903410703013332,0.99935628187947,0,NS
Interaction,KRT1,25.522073197169966,0.2985261941664952,0.9161298065083752,0.7954028305234724,0,NS
Interaction,VWF,17.117809659775013,0.2000754646860159,0.9700291507912469,0.9254717181449584,0,NS
Interaction,GAPDH,31.407624477615048,-0.04954262535331111,0.9711717047023336,0.9817618291268656,0,NS
Interaction,HLA-A,18.237746595325888,0.04201506585063797,0.9854311722187112,0.9928896223997918,0,NS
Interaction,CAPNS1,23.06432438476822,-0.00592916415838828,0.9903410703013332,0.9996069967498676,0,NS
Interaction,HSPB1,29.539415617676703,-0.16226683142156162,0.9161298065083752,0.8803871355217766,0,NS
Interaction,RPN1,21.34880925457332,-0.0131936009152227,0.9854311722187112,0.9984013106349848,0,NS
Interaction,RPN2,20.13233192139377,-0.1329439894878206,0.9161298065083752,0.9038017661388352,0,NS
Interaction,GNAI2,21.822248819064725,-0.03775890061937659,0.9783312218446496,0.987621979392112,0,NS
Interaction,ATP1A1,23.229493023875225,-0.08300452384112234,0.8902983284410025,0.9287590557033008,0,NS
Interaction,ATP1B1,22.82017649460657,-0.0377790210472142,0.9783312218446496,0.987621023628996,0,NS
Interaction,APOD,21.726480785823657,-0.06001601531360379,0.9854311722187112,0.989373331688281,0,NS
Interaction,ALDH2,23.370827015030173,-0.2502959454173741,0.8337956723519173,0.7347265082429386,0,NS
Interaction,S100A8,21.664146011449972,0.12365427646081883,0.9854311722187112,0.9719334304729228,0,NS
Interaction,SLC25A5,27.766691241291937,-0.00153845881137826,0.9955385620149444,0.9999844799473512,0,NS
Interaction,SERPING1,19.623612788058345,0.19068359898819764,0.9161298065083752,0.8625576563421281,0,NS
Interaction,PCCA,19.179080376373392,-0.1807234152561961,0.7954539833722686,0.7742881965613067,0,NS
Interaction,PCCB,18.298320774665605,-0.22015099922563763,0.7766880552138719,0.711556234919275,0,NS
Interaction,EIF2S1,21.894250356707204,-0.02083033328037586,0.9848335883907492,0.9947127193302022,0,NS
Interaction,RPLP1,21.11362904970564,0.004687770814364,0.9955385620149444,0.9999270128037804,0,NS
Interaction,RPLP2,22.9567989299382,0.19126267016130785,0.8685254447956907,0.8237256481150611,0,NS
Interaction,RPLP0,21.25988008124769,0.10644119637941785,0.943782221954144,0.94370110087419,0,NS
Interaction,FABP3,28.965810181930504,-0.15189197745722538,0.8725152102698197,0.8644772977999107,0,NS
Interaction,CLEC3B,18.676810208382896,-0.45635336311271146,0.7179536967395801,0.32823236393079597,0,NS
Interaction,SSB,16.550341304807613,0.13932753170420042,0.9332672678842272,0.9169342504496606,0,NS
Interaction,ITGB1,20.16901234762769,-0.06709783228519584,0.9188057266203828,0.9511812741141532,0,NS
Interaction,KRT18,24.916676085771915,0.493521638878498,0.7746935995485886,0.45237836580303414,0,NS
Interaction,KRT8,23.422232533302335,0.27766754544202854,0.9332672678842272,0.8513370115640605,0,NS
Interaction,MYL1,30.428305281262144,0.6928892846801986,0.7179536967395801,0.17762327280573145,0,NS
Interaction,GSN,23.521570307218216,0.02136073170010988,0.9903410703013332,0.998373888253613,0,NS
Interaction,PTMA,15.021839166693912,0.12825093128728504,0.9486203370812758,0.9391013774964452,0,NS
Interaction,ATP5F1B,28.43098239484724,-0.01531130527592239,0.9872076272682924,0.9983449163854669,0,NS
Interaction,S100A9,21.635628027637708,0.23459065720572525,0.9441354835336588,0.8814941631117053,0,NS
Interaction,S100A6,24.815226933912935,-0.6432789161758024,0.7433673676225092,0.29706481048660094,0,NS
Interaction,EIF4E,20.488107940549313,-0.00124796896547962,0.9955385620149444,0.9999892105334676,0,NS
Interaction,CKM,32.39147208811944,-0.10041559481535244,0.8431857064796524,0.8894815963379546,0,NS
Interaction,ENO1,29.94001076807693,0.01628463484160747,0.9903410703013332,0.9986993554528204,0,NS
Interaction,PYGL,24.318576158907614,-0.20901805937828044,0.9110610587868728,0.8423347748797804,0,NS
Interaction,GPI,27.451977947149167,0.01566257613400523,0.9854311722187112,0.9977304948298752,0,NS
Interaction,NPM1,22.119362125332,-0.01632289779626816,0.9903410703013332,0.9986502052324592,0,NS
Interaction,TPM3,25.67890335016827,0.8363535254384864,0.7140355327881074,0.11837404899957513,0,NS
Interaction,EPHX1,23.453659406753236,-0.2668634880017251,0.7703036845506724,0.6399193551366488,0,NS
Interaction,DBI,25.446303834746715,-0.03922837121721301,0.9854311722187112,0.9921804921332698,0,NS
Interaction,LDHB,25.04995014827807,-0.12281983046348088,0.9552373341053044,0.945344851683785,0,NS
Interaction,GPX1,21.75047152788109,0.01713424187044765,0.9854311722187112,0.9974709288174958,0,NS
Interaction,P4HB,24.369735929372723,-0.10047092230872325,0.839438685331748,0.8877891757072237,0,NS
Interaction,H1-0,22.647943050275916,0.4359590960116755,0.6674436307858687,0.28806125472201916,0,NS
Interaction,CTSD,23.261282585881855,-0.08560714666525371,0.9311991011970084,0.9434708927303046,0,NS
Interaction,ANXA2,24.433663781386503,-0.13414772966561017,0.8674656820430944,0.8719355507352318,0,NS
Interaction,CAPN1,22.831458009390463,-0.10021964413081008,0.7746935995485886,0.8499499538509748,0,NS
Interaction,TUBB,26.25250568315112,-0.0787641595679176,0.922485112264284,0.944718232864616,0,NS
Interaction,CA3,30.95012109332983,-0.29704242509194145,0.6482862074152697,0.3997785932108433,0,NS
Interaction,DCN,23.38877286758882,0.2781449027330183,0.8375313547829174,0.7168460963373415,0,NS
Interaction,PSAP,24.127643675336884,0.030347403339330722,0.9854311722187112,0.9952339327971372,0,NS
Interaction,PFN1,25.498753709424843,-0.12759389763242268,0.7766880552138719,0.8218432433393298,0,NS
Interaction,BPGM,21.33904590988369,0.1792280482837434,0.8902983284410025,0.8508993608285365,0,NS
Interaction,APRT,21.939208959644407,0.04506779105039271,0.9783312218446496,0.984972383412127,0,NS
Interaction,EPRS1,21.48131557521121,-0.199115687180786,0.60007559363049,0.39673373200511186,0,NS
Interaction,CTSB,20.18901648084543,0.08883764371659808,0.936472406056756,0.95109418747234,0,NS
Interaction,HSP90AA1,25.922651317380343,-0.03978933540680884,0.9783312218446496,0.9868440171140096,0,NS
Interaction,UQCRH,25.056337325685295,0.1396092650668237,0.8105532690086262,0.8300825278157627,0,NS
Interaction,TPM2,27.39131941112277,0.6134798461565261,0.7493594429402247,0.32706364613809275,0,NS
Interaction,FH,25.288960190312956,0.01144083865204592,0.9872076272682924,0.9987623411463712,0,NS
Interaction,COL1A2,19.590194971216377,1.1487191519984383,0.7179536967395801,0.05521603761873095,0,NS
Interaction,ANXA6,26.661350398922387,0.00687871710076137,0.9903410703013332,0.9995844215452506,0,NS
Interaction,PFKM,27.620318224355128,-0.15189299331836992,0.8488944148650062,0.8480135512114595,0,NS
Interaction,HSP90AB1,24.767030193515787,-0.10593893522461072,0.852128888953546,0.8933117527714858,0,NS
Interaction,SOD3,18.48061564688999,-0.0927840084718774,0.9854311722187112,0.9781630273563574,0,NS
Interaction,CTSG,17.977382625924722,2.1968240854199905,0.6548087898887762,0.00128452351415957,1,Up
Interaction,PDHA1,25.583241906359323,-0.00309097988882811,0.9955385620149444,0.9999158982849744,0,NS
Interaction,COL4A2,21.369516721299014,0.9342027357887944,0.6266208129361281,0.04101092391515111,1,Up
Interaction,CYC1,26.881585540803147,0.19936931928916124,0.7179536967395801,0.6567481273415876,0,NS
Interaction,MYL3,28.0697801886455,0.8350192384441364,0.7074830285975261,0.10291319134085436,0,NS
Interaction,SNRNP70,14.61721643349383,NA,NA,NA,0,NS
Interaction,NFIC,18.432867732406145,0.3757524692294112,0.7140355327881074,0.381320053975837,0,NS
Interaction,VIM,24.87989431630527,0.07635614171577743,0.9848335883907492,0.9806884595690948,0,NS
Interaction,SERPINF2,18.27468209291369,0.06945595722676856,0.9848335883907492,0.9822370179897388,0,NS
Interaction,RPS17,20.810447159447573,0.20141857344112424,0.793499218776921,0.7505407007594395,0,NS
Interaction,KRT19,25.17198415484452,0.43987526544220046,0.8342072768679082,0.5834738423320235,0,NS
Interaction,ANXA5,23.860265674880345,-0.16624581603973,0.8105532690086262,0.8012871422081563,0,NS
Interaction,RPSA,22.218561343284584,0.2026958443380984,0.7179536967395801,0.6561893297807542,0,NS
Interaction,SNRPA,18.318834740819916,0.3847636575919609,0.6266208129361281,0.2596505004479244,0,NS
Interaction,ENO2,30.08763714700968,0.15520219322615958,0.8611427097810277,0.8507356529054766,0,NS
Interaction,ACAA1,20.035086474667008,-0.1608704125239555,0.8375313547829174,0.823966014628292,0,NS
Interaction,GSTP1,25.353482398020265,-0.2084784028873088,0.7179536967395801,0.606378481844138,0,NS
Interaction,LGALS1,26.534413075461643,0.06585215112459153,0.9825018193480242,0.9828342561764508,0,NS
Interaction,QDPR,23.902434141901292,0.087611594498064,0.9332672678842272,0.9439977475581915,0,NS
Interaction,HMGB1,21.42812588067763,0.155739234251282,0.7746935995485886,0.7790306047382333,0,NS
Interaction,RBP1,19.608485233123808,NA,NA,NA,0,NS
Interaction,FBP1,25.845942409657308,-0.3009975934839204,0.8508176600642787,0.7238702729887817,0,NS
Interaction,GSTM1,22.339673882035164,1.0599385070921483,0.7594498907712429,0.15138892142459698,0,NS
Interaction,TPM1,28.46386423145315,0.6262592410474461,0.7493594429402247,0.3163804184992004,0,NS
Interaction,CLTB,18.982645910744697,-0.3159611461541303,0.60007559363049,0.23873836295708564,0,NS
Interaction,ANXA4,19.886436609148223,-0.141619901960091,0.8685999596414687,0.8695425731041009,0,NS
Interaction,HMOX1,16.90195491471642,0.54453019894693,0.7678983487629457,0.39467322152900824,0,NS
Interaction,DLD,25.65460171631506,-0.06365550066525572,0.9332672678842272,0.9617227202890188,0,NS
Interaction,HNRNPA1,18.469491676725863,0.07883189877386698,0.9785413164143968,0.9750011762589116,0,NS
Interaction,COX6C,26.53957291437063,0.4459846437735209,0.6440645776750207,0.24106085361985088,0,NS
Interaction,PARP1,19.463111762198288,0.2891357744790035,0.6266208129361281,0.3763767686540809,0,NS
Interaction,IFIT2,25.723296269875146,-0.05536437129437388,0.9810496186924323,0.9851182484788842,0,NS
Interaction,UCHL1,22.296710928397403,-0.732520919700395,0.6266208129361281,0.06639094433862097,0,NS
Interaction,LTA4H,23.562967866481532,-0.02979809283581147,0.9854311722187112,0.99292237210107,0,NS
Interaction,ALDOC,26.3742951146504,-0.16206405699075077,0.9854311722187112,0.9635517531310972,0,NS
Interaction,LIMS3,17.084431445067697,0.2962807636712377,0.7619812443928085,0.591228681133793,0,NS
Interaction,HSPA1A,26.57516132337584,-0.08192685806121602,0.9311991011970084,0.9460928132847388,0,NS
Interaction,CALM1,27.14050525732191,-0.01998655703086171,0.9854311722187112,0.9973615526632108,0,NS
Interaction,FDX1,17.430279274878902,-0.15818435734174585,0.9672309050509076,0.938986441745928,0,NS
Interaction,COX8A,21.456517430881096,0.06669688538703156,0.9854311722187112,0.986897101088102,0,NS
Interaction,GAA,18.148986535839747,-0.07610521081425858,0.9783312218446496,0.9752502444466412,0,NS
Interaction,RRAS,21.47399492613833,0.03265409670909847,0.9854311722187112,0.9936556619532309,0,NS
Interaction,ARAF,15.269332212000982,-0.16264255156774965,0.961069163803106,0.9306657907225528,0,NS
Interaction,DLAT,24.937521731356657,-0.03179690530065926,0.9785413164143968,0.9903755097696016,0,NS
Interaction,TXN,25.50720102401325,0.02084119712943888,0.9854311722187112,0.9971667276144642,0,NS
Interaction,COX5B,26.88782107438663,0.4241650066461773,0.6266208129361281,0.17936187781811952,0,NS
Interaction,MAPT,22.99234308119329,-0.2435462256374663,0.7140355327881074,0.5359647100504165,0,NS
Interaction,PRKAR1A,24.17016290013299,-0.09218832220709317,0.8685254447956907,0.9117279759048807,0,NS
Interaction,ESD,24.82065536726824,0.06144343915561379,0.9792459364801476,0.9823046167961924,0,NS
Interaction,HSPD1,24.462633839156528,-0.0506224496304597,0.9507296866978122,0.9763136856127728,0,NS
Interaction,THRB,22.834733521556476,0.8548969407210585,0.7179536967395801,0.14418624262787227,0,NS
Interaction,CLU,19.623256235355512,-0.35734130290595445,0.7678983487629457,0.5422414006300059,0,NS
Interaction,MYL2,28.292797306054563,1.0499908281419366,0.6266208129361281,0.01154901013753697,1,Up
Interaction,HSPA5,23.862290967503217,-0.0847031669293905,0.8850010075754868,0.9255202875912664,0,NS
Interaction,LAMC1,20.053718187684925,0.8291547555562602,0.6266208129361281,0.0408954436869412,1,Up
Interaction,MYH3,25.51836865300102,0.8106476937365343,0.7766880552138719,0.28783259204941597,0,NS
Interaction,HSPA8,26.87253093032458,-0.14089885190289309,0.7179536967395801,0.7274249887831951,0,NS
Interaction,EPB41,18.351693726332304,0.11514512442056102,0.9785413164143968,0.9631464526179732,0,NS
Interaction,PDHB,25.47961312000195,-0.04825969911228256,0.9476454715976984,0.97549863736396,0,NS
Interaction,DBT,20.29655400146033,-0.04099882252513964,0.9854311722187112,0.9931587092478132,0,NS
Interaction,PYGB,29.108400044106844,-0.08859620480260588,0.922485112264284,0.9386534962416276,0,NS
Interaction,PYGM,29.263837832172204,-0.22798302950031157,0.7140355327881074,0.5579244989192947,0,NS
Interaction,RALA,20.462398203664023,0.18944746440327975,0.7493594429402247,0.705964390102729,0,NS
Interaction,SPTB,21.615545889033186,-0.0608728399639844,0.9792459364801476,0.9825775991182422,0,NS
Interaction,LAMP1,18.79165603050338,-0.02531854395702026,0.9854311722187112,0.996213094480632,0,NS
Interaction,ACADM,24.402218232824517,-0.02224188860281017,0.9858065901306122,0.997448709188382,0,NS
Interaction,UBL4A,16.306146934052627,-0.35283530720485246,0.7179536967395801,0.4411947551706394,0,NS
Interaction,DMD,23.153058020638877,-0.07327579256215344,0.9332672678842272,0.9546544704425488,0,NS
Interaction,MTHFD1,22.53268957350119,-0.10773120966836204,0.777974572420159,0.8480737912850682,0,NS
Interaction,ADH5,23.860997072763706,0.0011772212070511,0.9962110725524448,0.9999916024066172,0,NS
Interaction,PABPC1,20.131746995829378,-0.00267617588594148,0.9955385620149444,0.9999388794752204,0,NS
Interaction,HARS1,18.728491483041005,-0.1821055068168782,0.7179536967395801,0.648496608855138,0,NS
Interaction,COL6A1,20.443035969754977,0.8528617056704455,0.6440645776750207,0.068766105430686,0,NS
Interaction,COL6A2,19.314746779566576,0.8017049633425586,0.7179536967395801,0.1410621707581523,0,NS
Interaction,COL6A3,20.766972616647433,0.7372761786545894,0.7074852069419307,0.1387308879955639,0,NS
Interaction,SLC25A4,27.067343955714698,0.07476155503703907,0.9666023531269136,0.9705877378700282,0,NS
Interaction,SLC25A6,26.894469698957433,-0.12273222563852926,0.961069163803106,0.9475375579419828,0,NS
Interaction,IMPDH2,22.18047902492947,0.19372240131004403,0.7179536967395801,0.6461913153466419,0,NS
Interaction,CKB,31.116680047345792,-0.07279704976747325,0.9329178245174946,0.95260053701847,0,NS
Interaction,ANXA3,19.036845934129623,-0.1891206563247891,0.9110610587868728,0.8589974038581965,0,NS
Interaction,BCKDHA,18.06876108884397,-0.07212207488800004,0.979665468688169,0.979620970325223,0,NS
Interaction,ACTN1,24.125583727005225,1.1943034361615936,0.7179536967395801,0.06041394666573328,0,NS
Interaction,MYH1,28.77485375905534,0.5198890940239771,0.8368000346631261,0.5314608689678928,0,NS
Interaction,MYH7,29.25453863457152,0.841762082806639,0.6674436307858687,0.09085374760597996,0,NS
Interaction,PEPD,18.962191705323693,-0.04630582042000242,0.9792459364801476,0.9867404648906962,0,NS
Interaction,XRCC6,19.650918916114012,0.17332235848421007,0.7391234681903855,0.7132529072946429,0,NS
Interaction,XRCC5,19.706482329794444,-0.00182273336729821,0.9955385620149444,0.9999758864357692,0,NS
Interaction,COX4I1,27.13596586642058,0.23958517265786128,0.7433673676225092,0.6360529771646775,0,NS
Interaction,IFITM1,15.934303796139636,0.22068158004171323,0.8253531173664314,0.7545385182116833,0,NS
Interaction,LAMP2,22.643768874453595,0.00582643651942049,0.9955385620149444,0.9998752501524631,0,NS
Interaction,RNH1,24.144687495726963,-0.03932224866109024,0.9785413164143968,0.9873274528503372,0,NS
Interaction,MYH8,19.91368877909568,-0.03474591029198137,0.9903410703013332,0.9978749192518204,0,NS
Interaction,VCAN,21.63900196645317,-0.2757784445810181,0.7074852069419307,0.4818480369410402,0,NS
Interaction,EEF2,24.782165388321797,0.08966231903780297,0.7985540817521978,0.884627517905669,0,NS
Interaction,KRT10,25.5470388341646,0.3925846659169494,0.8476369238316583,0.6424536928194431,0,NS
Interaction,KRT5,20.968072611917428,0.24058228951540173,0.9462156429282488,0.8806173931026405,0,NS
Interaction,PDIA4,21.362390271477334,0.00261946055388406,0.9955385620149444,0.9999769515315654,0,NS
Interaction,TPT1,24.13371294431874,0.08339695506741407,0.9486203370812758,0.9603930155874272,0,NS
Interaction,ALAD,22.86364919475073,0.0255266600264612,0.9862784930759224,0.9971381481650088,0,NS
Interaction,LCP1,18.541455891027955,0.34184938077464366,0.6266208129361281,0.3163988005047947,0,NS
Interaction,PLS3,19.484955381446607,0.2436633762960838,0.7954539833722686,0.7087419641194592,0,NS
Interaction,APEH,24.280278203232633,-0.11622311047245049,0.7782105332378368,0.8393816899771241,0,NS
Interaction,ETFA,24.80930848687998,-0.12787648155546094,0.8748193650848385,0.8872053250582211,0,NS
Interaction,TNNT1,26.112030244384137,0.75366711969615,0.7179536967395801,0.17705707279376098,0,NS
Interaction,GYS1,24.49244787113467,-0.13099812761706175,0.860061004165572,0.8721790806300085,0,NS
Interaction,PRKAR2A,23.579540288114075,-0.10568658375483508,0.8115954303488957,0.869803595689557,0,NS
Interaction,ENO3,30.133537729112696,0.11988859156658194,0.8337956723519173,0.862744171934743,0,NS
Interaction,CD59,24.440634889171896,-0.07268831970386813,0.9332672678842272,0.9558301507073642,0,NS
Interaction,MIF,25.28538949439101,-0.03623382986133805,0.9854311722187112,0.9931003242162134,0,NS
Interaction,CD99,18.41572801281717,-0.01355750444132652,0.9903410703013332,0.999335607668316,0,NS
Interaction,PRKCSH,20.28506361299437,-0.14795790444345158,0.7746935995485886,0.791792227758859,0,NS
Interaction,FDPS,20.30221847364775,0.02659652150343205,0.9792459364801476,0.992320359208843,0,NS
Interaction,COX7A2,22.585223874944493,0.3837254161325845,0.6551220900984647,0.3150073124911804,0,NS
Interaction,NID1,18.360147284873264,0.862954454090687,0.6266208129361281,0.03418129699178988,1,Up
Interaction,AKR1A1,26.74022176321,-0.14323353753757573,0.8337956723519173,0.8381362799375475,0,NS
Interaction,PKM,29.18068712388038,0.06794463295358,0.9332672678842272,0.9599487527497248,0,NS
Interaction,ACYP2,25.23684068657341,-0.05075862068501635,0.9700291507912469,0.9803292725631632,0,NS
Interaction,HSP90B1,24.46429596333309,-0.09406709977052684,0.8869803542389462,0.9181898086958218,0,NS
Interaction,MYL6B,23.363614261441093,0.021232749732917,0.9955385620149444,0.9993401083871372,0,NS
Interaction,SLC2A4,17.571062734542295,-0.2269851673212422,0.9486203370812758,0.8921555443249407,0,NS
Interaction,IDE,18.386886188485892,0.12576145193447277,0.8685254447956907,0.8812176750509805,0,NS
Interaction,COX6B1,25.339333269731902,0.4382197895283966,0.6266208129361281,0.1632998108539354,0,NS
Interaction,HNRNPL,17.416509016198788,0.3414550079340728,0.6266208129361281,0.27689800796009867,0,NS
Interaction,DARS1,20.94285767603591,-0.29258982557616875,0.6440645776750207,0.3887756463076346,0,NS
Interaction,JUP,19.5978716675808,0.04521444176708655,0.9872076097356952,0.9950260930455386,0,NS
Interaction,UQCRB,25.91554707766521,0.11820979019865518,0.8460909063317416,0.8733661420638155,0,NS
Interaction,CPA3,19.85733816245482,0.22547219165679877,0.9161298065083752,0.8413390197395197,0,NS
Interaction,FABP4,27.098265394076524,-0.1513572308140425,0.8337956723519173,0.8303635862568164,0,NS
Interaction,GLUL,15.520172015886237,-0.13772987288745675,0.9709285722916516,0.9495320541064508,0,NS
Interaction,AKR1B1,27.0627994856198,-0.13898975642701572,0.7841359352735049,0.8145946879683843,0,NS
Interaction,GSPT1,18.369871804131872,-0.06983397071657649,0.9332672678842272,0.9596204919184276,0,NS
Interaction,PGAM2,29.083315711463253,0.08259270591265988,0.9332672678842272,0.9497949673123866,0,NS
Interaction,EZR,20.673291390255187,-0.44519949522388913,0.7179536967395801,0.3604995337682421,0,NS
Interaction,UCHL3,21.846601338782072,0.06361442303617437,0.9486203370812758,0.9691576245646848,0,NS
Interaction,NME1,21.696092639553367,-0.04340742239416784,0.9783312218446496,0.9852871725274344,0,NS
Interaction,RPS2,21.619996956590853,0.01878252245068168,0.9900178499897422,0.9981899039083632,0,NS
Interaction,RPA2,18.02071228344516,0.9825131241802404,0.5602041058469226,0.00469335505615915,1,Up
Interaction,COX7C,25.990855622649196,0.34433597969675134,0.7179536967395801,0.4764648075122278,0,NS
Interaction,NQO2,22.414795765632785,0.24641752776793524,0.9486203370812758,0.8845449816717387,0,NS
Interaction,PFKFB1,22.548585636515675,0.4821092270863012,0.7179536967395801,0.3278741906306708,0,NS
Interaction,CBR1,22.86672927105032,-0.1673779953938599,0.7980416035333834,0.7916559268903073,0,NS
Interaction,ANK1,19.321056196168417,0.04697085631471509,0.9854330676640152,0.9943802070685802,0,NS
Interaction,ACADS,24.529858804861934,-0.230881757107138,0.8431857064796524,0.7653561051722034,0,NS
Interaction,PPP3CB,21.772693018046706,0.03197072479581209,0.9854311722187112,0.9936856292793188,0,NS
Interaction,ATP2A2,28.493920684558347,-0.22265507272394203,0.7179536967395801,0.5963431909751551,0,NS
Interaction,CD36,23.581702958073997,0.00714956769463981,0.9955385620149444,0.9998236690131342,0,NS
Interaction,FAH,21.33851811862295,-0.09959359599420736,0.9161298065083752,0.9266448333810609,0,NS
Interaction,YBX3,22.59478110160568,0.048906751081077,0.9785413164143968,0.9850007161032526,0,NS
Interaction,TMEM11,23.02000137797014,0.31032804275834636,0.6266208129361281,0.2781920751755811,0,NS
Interaction,GOT1,26.990674289766137,0.01851561419275071,0.9854311722187112,0.9973153661798289,0,NS
Interaction,CKMT2,27.75448024106721,0.0057015360759749,0.9955385620149444,0.9998549686433466,0,NS
Interaction,NDUFB7,22.53257329558948,0.41296419189815126,0.6551220900984647,0.29249911706734366,0,NS
Interaction,PRKACA,23.627070571311975,-0.03482858272786515,0.9727786546110924,0.9875185099464708,0,NS
Interaction,CAPN2,22.858083518918413,-0.14666768754143078,0.7980416035333834,0.814597432514311,0,NS
Interaction,DES,24.458833535777295,0.37276716574396573,0.8508280648343147,0.6709685534083895,0,NS
Interaction,PFKL,26.026778536747734,-0.1211559386092702,0.9332672678842272,0.9306037967465104,0,NS
Interaction,LGALS3,20.266818989764385,-0.128516703658196,0.9329178245174946,0.9178640747472327,0,NS
Interaction,FLT1,20.97830612884773,1.7050080313692604,0.60007559363049,3.116743057338719e-4,1,Up
Interaction,PSMC3,22.135064177900187,0.00450310389475205,0.9910184817702132,0.9997898693787054,0,NS
Interaction,TCP1,21.44767016818789,-0.104549255041114,0.8431857064796524,0.8855798978742045,0,NS
Interaction,RPL35A,20.058830027490437,0.09578647156466856,0.980798083318304,0.9739392721193012,0,NS
Interaction,ARF4,17.163783146955723,-0.06650927216458058,0.9854311722187112,0.9843037207551564,0,NS
Interaction,RPL7,22.21897020244778,0.0166446605241255,0.9903410703013332,0.9990919134813582,0,NS
Interaction,VCL,24.10671752802788,-0.09487249395485976,0.7854043151218633,0.8700850466718342,0,NS
Interaction,RPL17,20.8642762013193,0.06425130493745002,0.9783312218446496,0.9789132785009996,0,NS
Interaction,PGAM1,28.99983718393705,0.07854187064205576,0.922485112264284,0.94618766495772,0,NS
Interaction,ATP5PF,25.07775713350797,-0.00162381988793214,0.9955385620149444,0.9999853785743532,0,NS
Interaction,TSPAN8,18.04313339643797,-0.10097362981085568,0.9620867820115524,0.9578289992623364,0,NS
Interaction,TNNI1,26.044553215454656,0.7078694581923024,0.7179536967395801,0.1978248034561808,0,NS
Interaction,NCL,21.850603153112193,0.19203076479421455,0.7867016213220325,0.7562937267569096,0,NS
Interaction,HK1,24.20319401065262,2.9940565451980206e-4,0.9991718333735564,0.9999993241154264,0,NS
Interaction,NDUFV2,25.413232555429797,0.4814164086354289,0.60007559363049,0.09278396997246612,0,NS
Interaction,SRM,20.36428757748818,-0.4192087863471876,0.9110610587868728,0.7135409757106241,0,NS
Interaction,TYMP,16.15634961919419,0.02102356015340945,0.9900178499897422,0.9979369619472912,0,NS
Interaction,ATP2B1,15.802648334460075,-0.21378686662792035,0.9460359456794404,0.8929087343959783,0,NS
Interaction,EIF2S2,18.754516981890724,0.03268309321713048,0.9854311722187112,0.9925465584288076,0,NS
Interaction,ANXA7,27.19529136877724,-0.0718795989092591,0.8993104826445105,0.940145504907327,0,NS
Interaction,TPSB2,21.22471783263944,0.3166284396734689,0.7980416035333834,0.6420559853888677,0,NS
Interaction,BTF3,20.12839503788418,-0.05171906349097455,0.9854311722187112,0.987156589767549,0,NS
Interaction,RAB6A,19.156348530575983,-0.33477120560970164,0.6674436307858687,0.3850597475253365,0,NS
Interaction,PVALB,22.536822357803604,0.1946679378884859,0.9854311722187112,0.955872165845262,0,NS
Interaction,PSMB1,22.993671680451783,-0.01608476385240465,0.9854311722187112,0.9972328008264728,0,NS
Interaction,COX5A,26.63783132660122,0.29900610381753623,0.7179536967395801,0.5054543671482458,0,NS
Interaction,CAPN3,21.82320029993031,0.1087043517267503,0.9332672678842272,0.937743328281751,0,NS
Interaction,CAST,21.587925160875844,0.0403458606366236,0.9854311722187112,0.990362934594612,0,NS
Interaction,NEB,24.648167262970777,-0.05221779652440972,0.9858065901306122,0.9939482479139364,0,NS
Interaction,PTMS,20.623239028412293,-0.12878852309350108,0.9332672678842272,0.9251863342410132,0,NS
Interaction,GSTM3,25.401333210352664,0.09865614139046386,0.955427547925342,0.9559670953040668,0,NS
Interaction,ATP6V1B2,19.687362494397085,-0.11872914117736856,0.8476369238316583,0.8766723425705986,0,NS
Interaction,CSRP1,23.58645178370027,0.35776072763302835,0.7746935995485886,0.5631965110301077,0,NS
Interaction,FLNA,26.18561949833851,-0.21545863208989857,0.8484650255835557,0.7898116004184432,0,NS
Interaction,MAOA,22.37276180542368,0.30992508510458094,0.7179536967395801,0.502443341924192,0,NS
Interaction,ACO1,21.66530041070772,-0.092265953560549,0.9110610587868728,0.9285048017932072,0,NS
Interaction,GPD1,26.68265798900156,0.00449709327346425,0.9955385620149444,0.9998822638192196,0,NS
Interaction,VDAC1,27.47079951504452,0.1682835579252746,0.7650141197644925,0.7435057952747908,0,NS
Interaction,BGN,19.557248156637876,0.2687175076181383,0.7867016213220325,0.6765503048523974,0,NS
Interaction,RYR1,24.38239903920973,-0.07383242140756963,0.9332672678842272,0.953313784450671,0,NS
Interaction,SDHB,25.20212091950734,-0.104438284489504,0.8869922941003942,0.9096905639675922,0,NS
Interaction,COMT,20.63440644769074,0.03192584726187419,0.9854311722187112,0.9933417511196696,0,NS
Interaction,TGM2,18.103104604262622,0.6401695186928187,0.6266208129361281,0.09797421894485572,0,NS
Interaction,MMUT,17.91641953225591,-0.0115924033468886,0.9919248308125764,0.9995019021759034,0,NS
Interaction,OSBP,18.662448461028767,0.13798260278775487,0.7433673676225092,0.7709691649933504,0,NS
Interaction,PCMT1,23.9258854951602,0.011670333607249,0.9903410703013332,0.9990321300034878,0,NS
Interaction,GART,19.51074228816498,-0.17807435426594864,0.7179536967395801,0.656783508046719,0,NS
Interaction,PAICS,19.403620045253408,-0.06264551604685309,0.9332672678842272,0.9606695069312934,0,NS
Interaction,SCP2,17.91529871463645,0.10367274400390158,0.943782221954144,0.9446230880354044,0,NS
Interaction,UBA1,23.793897278654505,-0.13625269390179184,0.7179536967395801,0.7546304673901992,0,NS
Interaction,GPX3,19.442618225533337,-0.14081962429096961,0.922485112264284,0.902593466883612,0,NS
Interaction,NME2,24.688558764618428,-0.07832697438102088,0.9307956271941163,0.9476400658516536,0,NS
Interaction,FDXR,18.015630140519807,0.27295102065290067,0.9332672678842272,0.8353386859298351,0,NS
Interaction,HNRNPA2B1,20.748645574295686,0.18377187841265652,0.8203265414084552,0.788524219495149,0,NS
Interaction,UQCRC2,27.27013835662287,0.17509656120255812,0.7264791210030851,0.7011832914495393,0,NS
Interaction,FECH,21.811690768276343,-0.00865007035566733,0.9903410703013332,0.9995312864532426,0,NS
Interaction,AMPD1,24.601844257613287,0.1117645408246304,0.9727786546110924,0.9600459548764864,0,NS
Interaction,FBLN1,17.872294993757194,-0.21880947301231757,0.8725152102698197,0.8112579469783455,0,NS
Interaction,SFPQ,17.077159079517994,0.23906719724213232,0.8278730193858214,0.7400585856386722,0,NS
Interaction,PPIB,19.67897099651961,0.13233048739631317,0.918125518297455,0.9054135642299832,0,NS
Interaction,S100A1,25.980160938514953,-0.18949460576125432,0.9161298065083752,0.8631265853477534,0,NS
Interaction,HRC,23.533823486791174,-0.2690621560685429,0.6266208129361281,0.35869651533661767,0,NS
Interaction,ME2,20.34530209869442,-0.2116206592928478,0.7980416035333834,0.7435287264477859,0,NS
Interaction,WARS1,22.456922408376727,-0.16256825916466866,0.7678983487629457,0.7529115420411467,0,NS
Interaction,RPS3,24.62723445111114,0.02208174885642222,0.9854311722187112,0.9973140230573186,0,NS
Interaction,GCSH,20.606452035098663,-0.09176510665728088,0.9700291507912469,0.9650151546082936,0,NS
Interaction,AHCY,23.5515890304783,-0.21626652362061097,0.6343828129926918,0.48913738843530624,0,NS
Interaction,CFL1,26.28274606181248,-0.05373447122607899,0.9785413164143968,0.9827577543490756,0,NS
Interaction,EIF4B,19.868303252412204,-0.10881662704402828,0.8721684987217657,0.9002355893195676,0,NS
Interaction,ATP2B4,18.34676522405751,-0.09740682681923828,0.9161298065083752,0.9274176790359868,0,NS
Interaction,CPT2,22.088512769224018,-0.02914224251781405,0.9854311722187112,0.9951436496026658,0,NS
Interaction,LAMA2,18.94784990243492,0.4587085159217885,0.7179536967395801,0.37455979493012886,0,NS
Interaction,GPT,23.017150104431217,0.0954949008753303,0.9486203370812758,0.954422619490936,0,NS
Interaction,COX7A1,26.169176287414626,0.3422258733684558,0.7179536967395801,0.44776465913810953,0,NS
Interaction,COX7B,20.259752461685352,0.5432999479961289,0.6440645776750207,0.1817201511834931,0,NS
Interaction,EEF1B2,22.95303018007492,-0.1502749522071234,0.8017388649000746,0.8155888472959687,0,NS
Interaction,ATP5PB,25.625219901045615,-0.20873857407587693,0.7117895297518364,0.5808051130378461,0,NS
Interaction,ACP1,22.549921257006694,0.39322878849712595,0.5102171333964075,0.10224857266241164,0,NS
Interaction,ACAT1,26.222053129919537,-0.04037027589295405,0.9785413164143968,0.9876318836179744,0,NS
Interaction,MYL9,18.39955947327527,0.6486120400308408,0.8476369238316583,0.4843675359898855,0,NS
Interaction,AZGP1,20.351895609479257,-0.1303730556983815,0.9161298065083752,0.9028815108603832,0,NS
Interaction,MPST,22.10042928023048,-0.29632626656942307,0.6266208129361281,0.3609642887376487,0,NS
Interaction,RPS12,22.117562265943064,0.34207280441874843,0.6266208129361281,0.3017922231770827,0,NS
Interaction,DNAJB2,17.700238846094944,-0.01296999126683573,0.9903410703013332,0.9992312250411242,0,NS
Interaction,ATP5F1A,28.059633821042382,-0.12041137162517046,0.8391929452378125,0.8662146056000265,0,NS
Interaction,PSMA1,23.130195642505235,-0.0595785955213266,0.9161298065083752,0.9539494942638728,0,NS
Interaction,PSMA2,22.042510858625224,-0.06366577116948591,0.9507296866978122,0.9702465570898802,0,NS
Interaction,PSMA3,23.562179887268304,-0.1173268311102511,0.7746935995485886,0.8286228849709171,0,NS
Interaction,PSMA4,22.98213506285924,0.01286407186069738,0.9900178499897422,0.998716021741444,0,NS
Interaction,MSN,24.133186170775744,-0.22533964149766916,0.7140355327881074,0.5625281303257956,0,NS
Interaction,DDX6,17.46387751073433,-0.02599762823468054,0.9854311722187112,0.9960057876505752,0,NS
Interaction,U2AF2,17.559414081180435,0.30162586425053206,0.7179536967395801,0.4732192560478759,0,NS
Interaction,RPL13,20.676174008946305,-0.06377576932585072,0.9854311722187112,0.9857027376768288,0,NS
Interaction,IVD,20.223718454269797,0.03357736693192592,0.9854311722187112,0.9940435500034456,0,NS
Interaction,S100A4,23.615187357594692,-0.5797698459435132,0.7074852069419307,0.2131424184996656,0,NS
Interaction,HMGB2,20.74418917379267,-0.13210391067640614,0.9040775778456406,0.8943468880512319,0,NS
Interaction,TARS1,16.62552179025922,-0.28997854767597175,0.7179536967395801,0.5030190876067792,0,NS
Interaction,VARS1,21.902152745384257,-0.3722218662354422,0.60007559363049,0.1791165566487403,0,NS
Interaction,EEF1G,24.11202720116643,-0.07054899143691884,0.9085134618366406,0.9426705111161708,0,NS
Interaction,PLN,24.973349495158736,-0.3383077503439509,0.7746935995485886,0.575716294970667,0,NS
Interaction,FKBP2,19.58890361537589,0.22680840594939863,0.8685999596414687,0.7999328098388362,0,NS
Interaction,STOM,19.422787429766757,0.12963269551663714,0.9332672678842272,0.9256513643137808,0,NS
Interaction,MAOB,22.99654617617115,0.22386247363369097,0.7383632548114595,0.6412200502059016,0,NS
Interaction,YWHAQ,21.714955039601723,-0.0507563592903324,0.9475087483598365,0.9740138554311892,0,NS
Interaction,MAPK3,17.41441888956587,0.01231616984069106,0.9903410703013332,0.9993198343224944,0,NS
Interaction,RPL10,21.335541313472863,0.23354802275595077,0.820743911074323,0.7404100428476474,0,NS
Interaction,RPA1,17.43069750747518,0.02538024852233178,0.9854311722187112,0.996622549779516,0,NS
Interaction,APEX1,20.435385071709604,0.11218327232278114,0.8725152102698197,0.8980520806080962,0,NS
Interaction,CALR,21.72740815609783,-0.1478990857247524,0.6589135233583423,0.6485097436090022,0,NS
Interaction,MAP4,23.065001866301483,-0.18602410318073836,0.7985540817521978,0.7755205144599117,0,NS
Interaction,CANX,22.602842163852717,-0.15913137125526688,0.7179536967395801,0.7164126827291271,0,NS
Interaction,PSMA5,23.918798208357774,-0.0683017608343377,0.9085134618366406,0.9444760700156408,0,NS
Interaction,PSMB4,22.30040379252599,-0.02647959186992565,0.9854311722187112,0.9945183596956666,0,NS
Interaction,PSMB6,22.84041976853387,-0.14198478134366255,0.793499218776921,0.8158381503880787,0,NS
Interaction,PSMB5,22.736932568547523,-0.23635634188589097,0.7179536967395801,0.574891047443286,0,NS
Interaction,GSTM2,25.761250309629258,0.00278552370665963,0.9955385620149444,0.9999632416397248,0,NS
Interaction,TMOD1,21.150702298390826,0.01426210659630555,0.9955385620149444,0.9995526078484676,0,NS
Interaction,NDUFS1,24.85867572397787,0.35143279025814067,0.6266208129361281,0.29986047302752983,0,NS
Interaction,MAPK1,20.103150311581977,0.15641581371872348,0.7383632548114595,0.7343033114475006,0,NS
Interaction,RBL1,21.39327515915281,0.05381259000483851,0.9854311722187112,0.9871454410850315,0,NS
Interaction,LAP3,21.57400206550639,-0.1209702426974566,0.7782105332378368,0.8339477391485225,0,NS
Interaction,CD38,19.84770127309734,0.10845050465896831,0.9572712774202998,0.9522616560908278,0,NS
Interaction,TPP2,20.734209691112166,-0.06967218929266039,0.9332672678842272,0.9597308840862452,0,NS
Interaction,IMPA1,22.581856809874207,0.00732583235211237,0.9903410703013332,0.9995138602044322,0,NS
Interaction,EPHA2,24.663397030951923,-0.09741535766230668,0.9854311722187112,0.975722496208898,0,NS
Interaction,COL4A5,20.497645371854382,-0.11829079726585334,0.9854311722187112,0.9833824543975604,0,NS
Interaction,TKT,16.894553884135394,-0.03484054797522518,0.9854311722187112,0.995517863038106,0,NS
Interaction,EEF1D,23.556551630575424,-0.21957064022025108,0.6266208129361281,0.44106935370174816,0,NS
Interaction,MARCKS,19.635329611279214,-0.288799237051812,0.7179536967395801,0.5497385853377663,0,NS
Interaction,GNA11,18.014821199271296,0.09570534005996478,0.9783312218446496,0.9686898120564442,0,NS
Interaction,ALDH4A1,23.694425611704432,-0.11810874580223896,0.8685999596414687,0.8901708709105807,0,NS
Interaction,ERP29,19.484021102969784,0.07076277608353365,0.9486203370812758,0.965197102911685,0,NS
Interaction,PRDX6,27.464707033390074,-0.04179585277981701,0.9792459364801476,0.9875723301479992,0,NS
Interaction,BLVRB,25.709060842647112,0.04861809677929329,0.9785413164143968,0.9850264717860682,0,NS
Interaction,PRDX5,25.01277238276153,-0.10304282431026834,0.8685999596414687,0.9030648815084495,0,NS
Interaction,DDT,22.565435874432424,0.15237797295340627,0.9332672678842272,0.9065265250571136,0,NS
Interaction,PRDX3,26.182186687301776,-0.04189898638607303,0.9612634099247348,0.9820697103433438,0,NS
Interaction,ATP5F1D,25.578736025134567,-0.16322780125763714,0.839438685331748,0.8243994825009112,0,NS
Interaction,RPL12,20.875608066874825,0.2445016289724009,0.8902983284410025,0.8064635756821468,0,NS
Interaction,ECHS1,24.553619674524647,-0.07561519852442089,0.9332672678842272,0.9542317017274357,0,NS
Interaction,CMPK1,18.961183608887577,0.04138001733189611,0.9854311722187112,0.993659129444534,0,NS
Interaction,PEBP1,27.258274402805757,-0.1085213475345128,0.8476369238316583,0.8867184112374203,0,NS
Interaction,PDIA3,21.116197416217265,-0.0932279919556791,0.8685999596414687,0.9114051634929587,0,NS
Interaction,PPP2R1A,23.750680198696937,-0.13609534536126588,0.7074852069419307,0.6961976021653166,0,NS
Interaction,PPIF,22.200266155685348,0.02429023554675424,0.9870133730591628,0.9973073401933004,0,NS
Interaction,NMT1,18.948683530146347,0.1053345685525251,0.9575585735621118,0.9537746705046292,0,NS
Interaction,ADSS2,22.051092411354897,0.20879466254933732,0.8368000346631261,0.7762296035304309,0,NS
Interaction,LRPAP1,18.002414716439283,0.12170556993270765,0.9332672678842272,0.932684711590271,0,NS
Interaction,TSPO,20.310069896033337,-0.199193120823292,0.7854043151218633,0.7464727821338414,0,NS
Interaction,ADSL,23.156729618149814,0.01823628147841916,0.9854311722187112,0.9977893601467108,0,NS
Interaction,CLIP1,20.737658898624687,-0.22331712771278944,0.7179536967395801,0.6028582936636792,0,NS
Interaction,SRI,18.62802724658013,0.0797812456282756,0.961069163803106,0.965628749624314,0,NS
Interaction,SERPINB1,21.828731140813083,-0.05501168500774156,0.9810496186924323,0.9852888824145,0,NS
Interaction,ALDH1B1,22.28608899971653,-0.8040875466820694,0.6266208129361281,0.05580721294326746,0,NS
Interaction,SDHA,24.888321099918777,-0.11918924896658112,0.8375313547829174,0.8668111029130251,0,NS
Interaction,GDI1,21.41531667609533,0.02873919982741668,0.9792459364801476,0.9916498164263948,0,NS
Interaction,MAT2A,19.91670097472955,-0.03192999986140776,0.9785413164143968,0.9896704066332156,0,NS
Interaction,CASQ1,29.01527192528472,0.20480903706324227,0.8497554824001795,0.8020726225464576,0,NS
Interaction,DNAJA1,16.19349602659613,-0.3598243170364199,0.7383632548114595,0.4942900508718572,0,NS
Interaction,AKT2,17.430521070855207,0.3019054646166559,0.7678983487629457,0.5955009670096405,0,NS
Interaction,UQCRC1,26.69146938544805,0.14088578249174333,0.7782105332378368,0.8103043405128498,0,NS
Interaction,HIBADH,24.46802683360512,0.01626000160011642,0.9854311722187112,0.9975722323268914,0,NS
Interaction,ATIC,22.110314946878123,-0.0919156178945002,0.8725152102698197,0.915906524371996,0,NS
Interaction,HNRNPH3,16.532339840941,0.13234697025868414,0.9332672678842272,0.9233472941756016,0,NS
Interaction,HNRNPH1,19.837792729302937,0.40634425551531805,0.5102171333964075,0.09209353639037794,0,NS
Interaction,YWHAB,25.914451639820104,-0.03320182832926122,0.9783312218446496,0.9889573967031012,0,NS
Interaction,STIP1,23.448774672306563,-0.10714006829653044,0.7747378329305563,0.8462606804507721,0,NS
Interaction,S100A11,18.419026089046096,-0.3565387187382605,0.7179536967395801,0.4521159265079029,0,NS
Interaction,PRDX2,26.87576180416863,-0.05853107664528778,0.9332672678842272,0.9660301399344609,0,NS
Interaction,GBP2,17.745843716101355,-0.11373902995189766,0.9507856495595944,0.9477041507513484,0,NS
Interaction,ACSL1,24.95935477306639,-0.05024719109955455,0.9700291507912469,0.9805921224293216,0,NS
Interaction,KIF5B,22.884983807103776,-0.04271172023526404,0.9792459364801476,0.9872077875687968,0,NS
Interaction,MCM5,24.44559486889627,-0.03145906790321007,0.9903410703013332,0.9980126512622336,0,NS
Interaction,SHMT1,19.398405897693927,-0.04135347605127393,0.9854311722187112,0.9947559397354324,0,NS
Interaction,SHMT2,22.28359045235973,0.2231147636625863,0.8484650255835557,0.7842127434066654,0,NS
Interaction,HSPA4,20.840795544293343,-0.1603383614057492,0.7179536967395801,0.6950869055941021,0,NS
Interaction,MPI,22.571213953612,-0.05283506816948247,0.9560575965595204,0.9762747554600748,0,NS
Interaction,GPC1,17.857321499896695,-0.14265007558557485,0.9110610587868728,0.889967979201492,0,NS
Interaction,PFN2,23.876467160884168,-0.11629871721126506,0.8721684987217657,0.893484787166236,0,NS
Interaction,CTNNA1,15.423402923184192,0.0642178578892647,0.9854311722187112,0.9890968516394688,0,NS
Interaction,SERPINB6,21.914989361757723,0.13019927940508325,0.8476369238316583,0.8631479460818796,0,NS
Interaction,RDX,22.07144826471093,-0.06838088183639712,0.922485112264284,0.9518167422624404,0,NS
Interaction,RPA3,18.053361184584936,0.22582544164452045,0.8033638311943618,0.7374739502868988,0,NS
Interaction,RPL22,22.237178924771214,0.40385010341227456,0.6266208129361281,0.25167807272223003,0,NS
Interaction,SPR,20.984146460802428,-0.09820418597510285,0.9482755410858804,0.9510312331344204,0,NS
Interaction,THBS4,17.969085486607742,0.5497443913525366,0.7140355327881074,0.24319935890341624,0,NS
Interaction,FBN1,20.94589341748133,0.45164994305674,0.7746935995485886,0.4752131513712818,0,NS
Interaction,AGL,25.90262976113458,0.0042154914667698,0.9955385620149444,0.9998658164392868,0,NS
Interaction,MYH9,24.166584026122763,0.25074416186305015,0.7867016213220325,0.6950678699861891,0,NS
Interaction,COPB2,16.00616738199445,-0.01664361540547432,0.9903410703013332,0.9987214339696956,0,NS
Interaction,ACTN2,25.176147034185835,1.2816780384925617,0.7074830285975261,0.03115921316047702,1,Up
Interaction,ADD1,17.122850919425677,-0.41067479559708175,0.7782105332378368,0.5401404798135021,0,NS
Interaction,BSG,23.12502665521275,0.18159282116365816,0.7237611071448502,0.6896049711659475,0,NS
Interaction,FUS,19.67314278774553,0.14052263000227327,0.7678983487629457,0.7886814535134643,0,NS
Interaction,DEK,19.715561757952585,0.09998896534778368,0.9515196264303568,0.9540208195849528,0,NS
Interaction,MYH11,19.47498428327199,0.4721941112711221,0.7985540817521978,0.5241610536205988,0,NS
Interaction,GLRX,22.202676362263254,0.08205231800096868,0.9785413164143968,0.975144327934228,0,NS
Interaction,PPM1A,19.63783542191913,-0.0984145901375264,0.8431857064796524,0.8913151825920104,0,NS
Interaction,KRT2,23.402246896606545,0.42230697598792943,0.8368000346631261,0.599415120539012,0,NS
Interaction,HMGCL,21.411784177071382,-0.07508676454726881,0.9552373341053044,0.9660925200402743,0,NS
Interaction,PSMC2,22.56839308928701,-0.07420000715535835,0.8476369238316583,0.9202333989927252,0,NS
Interaction,ARL3,17.329767699402993,-0.1901021855887031,0.8476369238316583,0.8094664740139318,0,NS
Interaction,MAP2K2,18.21957833068923,-0.04509752391812682,0.9785413164143968,0.9853648331187922,0,NS
Interaction,ATP5F1C,26.2418637180896,-0.1283372133627445,0.8411898216927078,0.8596901477994006,0,NS
Interaction,ATP6V1E1,19.404688270576337,0.09822129662089552,0.9612634099247348,0.9584320620725342,0,NS
Interaction,RPL4,20.284902149846825,0.10481378822397502,0.9709285722916516,0.9614564479882352,0,NS
Interaction,LONP1,21.240626834607987,0.01898951513918234,0.9858065901306122,0.9978038742373811,0,NS
Interaction,PGM1,27.573058603214132,-0.02847390181705122,0.9854311722187112,0.9939133705017648,0,NS
Interaction,PPP1CC,15.68622815034573,0.4591760720741842,0.7782105332378368,0.5024049729672102,0,NS
Interaction,SERPINF1,19.362149610430333,0.17463610929862838,0.8864375931223182,0.8530581878217186,0,NS
Interaction,DLST,24.87823470574655,0.03148484771269722,0.9854311722187112,0.9922861561743866,0,NS
Interaction,GMPR,20.37830025036994,-0.07290437391951343,0.9726769196317108,0.9735760191135956,0,NS
Interaction,GPX4,21.711940427025077,-0.05481179703892991,0.9612634099247348,0.9766405885082584,0,NS
Interaction,SRP14,19.03330263546189,-0.08047534530187761,0.9486203370812758,0.9616321674796896,0,NS
Interaction,TAGLN2,19.956602242019677,0.169528813348375,0.7433673676225092,0.7260674599532818,0,NS
Interaction,TALDO1,22.124294290783286,-0.02123234972503951,0.9854311722187112,0.996140651895729,0,NS
Interaction,SNCA,18.8466494377168,0.05043395922483285,0.9903410703013332,0.9967991863223152,0,NS
Interaction,ETFB,24.16134781996964,-0.05598075721883688,0.9785413164143968,0.9830877916683268,0,NS
Interaction,ATP6V1A,20.33527233905299,0.05611205291691945,0.961069163803106,0.97583178376878,0,NS
Interaction,HSPA9,24.331560841357444,0.07496479310468374,0.910335198573387,0.9401087027124848,0,NS
Interaction,RPS19,21.489553448603115,0.17090614850004116,0.7747378329305563,0.7670181609356791,0,NS
Interaction,RPL3,18.09207508212997,-0.7204481520204098,0.6266208129361281,0.08899830205592463,0,NS
Interaction,COL15A1,17.04171174136691,0.5203351198138648,0.7179536967395801,0.28876110592536997,0,NS
Interaction,COL18A1,15.925854788439286,0.21435062692121495,0.9456602038852968,0.8922113947238084,0,NS
Interaction,DDOST,21.46278348736074,-0.01038140968721634,0.9903410703013332,0.9992450513312228,0,NS
Interaction,ANP32A,21.614825016187417,-0.07260599423143788,0.9332672678842272,0.9567613534736038,0,NS
Interaction,CAPG,15.451060375774103,0.11871317452998652,0.9847216473341394,0.9697379403577698,0,NS
Interaction,CAP2,23.648172477350872,0.3327508441586282,0.6266208129361281,0.3219353064281215,0,NS
Interaction,CCT6A,24.845375518097235,-0.2240907031719104,0.7074830285975261,0.5447814168472442,0,NS
Interaction,RPL13A,23.611792569262388,-0.12838645868916032,0.961069163803106,0.9450144938957284,0,NS
Interaction,ARL1,17.735214512709284,-0.2078083996537217,0.9666023531269136,0.9203288374506026,0,NS
Interaction,STAT3,17.924393822181322,0.18558706937036715,0.7766880552138719,0.7515490642806867,0,NS
Interaction,MDH1,28.364448101825023,-0.00995385100237555,0.9903410703013332,0.9992111236248288,0,NS
Interaction,MDH2,27.709324885398384,-0.03657934819614539,0.9810496186924323,0.9902191116936594,0,NS
Interaction,HADHA,26.087060932010377,-0.07906193813286322,0.922485112264284,0.946044360703733,0,NS
Interaction,EIF2S3,19.52069047598488,-0.36537443702599504,0.6266208129361281,0.2678470742278093,0,NS
Interaction,NAA10,16.71707475112607,-0.0916081269388691,0.9552373341053044,0.9589582657231224,0,NS
Interaction,PPP1R2,21.110431471042325,-0.05409847723843697,0.9757270731075512,0.9811330420285886,0,NS
Interaction,GARS1,19.55395998173687,-0.2739606986856735,0.7179536967395801,0.5273537698609053,0,NS
Interaction,IARS1,17.215902435335074,0.13285812707860956,0.9188057266203828,0.9055471715245916,0,NS
Interaction,EIF1,20.796668261935245,-0.2581305809699579,0.7391234681903855,0.6047222576511928,0,NS
Interaction,ECI1,24.554512410272174,0.15903868481857586,0.7438857077441434,0.7421194519361941,0,NS
Interaction,TMPO,15.597577853844362,0.20645730890833747,0.9332672678842272,0.8852115958669914,0,NS
Interaction,AKR1C3,21.332970974409864,-0.5823811937215417,0.6266208129361281,0.12950019570251836,0,NS
Interaction,RPS27,21.40364251265125,-0.1698152210732502,0.7746935995485886,0.7549923458924258,0,NS
Interaction,LRPPRC,22.697582743741368,0.01303730648292855,0.9903410703013332,0.9988503516529872,0,NS
Interaction,ACAA2,24.41683109699437,-0.14839614067578566,0.8278730193858214,0.8297201724525297,0,NS
Interaction,RPL35,20.799479609517512,0.3122561045441614,0.7746935995485886,0.5995622852432844,0,NS
Interaction,SLC1A4,18.331861191234236,0.14760685986564326,0.9332672678842272,0.9169903705785822,0,NS
Interaction,PAFAH1B1,21.352097535256544,-0.22365926841222716,0.7746935995485886,0.6914940980044292,0,NS
Interaction,CRAT,25.446689067905503,0.09610198968961114,0.9110610587868728,0.9258104725860712,0,NS
Interaction,GPD2,22.128629384679165,-0.02096914693463958,0.987468304529188,0.997761178114451,0,NS
Interaction,NAMPT,21.11593659241853,0.1329554394232524,0.9475087483598365,0.9331568395906856,0,NS
Interaction,PSMC4,21.036145430062767,-0.03987039926644442,0.9711717047023336,0.9853147448672284,0,NS
Interaction,TSFM,17.70158328199881,0.10188208825730172,0.9486203370812758,0.9511623866674536,0,NS
Interaction,TNNT3,27.236891030370433,0.5640999822966499,0.7678983487629457,0.3804326787745409,0,NS
Interaction,ASPA,18.809545213860343,0.07525565039415838,0.9783312218446496,0.9742837751316524,0,NS
Interaction,PPIC,16.59003147732512,0.00358114659986696,0.9955385620149444,0.9999590030412164,0,NS
Interaction,VDAC2,25.65822567537295,0.2470976622941734,0.6551220900984647,0.4830959717787135,0,NS
Interaction,ACADSB,22.19603649975125,-0.13162708459706352,0.9332672678842272,0.9196530270994852,0,NS
Interaction,USP5,21.249105170061924,-0.1848410453162188,0.7074852069419307,0.6146661949444161,0,NS
Interaction,MAP2K4,17.98833638760434,0.15489634510528916,0.7766880552138719,0.78791950014996,0,NS
Interaction,PHKA2,22.09009364924592,0.32634313374027,0.6548087898887762,0.37085527077784886,0,NS
Interaction,PHKA1,23.02670210281667,0.05292808372290381,0.9727786546110924,0.981079415893326,0,NS
Interaction,CRKL,20.832586311000703,0.06877191428530693,0.9332672678842272,0.9588948958225652,0,NS
Interaction,MTIF2,20.611254726961025,-0.09647012727115722,0.941287585856531,0.9476272758140364,0,NS
Interaction,BAG6,16.083529994071657,-0.19244491352202964,0.8651518586853321,0.8205577547700124,0,NS
Interaction,NSF,20.358167204786703,0.12320661414662835,0.9311991011970084,0.919552993662848,0,NS
Interaction,MAP2K3,21.069498730921207,-0.01206853771492788,0.9903410703013332,0.9989044775034366,0,NS
Interaction,RPL27A,21.30984007402839,-0.06034584700156742,0.9854311722187112,0.9870647149303344,0,NS
Interaction,RPL5,20.653330881164905,0.17389864424294288,0.9221576569491778,0.8802234182591658,0,NS
Interaction,RPL28,19.866879744653467,-0.01215660654488459,0.9910184817702132,0.9994365813494476,0,NS
Interaction,RPS9,22.02257483461438,0.1285468836828194,0.9187759547955574,0.9081802113864452,0,NS
Interaction,RPS5,21.477751363839864,0.26865750204679273,0.7117895297518364,0.4964061831164613,0,NS
Interaction,RPS10,21.763945756260544,0.2982162944753064,0.7570848531079225,0.5853672588366566,0,NS
Interaction,GNPDA1,22.10137067385717,0.04470587765105449,0.9785413164143968,0.9863118139866838,0,NS
Interaction,UTRN,20.53520640415488,0.1424805693460698,0.8902983284410025,0.8802938424645852,0,NS
Interaction,IQGAP1,17.374334397859116,0.07572110187497572,0.9711717047023336,0.9723488396402477,0,NS
Interaction,GYG1,25.9253157583014,-0.17712048228175448,0.7383632548114595,0.7070660777460138,0,NS
Interaction,STT3A,16.263338222026327,-0.09576622744949148,0.9289844356497676,0.9358697961436362,0,NS
Interaction,CAPZA2,21.82892183954228,0.12277030000042544,0.9332672678842272,0.9243178869168124,0,NS
Interaction,CAPZB,22.306609387361693,0.16799419639796298,0.922485112264284,0.884948624607016,0,NS
Interaction,EIF1AX,18.67194770176728,-0.09445926423783035,0.9311991011970084,0.9377273851465752,0,NS
Interaction,QARS1,20.263556979918302,-0.1299537095598744,0.7179536967395801,0.7596602769860445,0,NS
Interaction,RPL29,19.92167756889345,0.00308355905390911,0.9955385620149444,0.9999744487279412,0,NS
Interaction,UQCRFS1,25.64835332316382,0.18576054106163653,0.7179536967395801,0.6597868942732539,0,NS
Interaction,ATP5PO,26.316158856136617,-0.08226374308788564,0.929337615180568,0.9448635040215568,0,NS
Interaction,LIMS1,19.21905065003545,0.17769689345852768,0.7433673676225092,0.714654388038051,0,NS
Interaction,PREP,23.637479865531724,0.07414829482086915,0.9332672678842272,0.9561560884298438,0,NS
Interaction,ME1,21.56248968414546,-0.09647734005126908,0.9110610587868728,0.9249677877176308,0,NS
Interaction,PIP4K2A,17.529210033294305,0.00189504820896857,0.9955385620149444,0.9999835944831148,0,NS
Interaction,ARCN1,16.67820361037848,-0.2758424987199781,0.7418809470704818,0.5863955227949756,0,NS
Interaction,LSS,19.602373009397585,-0.04867595558473425,0.9792459364801476,0.9860991228151288,0,NS
Interaction,GCLM,17.216934572916163,0.2497630750469035,0.8476369238316583,0.7542836947191502,0,NS
Interaction,CD151,17.020831134032612,-0.1065206655711286,0.964874301454232,0.957048309509387,0,NS
Interaction,PSMD8,22.200223117588436,-0.09639174249810978,0.9188057266203828,0.930584504240324,0,NS
Interaction,GSS,20.547045536413034,-0.06046287998447042,0.9620867820115524,0.974622088297348,0,NS
Interaction,CCT5,22.115073962773,-0.08317691237840918,0.8484650255835557,0.9130968777341424,0,NS
Interaction,NES,20.180566871901345,-1.0139101827637411,0.7433673676225092,0.14476642062927647,0,NS
Interaction,IDH2,27.9149346902673,-0.02863453694837403,0.9854311722187112,0.9935251657899292,0,NS
Interaction,TNNI2,26.673441379208523,0.5123281320550035,0.7747378329305563,0.4504032567839301,0,NS
Interaction,PXN,14.511635378418276,-0.2865626884898749,0.7678983487629457,0.6159649609528669,0,NS
Interaction,ALDH9A1,23.80974131268717,0.03154102735302899,0.9854311722187112,0.9937893616990124,0,NS
Interaction,RPL34,17.309629990574035,-0.44862425095539393,0.7782105332378368,0.5085000563109362,0,NS
Interaction,LMAN1,18.703857791000775,-0.12203319149402604,0.8902983284410025,0.8972225537118501,0,NS
Interaction,FNTA,17.250887724039487,0.07736021373145618,0.9332672678842272,0.9563816073909486,0,NS
Interaction,CCT3,22.339923106833833,-0.04610587683062661,0.9486203370812758,0.9779274628009345,0,NS
Interaction,MRPL19,18.06992422969458,-0.11129695424901698,0.9666023531269136,0.955997195045756,0,NS
Interaction,TUFM,24.23417158236431,0.01758975109427041,0.9854311722187112,0.997799623427706,0,NS
Interaction,ALDH7A1,17.957970286014483,-0.01671662786951699,0.9903410703013332,0.998946797324747,0,NS
Interaction,CDC34,24.051127191764845,-0.0853749960416117,0.9854311722187112,0.9815068526151268,0,NS
Interaction,PCYT1A,17.147112027336348,0.07882796637037259,0.9332672678842272,0.955281813512575,0,NS
Interaction,AARS1,19.470641019892643,-0.147519499233578,0.7678983487629457,0.7738432404019954,0,NS
Interaction,CARS1,17.998343053660403,-0.05564758241227707,0.9785413164143968,0.9824858903677852,0,NS
Interaction,SARS1,17.72544925706352,-0.14957394524461876,0.8685254447956907,0.8591979323038827,0,NS
Interaction,PSMB3,21.67821192381801,-0.11214475066064722,0.8685254447956907,0.8926831034271833,0,NS
Interaction,PSMB2,23.00207369711983,-0.0614014673136829,0.9329178245174946,0.9598733528531488,0,NS
Interaction,ACADVL,25.700546615385782,-0.01215398186471006,0.9903410703013332,0.9989461319529046,0,NS
Interaction,ACOT2,24.18710654987816,0.02000599571163874,0.9854330676640152,0.9975958810757758,0,NS
Interaction,TMED10,20.46732399856081,-0.1636141115705314,0.8476369238316583,0.8342816504684492,0,NS
Interaction,HINT1,25.445473976548648,-0.156942005780202,0.8508280648343147,0.8453199829523551,0,NS
Interaction,NDUFV1,24.490501630520743,0.32741089400962764,0.6639865221045121,0.3858720390767387,0,NS
Interaction,GSK3A,16.13581066058742,-0.13630341839057536,0.9161298065083752,0.9001962484696576,0,NS
Interaction,GSK3B,17.328354607956292,0.10507074408651462,0.8685254447956907,0.8988550211492334,0,NS
Interaction,IDH3A,24.34909533756084,0.02971139585875093,0.9854311722187112,0.9939722312357028,0,NS
Interaction,SULT1A1,16.933464764577625,0.00620408477401213,0.9955385620149444,0.9998904927644248,0,NS
Interaction,GDI2,23.613452323689337,-0.1205480364527709,0.7433673676225092,0.7962562695251704,0,NS
Interaction,EMD,17.947862514275194,0.4713715857228848,0.5102171333964075,0.0603380017620661,0,NS
Interaction,CPT1A,18.80337032901814,0.09521533812277028,0.9757270731075512,0.967163526572288,0,NS
Interaction,SERPINH1,20.20974222808249,-0.0935158683481383,0.9854311722187112,0.9876384042935,0,NS
Interaction,CSRP3,27.409303535752635,0.01556335818423804,0.9903410703013332,0.9992321909497104,0,NS
Interaction,ST13,24.255352933349233,-0.05600385114052386,0.9332672678842272,0.9641341453142778,0,NS
Interaction,DNM2,20.10710531689464,-0.1219423581684751,0.8685999596414687,0.8859603428330654,0,NS
Interaction,METAP2,18.84687881155309,-0.06101841763701543,0.922485112264284,0.9565125761737908,0,NS
Interaction,NUDT2,19.71577195870647,0.6213244319735587,0.7179536967395801,0.2775935985691244,0,NS
Interaction,LRBA,21.010540134198493,0.24072717373897845,0.9792459364801476,0.930923818296082,0,NS
Interaction,BCAM,16.17275480671507,0.1755476455755698,0.8476369238316583,0.8192734527855928,0,NS
Interaction,RPL14,20.592226702316783,-0.12806667341174105,0.963069340993847,0.9472606737393544,0,NS
Interaction,CCT8,22.631049647447373,-0.11443443089407523,0.7678983487629457,0.8189471592542804,0,NS
Interaction,CCT4,22.115847348779848,-0.04048491948816135,0.9709285722916516,0.9849118098763056,0,NS
Interaction,ATP1A2,23.407032896295515,-0.10468615939992532,0.8278730193858214,0.8769502614953754,0,NS
Interaction,ANXA11,23.504880676204348,0.08737335734655005,0.8476369238316583,0.9067302630081844,0,NS
Interaction,FXR1,20.25340535288864,0.08397014029185357,0.9783312218446496,0.9725145875064204,0,NS
Interaction,RAB5C,21.957007813699786,0.01635216419476393,0.9903410703013332,0.998720100009503,0,NS
Interaction,RAB7A,23.218213540943538,-0.02575433685109374,0.9800784348952708,0.9927170407656708,0,NS
Interaction,DUSP3,24.50550127253231,0.07556983632626313,0.9312367140425852,0.9504114159765475,0,NS
Interaction,IDH3G,22.319977271150535,-0.04485034979874314,0.9854311722187112,0.9900058895962884,0,NS
Interaction,GALK1,20.165728296048776,-0.242054725395878,0.7782105332378368,0.6909023270870944,0,NS
Interaction,SSR4,13.067908107293542,0.447538583426331,0.7782105332378368,0.5113415348204271,0,NS
Interaction,BCAP31,21.88466774749535,-0.11490665900580056,0.7746935995485886,0.8281834975347362,0,NS
Interaction,MECP2,16.23434295505996,-0.27469994614594384,0.7782105332378368,0.6592966195643359,0,NS
Interaction,CAV2,15.97757051426819,1.3094766051612776,0.6266208129361281,0.00726585093818952,1,Up
Interaction,ALDH3A2,20.45562684849065,-0.08222248136138788,0.9332672678842272,0.9535706958151168,0,NS
Interaction,ALDH5A1,22.875840874950335,0.07713620029025492,0.9486203370812758,0.9615933295776548,0,NS
Interaction,HSD17B4,17.992947284443403,-0.1648088095792808,0.9332672678842272,0.9079019213858424,0,NS
Interaction,PSMD7,20.212413567476123,0.18203023976527888,0.7468857735143336,0.7120706822555211,0,NS
Interaction,UBE2D1,21.91627733612065,-0.19670998205858936,0.7678983487629457,0.7087795355583328,0,NS
Interaction,SUOX,20.55754878357437,-0.09706946409651351,0.9332672678842272,0.9413943418698252,0,NS
Interaction,STAT5B,19.01528581301066,-0.11986651374070334,0.839438685331748,0.8679593506906798,0,NS
Interaction,RPS6KA3,20.66468235944643,0.15957408597626355,0.7984326872605083,0.8013773905204487,0,NS
Interaction,HDGF,21.16576114161789,-0.07501821654088658,0.9332672678842272,0.9558492139513786,0,NS
Interaction,LUM,23.376019117908545,0.23190021839499053,0.7841359352735049,0.7103293254546562,0,NS
Interaction,PRELP,19.499567896655456,0.23948421360255523,0.8685999596414687,0.7875160322702436,0,NS
Interaction,NDUFA8,24.25496340212995,0.3623675345139752,0.6551220900984647,0.34080183937670705,0,NS
Interaction,HNRNPA3,17.440489697024365,0.13601994448311316,0.9332672678842272,0.9239795220824428,0,NS
Interaction,MYOM1,24.79005706660706,0.21826361112684367,0.8546502587351009,0.7935156862265912,0,NS
Interaction,PGD,21.2597184219428,-0.07095461524398772,0.9486203370812758,0.964847624846157,0,NS
Interaction,HNRNPM,18.320135876846567,0.3223147736480776,0.7179536967395801,0.513017737191983,0,NS
Interaction,KPNA1,21.267823272516168,-0.11996846074730172,0.8727794725058305,0.8930714589530909,0,NS
Interaction,MAP2K6,21.72902690173835,0.0921237535188304,0.9332672678842272,0.942426700664878,0,NS
Interaction,ARHGDIA,23.612517396503,-0.11167018637281244,0.8194230075340084,0.8651058951181912,0,NS
Interaction,ARHGDIB,17.950021892941677,-0.35781388612152654,0.7140355327881074,0.4021379216115653,0,NS
Interaction,RIDA,22.954551536985363,0.02560935272170894,0.9854311722187112,0.9940173724171236,0,NS
Interaction,MRPL12,17.656792865774328,0.213170616401527,0.9332672678842272,0.8678817236996421,0,NS
Interaction,THOP1,17.555867972104412,-0.0909787347597124,0.8712891432699207,0.9150336054853084,0,NS
Interaction,AKR1C2,20.93162661710177,-0.0456093633691772,0.9854311722187112,0.9938615561946516,0,NS
Interaction,CAPZA1,22.050659934565715,0.26809824279441585,0.8033638311943618,0.6965438770374229,0,NS
Interaction,CRIP2,17.67067741144984,0.26788508923152676,0.8368000346631261,0.7234080323151814,0,NS
Interaction,BLVRA,20.417528442699,-0.1077691930702862,0.9090154153840468,0.914059574646476,0,NS
Interaction,PPP5C,20.55077558144186,-0.1665451714210917,0.7179536967395801,0.7002888777261306,0,NS
Interaction,NUBP1,15.867007692711756,0.09813276145393424,0.9666023531269136,0.9607516906655292,0,NS
Interaction,SUCLG1,24.966050873207127,-0.03544275943775332,0.9854311722187112,0.9913955289776538,0,NS
Interaction,COPA,17.804441100158265,-0.03786251220962455,0.9854311722187112,0.990999079136202,0,NS
Interaction,HCCS,18.682539105020144,-0.04767365355203168,0.9783312218446496,0.9836217551184412,0,NS
Interaction,MAPK12,21.2757274094226,0.13734745086410882,0.8925001534685901,0.887094065846867,0,NS
Interaction,TTC3,22.261520119996288,-0.02592528274673711,0.9903410703013332,0.9981464173379804,0,NS
Interaction,SMTN,19.421854920165615,0.02987906782693272,0.9854311722187112,0.9957690696794564,0,NS
Interaction,SLC16A1,23.36449648781203,-0.25936841392221055,0.8228931789129658,0.7169997400317661,0,NS
Interaction,IST1,19.39398128155005,0.17127894211316175,0.7179536967395801,0.6711479455002343,0,NS
Interaction,SEC24C,21.871949415224748,-0.095318534632991,0.9110610587868728,0.9263848854160244,0,NS
Interaction,SUB1,18.99655216080556,0.01100417996572744,0.9903410703013332,0.9990997108453384,0,NS
Interaction,RARS1,19.66996400670561,-0.07434151709723125,0.9344544966885976,0.958481964211929,0,NS
Interaction,CACNB3,22.402205124765818,0.14074320489792314,0.7980416035333834,0.8222360564729096,0,NS
Interaction,CACNA2D1,23.208782461898164,0.0419312515982142,0.9757270731075512,0.985346024756994,0,NS
Interaction,MYOM2,25.746152413398896,0.09689352763554736,0.9507296866978122,0.9548998584483164,0,NS
Interaction,YARS1,19.271929958413686,0.16647734034691553,0.8628619406713431,0.8419996152064902,0,NS
Interaction,USP14,22.40155237328206,-0.01601511363505992,0.9854311722187112,0.9970680087135614,0,NS
Interaction,PRKAG1,21.460361817080713,-0.15770331302391227,0.7678983487629457,0.764935223564432,0,NS
Interaction,PRKAA2,20.709558751546304,-0.1928091054107313,0.7179536967395801,0.617219065205877,0,NS
Interaction,HSPA2,24.30540919718904,-0.3416221101913024,0.793499218776921,0.6137506506783957,0,NS
Interaction,RAD23A,21.886363848708175,-0.15636762279119054,0.7179536967395801,0.7101917128605303,0,NS
Interaction,RAD23B,22.186944529958915,-0.10915401468034248,0.8115954303488957,0.8662188149134659,0,NS
Interaction,AK2,23.278060958645728,0.04113605881289928,0.980798083318304,0.988716299199939,0,NS
Interaction,NAPA,23.462007273925497,0.00741226098621794,0.9903410703013332,0.9994032855080416,0,NS
Interaction,EIF5,21.606741951537447,0.11637293085963309,0.8902983284410025,0.9016353475013849,0,NS
Interaction,PSMD4,22.5323350528656,-0.1552058309020481,0.7179536967395801,0.6929052179076389,0,NS
Interaction,DRG2,16.92664759576243,0.5212599754669753,0.7179536967395801,0.2783335025330704,0,NS
Interaction,RRAD,18.87951757671011,0.06997489474612095,0.9854311722187112,0.9897945001457548,0,NS
Interaction,CSE1L,22.13690958235565,-0.29943233699459526,0.60007559363049,0.20767232186116188,0,NS
Interaction,VCP,23.256227808942967,-0.07467587783350993,0.9040775778456406,0.9388022716002954,0,NS
Interaction,HADHB,26.00487809751758,-0.01104192721285457,0.9903410703013332,0.9990437304330416,0,NS
Interaction,NAP1L1,21.4195145422327,-0.01675903698323466,0.9900178499897422,0.998374467506524,0,NS
Interaction,ADK,19.869994835593744,0.2107069393297465,0.7980416035333834,0.7457617593089662,0,NS
Interaction,LAMB2,19.76200770336042,0.5720361850784386,0.7493594429402247,0.35075171220429685,0,NS
Interaction,CDH13,21.86251900345367,-0.14968628584771082,0.8484650255835557,0.8485181539823914,0,NS
Interaction,TPD52,17.652044111965203,0.36001697283932543,0.7980416035333834,0.6063605692371766,0,NS
Interaction,SEC13,17.82963807600975,0.2062571428322677,0.7746935995485886,0.7176844715193788,0,NS
Interaction,SNU13,17.592547577104543,0.32342662833195135,0.6589135233583423,0.3881983043854727,0,NS
Interaction,NPEPPS,24.81956203280673,-0.03393849059165887,0.9792459364801476,0.9903097399389226,0,NS
Interaction,HNRNPH2,19.071472428574992,0.226322652924722,0.9036649098305698,0.825303907450701,0,NS
Interaction,OXCT1,18.0822532794561,-0.08600494963645389,0.9854311722187112,0.9835016799378844,0,NS
Interaction,SH3BGR,24.11852998057972,-0.01022661393367485,0.9903410703013332,0.9994753582896692,0,NS
Interaction,EIF3B,18.85911302890289,0.04603541361151286,0.9785413164143968,0.9855146015049088,0,NS
Interaction,ATP5MF,25.543729957476337,-0.10243077861944982,0.9332672678842272,0.939057375874818,0,NS
Interaction,NDUFV3,21.868931739241734,0.48344942815836944,0.6674436307858687,0.24923078156439277,0,NS
Interaction,MARS1,17.57400140831276,-0.13939805923825688,0.943782221954144,0.9270735633461422,0,NS
Interaction,ARPP19,20.170102241533776,-0.04428865239249191,0.9854311722187112,0.9919848140554058,0,NS
Interaction,ATP5F1E,24.18358108015363,-0.0724615662564716,0.960641044991141,0.968342259189196,0,NS
Interaction,ATP5ME,25.191371074884724,-0.09160463921019968,0.9332672678842272,0.9415622284933008,0,NS
Interaction,EIF6,20.68732085959635,0.0914117383867108,0.91549965036920955,0.9297952115414984,0,NS
Interaction,NDUFA6,23.70309788742587,0.6369406892131977,0.5102171333964075,0.02633087318822494,1,Up
Interaction,SYNJ2BP,20.750905088374985,0.1917630500862053,0.7647585216433243,0.7127797470932155,0,NS
Interaction,EEFSEC,16.116210382856547,0.3266243318805113,0.7841359352735049,0.6166010713893512,0,NS
Interaction,MTPN,21.085110732008225,-0.00926833220713518,0.9903410703013332,0.9993637193347,0,NS
Interaction,DEFA3,22.060988835419177,0.01972186430711531,0.9903410703013332,0.99897448223859,0,NS
Interaction,ARPC4,19.013464587908256,-0.1525149109643138,0.8484650255835557,0.846443862611966,0,NS
Interaction,CD81,17.475144168307953,0.6630281589985465,0.6440645776750207,0.11846707193194406,0,NS
Interaction,TPI1,29.33762049813301,0.02798518111539394,0.9854311722187112,0.9933656235907644,0,NS
Interaction,EIF3E,19.31147892548242,0.17989238863545864,0.848790621685638,0.8224353428828642,0,NS
Interaction,SEC61B,16.189996273649886,-0.5982582399316279,0.8460909063317416,0.5045652937950886,0,NS
Interaction,GABARAPL2,18.784685891204553,0.2943107832467007,0.7746935995485886,0.6273792738142058,0,NS
Interaction,ROMO1,18.91466026980734,-0.22874749809280817,0.8685999596414687,0.7956601839008091,0,NS
Interaction,MYL6,28.818992859197454,0.4285031019301613,0.7746935995485886,0.5049215644884036,0,NS
Interaction,ACTB,30.930909317254052,0.592748352514203,0.7179536967395801,0.25403146987949765,0,NS
Interaction,EIF4A1,22.853054608017043,0.14454058482722942,0.7746935995485886,0.7962378025767053,0,NS
Interaction,RPS20,22.5528907748702,0.18558923155207552,0.7782105332378368,0.7567959848126924,0,NS
Interaction,PRPS1,22.074054716485687,-0.03775594232953949,0.9854311722187112,0.9930846297863084,0,NS
Interaction,PSMA6,23.761057189832375,-0.09074736664044993,0.8727794725058305,0.9176712905431554,0,NS
Interaction,S100A10,22.007594109617557,-0.04558072137406199,0.9822186558113952,0.9880464151885482,0,NS
Interaction,CDC42,22.254790624829596,-0.02435998231432989,0.9854311722187112,0.9962872150691292,0,NS
Interaction,DSTN,21.664449211877074,0.06513947060877356,0.9854311722187112,0.9848067478120508,0,NS
Interaction,RAB2A,21.206100535456056,-0.15046900503659089,0.8115954303488957,0.820446422685255,0,NS
Interaction,RAB5B,20.238876843515506,-0.04509569873405894,0.9785413164143968,0.9860043020517888,0,NS
Interaction,RAB10,22.24713798135848,-0.07177999438435378,0.9413686978090752,0.9609319001211568,0,NS
Interaction,UBE2D3,23.420442374245106,0.01448804066246367,0.9903410703013332,0.9988496720522462,0,NS
Interaction,UBE2M,21.653483969411464,-0.00691164947390632,0.9903410703013332,0.9996068075618546,0,NS
Interaction,UBE2K,18.94398602468677,-0.08243070778328132,0.922485112264284,0.9430647925845574,0,NS
Interaction,UBE2N,23.924430961809815,0.06675369435551559,0.943782221954144,0.9642182090757496,0,NS
Interaction,RAB14,19.670343696135077,0.02749209093222404,0.9854311722187112,0.9958297742139406,0,NS
Interaction,ACTR3,19.21435530680199,0.00367341813429433,0.9955385620149444,0.9999101516012568,0,NS
Interaction,ACTR2,19.099832438408665,-0.10118538381169628,0.8727794725058305,0.909043804267158,0,NS
Interaction,ACTR1A,22.13357122695591,-0.05105848414061498,0.956543655818654,0.9771244048922412,0,NS
Interaction,COPS2,22.53840369423174,-0.08050294516152334,0.8902983284410025,0.9304824729190312,0,NS
Interaction,ABCE1,19.155960530183755,-0.25896921860570643,0.7383632548114595,0.5986430560297467,0,NS
Interaction,RAP1B,23.10838580093659,-0.19426271908326953,0.7383632548114595,0.6806996086677208,0,NS
Interaction,RPS3A,22.490729582080647,0.2535308329001218,0.7179536967395801,0.5362341254078372,0,NS
Interaction,RPL26,20.858245513849237,-0.07763807876527196,0.9810333535380386,0.9789147812703948,0,NS
Interaction,RPL15,21.861836869610514,-0.18444438024376808,0.8902983284410025,0.848436900305097,0,NS
Interaction,RPL27,18.791632063112356,0.11979890073242672,0.9792459364801476,0.9647945394748596,0,NS
Interaction,PCBD1,22.86630741524137,0.00744496420328033,0.9903410703013332,0.9996089399257604,0,NS
Interaction,RPL37A,18.3931491889485,0.3070811232265491,0.7747378329305563,0.6189405154358582,0,NS
Interaction,RHOA,23.26628154009846,-0.04923974290777266,0.9631763219738718,0.9795524694483646,0,NS
Interaction,HSPE1,24.63358362275877,0.07399913849014794,0.9332672678842272,0.9584204553274286,0,NS
Interaction,SEC61A1,16.93146525345134,-0.3247219193003552,0.7678983487629457,0.5760081320086924,0,NS
Interaction,VBP1,23.247368576990237,-0.14210557668441481,0.7798403858352091,0.8093313516535248,0,NS
Interaction,B2M,21.21336677101625,0.01776964296749028,0.9900178499897422,0.9982911992922958,0,NS
Interaction,DAD1,16.142955681837044,-0.3989349217478235,0.8902983284410025,0.7043492600024701,0,NS
Interaction,NPC2,14.564454117280135,0.09706144611145362,0.9854311722187112,0.9817672836903228,0,NS
Interaction,PKIA,21.13581271490183,-0.13366625448365,0.8611732709771481,0.8703082808751701,0,NS
Interaction,SUMO2,18.63506098692814,0.041670087436394,0.9854311722187112,0.9922861915067456,0,NS
Interaction,UFM1,18.796802471830052,-0.2851245686176469,0.7264791210030851,0.5607129354163847,0,NS
Interaction,NUTF2,24.365598385893136,-0.09743796230860724,0.8779032057936212,0.913626331761743,0,NS
Interaction,HNRNPK,21.884819245696413,0.06634958937221569,0.9332672678842272,0.9584624653593292,0,NS
Interaction,YWHAG,25.549138073593493,-0.15979961107122875,0.7179536967395801,0.6682954402612279,0,NS
Interaction,RRAS2,19.70302283646596,0.05673901855472962,0.9711717047023336,0.9791451800302292,0,NS
Interaction,TIMM10,20.000480229298216,-0.11875122090062008,0.9161298065083752,0.913866038619238,0,NS
Interaction,RPS7,20.41870042410953,0.24021994520383316,0.8375313547829174,0.7487720999583499,0,NS
Interaction,PPP1CA,22.55411605586486,0.00956916931412976,0.9903410703013332,0.999398578193849,0,NS
Interaction,PPP1CB,22.734205812596652,0.12734746062788105,0.9332672678842272,0.921167228645777,0,NS
Interaction,PSMC1,21.385140135130353,-0.1099400567295703,0.8357354874256041,0.8744538693010961,0,NS
Interaction,PSMC5,20.781558858993083,0.00491901139738359,0.9927594232018248,0.9997975930532744,0,NS
Interaction,RPS8,20.88743024047941,-0.00531243021653082,0.9955385620149444,0.9998390802066086,0,NS
Interaction,RPS15A,22.242428442986043,0.03671950203426277,0.9854311722187112,0.9910506998478013,0,NS
Interaction,RPS16,23.33881816450609,0.16397702839116235,0.8460909063317416,0.828976962563889,0,NS
Interaction,UBE2G1,14.960463134605748,0.11200507317875008,0.9700291507912469,0.956886430552048,0,NS
Interaction,YWHAE,26.93175586457307,-0.11996531810774158,0.7746935995485886,0.8217436180996103,0,NS
Interaction,RPS14,21.171494653289148,0.04658032604972462,0.9737350658665308,0.9834327162537978,0,NS
Interaction,RPS23,18.75243791525304,0.20018466525019815,0.8481802020922393,0.8014686217476678,0,NS
Interaction,RPS18,22.064396375912416,0.23596212341961476,0.7179536967395801,0.5958839938340903,0,NS
Interaction,RPS13,22.379681414346248,0.19372249204777248,0.8573813825921255,0.8153026333741347,0,NS
Interaction,RPS11,22.826494299629292,-0.30224228999718505,0.6266208129361281,0.3654980913014765,0,NS
Interaction,SNRPD2,17.942161580290183,0.07545999062585906,0.9666023531269136,0.9700262267011048,0,NS
Interaction,SNRPD3,20.18223516182099,0.19898577438743104,0.7433673676225092,0.6813390228558179,0,NS
Interaction,TMSB4X,19.75242669477805,-0.01459782421129318,0.9945103406323804,0.999439517907405,0,NS
Interaction,PSMC6,22.416739439228248,-0.05340703110634592,0.9401018824694308,0.9705521468530998,0,NS
Interaction,RPL7A,19.947825352741756,0.00362441980215066,0.9955385620149444,0.9999557898808332,0,NS
Interaction,ETF1,18.172599870596287,-0.10349122235265897,0.9441354835336588,0.9457677374003616,0,NS
Interaction,CNBP,21.103080662566196,0.02387263182111709,0.9854311722187112,0.9969765630281572,0,NS
Interaction,RPS4X,21.664942124927283,0.1210808842170188,0.8724476917165257,0.8897868874309467,0,NS
Interaction,RPL23A,21.776816087958316,0.32558765679077695,0.7179536967395801,0.4481226902871383,0,NS
Interaction,RPS6,20.21996738950589,0.03244990127631553,0.9854311722187112,0.9936021410174092,0,NS
Interaction,H2BC4,25.92132581086573,0.629748920519706,0.7179536967395801,0.2577295113865085,0,NS
Interaction,RAB1A,18.29647077371652,0.00193208133081057,0.9955385620149444,0.9999734242209208,0,NS
Interaction,RAN,24.01399439612469,-0.141029166790954,0.7747378329305563,0.8019723031654862,0,NS
Interaction,RPL23,21.221924818713028,0.309282784616407,0.6482862074152697,0.3849799499053064,0,NS
Interaction,RAP1A,14.60404824436208,-0.34862706245663055,0.7985540817521978,0.6172972096561266,0,NS
Interaction,RPS15,21.82461524272783,0.4636869001529895,0.60007559363049,0.0949207737494545,0,NS
Interaction,RPS24,20.57200906616116,-0.11419159750171914,0.9486203370812758,0.9456405364089144,0,NS
Interaction,RPS25,22.87398174414379,0.19858566141845913,0.7746935995485886,0.7224100402478612,0,NS
Interaction,RPS26,20.41229037564543,0.06249403803957065,0.9792459364801476,0.9822529030148108,0,NS
Interaction,RPS28,21.183633376646227,-0.0228696785701068,0.9900178499897422,0.9977721098310588,0,NS
Interaction,GNB1,22.446358570692443,-0.17212255211753913,0.7383632548114595,0.7137965616353033,0,NS
Interaction,GNB2,19.83559152742723,0.02311634450504129,0.9854311722187112,0.9969525550223984,0,NS
Interaction,RPL30,20.0782019717304,0.0034067418749224,0.9955385620149444,0.9999638869241312,0,NS
Interaction,RPL31,20.623676604324523,0.3796658239996198,0.6548087898887762,0.3127961202805263,0,NS
Interaction,RPL10A,21.402319274361904,-0.01160074235185248,0.9951023213301412,0.9995728670594054,0,NS
Interaction,RPL32,18.19136967865602,0.602820434938355,0.7179536967395801,0.24675636858987304,0,NS
Interaction,RPL11,19.01756503242651,0.1768600870925887,0.922485112264284,0.8823663942154549,0,NS
Interaction,RPL8,21.216823070219803,0.15796983742243498,0.9476454715976984,0.9216777020355552,0,NS
Interaction,PPIA,25.50730762575235,-0.09702379811295714,0.9311991011970084,0.9358433855685068,0,NS
Interaction,FKBP1A,22.00976510742707,-0.07701804646775656,0.9631763219738718,0.9681547965400532,0,NS
Interaction,RPS27A,26.39876592151247,-0.3831692276600762,0.7627834666720501,0.5074574076315522,0,NS
Interaction,GRB2,20.409561047929444,0.3037970674895121,0.6440645776750207,0.37265045674932445,0,NS
Interaction,RAC1,22.360682557891053,-0.06498683000083716,0.9110610587868728,0.9492078385393474,0,NS
Interaction,AP2B1,19.424049483127636,1.1797754939024684e-4,0.9994972422994072,0.9999999342702944,0,NS
Interaction,VAMP2,17.625649225222766,-0.04127689440939264,0.9903410703013332,0.9967886349152374,0,NS
Interaction,PPP3R1,21.590907214826228,0.02659655670225191,0.9854311722187112,0.99652053862823875,0,NS
Interaction,YWHAZ,22.3893292400535,-0.1908405481604163,0.7140355327881074,0.6153230837636248,0,NS
Interaction,UBE2B,18.705770388081756,0.6545503910452055,0.6105977874007604,0.05416262714424629,0,NS
Interaction,PPP2R2A,21.67750879446975,-0.12152060901674844,0.7746935995485886,0.8227857650339697,0,NS
Interaction,DYNLL1,22.414723730081025,-0.20583562269526823,0.7418809470704818,0.6713416689870249,0,NS
Interaction,DYNLT1,21.636250700434378,-0.18013560767730752,0.7570848531079225,0.7235519790794244,0,NS
Interaction,RPL38,20.737002269080385,0.4357094307208129,0.60007559363049,0.13934022074893898,0,NS
Interaction,SKP1,22.270901556473643,0.01577466199395516,0.990247508030165,0.9985318176584836,0,NS
Interaction,RPS21,23.051038549906217,0.3523579467773672,0.6266208129361281,0.2926641778904878,0,NS
Interaction,EIF5A,25.073898890083154,-0.07540570677926084,0.9332672678842272,0.9512434339206318,0,NS
Interaction,RACK1,21.810278415337013,0.20203162792073923,0.7383632548114595,0.6720834570521033,0,NS
Interaction,UBE2I,20.397767195478167,0.2751674554157191,0.7709621693577762,0.6315791048237958,0,NS
Interaction,SELENOW,18.93277426177824,0.2750928258287004,0.8484650255835557,0.739757015361627,0,NS
Interaction,TNNC1,26.20563233343716,0.7306064841574873,0.7074852069419307,0.14322871019615718,0,NS
Interaction,PPP2CA,22.63205754050468,-0.03945182614214815,0.9524992528846364,0.981689239490066,0,NS
Interaction,YBX1,22.710262540458384,-0.2896188634811523,0.6733022070630463,0.44118915509019,0,NS
Interaction,CSNK2B,19.074710031668072,-0.0163047081940455,0.987468304529188,0.998278708632364,0,NS
Interaction,TPM4,18.16449874324656,-0.25690156380904483,0.7746935995485886,0.6616946629731377,0,NS
Interaction,UBE2L3,22.307525891534276,-0.10726013527402856,0.803022326065381,0.8649563864362937,0,NS
Interaction,EEF1A1,28.018169893888317,-0.22022010175220785,0.7678983487629457,0.6848203208039354,0,NS
Interaction,ACTA1,31.37179294391296,0.6993366680925703,0.7074830285975261,0.15100779328724703,0,NS
Interaction,TUBA1B,25.74353810452291,-0.12383447319383832,0.8476369238316583,0.8709392243309702,0,NS
Interaction,TUBA4A,25.21856240433236,0.07766175842334633,0.9472386095508852,0.960042744451502,0,NS
Interaction,TUBB4B,25.48671228295416,-0.14822007325632214,0.7747378329305563,0.7935995073948122,0,NS
Interaction,CSNK2A1,19.528285492157096,-0.10406587716491345,0.9413686978090752,0.943788325573682,0,NS
Interaction,PAFAH1B2,19.44278154846137,0.28878275220438354,0.8725152102698197,0.7587102207422683,0,NS
Interaction,EIF4G2,18.234907727399815,-0.1649015133061944,0.8115954303488957,0.8048922764406966,0,NS
Interaction,PIP4K2B,16.418225150766048,0.11488986095758236,0.8685254447956907,0.8908120795516926,0,NS
Interaction,CCT2,24.900476318328696,-0.14194432341796315,0.7746935995485886,0.7974883802264837,0,NS
Interaction,GSTO1,24.050803667981455,-0.21538730644783757,0.7438857077441434,0.6674145473014754,0,NS
Interaction,PRKDC,18.58901615380903,-0.20612680588249788,0.7179536967395801,0.639328465792693,0,NS
Interaction,DCD,22.85072151803175,0.3000518332390669,0.8484650255835557,0.7207667854701714,0,NS
Interaction,MRPS25,18.08316877166684,0.00549689771710859,0.9955385620149444,0.999841304640281,0,NS
Interaction,MRPS5,17.220476200648807,0.2088374207580692,0.8996899377563615,0.8364522153517251,0,NS
Interaction,MRPS36,22.221908422627685,-0.446561527602384,0.7104390963099098,0.3108187322010241,0,NS
Interaction,MRPS15,17.16950336070589,-0.5073148787602832,0.7293017316626729,0.35927732486146996,0,NS
Interaction,MRPS21,15.302575799333455,-0.03891994521445241,0.9858065901306122,0.9954354709420477,0,NS
Interaction,SARNP,15.869591194197096,0.21378423922499223,0.8902983284410025,0.8278408693597988,0,NS
Interaction,LACTB,21.593518407834573,0.06133286863211751,0.9631763219738718,0.974519093513339,0,NS
Interaction,RPL24,19.680217468726536,0.5643103415140232,0.5102171333964075,0.04206144859219076,1,Up
Interaction,ARF1,22.175752108221666,0.0300666839517234,0.9810496186924323,0.9920247700105832,0,NS
Interaction,ARF5,18.603086336154192,0.12533684410837154,0.8476369238316583,0.8684943909095875,0,NS
Interaction,ERH,16.574589568234064,0.0542323646255376,0.9854311722187112,0.9920590921908417,0,NS
Interaction,RHOG,14.352405259071192,0.15821010446468975,0.9785413164143968,0.9515266992466987,0,NS
Interaction,RPL19,21.72897448954059,0.25152984292854086,0.793499218776921,0.6982789064090131,0,NS
Interaction,SRSF3,20.002375835091847,0.27480795617832143,0.8725907212525964,0.7696304939294087,0,NS
Interaction,MXRA7,15.809344451684954,-0.18216050020815544,0.9486203370812758,0.912438993172534,0,NS
Interaction,H3-3A,24.56233552710145,0.613715173419628,0.7359143934087417,0.29240385275109104,0,NS
Interaction,FBLN2,17.570450671744293,0.7387885741892255,0.7383632548114595,0.23320976095109203,0,NS
Interaction,HSPG2,21.936646318891675,0.3892006075763064,0.7389694729815576,0.4674825688334392,0,NS
Interaction,RBM3,19.14224656044544,0.6503988550623063,0.6440645776750207,0.12915022947584706,0,NS
Interaction,CYCS,26.718634843624336,0.25430495983337664,0.8115954303488957,0.7157576799752177,0,NS
Interaction,MPP1,15.43416564487871,0.43876637142979646,0.7179536967395801,0.380135472658701,0,NS
Interaction,TFAM,21.127975502315408,-0.23548261185946015,0.777974572420159,0.6974517434216592,0,NS
Interaction,PITPNA,16.805507046218636,0.01128428358630628,0.9910184817702132,0.9994730590296216,0,NS
Interaction,SLC25A3,26.21331168954413,-0.18585798662038044,0.7493594429402247,0.7135108889746069,0,NS
Interaction,HDLBP,15.899402969667277,0.2155807176816804,0.8573813825921255,0.7966856613737433,0,NS
Interaction,PURA,18.34368698793223,-0.14556194805849287,0.8902983284410025,0.8779960905605315,0,NS
Interaction,CLTC,21.107059477044334,-0.1610888485989328,0.7782105332378368,0.7862926001814485,0,NS
Interaction,FKBP3,25.124933164590473,0.02764899292823841,0.9854311722187112,0.9931805740085652,0,NS
Interaction,REEP5,24.49691311674782,-0.3351330717936669,0.6266208129361281,0.265489203760418,0,NS
Interaction,SORD,17.712217707282914,0.05775026811393502,0.9854311722187112,0.988193958181419,0,NS
Interaction,HNRNPU,19.662629789078885,-0.26194911062107096,0.7179536967395801,0.5469915581072607,0,NS
Interaction,MYBPC1,27.979271684105505,0.6582662547721689,0.7179536967395801,0.236073685524218,0,NS
Interaction,PLIN5,17.483932420844976,-0.26192218566953684,0.9161298065083752,0.8205919243445199,0,NS
Interaction,SPTBN1,20.409766083417672,-0.04538315535874915,0.9792459364801476,0.986748420754514,0,NS
Interaction,TIAL1,20.421674988389867,-0.0899316369757166,0.9486203370812758,0.9565916047367258,0,NS
Interaction,SET,19.987264136055593,0.5163153861610574,0.6266208129361281,0.1259325035739946,0,NS
Interaction,AMPD3,24.43174839384827,0.267455945447189,0.8996899377563615,0.7954162117960399,0,NS
Interaction,FABP5,22.87911926835669,0.07089102628382449,0.9727786546110924,0.9746130546800073,0,NS
Interaction,ANK2,22.64549826278156,0.0790929752875904,0.9666023531269136,0.9684937738921522,0,NS
Interaction,CAP1,21.27541454145892,0.22744717185223703,0.7985540817521978,0.7322562704074587,0,NS
Interaction,EWSR1,17.125274749561964,-0.24615436033441895,0.7179536967395801,0.5770678905523217,0,NS
Interaction,TAGLN,21.755578840205818,0.6445218978155474,0.7179536967395801,0.2058518024464443,0,NS
Interaction,OGDH,25.110862159893188,-0.06936589038545904,0.9332672678842272,0.955561654089514,0,NS
Interaction,COX6A2,23.132633039662387,0.5582087155604327,0.7179536967395801,0.2529293080436252,0,NS
Interaction,ALDH6A1,19.82591405032067,-0.318577666882927,0.7493594429402247,0.55845444486548,0,NS
Interaction,BDH1,20.03636189225677,-0.01120636177158118,0.9952907995236356,0.9996032831931506,0,NS
Interaction,COL7A1,20.12223595623488,-0.3218621712893217,0.768053099356649,0.5812838400796763,0,NS
Interaction,RPL18A,19.185646652492515,0.23494106546106508,0.8688224169470268,0.7940153915484627,0,NS
Interaction,CACNB1,22.688696105653616,0.01710462775579913,0.9854311722187112,0.9979317663270972,0,NS
Interaction,MAP2K1,21.59743553216879,-0.04562090220044723,0.9638347754849004,0.981204261575644,0,NS
Interaction,FKBP4,20.399634406566047,-0.2059450159900429,0.7580812137628049,0.6919528634877826,0,NS
Interaction,RPL6,20.674275128840243,0.08792379447943333,0.9785413164143968,0.9735993791750112,0,NS
Interaction,AKAP12,16.152421302959084,0.04407123338007324,0.9854311722187112,0.9921081332831796,0,NS
Interaction,SLC25A11,24.417483915033273,0.03300774810817586,0.9854311722187112,0.9949387647900814,0,NS
Interaction,CAV1,22.214644699304625,0.2567252742061683,0.7117895297518364,0.5134560654480002,0,NS
Interaction,ACY1,20.8088990606355,-0.1305489417718917,0.8902983284410025,0.8916158124040132,0,NS
Interaction,LMNB2,19.950366127808973,0.5450960579284327,0.6551220900984647,0.19999768496308487,0,NS
Interaction,UBXN1,16.30683629334411,0.02172382130000016,0.9854311722187112,0.9969150358200064,0,NS
Interaction,GBE1,22.76892055487618,-0.16552844330694327,0.8497554824001795,0.8365667820504735,0,NS
Interaction,EIF4G1,20.83791706087449,-0.11344045456941744,0.7575250411738826,0.8160173926901189,0,NS
Interaction,PRKCQ,18.236047348502765,-0.3104868567078114,0.7179536967395801,0.527762242540905,0,NS
Interaction,GLO1,25.550954241786208,0.02670161143122129,0.9854311722187112,0.994906269443966,0,NS
Interaction,AKR1C1,22.81592992231697,-0.36352626984869474,0.7179536967395801,0.4173618540457255,0,NS
Interaction,SSBP1,21.911563342242268,-0.1384831792406338,0.839438685331748,0.8481970837668721,0,NS
Interaction,YWHAH,21.768815793141812,-0.1602633119079151,0.7179536967395801,0.6994083791156378,0,NS
Interaction,PLP2,15.825884992207053,0.3977568105184268,0.8721684987217657,0.6809116425250759,0,NS
Interaction,UBE3A,16.812891123816506,-0.08410617409552046,0.9486203370812758,0.9602012249487408,0,NS
Interaction,SRSF11,16.671915352368202,0.2910733456157608,0.793499218776921,0.6587080113326065,0,NS
Interaction,EEF1A2,27.126645329481025,-0.07789323494390743,0.9631763219738718,0.9679071222834432,0,NS
Interaction,CALD1,16.893537021812772,0.3132283257405888,0.8725152102698197,0.7410159558273454,0,NS
Interaction,COL14A1,24.23154931159279,-0.2446224584351988,0.9727786546110924,0.9152563274761816,0,NS
Interaction,PTPN11,17.87591936038139,0.0143219774967882,0.9903410703013332,0.9989093242410682,0,NS
Interaction,PSME1,21.587916049624283,-0.2579042725178553,0.6266208129361281,0.4204338210365877,0,NS
Interaction,CACNG1,17.014903434911457,-0.11497775846794768,0.9552373341053044,0.9484906777171592,0,NS
Interaction,ZNF33A,22.530902635376727,-0.06571839296838888,0.9900178499897422,0.9935440801141792,0,NS
Interaction,PRDX1,26.62456511106916,-0.10807543519019448,0.910335198573387,0.9146199002348172,0,NS
Interaction,RPL18,20.982464585549703,0.33728284008711285,0.7746935995485886,0.5846653667259469,0,NS
Interaction,C1QBP,23.557536854989507,0.19051840917361673,0.7746935995485886,0.7362789759242923,0,NS
Interaction,CKAP4,17.93826364379503,0.03037514787073192,0.9903410703013332,0.9976013230826016,0,NS
Interaction,DPT,18.0116929649722,0.06440348391143047,0.987468304529188,0.9932573855950272,0,NS
Interaction,KLC1,16.909473818515462,0.02657253517528346,0.987468304529188,0.997185829482443,0,NS
Interaction,SRSF1,18.142602796556623,0.2648887151498549,0.8476369238316583,0.745662838414153,0,NS
Interaction,ARHGAP1,17.034487615512504,0.08410597622164673,0.9620867820115524,0.9648947219028972,0,NS
Interaction,ACTN3,23.776276693415618,0.9883835375620152,0.7841359352735049,0.23291335706769373,0,NS
Interaction,PPP3CA,23.23101883003979,0.09762030930540888,0.9110610587868728,0.9238174509854612,0,NS
Interaction,DHX9,18.83431208695785,-0.10469125994622884,0.9311991011970084,0.9316696749033232,0,NS
Interaction,CRYZ,22.812056668561244,0.00666221668639011,0.9952907995236356,0.9997631214538244,0,NS
Interaction,SLC20A2,21.17019149634611,1.0039124771983978,0.7179536967395801,0.09674954274221484,0,NS
Interaction,PUDP,21.166916773711957,0.13466125714634103,0.9161298065083752,0.902384699715056,0,NS
Interaction,CD47,18.93469734306867,-0.23482491237711756,0.7678983487629457,0.6726873987584393,0,NS
Interaction,PPID,19.062043441814556,0.066880279809304,0.9854311722187112,0.9897368029551586,0,NS
Interaction,AHNAK,24.850957045663534,-0.12545946323634993,0.922485112264284,0.915761286357272,0,NS
Interaction,LMOD3,16.314430893510693,-0.27385809520340487,0.922485112264284,0.824833658796407,0,NS
Interaction,HSPA14,15.56565892817987,0.2764167610139179,0.7766880552138719,0.6542823783836534,0,NS
Interaction,SCRN3,18.352194040407184,0.05677215210890196,0.9854311722187112,0.9883146534577276,0,NS
Interaction,NEXN,20.735528065396256,0.340743290729538,0.8188427158952329,0.6420454555034493,0,NS
Interaction,AP1B1,15.779301756625664,-0.00201843205922713,0.9955385620149444,0.9999811005703078,0,NS
Interaction,BST2,18.700319727164914,0.24209780190489735,0.7179536967395801,0.6027702813734775,0,NS
Interaction,PMPCA,17.637747626411265,0.41054278325644233,0.7433673676225092,0.45410212903011427,0,NS
Interaction,ASPH,18.929588962269403,-0.05102942060201698,0.9854311722187112,0.9918578966801525,0,NS
Interaction,EFEMP1,17.573367961669966,0.6223009821358403,0.7171743851460893,0.206372418224903,0,NS
Interaction,STX4,14.954077837186734,0.09762144411363848,0.9785413164143968,0.9694701152210956,0,NS
Interaction,GRSF1,19.69316952113892,-0.0331544725452666,0.9854311722187112,0.995914833111772,0,NS
Interaction,AIMP1,20.578848057143222,-0.16069194799629472,0.7179536967395801,0.7167552431508857,0,NS
Interaction,ILF3,19.908239437825102,-0.1525960341136745,0.9441354835336588,0.9212483076000006,0,NS
Interaction,TRAP1,20.79948621440668,-0.0712660046448157,0.9638347754849004,0.9708779399831756,0,NS
Interaction,ANK3,16.789976209709934,-0.02900949067646863,0.9854311722187112,0.995347437103739,0,NS
Interaction,HSPB3,21.352689541527496,-0.1653254998469329,0.9050138206263192,0.8698751352183121,0,NS
Interaction,ECH1,25.221800403808135,-0.18502379404727165,0.7985540817521978,0.7769879712666187,0,NS
Interaction,STRN3,19.31236250905939,-0.07713416111233329,0.9332672678842272,0.9538030551328792,0,NS
Interaction,COASY,18.794407148879007,0.1259112534232969,0.9161298065083752,0.9060810637806784,0,NS
Interaction,TRDN,22.526022544935337,0.07321782903123619,0.9854311722187112,0.9818328519640332,0,NS
Interaction,ACACA,24.175598974275257,-0.28460969994680596,0.7179536967395801,0.5493231355867451,0,NS
Interaction,GPS1,21.618492064153436,-0.15914314377115346,0.7179536967395801,0.6969200808600097,0,NS
Interaction,MTAP,18.2430718246637,0.11021487650469552,0.949120370630046,0.948429230380692,0,NS
Interaction,PRKAA1,20.658098536129835,-0.10585879312937864,0.8278730193858214,0.8751418385302376,0,NS
Interaction,TARDBP,20.16512788181537,-0.1153733094941458,0.8476369238316583,0.877232290319663,0,NS
Interaction,PAK1,16.012816186503624,-0.5391062122127082,0.7782105332378368,0.442137425232626,0,NS
Interaction,AIMP2,20.202146368126783,-0.17818766064905134,0.6674436307858687,0.6013703097697433,0,NS
Interaction,PRDX4,19.92033091251625,0.08079013996771067,0.9700291507912469,0.9690354814387108,0,NS
Interaction,PAK2,19.773034160967864,-0.12316263345647371,0.8685999596414687,0.8848991849938387,0,NS
Interaction,CBX3,15.867059072998778,0.00941187357668127,0.9955385620149444,0.999705326459812,0,NS
Interaction,PSMD2,21.73907121242813,-0.02220293325258637,0.9854311722187112,0.995662593183824,0,NS
Interaction,MYBPH,20.638619955802312,0.6123087474141791,0.8628619406713431,0.5313743231740784,0,NS
Interaction,SELENBP1,24.641606201056327,-0.07904381917285264,0.9486203370812758,0.9620646595509574,0,NS
Interaction,TRIM28,17.541894642648245,0.01987088721638841,0.9862784930759224,0.9977521708215372,0,NS
Interaction,G3BP1,16.30056993751612,0.3969095420787241,0.7493594429402247,0.4801508447098434,0,NS
Interaction,PABPC4,20.272577051471956,0.19642145217063955,0.9110610587868728,0.8530498008461224,0,NS
Interaction,SGCG,22.606415003772135,-4.3886708842677535e-4,0.9991718333735564,0.9999986443487636,0,NS
Interaction,EIF3I,19.093174967263757,-0.01466227416724663,0.9903410703013332,0.9986644143590936,0,NS
Interaction,CTBP1,19.85818331654,0.15821053121545603,0.7766880552138719,0.7838759971578682,0,NS
Interaction,UBE2V1,22.349240015714877,-0.04860243009630594,0.9785413164143968,0.9849452299032738,0,NS
Interaction,DYNC1I2,20.035094542341117,-0.27534665107123857,0.6266208129361281,0.35945807559574733,0,NS
Interaction,ILK,20.254584273729808,-0.00192686095998695,0.9955385620149444,0.9999695181649636,0,NS
Interaction,NNT,25.755033245257373,-0.02828669795438543,0.9854311722187112,0.9950498551118346,0,NS
Interaction,SNTA1,21.236718590550428,0.1523817682998434,0.8667950773775333,0.8555937533670329,0,NS
Interaction,SNTB2,22.67976295446133,-0.0420196094230505,0.9783312218446496,0.9859130599127324,0,NS
Interaction,SF3B2,21.74422952905963,-0.01207565581140102,0.9903410703013332,0.9993066363330856,0,NS
Interaction,PDAP1,21.823550245440508,-0.11757501052460384,0.8869803542389462,0.8987542717229645,0,NS
Interaction,TMED1,16.36877552312901,0.0649531567667303,0.9785413164143968,0.9797430247576056,0,NS
Interaction,FKBP5,19.24458717530697,-0.01047693015123485,0.9903410703013332,0.9994188227798724,0,NS
Interaction,PICALM,15.555027197326362,-0.349750648552936,0.7746935995485886,0.5754673241845647,0,NS
Interaction,MTM1,20.367145943274423,0.18173977021735865,0.8375313547829174,0.8043025192826938,0,NS
Interaction,SQSTM1,16.29668316917811,0.18378103605475535,0.7985540817521978,0.7778586427329515,0,NS
Interaction,MTX1,17.708653251560037,0.08359665958760232,0.9332672678842272,0.9507201372906808,0,NS
Interaction,ART3,20.887907169266473,0.33826495045068583,0.7746935995485886,0.5764468145889553,0,NS
Interaction,ASAH1,19.82080081430841,-0.00423860666634468,0.9955385620149444,0.9999144132583264,0,NS
Interaction,PIN1,20.78846482655561,0.03587298447042642,0.9854311722187112,0.9929629938897284,0,NS
Interaction,CAMK2B,21.801104028833457,0.16436998206012277,0.8337956723519173,0.8160170234365943,0,NS
Interaction,CAMK2G,21.463651476920617,-0.04041439366686106,0.9792459364801476,0.988176077112337,0,NS
Interaction,CAMK2D,24.137937506182023,0.13596744192281918,0.9311991011970084,0.9120731595904876,0,NS
Interaction,DCTN2,21.497004966213904,-0.10939679129869972,0.7678983487629457,0.829194800180277,0,NS
Interaction,NAE1,17.543993806271917,-0.05340178556934205,0.9785413164143968,0.9835887238020624,0,NS
Interaction,STIM1,19.873499699670237,-0.06900780365615233,0.9475087483598365,0.964845005221208,0,NS
Interaction,CUL1,18.68302541895731,-0.14038579936060458,0.839438685331748,0.8468448926948962,0,NS
Interaction,CUL2,18.598853571168004,-0.05359046276521795,0.9785413164143968,0.9833653257017207,0,NS
Interaction,CUL3,20.18796375954617,-0.17099428350497803,0.7678983487629457,0.7486268284028323,0,NS
Interaction,CUL4A,18.914357517434222,-0.04350488489711779,0.9666023531269136,0.9825925499692864,0,NS
Interaction,FHL1,30.74757603517573,-0.06896260883014449,0.9469934740660162,0.9643192119662448,0,NS
Interaction,FHL3,24.574059267609982,-0.05455444811800802,0.9844992806936286,0.9859327767035538,0,NS
Interaction,ITGA7,17.977200851970498,-0.0731634488787094,0.9486203370812758,0.9637226472680436,0,NS
Interaction,AAMP,16.862561636839203,0.02911433089131776,0.9903410703013332,0.9976634612307644,0,NS
Interaction,CACNA1S,19.11384640871613,-0.06953089252672484,0.961069163803106,0.9701596892599452,0,NS
Interaction,MOGS,15.673497562651503,0.1835459051989048,0.9486203370812758,0.9127729424837734,0,NS
Interaction,SPTAN1,19.34494637389295,-0.1295427272246421,0.8902983284410025,0.8918622178245985,0,NS
Interaction,AUH,20.280104021748254,0.03115629827016164,0.9854311722187112,0.995725278388787,0,NS
Interaction,DDX39B,20.581981214773837,0.06538912971832289,0.9783312218446496,0.9780052219396868,0,NS
Interaction,BLMH,20.24600979344963,0.3050267445672077,0.7179536967395801,0.5275100652524052,0,NS
Interaction,SNTB1,19.202191432855823,0.13514432084294725,0.9036649098305698,0.89175460777738,0,NS
Interaction,TUBB2A,22.96084069411983,-0.16592945110035728,0.7678983487629457,0.7540822444850679,0,NS
Interaction,IDI1,20.165295389401887,-0.22503707666875528,0.793499218776921,0.724846266056355,0,NS
Interaction,PRKG1,18.94797003201477,-0.26320066294025324,0.7678983487629457,0.6394336305296976,0,NS
Interaction,COX17,20.798375242746214,0.0210745026252539,0.9903410703013332,0.9982505724423744,0,NS
Interaction,HNRNPD,22.453032743752555,0.07552345075550804,0.9332672678842272,0.9539550234542398,0,NS
Interaction,SCARB2,18.30052741172506,-0.4772203309633518,0.60007559363049,0.0886111073775699,0,NS
Interaction,NID2,18.151357690284375,0.5334667303228819,0.7746935995485886,0.4190596335541739,0,NS
Interaction,IL18,17.35068589309844,-0.4891905680520594,0.7867016213220325,0.4908502651588753,0,NS
Interaction,DAG1,22.349260339106795,0.0103633170125903,0.9903410703013332,0.9992505465671516,0,NS
Interaction,EIF3A,20.705521868714193,0.1857508118225617,0.7179536967395801,0.6379771210314789,0,NS
Interaction,UBAP2L,16.788955002398627,0.5682002564078239,0.7179536967395801,0.2901238073294752,0,NS
Interaction,MLEC,20.854686907631315,0.03039930791810974,0.9854311722187112,0.9935142088702332,0,NS
Interaction,DPYSL3,22.32856747105482,-0.09722525940643932,0.9588454671676352,0.9575140646297008,0,NS
Interaction,DCTN1,20.744131566496996,-0.2119432695817025,0.7074852069419307,0.5724650274089926,0,NS
Interaction,DYNC1H1,21.338085110288315,-0.2895649770972675,0.60007559363049,0.26474101741839573,0,NS
Interaction,EIF2B1,17.81205177498031,-0.2047484016773815,0.7746935995485886,0.7149828376509096,0,NS
Interaction,EIF4A2,24.09450561162291,0.1905139533085638,0.7746935995485886,0.7409217197469831,0,NS
Interaction,CTTN,15.160655753434018,0.03729430225389407,0.9903410703013332,0.9970605246558628,0,NS
Interaction,ENDOG,20.08248072490437,-0.1474158591058128,0.9332672678842272,0.9183905848936468,0,NS
Interaction,FLOT2,18.060746764574812,0.23077679973014753,0.7433673676225092,0.6470333911645354,0,NS
Interaction,TRIM25,18.15688481443553,0.09695453391413268,0.9666023531269136,0.9616845977188968,0,NS
Interaction,FLNC,27.5393399629679,-0.3064065297958436,0.7747378329305563,0.6216961794130167,0,NS
Interaction,MYBPC2,23.516904818315407,0.38173437309198377,0.8902983284410025,0.7096553293842703,0,NS
Interaction,GAMT,23.727033531810665,0.02230343449702232,0.9854311722187112,0.996949754303164,0,NS
Interaction,CAPRIN1,15.61120584681623,0.8484166745997399,0.6266208129361281,0.03061278822087249,1,Up
Interaction,PRPSAP1,15.252374464342154,-0.22045752985364153,0.9161298065083752,0.8424889584437469,0,NS
Interaction,CLINT1,16.279723286202703,0.07028921588228698,0.9792459364801476,0.9791369845878866,0,NS
Interaction,GANAB,19.91118460216083,-0.2670094978634694,0.60007559363049,0.2965559580114163,0,NS
Interaction,SSPN,21.603498300725228,-0.2144490380159212,0.7179536967395801,0.6209916960055153,0,NS
Interaction,MVP,17.68436312213858,0.23345706315565096,0.943782221954144,0.8804580781167991,0,NS
Interaction,LTBP3,18.943030623669575,-0.10888543611632784,0.9700291507912469,0.9580517050898704,0,NS
Interaction,LASP1,17.947980038244644,0.3853812631387043,0.7932426476102721,0.574618693867509,0,NS
Interaction,PTGR1,18.94195335351836,0.09931785389951386,0.9807827059117756,0.9724538413945192,0,NS
Interaction,KPNB1,22.777403398607795,-0.23842163232775349,0.6266208129361281,0.36161128975509704,0,NS
Interaction,NUMA1,20.88568948450216,0.10430563150541516,0.922485112264284,0.9279064983401958,0,NS
Interaction,PSME4,14.894937465004991,-0.33286789181554255,0.7746935995485886,0.58570215231982925,0,NS
Interaction,SLMAP,22.512617864571855,-0.24105667944233744,0.7264791210030851,0.613483833790883,0,NS
Interaction,EMC2,16.314364576220576,0.15149144496928635,0.9221576569491778,0.894940987116789,0,NS
Interaction,PSMD6,20.719718326541887,-0.20975631792144256,0.7746935995485886,0.7058456318029482,0,NS
Interaction,ABRAXAS2,16.920904491125235,-0.04641443509806819,0.9700291507912469,0.9821615530554209,0,NS
Interaction,SEPTIN2,18.20127549104069,-0.15922876338417424,0.7383632548114595,0.7319786113052225,0,NS
Interaction,KARS1,21.451479575599823,-0.12423788596829156,0.7493594429402247,0.795053398343337,0,NS
Interaction,EIF4H,21.53848731032754,0.07210295477165829,0.9332672678842272,0.9592947551656356,0,NS
Interaction,EEA1,17.545684028046903,-0.2578009491279438,0.7179536967395801,0.5769276406237338,0,NS
Interaction,PDIA6,24.20426630597903,0.1191562257269858,0.8484650255835557,0.8777924900057602,0,NS
Interaction,PAFAH1B3,18.923462864127004,-0.02267213560628889,0.9903410703013332,0.998278309165824,0,NS
Interaction,PLCL1,15.63029626439175,0.12574959996847743,0.9792459364801476,0.963199708504446,0,NS
Interaction,PDK1,18.506238346347875,0.00528015154541705,0.9955385620149444,0.99989578919419,0,NS
Interaction,PDK2,18.98752789466995,0.17181574868662963,0.9482755410858804,0.9157190668132268,0,NS
Interaction,PEA15,18.66892757313931,0.22810948248623575,0.9486203370812758,0.8927045501635532,0,NS
Interaction,PGM5,21.679911542734065,0.14938194614185818,0.9161298065083752,0.8894619167846476,0,NS
Interaction,PLEC,23.942932966320654,-0.3966610528405603,0.6551220900984647,0.31115806188130873,0,NS
Interaction,PPP2R5A,16.79113009318589,0.27648829716539325,0.7985540817521978,0.683680020068217,0,NS
Interaction,PPA1,20.32285754747253,-0.101677571139156,0.9110610587868728,0.9200957787354116,0,NS
Interaction,PTGES3,21.681465871101313,0.00956948312307659,0.9903410703013332,0.9994279563121112,0,NS
Interaction,STK38,16.628298779402382,0.1744073974881779,0.9332672678842272,0.8992090401927062,0,NS
Interaction,NECTIN1,21.18388094979016,-2.880657866959819,0.6266208129361281,2.9166654216578204e-5,-1,Down
Interaction,NONO,18.256395851518327,0.13749710737523912,0.8375313547829174,0.8481686883828975,0,NS
Interaction,PTPA,19.933253178710213,0.19034069574422577,0.8902983284410025,0.8438317137245044,0,NS
Interaction,RABEP1,16.815934132415865,-0.2924537639789939,0.7980416035333834,0.6642245003979816,0,NS
Interaction,RAB35,15.900483370108118,0.19696287590323536,0.8685999596414687,0.8225727274949384,0,NS
Interaction,TMED2,19.917753556852073,0.04066306827827404,0.9854311722187112,0.9907076593819908,0,NS
Interaction,PCBP1,23.848023032741292,0.10492297318317512,0.8278730193858214,0.8765745559861149,0,NS
Interaction,PCBP2,21.517877356687585,0.11125116015944414,0.8194230075340084,0.8657893410865202,0,NS
Interaction,ELOC,21.185623076609396,0.05978221401701589,0.9332672678842272,0.9658242236837928,0,NS
Interaction,ELOB,21.638847672387755,0.09942520629805784,0.8727794725058305,0.9106396668359668,0,NS
Interaction,UBE3C,16.697570323678203,-0.7166308563379822,0.6266208129361281,0.0842141920983248,0,NS
Interaction,DHCR24,16.582903679237653,0.797434070860696,0.6440645776750207,0.07524256864150015,0,NS
Interaction,RSU1,20.633182705093336,0.05145320323069669,0.9783312218446496,0.9823882518770178,0,NS
Interaction,PPP1R7,19.81439900007797,-0.1071846076244718,0.9094132262976866,0.9147402336290348,0,NS
Interaction,SEC23A,18.562397538131663,-0.12824116136009778,0.8368000346631261,0.8562134603801799,0,NS
Interaction,MAPRE2,21.284942024528863,-0.04305626066541279,0.9785413164143968,0.9860501078119012,0,NS
Interaction,TGFBI,15.338502896503265,0.336068514071604,0.8948448856598686,0.7472538682072253,0,NS
Interaction,TSN,21.490782584602893,-0.01192549617873339,0.9903410703013332,0.9992514947509296,0,NS
Interaction,SF1,14.759209550394925,0.3653954315012858,0.8337956723519173,0.6364192062836226,0,NS
Interaction,TRIP10,19.518705234042798,-0.17703877296643,0.7179536967395801,0.65124614573953,0,NS
Interaction,MAPRE1,18.339583372057476,0.00602358632228927,0.9955385620149444,0.9998373527106524,0,NS
Interaction,TSC22D1,15.006612495818857,-0.30625445801491225,0.961069163803106,0.8742419537952912,0,NS
Interaction,ELAVL1,16.794276040927723,0.1904379373135008,0.9161298065083752,0.8661423576864787,0,NS
Interaction,MYLK,22.97881777203737,0.02467849206566796,0.9903410703013332,0.9983705648666832,0,NS
Interaction,SPEG,18.75717275517603,-0.22866821488101152,0.7782105332378368,0.7068937356161336,0,NS
Interaction,TBCE,15.0244743030288,-0.21904712870885845,0.8431857064796524,0.7753036606782782,0,NS
Interaction,UBE2V2,23.552578332311153,0.02521877861111576,0.9854311722187112,0.9937786008471414,0,NS
Interaction,NEDD8,22.340212215809196,0.05823316547366986,0.9783312218446496,0.9805899464759318,0,NS
Interaction,ADIRF,19.304348874442816,NA,NA,NA,0,NS
Interaction,ADIPOQ,21.643585573695997,-0.2790477533718665,0.7074852069419307,0.4800043466479766,0,NS
Interaction,RAB11B,22.613522945206345,0.00420067407669222,0.9913130521867304,0.9998148168408748,0,NS
Interaction,ZYX,18.618382619014717,0.06263599703800793,0.9332672678842272,0.9646236625157192,0,NS
Interaction,HSPB2,24.880274144495893,-0.08451026905419567,0.955427547925342,0.9622100323165974,0,NS
Interaction,ETFDH,25.02623991415296,-0.10780442574032278,0.922485112264284,0.9251837108021204,0,NS
Interaction,SEPTIN7,17.87207401978585,-0.07449822461497035,0.9456602038852968,0.9611063400411208,0,NS
Interaction,ADRM1,18.055902151718342,-0.08951803185077978,0.943782221954144,0.9526396066921872,0,NS
Interaction,DDB1,24.141622770496507,-0.1375757792605512,0.7179536967395801,0.7090740331368603,0,NS
Interaction,CDC37,21.21069247288412,0.02418131302986026,0.9854311722187112,0.9945892699880906,0,NS
Interaction,DPYSL2,21.581135245031312,-0.03180217175590627,0.9848335883907492,0.9919205744707528,0,NS
Interaction,SYPL1,20.852224035895897,0.2969897596857365,0.7074852069419307,0.4543032276484093,0,NS
Interaction,RBBP7,17.564906371119392,0.3200411604260154,0.8431857064796524,0.6895574315321565,0,NS
Interaction,SGCB,21.015379385689624,-0.04111364149043695,0.9737350658665308,0.9853791741355926,0,NS
Interaction,SGCA,21.404642988485215,-0.00761921173890911,0.9903410703013332,0.999587857099934,0,NS
Interaction,FXN,20.337677712134997,1.0525390390370148e-4,0.9994972422994072,0.999999947069484,0,NS
Interaction,FSCN1,17.58516695486595,-0.05920051153480088,0.9854311722187112,0.987052544009163,0,NS
Interaction,DECR1,25.093382303915742,-0.00637595222989872,0.995441527700472,0.9997799083464974,0,NS
Interaction,NDUFA5,23.923902111126928,0.25395790678353336,0.7179536967395801,0.57900759034422,0,NS
Interaction,CLPP,17.786192031406777,-0.20262679679684936,0.9110610587868728,0.8496104973811109,0,NS
Interaction,TST,21.905139115102248,-0.14981761295691243,0.8685254447956907,0.8597127914657282,0,NS
Interaction,KYAT1,17.824080455431712,0.04436450024929783,0.9854311722187112,0.9920039284319304,0,NS
Interaction,GUK1,15.098216564822181,0.23258401877339807,0.922485112264284,0.8485760241143291,0,NS
Interaction,HAGH,24.61471129357744,0.04152979487641062,0.9783312218446496,0.9862710665054626,0,NS
Interaction,NDUFA9,24.346091545952365,0.3022993722837768,0.7179536967395801,0.4851058347593136,0,NS
Interaction,PHKG1,23.263267147478857,-0.00326472660282917,0.9955385620149444,0.9999175177832268,0,NS
Interaction,PPP1R3A,20.653726668605056,0.12457893714619316,0.8727794725058305,0.8893345444020067,0,NS
Interaction,HADH,25.388231896661186,0.03889382802847763,0.9785413164143968,0.9878979462618426,0,NS
Interaction,UGP2,26.15437356975057,-0.09685585586016288,0.8848023593439903,0.9151594843894024,0,NS
Interaction,TXNRD1,20.75461974810685,-0.06732641854397059,0.9332672678842272,0.9572461456148446,0,NS
Interaction,IMMT,24.531748901292616,0.07033614586271852,0.9332672678842272,0.954746357657216,0,NS
Interaction,IAH1,18.96791430642447,-0.04859690252092008,0.9783312218446496,0.9833903503695516,0,NS
Interaction,KLHL40,23.134034116859215,-0.05076932289858149,0.9854311722187112,0.9935370498774604,0,NS
Interaction,TKFC,16.684072086003987,-0.04564322278491417,0.9854311722187112,0.9937254200031432,0,NS
Interaction,TIMM50,19.466332243688672,-0.0991030162584039,0.9332672678842272,0.9369429897681092,0,NS
Interaction,NADK2,17.084205852778062,-0.28606314236689556,0.7513158016379929,0.5956041985184746,0,NS
Interaction,FAM98B,18.28960915313028,0.20042476674616697,0.7580812137628049,0.6989270224360757,0,NS
Interaction,HIKESHI,20.54773927718798,0.07312540003399093,0.9332672678842272,0.958359792549871,0,NS
Interaction,PDLIM3,27.380637715380423,-0.11889950674980554,0.9332672678842272,0.9271091040289844,0,NS
Interaction,HSD17B12,19.816226794550793,-0.01953957142676543,0.9903410703013332,0.9983240542498468,0,NS
Interaction,AGK,17.373201318019863,0.22241269410476505,0.8431857064796524,0.7719847872727911,0,NS
Interaction,LACTB2,17.669299355061504,-0.07492472769254732,0.9575585735621118,0.9668692195340663,0,NS
Interaction,DCAF6,18.740031939509844,-0.09132720712045028,0.910335198573387,0.9274103893192096,0,NS
Interaction,CAVIN4,22.69733837294265,-0.03540653165240926,0.9854311722187112,0.9930978890801222,0,NS
Interaction,FLG2,17.346810373732637,0.39985828237557186,0.9161298065083752,0.7350230840107901,0,NS
Interaction,RABL3,15.87465718409686,-0.14475150580243934,0.9094132262976866,0.8866149217472395,0,NS
Interaction,COQ5,21.42132712139989,-0.10118446418213978,0.943782221954144,0.946729514819448,0,NS
Interaction,NOMO2,20.770026709735152,0.36004807123053695,0.6266208129361281,0.2768747867117127,0,NS
Interaction,PITRM1,21.96669856301789,0.01926201952234052,0.9903410703013332,0.9987995062708028,0,NS
Interaction,WDR44,16.15461771417186,0.1603105575309698,0.9486203370812758,0.9236133250779386,0,NS
Interaction,COA6,20.12390266953169,0.20976737785172972,0.793499218776921,0.7415170565631444,0,NS
Interaction,TOR1AIP1,19.07457908441359,0.4072929096325737,0.7179536967395801,0.4282284258235154,0,NS
Interaction,GNAS,19.641740138173105,0.17166837206851682,0.7985540817521978,0.7891629925484566,0,NS
Interaction,TTC38,16.385262273697897,-0.13732811012693702,0.9810496186924323,0.9639287690358856,0,NS
Interaction,C6orf136,18.76408368023368,-0.4282124277626416,0.8685999596414687,0.6544871332391021,0,NS
Interaction,HP1BP3,22.89044863173238,0.06053925733130683,0.9854311722187112,0.9871485938835136,0,NS
Interaction,IBA57,21.140542826774197,0.08222414718345306,0.9792459364801476,0.976445561483404,0,NS
Interaction,UBR4,16.461071475467374,-0.15249503387904895,0.8579231899323329,0.8518937367491057,0,NS
Interaction,DCAF8,16.59338776180156,0.04881832789761731,0.9854311722187112,0.9877754779143328,0,NS
Interaction,DDI2,24.47168350862971,0.45401107357657366,0.7954539833722686,0.5260451587360285,0,NS
Interaction,MICOS10,18.7706696643377,0.4696748961692805,0.7179536967395801,0.33980706362765795,0,NS
Interaction,LYRM7,19.696788879622083,-0.00443384126647572,0.9955385620149444,0.9999161021194596,0,NS
Interaction,OBSCN,23.72278985083414,-0.3240939815332311,0.7433673676225092,0.5359398504701466,0,NS
Interaction,MYOM3,23.336259485372928,0.15880064005057193,0.9702265433758293,0.9413538475000076,0,NS
Interaction,PDE4DIP,25.39733407890293,0.06683263201309586,0.9854311722187112,0.9889586581254156,0,NS
Interaction,BROX,17.74328466797864,0.35580342648116314,0.7264791210030851,0.4848306619770158,0,NS
Interaction,LYPLAL1,17.886967954514915,0.41652034148866335,0.8115954303488957,0.5769733001018482,0,NS
Interaction,SYPL2,24.993695263553096,0.05165336701153578,0.9810496186924323,0.986333583861358,0,NS
Interaction,ECPAS,20.90544456091857,-0.2542385596820438,0.60007559363049,0.2821053745537439,0,NS
Interaction,MICOS13,22.19086875455948,0.07792561542873244,0.9783312218446496,0.9741333601619802,0,NS
Interaction,RNF123,19.599717220816743,-0.24852978811677673,0.6674436307858687,0.49160736234925245,0,NS
Interaction,TMEM198,25.667609504811377,-0.2779392249016013,0.8164156845624913,0.6958300114016435,0,NS
Interaction,CRYBG3,23.268437284875024,-0.4239772898035845,0.9161298065083752,0.723031581437928,0,NS
Interaction,NXN,17.446930869866094,-0.08463185037525633,0.9332672678842272,0.9518421282918668,0,NS
Interaction,PTRHD1,20.7204414950889,0.05014171798711331,0.9792459364801476,0.9855518621850022,0,NS
Interaction,ABLIM2,14.449724355937851,0.19454948751143597,0.936472406056756,0.8956358587466065,0,NS
Interaction,LAMTOR1,15.760374237201123,-0.39150816695776136,0.6266208129361281,0.2373657938861281,0,NS
Interaction,DHRS7B,20.63896094698961,-0.18794515721355864,0.8484650255835557,0.8133240358556949,0,NS
Interaction,TWF2,19.784329959682054,0.3803317276763565,0.7074830285975261,0.35807378925772365,0,NS
Interaction,ETFRF1,18.238578312369707,-0.1307142000064836,0.9475087483598365,0.9345383911172068,0,NS
Interaction,RAB12,17.85642542730037,-0.09084651857994784,0.943782221954144,0.9518176375394002,0,NS
Interaction,DENND5A,22.3371282383504,0.11842996200488544,0.94426008060568,0.9384297103697145,0,NS
Interaction,RCSD1,19.65038889765715,-0.08933597214074851,0.9332672678842272,0.9469581739480898,0,NS
Interaction,SLC25A24,19.045176140818587,0.11617254299543944,0.8685254447956907,0.888620265198749,0,NS
Interaction,HIBCH,24.210050470040457,0.05170101907255287,0.9854311722187112,0.9901232098559408,0,NS
Interaction,CAVIN1,24.24277984582812,-0.2001613351465323,0.7179536967395801,0.6181631461019312,0,NS
Interaction,MRPL54,16.938125930896167,0.2964161712360074,0.8685254447956907,0.741229967657035,0,NS
Interaction,LPCAT3,19.287444440756538,0.1256038271564961,0.9616031106987428,0.9474980080522922,0,NS
Interaction,TATDN1,18.792152357374707,-0.15592245460941356,0.9110610587868728,0.8805796601323906,0,NS
Interaction,SFXN4,18.48178096347848,0.5488901020272472,0.6440645776750207,0.17180447114408923,0,NS
Interaction,FAHD1,20.00710636839437,0.04977067015150283,0.9792459364801476,0.9857200786526008,0,NS
Interaction,LMOD2,20.555251643576103,0.5669813563547734,0.8667833216617661,0.559365169877803,0,NS
Interaction,SLC27A1,15.848280118037264,-0.37180021504223326,0.7179536967395801,0.4183352819233937,0,NS
Interaction,CCDC137,21.205012518050214,1.4179405344539615,0.6266208129361281,0.00413659185325562,1,Up
Interaction,CORO6,19.859083896295935,-0.14134915994595332,0.9612634099247348,0.940774543957292,0,NS
Interaction,TMEM205,22.437690641550084,0.04564627756213824,0.9792459364801476,0.9868184821939264,0,NS
Interaction,DHRS11,18.277563793180416,0.7758610812564193,0.6266208129361281,0.03598039665743643,1,Up
Interaction,APOOL,22.151560017751216,-0.03072633812817216,0.9854311722187112,0.9938310926145804,0,NS
Interaction,NAPRT,19.11581881851686,0.34830565814339565,0.8375313547829174,0.6577446827664718,0,NS
Interaction,HSDL2,23.84642693132353,0.08504476228738156,0.9332672678842272,0.9473652162315248,0,NS
Interaction,KYAT3,17.23966662325586,0.05355970953375433,0.9854311722187112,0.991430587449176,0,NS
Interaction,TRIM72,26.493338283918412,-0.01776038516776168,0.9854311722187112,0.9968219226929816,0,NS
Interaction,UBN2,24.68646633148976,1.1293784633206805,0.6548087898887762,0.03206189066368134,1,Up
Interaction,TOM1L2,17.232142336024907,-0.16173559350176347,0.7493594429402247,0.7420102978740307,0,NS
Interaction,XIRP1,22.96565166821422,1.3454284232221632,0.12348500310890928,8.905903823099542e-6,1,Up
Interaction,VPS13C,17.957649313822102,-0.13395579287089276,0.922485112264284,0.907935015365219,0,NS
Interaction,UBE2R2,18.021465283308626,-0.15311410068516906,0.9161298065083752,0.8905225724573236,0,NS
Interaction,SND1,22.79159461151068,0.39212102150973394,0.6266208129361281,0.2607862640016939,0,NS
Interaction,TRMT10C,19.26875690662201,-0.04184503919234572,0.9848335883907492,0.9893133120739211,0,NS
Interaction,BZW1,20.379707126858413,0.04468635672209231,0.9854311722187112,0.9938388618224064,0,NS
Interaction,EIF3M,19.152516689119036,0.11530584552056312,0.8925001534685901,0.9042835742255158,0,NS
Interaction,COPS6,21.532619792828193,-0.07501171485957059,0.9161298065083752,0.9450125898776072,0,NS
Interaction,CHMP1B,18.727254757909083,-0.02918439637070591,0.9854311722187112,0.996346713294434,0,NS
Interaction,RRM2B,16.296308720826655,NA,NA,NA,0,NS
Interaction,ERMP1,14.45354789958402,0.35204961160724046,0.9475087483598365,0.8327891942946668,0,NS
Interaction,MRPL21,17.07326295732032,-0.42495259574472755,0.8368000346631261,0.598424075831027,0,NS
Interaction,DGLUCY,22.312719608599327,0.22263544350651188,0.7980416035333834,0.732588001782564,0,NS
Interaction,MYH14,21.597101482362255,-0.20357065972576296,0.8105532690086262,0.7624774534491258,0,NS
Interaction,SZRD1,17.21883875075124,0.1627033815009824,0.8725907212525964,0.8567496731157123,0,NS
Interaction,MAVS,19.748640218695012,-0.3702730084230055,0.5102171333964075,0.10723831206049352,0,NS
Interaction,COMMD6,15.048320398547396,-0.667014835314335,0.6766240756074319,0.15294333878328928,0,NS
Interaction,HDDC2,18.091205959449457,-0.3161672568592202,0.6551220900984647,0.3943349927453984,0,NS
Interaction,HDGFL2,16.204572899727513,0.03225303131776869,0.9872076272682924,0.9964798165881738,0,NS
Interaction,DCXR,22.55324523980515,-0.02940431773638252,0.9854311722187112,0.9959724658873246,0,NS
Interaction,SPRED2,23.145849431777584,0.08946401131007775,0.9854311722187112,0.9833835342891624,0,NS
Interaction,HUWE1,22.560641565627208,-0.1198323266930572,0.9332672678842272,0.931302919817646,0,NS
Interaction,GLRX5,21.405223200410628,0.09497840905708443,0.9727786546110924,0.9659146571506853,0,NS
Interaction,MYPN,20.23208475432374,0.04476871766797075,0.9854311722187112,0.9945163723499336,0,NS
Interaction,SRL,25.302462389625745,-0.02729994370562494,0.9854311722187112,0.9938737294200658,0,NS
Interaction,PRUNE1,17.112399100401646,-0.7363870198080065,0.6440645776750207,0.09346433671547108,0,NS
Interaction,ACOT1,16.917149934076622,0.6673210709659791,0.6266208129361281,0.08141315064747298,0,NS
Interaction,ISCA2,20.265886573737443,0.11925027359481888,0.9311991011970084,0.9217835688106404,0,NS
Interaction,MTDH,19.295845250216978,-0.2169336536036219,0.7493594429402247,0.6700413336056467,0,NS
Interaction,KTN1,17.02473201559566,-0.33638238955822786,0.7179536967395801,0.4708063483767352,0,NS
Interaction,NLRX1,18.450075247872164,-0.1080809922181416,0.9332672678842272,0.9347427793741868,0,NS
Interaction,ALYREF,17.55811832043281,0.03446902226818693,0.9854311722187112,0.9954845598074488,0,NS
Interaction,MDP1,17.066892034429284,-0.1058677435256925,0.9486203370812758,0.9495309907907628,0,NS
Interaction,SLC25A42,17.011748280395793,-0.3968938678264813,0.9486203370812758,0.82594464330457,0,NS
Interaction,NRAP,21.547399091839893,0.03102683036032871,0.9903410703013332,0.9974899824204226,0,NS
Interaction,VPS36,16.701399528298925,-0.05243760699336164,0.9854311722187112,0.9879225636728032,0,NS
Interaction,CAND1,20.962324191609387,-0.05754558737401538,0.9757270731075512,0.980046357581302,0,NS
Interaction,COMMD7,15.649765598617703,-0.07964804612817566,0.9810496186924323,0.978921764722935,0,NS
Interaction,LDHD,19.08881876805161,-0.20930964799670804,0.9332672678842272,0.8764557542695963,0,NS
Interaction,CARM1,17.895038935637217,0.3217464096414453,0.7985540817521978,0.6423599147104523,0,NS
Interaction,NIT1,19.16514336993063,-0.05561854697551993,0.9810496186924323,0.9849684723231744,0,NS
Interaction,NDUFA11,22.49639554437555,-0.15374810713640483,0.9473071757857868,0.9226711191705216,0,NS
Interaction,ECHDC2,18.288535730553846,0.09327134451738672,0.9495999584557762,0.9563431377202372,0,NS
Interaction,PHYKPL,16.45066800269256,-0.5658536888698578,0.6266208129361281,0.10657878131897358,0,NS
Interaction,MUSTN1,22.492588928499732,0.8497314739601229,0.6674436307858687,0.08956050912088508,0,NS
Interaction,NAXD,22.118641802937205,0.05252789070837238,0.9792459364801476,0.9847254465331928,0,NS
Interaction,MFN1,21.133019984780177,0.30180906393172435,0.7985540817521978,0.6614919138165647,0,NS
Interaction,SLC44A2,19.84409074576877,0.08722272700694234,0.9620867820115524,0.963626728253802,0,NS
Interaction,HSCB,14.957030356357818,0.15258907885186623,0.9332672678842272,0.9145822848293268,0,NS
Interaction,ADHFE1,21.118531260901392,0.01550519654328752,0.9910184817702132,0.9992649813286418,0,NS
Interaction,UNC45B,22.536959287782313,-0.02601786976692111,0.9854311722187112,0.9956101209966318,0,NS
Interaction,MSRB3,16.97334939524807,1.1912485364420815,0.6266208129361281,0.00804003472134766,1,Up
Interaction,KLHDC8B,21.523406228818228,-0.1977507174478994,0.9311991011970084,0.8734841980686088,0,NS
Interaction,SUPV3L1,16.2234573870834,0.2281661887000226,0.9332672678842272,0.8671378116459718,0,NS
Interaction,THNSL1,15.10766757597899,-0.2635546507140525,0.9332672678842272,0.8498778355992066,0,NS
Interaction,PM20D2,18.999376348999732,-0.05558037196913545,0.9854311722187112,0.991741047830691,0,NS
Interaction,MICU2,17.33497881413305,0.46691580702773194,0.6266208129361281,0.19924266755215048,0,NS
Interaction,ELMOD2,14.256273444928349,0.27852733376359673,0.9332672678842272,0.8354214759034024,0,NS
Interaction,ALDH16A1,17.829684084987893,0.3165165408572257,0.9221576569491778,0.792583627914073,0,NS
Interaction,FAM185A,15.17532546360237,0.5486499447280266,0.7678983487629457,0.39144234444444304,0,NS
Interaction,ADSS1,25.11775293306255,0.0845332112467112,0.910335198573387,0.9326719297726968,0,NS
Interaction,NDUFAF2,16.997148312692637,0.23597237538900015,0.8391929452378125,0.7548011769596512,0,NS
Interaction,LRRC47,22.210156147393988,0.01800753110332209,0.9854311722187112,0.9975300429324532,0,NS
Interaction,GPD1L,25.860176321154334,-0.07304162951195892,0.8725907212525964,0.9328406808482392,0,NS
Interaction,EHBP1L1,19.865869848950258,-0.2372241520243961,0.7179536967395801,0.5693482686875182,0,NS
Interaction,CMYA5,25.282240817663553,-0.092924925755824,0.922485112264284,0.9365663875858464,0,NS
Interaction,TXLNB,21.221025944489043,-0.14522003137292572,0.7678983487629457,0.7792570590419875,0,NS
Interaction,SYNPO,19.298464194026774,0.06316336625247487,0.9854311722187112,0.9860777939283404,0,NS
Interaction,TOMM5,18.85927689113182,0.1597628294414264,0.9161298065083752,0.8855226630246448,0,NS
Interaction,CHCHD4,17.255753118599042,-0.08739908370718652,0.9702265433758293,0.967056344771498,0,NS
Interaction,CBR4,20.594466369181976,-0.04568946845544985,0.9854311722187112,0.9920076863330496,0,NS
Interaction,MMGT1,15.626842569079848,-0.2960558340760784,0.7619812443928085,0.5915169078311371,0,NS
Interaction,SMIM20,19.485004540474208,0.11864282339751142,0.9475087483598365,0.94008496725368,0,NS
Interaction,CISD2,17.923520735528164,-0.0440328607578806,0.9854311722187112,0.990998363109739,0,NS
Interaction,ATPAF2,17.62793897351076,0.02097072251624254,0.9903410703013332,0.9984664154096192,0,NS
Interaction,JAGN1,22.141882089837036,-0.01769720993844359,0.9903410703013332,0.9988451457474968,0,NS
Interaction,MRPL50,17.077853901221317,-0.01109049513100401,0.9955385620149444,0.99968912721361,0,NS
Interaction,EMC1,17.09387191621884,0.24905232569834368,0.8164156845624913,0.7223341147379725,0,NS
Interaction,PTGR2,23.231581329435357,0.17454750130224994,0.8326980252630932,0.8046380944126603,0,NS
Interaction,SMYD1,23.7567550452528,0.10932502388187616,0.961069163803106,0.9534329845172832,0,NS
Interaction,NHLRC2,20.094220811159737,-0.32380914507117,0.6440645776750207,0.36024013952405143,0,NS
Interaction,RDH13,17.30282173949789,0.13245676428322284,0.9486203370812758,0.9363448342396476,0,NS
Interaction,TXNDC5,17.277657295478964,-0.05108617058102638,0.9748395258427944,0.9820216413338428,0,NS
Interaction,ATAD1,19.03111070076528,0.14353143217395825,0.8476369238316583,0.8520773140126384,0,NS
Interaction,SCCPDH,22.25321833582995,0.03634929792682939,0.9785413164143968,0.988379017148844,0,NS
Interaction,SERBP1,19.167044382054986,0.24579346639162836,0.7537766941750207,0.6415341686925934,0,NS
Interaction,FAM98A,18.095915032118317,-0.2812585267261092,0.8115954303488957,0.6894178540457896,0,NS
Interaction,PDPR,16.267084261515183,0.3943304928843326,0.7179536967395801,0.4005603531387584,0,NS
Interaction,NAXE,23.233099734082252,-0.04590371262963089,0.9486203370812758,0.9776643537879578,0,NS
Interaction,NPEPL1,20.483905065837316,0.03319250781306593,0.9854311722187112,0.9959179536579016,0,NS
Interaction,ADPRHL1,24.078411282745847,-0.14029206457090737,0.8628619406713431,0.8649666634497203,0,NS
Interaction,CHDH,16.118617572841742,0.8510784384289529,0.60007559363049,0.01260889175797378,1,Up
Interaction,ABCF1,18.99507072783391,0.0373138414426073,0.9854311722187112,0.9926044016709124,0,NS
Interaction,MCU,20.896719535932224,0.1832336646741908,0.8685254447956907,0.8319578673047204,0,NS
Interaction,ABHD11,17.924709362864995,-0.04252795194020109,0.9854311722187112,0.9943206514692302,0,NS
Interaction,ATL2,17.926489314007583,-0.21712316023068468,0.8712891432699207,0.8088337870142822,0,NS
Interaction,PPTC7,18.42936855617289,0.17745291909109895,0.9332672678842272,0.8945649824016702,0,NS
Interaction,COQ8A,24.679971071359816,0.02472223337300505,0.9854311722187112,0.9956969169428572,0,NS
Interaction,NPLOC4,19.53116972157277,-0.08002821594503118,0.9161298065083752,0.9394075305194026,0,NS
Interaction,SPATA20,17.400529923276345,0.4280709654195931,0.8948448856598686,0.6895123103399765,0,NS
Interaction,NUBPL,18.988675084240164,0.4859038712099384,0.7179536967395801,0.3519967768931115,0,NS
Interaction,DEPTOR,21.503737980903978,0.09220067720963954,0.9612634099247348,0.961079769722786,0,NS
Interaction,RDH11,16.557221623079904,-0.1531889396092474,0.9507296866978122,0.9300999508886694,0,NS
Interaction,LRRC20,24.143566360854415,0.18402294980969103,0.7493594429402247,0.71533159113209,0,NS
Interaction,NT5C,18.039461494280637,0.17046116191737326,0.8787704320473863,0.8541493539154316,0,NS
Interaction,PNPT1,18.252592970258934,-0.2182307713444445,0.7383632548114595,0.6512138310773533,0,NS
Interaction,SPPL2A,18.622068922517965,0.02290290607000855,0.9903410703013332,0.998182928747543,0,NS
Interaction,PREX1,14.926568478678217,1.0337754172636284,0.21771721858807624,3.786471829539532e-4,1,Up
Interaction,NEK9,16.776475199192255,-0.5021445830429485,0.6266208129361281,0.16822576989885044,0,NS
Interaction,GPT2,15.300539360276796,-2.458994264672871,0.5102171333964075,9.149879368223864e-7,-1,Down
Interaction,MYOZ3,19.370333665169422,0.3341008975069393,0.9332672678842272,0.8139916076124136,0,NS
Interaction,NEK7,20.651367702228157,0.1444962325209822,0.8460909063317416,0.8467366933513696,0,NS
Interaction,DTD1,16.189710754739952,-0.08271146066497792,0.975267310932484,0.9711427310282372,0,NS
Interaction,UTP15,26.74929664352296,1.238658609202535,0.6266208129361281,0.01062356664177657,1,Up
Interaction,SETD7,20.600199841778156,-0.10514603195045068,0.8993104826445105,0.9136776914432166,0,NS
Interaction,NUP133,18.95949569971599,0.0541051179814076,0.9854311722187112,0.993350531555673,0,NS
Interaction,PDCD6IP,20.50287122259058,-0.05531293041832796,0.9332672678842272,0.9677156436820198,0,NS
Interaction,THEM6,16.532545610896733,0.01265325094486158,0.9903410703013332,0.999313959826455,0,NS
Interaction,SMIM4,17.342509068457172,-0.06272601086848795,0.980798083318304,0.982735584614883,0,NS
Interaction,NUDCD2,18.714481218809773,-0.03974118684466887,0.9854311722187112,0.9915709493874948,0,NS
Interaction,SCFD1,16.3030802137747,-0.13974066061619084,0.9161298065083752,0.897910616908699,0,NS
Interaction,PCNP,16.45602316893636,0.15453874905511,0.9332672678842272,0.9119266710076074,0,NS
Interaction,DNAJA4,19.690798864176628,-0.15242378003858548,0.9311991011970084,0.9023538268152936,0,NS
Interaction,SPRYD4,19.91891049039138,-0.22217207820141735,0.8337956723519173,0.7614546641185559,0,NS
Interaction,RTN4IP1,18.32395437229764,-0.28575780275741636,0.8337956723519173,0.7043029373231604,0,NS
Interaction,PALLD,19.63661388328596,-0.01808549009299653,0.9903410703013332,0.9990403090511863,0,NS
Interaction,SYNE2,17.929679609839322,-0.04262800577981096,0.9854311722187112,0.9908669906985034,0,NS
Interaction,THAP4,21.934883663780557,-0.05345041907335002,0.980798083318304,0.9853074832849148,0,NS
Interaction,IFT81,22.267649476816526,1.3745322346379147,0.60007559363049,0.00151265972872748,1,Up
Interaction,TTN,26.173236593363615,0.11939817540632092,0.9810333535380386,0.9678609460723376,0,NS
Interaction,DDX1,21.122165288038637,-0.16325016465773243,0.7659807551886563,0.7508154504710088,0,NS
Interaction,HSD17B8,20.471552615208157,-0.04270191864429407,0.9854311722187112,0.9918251980089884,0,NS
Interaction,CPT1B,23.369180714369236,-0.01122996948058485,0.9903410703013332,0.9993899864905992,0,NS
Interaction,PSMF1,20.857415116637853,-0.15792105227914277,0.7980416035333834,0.8024203154995123,0,NS
Interaction,UBXN4,16.056706014323495,0.03845634084785132,0.9854311722187112,0.9936767823284246,0,NS
Interaction,HSPH1,23.360046366018953,1.3174945440681007,0.8685999596414687,0.27294375222535944,0,NS
Interaction,MYO18A,19.69973455837782,-0.1397999919812989,0.943782221954144,0.926229508405005,0,NS
Interaction,GCN1,17.059956646117673,-0.17135618466103963,0.8725152102698197,0.848807249422061,0,NS
Interaction,SGCD,21.382338729505584,-0.01385733368560693,0.9900178499897422,0.9986949984187804,0,NS
Interaction,AKAP1,16.435813972472452,0.06317237817062349,0.9854311722187112,0.9865422296251743,0,NS
Interaction,RABGGTA,18.060787184580818,0.19149611970788172,0.7678983487629457,0.7228773104746865,0,NS
Interaction,TFG,21.149479974453687,-0.11827469400387614,0.8902983284410025,0.9001634794529992,0,NS
Interaction,ARPC1A,18.19390311046805,-0.17595414938933374,0.7746935995485886,0.7475169540008048,0,NS
Interaction,P3H4,22.45063208325724,0.6061001693684602,0.6674436307858687,0.1774535628264357,0,NS
Interaction,DDX17,19.932280489770505,-0.05001132261454799,0.9702265433758293,0.981089726065962,0,NS
Interaction,CELF1,16.364969746384364,0.3354752427000527,0.7179536967395801,0.48282009274580784,0,NS
Interaction,UFD1,20.25991120896123,0.0777431877196797,0.9727786546110924,0.9721168078158272,0,NS
Interaction,RPL3L,17.786456184069397,0.04682546026842615,0.9854311722187112,0.9943227890770208,0,NS
Interaction,COPS5,21.200692963770333,-0.04548647586673482,0.9785413164143968,0.9861126730129736,0,NS
Interaction,KHSRP,17.5781530877667,0.02794546909147755,0.9854311722187112,0.9958022864256298,0,NS
Interaction,GCDH,19.397629150146404,-0.08713666440494805,0.9549624277794448,0.960414653855319,0,NS
Interaction,TNPO1,16.658258627346274,-0.03404143956499794,0.9854311722187112,0.9919911080267952,0,NS
Interaction,USP13,16.8278509504232,0.02145011014652453,0.9903410703013332,0.9985717000417546,0,NS
Interaction,USP9X,17.732476557902142,-0.2968312202447869,0.6266208129361281,0.2971758479501694,0,NS
Interaction,CUL5,22.44311966987605,-0.01205227929203189,0.9900178499897422,0.9987949836779187,0,NS
Interaction,LPP,16.933354135240258,-0.03842218471959313,0.9854311722187112,0.9926049622389674,0,NS
Interaction,ATP2A3,27.838939316261765,-0.02932843133623919,0.987468304529188,0.996931548765854,0,NS
Interaction,PHKB,22.37317481174377,0.09752699548698728,0.922485112264284,0.9322797608412816,0,NS
Interaction,UBE2F,17.252777050224566,-0.48418299885079463,0.739451079950354,0.3898955012550851,0,NS
Interaction,RPL36AL,20.386456931152985,0.14827726289525245,0.922485112264284,0.9014115259015276,0,NS
Interaction,WBP2,19.54148899042856,0.3477108332255625,0.60007559363049,0.1900490973724329,0,NS
Interaction,ERGIC1,17.560313318847733,0.2870335262128556,0.8115954303488957,0.6841144365465478,0,NS
Interaction,MTARC2,17.822203582399073,0.06238482102288856,0.9702265433758293,0.9765485277182906,0,NS
Interaction,FAM162A,22.908549696268423,-0.1013927401192305,0.922485112264284,0.9287530598154248,0,NS
Interaction,CCDC47,16.290680218346953,0.301267206212426,0.6440645776750207,0.3910987137623317,0,NS
Interaction,TMEM230,18.460734920067104,-0.10312353162874643,0.943782221954144,0.9457387910218378,0,NS
Interaction,ISOC2,21.873498457018545,-0.1743795184549235,0.7433673676225092,0.7169447754465668,0,NS
Interaction,FERMT2,19.31885885766713,-0.06188779437809089,0.9783312218446496,0.9796411253808386,0,NS
Interaction,FUBP1,18.10722557068226,0.02827429311242468,0.9854311722187112,0.9947767675413168,0,NS
Interaction,SLC25A46,17.032584174670244,-0.931093183330951,0.21771721858807624,8.726386317165518e-4,-1,Down
Interaction,TMEM143,21.243776250343707,0.5457395284599365,0.6105977874007604,0.08680463732547535,0,NS
Interaction,PBXIP1,24.169718086512695,-0.07244310647541496,0.9332672678842272,0.9586780698526988,0,NS
Interaction,PTER,15.961550589024265,-0.6122569778093379,0.8278730193858214,0.4612390874101463,0,NS
Interaction,ZBTB9,18.712345613504233,0.11381496599928552,0.9700291507912469,0.9568645841563318,0,NS
Interaction,FAM136A,18.93615565409932,0.16955361710289552,0.929337615180568,0.8897335112010737,0,NS
Interaction,FGGY,20.990688560957977,0.3733549448563664,0.8337956723519173,0.6292850658287135,0,NS
Interaction,GALM,19.422802071055894,0.1111222244510408,0.9110610587868728,0.9135991393408558,0,NS
Interaction,DCPS,15.977401868523213,0.04929871743370739,0.9854311722187112,0.992478720192177,0,NS
Interaction,PPP1R14B,17.874311925845074,-0.06451491089361738,0.9792459364801476,0.9813303936905964,0,NS
Interaction,ACSF2,20.05193842341908,0.07047110590557537,0.9702265433758293,0.9735817393401236,0,NS
Interaction,ISOC1,20.69064882120997,0.45046371456712464,0.6440645776750207,0.23726463288138083,0,NS
Interaction,CCDC124,18.11344749670642,-0.12278258981065804,0.9188057266203828,0.9126268266768154,0,NS
Interaction,OPTN,17.554082433512985,-0.15863020898219915,0.8725907212525964,0.8600797863005868,0,NS
Interaction,AP2M1,17.517872810159595,-0.22498132361421952,0.7433673676225092,0.6545640935029521,0,NS
Interaction,KCTD12,17.10022331094002,0.8273722378110904,0.6674436307858687,0.09369066178810168,0,NS
Interaction,RMDN1,19.90077160015615,0.0974657003940962,0.9332672678842272,0.939383204205768,0,NS
Interaction,ECHDC3,19.99965195538638,-0.11584949473832752,0.9709285722916516,0.9572034652503536,0,NS
Interaction,NUDT16,16.982734805061856,0.2292605772861691,0.7746935995485886,0.696702213019087,0,NS
Interaction,CMBL,25.6533963129086,-0.02709343963793031,0.9854311722187112,0.9965752447916671,0,NS
Interaction,MSI2,19.689472902879373,0.03862100706926696,0.9854311722187112,0.9930637448912562,0,NS
Interaction,MRPL38,16.735072910112873,0.3159329306838714,0.7179536967395801,0.5131907591750849,0,NS
Interaction,MRRF,17.58904791477933,0.46513345205566736,0.6343828129926918,0.21550438525408872,0,NS
Interaction,MRPL53,18.88864277849324,0.4621211805286194,0.7179536967395801,0.3560861056372013,0,NS
Interaction,DAZAP1,16.81003778252304,0.19349194136958656,0.9854311722187112,0.9585913494200908,0,NS
Interaction,DNAJA3,17.343738541682296,0.0458739676384674,0.9854311722187112,0.993470332762994,0,NS
Interaction,PTCD3,17.187802971013422,0.07589280514394403,0.9666023531269136,0.9701167829421516,0,NS
Interaction,MMAB,16.571354529260198,-0.23739440772161657,0.7867016213220325,0.7076006739321666,0,NS
Interaction,DYNLL2,19.01732821770432,0.20381480493315252,0.9110610587868728,0.8469517775055294,0,NS
Interaction,S100A16,17.465054030635635,0.09705572670882744,0.9854311722187112,0.983848744615746,0,NS
Interaction,SCRN2,20.07370944573096,0.06587302741652223,0.9854311722187112,0.9844949544175702,0,NS
Interaction,OTUB1,21.267798288559092,-0.10089289301050286,0.8278730193858214,0.881127791874778,0,NS
Interaction,CHMP6,15.828192985393995,-0.04687358949184883,0.9854311722187112,0.9888134070485284,0,NS
Interaction,PDXP,16.720279702294928,-0.2813177489365586,0.8337956723519173,0.7061141403538496,0,NS
Interaction,DCUN1D1,17.242626014604095,0.04223671295602571,0.9854311722187112,0.9918265629398344,0,NS
Interaction,FAHD2A,18.727910713021632,-0.06348999494969121,0.9854311722187112,0.9869958978804824,0,NS
Interaction,SNF8,17.171871830197833,-0.02683332419028161,0.9854311722187112,0.9966363390158368,0,NS
Interaction,PDLIM5,27.460897314497444,-0.2158487222329235,0.7980416035333834,0.7391670886615318,0,NS
Interaction,CRELD1,22.388981840301746,0.6082317467429448,0.7074852069419307,0.1946349866018429,0,NS
Interaction,ERO1A,16.542208626253903,0.00168523564121869,0.9955385620149444,0.999981775460684,0,NS
Interaction,AHCYL2,18.93485360187299,-0.13580382230041366,0.7782105332378368,0.816143339780037,0,NS
Interaction,PGAM5,19.44481451977911,-0.3336568845502619,0.728801120844248,0.5094850550735754,0,NS
Interaction,DDRGK1,17.405475818326035,0.07504390432846364,0.9486203370812758,0.9634148770620122,0,NS
Interaction,PYURF,19.275059929145986,0.4829862145154813,0.7383632548114595,0.3852714697771312,0,NS
Interaction,SUCLG2,20.689586222317445,0.09366484790813344,0.9711717047023336,0.9658002583291596,0,NS
Interaction,ABHD14B,22.654333500061284,0.02393197014136916,0.9854311722187112,0.996228061831946,0,NS
Interaction,NGLY1,17.280915131113993,0.1379459671416967,0.8902983284410025,0.884486623156611,0,NS
Interaction,TMX3,18.246778544992996,0.3735648463888097,0.9332672678842272,0.79702644523513,0,NS
Interaction,BTF3L4,20.160085685495233,-0.1452101976358939,0.7583063223963497,0.7716910236880393,0,NS
Interaction,USP47,18.23975399595067,-0.24451994736017468,0.746987282409153,0.634269007450946,0,NS
Interaction,CNDP2,19.061230765117145,-0.14896165218710422,0.8066361759166207,0.818869614019254,0,NS
Interaction,ALPK3,18.21403502602703,0.11904770796744656,0.9332672678842272,0.9334900914348888,0,NS
Interaction,STAC3,24.673159665963215,0.24475037209455763,0.7746935995485886,0.6800241813249295,0,NS
Interaction,COQ10A,21.842878577080555,0.3884196579183517,0.7140355327881074,0.36890958389604894,0,NS
Interaction,JSRP1,23.98864413420542,-0.04625699910276992,0.9785413164143968,0.9850998847332256,0,NS
Interaction,MCEE,20.049187011085973,-0.29459596655603093,0.9161298065083752,0.7951232058888547,0,NS
Interaction,QKI,17.517966771034306,0.3164224458123641,0.820743911074323,0.6647559034152978,0,NS
Interaction,PLIN4,24.54496052047188,0.02165625717130837,0.9862784930759224,0.9975689119678413,0,NS
Interaction,ALKBH3,13.886234083199248,NA,NA,NA,0,NS
Interaction,VPS35,17.904672179875494,-0.04072246290946779,0.9848335883907492,0.9896552763011308,0,NS
Interaction,PURB,16.766215406355126,-0.20697103660452856,0.8925001534685901,0.8345559247880094,0,NS
Interaction,BBS4,22.762804491797244,-0.06458159034299982,0.9854311722187112,0.9842695238565028,0,NS
Interaction,VPS13A,17.220071536422548,0.21010503249149792,0.9631763219738718,0.915760145666606,0,NS
Interaction,GFM1,19.480501898388287,-0.03264766505360228,0.9854311722187112,0.9943259025401392,0,NS
Interaction,MCCC1,18.752899663578553,0.00412548985073257,0.9955385620149444,0.9999317123804404,0,NS
Interaction,METTL26,19.37384124667105,0.11069596256783854,0.9332672678842272,0.9336554991736048,0,NS
Interaction,CLCC1,16.908359464068397,0.03861280586057347,0.9854311722187112,0.992048740964862,0,NS
Interaction,PEBP4,17.950016249048826,0.16662640471616896,0.9332672678842272,0.9045248523406844,0,NS
Interaction,PLEKHF1,17.257311554116505,0.8537271069365637,0.12348500310890928,6.082175294072138e-4,1,Up
Interaction,MYCBP,15.887246534050508,0.25892957859975496,0.7179536967395801,0.5829973917666514,0,NS
Interaction,TBCB,19.281198117207285,-0.22094797091543583,0.7179536967395801,0.616663816639366,0,NS
Interaction,PSMB7,22.209674700707488,-0.10682656514125456,0.8725907212525964,0.9032204307434604,0,NS
Interaction,PCYT2,16.550513253002546,-0.39323470424932694,0.6551220900984647,0.3119833837228772,0,NS
Interaction,PSMD1,21.340462414073375,-0.13710224777678093,0.7747378329305563,0.8069190421839081,0,NS
Interaction,PFDN5,20.09902777435093,0.10204728531426,0.8902983284410025,0.9140810512845648,0,NS
Interaction,PAFAH2,20.954102392488146,-0.09726985937881594,0.9476454715976984,0.9511079656890362,0,NS
Interaction,PARK7,26.927999499529815,-0.1077068302333295,0.8194230075340084,0.8696969451551195,0,NS
Interaction,VAT1,19.137068331521665,-0.1674803955861499,0.8105532690086262,0.8002382374928318,0,NS
Interaction,PLIN2,22.543197780130804,-0.579083597628248,0.7179536967395801,0.2506607125673923,0,NS
Interaction,S100A13,22.81081717988349,-0.4525734269027524,0.7746935995485886,0.476357558189951,0,NS
Interaction,TSNAX,17.39279624386738,-0.14230816285394,0.9332672678842272,0.9173239593985346,0,NS
Interaction,EIF3C,23.90657973523368,0.00323473666934859,0.9955385620149444,0.9999413869804884,0,NS
Interaction,PHB2,24.495168142668156,0.10794442227365408,0.8497554824001795,0.8903424605777669,0,NS
Interaction,COPS8,22.534632160204744,-0.0029090526944806,0.9955385620149444,0.9999436601769764,0,NS
Interaction,SDHC,23.293750088267466,-0.26516669588656683,0.8787704320473863,0.7826953261285949,0,NS
Interaction,CHP1,18.574958425693048,0.10596167150680458,0.922485112264284,0.9270325799991878,0,NS
Interaction,HSD17B10,21.51633182237144,-0.06683957213060765,0.9528876003333808,0.9692589784463524,0,NS
Interaction,NAP1L4,22.301728694237532,0.00740489424122614,0.9903410703013332,0.9995499531997928,0,NS
Interaction,MGST2,19.709016248311425,0.03663895873932432,0.9854311722187112,0.9952359406400596,0,NS
Interaction,TXN2,19.58954751671259,0.19092938719913377,0.7746935995485886,0.7363866854937394,0,NS
Interaction,DMAC2L,18.810291942178775,-0.27529982341403425,0.7678983487629457,0.6280850499593467,0,NS
Interaction,ACO2,26.935516301194475,-0.06264862459620701,0.9332672678842272,0.9636304221602264,0,NS
Interaction,COQ7,22.68212854585426,-0.00686193531802459,0.9903410703013332,0.9996235270499988,0,NS
Interaction,SLC29A1,16.794978816916203,-0.19131273591964515,0.8713113951319195,0.8300515750414376,0,NS
Interaction,TSG101,17.731046717344583,-0.4063247181475021,0.60007559363049,0.12282928849676464,0,NS
Interaction,CPNE1,18.184388333373548,0.01421343540187081,0.9903410703013332,0.9990218792133588,0,NS
Interaction,CCT7,22.557665076342747,-0.1165430320437828,0.7782105332378368,0.8390083987068797,0,NS
Interaction,PRMT1,18.78573337285874,-0.23291479466973183,0.7179536967395801,0.5589360411150482,0,NS
Interaction,NIPSNAP1,20.43957388366637,0.02301250313112035,0.9903410703013332,0.99886769174797,0,NS
Interaction,ARPC5L,18.926994213127134,0.3223685406774841,0.863612215386893,0.7173182073654726,0,NS
Interaction,MICU1,18.5544755260856,-0.1212060492544964,0.9631763219738718,0.9503932716455762,0,NS
Interaction,MACROD1,24.70383150484715,0.08650978572863366,0.922485112264284,0.9405090081823964,0,NS
Interaction,WDR77,18.831561343882797,-0.21246808059038713,0.7746935995485886,0.7117251572623895,0,NS
Interaction,APOL2,17.324189711880987,-0.10590327017321144,0.9612634099247348,0.9553466263658104,0,NS
Interaction,FYCO1,19.390795280711437,-0.2098409022114396,0.8460909063317416,0.7857088472963683,0,NS
Interaction,JPH2,20.62861637170192,0.26173550224707043,0.6674436307858687,0.4719962424837037,0,NS
Interaction,CORO1B,14.465410292220438,0.4596723686303559,0.8431857064796524,0.5873592717265166,0,NS
Interaction,TXNDC17,20.50629109751645,0.10621492397590516,0.8497554824001795,0.8917886561104792,0,NS
Interaction,PLCD4,20.974672992121267,0.02897316551025142,0.9854311722187112,0.994125131409369,0,NS
Interaction,CPPED1,18.83083857492034,-0.226347490743251,0.9311991011970084,0.8579351574041131,0,NS
Interaction,VPS25,19.52070192649142,-0.12069361704399029,0.929337615180568,0.920134362545266,0,NS
Interaction,MIEN1,20.833433868332357,0.4175640639972613,0.6551220900984647,0.2897653519458047,0,NS
Interaction,PELO,16.527114249307974,0.0976303828815226,0.9638347754849004,0.9602621434925503,0,NS
Interaction,PRXL2A,20.249483110619387,-0.03407005561133758,0.9858065901306122,0.9960162685923992,0,NS
Interaction,ERP44,18.986271397616953,-0.40466728706336497,0.820743911074323,0.5941174893852604,0,NS
Interaction,LXN,15.065319099510996,NA,NA,NA,0,NS
Interaction,NIPSNAP3B,23.140451248140874,-0.09434846128215212,0.9552373341053044,0.9576369706461736,0,NS
Interaction,NTPCR,17.710610054977586,-0.30514461330285414,0.7570848531079225,0.5782493969826892,0,NS
Interaction,AGMAT,20.87449518587789,-0.1593604551741734,0.9702265433758293,0.9409294824894112,0,NS
Interaction,TACO1,19.325050350225705,0.14284465823939385,0.9161298065083752,0.8941965351194259,0,NS
Interaction,ESYT1,22.518366488718303,-0.1548097070262422,0.9161298065083752,0.8874909885920277,0,NS
Interaction,UBAC1,21.06450010453897,-0.00617899957435597,0.9945103406323804,0.9997625423091956,0,NS
Interaction,COPS4,21.194724038145253,-0.05005413140338177,0.9332672678842272,0.9705236114294302,0,NS
Interaction,DCTN5,15.266472586241845,-0.6814039101798599,0.5102171333964075,0.01488806351399923,-1,Down
Interaction,AARSD1,17.161111374784177,-0.0153355064223426,0.9903410703013332,0.9991769794410178,0,NS
Interaction,TMEM43,20.84832894186251,-0.0994680868351061,0.9475087483598365,0.9497072835616152,0,NS
Interaction,DHRS4,18.802002372091327,0.23771399780324032,0.8484650255835557,0.7711667771542089,0,NS
Interaction,TMEM70,20.549683281639652,-0.06148133173051207,0.9854311722187112,0.9878323513729084,0,NS
Interaction,TUBB6,18.671508000605208,-0.23957204055585635,0.7867016213220325,0.7066256466049943,0,NS
Interaction,CHCHD7,18.360870290112963,0.2736381194764732,0.7746935995485886,0.6476539656533471,0,NS
Interaction,APOO,22.584046267545663,0.08209192342410887,0.9332672678842272,0.9525591937342835,0,NS
Interaction,MRI1,15.529690125818693,0.23030454073142792,0.9332672678842272,0.8736674460628412,0,NS
Interaction,ABHD6,20.01901028919857,-0.11504574770473042,0.9482755410858804,0.9429166241358634,0,NS
Interaction,ADI1,19.26215495601485,-0.05350883546459073,0.9854311722187112,0.992988688939742,0,NS
Interaction,MECR,21.14887001634809,-0.03510612281649727,0.9854311722187112,0.9929431163621724,0,NS
Interaction,NTMT1,16.916862824482386,0.31992758275119826,0.7694576829560251,0.5849923340266382,0,NS
Interaction,TMEM109,21.454228112319537,-0.02849494982604739,0.9854311722187112,0.9957576429393328,0,NS
Interaction,TMED9,20.760944671626017,-0.16408580460808508,0.8759485699408586,0.858420529818609,0,NS
Interaction,TIMM21,18.185886251581756,0.15624647506240663,0.8902983284410025,0.871474712523944,0,NS
Interaction,TPPP3,21.008465281012754,-0.2268417355565333,0.922485112264284,0.850671545968677,0,NS
Interaction,NUDT9,16.130412548431345,0.00199589729060889,0.9955385620149444,0.9999800508238096,0,NS
Interaction,FUNDC2,24.403766875042813,-0.1862428641755081,0.7433673676225092,0.7042050471748171,0,NS
Interaction,SORBS1,18.147099603759507,0.5101755416742755,0.7747378329305563,0.4522716149802994,0,NS
Interaction,HINT2,21.789343280024244,0.03803541566585622,0.9854311722187112,0.9947145471388552,0,NS
Interaction,OSBPL11,14.366571439468842,0.04942853648573298,0.9854311722187112,0.9920548354576008,0,NS
Interaction,NT5C1A,23.024289211987305,0.0549684077458572,0.9854311722187112,0.9901720376009322,0,NS
Interaction,TMEM120A,15.201243208531707,0.18013213252185345,0.9783312218446496,0.9422532271650798,0,NS
Interaction,NAA15,18.3818952966093,-0.14754103054753287,0.9700291507912469,0.9443053594194032,0,NS
Interaction,BCL2L13,22.172918741399027,-0.03203203072485294,0.980798083318304,0.9911545401308108,0,NS
Interaction,AP1M1,19.579606234035293,-0.4281172134974618,0.6266208129361281,0.19442276056795,0,NS
Interaction,OSBPL1A,17.431557739222697,0.16014341863965598,0.7746935995485886,0.7740094998018882,0,NS
Interaction,HDHD5,20.251218857422543,0.0938298452632651,0.9620867820115524,0.9608288784295672,0,NS
Interaction,EIF2A,16.76552346949781,-0.00619555240448121,0.9955385620149444,0.9998282048970956,0,NS
Interaction,MRPL13,19.136308482616492,0.220928189683292,0.820743911074323,0.7522598334314149,0,NS
Interaction,MRPL9,17.02843491364723,0.4920909901394453,0.7746935995485886,0.4477099295323713,0,NS
Interaction,MRPL4,20.27050228064463,0.05172211717266606,0.9900178499897422,0.9949812343820096,0,NS
Interaction,MRPL1,17.997511813999157,0.08030549951070398,0.9709285722916516,0.9702566583809512,0,NS
Interaction,NLN,17.196822974238245,-0.05916744142940189,0.9854311722187112,0.9870420566622544,0,NS
Interaction,TRIM54,20.87379248361524,0.2841060476278656,0.7179536967395801,0.5534342652881102,0,NS
Interaction,BCO2,17.18349945963785,-0.5998392726250756,0.7493594429402247,0.33042428295008,0,NS
Interaction,MRPL37,20.88474360217528,0.40775984750159466,0.7179536967395801,0.4214641229605365,0,NS
Interaction,ASPSCR1,17.551152605101933,0.06500513315880951,0.9785413164143968,0.9796679497795824,0,NS
Interaction,UBL5,21.782322491163345,0.23324912208880025,0.7179536967395801,0.6027869147430592,0,NS
Interaction,NIBAN1,19.966865332079156,0.329917505013988,0.7179536967395801,0.4680467844260443,0,NS
Interaction,UBXN6,17.72574271638029,0.10093689372670768,0.9332672678842272,0.9433892311402138,0,NS
Interaction,UBE2O,14.379882866360608,NA,NA,NA,0,NS
Interaction,LNPK,18.71076459690468,-0.11350313455521288,0.8902983284410025,0.9028727532294674,0,NS
Interaction,PITHD1,18.468988101880942,-0.02483681238756929,0.9903410703013332,0.9978900516790156,0,NS
Interaction,SLIRP,18.374593423894822,-0.00664223000527997,0.9955385620149444,0.9998009800585952,0,NS
Interaction,NIF3L1,20.24785208231937,0.12014136523974984,0.8546502587351009,0.8803613319146031,0,NS
Interaction,EGLN1,15.44877590151068,-0.0220452812241394,0.9903410703013332,0.9987092290664212,0,NS
Interaction,ANKRD2,26.50830545615589,-0.192773103805969,0.9311991011970084,0.8769602666297189,0,NS
Interaction,NAA50,19.542025232635165,-0.18834927712685356,0.7433673676225092,0.6966770508605892,0,NS
Interaction,TMEM126A,19.95148106345139,-0.00921488796196712,0.9903410703013332,0.99953977858165,0,NS
Interaction,PAIP1,16.814074910113817,0.12893580426601403,0.8736683739675517,0.8860535564527016,0,NS
Interaction,CLPB,16.32196607539576,-0.04364525013970422,0.9854311722187112,0.9935931397681896,0,NS
Interaction,TOLLIP,21.71249467614214,-0.02876232598714523,0.9854311722187112,0.9947099716783776,0,NS
Interaction,PCBD2,23.143535409179528,0.03954016561569418,0.9785413164143968,0.9878279938661256,0,NS
Interaction,NT5C3A,23.68083531066749,-0.09927803751394038,0.861827939569217,0.9021444134340614,0,NS
Interaction,HDHD2,19.736378573140655,0.08557573908326788,0.922485112264284,0.9416882195193929,0,NS
Interaction,RAB1B,24.24972183642771,-0.2566095058106548,0.7433673676225092,0.6125631832405615,0,NS
Interaction,C11orf54,22.241832380746,-0.09298016899350614,0.922485112264284,0.9362568262344564,0,NS
Interaction,NUCKS1,21.383087634182537,0.03104117728150868,0.9854311722187112,0.9931453610168404,0,NS
Interaction,TMX4,18.780996631574055,-0.02182552669587423,0.9854311722187112,0.9970068094175478,0,NS
Interaction,MYLK2,21.899748497052567,-0.04521947873997334,0.9854311722187112,0.9936158565171234,0,NS
Interaction,EHD4,16.539758981444674,0.3184169399930532,0.7841359352735049,0.6257759292672265,0,NS
Interaction,SH3BGRL3,19.969108603251637,0.25206297666676036,0.7650141197644925,0.6417519160577216,0,NS
Interaction,SLK,17.123853331852764,-0.05618182739742039,0.980798083318304,0.984429427369759,0,NS
Interaction,PPIL3,19.486759735834102,-0.16903927900717974,0.922485112264284,0.8853346471579889,0,NS
Interaction,LRMDA,24.286429598218575,-0.1111644950148012,0.9332672678842272,0.9362049425497352,0,NS
Interaction,TNMD,24.29321148299463,-0.1464666059079036,0.922485112264284,0.9014934956499316,0,NS
Interaction,PPA2,20.9359455437982,-0.02126281617125158,0.9854311722187112,0.9973626506437164,0,NS
Interaction,MRPL46,16.8656713222424,0.24004912429927927,0.7867016213220325,0.7061963226875984,0,NS
Interaction,TMEM245,21.4090258905258,-0.16605964777268056,0.9311991011970084,0.8941218782216673,0,NS
Interaction,C11orf68,18.74212851293333,0.00808914314726649,0.9952907995236356,0.9997155872650044,0,NS
Interaction,GHITM,19.439706035503068,0.12649515046293305,0.9110610587868728,0.9025504254851192,0,NS
Interaction,BOLA2,18.97496843970118,-0.21973643321759084,0.7782105332378368,0.7151685523679979,0,NS
Interaction,TMX1,18.38582523766034,-0.09869674640629356,0.9332672678842272,0.9391450874460616,0,NS
Interaction,CHMP4B,20.517522333408444,-0.02334318431179483,0.9854311722187112,0.9965104586152332,0,NS
Interaction,RBKS,17.886499316149507,-0.07925472808100764,0.972244334638774,0.9712219642783352,0,NS
Interaction,FN3K,21.65432535890463,0.1376475862631814,0.8316809627107785,0.8421257306017688,0,NS
Interaction,TOR1AIP2,15.889118371052048,0.05644162200012737,0.9854311722187112,0.9929252162132256,0,NS
Interaction,RNPEP,20.65992432905237,0.04505141500578702,0.9810496186924323,0.9879921650096898,0,NS
Interaction,GLIPR2,15.947080117681985,0.15861410787809405,0.9470531968460388,0.919951152543196,0,NS
Interaction,EHD1,23.48634173966568,-0.04022930525968604,0.9783312218446496,0.9868119619189808,0,NS
Interaction,TMEM38A,22.798256346582583,-0.01839659219416489,0.9903410703013332,0.9987089934384128,0,NS
Interaction,OPA3,18.899688123542028,-0.10834827006147664,0.9552373341053044,0.951517164602293,0,NS
Interaction,DCTPP1,17.880264418766043,0.096375861493879,0.9783312218446496,0.968116441598818,0,NS
Interaction,AAMDC,25.237238190807652,0.05836285753807857,0.9792459364801476,0.982747380801733,0,NS
Interaction,PTGES2,22.17039009992156,0.02349537832493098,0.9854311722187112,0.9967979026239836,0,NS
Interaction,UBE2Z,16.842139256434567,-0.1981103819779619,0.7954539833722686,0.7547430344012181,0,NS
Interaction,ACAD9,17.910444100699962,0.14969364359807713,0.9161298065083752,0.8912274691908156,0,NS
Interaction,METTL7A,21.827171056927085,-0.09914237488230172,0.9482755410858804,0.9506619191989234,0,NS
Interaction,COQ10B,21.661421679918966,0.02565640692353099,0.9900178499897422,0.997533291340223,0,NS
Interaction,MOB1A,17.570222360387877,0.01497613899623928,0.9903410703013332,0.999120771536964,0,NS
Interaction,GORASP2,16.333463553359408,-0.01057518178056327,0.9903410703013332,0.9992798820414114,0,NS
Interaction,JPT2,15.58737160500486,-0.4866952515234182,0.7433673676225092,0.39509207167314014,0,NS
Interaction,SYNPO2L,17.74520805840799,0.49036563579042536,0.7841359352735049,0.4859349168508921,0,NS
Interaction,ARMT1,19.1285244543479,-0.13109099151886383,0.9332672678842272,0.916763341578408,0,NS
Interaction,LRRC40,14.2367184914811,0.34969757892686637,0.910335198573387,0.7493336350259531,0,NS
Interaction,SFXN1,19.110773896262813,-0.02420000157123425,0.9854311722187112,0.9963808333166624,0,NS
Interaction,L2HGDH,21.17503649291731,0.0788464872208543,0.961069163803106,0.9661963661718816,0,NS
Interaction,COPS7B,15.055358018193465,-1.2827815706782069,0.5102171333964075,6.011012639191338e-4,-1,Down
Interaction,FN3KRP,19.395027560551497,0.12514851532586135,0.9807827059117756,0.9652727386230588,0,NS
Interaction,TBC1D17,17.9865599391825,0.05651455496946767,0.9785413164143968,0.9823206617478925,0,NS
Interaction,CARS2,15.887797870563904,NA,NA,NA,0,NS
Interaction,GRPEL1,17.06017310185173,-0.1532785129929053,0.9221576569491778,0.8937358827211771,0,NS
Interaction,CACYBP,19.990860466691668,-0.13460635088719286,0.922485112264284,0.9078583402911576,0,NS
Interaction,RDH14,16.99654794310914,0.19984289834303223,0.7867016213220325,0.7465441880703366,0,NS
Interaction,PARVB,18.859326861915356,0.10387094466952718,0.922485112264284,0.9298251400459532,0,NS
Interaction,TNS1,20.44488318099535,0.19331820288791235,0.839438685331748,0.7951425667000092,0,NS
Interaction,PLGRKT,21.000795869461523,0.23265426529898647,0.8685999596414687,0.7922732223931919,0,NS
Interaction,GLOD4,21.78421581687677,0.05049425583175804,0.9507296866978122,0.976304125994076,0,NS
Interaction,MCCC2,17.392929827481293,0.280102189741406,0.8115954303488957,0.6912425477195637,0,NS
Interaction,HHATL,23.13420986519725,0.1605516242013003,0.9110610587868728,0.8780927527397339,0,NS
Interaction,PREB,18.466295627455818,-0.26128914452184304,0.7179536967395801,0.5226968880733627,0,NS
Interaction,MRPL47,17.501481987123434,0.17553608407967758,0.8391929452378125,0.8113651004038676,0,NS
Interaction,JPH1,22.390804752228885,0.10195468165392896,0.9161298065083752,0.925282600259378,0,NS
Interaction,APMAP,17.4642539052224,-0.18911302815823203,0.7985540817521978,0.7723917207355646,0,NS
Interaction,TXNRD2,20.351153147623524,-0.00701945980229012,0.9955385620149444,0.9998076642435676,0,NS
Interaction,RAB18,19.555413374264923,-0.21442835282146433,0.7179536967395801,0.5960384580933255,0,NS
Interaction,PALMD,17.184103322969147,-0.10488912237009984,0.9353885895270844,0.9421020725057674,0,NS
Interaction,SSU72,14.7512278528859,0.9512423915648788,0.02191805740976187,1.8250218975855037e-5,1,Up
Interaction,VTA1,19.18527008062651,-0.06718316416264969,0.9486203370812758,0.9678169726644902,0,NS
Interaction,SARS2,17.742940399680084,-0.10480851394957824,0.9332672678842272,0.9387240683173376,0,NS
Interaction,DYNLRB1,17.918302919378313,0.15183815838828352,0.8853598978848289,0.8706421757040329,0,NS
Interaction,MYOZ1,22.845612661761617,0.6369169177966505,0.8583742360184546,0.5129037477169491,0,NS
Interaction,MYOZ2,20.46894607836752,0.1654270198737322,0.9854311722187112,0.9652386386184828,0,NS
Interaction,OSGEP,16.796508041149746,0.12318128842145626,0.9161298065083752,0.9095312946792016,0,NS
Interaction,ACOT13,22.531531272992183,0.06174125991917378,0.9700291507912469,0.9760297564102508,0,NS
Interaction,MRPL40,16.66041826919611,0.0207001050207225,0.9903410703013332,0.9983898021074492,0,NS
Interaction,TIGAR,15.451088837027768,-0.47565627088196294,0.7782105332378368,0.4866709872029188,0,NS
Interaction,RTN4,25.85355478758749,-0.1713043262670304,0.7376806585041908,0.7100892268740242,0,NS
Interaction,HINT3,19.024046332989965,0.16755029233783247,0.9332672678842272,0.8977678036649596,0,NS
Interaction,PFDN4,17.970851816670464,-0.11071206949143075,0.9161298065083752,0.9171583981148694,0,NS
Interaction,NIT2,20.19978337352846,-0.06891770142994602,0.9161298065083752,0.948808417044668,0,NS
Interaction,XPNPEP1,18.221809352669712,-0.09193573089208228,0.9161298065083752,0.9309976753189472,0,NS
Interaction,GPHN,15.911301688483771,-0.10998560749168183,0.9439952703002904,0.9423377448373856,0,NS
Interaction,PDLIM7,21.98674286553946,0.4412366512535364,0.803022326065381,0.5507387745731478,0,NS
Interaction,ACSS2,17.600207788625372,0.1309550391997547,0.8431857064796524,0.859308359905613,0,NS
Interaction,DIABLO,20.18847221206481,0.2502089309808646,0.7179536967395801,0.5884934014970319,0,NS
Interaction,SAR1A,24.08050482854849,-0.15836541986076114,0.7782105332378368,0.7889506101119436,0,NS
Interaction,SH3GLB2,17.379432376397745,-0.03489234171972555,0.9854311722187112,0.9947974246418166,0,NS
Interaction,EIF2B3,17.602445997985523,0.2973507027356561,0.9110610587868728,0.7857689656776446,0,NS
Interaction,MBNL1,20.240136184183463,0.00689448947719029,0.9913130521867304,0.9996876032160228,0,NS
Interaction,SDR39U1,21.477258041164006,0.07610306706273917,0.9807827059117756,0.9787853156954084,0,NS
Interaction,AASDHPPT,16.762659415535484,0.01629931135955331,0.9903410703013332,0.9990771349847808,0,NS
Interaction,OSTC,18.107484857282557,0.21437837257835213,0.8685254447956907,0.8055152357736817,0,NS
Interaction,CMC2,18.1289468553069,-0.02845723957574009,0.9858065901306122,0.9967513949757248,0,NS
Interaction,HEBP1,19.95985158390545,0.3237069258951557,0.6266208129361281,0.3327193137419303,0,NS
Interaction,PHPT1,25.488690874062968,-0.17207094654639832,0.7493594429402247,0.7310867092580676,0,NS
Interaction,TOMM22,19.39532969712585,0.9120999417939616,0.5102171333964075,0.00286660473514566,1,Up
Interaction,LANCL2,18.294040201183098,0.1259524775614871,0.8848023593439903,0.8911413136404517,0,NS
Interaction,FARSB,23.20681918822667,-0.4852032516841547,0.60007559363049,0.1087426776084542,0,NS
Interaction,IARS2,21.47990646810612,0.06998872854720517,0.936472406056756,0.9611916804808518,0,NS
Interaction,SIRT3,18.842508115690418,0.320706230741834,0.7179536967395801,0.5146447730841939,0,NS
Interaction,MAN2C1,23.066966654498987,-0.3989758430454202,0.6674436307858687,0.32167050191261337,0,NS
Interaction,OLA1,23.417718448209715,-0.0425596093026499,0.9572712774202998,0.9809688465475392,0,NS
Interaction,CUTC,22.48483486190536,0.04830099135479315,0.9854311722187112,0.9883185144776084,0,NS
Interaction,ACSS1,17.747981967440055,-0.02707175290940355,0.9903410703013332,0.9975431446296488,0,NS
Interaction,ABHD10,18.374754263133724,0.03866773443607485,0.9854311722187112,0.992811367764881,0,NS
Interaction,DDX19A,20.662631871107287,-0.00600417482407777,0.9903410703013332,0.9997039285875312,0,NS
Interaction,SEPTIN11,17.747784893662352,-0.3077560944295179,0.7179536967395801,0.5300282056645328,0,NS
Interaction,PARVA,17.216750178510644,-0.0764820677513498,0.9711717047023336,0.972082794646603,0,NS
Interaction,PANK4,19.252898688520407,-0.14876926211603347,0.8476369238316583,0.8447724407446303,0,NS
Interaction,DNAJC11,18.643390162438703,0.14173119775643173,0.9329178245174946,0.909759121464109,0,NS
Interaction,TMLHE,20.27729201746345,0.5307313524691821,0.7179536967395801,0.3054244420938607,0,NS
Interaction,ATAD3A,17.612785335114694,0.26130756387946263,0.7985540817521978,0.6985341918233976,0,NS
Interaction,ARL8B,21.713226616558675,-0.1319732986468587,0.8431857064796524,0.8570610719073312,0,NS
Interaction,MRPS18A,16.036748210274183,0.03353246979445501,0.9900178499897422,0.9968371518643728,0,NS
Interaction,PNPO,21.5285709980856,-0.11614027115993152,0.9476454715976984,0.9420190597491704,0,NS
Interaction,OXSM,17.40196530171918,0.0480623838946812,0.9854311722187112,0.9925604275156684,0,NS
Interaction,MRPL22,16.37279096390886,0.00546706504105998,0.9955385620149444,0.9998950983445176,0,NS
Interaction,CZIB,22.945174287823335,0.126769027505226,0.8685999596414687,0.8825341460726902,0,NS
Interaction,BABAM1,17.128720342876544,0.0551730148977434,0.9727786546110924,0.980080774019708,0,NS
Interaction,NDUFB11,23.287407649791177,0.3299164736285327,0.7074852069419307,0.417431895147596,0,NS
Interaction,OCIAD1,20.033968636269513,0.17093445309826905,0.7493594429402247,0.7288674174510889,0,NS
Interaction,MARCHF5,16.726409069174366,-0.02364213328536735,0.9900178499897422,0.9977367795655824,0,NS
Interaction,CHCHD3,23.744564351329405,0.09262023947585618,0.9221576569491778,0.9343516764577268,0,NS
Interaction,SIRT5,20.369992801303997,-0.11241295275200258,0.9110610587868728,0.9127050398351392,0,NS
Interaction,BABAM2,21.38062354250999,-0.02621278675838212,0.9854311722187112,0.9952457668666476,0,NS
Interaction,DPP3,20.378368484314304,-0.2033232886905445,0.7383632548114595,0.6711150079633137,0,NS
Interaction,TUBA8,22.03337647619035,0.16934765328043255,0.7179536967395801,0.7003532970954995,0,NS
Interaction,MAP3K20,21.883662946224895,-0.33061072858654583,0.7954539833722686,0.6266525585082053,0,NS
Interaction,UGGT1,17.911288323971025,-0.00426895335477439,0.9955385620149444,0.999913850934777,0,NS
Interaction,TECR,20.11859339315523,0.1457242365693041,0.9332672678842272,0.910040983938616,0,NS
Interaction,ERAP1,20.37180291966111,-0.1274985926072425,0.9332672678842272,0.9255027512155526,0,NS
Interaction,CISD1,25.999332054880075,2.3177076735692023e-4,0.9994783006872592,0.999999658319776,0,NS
Interaction,CLIC5,22.02083979080578,0.05091329688066182,0.9783312218446496,0.9830111260273344,0,NS
Interaction,FAM120A,15.709491344274582,-0.04125343226090017,0.9854311722187112,0.9915691435294762,0,NS
Interaction,GLTP,14.125696171432448,-0.22744854857842256,0.9161298065083752,0.8368198214800592,0,NS
Interaction,COQ3,22.30824949626557,0.04825343185559916,0.9785413164143968,0.9848815116748284,0,NS
Interaction,HSPBP1,17.384618230641873,-0.23460482893943535,0.7985540817521978,0.7236496973471378,0,NS
Interaction,MAT2B,23.403748270486588,-0.1322270767918816,0.8431857064796524,0.8569772190881213,0,NS
Interaction,MYOF,20.483379793589236,-0.0435400435233575,0.9854311722187112,0.992422653660886,0,NS
Interaction,EHD2,22.900614567541417,0.14570578087108288,0.7678983487629457,0.7775593102935322,0,NS
Interaction,TMOD4,21.511544770164885,0.5575621610128287,0.7746935995485886,0.4115478778819486,0,NS
Interaction,LMCD1,25.53787802475032,-0.19772522424468164,0.7985540817521978,0.763704903374036,0,NS
Interaction,CHMP5,16.938059375318712,0.1367293794132678,0.9486203370812758,0.9354884512239702,0,NS
Interaction,CNIH4,20.21304067411541,-0.5542462007735409,0.6266208129361281,0.10925109614115826,0,NS
Interaction,NDUFAF4,18.46878161427026,0.4145553358200296,0.7179536967395801,0.4166750558536185,0,NS
Interaction,EMC3,17.192537497324384,-0.02393116185745469,0.9900178499897422,0.9977556257921496,0,NS
Interaction,NDUFA13,25.224774975068343,0.2170335961687826,0.7746935995485886,0.7089681791885427,0,NS
Interaction,PDP1,20.800255045727376,0.20705972477987444,0.839438685331748,0.7829212221895244,0,NS
Interaction,MRPL36,23.377846467643455,-0.1596637247994046,0.8476369238316583,0.8373893718884056,0,NS
Interaction,VAPA,22.439968640730648,-0.06374073095793165,0.943782221954144,0.9660587793984468,0,NS
Interaction,RNF181,16.575184374632386,0.04424261862993362,0.9854311722187112,0.9943570933200786,0,NS
Interaction,TMEM14C,20.02747988069771,-0.34511158389500096,0.9507296866978122,0.849193743984488,0,NS
Interaction,LARS1,17.730981176017973,-0.08157807600262501,0.9486203370812758,0.9597677868431194,0,NS
Interaction,SUCLA2,24.646477730554924,-0.04335117613116424,0.9783312218446496,0.9853192172014846,0,NS
Interaction,GMPR2,19.945289434599403,-0.15077690468100613,0.8902983284410025,0.8749796330195951,0,NS
Interaction,DPM3,18.979195735148647,-0.20151136074157705,0.9332672678842272,0.8790072677330503,0,NS
Interaction,IMPACT,18.73694523823134,-0.38812626600692823,0.7678983487629457,0.5194148853621198,0,NS
Interaction,ATXN10,16.867101251077177,0.2474345190919358,0.7179536967395801,0.6010735894416659,0,NS
Interaction,EPS15L1,15.856379578913335,-0.05024383316334102,0.9854311722187112,0.987627671697618,0,NS
Interaction,SAE1,16.688228653616257,-0.44718571556402864,0.8337956723519173,0.5773414964202926,0,NS
Interaction,RNF7,20.76394439714597,0.09883104382233654,0.9028739540752312,0.9193705177701958,0,NS
Interaction,MYOT,24.657181227850856,0.30960753574583677,0.8508280648343147,0.7180011164310731,0,NS
Interaction,GNG12,19.060214301961892,0.02790065792876461,0.9854311722187112,0.9963684420848606,0,NS
Interaction,VPS29,16.064786438812128,0.15170009816221608,0.9854311722187112,0.963888013719102,0,NS
Interaction,EIF3K,22.678946338821856,0.18306154094810267,0.7980416035333834,0.7732182909783559,0,NS
Interaction,GRHPR,23.55293741448541,-0.02537009825869773,0.9854311722187112,0.9939333182410366,0,NS
Interaction,CTSZ,17.32850561552184,-0.27768816149795583,0.7678983487629457,0.6255860270808667,0,NS
Interaction,UBA2,16.287014904361723,0.07154318469004295,0.9727786546110924,0.9744068644446142,0,NS
Interaction,COPS7A,20.235038456874243,-0.2398205200115839,0.6551220900984647,0.4874014836396182,0,NS
Interaction,HSPB7,26.70118429098966,-0.2598937386799207,0.7678983487629457,0.64077164240846,0,NS
Interaction,CLIP2,19.529418567037133,-0.1596125995610187,0.9332672678842272,0.9089187788983268,0,NS
Interaction,UQCR10,25.800685477333783,0.06761036010999533,0.9702265433758293,0.9743538316963476,0,NS
Interaction,DNAJB4,18.02076697709327,-0.07771922688150923,0.9854311722187112,0.9859770336700028,0,NS
Interaction,NIPSNAP3A,21.357591902914876,-0.5222290249637318,0.7493594429402247,0.38540820316656427,0,NS
Interaction,TES,16.139261739196517,0.9650945071977456,0.6266208129361281,0.04015308032496128,1,Up
Interaction,KDM5B,19.839716133582247,0.10697569388872452,0.9332672678842272,0.9345754878984812,0,NS
Interaction,WARS2,15.150898040210944,0.9511765045703164,0.7678983487629457,0.19281411919613153,0,NS
Interaction,MLX,19.93981967037778,0.27088430592746704,0.8460909063317416,0.7326936853636142,0,NS
Interaction,SEPTIN9,17.594348143313272,-0.3232174923018718,0.7179536967395801,0.4866830515108228,0,NS
Interaction,UBQLN2,16.12566864861855,-0.22909333035555335,0.7433673676225092,0.6489564031663687,0,NS
Interaction,PCYOX1,23.395209371817145,0.01032028814853447,0.9903410703013332,0.999463550627396,0,NS
Interaction,DPP7,14.17734846322122,0.3909414758070042,0.7887028432084073,0.5684123471222058,0,NS
Interaction,SMPX,24.389374773342418,-0.06689637938552906,0.9785413164143968,0.9793272214965464,0,NS
Interaction,BCAP29,19.36747605657233,0.00221533470014279,0.9955385620149444,0.9999750021500566,0,NS
Interaction,CYB5R1,26.123280947263066,-0.1065948329243227,0.8735920182619448,0.9047121504185212,0,NS
Interaction,PFDN2,20.815694295983302,-0.17025740241821197,0.7694576829560251,0.7513650247906705,0,NS
Interaction,PUF60,16.523186356201784,0.17540436733991172,0.8460909063317416,0.8182873912968003,0,NS
Interaction,ENOPH1,19.726516109299904,0.10167978953383285,0.9161298065083752,0.925817369106922,0,NS
Interaction,NDUFA12,23.18540689639452,0.4051267657486548,0.6551220900984647,0.299256113662602,0,NS
Interaction,EIF2B4,15.026488621120624,-0.21753354689103332,0.848790621685638,0.789455094612637,0,NS
Interaction,ATP6V1H,17.062205301826843,0.08948218855902468,0.9486203370812758,0.9577821452390716,0,NS
Interaction,TRMT112,17.299965749189838,0.8181513354486114,0.6266208129361281,0.06492041727148148,0,NS
Interaction,XPO7,16.422053145857785,-0.16617073013011208,0.9188057266203828,0.8836188051771541,0,NS
Interaction,LCMT1,18.688153563672653,0.07960827698486383,0.9616031106987428,0.966440063738544,0,NS
Interaction,ATP5IF1,24.119688619945784,-0.00479037710608309,0.9955385620149444,0.999895343155281,0,NS
Interaction,AK3,23.81693566305069,0.02510004824360834,0.9903410703013332,0.9979792298526128,0,NS
Interaction,NAGK,17.563470568428063,-0.02619950652789171,0.9854311722187112,0.9946732916537392,0,NS
Interaction,SLC25A13,24.84697653701011,0.18344337679110367,0.7678983487629457,0.7266401869654726,0,NS
Interaction,DBNL,16.59634095877788,-0.4407478965669611,0.7678983487629457,0.46446399614130335,0,NS
Interaction,DCTN4,18.28940345022126,-0.14296728360952926,0.910335198573387,0.8887828694949746,0,NS
Interaction,HSPB8,20.46899889899303,-0.0794134875239294,0.9785413164143968,0.9748128285756856,0,NS
Interaction,STOML2,19.79456423386381,-0.02033221259213036,0.9854311722187112,0.9969049020578916,0,NS
Interaction,VPS28,17.004410583031618,-0.11495134629288016,0.851451512243596,0.8845783857611342,0,NS
Interaction,JPT1,17.873636969191885,0.08755392046634114,0.9739487504885194,0.969195902896568,0,NS
Interaction,APPL1,20.1091020704628,-0.18014389376664042,0.7179536967395801,0.6803318028220898,0,NS
Interaction,PACSIN3,23.5880424020877,0.2675440718142674,0.7179536967395801,0.5374272749629015,0,NS
Interaction,ACAD8,20.78084893683229,0.28450721671545764,0.7179536967395801,0.5271110360866484,0,NS
Interaction,AGO2,17.56605541970776,0.1888788620180399,0.8105532690086262,0.7779584180737811,0,NS
Interaction,MYH2,29.90199256592627,0.6824098500438858,0.7179536967395801,0.2229715515787596,0,NS
Interaction,MYH13,22.538328192711724,-0.2608483434174751,0.94426008060568,0.8695498342715101,0,NS
Interaction,CDV3,19.493804298287703,0.02366810285756315,0.9854311722187112,0.99658087438832,0,NS
Interaction,RAB21,19.62704693179145,-0.09171384334430144,0.922485112264284,0.9354497700897032,0,NS
Interaction,PSME2,20.06870691772084,-0.3262230347638386,0.7179536967395801,0.5097320300613561,0,NS
Interaction,DNPEP,21.51186267216365,0.05546292374465267,0.9460359456794404,0.971065404394016,0,NS
Interaction,MCTS1,21.86814895975252,-0.1816245799802445,0.7179536967395801,0.6739277611109025,0,NS
Interaction,TBC1D24,15.722633405975378,-0.5284900232228384,0.6551220900984647,0.20945026773816808,0,NS
Interaction,TMCO1,20.351011765201957,-0.22578126334987655,0.73254801412262,0.6350889260874331,0,NS
Interaction,EPDR1,21.256131604854232,0.0972806379182991,0.9486203370812758,0.953791669659088,0,NS
Interaction,MYO6,25.271056231756152,0.1574279674473651,0.9161298065083752,0.8841125991428933,0,NS
Interaction,NFU1,16.55402282134001,0.10005781303414808,0.9665045937981296,0.959829584605744,0,NS
Interaction,SYNPO2,23.36164735844713,-0.1379136061602786,0.9332672678842272,0.9185649526621942,0,NS
Interaction,UBQLN1,16.853877425585665,-0.1303966419392815,0.9702265433758293,0.9515611049199856,0,NS
Interaction,SNX12,19.94800023384251,0.10011240095179376,0.9332672678842272,0.9423121151432616,0,NS
Interaction,NDRG2,24.842748110841857,-0.07127211433200031,0.9549624277794448,0.9675535665848009,0,NS
Interaction,VPS4A,20.66658311533434,-0.09125439928392964,0.9332672678842272,0.94156015778321,0,NS
Interaction,G3BP2,18.747890122296187,0.5107614417091142,0.7179536967395801,0.2931634183668523,0,NS
Interaction,STUB1,18.241314763173975,-0.26853071850013066,0.6440645776750207,0.4342236271950178,0,NS
Interaction,PACSIN2,17.061035102016415,0.08468995580688343,0.9666023531269136,0.9666608364363124,0,NS
Interaction,SNX6,17.497484762966128,0.06375528859748769,0.9332672678842272,0.9609904703236706,0,NS
Interaction,PSMD13,21.652125083764457,-0.0983132578315704,0.8278730193858214,0.8830744959844491,0,NS
Interaction,COPS3,21.250914683317873,0.06063528529127637,0.9161298065083752,0.9530500575348562,0,NS
Interaction,NSFL1C,23.272338439264935,-0.05997922395258115,0.9311991011970084,0.960382817065302,0,NS
Interaction,PPP6R1,17.526946754687664,0.3369588357941389,0.6440645776750207,0.34971000612613495,0,NS
Interaction,LIMCH1,19.139707894862692,-0.03995849932270801,0.9854311722187112,0.9920729635974262,0,NS
Interaction,USP24,16.77850575609571,-0.4863154213344174,0.6266208129361281,0.1821721755156669,0,NS
Interaction,MAPRE3,18.8651372711061,-0.03480734712636035,0.9858065901306122,0.9960284372740864,0,NS
Interaction,PA2G4,21.61272766758412,0.11390881358990156,0.8685254447956907,0.891785267197299,0,NS
Interaction,CAMK2A,21.5459124073706,0.19290122547471,0.8902983284410025,0.8441662898691289,0,NS
Interaction,CHMP2B,17.47165659755268,0.15211150651721184,0.8431857064796524,0.8382547478787735,0,NS
Interaction,RTRAF,17.15544750943501,0.12409878036779176,0.9810496186924323,0.9675729659499684,0,NS
Interaction,RUVBL2,18.68711794158123,-0.17451862912388094,0.8581008351042769,0.8325987447226626,0,NS
Interaction,APOBEC2,25.769872424353856,0.647080462660643,0.6266208129361281,0.07877359274831323,0,NS
Interaction,PIN4,18.7040170744942,-0.09665233076182388,0.9332672678842272,0.9461732277818752,0,NS
Interaction,EIF3L,19.256557747627884,0.02910841457384094,0.9854311722187112,0.9958253099129928,0,NS
Interaction,PLAA,18.61283725126588,-0.2453915735028076,0.6266208129361281,0.42168584444899726,0,NS
Interaction,NUDC,19.61220218513492,-0.1338838322078999,0.7493594429402247,0.7834516110229985,0,NS
Interaction,BCS1L,16.84902342198505,0.01041840820290218,0.9955385620149444,0.9997192524954308,0,NS
Interaction,VDAC3,26.13431785148007,0.208970323890874,0.7747378329305563,0.723164119897227,0,NS
Interaction,CFL2,26.85821955609518,0.02720274202122397,0.9854311722187112,0.993400129565586,0,NS
Interaction,FARSA,19.174914497653106,-0.39806548543190345,0.6266208129361281,0.2452249634170463,0,NS
Interaction,CNPY2,16.638551277387457,-0.02544139602511563,0.9858065901306122,0.9970877596554472,0,NS
Interaction,FNDC3A,21.22344490691864,-0.16413693214289538,0.9854311722187112,0.9643863020484108,0,NS
Interaction,PADI2,25.36826814880421,-0.17492720937771722,0.7746935995485886,0.7512668379292705,0,NS
Interaction,GSTK1,22.184880474937977,0.01115299440279571,0.9903410703013332,0.9993044505893892,0,NS
Interaction,LAMTOR2,16.33859087985828,-0.2891444917026753,0.8902983284410025,0.7758395357581207,0,NS
Interaction,MRPS35,15.310403775847757,-0.3752195763512045,0.7179536967395801,0.4478567255891158,0,NS
Interaction,COA3,21.558531320339693,-0.11204201513276855,0.9666023531269136,0.9561842308386208,0,NS
Interaction,TMA7,22.59349247905731,0.02116761079001961,0.9858065901306122,0.9975607256153636,0,NS
Interaction,SUGT1,20.08656029044673,-0.15361549588336132,0.8375313547829174,0.8320653929931042,0,NS
Interaction,COQ6,21.38448799369403,-0.05926115387757136,0.9701292708675796,0.9773780424797452,0,NS
Interaction,ACOT9,21.547643624307906,-0.02991563045579326,0.9854311722187112,0.9944164792556928,0,NS
Interaction,MEMO1,18.13678854319453,-0.21085320966167131,0.7681338613750195,0.7011966886043555,0,NS
Interaction,TMX2,16.58590934811895,0.404904723654532,0.7074852069419307,0.34299087090718827,0,NS
Interaction,SH3GLB1,20.15644074417123,-0.25863359492524296,0.7179536967395801,0.549950731521934,0,NS
Interaction,CAB39,22.664799433971183,0.0697090360915702,0.9221576569491778,0.9501156538455638,0,NS
Interaction,LUC7L2,17.156495795939946,0.01426184637258032,0.9900178499897422,0.998645187043902,0,NS
Interaction,DHRS7,23.9200721845024,-0.11922934199945344,0.8727794725058305,0.893292660167215,0,NS
Interaction,MOB4,17.623852571132044,-0.4350693868564015,0.6266208129361281,0.17467612310894226,0,NS
Interaction,SBDS,22.23207024482214,0.03174512009992369,0.9854311722187112,0.9920880782601466,0,NS
Interaction,MRPL11,19.004527984861554,0.0969615514753599,0.9666023531269136,0.9616158766434332,0,NS
Interaction,PPIL1,19.9490892274362,0.02271888472332506,0.9854311722187112,0.995354682749958,0,NS
Interaction,MSRB2,17.509838424031166,0.32296108701916637,0.8326980252630932,0.669068374631546,0,NS
Interaction,FIS1,23.040425427441217,-0.01002389998237163,0.9903410703013332,0.9994376058514356,0,NS
Interaction,PTRH2,17.34172103698349,0.737551886452728,0.6440645776750207,0.09477715049222864,0,NS
Interaction,STRAP,21.468659571047027,-0.04043924790987674,0.9552373341053044,0.9815031439288862,0,NS
Interaction,RTCB,20.83446726595252,-0.08982219594641805,0.8721684987217657,0.9168062698534126,0,NS
Interaction,RPL36,18.230256103231255,0.00341556425596323,0.9955385620149444,0.9999622604388104,0,NS
Interaction,SAMHD1,15.668560570628296,-0.2577178054113958,0.9161298065083752,0.81874983658701606,0,NS
Interaction,HBS1L,17.513115832105246,0.08126213661198278,0.9332672678842272,0.9521183404583188,0,NS
Interaction,TLN1,20.538792507353808,-0.01687986540433428,0.9854311722187112,0.9970847249747176,0,NS
Interaction,USP15,17.758174792196368,-0.09204505840397914,0.9161298065083752,0.9319073004219725,0,NS
Interaction,TLN2,18.033944488032105,-0.2746969460244806,0.6991076314771079,0.4677066433468013,0,NS
Interaction,DTNA,21.006793140797964,-0.12640653197397,0.7980416035333834,0.8387969123568338,0,NS
Interaction,HYOU1,16.811089580986035,-0.1429710522722374,0.8685254447956907,0.8665121001498323,0,NS
Interaction,AFG3L2,22.31703003862982,0.01349950071501382,0.9903410703013332,0.9987554682067786,0,NS
Interaction,ARIH1,17.20591756074084,-0.40679326971135765,0.7179536967395801,0.3622775420016455,0,NS
Interaction,RNF114,17.60677127225393,-0.20342910374695575,0.7461774709940765,0.683591110830423,0,NS
Interaction,SAMM50,24.27328366236723,0.09059351493312916,0.8727794725058305,0.9181403545154134,0,NS
Interaction,PPME1,16.938070927487782,-0.08014595175705708,0.9854311722187112,0.9824347595476884,0,NS
Interaction,TIMM9,19.7242873380898,0.22582707469952368,0.7678983487629457,0.6798923813484022,0,NS
Interaction,TIMM8B,16.370811243395742,0.16184091669663303,0.9057277338592256,0.8726874590817245,0,NS
Interaction,UCHL5,18.070348656879904,0.03421158077901154,0.9854311722187112,0.9918896645636422,0,NS
Interaction,TIMM13,21.15590694002105,0.06594850525766915,0.9587014042072486,0.9709254949663126,0,NS
Interaction,SRPRB,18.192631216551128,-0.05961744295066396,0.9783312218446496,0.9801567310212858,0,NS
Interaction,GMPPB,17.39225607725515,-0.1158728756412266,0.9161298065083752,0.9142689113545858,0,NS
Interaction,MPC1,22.18633753882216,-0.2217465893496744,0.7746935995485886,0.7013843136791165,0,NS
Interaction,SNX5,18.57120406612797,-0.1803428071439548,0.9748395258427944,0.9378730177009712,0,NS
Interaction,HEBP2,24.080212343418427,-0.04083120758313541,0.9810496186924323,0.9891454141362436,0,NS
Interaction,HCFC2,22.23714666214799,0.12792595589423073,0.9727786546110924,0.9549232164330744,0,NS
Interaction,FHOD1,21.55235639220255,-0.05897895475224501,0.9486203370812758,0.9705294489518508,0,NS
Interaction,MYH4,23.45716552706173,0.34420900357076434,0.9332672678842272,0.7978659053857009,0,NS
Interaction,MRPS18B,18.630331276271555,0.09311769209608656,0.9332672678842272,0.9473628649951052,0,NS
Interaction,COPG1,17.975511695028974,0.17130593720161613,0.7746935995485886,0.7534316783923959,0,NS
Interaction,CLIC4,19.743611059754304,0.00562411608633439,0.9955385620149444,0.9998693549756636,0,NS
Interaction,NFS1,17.33161013622171,NA,NA,NA,0,NS
Interaction,SPCS1,17.693797084081798,-0.1535360784467379,0.8278730193858214,0.8243939554996033,0,NS
Interaction,SAR1B,23.592850857618576,-0.07670436836322736,0.9332672678842272,0.9550495125121402,0,NS
Interaction,MTCH2,23.320547506380713,0.04546109592032721,0.9704597005955988,0.9829175466962664,0,NS
Interaction,BZW2,22.090332210365215,-0.06729958382958401,0.922485112264284,0.9533197603722204,0,NS
Interaction,DYNC1LI1,16.88342072521524,-0.5347726711099092,0.60007559363049,0.0716230897786455,0,NS
Interaction,CHCHD2,21.64927642312278,0.37560521896438104,0.7468857735143336,0.4964527801209278,0,NS
Interaction,NDUFB9,23.652044624505635,0.43793332130818285,0.6266208129361281,0.1686257241057044,0,NS
Interaction,COX11,18.540868969678534,-0.20216252143996985,0.8476369238316583,0.7957394812566659,0,NS
Interaction,SQOR,17.702975158095096,0.33149643855875155,0.8476369238316583,0.6860025405120956,0,NS
Interaction,SESN1,19.207178189558334,0.05480412755031949,0.9810496186924323,0.9853211071908696,0,NS
Interaction,SEC23IP,17.026681912307687,-0.1992112601663187,0.7179536967395801,0.6501580305583186,0,NS
