"gene","cv_pre","cv_post","delta_cv","age"
"MMP24OS",21.5391402082531,44.6325000171686,23.0933598089155,"Young"
"ESYT2",22.3499025427083,33.0910295106153,10.7411269679071,"Young"
"ILVBL",25.015480714161,30.8766175689665,5.86113685480551,"Young"
"FSD2",26.6417868393512,24.4017825378946,-2.24000430145658,"Young"
"TARS3",49.232200886138,21.4684938998893,-27.7637069862487,"Young"
"VWA8",28.2852429043864,27.2732283299609,-1.01201457442547,"Young"
"CARNS1",43.2382978663782,44.6781102334408,1.43981236706261,"Young"
"MAP1LC3B2",35.334584056954,3.85611325933336,-31.4784707976207,"Young"
"PGP",19.0720183078409,12.4743515277019,-6.59766678013901,"Young"
"DHRS7C",31.5321596266974,28.7463815327164,-2.785778093981,"Young"
"SMTNL1",31.4681726405421,37.118734817626,5.65056217708396,"Young"
"NUDT19",52.706164172221,50.2307200181638,-2.47544415405712,"Young"
"NACA",13.5227546530501,18.305441078248,4.78268642519796,"Young"
"SLC35A4",26.8385552251342,38.3608444814334,11.5222892562992,"Young"
"PDLIM1",34.9571716295305,50.3875188376358,15.4303472081054,"Young"
"MYO1C",24.1858891959351,46.303529641155,22.1176404452199,"Young"
"FXYD1",33.5417418786556,43.199531420631,9.65778954197543,"Young"
"STXBP3",9.05575201144125,30.7079918178482,21.652239806407,"Young"
"NDUFS8",25.2865942249946,42.5732618814564,17.2866676564618,"Young"
"PSMD11",10.4461729811869,17.9210949179759,7.47492193678903,"Young"
"PSMD12",19.4799253619361,21.1367816884653,1.65685632652918,"Young"
"PSMD9",20.9224269516627,20.7520780466311,-0.170348905031585,"Young"
"PGRMC1",57.3754749622021,40.6619680559263,-16.7135069062758,"Young"
"CLIC1",24.1876930989971,32.7737261914255,8.58603309242844,"Young"
"EIF3F",15.9393115590788,19.5888717579188,3.64956019883998,"Young"
"PDHX",12.2123880420769,18.4287786478954,6.21639060581848,"Young"
"DCTN6",18.0839614039196,29.690298386897,11.6063369829774,"Young"
"IPO5",12.39797081422,12.4878073691173,0.0898365548973121,"Young"
"EEF2K",19.9946729570174,35.6722454381102,15.6775724810927,"Young"
"EML1",15.1442676176837,20.5309430335473,5.38667541586351,"Young"
"DNM1L",16.8127499483566,19.6173422480059,2.80459229964923,"Young"
"RTCA",21.2802209320311,23.2856981446559,2.00547721262478,"Young"
"NDUFA4",22.3993382933054,22.8606687579546,0.46133046464918,"Young"
"PSMD14",16.0105856711834,13.6390034862869,-2.37158218489649,"Young"
"BIN1",8.34345886685609,13.0677746881412,4.72431582128511,"Young"
"KPNA3",35.8145997573805,25.1830142064349,-10.6315855509457,"Young"
"DDX3X",25.7686239465695,23.188168417186,-2.58045552938355,"Young"
"KPNA4",13.4634364808483,16.3340251029941,2.8705886221458,"Young"
"CES2",27.2519288584719,43.2195724695678,15.9676436110959,"Young"
"FBP2",38.7986213207034,28.6984146730394,-10.1002066476639,"Young"
"PDXK",20.7923680866467,13.0978418493576,-7.69452623728904,"Young"
"SDHD",25.3540367616348,27.2038084908269,1.84977172919204,"Young"
"COX7A2L",19.9364543121322,37.511525261397,17.5750709492648,"Young"
"GAPDHS",75.2932784955781,73.868331046873,-1.42494744870507,"Young"
"HSPB6",40.4490031441624,37.3271268845192,-3.12187625964324,"Young"
"NDUFAB1",49.7132560620257,38.6112902486106,-11.101965813415,"Young"
"IMPA2",25.3042173960612,31.2433147788105,5.93909738274931,"Young"
"PDCD5",15.3060118708479,15.2972116238327,-0.00880024701517357,"Young"
"PRMT5",19.8216407433108,18.9886007206425,-0.833040022668289,"Young"
"PSMA7",8.34395670938548,13.6861112748331,5.34215456544758,"Young"
"OPLAH",15.2554695341047,27.9923102589087,12.736840724804,"Young"
"MGST3",20.6029157912231,28.9577114213973,8.35479563017418,"Young"
"RGS12",40.8962540081562,38.5983877948312,-2.29786621332505,"Young"
"HAT1",84.5400679457974,73.8112698433636,-10.7287981024338,"Young"
"UQCRQ",11.2290554325978,23.5270881042893,12.2980326716915,"Young"
"MYL12B",31.5180965748159,33.5106904032081,1.99259382839224,"Young"
"UQCR11",46.9038421150541,26.4616678372476,-20.4421742778064,"Young"
"CASQ2",35.5582124981342,37.0430855472501,1.48487304911584,"Young"
"HGS",26.8516473352121,26.262970809828,-0.58867652538402,"Young"
"HNRNPDL",42.2975087617423,45.9623568961648,3.6648481344225,"Young"
"XPO1",11.6735117252898,17.86098460687,6.18747288158021,"Young"
"ATP2A1",23.8405118873743,31.4360512868002,7.59553939942596,"Young"
"SYNJ2",68.6507239484113,48.8708059222345,-19.7799180261768,"Young"
"SYNM",46.8511193213917,68.5030051221119,21.6518858007202,"Young"
"ARPC1B",37.6480933821333,28.123632100613,-9.52446128152036,"Young"
"PGRMC2",29.1275448553512,30.4250626696555,1.29751781430427,"Young"
"PFDN6",20.8965878406314,20.2522174459243,-0.644370394707124,"Young"
"NDUFA1",44.2899132600212,64.5391394065696,20.2492261465484,"Young"
"SURF4",29.0593087983487,29.1757986182908,0.116489819942078,"Young"
"TCAP",54.7998820920145,87.1272747731022,32.3273926810877,"Young"
"PMM2",39.04254201462,34.7127435394842,-4.3297984751358,"Young"
"EIF3D",17.7929702202333,21.1518088835467,3.35883866331338,"Young"
"EIF3H",34.5966111703724,30.4179611570505,-4.17865001332191,"Young"
"BCAT2",29.0864833455582,19.6619000113196,-9.42458333423862,"Young"
"STX7",20.4659030353919,38.1415198401161,17.6756168047242,"Young"
"SLC16A3",40.0011388741653,45.9656291410402,5.96449026687487,"Young"
"YKT6",12.0373369341262,17.4354651378841,5.39812820375791,"Young"
"ARPC5",27.5002537067113,20.296192310898,-7.20406139581332,"Young"
"TAPBP",46.1347708145244,10.3165908472551,-35.8181799672693,"Young"
"DHX15",15.9590401328268,18.9936678084594,3.03462767563255,"Young"
"CYB5B",42.3643505196275,18.9084971981231,-23.4558533215043,"Young"
"NDUFS4",23.6359544924172,40.0137441893507,16.3777896969335,"Young"
"DYNC1LI2",27.8886958545339,21.4380437765884,-6.45065207794553,"Young"
"PSMD3",20.2102413377293,12.6348402234014,-7.57540111432789,"Young"
"RASA4",43.2236939160889,27.5513476566192,-15.6723462594697,"Young"
"HNRNPR",21.6682722617897,16.9223816337209,-4.74589062806889,"Young"
"TXNL1",16.3692272510699,12.09462562376,-4.27460162730987,"Young"
"TPD52L2",14.7803056420534,14.0976794449079,-0.682626197145423,"Young"
"ERI3",29.3742696205744,25.8145497503719,-3.55971987020252,"Young"
"AKR7A2",20.6819172403403,18.9813802429429,-1.70053699739745,"Young"
"LAT",34.4685582247249,28.6228652079012,-5.84569301682367,"Young"
"DENR",18.1124140314725,16.816283085746,-1.29613094572649,"Young"
"DNPH1",27.2462068663334,25.6568597321684,-1.58934713416497,"Young"
"TIMM44",24.4357840696564,17.7451713268678,-6.69061274278861,"Young"
"TRAPPC3",20.1702646558073,21.1011298987132,0.930865242905885,"Young"
"CHMP2A",17.4261674951171,16.3123424945931,-1.11382500052402,"Young"
"NDUFB5",16.507066393954,40.3525090405959,23.8454426466419,"Young"
"NDUFB3",25.9410954487936,39.8841725931046,13.943077144311,"Young"
"NDUFA2",22.6710395064813,33.2623978538486,10.5913583473673,"Young"
"BUB3",10.3044894228655,36.3479321317545,26.043442708889,"Young"
"ACTN4",66.388924361735,99.2262173763902,32.8372930146552,"Young"
"GSTZ1",33.5518777529427,26.1249767734647,-7.42690097947794,"Young"
"PRKAB2",14.9666929913459,21.855820867836,6.88912787649019,"Young"
"AP1G1",10.4663727913939,11.1699997208309,0.703626929437057,"Young"
"SYNGR2",22.1472935773927,19.8851772836318,-2.2621162937609,"Young"
"SGTA",14.4247457116215,23.4307998446716,9.00605413305011,"Young"
"ENSA",24.693039127221,29.9829571154008,5.28991798817979,"Young"
"SLC25A20",29.3641292056925,27.8665279470579,-1.49760125863459,"Young"
"NARS1",37.7457742852765,20.9526460425123,-16.7931282427641,"Young"
"LANCL1",27.5832827876999,16.0451500778706,-11.5381327098293,"Young"
"SLC37A4",37.7139577901867,29.0190642241877,-8.69489356599897,"Young"
"IDH3B",29.6574324498611,23.5193901275775,-6.1380423222836,"Young"
"CALU",25.9473982224405,28.4811686630521,2.53377044061164,"Young"
"AHCYL1",26.1507303586108,15.8079440325984,-10.3427863260125,"Young"
"NDUFS5",18.9679889899174,46.6041288808607,27.6361398909434,"Young"
"TIMM8A",59.385198131292,46.8731702851684,-12.5120278461235,"Young"
"PPP1R12B",32.2573617793467,36.4508211187979,4.19345933945117,"Young"
"PRPSAP2",31.8815281690527,36.7951442397979,4.91361607074525,"Young"
"SPAG9",19.5878420091331,34.0464994152547,14.4586574061215,"Young"
"OPA1",15.7361493449383,17.4680431533829,1.7318938084446,"Young"
"TBC1D4",26.356631753127,18.9350941173056,-7.42153763582134,"Young"
"SNX3",15.6546243663604,15.9659247833491,0.311300416988697,"Young"
"SYNCRIP",16.8138906900776,15.5351958724295,-1.27869481764809,"Young"
"KLHL41",46.211382157257,72.4977900668562,26.2864079095992,"Young"
"PLIN3",21.3116467311016,24.9236543762182,3.61200764511662,"Young"
"KPNA6",15.9041603190131,22.6788381961176,6.77467787710446,"Young"
"SNX2",17.0154002337187,20.3773701542637,3.36196992054505,"Young"
"USO1",16.4038188767052,21.2764531141781,4.87263423747294,"Young"
"TOM1",18.2133212789597,20.639695978953,2.42637469999333,"Young"
"PFKFB2",24.5565098788005,31.2377143932922,6.68120451449167,"Young"
"EDF1",18.8513006042886,17.0593967608338,-1.79190384345478,"Young"
"DNAJA2",14.4567264112444,13.8248663221088,-0.63186008913555,"Young"
"CUTA",43.7034513954208,25.567211739763,-18.1362396556577,"Young"
"PFDN1",15.8527801265423,16.9516849804415,1.09890485389915,"Young"
"NOL3",26.4703430958296,21.7875704397262,-4.68277265610331,"Young"
"WDR1",18.993867677945,16.2997282703415,-2.69413940760355,"Young"
"LDB3",13.6439668123676,20.2776180508406,6.63365123847296,"Young"
"CLASP2",15.037317151549,34.5065597899246,19.4692426383756,"Young"
"COBL",39.4292249232928,45.4695528465177,6.04032792322494,"Young"
"CPNE3",16.1054274697368,19.0805838692417,2.97515639950482,"Young"
"CLUH",53.4063023217614,32.3677414830216,-21.0385608387398,"Young"
"CAND2",26.7113052748524,20.8882541883171,-5.82305108653532,"Young"
"COQ9",25.0791514781783,16.9872778287419,-8.09187364943638,"Young"
"GGCT",24.165490750647,22.3965798686648,-1.76891088198212,"Young"
"NDUFS7",23.4115017341046,46.0121251273112,22.6006233932066,"Young"
"RTN2",14.9902799674464,17.1687555611009,2.1784755936545,"Young"
"NDUFS2",19.0522824243126,41.1170629043976,22.064780480085,"Young"
"NIPSNAP2",32.38890349071,32.0834423877962,-0.305461102913796,"Young"
"TBCA",16.9280152379277,18.7772398459891,1.84922460806143,"Young"
"ATP6V1G1",16.0516608728725,14.9380064863721,-1.1136543865004,"Young"
"VPS4B",36.7043330154296,40.7502624193925,4.04592940396294,"Young"
"MACROH2A1",45.7491245665065,40.6548596483924,-5.09426491811406,"Young"
"SH3BGRL",43.4459736810746,28.9120175401026,-14.533956140972,"Young"
"FLNB",38.9812733549453,39.258675801821,0.277402446875648,"Young"
"NDUFS6",18.099968833409,40.2816554552444,22.1816866218353,"Young"
"CS",21.3548959370938,15.7236959740887,-5.63119996300507,"Young"
"SEC22B",14.0038630981078,25.381157870469,11.3772947723612,"Young"
"MTX2",17.2192235091756,16.927752739594,-0.291470769581533,"Young"
"VPS26A",15.3198081998718,19.1649470964007,3.84513889652889,"Young"
"NDUFB1",36.3550191149591,36.88963240392,0.534613288960877,"Young"
"PMPCB",22.6944545975299,20.8658483599122,-1.82860623761773,"Young"
"NDUFS3",19.8239740099846,33.3562921677401,13.5323181577555,"Young"
"ECI2",19.7893769281321,24.457582020781,4.66820509264888,"Young"
"BANF1",40.3926896344719,32.1570733498636,-8.23561628460827,"Young"
"CSDE1",22.5822047406256,18.7588137133059,-3.82339102731973,"Young"
"PRKRA",24.9361901851135,41.4078553967134,16.4716652115999,"Young"
"LYPLA1",23.7211100675687,26.1650131361856,2.44390306861689,"Young"
"TIPRL",16.5783032065374,17.1892204072739,0.610917200736495,"Young"
"PPM1B",27.6606624928095,32.3243682225842,4.6637057297747,"Young"
"SLC25A12",20.8048663359486,21.5824671347987,0.777600798850077,"Young"
"TCEA3",23.495767119633,9.99336541690116,-13.5024017027318,"Young"
"EIF3G",38.0255207587973,20.9312941278378,-17.0942266309596,"Young"
"EIF3J",14.9477382579913,16.3225273124843,1.37478905449304,"Young"
"PSMD10",17.3347703768293,19.6838069200509,2.34903654322165,"Young"
"IDH1",15.5647781019437,18.0712799575493,2.50650185560559,"Young"
"SCO1",36.1406523229889,16.4714961151528,-19.6691562078361,"Young"
"ALDH1L1",25.144185047408,21.9294148782638,-3.21477016914423,"Young"
"ARL6IP5",9.73151495751332,19.7791883019351,10.0476733444218,"Young"
"DYSF",14.9848215319089,17.7055755386514,2.72075400674242,"Young"
"PIAS2",24.1285233121954,21.268716748546,-2.85980656364936,"Young"
"DCTN3",12.6435315451248,23.611925366175,10.9683938210502,"Young"
"ATP5PD",16.2926514025635,15.0093457925427,-1.2833056100208,"Young"
"FLOT1",21.0658855420052,14.6930082350485,-6.37287730695667,"Young"
"ATP5MG",16.8398214794287,11.5090052525189,-5.33081622690979,"Young"
"GLRX3",33.2889625232055,23.004314771427,-10.2846477517785,"Young"
"DDAH1",13.1727439871912,20.0910722810819,6.91832829389078,"Young"
"BAIAP3",27.5908804998487,26.8604962554848,-0.730384244363869,"Young"
"TOMM70",26.8038793219588,24.1203140380114,-2.68356528394743,"Young"
"UFL1",25.9742334367225,18.4018174932458,-7.57241594347672,"Young"
"TMEM63A",33.6482445895177,27.857074177433,-5.79117041208469,"Young"
"PLPBP",15.6566535067307,13.62222665864,-2.03442684809073,"Young"
"ERLIN2",25.67100290643,23.2976168357587,-2.37338607067133,"Young"
"ENDOD1",19.1268726119246,17.723175404372,-1.40369720755262,"Young"
"SEC31A",19.7448612467062,28.8640770390587,9.11921579235257,"Young"
"NDUFB6",29.4646829809756,45.7969882200454,16.3323052390698,"Young"
"MFN2",18.1663332340885,17.0508340685302,-1.11549916555828,"Young"
"NDUFA3",25.7485350638083,48.9843998122456,23.2358647484374,"Young"
"NDUFB4",28.9213024750726,39.8210722863174,10.8997698112448,"Young"
"NDUFB8",14.9345788959944,34.2430387906566,19.3084598946622,"Young"
"NDUFA7",23.0405957541689,40.7863297214759,17.745733967307,"Young"
"RTN3",33.0789328154053,39.4268143798341,6.34788156442877,"Young"
"LETM1",24.6050534760083,24.2985400700756,-0.306513405932716,"Young"
"STBD1",17.9517487813146,18.1528188919704,0.201070110655788,"Young"
"ZRANB2",80.0904742289071,51.4903903262223,-28.6000839026848,"Young"
"EPM2A",66.7846287714246,31.550822038398,-35.2338067330266,"Young"
"VAPB",15.7661806710031,23.5995143175373,7.83333364653416,"Young"
"NDUFC2",28.8633826677741,48.5942467401191,19.730864072345,"Young"
"NDUFA10",19.4895468164877,35.9885283805039,16.4989815640162,"Young"
"PGLS",22.2943299359213,36.4965946415446,14.2022647056233,"Young"
"TACC2",27.2507084898833,34.1485334816276,6.89782499174433,"Young"
"LYPLA2",37.4780981154921,55.1328787349441,17.654780619452,"Young"
"IPO7",21.7422772637846,30.6741156447896,8.93183838100506,"Young"
"ARIH2",31.5471454313552,34.0143073686376,2.46716193728238,"Young"
"PGM3",27.3071153200794,26.1182407107912,-1.18887460928823,"Young"
"SVIL",43.3309387318994,58.5430742384454,15.212135506546,"Young"
"AHSA1",17.0954007507644,26.6257295707877,9.53032882002328,"Young"
"H6PD",25.5858750683474,16.8891471226381,-8.69672794570928,"Young"
"MPC2",22.9714644929394,23.3267519794713,0.355287486531868,"Young"
"ETHE1",2.06558983513415,18.2100178181785,16.1444279830443,"Young"
"ACSL3",24.2055265347883,15.7457275488618,-8.45979898592652,"Young"
"ASMTL",15.9593535635214,22.8639729406747,6.90461937715324,"Young"
"CDS2",12.3481834342522,21.2222678432786,8.87408440902647,"Young"
"SNAP29",6.5788406004356,13.0043165325358,6.42547593210016,"Young"
"OXSR1",13.0710606288684,11.3667107765773,-1.7043498522911,"Young"
"LSM8",21.8982771444318,27.9960600433788,6.09778289894695,"Young"
"AP2A1",15.9962503731945,25.2288240304161,9.23257365722166,"Young"
"CAVIN2",18.785241070535,26.1725247451122,7.38728367457713,"Young"
"BAG2",40.1389860753453,27.7931092775912,-12.3458767977541,"Young"
"BAG3",30.9777543731284,30.3544780239198,-0.623276349208535,"Young"
"MLYCD",33.3756291704126,46.7378465045331,13.3622173341205,"Young"
"AIFM1",13.9219037745834,11.5195027521968,-2.40240102238663,"Young"
"EML2",38.9037716152785,35.9874245440099,-2.91634707126858,"Young"
"BPNT1",34.301900788907,23.3960409954731,-10.9058597934339,"Young"
"DDAH2",29.9190738890599,24.5272449525563,-5.39182893650351,"Young"
"ABHD16A",42.2814831107204,20.2236655947145,-22.0578175160059,"Young"
"TXNDC12",50.193308927412,8.62621980609681,-41.5670891213152,"Young"
"NUDT3",20.7184212553847,18.9496063266853,-1.76881492869932,"Young"
"NDUFB10",37.0071734655522,35.8425314509658,-1.16464201458641,"Young"
"CLPTM1",47.9642996280655,32.362494542128,-15.6018050859375,"Young"
"MOCS2",18.326383798163,31.0477769783727,12.7213931802097,"Young"
"TOMM40",22.5066436569905,33.8264853641068,11.3198417071163,"Young"
"PEX11B",29.9345052845503,33.729559995072,3.79505471052165,"Young"
"CYB5A",30.506527357265,30.1925940046318,-0.313933352633246,"Young"
"ADH1B",63.9182251305508,66.4800735023414,2.56184837179062,"Young"
"LDHA",21.8173050785815,20.3990721312926,-1.41823294728888,"Young"
"ALDH1A1",18.3352790561969,34.5649360573026,16.2296570011057,"Young"
"GLUD1",22.4195819055591,18.3893535874557,-4.03022831810338,"Young"
"CYB5R3",17.0245017943229,22.3033718295231,5.27887003520017,"Young"
"GSR",13.3336709476486,13.8258163108371,0.492145363188488,"Young"
"MT-CO1",48.7688272950589,42.5226479971744,-6.24617929788455,"Young"
"MT-CO2",25.555378093345,35.0323686532119,9.47699055986689,"Young"
"MT-CO3",21.7319707273701,48.8898702060627,27.1578994786926,"Young"
"SOD1",15.1402328200224,17.4123797878949,2.27214696787254,"Young"
"CP",24.168981404245,23.6980592811733,-0.470922123071635,"Young"
"F13A1",28.2702241010435,93.1112179080971,64.8409938070537,"Young"
"HPRT1",22.7463881724371,22.9407953720703,0.194407199633257,"Young"
"GOT2",16.2890201967844,14.6846876334116,-1.6043325633728,"Young"
"PGK1",11.8001829699609,13.9248729798727,2.12469000991186,"Young"
"AK1",22.634754768915,16.1244374391575,-6.51031732975741,"Young"
"MT-ATP6",35.5753868340488,35.3387335850117,-0.236653249037154,"Young"
"CA2",32.840889851116,27.4634986845394,-5.37739116657653,"Young"
"ASS1",69.6074906763532,44.0205653826091,-25.5869252937441,"Young"
"CST3",31.9046309573071,31.5679130304704,-0.336717926836691,"Young"
"CSTA",44.3430233900014,148.756628919948,104.413605529946,"Young"
"JCHAIN",35.0315328515692,41.795326196468,6.76379334489884,"Young"
"HLA-B",22.4284591601714,59.2548687079166,36.8264095477452,"Young"
"HLA-DRB1",42.3944875276293,53.365027586867,10.9705400592377,"Young"
"MB",20.7345061838477,20.0814498760133,-0.653056307834426,"Young"
"COL1A1",115.563026491902,144.088766920089,28.5257404281862,"Young"
"COL3A1",110.027052767533,146.527980542226,36.5009277746925,"Young"
"COL4A1",92.6013307443103,87.985672734446,-4.6156580098643,"Young"
"CRYAB",29.4004079887338,32.6933058775246,3.29289788879076,"Young"
"KRT14",86.8204112416447,166.519156866826,79.6987456251815,"Young"
"LMNA",39.4578128858076,41.5492615159857,2.09144863017817,"Young"
"TNNC2",55.1120350194835,69.9793369190189,14.8673018995354,"Young"
"APOE",37.8712165620575,58.8835923019048,21.0123757398473,"Young"
"LRG1",40.7713977025492,33.5855141185216,-7.1858835840276,"Young"
"FN1",28.2529124679605,61.8134244150619,33.5605119471014,"Young"
"RBP4",37.3113693468862,42.6309732383407,5.31960389145449,"Young"
"TTR",43.7934068226999,39.4819943622546,-4.3114124604453,"Young"
"PPBP",39.1521586341234,45.0242016954291,5.87204306130576,"Young"
"TFRC",64.6137083148333,73.757117443258,9.14340912842471,"Young"
"FTL",113.599046155101,173.08082607671,59.481779921609,"Young"
"FTH1",69.4832886659118,89.275639707948,19.7923510420362,"Young"
"MT2A",28.305356408212,50.0813297155372,21.7759733073252,"Young"
"MT-ND1",23.6627608047134,38.2676121403599,14.6048513356465,"Young"
"MT-ND2",36.6261875746714,52.1047219257064,15.478534351035,"Young"
"MT-ND3",35.9196555814762,41.93959457378,6.01993899230377,"Young"
"MT-ND4",34.2373290881273,47.2891163539099,13.0517872657826,"Young"
"MT-ND5",54.6539718603573,50.1750312274574,-4.47894063289984,"Young"
"MT-ATP8",31.5255636342858,30.7415249254593,-0.784038708826561,"Young"
"CAT",31.5428351787571,47.6532317957131,16.110396616956,"Young"
"ALDOA",9.02094232658261,13.6232372218555,4.60229489527292,"Young"
"CSTB",20.1669311534355,52.0810663677687,31.9141352143333,"Young"
"ANXA1",23.192514882396,183.546014746328,160.353499863932,"Young"
"SOD2",59.8506448957204,41.8465627759375,-18.0040821197829,"Young"
"KRT1",64.5837452473862,65.2932083013067,0.709463053920544,"Young"
"VWF",25.841161877948,38.456925314401,12.615763436453,"Young"
"GAPDH",15.4900136418545,15.2120835053471,-0.27793013650739,"Young"
"HLA-A",34.5418687687808,32.1281690028589,-2.41369976592191,"Young"
"CAPNS1",10.7050458821752,9.12555646993736,-1.57948941223782,"Young"
"HSPB1",29.2552046566037,28.2678703559912,-0.987334300612513,"Young"
"RPN1",12.0451185407684,12.430924145536,0.385805604767693,"Young"
"RPN2",34.5072989216974,27.7657998828122,-6.74149903888517,"Young"
"GNAI2",14.8052746087283,18.0026049298238,3.19733032109557,"Young"
"ATP1A1",18.9966439383412,12.8103700771883,-6.18627386115287,"Young"
"ATP1B1",24.6194621851214,15.3431360359405,-9.27632614918087,"Young"
"APOD",43.1588428024893,129.083092377211,85.9242495747221,"Young"
"ALDH2",39.6807603063181,45.8982984785126,6.21753817219447,"Young"
"S100A8",59.2059793505736,295.027656188145,235.821676837571,"Young"
"SLC25A5",16.1225066592875,18.0776781374528,1.95517147816529,"Young"
"SERPING1",33.7023731831548,39.9939326987525,6.29155951559773,"Young"
"PCCA",21.0726251958844,26.3651481968035,5.29252300091914,"Young"
"PCCB",30.6099920608326,25.7841508209916,-4.82584123984098,"Young"
"EIF2S1",11.4201593765834,13.9162218984126,2.49606252182916,"Young"
"RPLP1",27.5265967393552,60.4380758166378,32.9114790772826,"Young"
"RPLP2",25.2123622834978,35.3620155179645,10.1496532344666,"Young"
"RPLP0",27.6188778649394,32.7470579237555,5.12818005881611,"Young"
"FABP3",26.8572973231186,18.7070336219528,-8.15026370116588,"Young"
"CLEC3B",32.1527246914175,43.3821212049237,11.2293965135062,"Young"
"SSB",20.2069548939968,30.8891223960474,10.6821675020506,"Young"
"ITGB1",14.7443345460083,19.564561267119,4.82022672111068,"Young"
"KRT18",61.0342725274025,78.0437531980158,17.0094806706133,"Young"
"KRT8",62.9284211876603,100.416546170236,37.4881249825752,"Young"
"MYL1",35.5032742556852,91.5486265099376,56.0453522542525,"Young"
"GSN",35.8660480554218,41.0599913592783,5.19394330385648,"Young"
"PTMA",38.2869584760258,35.1055384028003,-3.1814200732255,"Young"
"ATP5F1B",15.4300601542272,15.5973237092306,0.167263555003386,"Young"
"S100A9",47.0094162731569,275.939181254946,228.929764981789,"Young"
"S100A6",49.5170866123901,66.9890640759423,17.4719774635522,"Young"
"EIF4E",15.0111372211333,13.6481346366302,-1.36300258450314,"Young"
"CKM",16.8191151546307,16.5444021011489,-0.274713053481843,"Young"
"ENO1",29.5802246375096,23.9805131064641,-5.59971153104552,"Young"
"PYGL",44.8568209482483,35.9575503578035,-8.89927059044481,"Young"
"GPI",13.043840326724,11.5511333166476,-1.49270701007632,"Young"
"NPM1",29.6156247513335,25.3907954763711,-4.22482927496242,"Young"
"TPM3",56.817733177022,130.776137818499,73.9584046414772,"Young"
"EPHX1",30.101558083655,39.7522734112833,9.65071532762833,"Young"
"DBI",24.4666311204707,34.3361510072843,9.86951988681359,"Young"
"LDHB",40.1247003189206,47.4886893242709,7.36398900535029,"Young"
"GPX1",11.2770972560036,20.64130751047,9.36421025446631,"Young"
"P4HB",10.9714427459641,15.4671436697485,4.49570092378437,"Young"
"H1-0",33.7107758452423,42.6700491594254,8.95927331418308,"Young"
"CTSD",16.9052656035882,28.2555152062182,11.35024960263,"Young"
"ANXA2",21.3634361798738,30.8317870363299,9.46835085645607,"Young"
"CAPN1",11.3676717416827,10.7679360960127,-0.599735645669989,"Young"
"TUBB",15.2509376332166,20.4095434100659,5.15860577684931,"Young"
"CA3",26.5361548609414,30.5920334260505,4.05587856510913,"Young"
"DCN",33.0047968195959,45.9206762041733,12.9158793845774,"Young"
"PSAP",27.3977342932394,31.6825039322256,4.28476963898621,"Young"
"PFN1",12.9968922357629,13.0207832663223,0.0238910305593762,"Young"
"BPGM",27.0517497485431,29.535159516136,2.48340976759291,"Young"
"APRT",15.2280112301102,24.3788378231078,9.15082659299764,"Young"
"EPRS1",10.4421336547027,15.3222721300706,4.88013847536792,"Young"
"CTSB",14.8777575394132,27.8052209652401,12.9274634258269,"Young"
"HSP90AA1",17.1102241225211,19.3017696982321,2.19154557571095,"Young"
"UQCRH",14.3924660415625,25.5548269179407,11.1623608763782,"Young"
"TPM2",49.7653621575329,87.4353819019315,37.6700197443986,"Young"
"FH",12.6671174208978,11.1228359334316,-1.54428148746613,"Young"
"COL1A2",121.827707737792,145.50181699062,23.6741092528288,"Young"
"ANXA6",13.9233109469013,14.3808536042831,0.457542657381806,"Young"
"PFKM",18.2630681638219,18.4206688052475,0.157600641425617,"Young"
"HSP90AB1",16.7312786638505,19.8077079731392,3.07642930928874,"Young"
"SOD3",35.1885273435558,48.9919064685087,13.8033791249529,"Young"
"PDHA1",11.3475742311654,7.62911706620081,-3.71845716496463,"Young"
"COL4A2",86.8691930857426,86.1379025434756,-0.731290542266962,"Young"
"CYC1",16.4716391318131,19.1228381589917,2.65119902717865,"Young"
"MYL3",50.2004186564191,140.154722481723,89.9543038253038,"Young"
"NFIC",20.0547230813193,45.5115329708435,25.4568098895242,"Young"
"VIM",29.3968398419516,79.3667305992945,49.9698907573429,"Young"
"SERPINF2",36.6591071338216,33.2438953634332,-3.41521177038839,"Young"
"RPS17",17.2704745678153,19.3996719802503,2.12919741243503,"Young"
"KRT19",66.1254053371732,57.7417427810966,-8.38366255607659,"Young"
"ANXA5",21.9721650930965,24.7235764822321,2.75141138913558,"Young"
"RPSA",11.3981755165993,15.1548669579982,3.75669144139889,"Young"
"SNRPA",32.6098245768555,23.9523358822812,-8.65748869457422,"Young"
"ENO2",17.1940181218073,13.4594448906275,-3.7345732311798,"Young"
"ACAA1",22.8353964220861,16.6633847445088,-6.17201167757725,"Young"
"GSTP1",18.0991186988539,19.1707624974781,1.0716437986242,"Young"
"LGALS1",34.2152998752254,34.6517622195907,0.436462344365303,"Young"
"QDPR",19.3455152357997,21.0085921985281,1.66307696272843,"Young"
"HMGB1",17.1426284153635,17.1834705418969,0.0408421265333132,"Young"
"FBP1",51.4097000483503,34.7705980831916,-16.6391019651588,"Young"
"GSTM1",80.6192151089516,87.2994493493955,6.6802342404439,"Young"
"TPM1",47.8292705916067,93.5253080563581,45.6960374647514,"Young"
"CLTB",16.6536138713695,26.1992841989589,9.54567032758942,"Young"
"ANXA4",30.7182859783889,25.8150940756047,-4.90319190278419,"Young"
"HMOX1",52.5782432126777,43.2329763351258,-9.3452668775519,"Young"
"DLD",16.5660992615839,18.9618219994559,2.39572273787207,"Young"
"HNRNPA1",37.2108155579394,43.7579036327602,6.54708807482083,"Young"
"COX6C",38.6904515853659,51.7880957695939,13.097644184228,"Young"
"PARP1",22.2196298916082,18.3537771347633,-3.86585275684484,"Young"
"IFIT2",27.2305478443322,22.5602531440995,-4.67029470023275,"Young"
"UCHL1",36.5353133194448,57.5921005710497,21.0567872516049,"Young"
"LTA4H",20.3891703202893,15.0538510988645,-5.33531922142483,"Young"
"ALDOC",78.613700587193,62.5693384230769,-16.0443621641161,"Young"
"LIMS3",24.7193972647516,18.3965231096286,-6.32287415512299,"Young"
"HSPA1A",23.1413369335875,14.6210511848763,-8.5202857487112,"Young"
"CALM1",17.7101755087678,20.395650434041,2.68547492527315,"Young"
"FDX1",40.8509097348417,11.6280138868257,-29.222895848016,"Young"
"COX8A",31.6871608082083,45.9784902532537,14.2913294450454,"Young"
"GAA",38.8297983418227,45.0456692075947,6.21587086577201,"Young"
"RRAS",21.7515961016078,27.0465918379471,5.2949957363393,"Young"
"ARAF",27.9398398170222,35.33449808478,7.39465826775779,"Young"
"DLAT",12.2277279697256,8.52050493161105,-3.70722303811458,"Young"
"TXN",20.0503490350106,21.4929717943687,1.44262275935812,"Young"
"COX5B",21.0183409833181,33.4177854196893,12.3994444363712,"Young"
"MAPT",20.2354233112113,33.2528782802019,13.0174549689906,"Young"
"PRKAR1A",12.9035419909666,16.255815438078,3.35227344711139,"Young"
"ESD",32.1748381693586,28.4110302879273,-3.76380788143132,"Young"
"HSPD1",13.8176974360208,13.1357742195905,-0.681923216430375,"Young"
"THRB",40.9221120151584,123.818524445112,82.8964124299533,"Young"
"CLU",53.3072210802145,35.3765889472461,-17.9306321329684,"Young"
"MYL2",41.568489496367,83.1691815259499,41.6006920295829,"Young"
"HSPA5",12.8386429141105,18.8672310501721,6.02858813606156,"Young"
"LAMC1",72.4287270921713,86.9721756288246,14.5434485366533,"Young"
"MYH3",150.050246787949,142.146475658107,-7.9037711298418,"Young"
"HSPA8",12.7197992405579,12.890007174348,0.170207933790143,"Young"
"EPB41",30.2754690033002,21.4016536365533,-8.87381536674692,"Young"
"PDHB",11.3532902831111,14.8471007582495,3.49381047513835,"Young"
"DBT",33.9128836030936,41.0057216937659,7.09283809067238,"Young"
"PYGB",19.247915239273,14.1412610466811,-5.10665419259192,"Young"
"PYGM",20.1058393074366,16.0858999417507,-4.01993936568589,"Young"
"RALA",14.8974058214171,25.876551548059,10.9791457266419,"Young"
"SPTB",21.8006703467134,20.2178248109264,-1.58284553578707,"Young"
"LAMP1",15.668995894236,30.7398114861611,15.0708155919251,"Young"
"ACADM",27.2701604093066,32.0927713528588,4.82261094355222,"Young"
"UBL4A",26.9741501900955,26.271568631977,-0.702581558118471,"Young"
"DMD",10.7415904823794,18.6685641529737,7.92697367059435,"Young"
"MTHFD1",14.5391781899809,13.8536372302373,-0.685540959743534,"Young"
"ADH5",23.3974463880839,17.755871529336,-5.64157485874787,"Young"
"PABPC1",19.9616025476063,13.9165049777422,-6.04509756986413,"Young"
"HARS1",19.0941235321787,16.59466314724,-2.49946038493867,"Young"
"COL6A1",64.7491055658887,101.054037162451,36.3049315965621,"Young"
"COL6A2",65.4347896276629,84.5893893055078,19.1545996778449,"Young"
"COL6A3",64.9303489652401,88.0742294265303,23.1438804612902,"Young"
"SLC25A4",28.7087919199183,29.1527695621211,0.443977642202821,"Young"
"SLC25A6",48.5921962081994,34.6518918775059,-13.9403043306934,"Young"
"IMPDH2",13.5750290618386,18.4255040902335,4.85047502839492,"Young"
"CKB",16.1777810948419,18.8487658540196,2.67098475917779,"Young"
"ANXA3",48.9439201617534,31.6591607658098,-17.2847593959436,"Young"
"BCKDHA",17.4155371710206,44.5946852945781,27.1791481235575,"Young"
"ACTN1",74.340251943928,99.8959592975193,25.5557073535913,"Young"
"MYH1",121.654191183392,119.926422292465,-1.72776889092695,"Young"
"MYH7",36.771826340056,98.384370661455,61.612544321399,"Young"
"PEPD",29.3900604071681,24.628621813195,-4.76143859397302,"Young"
"XRCC6",17.1461830173071,21.7202806282152,4.57409761090814,"Young"
"XRCC5",17.302859982713,17.0440277548408,-0.258832227872187,"Young"
"COX4I1",19.1944634003457,32.692928454665,13.4984650543193,"Young"
"IFITM1",28.9403077874171,30.7922400038765,1.85193221645939,"Young"
"LAMP2",29.2215887985623,29.3113101044765,0.0897213059141393,"Young"
"RNH1",18.0986509741288,12.444789157593,-5.6538618165358,"Young"
"MYH8",46.921192308919,80.2097291785097,33.2885368695907,"Young"
"VCAN",11.1066177568897,14.8699410013609,3.76332324447112,"Young"
"EEF2",11.8479066845521,10.0765878167759,-1.77131886777618,"Young"
"KRT10",58.6335977717279,64.7641575687919,6.13055979706393,"Young"
"KRT5",64.6587745202238,128.041707666029,63.3829331458049,"Young"
"PDIA4",37.7309645515366,37.4330904225545,-0.297874128982123,"Young"
"TPT1",25.5442656803956,30.8323012112325,5.28803553083682,"Young"
"ALAD",33.150485481483,30.4567350615646,-2.69375041991841,"Young"
"LCP1",26.424114145803,22.9097265451373,-3.51438760066567,"Young"
"PLS3",18.9534462326909,41.224037882952,22.2705916502611,"Young"
"APEH",14.4082336199481,12.8501520486227,-1.55808157132536,"Young"
"ETFA",23.9305174714357,23.0642203536167,-0.866297117819062,"Young"
"TNNT1",55.2424578313474,113.913749257445,58.6712914260974,"Young"
"GYS1",20.0063630943553,27.1074219163212,7.10105882196582,"Young"
"PRKAR2A",15.0388578667216,12.3387637416077,-2.70009412511382,"Young"
"ENO3",18.4335097460336,13.678794461402,-4.75471528463154,"Young"
"CD59",17.0736694037853,13.6709478341589,-3.40272156962645,"Young"
"MIF",28.5192521847595,28.1690149813087,-0.350237203450742,"Young"
"CD99",23.8027646595625,30.0489050361672,6.24614037660464,"Young"
"PRKCSH",16.3419785940113,18.9617233453625,2.61974475135116,"Young"
"FDPS",9.36616260485359,13.0454571545402,3.67929454968662,"Young"
"COX7A2",28.1490233727958,34.3760172263401,6.22699385354434,"Young"
"NID1",77.3446691987323,64.3115335265593,-13.0331356721729,"Young"
"AKR1A1",21.3435840655941,32.4789101258535,11.1353260602594,"Young"
"PKM",14.0393985913246,10.2171368172468,-3.82226177407787,"Young"
"ACYP2",16.48257233229,15.2747868365319,-1.20778549575803,"Young"
"HSP90B1",14.9849734993465,21.2566402574035,6.27166675805694,"Young"
"MYL6B",56.6950233996762,151.646388892066,94.9513654923894,"Young"
"IDE",18.3164361427934,28.4425718824046,10.1261357396112,"Young"
"COX6B1",20.6564861157238,33.6771202670417,13.0206341513179,"Young"
"HNRNPL",32.41868937513,25.0040022339478,-7.41468714118223,"Young"
"DARS1",15.7925693317738,21.9167071766281,6.12413784485434,"Young"
"JUP",32.2432947794501,82.8322548791537,50.5889600997036,"Young"
"UQCRB",14.4573626691079,18.6182264766118,4.16086380750387,"Young"
"CPA3",49.7403231857446,34.0504482771014,-15.6898749086432,"Young"
"FABP4",21.8889461578939,15.70230972003,-6.18663643786395,"Young"
"GLUL",48.2655834247085,38.1602162246667,-10.1053672000418,"Young"
"AKR1B1",17.7603723945591,13.2316709113042,-4.52870148325485,"Young"
"GSPT1",12.5630296084681,15.3962324038572,2.83320279538909,"Young"
"PGAM2",27.2439881648095,20.5664332373022,-6.67755492750726,"Young"
"EZR",48.8574779906093,61.2964036099405,12.4389256193312,"Young"
"UCHL3",21.6049475834937,24.2115010658977,2.6065534824041,"Young"
"NME1",17.3305688198041,15.8983897741496,-1.43217904565445,"Young"
"RPS2",30.9463245754867,19.5545124815133,-11.3918120939734,"Young"
"RPA2",21.0973341609544,21.0850145820564,-0.0123195788980084,"Young"
"COX7C",48.1192661822345,39.8724429240127,-8.24682325822176,"Young"
"NQO2",71.4935577558223,76.4747207006045,4.98116294478226,"Young"
"PFKFB1",31.8576140729001,21.7252416766,-10.1323723963001,"Young"
"CBR1",27.2804978593028,20.1459956508555,-7.13450220844733,"Young"
"ANK1",28.9225646403845,31.960455965502,3.03789132511753,"Young"
"ACADS",33.2800770924391,35.5265662929935,2.24648920055441,"Young"
"PPP3CB",20.3176437642863,26.3623824999806,6.0447387356943,"Young"
"ATP2A2",22.0997206559404,23.3803791297304,1.28065847378998,"Young"
"CD36",31.7146067848737,30.1485212439731,-1.56608554090059,"Young"
"FAH",23.6372380592136,23.4080519881529,-0.229186071060756,"Young"
"YBX3",37.5655489509946,35.2598191747156,-2.30572977627904,"Young"
"TMEM11",18.8531430837669,18.8182718550831,-0.0348712286837163,"Young"
"GOT1",19.4791059143458,17.942299482412,-1.53680643193372,"Young"
"CKMT2",24.2893825550929,25.1749134078889,0.885530852796041,"Young"
"NDUFB7",20.3195346627702,50.9716083100151,30.652073647245,"Young"
"PRKACA",11.315190125376,8.31843475807503,-2.996755367301,"Young"
"CAPN2",16.5830778796168,21.5856712481007,5.00259336848388,"Young"
"DES",47.5434638984474,82.1124255635198,34.5689616650724,"Young"
"PFKL",27.3756915381938,19.9192895759069,-7.45640196228693,"Young"
"LGALS3",16.8624335333186,45.0674267302598,28.2049931969412,"Young"
"FLT1",101.779905573235,153.263569632504,51.4836640592688,"Young"
"PSMC3",13.1764147701435,12.1032115740232,-1.07320319612034,"Young"
"TCP1",17.9472928370061,19.5381002331319,1.59080739612578,"Young"
"RPL35A",24.3099573511848,63.5939127175832,39.2839553663984,"Young"
"ARF4",35.6177577784394,31.8321497609018,-3.7856080175376,"Young"
"RPL7",32.3545076678896,42.8360434081198,10.4815357402303,"Young"
"VCL",8.64661318009032,8.371027197446,-0.275585982644323,"Young"
"RPL17",14.2900193134467,25.9553730391251,11.6653537256785,"Young"
"PGAM1",13.2265177363026,17.664712129378,4.43819439307544,"Young"
"ATP5PF",23.8779269580381,19.7560898578284,-4.1218371002097,"Young"
"TSPAN8",33.7048662066757,27.9141878609399,-5.7906783457358,"Young"
"TNNI1",49.860783633898,121.084915835551,71.2241322016529,"Young"
"NCL",24.6306978747514,27.7062316818378,3.07553380708636,"Young"
"HK1",17.0670636122328,17.3235266801069,0.25646306787414,"Young"
"NDUFV2",22.1711233269752,37.2875801168017,15.1164567898264,"Young"
"SRM",76.121851563685,58.7701838020653,-17.3516677616197,"Young"
"TYMP",28.1877727958038,35.2504838318371,7.06271103603333,"Young"
"EIF2S2",18.3304085954077,21.9301048970946,3.59969630168689,"Young"
"ANXA7",12.4930316094655,16.5398072924387,4.04677568297313,"Young"
"TPSB2",47.481750661578,27.4781975591143,-20.0035531024637,"Young"
"BTF3",31.10635508534,23.0877125616468,-8.01864252369319,"Young"
"RAB6A",29.5506802566707,29.4844629871314,-0.0662172695393437,"Young"
"PVALB",92.7102320142202,135.699651527089,42.989419512869,"Young"
"PSMB1",10.4466297773696,10.1058802560123,-0.34074952135734,"Young"
"COX5A",16.2968426455932,42.7425763305719,26.4457336849787,"Young"
"CAPN3",35.971736560785,20.3389447560811,-15.632791804704,"Young"
"CAST",29.5761051500615,22.7064452696562,-6.86965988040535,"Young"
"NEB",44.8620444995417,79.9697225160383,35.1076780164966,"Young"
"PTMS",33.7973387355605,19.0043867069847,-14.7929520285758,"Young"
"GSTM3",21.6321923939549,23.3578492934566,1.72565689950168,"Young"
"ATP6V1B2",30.2890425971487,25.9292477560011,-4.3597948411476,"Young"
"CSRP1",38.8507492035904,52.8138254590784,13.963076255488,"Young"
"FLNA",31.8319445450884,36.3767534684926,4.54480892340425,"Young"
"MAOA",28.3469328564526,41.2580530033725,12.9111201469199,"Young"
"ACO1",17.8276778830341,16.2970559739029,-1.5306219091312,"Young"
"GPD1",17.3766498141082,17.0244675288265,-0.352182285281692,"Young"
"VDAC1",16.5241720760813,23.7759181996571,7.25174612357586,"Young"
"BGN",23.8118402029213,34.5876422936246,10.7758020907033,"Young"
"RYR1",17.4997703029624,13.5220457360358,-3.97772456692662,"Young"
"SDHB",24.0050233367176,21.4700299178105,-2.53499341890711,"Young"
"COMT",26.3002291498603,16.3711392346376,-9.92908991522265,"Young"
"TGM2",41.6782255867902,34.6965519471207,-6.98167363966958,"Young"
"MMUT",36.1330175307456,26.4713090650698,-9.66170846567575,"Young"
"OSBP",13.8659903490046,13.5138395288276,-0.352150820177021,"Young"
"PCMT1",15.6960840145897,17.8199240981538,2.12384008356415,"Young"
"GART",14.9824491031949,16.3583267651942,1.37587766199936,"Young"
"PAICS",14.2485717981632,14.9697371941429,0.721165395979751,"Young"
"SCP2",25.9577774111189,38.4562084178383,12.4984310067194,"Young"
"UBA1",12.9392065754179,15.2828754594296,2.34366888401167,"Young"
"GPX3",43.5072165178707,28.8215293050419,-14.6856872128288,"Young"
"NME2",18.9284708722678,17.3557743443181,-1.57269652794971,"Young"
"HNRNPA2B1",27.2688989984301,31.4320282439919,4.16312924556183,"Young"
"UQCRC2",12.4378320229919,17.1333263593489,4.69549433635697,"Young"
"FECH",27.1772626944543,15.6589980009574,-11.5182646934969,"Young"
"AMPD1",49.9428193918906,41.0302211080747,-8.91259828381583,"Young"
"FBLN1",32.3368322043429,31.2733597350784,-1.06347246926451,"Young"
"SFPQ",15.4862838613156,23.9258711438385,8.43958728252291,"Young"
"PPIB",26.2261003172045,41.626750804519,15.4006504873144,"Young"
"S100A1",49.2450893536292,35.7818071996038,-13.4632821540254,"Young"
"HRC",21.1979428248997,18.692229642982,-2.50571318191772,"Young"
"ME2",31.6851337741697,22.6842581639663,-9.00087561020337,"Young"
"WARS1",26.0609289755216,20.0277267621774,-6.03320221334425,"Young"
"RPS3",23.4780142678712,23.4079609179983,-0.0700533498729143,"Young"
"GCSH",52.3431393284642,30.8477120769726,-21.4954272514916,"Young"
"AHCY",13.8807362610506,15.613615150086,1.73287888903546,"Young"
"CFL1",23.3234072270806,26.5421584600205,3.21875123293997,"Young"
"EIF4B",19.7766408538491,17.661322478622,-2.11531837522718,"Young"
"ATP2B4",19.5573102379745,19.1651046832329,-0.392205554741565,"Young"
"CPT2",29.3608687880954,19.1694280386791,-10.1914407494163,"Young"
"LAMA2",55.6406184162645,62.2000789124833,6.55946049621879,"Young"
"GPT",37.0711125194502,28.2731322710766,-8.79798024837368,"Young"
"COX7A1",29.7221858854747,46.0748507743445,16.3526648888698,"Young"
"COX7B",28.4704591553968,54.8008164643358,26.330357308939,"Young"
"EEF1B2",24.1448013720465,23.9167001113352,-0.228101260711327,"Young"
"ATP5PB",18.0993014626753,14.9361790920372,-3.16312237063805,"Young"
"ACP1",21.1950186871944,17.9812528776636,-3.21376580953078,"Young"
"ACAT1",15.4449370871666,17.8128006903179,2.3678636031513,"Young"
"MYL9",29.4600972046822,44.1207956187113,14.6606984140291,"Young"
"AZGP1",32.0951442203464,30.4436121329932,-1.65153208735316,"Young"
"MPST",21.9138086919139,18.6668778031197,-3.24693088879416,"Young"
"RPS12",30.4342220066554,20.1303389663672,-10.3038830402882,"Young"
"DNAJB2",38.2621540032617,24.9474498930176,-13.3147041102441,"Young"
"ATP5F1A",17.456286733221,14.5862087204765,-2.87007801274458,"Young"
"PSMA1",8.51042543494925,9.77147324288666,1.2610478079374,"Young"
"PSMA2",20.9865183437885,22.2641925808548,1.27767423706633,"Young"
"PSMA3",12.2349631098586,12.4771422347883,0.242179124929715,"Young"
"PSMA4",17.4500121639472,19.0419725208877,1.59196035694051,"Young"
"MSN",13.0217965518586,23.7435238478415,10.7217272959829,"Young"
"DDX6",14.4082850908598,20.2041340429787,5.79584895211892,"Young"
"U2AF2",26.2577301885627,30.3348711914979,4.07714100293527,"Young"
"RPL13",31.6222073011523,47.3712228728444,15.7490155716922,"Young"
"IVD",27.4074773182733,30.8477854213285,3.44030810305525,"Young"
"S100A4",33.7341916316353,74.1267954084469,40.3926037768116,"Young"
"HMGB2",24.203251879752,35.9632527896026,11.7600009098507,"Young"
"TARS1",25.3260446444099,21.8677780324493,-3.45826661196063,"Young"
"VARS1",26.4058434687748,32.221303500996,5.81546003222121,"Young"
"EEF1G",10.8951380211633,14.0129855369617,3.11784751579844,"Young"
"PLN",42.2463404785082,54.1386133696626,11.8922728911544,"Young"
"FKBP2",29.5712772490757,58.9687947586812,29.3975175096055,"Young"
"STOM",33.982519888491,27.5385112752728,-6.44400861321827,"Young"
"MAOB",23.1761327914429,29.7094706066198,6.53333781517689,"Young"
"YWHAQ",15.1017147425422,13.289105284363,-1.81260945817921,"Young"
"MAPK3",23.1273069355467,32.9664596066161,9.83915267106942,"Young"
"RPL10",31.8346868570641,26.2432890242139,-5.59139783285017,"Young"
"RPA1",25.5064404851354,23.4917912585904,-2.01464922654494,"Young"
"APEX1",20.7205466396816,22.1840887983279,1.46354215864639,"Young"
"CALR",9.91997866364502,10.3343300582401,0.414351394595043,"Young"
"MAP4",14.8914503929326,25.9338636481056,11.042413255173,"Young"
"CANX",14.3784626802922,19.6845142819173,5.30605160162511,"Young"
"PSMA5",13.5312251131623,8.6353139326614,-4.89591118050087,"Young"
"PSMB4",20.8326766630876,13.0285068064696,-7.80416985661791,"Young"
"PSMB6",19.163698371238,21.2017538075719,2.03805543633399,"Young"
"PSMB5",22.615023115808,21.4974336592572,-1.11758945655079,"Young"
"GSTM2",22.9563168141323,21.6200673421986,-1.3362494719337,"Young"
"TMOD1",61.0592204225607,66.8424278233483,5.78320740078756,"Young"
"NDUFS1",16.3367846243016,33.2521874835747,16.9154028592731,"Young"
"MAPK1",9.8334356104486,16.1681437821428,6.33470817169419,"Young"
"RBL1",22.6536695831469,16.2386995004277,-6.4149700827192,"Young"
"LAP3",15.7965433966331,13.9410769311817,-1.85546646545142,"Young"
"CD38",30.2309371267021,36.5583196762611,6.32738254955902,"Young"
"TPP2",21.6671883712702,21.7706533957773,0.103465024507042,"Young"
"IMPA1",12.2991809272089,14.5253555656626,2.22617463845368,"Young"
"EPHA2",51.1250798187583,46.129302111929,-4.99577770682929,"Young"
"COL4A5",116.001009919963,62.6329525365733,-53.3680573833896,"Young"
"TKT",34.2241485933844,28.9721787401593,-5.25196985322509,"Young"
"EEF1D",16.7077320682233,13.9978851712051,-2.7098468970182,"Young"
"MARCKS",38.7458236425126,25.7145884515006,-13.031235191012,"Young"
"GNA11",47.4310311638151,41.8120487347412,-5.61898242907398,"Young"
"ALDH4A1",30.3967298362556,24.4571757751744,-5.9395540610812,"Young"
"ERP29",24.4680298180304,17.6992677676022,-6.76876205042822,"Young"
"PRDX6",18.2150802557039,20.6458987443132,2.43081848860928,"Young"
"BLVRB",17.4074409635487,22.9897420503039,5.5823010867552,"Young"
"PRDX5",19.2199516711277,15.1313357129822,-4.0886159581455,"Young"
"DDT",42.037081232686,28.0088579615777,-14.0282232711083,"Young"
"PRDX3",11.4822253902748,13.1370954687797,1.65487007850487,"Young"
"ATP5F1D",26.3315259796188,27.601244518561,1.2697185389422,"Young"
"RPL12",26.3554212297615,60.7646235557653,34.4092023260038,"Young"
"ECHS1",22.6588455527871,19.7703071743222,-2.88853837846486,"Young"
"CMPK1",77.389072093144,36.6242823550826,-40.7647897380614,"Young"
"PEBP1",11.3894049539722,19.3496250752742,7.96022012130204,"Young"
"PDIA3",11.2609542865991,10.9863832876484,-0.274570998950713,"Young"
"PPP2R1A",7.48900265491931,13.2458108713632,5.75680821644385,"Young"
"PPIF",30.3977800289015,18.2352873011383,-12.1624927277632,"Young"
"NMT1",13.7399223056636,10.2955730896368,-3.44434921602673,"Young"
"ADSS2",31.1009438044951,34.7384499179187,3.63750611342367,"Young"
"LRPAP1",18.2781654778617,22.5921024289054,4.31393695104363,"Young"
"TSPO",29.6040624041309,24.6595011659003,-4.94456123823051,"Young"
"ADSL",15.729217169916,16.3332330326504,0.604015862734373,"Young"
"CLIP1",20.0125739843417,19.0457603032318,-0.966813681109876,"Young"
"SRI",19.8847547134661,32.9028682963254,13.0181135828592,"Young"
"SERPINB1",26.8544615099723,28.7265293730282,1.87206786305586,"Young"
"ALDH1B1",56.0759497089694,74.8922816867993,18.8163319778299,"Young"
"SDHA",20.8080312452715,15.8002331801357,-5.00779806513577,"Young"
"GDI1",13.5467098615626,11.8904530694258,-1.65625679213688,"Young"
"MAT2A",17.057015365223,8.02149247126226,-9.03552289396075,"Young"
"CASQ1",27.7877718182733,32.5374213043101,4.74964948603683,"Young"
"DNAJA1",17.7972489845618,35.0214194491386,17.2241704645768,"Young"
"AKT2",35.6100748396047,35.0693740812196,-0.5407007583851,"Young"
"UQCRC1",13.0726400084913,20.0042353063019,6.93159529781062,"Young"
"HIBADH",13.4311095534044,14.3558883449448,0.924778791540456,"Young"
"ATIC",17.5763726340514,17.4558969697105,-0.120475664340869,"Young"
"HNRNPH3",24.8211616905101,27.7443660685368,2.92320437802669,"Young"
"HNRNPH1",24.9921901784488,18.8167696599795,-6.17542051846923,"Young"
"YWHAB",8.98207895511215,17.0487180594429,8.06663910433071,"Young"
"STIP1",12.7873072983339,13.8944207966943,1.10711349836041,"Young"
"S100A11",23.2165429662828,66.0410677198735,42.8245247535907,"Young"
"PRDX2",10.3863387001985,13.419197124105,3.03285842390651,"Young"
"GBP2",16.470760063301,30.0434693850147,13.5727093217137,"Young"
"ACSL1",14.3567233589225,14.9034288694145,0.54670551049202,"Young"
"KIF5B",21.0313855518305,23.1315314917302,2.1001459398997,"Young"
"MCM5",91.5854285506285,82.7811397564373,-8.80428879419129,"Young"
"SHMT1",37.786651361489,44.725106199248,6.938454837759,"Young"
"SHMT2",31.0997449692475,31.3067618741136,0.207016904866087,"Young"
"HSPA4",21.272081486585,15.9985888868857,-5.27349259969927,"Young"
"MPI",16.7533375818679,18.1538896579473,1.40055207607941,"Young"
"GPC1",17.7664727303055,28.2385656492778,10.4720929189723,"Young"
"PFN2",17.7664506199245,19.8510500163185,2.084599396394,"Young"
"CTNNA1",19.8393145675265,53.5322347465467,33.6929201790202,"Young"
"SERPINB6",17.2403349676875,19.2344006944548,1.99406572676724,"Young"
"RDX",15.4532821650237,14.6961937878473,-0.757088377176407,"Young"
"RPA3",27.9592990885864,36.9175094342504,8.95821034566403,"Young"
"RPL22",19.9109566592238,23.3640277097087,3.45307105048491,"Young"
"SPR",33.0500944108439,30.5254323745833,-2.52466203626058,"Young"
"THBS4",44.0475986483948,33.0262056227984,-11.0213930255965,"Young"
"FBN1",87.4553454521207,85.3101249059726,-2.14522054614818,"Young"
"AGL",16.6886441432648,11.3712612799037,-5.3173828633611,"Young"
"MYH9",29.0730534447937,31.3410562607132,2.26800281591947,"Young"
"COPB2",11.4037604370741,25.0977814608895,13.6940210238154,"Young"
"ACTN2",56.551041738854,126.490650963277,69.9396092244227,"Young"
"ADD1",50.4503535823814,28.1337957291582,-22.3165578532232,"Young"
"BSG",17.8302710422859,22.8632200287539,5.03294898646805,"Young"
"FUS",15.7437393343763,16.1786470148829,0.434907680506539,"Young"
"DEK",16.6974767741301,11.5369876890369,-5.16048908509327,"Young"
"MYH11",31.708689621274,55.77478810712,24.0660984858461,"Young"
"GLRX",43.9721851037564,47.3700381733856,3.39785306962919,"Young"
"PPM1A",15.8900421229729,13.7973156825387,-2.09272644043411,"Young"
"KRT2",67.8378260340387,62.6242884975975,-5.21353753644112,"Young"
"HMGCL",24.1640536420922,22.9289636772415,-1.23508996485072,"Young"
"PSMC2",9.49902810885047,13.3263165576353,3.82728844878479,"Young"
"ARL3",9.50885041254155,16.2341511684772,6.72530075593563,"Young"
"MAP2K2",16.8462829720434,18.526188521684,1.67990554964069,"Young"
"ATP5F1C",18.0456117734111,16.456544360753,-1.58906741265812,"Young"
"ATP6V1E1",58.2536917920834,33.274009997596,-24.9796817944874,"Young"
"RPL4",23.7211956023619,48.9069383730558,25.1857427706939,"Young"
"LONP1",23.0520662909466,21.5039817934598,-1.54808449748681,"Young"
"PGM1",17.3329612853557,10.498388635016,-6.83457265033975,"Young"
"PPP1CC",12.4421222264768,35.0809402823007,22.6388180558239,"Young"
"SERPINF1",23.2743628852099,34.5164990896976,11.2421362044877,"Young"
"DLST",15.7831160529898,19.6215651449756,3.8384490919858,"Young"
"GMPR",37.249141754277,30.1944527215744,-7.05468903270256,"Young"
"GPX4",18.8565373326575,21.1004699585702,2.24393262591269,"Young"
"SRP14",28.2145910697026,20.5767607180945,-7.63783035160812,"Young"
"TAGLN2",16.0307476885934,15.6000548213971,-0.430692867196298,"Young"
"TALDO1",17.4111426402585,15.2554018986799,-2.15574074157859,"Young"
"SNCA",32.0768623459848,76.3456512836994,44.2687889377145,"Young"
"ETFB",27.9811153990443,25.3705245270944,-2.61059087194995,"Young"
"ATP6V1A",21.421124388081,16.3444700095857,-5.0766543784953,"Young"
"HSPA9",12.775958279161,13.6550824957498,0.879124216588819,"Young"
"RPS19",20.609400757784,25.2920826167566,4.68268185897257,"Young"
"RPL3",48.6176497809454,50.0448528095232,1.42720302857776,"Young"
"COL15A1",40.0095992893723,55.1851828193996,15.1755835300274,"Young"
"COL18A1",35.6954801675719,23.5677640178774,-12.1277161496945,"Young"
"DDOST",15.5071850509586,12.6409871415399,-2.86619790941873,"Young"
"ANP32A",25.0697053961106,21.9078172941178,-3.16188810199281,"Young"
"CAPG",15.4042209011764,58.6006366435269,43.1964157423505,"Young"
"CAP2",25.7229703544296,33.1697401889104,7.4467698344808,"Young"
"CCT6A",22.1768298338533,21.3418245427127,-0.835005291140568,"Young"
"RPL13A",43.6710804655714,40.4960602501342,-3.17502021543711,"Young"
"ARL1",69.52961679272,47.2305604858468,-22.2990563068732,"Young"
"STAT3",25.242443903222,17.2660196478804,-7.97642425534157,"Young"
"MDH1",14.4585048006038,20.7148940219219,6.25638922131806,"Young"
"MDH2",15.8483168482303,12.2641025589622,-3.5842142892681,"Young"
"HADHA",21.1884255141849,21.844060293939,0.655634779754084,"Young"
"EIF2S3",20.4232403597095,27.1680945593394,6.74485419962993,"Young"
"NAA10",23.2376638873475,25.0416153901089,1.80395150276132,"Young"
"PPP1R2",23.7318944934063,14.9567762826838,-8.77511821072252,"Young"
"GARS1",25.2579060591733,24.4972664045057,-0.760639654667539,"Young"
"IARS1",13.8426043512113,33.5463430077403,19.7037386565289,"Young"
"EIF1",32.7447271455655,12.9306279091768,-19.8140992363887,"Young"
"ECI1",18.6576257270235,16.4908478546226,-2.16677787240091,"Young"
"TMPO",23.1804308814072,5.43706697635107,-17.7433639050561,"Young"
"AKR1C3",38.1983037544702,60.0836051811335,21.8853014266633,"Young"
"RPS27",14.8911736016174,22.2060914303776,7.31491782876019,"Young"
"LRPPRC",11.9546519404563,18.7507512361448,6.7960992956885,"Young"
"ACAA2",19.9876214096613,20.7428816788224,0.755260269161081,"Young"
"RPL35",28.0083222943013,21.9035250346281,-6.10479725967317,"Young"
"SLC1A4",31.9863073516814,25.6059217854166,-6.38038556626482,"Young"
"PAFAH1B1",27.2315631482937,26.1874014138085,-1.0441617344852,"Young"
"CRAT",19.3788316267148,15.5606276340007,-3.81820399271414,"Young"
"GPD2",25.0882467735246,24.2684382716667,-0.819808501857896,"Young"
"NAMPT",51.3187679567998,41.8781419902156,-9.44062596658419,"Young"
"PSMC4",13.9978946599563,18.8595246576376,4.86162999768132,"Young"
"TSFM",29.065294985178,34.6951226234348,5.6298276382568,"Young"
"TNNT3",55.591655588638,75.173258903866,19.581603315228,"Young"
"ASPA",25.3025917479521,18.6894015406434,-6.61319020730864,"Young"
"PPIC",16.5485018702919,27.5156347594936,10.9671328892017,"Young"
"VDAC2",13.5277823754474,24.9568208804772,11.4290385050299,"Young"
"ACADSB",32.7670194146035,34.7296431563506,1.9626237417471,"Young"
"USP5",16.1605041789461,16.5567015548143,0.396197375868223,"Young"
"MAP2K4",24.8766823170039,18.4451429726035,-6.43153934440038,"Young"
"PHKA2",36.4159421949034,22.2622626235797,-14.1536795713236,"Young"
"PHKA1",23.0327603687407,22.2503437723583,-0.782416596382365,"Young"
"CRKL",17.148715289506,29.3840632030042,12.2353479134983,"Young"
"MTIF2",8.90909237712957,14.6394259146068,5.73033353747724,"Young"
"BAG6",13.3474693961318,30.5008567396576,17.1533873435258,"Young"
"NSF",23.4438755366149,26.4296055425665,2.98573000595159,"Young"
"MAP2K3",18.0151535337345,16.4088575628892,-1.60629597084523,"Young"
"RPL27A",33.432848097849,51.3636096798762,17.9307615820272,"Young"
"RPL5",40.0319008964326,35.2757004154136,-4.75620048101896,"Young"
"RPL28",25.1162933360569,40.124861729267,15.0085683932101,"Young"
"RPS9",25.029687198762,35.0856718788394,10.0559846800774,"Young"
"RPS5",16.5086202211522,24.914880099703,8.40625987855082,"Young"
"RPS10",58.4425465942465,50.2998959458792,-8.14265064836727,"Young"
"GNPDA1",15.4726385634015,24.7830402393905,9.31040167598904,"Young"
"UTRN",27.2880430124891,34.1047878474627,6.8167448349736,"Young"
"IQGAP1",18.9938581157458,32.5699633076815,13.5761051919357,"Young"
"GYG1",22.4039374307388,19.5429166517841,-2.86102077895467,"Young"
"STT3A",23.243250489243,17.0929059760261,-6.15034451321687,"Young"
"CAPZA2",25.5369237788934,45.6608343978097,20.1239106189163,"Young"
"CAPZB",26.820581744327,52.3617620119091,25.5411802675821,"Young"
"EIF1AX",22.570133761751,27.0304445695047,4.4603108077537,"Young"
"QARS1",12.8932326923678,9.18930379601492,-3.70392889635283,"Young"
"RPL29",32.1384182448539,76.1299849412635,43.9915666964096,"Young"
"UQCRFS1",13.9022062231993,13.8678734083956,-0.0343328148036353,"Young"
"ATP5PO",16.3761832159839,14.6667979595015,-1.70938525648235,"Young"
"LIMS1",18.2752156045689,20.0644917615636,1.78927615699466,"Young"
"PREP",17.4789690107476,17.210186388988,-0.268782621759566,"Young"
"ME1",17.0550830455318,15.8898881583972,-1.16519488713457,"Young"
"PIP4K2A",18.8416117263,21.0140486131417,2.17243688684171,"Young"
"ARCN1",33.8616384079739,28.2997045434835,-5.56193386449037,"Young"
"LSS",21.888923682081,22.5340329624808,0.645109280399833,"Young"
"GCLM",37.4395277017897,38.3710295023104,0.931501800520692,"Young"
"CD151",25.8989587181509,34.9668616971174,9.06790297896641,"Young"
"PSMD8",17.7454591073383,27.8265822693236,10.0811231619853,"Young"
"GSS",27.3798149117303,23.8788908411455,-3.50092407058476,"Young"
"CCT5",12.9516438984943,14.3849124807731,1.43326858227877,"Young"
"NES",32.2189014253324,88.264615414872,56.0457139895397,"Young"
"IDH2",18.8132750051621,14.9695995493012,-3.84367545586094,"Young"
"TNNI2",47.6010442700583,85.7890235677883,38.18797929773,"Young"
"PXN",15.0956340387604,35.1541547908945,20.0585207521342,"Young"
"ALDH9A1",25.9734224801579,21.9704430615089,-4.002979418649,"Young"
"RPL34",30.9689616284369,64.6306849531345,33.6617233246977,"Young"
"LMAN1",21.8342083454005,29.9231525186328,8.08894417323235,"Young"
"FNTA",10.8904840200296,19.3336825355459,8.44319851551637,"Young"
"CCT3",15.4623515382143,18.3425251601561,2.88017362194176,"Young"
"MRPL19",31.596305048647,28.0604692848825,-3.53583576376446,"Young"
"TUFM",15.1879903400203,18.062652288722,2.87466194870178,"Young"
"ALDH7A1",38.519871401906,39.4964702556622,0.976598853756215,"Young"
"CDC34",61.4095264385801,47.6465293098036,-13.7629971287765,"Young"
"PCYT1A",16.2459885413491,19.6140201402328,3.36803159888373,"Young"
"AARS1",22.2885243217052,13.7887117683626,-8.49981255334256,"Young"
"CARS1",26.7854480344874,21.2895064406267,-5.49594159386071,"Young"
"SARS1",21.0266507384742,19.4093499251276,-1.61730081334666,"Young"
"PSMB3",22.8018916293824,19.3511968231991,-3.45069480618326,"Young"
"PSMB2",11.0334964016283,17.7993321217288,6.76583572010047,"Young"
"ACADVL",19.5333860260591,13.4125692260323,-6.12081680002679,"Young"
"ACOT2",29.9753830048898,17.8160432599391,-12.1593397449507,"Young"
"TMED10",27.5899966167084,22.739816597809,-4.85018001889942,"Young"
"HINT1",25.1183193698479,18.4832584361272,-6.63506093372075,"Young"
"NDUFV1",17.5066135391936,33.6841064253025,16.1774928861089,"Young"
"GSK3A",27.7565936685399,24.5636509939817,-3.19294267455819,"Young"
"GSK3B",15.1962145854863,18.5780288162595,3.38181423077317,"Young"
"IDH3A",25.405076443288,14.7180488087405,-10.6870276345474,"Young"
"SULT1A1",43.1220200768639,69.6317023923882,26.5096823155243,"Young"
"GDI2",10.123519068455,11.8861295376637,1.76261046920868,"Young"
"EMD",24.8133156205463,31.6533329584093,6.840017337863,"Young"
"CPT1A",34.3836692689047,33.4684401618019,-0.915229107102739,"Young"
"SERPINH1",62.5459618787745,35.5659882261231,-26.9799736526514,"Young"
"CSRP3",33.0501449222805,47.634128771873,14.5839838495924,"Young"
"ST13",16.2935451255542,8.20864278272612,-8.0849023428281,"Young"
"DNM2",34.8272182918133,24.3360967836451,-10.4911215081682,"Young"
"METAP2",13.9282382955601,10.864102074207,-3.06413622135316,"Young"
"NUDT2",52.8610285157987,58.5866343734156,5.72560585761688,"Young"
"LRBA",63.1202329636356,190.922734666576,127.802501702941,"Young"
"BCAM",25.6999789752357,21.0411809937121,-4.65879798152351,"Young"
"RPL14",34.8699264203893,59.6617861926515,24.7918597722623,"Young"
"CCT8",11.8774168297514,17.4870605153485,5.60964368559708,"Young"
"CCT4",16.3382770073879,18.304800960687,1.96652395329911,"Young"
"ATP1A2",13.01033318046,14.4059537773272,1.39562059686712,"Young"
"ANXA11",17.0406312981556,14.152354765619,-2.88827653253655,"Young"
"FXR1",30.860192464082,33.3039000024224,2.4437075383404,"Young"
"RAB5C",34.1433548097383,23.5397895317371,-10.6035652780012,"Young"
"RAB7A",11.4185159065161,13.5397811981407,2.12126529162468,"Young"
"DUSP3",19.1346036789821,21.4162621384854,2.28165845950339,"Young"
"IDH3G",30.6328946454407,31.6350624116078,1.00216776616714,"Young"
"GALK1",22.5892916575166,34.8650227561116,12.275731098595,"Young"
"SSR4",14.2188730981151,50.0294466078969,35.8105735097818,"Young"
"BCAP31",9.58405109616213,19.4540150715006,9.86996397533845,"Young"
"MECP2",24.6536168456915,25.3959569160418,0.74234007035032,"Young"
"ALDH3A2",22.9009175596858,29.6972574074401,6.79633984775426,"Young"
"ALDH5A1",22.8390606641972,22.1368928081558,-0.702167856041402,"Young"
"HSD17B4",36.2967392696696,26.6971910932998,-9.59954817636979,"Young"
"PSMD7",38.5056429118803,19.614923249742,-18.8907196621383,"Young"
"UBE2D1",31.4122470705056,21.7261627053071,-9.68608436519851,"Young"
"SUOX",20.6627961620392,22.1557271062042,1.49293094416499,"Young"
"STAT5B",19.8073325644584,15.7975992472129,-4.00973331724555,"Young"
"RPS6KA3",17.5868360001684,26.5268464656876,8.94001046551915,"Young"
"HDGF",22.7807902647687,16.8055212878114,-5.97526897695728,"Young"
"LUM",24.269276764054,29.9912713386189,5.72199457456491,"Young"
"PRELP",28.2548713780252,36.8221834508529,8.56731207282771,"Young"
"NDUFA8",18.0704019455072,38.0356285504546,19.9652266049475,"Young"
"HNRNPA3",29.6922067753749,23.428617358179,-6.26358941719588,"Young"
"MYOM1",27.342560744402,64.9033368980077,37.5607761536056,"Young"
"PGD",20.5608230733123,33.8175386623625,13.2567155890502,"Young"
"HNRNPM",32.4378876068085,29.2746466385113,-3.16324096829718,"Young"
"KPNA1",23.0747978969835,25.9670695939373,2.89227169695381,"Young"
"MAP2K6",24.3666951069525,31.416915176754,7.05022006980151,"Young"
"ARHGDIA",11.4123424440796,13.2445320800824,1.83218963600289,"Young"
"ARHGDIB",30.4115763862168,32.0679105960272,1.65633420981046,"Young"
"RIDA",13.7685951433011,18.1391750079167,4.37057986461562,"Young"
"MRPL12",41.277035503182,51.1808217491706,9.90378624598861,"Young"
"THOP1",18.7151398709862,14.6341789290842,-4.08096094190204,"Young"
"AKR1C2",26.6371059589761,58.7041505022952,32.0670445433191,"Young"
"CAPZA1",36.0005621824651,46.5412601141851,10.54069793172,"Young"
"CRIP2",33.9576053966011,37.2843244033131,3.326719006712,"Young"
"BLVRA",18.6065829249508,26.7244466006309,8.11786367568012,"Young"
"PPP5C",19.1614373129513,12.9560338573923,-6.205403455559,"Young"
"NUBP1",35.4938842659297,32.5784564428853,-2.91542782304434,"Young"
"SUCLG1",21.1212590976107,21.8603497994644,0.739090701853662,"Young"
"COPA",23.0039016971096,21.1551021229043,-1.84879957420527,"Young"
"HCCS",16.546897546746,16.2465018881173,-0.300395658628695,"Young"
"MAPK12",28.2308787806297,29.9224944597049,1.6916156790752,"Young"
"TTC3",29.2433523554077,28.5367578713223,-0.706594484085464,"Young"
"SMTN",27.4202576315212,31.2815001333513,3.86124250183019,"Young"
"SLC16A1",41.1299354341115,26.1984927590925,-14.931442675019,"Young"
"IST1",17.3704975921475,16.2561952681302,-1.11430232401725,"Young"
"SEC24C",16.054311357604,28.2853458903536,12.2310345327496,"Young"
"SUB1",16.8308017844523,18.8323256482092,2.00152386375698,"Young"
"RARS1",23.2219839537831,18.810237954621,-4.41174599916211,"Young"
"CACNB3",22.1261603898718,19.7943986119575,-2.33176177791431,"Young"
"CACNA2D1",14.4020549980996,15.5600403660465,1.15798536794686,"Young"
"MYOM2",27.0612016716099,42.077369824753,15.016168153143,"Young"
"YARS1",25.9495756841676,21.9046786348672,-4.04489704930045,"Young"
"USP14",11.7778486414961,10.1649809946889,-1.61286764680717,"Young"
"PRKAG1",20.9822958027398,17.0401561308688,-3.94213967187101,"Young"
"PRKAA2",16.9404115753725,18.9726848938056,2.03227331843311,"Young"
"HSPA2",45.2864983507866,48.3891668246298,3.10266847384321,"Young"
"RAD23A",13.4602282873373,7.56059545470946,-5.89963283262786,"Young"
"RAD23B",18.1826281364699,8.89350836181735,-9.28911977465259,"Young"
"AK2",22.5040317214468,24.5841267525673,2.08009503112044,"Young"
"NAPA",9.05876115269469,14.293358408971,5.23459725627634,"Young"
"EIF5",36.8295936487952,31.5288421416327,-5.3007515071625,"Young"
"PSMD4",11.2060447392305,16.3409867947111,5.1349420554806,"Young"
"DRG2",23.3083529148724,22.4422917339618,-0.866061180910599,"Young"
"RRAD",37.8991585259565,70.8248582353991,32.9256997094426,"Young"
"CSE1L",17.4258445324625,15.4890372622678,-1.93680727019467,"Young"
"VCP",14.3089723296917,19.0785613575498,4.76958902785812,"Young"
"HADHB",13.7235593563346,19.5651825472191,5.84162319088457,"Young"
"NAP1L1",21.4804294336871,24.8994456564739,3.41901622278685,"Young"
"ADK",33.017021651985,29.4205346848645,-3.59648696712054,"Young"
"LAMB2",85.6496288273968,97.8609216145248,12.2112927871281,"Young"
"CDH13",35.6516546616888,19.2651992742483,-16.3864553874404,"Young"
"TPD52",32.820385231643,31.2822718685635,-1.53811336307954,"Young"
"SEC13",18.8296693033499,25.8329876971453,7.00331839379542,"Young"
"SNU13",22.8194611465153,20.9952428572254,-1.82421828928992,"Young"
"NPEPPS",12.4211584628769,10.94354594336,-1.47761251951698,"Young"
"HNRNPH2",15.6918945278947,26.7377480618324,11.0458535339378,"Young"
"OXCT1",41.7264392463668,36.8350824235523,-4.89135682281447,"Young"
"SH3BGR",27.537786439181,25.9830708780005,-1.55471556118047,"Young"
"EIF3B",17.2426003312658,24.3349868047663,7.09238647350051,"Young"
"ATP5MF",36.2703307186087,29.7371166908654,-6.53321402774331,"Young"
"NDUFV3",26.0335231594214,47.6538864581393,21.6203632987179,"Young"
"MARS1",0.00528008240309026,14.7622909441073,14.7570108617042,"Young"
"ARPP19",33.0668807534094,33.150097205076,0.0832164516665799,"Young"
"ATP5F1E",23.4262190810491,21.6869508681331,-1.73926821291607,"Young"
"ATP5ME",15.8658515670997,21.2884283558354,5.42257678873568,"Young"
"EIF6",20.4137160216784,23.9640265037258,3.55031048204739,"Young"
"NDUFA6",28.2637219335894,39.4091353709087,11.1454134373193,"Young"
"SYNJ2BP",25.9812619312368,25.1832507910012,-0.798011140235644,"Young"
"EEFSEC",20.4103285737978,31.5314733194431,11.1211447456454,"Young"
"MTPN",13.9433483984353,10.3195327785773,-3.62381561985803,"Young"
"DEFA3",47.4063442413219,50.6706512261781,3.2643069848562,"Young"
"ARPC4",20.6431386430573,22.8158485814867,2.17270993842932,"Young"
"CD81",92.7365798620648,16.8824909190068,-75.8540889430581,"Young"
"TPI1",10.7233408827778,15.4990696191459,4.77572873636813,"Young"
"EIF3E",24.5606914492349,28.7140328431693,4.15334139393442,"Young"
"SEC61B",41.4434405721107,29.2217744620077,-12.221666110103,"Young"
"GABARAPL2",33.9835111663648,40.3928792441869,6.40936807782212,"Young"
"ROMO1",29.0902097374204,78.2399485909486,49.1497388535282,"Young"
"MYL6",31.8326322382902,61.4353372095679,29.6027049712777,"Young"
"ACTB",31.1126146925023,80.2044586123926,49.0918439198903,"Young"
"EIF4A1",20.0244180936115,20.1494106562344,0.12499256262295,"Young"
"RPS20",19.0655711204822,30.5883310129721,11.5227598924899,"Young"
"PRPS1",27.2874784225072,28.1007896332801,0.813311210772952,"Young"
"PSMA6",18.8627213024826,14.9391484045093,-3.92357289797333,"Young"
"S100A10",24.4144041766001,30.7499111522261,6.33550697562593,"Young"
"CDC42",19.4542665651299,29.6677257916377,10.2134592265079,"Young"
"DSTN",31.2076066530217,29.5657606361555,-1.64184601686614,"Young"
"RAB2A",16.3862942975381,28.1696577422037,11.7833634446656,"Young"
"RAB5B",24.0395678924659,22.3715353468541,-1.6680325456118,"Young"
"RAB10",41.0922607363819,18.3592912528214,-22.7329694835605,"Young"
"UBE2D3",34.9247575998112,21.4594126978064,-13.4653449020048,"Young"
"UBE2M",20.9028360062837,9.65257246437267,-11.250263541911,"Young"
"UBE2K",18.1219553667494,22.7200603386451,4.59810497189567,"Young"
"UBE2N",24.1519910508666,17.1837630976418,-6.96822795322484,"Young"
"RAB14",20.1899863701469,31.9892774377866,11.7992910676397,"Young"
"ACTR3",16.2029004709729,21.7587110562511,5.55581058527818,"Young"
"ACTR2",19.7579557518503,18.9612585334976,-0.796697218352723,"Young"
"ACTR1A",13.4855573149102,18.7809574468741,5.29540013196389,"Young"
"COPS2",12.9719886458622,15.698879808551,2.7268911626888,"Young"
"ABCE1",35.3290243876434,25.3290351773778,-9.99998921026556,"Young"
"RAP1B",22.8807213576799,18.1044541809049,-4.77626717677499,"Young"
"RPS3A",12.4974019152615,22.1993905314348,9.70198861617324,"Young"
"RPL26",34.2167617143602,34.135428309277,-0.0813334050831784,"Young"
"RPL15",41.7589384288512,29.4304603013074,-12.3284781275437,"Young"
"RPL27",20.3777861502483,61.521707155613,41.1439210053647,"Young"
"PCBD1",24.8864870193214,15.130737041311,-9.75574997801042,"Young"
"RPL37A",16.7460471515119,36.6512320887148,19.9051849372029,"Young"
"RHOA",18.0146335559249,18.0308793069252,0.016245751000362,"Young"
"HSPE1",26.8901965679289,17.2060268694549,-9.684169698474,"Young"
"SEC61A1",22.2125386071459,15.3917686170655,-6.82076999008039,"Young"
"VBP1",22.2679065803222,17.7771329001957,-4.49077368012646,"Young"
"B2M",23.8128979218703,32.6881816683982,8.87528374652788,"Young"
"NPC2",3.71673967778114,52.1497166812652,48.432977003484,"Young"
"PKIA",17.9111310049283,17.7358110701584,-0.175319934769927,"Young"
"SUMO2",29.6025278082401,18.759094662762,-10.8434331454781,"Young"
"UFM1",27.0475361887068,39.3334636639442,12.2859274752374,"Young"
"NUTF2",15.9313217796524,14.6704843884457,-1.2608373912067,"Young"
"HNRNPK",22.8204001516124,17.5963622558438,-5.22403789576865,"Young"
"YWHAG",12.1234774721451,16.076332642156,3.95285517001092,"Young"
"RRAS2",25.8003628640398,20.8248123400193,-4.97555052402044,"Young"
"TIMM10",19.1422154595162,23.6391245692284,4.49690910971222,"Young"
"RPS7",53.2384236699984,79.5732032823908,26.3347796123924,"Young"
"PPP1CA",22.5121445385995,21.0966746619239,-1.41546987667561,"Young"
"PPP1CB",26.9977586558977,31.5680308956845,4.57027223978682,"Young"
"PSMC1",17.2327510513864,18.5933743863452,1.3606233349588,"Young"
"PSMC5",18.8091864302538,13.9694137589691,-4.83977267128478,"Young"
"RPS8",20.4316021843713,19.8065670427928,-0.625035141578479,"Young"
"RPS15A",21.9183940607283,24.3922585328821,2.47386447215385,"Young"
"RPS16",20.5167713656639,31.1336397000611,10.6168683343972,"Young"
"UBE2G1",29.917444153952,29.9731136932223,0.0556695392702551,"Young"
"YWHAE",10.6908853336946,18.4336798001307,7.74279446643605,"Young"
"RPS14",20.4542775579659,21.3616728920814,0.907395334115517,"Young"
"RPS23",37.1729220333806,39.7645951762132,2.59167314283267,"Young"
"RPS18",11.8631901056833,19.4189936752076,7.55580356952431,"Young"
"RPS13",45.5638152679623,55.7201175081821,10.1563022402198,"Young"
"RPS11",21.2521754544445,21.9229557460247,0.670780291580137,"Young"
"SNRPD2",16.8040028111148,19.5550093940469,2.7510065829321,"Young"
"SNRPD3",25.4870542826999,24.9450805295098,-0.541973753190131,"Young"
"TMSB4X",52.4643601427441,88.466856536958,36.0024963942139,"Young"
"PSMC6",15.2074474608273,17.8669212622096,2.65947380138231,"Young"
"RPL7A",30.8178623227356,46.1994444908041,15.3815821680686,"Young"
"ETF1",24.6106433510379,34.0075391213219,9.396895770284,"Young"
"CNBP",20.3205890839149,23.6825068191926,3.36191773527767,"Young"
"RPS4X",14.8830739541252,22.042818430304,7.15974447617872,"Young"
"RPL23A",15.0549673785147,26.1329816892079,11.0780143106932,"Young"
"RPS6",14.4211588806136,20.1103646288456,5.68920574823202,"Young"
"H2BC4",56.6731381863177,44.1459470371943,-12.5271911491234,"Young"
"RAB1A",19.6544783550915,19.5029028462078,-0.151575508883688,"Young"
"RAN",15.8508568179221,18.0128121817808,2.16195536385874,"Young"
"RPL23",18.5681739568089,28.165309842308,9.59713588549908,"Young"
"RAP1A",34.8170108222427,25.3612419777211,-9.4557688445216,"Young"
"RPS15",16.8541452071174,27.0286805280769,10.1745353209595,"Young"
"RPS24",66.9273343923504,40.7446348168148,-26.1826995755356,"Young"
"RPS25",19.3493244893925,33.609826165325,14.2605016759326,"Young"
"RPS26",48.7928316446726,36.6594490841342,-12.1333825605384,"Young"
"RPS28",30.5476673514677,22.6295936863379,-7.9180736651298,"Young"
"GNB1",19.4717241161066,21.9925510095393,2.52082689343267,"Young"
"GNB2",17.3562871374861,28.2359133290133,10.8796261915272,"Young"
"RPL30",35.9312089592065,54.8825939658172,18.9513850066107,"Young"
"RPL31",33.669751002181,39.4504553524338,5.78070435025284,"Young"
"RPL10A",39.4321628657072,40.6447274433513,1.21256457764407,"Young"
"RPL32",42.9013664221818,56.1694149582536,13.2680485360718,"Young"
"RPL11",24.9074528417892,55.2859898187484,30.3785369769592,"Young"
"RPL8",40.5719426526819,44.7428121026302,4.17086944994833,"Young"
"PPIA",13.1945412481436,25.0615375430488,11.8669962949052,"Young"
"FKBP1A",18.6878994382212,31.7749189234327,13.0870194852116,"Young"
"RPS27A",31.8561051842802,37.5229953680037,5.6668901837235,"Young"
"GRB2",22.2745022314017,28.5379301316407,6.26342790023893,"Young"
"RAC1",14.1060845732724,14.2476536382342,0.141569064961871,"Young"
"AP2B1",15.5417692850954,29.0977512995837,13.5559820144883,"Young"
"VAMP2",51.0431522973302,6.47551069505767,-44.5676416022725,"Young"
"PPP3R1",28.3749291280502,24.5263860426219,-3.84854308542829,"Young"
"YWHAZ",15.8833944026805,24.0075347545769,8.12414035189639,"Young"
"UBE2B",34.3547262892561,47.7052826857856,13.3505563965295,"Young"
"PPP2R2A",18.5297652307833,9.92739416031196,-8.60237107047133,"Young"
"DYNLL1",21.604945072881,18.786302117295,-2.81864295558593,"Young"
"DYNLT1",19.4077685893582,13.2800573631342,-6.12771122622399,"Young"
"RPL38",25.3410381694813,31.4103963400671,6.06935817058578,"Young"
"SKP1",30.3277331580669,22.9077003916817,-7.42003276638515,"Young"
"RPS21",20.7858437324751,24.9745072414938,4.18866350901871,"Young"
"EIF5A",17.0857539741873,19.2753980486225,2.18964407443523,"Young"
"RACK1",14.8412665260555,18.3837296009016,3.5424630748461,"Young"
"UBE2I",29.6224720262704,24.8978118615733,-4.72466016469712,"Young"
"SELENOW",60.0512268913263,33.7070805184196,-26.3441463729067,"Young"
"TNNC1",45.6422547553964,75.3924259364311,29.7501711810347,"Young"
"PPP2CA",14.5050725417855,8.01982485570332,-6.48524768608221,"Young"
"YBX1",27.8202254259256,31.3455045603548,3.52527913442922,"Young"
"CSNK2B",19.20869281906,19.6423251186443,0.433632299584314,"Young"
"TPM4",32.1656644771981,25.5107968508197,-6.65486762637846,"Young"
"UBE2L3",13.7005888672586,6.56335214328782,-7.13723672397077,"Young"
"EEF1A1",19.064127940202,24.3546341082257,5.29050616802365,"Young"
"ACTA1",41.1751214340765,73.6078864194925,32.432764985416,"Young"
"TUBA1B",16.7408288247618,21.8010833750547,5.06025455029288,"Young"
"TUBA4A",24.5215788105502,26.8549767579545,2.33339794740426,"Young"
"TUBB4B",16.0510844521447,16.8086161307587,0.757531678614004,"Young"
"CSNK2A1",25.0410878429455,29.3434432698446,4.30235542689917,"Young"
"PAFAH1B2",91.9336699233069,25.8478612316316,-66.0858086916753,"Young"
"EIF4G2",21.1657642173879,19.4600288033472,-1.70573541404069,"Young"
"PIP4K2B",27.1575733718482,17.6073261468848,-9.55024722496336,"Young"
"CCT2",18.4505717786169,23.9007101493922,5.4501383707753,"Young"
"GSTO1",26.0361807385272,21.8094809677819,-4.22669977074536,"Young"
"PRKDC",23.2020415810168,27.0042410651876,3.80219948417083,"Young"
"DCD",66.0838303811104,50.2032185996904,-15.88061178142,"Young"
"MRPS25",20.2698216801677,19.4969294256864,-0.772892254481299,"Young"
"MRPS5",38.9732076786114,22.8730066976464,-16.100200980965,"Young"
"MRPS36",38.9571861977807,35.5503820854646,-3.40680411231605,"Young"
"MRPS15",44.3873687974568,23.8939345580044,-20.4934342394524,"Young"
"MRPS21",25.9360641281854,41.2082016587205,15.272137530535,"Young"
"SARNP",51.5610087965177,24.948427276693,-26.6125815198247,"Young"
"LACTB",26.1628995352524,24.6569203868334,-1.50597914841901,"Young"
"RPL24",20.6254589991916,33.0225954891578,12.3971364899662,"Young"
"ARF1",17.2869747015965,14.9404196467381,-2.34655505485845,"Young"
"ARF5",22.2419515499694,19.0506887004578,-3.1912628495116,"Young"
"ERH",49.086358246205,60.6010690892995,11.5147108430945,"Young"
"RPL19",21.8898789623201,40.113677024568,18.2237980622479,"Young"
"SRSF3",27.8645495461875,45.0791278688947,17.2145783227072,"Young"
"MXRA7",11.9429135082246,24.961388677289,13.0184751690644,"Young"
"H3-3A",49.7235764064299,64.8104062805977,15.0868298741678,"Young"
"HSPG2",57.1595208662633,54.5752199542958,-2.58430091196754,"Young"
"RBM3",45.980431365923,77.9963676164269,32.0159362505038,"Young"
"CYCS",31.0535915177301,32.3435363951953,1.28994487746521,"Young"
"MPP1",31.0433738175912,24.2321283983821,-6.81124541920911,"Young"
"TFAM",34.7943591595705,17.2425818425809,-17.5517773169896,"Young"
"PITPNA",24.9843127076043,11.3869864812065,-13.5973262263977,"Young"
"SLC25A3",18.2136415815455,19.51589354805,1.30225196650455,"Young"
"HDLBP",30.2377807476379,27.6474608340644,-2.59031991357352,"Young"
"PURA",23.990185345937,38.9940780277552,15.0038926818183,"Young"
"CLTC",15.2472798906438,27.088877690087,11.8415977994432,"Young"
"FKBP3",13.5767464704234,14.903640867615,1.32689439719157,"Young"
"REEP5",16.7138419578178,26.1208655860996,9.40702362828184,"Young"
"SORD",38.7788549855328,31.997798663568,-6.78105632196488,"Young"
"HNRNPU",24.4665571459909,27.5143752407216,3.0478180947307,"Young"
"MYBPC1",40.8552038432992,81.1351045032108,40.2799006599117,"Young"
"PLIN5",33.1867383543775,54.5825054965478,21.3957671421703,"Young"
"SPTBN1",23.8530805566533,21.3802579130086,-2.47282264364466,"Young"
"TIAL1",29.002575150579,29.0942880421812,0.0917128916021603,"Young"
"SET",26.7069180953106,30.6298756656534,3.92295757034273,"Young"
"AMPD3",50.9581872327956,49.665658699781,-1.29252853301463,"Young"
"FABP5",25.313521738998,39.3610175067847,14.0474957677867,"Young"
"ANK2",32.2545934900201,32.5020371772749,0.247443687254808,"Young"
"CAP1",25.3978528476175,37.8989611620241,12.5011083144066,"Young"
"EWSR1",15.1736860365947,22.2505849609724,7.07689892437767,"Young"
"TAGLN",43.2974229864121,59.4762739357483,16.1788509493362,"Young"
"OGDH",14.3807821838186,18.4513594544947,4.07057727067611,"Young"
"COX6A2",38.110435338461,42.8850640665594,4.77462872809839,"Young"
"ALDH6A1",39.482823196732,36.0609040551961,-3.4219191415359,"Young"
"BDH1",26.5102086468681,50.0831927298066,23.5729840829385,"Young"
"COL7A1",56.5036917666142,26.1029014281658,-30.4007903384484,"Young"
"RPL18A",37.9543654631905,46.8483695068976,8.89400404370707,"Young"
"CACNB1",14.5379020341378,18.5052525338332,3.96735049969537,"Young"
"MAP2K1",13.8568772350919,18.760194600265,4.90331736517306,"Young"
"FKBP4",24.74185562901,24.832241055812,0.0903854268019124,"Young"
"RPL6",30.328805909308,52.9033058846278,22.5744999753198,"Young"
"AKAP12",39.2447104449826,33.5084206232153,-5.73628982176734,"Young"
"SLC25A11",26.3149913925572,26.4260521527719,0.111060760214681,"Young"
"CAV1",17.1534327759168,24.2122023325427,7.05876955662588,"Young"
"ACY1",27.3131339584554,20.7616558754568,-6.55147808299867,"Young"
"LMNB2",46.1264601362253,50.26414540245,4.13768526622476,"Young"
"UBXN1",18.919504001427,17.4814915435709,-1.43801245785609,"Young"
"GBE1",26.0879793605348,36.7505156762182,10.6625363156834,"Young"
"EIF4G1",12.4860657754333,10.8738268054157,-1.6122389700176,"Young"
"PRKCQ",21.507662672744,33.1083091188941,11.6006464461501,"Young"
"GLO1",15.768069843115,15.831275537425,0.0632056943100618,"Young"
"AKR1C1",25.6385925664555,35.209226253942,9.57063368748649,"Young"
"SSBP1",24.1306223747113,20.4538340645737,-3.67678831013757,"Young"
"YWHAH",17.6297255111674,16.1434603004917,-1.48626521067571,"Young"
"PLP2",69.7570188204939,47.1592814562445,-22.5977373642493,"Young"
"UBE3A",19.5669633764517,20.1757254298026,0.60876205335083,"Young"
"SRSF11",19.2607037070243,15.8106775299819,-3.45002617704246,"Young"
"EEF1A2",18.6829627569794,21.4831599308841,2.80019717390466,"Young"
"CALD1",23.8300668190341,13.5677448624231,-10.262321956611,"Young"
"COL14A1",67.0354006778306,59.5845048423923,-7.45089583543834,"Young"
"PTPN11",17.6006374670468,21.5500889082278,3.94945144118103,"Young"
"PSME1",20.7759871172018,20.5783102355094,-0.197676881692356,"Young"
"CACNG1",32.2582992986394,28.3489343799913,-3.90936491864807,"Young"
"ZNF33A",145.368404745491,176.034258021515,30.6658532760235,"Young"
"PRDX1",15.6994460818543,17.8656485078553,2.16620242600102,"Young"
"RPL18",34.4777936909962,44.9824264648264,10.5046327738302,"Young"
"C1QBP",19.3521694178089,24.8316992401588,5.47952982234986,"Young"
"CKAP4",29.0189131704204,27.7102911017039,-1.30862206871646,"Young"
"DPT",47.3437849980437,62.0880909174457,14.744305919402,"Young"
"KLC1",28.5867351725634,31.2769882189467,2.69025304638332,"Young"
"SRSF1",23.5994592265207,22.5252455325034,-1.07421369401732,"Young"
"ARHGAP1",19.2622889857527,26.7602863477548,7.49799736200204,"Young"
"ACTN3",121.996097721444,151.893628716083,29.8975309946394,"Young"
"PPP3CA",18.1308425339333,18.2025562765747,0.0717137426414212,"Young"
"DHX9",22.2123536937835,30.048868791444,7.83651509766048,"Young"
"CRYZ",26.2205543486586,29.0241062182765,2.80355186961793,"Young"
"SLC20A2",123.506247698023,145.321473872469,21.8152261744455,"Young"
"PUDP",27.5696492009686,33.5643328157728,5.99468361480422,"Young"
"CD47",27.2324815794885,27.5780478850995,0.345566305611047,"Young"
"PPID",13.5597147492927,52.3004117130179,38.7406969637252,"Young"
"AHNAK",38.9340002841609,58.2084238301865,19.2744235460256,"Young"
"LMOD3",50.8779380255586,122.566386575433,71.6884485498742,"Young"
"HSPA14",21.2435645294144,34.6036805196404,13.360115990226,"Young"
"SCRN3",50.2758715422612,24.1404220935434,-26.1354494487178,"Young"
"NEXN",36.1622352835294,71.037881038594,34.8756457550646,"Young"
"AP1B1",17.0122800847523,18.7726199458739,1.76033986112159,"Young"
"BST2",15.0140565936116,38.1653807296502,23.1513241360386,"Young"
"PMPCA",7.91389035923296,22.5560177055896,14.6421273463566,"Young"
"ASPH",33.4584342406281,29.0061230147301,-4.45231122589802,"Young"
"EFEMP1",21.6267399573015,47.7226718029062,26.0959318456047,"Young"
"STX4",43.1695379879112,14.2696791341054,-28.8998588538058,"Young"
"GRSF1",31.3645807116592,46.097186379863,14.7326056682038,"Young"
"AIMP1",13.7089108965778,20.7659776163961,7.05706671981836,"Young"
"ILF3",35.2846716949912,73.9876355649148,38.7029638699236,"Young"
"TRAP1",31.1622674435304,20.6766178301729,-10.4856496133575,"Young"
"ANK3",17.1143358967591,18.2347514172963,1.12041552053723,"Young"
"HSPB3",43.2705329001383,44.0507883551295,0.780255454991192,"Young"
"ECH1",26.3771298612357,25.3131080405633,-1.06402182067235,"Young"
"STRN3",18.883152891594,22.8620468984315,3.97889400683755,"Young"
"COASY",13.4178137404849,18.7279717611082,5.31015802062332,"Young"
"TRDN",34.1732864953975,47.6953804575114,13.5220939621139,"Young"
"ACACA",25.5019629655954,39.2998452792268,13.7978823136314,"Young"
"GPS1",23.2424913847449,12.2797908284309,-10.962700556314,"Young"
"MTAP",27.2613894594111,34.2604573580404,6.99906789862931,"Young"
"PRKAA1",26.5003361366973,10.5156346329536,-15.9847015037437,"Young"
"TARDBP",20.9462987252687,14.6218231230252,-6.32447560224348,"Young"
"PAK1",2.3413830678831,56.2211404262663,53.8797573583832,"Young"
"AIMP2",18.0048599669805,13.8635851570061,-4.1412748099744,"Young"
"PRDX4",24.3952371079107,33.6840579063417,9.28882079843108,"Young"
"PAK2",18.2908385377721,19.9258955225563,1.63505698478425,"Young"
"CBX3",23.2560776758766,19.3280739861935,-3.92800368968308,"Young"
"PSMD2",13.7422802413925,16.5493503023687,2.80707006097626,"Young"
"MYBPH",76.2942685886456,88.5885790972588,12.2943105086132,"Young"
"SELENBP1",23.0487881852241,24.9977624826101,1.94897429738604,"Young"
"TRIM28",23.7393370757801,29.435910376392,5.69657330061185,"Young"
"G3BP1",18.5624593734824,40.3902512499737,21.8277918764913,"Young"
"PABPC4",48.7816202257663,51.7759877474652,2.99436752169888,"Young"
"SGCG",17.854874426077,16.6091144940486,-1.24575993202841,"Young"
"EIF3I",21.9167454107709,16.8023853121792,-5.1143600985917,"Young"
"CTBP1",11.8869204596527,19.9127402418665,8.02581978221383,"Young"
"UBE2V1",29.1954852629263,25.5560957037422,-3.63938955918411,"Young"
"DYNC1I2",19.0333459474432,22.7211562455079,3.68781029806473,"Young"
"ILK",14.2505581943322,22.3895694117451,8.13901121741288,"Young"
"NNT",20.4250305724518,18.0103179148185,-2.41471265763329,"Young"
"SNTA1",26.3547359708189,26.5405614023186,0.185825431499737,"Young"
"SNTB2",18.2898289432768,15.15973949736,-3.13008944591686,"Young"
"SF3B2",27.4639758171008,17.6879293619635,-9.77604645513726,"Young"
"PDAP1",26.6935119203565,20.7183825381169,-5.97512938223964,"Young"
"TMED1",37.9451219763408,25.5159790692312,-12.4291429071097,"Young"
"FKBP5",16.8387141912237,25.9958245036594,9.15711031243567,"Young"
"PICALM",40.2529287994225,28.6067817897877,-11.6461470096348,"Young"
"MTM1",18.7623182482431,22.8456041448962,4.08328589665304,"Young"
"SQSTM1",26.3069815738881,29.1762102243262,2.86922865043805,"Young"
"MTX1",38.3885937805184,24.3512899492115,-14.0373038313069,"Young"
"ART3",42.6025801087816,47.6892919867478,5.0867118779662,"Young"
"ASAH1",22.2341467497808,21.7734487568706,-0.460697992910191,"Young"
"PIN1",21.7562958269603,19.9366791505477,-1.81961667641265,"Young"
"CAMK2B",23.5133059511951,16.8121055608544,-6.70120039034074,"Young"
"CAMK2G",15.0992179940138,17.9944074221391,2.89518942812526,"Young"
"CAMK2D",20.1262075474243,22.3874721147046,2.2612645672803,"Young"
"DCTN2",10.6801598235939,11.1057393553373,0.425579531743388,"Young"
"NAE1",33.3827823394315,19.3131940783729,-14.0695882610586,"Young"
"STIM1",14.1555782525409,16.192967783953,2.03738953141211,"Young"
"CUL1",22.1530239436186,17.5568338494584,-4.59619009416017,"Young"
"CUL2",27.8492294966295,41.3573457184781,13.5081162218486,"Young"
"CUL3",19.6152766347968,16.2479292840723,-3.36734735072451,"Young"
"CUL4A",12.6514343011627,18.8166083486345,6.16517404747178,"Young"
"FHL1",20.580384440615,19.8432053796312,-0.737179060983777,"Young"
"FHL3",25.3498618903472,29.0492253957428,3.6993635053956,"Young"
"ITGA7",28.9327032437136,21.6430704652191,-7.28963277849448,"Young"
"AAMP",30.8167606137494,29.244916477189,-1.57184413656041,"Young"
"CACNA1S",26.5023919806761,22.3662831033386,-4.13610887733754,"Young"
"MOGS",16.5019545959095,42.0272572323035,25.525302636394,"Young"
"SPTAN1",21.8384103952615,28.5240634929096,6.68565309764815,"Young"
"AUH",26.826520817653,22.0880630110368,-4.73845780661625,"Young"
"DDX39B",30.2880155761011,30.5803555941687,0.292340018067627,"Young"
"BLMH",47.732435803801,23.0796161094805,-24.6528196943205,"Young"
"SNTB1",24.4172652091644,26.0016034260896,1.58433821692522,"Young"
"TUBB2A",20.8149057510708,19.1862644175385,-1.62864133353231,"Young"
"IDI1",28.7726349844928,29.4064201647224,0.63378518022958,"Young"
"PRKG1",34.9418160467937,33.3406715149563,-1.60114453183738,"Young"
"COX17",61.8982703704862,43.2791920073068,-18.6190783631794,"Young"
"HNRNPD",17.2138617237161,28.0313572408167,10.8174955171006,"Young"
"SCARB2",24.3912613830086,26.0005301764461,1.60926879343744,"Young"
"NID2",53.5124535142904,88.5785170493778,35.0660635350873,"Young"
"IL18",72.0357997171011,51.6289924113491,-20.406807305752,"Young"
"DAG1",28.9639470262418,15.2396214881772,-13.7243255380647,"Young"
"EIF3A",12.9050409771174,19.6280157902061,6.72297481308875,"Young"
"UBAP2L",55.4433118820285,74.6563149430746,19.2130030610462,"Young"
"MLEC",20.3775171790981,18.6299448152931,-1.74757236380501,"Young"
"DPYSL3",33.2404176548086,32.123473827912,-1.11694382689658,"Young"
"DCTN1",18.5545186782479,17.9565189186176,-0.597999759630358,"Young"
"DYNC1H1",14.9048207941217,20.0838431197467,5.17902232562501,"Young"
"EIF2B1",22.593993248519,20.2443997710886,-2.34959347743042,"Young"
"EIF4A2",24.5639135946321,27.4660527827918,2.90213918815961,"Young"
"CTTN",49.7170196804523,37.0163643432164,-12.700655337236,"Young"
"ENDOG",32.8487548874365,30.4045221415866,-2.44423274584992,"Young"
"FLOT2",16.2578498493826,31.8884010459616,15.6305511965789,"Young"
"TRIM25",29.7845124951765,33.0847421260677,3.30022963089122,"Young"
"FLNC",36.0322188460407,39.404061203113,3.37184235707229,"Young"
"MYBPC2",73.8840661568041,79.3254920944675,5.44142593766344,"Young"
"GAMT",24.0451212436436,21.3699760977815,-2.67514514586214,"Young"
"CAPRIN1",30.6191360725041,38.4802111122335,7.8610750397294,"Young"
"PRPSAP1",40.904145029897,35.8635809698991,-5.04056405999785,"Young"
"CLINT1",26.9400950438849,20.4107718387304,-6.5293232051545,"Young"
"GANAB",12.6932781022628,18.7489717607272,6.05569365846439,"Young"
"SSPN",28.7662729126587,30.5055653450827,1.73929243242399,"Young"
"MVP",12.8396350526389,42.0723584379969,29.232723385358,"Young"
"LTBP3",42.8917215921515,38.7926684436974,-4.0990531484541,"Young"
"LASP1",21.5948415435233,50.3115930024925,28.7167514589691,"Young"
"PTGR1",50.9994716578416,56.2903841697366,5.29091251189503,"Young"
"KPNB1",11.0148419452424,21.0916261181216,10.0767841728792,"Young"
"NUMA1",13.4801254451555,21.8725502068578,8.39242476170231,"Young"
"PSME4",27.408986130791,38.0095343182715,10.6005481874805,"Young"
"SLMAP",22.8463059161219,33.3037190122201,10.4574130960982,"Young"
"EMC2",27.7333917432012,27.1023203968849,-0.631071346316268,"Young"
"PSMD6",22.5830490619718,25.2855187455969,2.70246968362514,"Young"
"ABRAXAS2",15.2702610309176,15.9559982916544,0.685737260736829,"Young"
"SEPTIN2",21.4900213287999,14.9926355138261,-6.49738581497384,"Young"
"KARS1",14.6762827925333,13.8151167098177,-0.86116608271564,"Young"
"EIF4H",20.673746385387,15.3016650465634,-5.37208133882364,"Young"
"EEA1",28.7983489109844,31.6081300982567,2.80978118727229,"Young"
"PDIA6",18.2607841867698,22.2350273424913,3.97424315572151,"Young"
"PAFAH1B3",28.5112798671895,26.5243024422834,-1.98697742490603,"Young"
"PLCL1",30.1619854586564,29.1072940562766,-1.05469140237988,"Young"
"PDK1",29.3436885541552,29.1490961932728,-0.194592360882378,"Young"
"PDK2",25.1721417807407,36.123665577183,10.9515237964423,"Young"
"PGM5",17.7188484628632,45.0003222690489,27.2814738061856,"Young"
"PLEC",28.1288279592085,31.8421677607718,3.71333980156333,"Young"
"PPP2R5A",34.8257583100103,40.7892795273368,5.96352121732644,"Young"
"PPA1",28.7547267477889,25.1911132043229,-3.56361354346601,"Young"
"PTGES3",23.5495521157067,22.228281014038,-1.32127110166866,"Young"
"STK38",23.0711759770808,43.2848800416109,20.2137040645301,"Young"
"NONO",18.7326825195082,12.9388285945815,-5.7938539249267,"Young"
"PTPA",33.6686431264111,16.0268068809506,-17.6418362454605,"Young"
"RABEP1",20.5940440466337,33.549830793089,12.9557867464553,"Young"
"RAB35",23.0820568029903,34.6187501404832,11.5366933374929,"Young"
"TMED2",21.3397245271997,22.1132898791964,0.773565351996741,"Young"
"PCBP1",18.1602137670373,23.729895637509,5.56968187047174,"Young"
"PCBP2",21.9301600546165,19.415237872807,-2.51492218180947,"Young"
"ELOC",18.0055100448755,16.029468210484,-1.9760418343915,"Young"
"ELOB",21.1456353735429,18.2501586048483,-2.89547676869456,"Young"
"UBE3C",2.08044242438039,32.4327371059531,30.3522946815727,"Young"
"DHCR24",27.3601695853927,38.116548926329,10.7563793409362,"Young"
"RSU1",21.9137815281448,23.8583557061989,1.94457417805409,"Young"
"PPP1R7",36.1790319937119,24.1630505816485,-12.0159814120634,"Young"
"SEC23A",19.2557832143331,20.0817435378454,0.825960323512344,"Young"
"MAPRE2",21.8005945865375,16.201895973661,-5.59869861287654,"Young"
"TGFBI",46.9910077247593,61.1436318978729,14.1526241731136,"Young"
"TSN",22.5712541282584,24.6798641819867,2.10861005372837,"Young"
"SF1",35.4521029372452,46.9408572493831,11.4887543121379,"Young"
"TRIP10",17.6277045813031,19.1661262168034,1.53842163550025,"Young"
"MAPRE1",20.3460287502801,25.4415223617805,5.0954936115004,"Young"
"ELAVL1",4.64643433275192,3.73530046963919,-0.911133863112727,"Young"
"MYLK",36.7884458315991,47.4101354881587,10.6216896565595,"Young"
"SPEG",25.7260476139519,23.6910477394121,-2.03499987453975,"Young"
"TBCE",17.0358735343953,27.6209068003255,10.5850332659302,"Young"
"UBE2V2",9.05455332944987,10.6366094008653,1.58205607141541,"Young"
"NEDD8",26.4846413642086,24.5187977711779,-1.96584359303071,"Young"
"ADIPOQ",26.4679954322131,19.5262086956447,-6.94178673656836,"Young"
"RAB11B",8.28503773656869,10.8179240542526,2.53288631768389,"Young"
"ZYX",18.0286132424674,25.9297239138989,7.9011106714315,"Young"
"HSPB2",19.227079811809,32.0061515015254,12.7790716897165,"Young"
"ETFDH",27.7359268004344,27.4813268544214,-0.254599946012924,"Young"
"SEPTIN7",16.9870645614269,26.4346515646642,9.4475870032373,"Young"
"ADRM1",33.2562237043296,17.5268978711009,-15.7293258332287,"Young"
"DDB1",9.66229228609698,13.4554563301162,3.79316404401924,"Young"
"CDC37",13.401218277408,15.4428321943696,2.04161391696161,"Young"
"DPYSL2",17.5059563056034,17.465461119161,-0.0404951864423992,"Young"
"SYPL1",17.8833386716063,28.0250478229657,10.1417091513594,"Young"
"RBBP7",27.4293308463275,25.3338015043333,-2.09552934199421,"Young"
"SGCB",18.9356231482396,12.3380585990187,-6.59756454922091,"Young"
"SGCA",21.9253700882918,13.1715473646127,-8.75382272367911,"Young"
"FXN",35.1840709426121,27.3065757566585,-7.87749518595357,"Young"
"FSCN1",32.7433964927419,31.3730189811653,-1.37037751157661,"Young"
"DECR1",25.4743998523103,15.8708020147856,-9.60359783752464,"Young"
"NDUFA5",19.64029016918,32.4499252206594,12.8096350514793,"Young"
"CLPP",38.5015653003111,28.1497070548387,-10.3518582454724,"Young"
"TST",24.2356627469418,25.3325921074696,1.09692936052785,"Young"
"KYAT1",22.7845710411042,25.9553699662799,3.17079892517569,"Young"
"GUK1",5.75624745769557,41.882923350249,36.1266758925534,"Young"
"HAGH",20.205258975415,14.4318710385989,-5.77338793681612,"Young"
"NDUFA9",21.76153673202,34.0487745451944,12.2872378131744,"Young"
"PHKG1",18.6556996864291,10.8567807394896,-7.79891894693952,"Young"
"PPP1R3A",24.9973683096403,19.4632987512687,-5.53406955837161,"Young"
"HADH",24.538903928506,21.403291913969,-3.13561201453698,"Young"
"UGP2",19.0062193473103,18.2587766989414,-0.747442648368953,"Young"
"TXNRD1",16.3274993610591,12.8120880858991,-3.51541127515998,"Young"
"IMMT",13.002995358042,17.1435606192537,4.14056526121168,"Young"
"IAH1",19.8621359508243,24.0615180480632,4.19938209723892,"Young"
"KLHL40",53.3376904101366,71.9209306486627,18.5832402385261,"Young"
"TKFC",35.8477015624273,51.7397938359916,15.8920922735643,"Young"
"TIMM50",19.75716029651,17.862284030963,-1.89487626554701,"Young"
"NADK2",23.1539185399593,41.3842758113033,18.230357271344,"Young"
"FAM98B",33.3339254003732,18.903285607318,-14.4306397930552,"Young"
"HIKESHI",19.0468677878226,21.584779224762,2.53791143693936,"Young"
"PDLIM3",23.797331479377,29.5255065489628,5.72817506958578,"Young"
"HSD17B12",21.5595677371742,41.2009423417064,19.6413746045322,"Young"
"AGK",23.6733437923096,11.9292129592624,-11.7441308330472,"Young"
"LACTB2",25.7202795101386,26.0878917845956,0.36761227445697,"Young"
"DCAF6",17.0646707945579,21.6652238595477,4.60055306498979,"Young"
"CAVIN4",17.6905412343386,23.5119937707442,5.82145253640553,"Young"
"FLG2",60.9437499015746,106.306097496147,45.3623475945726,"Young"
"RABL3",27.8924207254973,29.4216975176875,1.52927679219022,"Young"
"COQ5",32.5643243221889,33.4273013553363,0.862977033147438,"Young"
"NOMO2",14.2311678841649,24.9888033037389,10.757635419574,"Young"
"PITRM1",28.8823933361061,38.6635105745991,9.78111723849299,"Young"
"WDR44",43.9317504944348,23.169542155891,-20.7622083385438,"Young"
"COA6",39.1437633023122,35.7418390505042,-3.401924251808,"Young"
"TOR1AIP1",8.46400148910088,31.9018556250087,23.4378541359078,"Young"
"GNAS",20.0337880902161,24.0213640626725,3.9875759724564,"Young"
"TTC38",54.1579723053915,57.8324985570086,3.67452625161713,"Young"
"C6orf136",83.3662324413669,108.71123628273,25.3450038413635,"Young"
"HP1BP3",35.1062740282158,50.5257515130519,15.4194774848362,"Young"
"IBA57",38.0665144778083,34.3216078149016,-3.74490666290666,"Young"
"UBR4",11.377315926005,27.2558611024126,15.8785451764076,"Young"
"DCAF8",25.5907624440396,30.0603671594842,4.4696047154446,"Young"
"DDI2",55.574483665924,83.043024141494,27.46854047557,"Young"
"MICOS10",35.2000537449412,28.7953955331269,-6.40465821181424,"Young"
"LYRM7",28.8122609057413,32.0375030412345,3.22524213549318,"Young"
"OBSCN",29.805734075339,45.7519263773941,15.9461923020552,"Young"
"MYOM3",51.5196059937048,110.452847498882,58.933241505177,"Young"
"PDE4DIP",52.7203893384001,43.8498582847177,-8.87053105368243,"Young"
"BROX",36.7749125028143,34.1876347642822,-2.58727773853214,"Young"
"SYPL2",23.4621899209215,24.2347258163395,0.77253589541801,"Young"
"ECPAS",10.1876286608413,15.2044334472676,5.01680478642625,"Young"
"MICOS13",26.890188099654,35.1429842712342,8.2527961715802,"Young"
"RNF123",13.7792773024158,17.0928995909535,3.3136222885377,"Young"
"TMEM198",33.0385982575806,50.538258821911,17.4996605643304,"Young"
"CRYBG3",68.8117602085768,57.8833726938106,-10.9283875147662,"Young"
"NXN",16.1407825839545,24.2996523108667,8.1588697269122,"Young"
"PTRHD1",33.2929038883315,16.1320619733654,-17.1608419149661,"Young"
"ABLIM2",46.9304761324365,82.0574639694123,35.1269878369759,"Young"
"LAMTOR1",18.430748592012,32.8969169568637,14.4661683648517,"Young"
"DHRS7B",39.822387450758,32.4534203091838,-7.36896714157429,"Young"
"TWF2",24.1435915089521,33.4984451228519,9.35485361389985,"Young"
"ETFRF1",40.1957058454138,35.789475920935,-4.40622992447879,"Young"
"RAB12",21.3774564573975,24.0643470191475,2.68689056175008,"Young"
"DENND5A",32.5185173658468,48.6495189665717,16.1310016007249,"Young"
"RCSD1",30.9313750371459,19.3494778860288,-11.5818971511171,"Young"
"SLC25A24",18.8454713182655,23.2547637652481,4.4092924469826,"Young"
"HIBCH",38.0422652581311,42.6011382922917,4.55887303416059,"Young"
"CAVIN1",16.2439780713686,21.9784000898842,5.73442201851563,"Young"
"MRPL54",23.196234426297,18.883770886116,-4.31246354018095,"Young"
"LPCAT3",40.1655365280383,31.194348954374,-8.97118757366427,"Young"
"TATDN1",33.1824866310656,28.8528231993907,-4.3296634316749,"Young"
"SFXN4",22.4885241223988,43.8619114593379,21.3733873369391,"Young"
"FAHD1",27.0144365047855,24.3378623127071,-2.67657419207843,"Young"
"LMOD2",86.9676345030073,251.260938558632,164.293304055625,"Young"
"SLC27A1",16.6693137184189,31.5235209045469,14.854207186128,"Young"
"CCDC137",95.3409322779727,156.805872913691,61.4649406357181,"Young"
"CORO6",35.1867795648813,72.9572423542557,37.7704627893744,"Young"
"TMEM205",24.9649615174936,18.2424354268828,-6.72252609061082,"Young"
"DHRS11",18.0541587870479,36.4814035574592,18.4272447704113,"Young"
"APOOL",24.2711564024972,19.7402865117222,-4.53086989077502,"Young"
"NAPRT",37.6483134049326,50.360025950833,12.7117125459004,"Young"
"HSDL2",18.0847868178487,23.5084286511338,5.42364183328516,"Young"
"KYAT3",40.065590758074,44.3071184406947,4.24152768262073,"Young"
"TRIM72",10.785536809673,14.9402062433229,4.15466943364993,"Young"
"UBN2",57.6445193712935,180.168550511523,122.524031140229,"Young"
"TOM1L2",12.0476779790573,17.6268896382731,5.57921165921585,"Young"
"XIRP1",59.7783907189128,59.2777156860039,-0.50067503290893,"Young"
"VPS13C",22.5446734512547,27.6035378598587,5.05886440860397,"Young"
"UBE2R2",34.2278696668793,26.8073550072613,-7.42051465961802,"Young"
"SND1",19.1561415116978,29.995266062083,10.8391245503851,"Young"
"TRMT10C",20.5818753073171,23.7452989476297,3.16342364031257,"Young"
"BZW1",28.4396677599197,40.957031356794,12.5173635968743,"Young"
"EIF3M",21.5058461323569,19.4495078972617,-2.05633823509524,"Young"
"COPS6",18.5240692705373,14.354832182433,-4.16923708810431,"Young"
"CHMP1B",23.6567235799532,34.7305555880745,11.0738320081213,"Young"
"MRPL21",42.0688837075826,44.6463830108976,2.57749930331504,"Young"
"DGLUCY",30.7901340011588,30.1400515561125,-0.650082445046291,"Young"
"MYH14",30.334666710708,24.4961958625573,-5.83847084815066,"Young"
"SZRD1",22.5864847375216,33.2978848021557,10.7114000646342,"Young"
"MAVS",17.8440416003733,24.3322991498077,6.48825754943449,"Young"
"COMMD6",52.2222410463973,23.0020263243973,-29.220214722,"Young"
"HDDC2",16.0681686730931,20.9573319793621,4.88916330626897,"Young"
"HDGFL2",21.0096844646608,33.4442499638918,12.434565499231,"Young"
"DCXR",30.5340525065255,27.3896657757577,-3.14438673076781,"Young"
"SPRED2",91.7085443260696,81.783339832316,-9.92520449375358,"Young"
"HUWE1",31.8451237263348,29.4767234523959,-2.3684002739389,"Young"
"GLRX5",29.0291693695974,27.1342394473598,-1.89492992223767,"Young"
"MYPN",29.3590725160575,56.1280043844502,26.7689318683928,"Young"
"SRL",16.7082859500939,12.2899819851494,-4.41830396494454,"Young"
"ACOT1",45.1967310674267,56.5202639578588,11.323532890432,"Young"
"ISCA2",23.3026635207059,21.0834026203613,-2.21926090034467,"Young"
"MTDH",23.5426580900804,15.3550814184783,-8.1875766716021,"Young"
"KTN1",34.9476195035957,30.5469048116362,-4.40071469195951,"Young"
"NLRX1",19.0552479005685,16.9162850773596,-2.13896282320885,"Young"
"ALYREF",18.6555893128591,31.2038605746334,12.5482712617743,"Young"
"MDP1",23.064026126861,33.4997969982285,10.4357708713675,"Young"
"NRAP",61.8589694038633,61.1965217594444,-0.662447644418862,"Young"
"VPS36",20.4827003500118,28.4001100178634,7.9174096678516,"Young"
"CAND1",36.444726344655,25.1244207489198,-11.3203055957352,"Young"
"COMMD7",15.4820987869499,18.7529050547849,3.27080626783498,"Young"
"LDHD",35.9558950285165,44.4883871633734,8.53249213485692,"Young"
"CARM1",26.7971338561097,21.6906331285993,-5.10650072751034,"Young"
"NIT1",33.1085353217822,33.3358408220159,0.22730550023374,"Young"
"NDUFA11",41.7732548853587,43.5091105837891,1.7358556984304,"Young"
"ECHDC2",31.9119650150473,24.8264377920933,-7.08552722295396,"Young"
"PHYKPL",12.0819796883688,30.5252091588173,18.4432294704485,"Young"
"MUSTN1",67.4022646935728,58.5147550702835,-8.88750962328928,"Young"
"NAXD",24.354781278824,28.9075666284535,4.55278534962954,"Young"
"MFN1",34.5490650335304,24.8204795774157,-9.72858545611461,"Young"
"SLC44A2",32.6372337224224,26.5191409494176,-6.11809277300473,"Young"
"HSCB",5.24879346828431,9.75111255796521,4.5023190896809,"Young"
"ADHFE1",50.9624630992227,34.9279163038872,-16.0345467953355,"Young"
"UNC45B",24.3932886263737,27.9703604329081,3.5770718065344,"Young"
"KLHDC8B",47.4086796495977,44.4174368080345,-2.99124284156321,"Young"
"SUPV3L1",14.7697539255035,107.46826076488,92.6985068393765,"Young"
"PM20D2",37.0321641400163,48.2745894599801,11.2424253199638,"Young"
"MICU2",51.6441303238303,25.0400297077171,-26.6041006161132,"Young"
"FAM185A",23.1170521644956,51.0069352413009,27.8898830768054,"Young"
"ADSS1",12.0778350109531,17.894918766601,5.81708375564791,"Young"
"NDUFAF2",22.1396058986749,29.7205461760045,7.58094027732965,"Young"
"LRRC47",19.6283089358844,26.6406271509356,7.01231821505118,"Young"
"GPD1L",8.34108307053998,11.5668297198224,3.2257466492824,"Young"
"EHBP1L1",18.5561304079812,22.0736173707556,3.51748696277447,"Young"
"CMYA5",19.6786263676115,18.2049358055024,-1.47369056210915,"Young"
"TXLNB",17.1186168254447,17.5701400649437,0.451523239499014,"Young"
"SYNPO",33.6677301807946,71.7322651011101,38.0645349203155,"Young"
"TOMM5",23.1635533339022,38.7374047456683,15.5738514117661,"Young"
"CHCHD4",23.2011659482892,25.7839636990712,2.58279775078192,"Young"
"CBR4",27.4999540296749,30.8135929087553,3.31363887908043,"Young"
"MMGT1",9.1905857299453,19.7868469991701,10.5962612692248,"Young"
"SMIM20",32.7462404472153,39.1517478114811,6.40550736426582,"Young"
"CISD2",13.7247046752774,18.3938345785016,4.66912990322417,"Young"
"ATPAF2",31.339214644001,35.1150644659056,3.77584982190466,"Young"
"JAGN1",22.5464307833119,30.5540689145484,8.00763813123649,"Young"
"MRPL50",36.6617464565112,37.4055948696158,0.743848413104608,"Young"
"EMC1",26.5648587114796,36.4690623368866,9.90420362540701,"Young"
"PTGR2",23.8697759907227,28.7521683213619,4.88239233063923,"Young"
"SMYD1",43.7360338315353,58.4877006432043,14.751666811669,"Young"
"NHLRC2",21.914036400828,28.5396632503221,6.62562684949411,"Young"
"RDH13",22.5207203291943,29.7294329744924,7.20871264529813,"Young"
"TXNDC5",22.6183567194764,17.7861425290041,-4.83221419047232,"Young"
"ATAD1",14.6038645130049,23.8074380439633,9.20357353095845,"Young"
"SCCPDH",14.2050699675353,17.5733290217814,3.36825905424602,"Young"
"SERBP1",15.4055818125871,29.7641967654636,14.3586149528765,"Young"
"FAM98A",30.3818278778752,22.54064324331,-7.84118463456518,"Young"
"PDPR",34.4382271847423,32.342058830357,-2.09616835438533,"Young"
"NAXE",14.4856991164768,17.75417325302,3.26847413654318,"Young"
"NPEPL1",40.7787309094127,37.6112637783846,-3.16746713102811,"Young"
"ADPRHL1",18.8327044088002,21.6005197949693,2.76781538616916,"Young"
"CHDH",32.9729233681167,23.2896313813045,-9.68329198681219,"Young"
"ABCF1",24.4165798583124,22.9560868587166,-1.46049299959577,"Young"
"MCU",30.8238202211602,37.3236384911895,6.49981827002922,"Young"
"ABHD11",45.7749463658928,31.7570341250645,-14.0179122408283,"Young"
"ATL2",55.2250941794437,31.3912363630677,-23.833857816376,"Young"
"PPTC7",30.9180203419598,29.9536098990167,-0.964410442943034,"Young"
"COQ8A",18.10490206931,18.9492704409659,0.844368371655943,"Young"
"NPLOC4",13.0768334583103,17.8612270423159,4.78439358400566,"Young"
"SPATA20",47.0092706346911,89.0602907027178,42.0510200680267,"Young"
"NUBPL",21.5614521640145,32.7520397580076,11.1905875939931,"Young"
"DEPTOR",33.5552462785174,24.4072716548786,-9.14797462363882,"Young"
"RDH11",32.5302944954972,15.493225549631,-17.0370689458663,"Young"
"LRRC20",16.8213465009739,19.6434711800236,2.8221246790497,"Young"
"NT5C",35.8599689990477,31.9930860453349,-3.86688295371275,"Young"
"PNPT1",12.3481986874698,21.8864677726394,9.53826908516962,"Young"
"SPPL2A",57.3375122860345,29.7849102834362,-27.5526020025983,"Young"
"PREX1",30.8669716378543,44.0099535930264,13.1429819551722,"Young"
"NEK9",7.10871221942683,28.7568789963952,21.6481667769684,"Young"
"MYOZ3",33.2860542808185,85.2967316354894,52.0106773546709,"Young"
"NEK7",21.1409081956463,22.7515991550458,1.61069095939944,"Young"
"DTD1",31.1070417132776,37.624415588223,6.51737387494545,"Young"
"UTP15",38.8624148275723,83.0296841383204,44.1672693107482,"Young"
"SETD7",18.9095076571964,16.69486832566,-2.2146393315364,"Young"
"NUP133",65.6676990869798,47.4534970792283,-18.2142020077515,"Young"
"PDCD6IP",15.6401857947162,12.9249928695085,-2.71519292520776,"Young"
"THEM6",10.7711545209205,11.1685215007154,0.397366979794862,"Young"
"SMIM4",27.5370628891218,26.9415633240985,-0.595499565023243,"Young"
"NUDCD2",30.0221050194521,26.081206322682,-3.94089869677007,"Young"
"SCFD1",40.3893642473043,19.2502829321394,-21.1390813151649,"Young"
"PCNP",27.2319586898772,10.8925277031974,-16.3394309866798,"Young"
"DNAJA4",35.1064936379185,31.8707122087952,-3.23578142912327,"Young"
"SPRYD4",37.7325355118092,29.2680434620053,-8.46449204980388,"Young"
"RTN4IP1",28.2417225014614,28.1541968788613,-0.0875256226001042,"Young"
"PALLD",33.4165078313838,42.4391470062227,9.02263917483893,"Young"
"SYNE2",25.969997036618,37.1303287050091,11.1603316683911,"Young"
"THAP4",24.7397324089083,33.5596564177125,8.81992400880424,"Young"
"IFT81",73.8029168939793,33.5759679721467,-40.2269489218326,"Young"
"TTN",44.1798422362711,76.086595382958,31.906753146687,"Young"
"DDX1",16.9427552679681,15.371425868469,-1.5713293994991,"Young"
"HSD17B8",29.1701853985583,22.8530949922031,-6.3170904063552,"Young"
"CPT1B",21.3804483801261,32.0021262260776,10.6216778459515,"Young"
"PSMF1",21.1153468351784,12.0896761407434,-9.02567069443496,"Young"
"UBXN4",34.7038663049418,34.6081117825318,-0.0957545224099974,"Young"
"HSPH1",58.1681479224288,85.3700861231538,27.201938200725,"Young"
"MYO18A",29.5603244869277,41.6623705146347,12.1020460277069,"Young"
"GCN1",23.6451438178189,24.8573968160259,1.21225299820702,"Young"
"SGCD",22.6649266459676,16.7835929148846,-5.88133373108296,"Young"
"AKAP1",34.6520273772026,29.2640253307958,-5.38800204640684,"Young"
"RABGGTA",23.3244285983378,24.7654137578683,1.44098515953051,"Young"
"TFG",21.1337681382512,19.2126973885929,-1.92107074965834,"Young"
"ARPC1A",22.5571037821677,27.983443230268,5.42633944810027,"Young"
"P3H4",44.5474332081024,56.8554888377145,12.3080556296121,"Young"
"DDX17",13.2380235953058,14.6295283930121,1.39150479770627,"Young"
"CELF1",28.0945509326562,34.1246080058838,6.03005707322754,"Young"
"UFD1",32.0103067011605,28.5598730170221,-3.45043368413836,"Young"
"RPL3L",48.3493250781545,47.5644774306929,-0.784847647461618,"Young"
"COPS5",24.3484102191097,21.6783069337672,-2.67010328534252,"Young"
"KHSRP",19.7843898467197,29.8714971565187,10.087107309799,"Young"
"GCDH",27.0865527861319,21.7665422640284,-5.32001052210356,"Young"
"TNPO1",21.738257538912,18.0794256974273,-3.65883184148472,"Young"
"USP13",38.62306710808,29.9516760546977,-8.67139105338233,"Young"
"USP9X",12.8787155659492,16.807868838066,3.9291532721168,"Young"
"CUL5",17.8587970881517,10.9110505370197,-6.94774655113206,"Young"
"LPP",23.007761849259,28.1316301644054,5.12386831514642,"Young"
"ATP2A3",30.0418580901359,34.9261381466172,4.88428005648134,"Young"
"PHKB",21.3251487510029,20.2115297758529,-1.11361897515005,"Young"
"UBE2F",41.8007170417823,23.7191079995979,-18.0816090421844,"Young"
"RPL36AL",24.4291598469614,43.0085722049864,18.579412358025,"Young"
"WBP2",19.8589541778946,19.4737331591912,-0.385221018703362,"Young"
"ERGIC1",42.2108396382216,30.4427496902562,-11.7680899479654,"Young"
"MTARC2",21.6207196401799,30.5110779168732,8.89035827669334,"Young"
"FAM162A",22.5386347435197,27.517682902414,4.97904815889421,"Young"
"CCDC47",19.4096075025033,11.378023512805,-8.03158398969831,"Young"
"TMEM230",9.36276893382989,43.0103664401249,33.647597506295,"Young"
"ISOC2",19.3549171687192,15.6349360054189,-3.71998116330031,"Young"
"FERMT2",19.6244971124423,22.250632046655,2.62613493421267,"Young"
"FUBP1",19.7465125102457,37.0805402343254,17.3340277240797,"Young"
"SLC25A46",34.4160693888123,25.4301556463127,-8.98591374249959,"Young"
"TMEM143",18.5493714253941,43.9725456754937,25.4231742500996,"Young"
"PBXIP1",13.0317298243623,31.271708976522,18.2399791521597,"Young"
"ZBTB9",38.3061842193396,35.5746123661108,-2.7315718532288,"Young"
"FAM136A",33.6423192853271,28.0354840312963,-5.60683525403081,"Young"
"FGGY",31.6148308651531,55.5988159156459,23.9839850504928,"Young"
"GALM",22.9456601715606,30.2252936948006,7.27963352323998,"Young"
"DCPS",26.9235657398384,20.6370793110536,-6.28648642878482,"Young"
"PPP1R14B",44.6030313776747,25.7815588822227,-18.8214724954519,"Young"
"ACSF2",23.7568289630727,23.344046026673,-0.412782936399644,"Young"
"ISOC1",29.7794438323142,44.9430513320325,15.1636074997184,"Young"
"CCDC124",19.9688303126794,18.9524928369461,-1.01633747573327,"Young"
"OPTN",27.3162623043272,28.3510302780767,1.03476797374945,"Young"
"AP2M1",29.5753376961136,23.4033684459105,-6.17196925020312,"Young"
"RMDN1",32.2686315837044,27.1839239296545,-5.08470765404991,"Young"
"ECHDC3",38.5869084034665,26.0011512993105,-12.585757104156,"Young"
"NUDT16",22.5277158972243,20.792436024905,-1.73527987231932,"Young"
"CMBL",24.5054812308239,21.7101863932025,-2.79529483762136,"Young"
"MSI2",27.2475192448542,19.5868454841104,-7.66067376074384,"Young"
"MRPL38",37.0712753610434,35.0773846527217,-1.99389070832166,"Young"
"MRRF",23.7814341448242,37.7722843200298,13.9908501752056,"Young"
"MRPL53",30.8300085318884,18.1163503385387,-12.7136581933497,"Young"
"DAZAP1",3.30775530868727,68.3064684462054,64.9987131375181,"Young"
"DNAJA3",28.206388127454,75.1100358796394,46.9036477521854,"Young"
"PTCD3",17.6619280429066,24.3770875105601,6.71515946765352,"Young"
"MMAB",15.6590840119891,26.382203738919,10.7231197269299,"Young"
"DYNLL2",24.3588781135339,33.0289440339081,8.67006592037428,"Young"
"S100A16",44.9246830227493,38.4756131414663,-6.44906988128295,"Young"
"SCRN2",39.2313950710817,39.5660366938562,0.334641622774477,"Young"
"OTUB1",13.8673093601553,14.2548171618102,0.387507801654916,"Young"
"CHMP6",23.6860290463283,24.957762151715,1.27173310538664,"Young"
"PDXP",33.7947331850828,31.9111696881318,-1.883563496951,"Young"
"DCUN1D1",26.3742592701743,23.0891698025724,-3.28508946760195,"Young"
"FAHD2A",33.1822420614524,38.1615925706705,4.9793505092181,"Young"
"SNF8",20.4023726573266,24.1039597809776,3.70158712365101,"Young"
"PDLIM5",21.8781197154562,34.516992630034,12.6388729145778,"Young"
"CRELD1",36.5778330611254,24.9683204281923,-11.6095126329331,"Young"
"ERO1A",15.2828240691644,19.5875452111258,4.30472114196141,"Young"
"AHCYL2",21.0162972971651,17.8862803115959,-3.13001698556923,"Young"
"PGAM5",21.0875878457321,26.4679657679073,5.38037792217516,"Young"
"DDRGK1",18.1011417302684,22.0062865969811,3.90514486671269,"Young"
"PYURF",43.8396961465715,40.5160066690631,-3.32368947750841,"Young"
"SUCLG2",33.1363286924293,33.7544662982876,0.618137605858365,"Young"
"ABHD14B",25.6118541898423,24.638741637247,-0.973112552595317,"Young"
"NGLY1",30.846171664427,31.1410212966216,0.294849632194612,"Young"
"BTF3L4",18.6459524055443,11.863454448598,-6.78249795694624,"Young"
"USP47",21.4739864416091,27.9765894038335,6.50260296222443,"Young"
"CNDP2",17.3185339443058,24.052995160547,6.73446121624116,"Young"
"ALPK3",28.7356359115272,30.291355798561,1.55571988703387,"Young"
"STAC3",16.2501993153386,21.0733153704031,4.82311605506454,"Young"
"COQ10A",31.2730370772886,39.6936589632989,8.42062188601027,"Young"
"JSRP1",22.0323865745767,17.9835980505423,-4.04878852403447,"Young"
"MCEE",41.116188516431,65.417328614455,24.301140098024,"Young"
"QKI",42.166373467763,47.5319041196307,5.36553065186778,"Young"
"PLIN4",23.4850411499321,38.2851684581122,14.8001273081801,"Young"
"VPS35",20.1882763970555,15.8892421082544,-4.29903428880112,"Young"
"PURB",46.3537121098844,34.3641904329914,-11.9895216768929,"Young"
"BBS4",34.5419235459504,39.081604853624,4.5396813076736,"Young"
"GFM1",21.5110038377832,12.8532009221885,-8.65780291559469,"Young"
"MCCC1",20.6557463066924,32.1600968152225,11.5043505085301,"Young"
"METTL26",29.6804055226502,25.8834913550476,-3.79691416760262,"Young"
"CLCC1",14.3272964643335,12.1445289373779,-2.18276752695555,"Young"
"PEBP4",30.832887662821,44.158616514446,13.325728851625,"Young"
"PLEKHF1",22.5970585407321,33.3605597142395,10.7635011735074,"Young"
"MYCBP",20.6620267096232,23.4654630275155,2.80343631789227,"Young"
"TBCB",19.8811425271189,23.6407282280558,3.75958570093695,"Young"
"PSMB7",18.2932768453469,23.873473718931,5.58019687358409,"Young"
"PCYT2",17.1776840490291,29.8136954596515,12.6360114106224,"Young"
"PSMD1",19.6128547792804,16.0229076701827,-3.58994710909767,"Young"
"PFDN5",20.862431238828,27.515949811737,6.65351857290893,"Young"
"PAFAH2",36.3350409328851,20.4479885030587,-15.8870524298264,"Young"
"PARK7",11.3237212024016,16.4163214684837,5.09260026608207,"Young"
"VAT1",23.282078630864,25.668023063177,2.385944432313,"Young"
"PLIN2",59.8492980020426,41.3870450517442,-18.4622529502984,"Young"
"S100A13",34.5216854226903,65.3347638965756,30.8130784738853,"Young"
"TSNAX",38.2890935662562,18.3212134215396,-19.9678801447165,"Young"
"EIF3C",27.864283839032,18.1045888122399,-9.75969502679203,"Young"
"PHB2",18.0371986913974,13.8568019049341,-4.18039678646331,"Young"
"COPS8",15.0193552204963,21.7994642115395,6.78010899104325,"Young"
"SDHC",42.0488307306564,30.6766169036363,-11.3722138270201,"Young"
"CHP1",22.581444149531,24.3740993436006,1.79265519406963,"Young"
"HSD17B10",26.4126072693939,21.2762268356415,-5.13638043375244,"Young"
"NAP1L4",16.933703812797,19.2854700486974,2.35176623590034,"Young"
"MGST2",35.4302878859815,35.3027572456835,-0.127530640298041,"Young"
"TXN2",26.2668757178408,18.3804412444552,-7.88643447338561,"Young"
"DMAC2L",25.720672702447,37.0724814647027,11.3518087622557,"Young"
"ACO2",11.2201704547786,14.5757398245346,3.35556936975593,"Young"
"COQ7",14.5112256343861,18.5359253240952,4.02469968970914,"Young"
"SLC29A1",33.9713609083,26.3479311757633,-7.62342973253666,"Young"
"TSG101",20.6577502325122,19.2710818091673,-1.38666842334498,"Young"
"CPNE1",33.4926780508558,20.9909889602652,-12.5016890905906,"Young"
"CCT7",18.7179956525905,17.2949463889746,-1.42304926361586,"Young"
"PRMT1",20.5371327860153,23.6290422718469,3.09190948583164,"Young"
"NIPSNAP1",83.0255408591144,149.977835172936,66.9522943138214,"Young"
"ARPC5L",31.5976446975261,17.8777159272113,-13.7199287703148,"Young"
"MICU1",50.0976380629545,32.1376921727723,-17.9599458901822,"Young"
"MACROD1",13.7336321097093,13.7011314765527,-0.0325006331566087,"Young"
"WDR77",18.1442036242809,24.9683873886818,6.82418376440087,"Young"
"APOL2",24.0438335129685,38.9948877998384,14.9510542868699,"Young"
"FYCO1",38.043321219132,27.4895604852436,-10.5537607338884,"Young"
"JPH2",24.2803199815348,18.180564518177,-6.0997554633578,"Young"
"TXNDC17",21.6668495044895,17.702798016851,-3.96405148763844,"Young"
"PLCD4",20.2160358606029,16.4857060256064,-3.73032983499647,"Young"
"CPPED1",58.1525724126638,33.842798417065,-24.3097739955988,"Young"
"VPS25",30.2678012847287,28.0906589153923,-2.17714236933642,"Young"
"MIEN1",27.2764863409219,16.072546175429,-11.2039401654929,"Young"
"PELO",21.9410137294011,30.9295003435336,8.98848661413247,"Young"
"PRXL2A",56.9184483396366,40.4978366782571,-16.4206116613795,"Young"
"ERP44",47.8551384347143,46.4556096133068,-1.39952882140747,"Young"
"NIPSNAP3B",26.230306028829,33.2709984688385,7.04069244000951,"Young"
"NTPCR",37.9496673581323,29.6409293229594,-8.30873803517294,"Young"
"AGMAT",49.475993376871,41.2758216608369,-8.2001717160341,"Young"
"TACO1",19.8104844983792,27.7670753604828,7.95659086210359,"Young"
"ESYT1",63.4087617308964,27.9465325246966,-35.4622292061999,"Young"
"UBAC1",23.6270605018979,14.3634286886276,-9.26363181327035,"Young"
"COPS4",10.554955486894,15.6184982137545,5.06354272686044,"Young"
"DCTN5",33.8811708968742,30.7989819026139,-3.08218899426032,"Young"
"AARSD1",65.5518306241468,57.5096864204219,-8.04214420372483,"Young"
"TMEM43",33.3050514236098,42.1292148721143,8.82416344850449,"Young"
"DHRS4",25.949257301214,33.2218642127159,7.27260691150191,"Young"
"TMEM70",60.797308077652,40.8126314670617,-19.9846766105903,"Young"
"TUBB6",15.1619978268637,46.0308691449365,30.8688713180727,"Young"
"CHCHD7",31.9626622080935,47.7400946417388,15.7774324336453,"Young"
"APOO",23.2745204799703,24.1461153974623,0.871594917491969,"Young"
"MRI1",29.7159413886341,40.0203397293413,10.3043983407072,"Young"
"ABHD6",39.8341705550442,27.3313677464589,-12.5028028085853,"Young"
"ADI1",32.9327024316033,36.5613853602411,3.6286829286378,"Young"
"MECR",22.995373282115,22.7345959838553,-0.260777298259711,"Young"
"NTMT1",39.5354022166858,28.555143064301,-10.9802591523848,"Young"
"TMEM109",29.8382650280386,26.6638690103146,-3.17439601772401,"Young"
"TMED9",30.1708024462612,32.471957014616,2.30115456835484,"Young"
"TIMM21",16.5171202572422,29.4037401398862,12.886619882644,"Young"
"TPPP3",23.3888033157787,73.0664454662423,49.6776421504635,"Young"
"NUDT9",20.767805462069,27.4403269060694,6.6725214440004,"Young"
"FUNDC2",13.5876607346492,24.9606578525436,11.3729971178943,"Young"
"SORBS1",29.8788343062072,29.6821041710392,-0.196730135167961,"Young"
"HINT2",74.6614177489759,47.8724956370693,-26.7889221119066,"Young"
"OSBPL11",14.8336791712044,16.7556146409109,1.92193546970656,"Young"
"NT5C1A",44.4685585902243,28.6786761277388,-15.7898824624855,"Young"
"TMEM120A",22.9685111185865,35.4530406453332,12.4845295267467,"Young"
"NAA15",37.9245168457643,16.546129907822,-21.3783869379423,"Young"
"BCL2L13",19.7472195685308,17.6434565580319,-2.10376301049885,"Young"
"AP1M1",22.5275334621941,17.1031111226642,-5.42442233952988,"Young"
"OSBPL1A",21.2202437430291,20.0978536521456,-1.12239009088354,"Young"
"HDHD5",31.6139614928828,38.5520795076915,6.93811801480876,"Young"
"EIF2A",28.7547665950216,26.3309466683684,-2.42381992665315,"Young"
"MRPL13",10.7535420256513,21.4298932605845,10.6763512349332,"Young"
"MRPL9",25.563284858087,37.7563153428201,12.1930304847331,"Young"
"MRPL4",28.735070711778,40.166720028028,11.4316493162499,"Young"
"MRPL1",25.5946327379101,24.6415072764124,-0.953125461497731,"Young"
"NLN",32.3320091258517,29.1186257104873,-3.21338341536437,"Young"
"TRIM54",24.2120400600714,31.7679158089703,7.5558757488989,"Young"
"BCO2",26.6684696808713,37.8548336570139,11.1863639761426,"Young"
"MRPL37",38.0544748392752,36.875016536715,-1.17945830256023,"Young"
"ASPSCR1",13.0770004913495,24.2669808791066,11.1899803877571,"Young"
"UBL5",23.9635027399511,27.8694542286091,3.90595148865796,"Young"
"NIBAN1",35.6821041053477,32.2636391286434,-3.41846497670425,"Young"
"UBXN6",24.7152237712529,21.773582775474,-2.94164099577892,"Young"
"LNPK",29.9842915102043,18.5353502396103,-11.448941270594,"Young"
"PITHD1",16.3940497921649,43.7922274528667,27.3981776607018,"Young"
"SLIRP",25.332496459265,21.3092419854851,-4.02325447377991,"Young"
"NIF3L1",35.3503292376584,12.9785306196687,-22.3717986179897,"Young"
"EGLN1",15.6748953636485,19.0189235942707,3.34402823062217,"Young"
"ANKRD2",41.4703306984244,41.5493270622541,0.0789963638296527,"Young"
"NAA50",21.7725949630774,14.0253160393063,-7.7472789237711,"Young"
"TMEM126A",16.6661765645708,25.9290052027766,9.2628286382058,"Young"
"PAIP1",31.327820634128,25.5803785101482,-5.74744212397975,"Young"
"CLPB",25.6460820097758,26.9741437228463,1.32806171307049,"Young"
"TOLLIP",24.0234072564535,24.6576464197306,0.634239163277108,"Young"
"PCBD2",16.7304870880276,22.6806906088743,5.95020352084667,"Young"
"NT5C3A",13.7303291140793,18.169758038679,4.43942892459971,"Young"
"HDHD2",20.3464483480626,19.3521785725725,-0.994269775490128,"Young"
"RAB1B",23.0927508027591,22.6406116804424,-0.452139122316712,"Young"
"C11orf54",23.421940636759,23.0748441638801,-0.347096472878846,"Young"
"NUCKS1",11.8186682354669,28.0961442376232,16.2774760021563,"Young"
"TMX4",13.783753814426,27.3964194389938,13.6126656245679,"Young"
"MYLK2",45.0003505574684,39.6495954066398,-5.35075515082865,"Young"
"EHD4",26.0186657650827,17.8348846751554,-8.18378108992732,"Young"
"SH3BGRL3",37.9709086008385,23.708360789256,-14.2625478115825,"Young"
"SLK",21.1956468256107,29.7566080792505,8.56096125363979,"Young"
"PPIL3",38.6725912307555,32.713694734942,-5.95889649581349,"Young"
"LRMDA",26.4419987050905,30.0368595962463,3.59486089115576,"Young"
"TNMD",50.170153143405,65.0566919459488,14.8865388025438,"Young"
"PPA2",23.5732409796082,15.9421272459229,-7.63111373368525,"Young"
"MRPL46",24.8789961439213,23.2174043708702,-1.66159177305115,"Young"
"TMEM245",30.7649563358478,7.12075188714538,-23.6442044487024,"Young"
"C11orf68",24.9161036871487,31.171281164489,6.25517747734022,"Young"
"GHITM",22.5035954693782,34.2591113283693,11.7555158589911,"Young"
"BOLA2",26.8211341189383,26.4197673461421,-0.401366772796173,"Young"
"TMX1",12.1088230970691,33.562743649694,21.4539205526249,"Young"
"CHMP4B",20.6969903470298,22.1162772973558,1.41928695032608,"Young"
"RBKS",30.5267411149575,23.5056507007688,-7.02109041418872,"Young"
"FN3K",19.3893062381305,15.567941729455,-3.82136450867541,"Young"
"TOR1AIP2",39.5374192459471,27.8320072552228,-11.7054119907244,"Young"
"RNPEP",25.8116240364415,24.3190465590179,-1.49257747742365,"Young"
"GLIPR2",37.5161436911998,25.2653728146825,-12.2507708765173,"Young"
"EHD1",16.8197133009521,17.2075475809298,0.387834279977636,"Young"
"TMEM38A",36.9726713858476,34.2639910197291,-2.70868036611854,"Young"
"OPA3",19.9509855239081,42.8447662168908,22.8937806929827,"Young"
"DCTPP1",26.3135682854298,29.043165621412,2.72959733598225,"Young"
"AAMDC",23.1762705946817,26.2631619031795,3.08689130849781,"Young"
"PTGES2",18.9306475308869,18.9571660031015,0.0265184722146188,"Young"
"UBE2Z",26.4178112295238,13.7431841119133,-12.6746271176105,"Young"
"ACAD9",22.8951786051837,27.5889121856975,4.6937335805138,"Young"
"METTL7A",25.8802310591403,28.0704143726226,2.19018331348227,"Young"
"COQ10B",22.2708561349181,28.9980055051939,6.7271493702758,"Young"
"MOB1A",31.0144115458494,14.7038777883824,-16.310533757467,"Young"
"GORASP2",14.5594909814099,22.2081284084643,7.64863742705436,"Young"
"JPT2",28.711374070535,42.509044585618,13.797670515083,"Young"
"SYNPO2L",48.4724500211546,118.048234300057,69.5757842789027,"Young"
"ARMT1",47.2662150308986,32.5641136341877,-14.7021013967109,"Young"
"SFXN1",15.5627965147016,21.267924828024,5.70512831332242,"Young"
"L2HGDH",23.9735434046712,28.1905040803742,4.21696067570299,"Young"
"COPS7B",59.9449852126265,22.5655705934939,-37.3794146191326,"Young"
"FN3KRP",22.4247865995123,31.4313873496086,9.00660075009634,"Young"
"TBC1D17",32.3810474697136,18.5015617583861,-13.8794857113275,"Young"
"GRPEL1",25.3431012769951,20.6718919799061,-4.671209297089,"Young"
"CACYBP",30.6136035218351,29.4736860013661,-1.13991752046897,"Young"
"RDH14",17.4545481631863,27.9137746867777,10.4592265235914,"Young"
"PARVB",21.3533042453737,23.2913550491614,1.93805080378766,"Young"
"TNS1",28.7149414048884,37.8586978287525,9.14375642386413,"Young"
"PLGRKT",40.2192299716948,36.0396221782783,-4.17960779341649,"Young"
"GLOD4",19.2210160517855,20.6961091837095,1.47509313192396,"Young"
"MCCC2",18.3816537451152,35.7978713947626,17.4162176496474,"Young"
"HHATL",36.3934887364332,32.5115098572237,-3.8819788792095,"Young"
"PREB",29.4973508331176,17.4509861340791,-12.0463646990385,"Young"
"MRPL47",10.6163669951593,24.5238405855293,13.90747359037,"Young"
"JPH1",14.2638057227143,21.0092489869947,6.74544326428042,"Young"
"APMAP",26.9114946193231,16.012573997335,-10.8989206219881,"Young"
"TXNRD2",28.2991832571739,35.073329825347,6.77414656817312,"Young"
"RAB18",22.9388569605884,28.886081262493,5.94722430190456,"Young"
"PALMD",20.5577513144016,43.423865525825,22.8661142114234,"Young"
"SSU72",16.6980140043215,26.4067332068329,9.7087192025114,"Young"
"VTA1",27.3905151689346,24.1190202977626,-3.27149487117203,"Young"
"SARS2",21.7541821324451,25.3355831003894,3.58140096794429,"Young"
"DYNLRB1",21.7872966670359,28.2055918822869,6.41829521525103,"Young"
"MYOZ1",71.0176611158056,103.656477334236,32.6388162184305,"Young"
"MYOZ2",69.7653940987336,178.209754135776,108.444360037042,"Young"
"OSGEP",19.870438749699,30.0220851983902,10.1516464486912,"Young"
"ACOT13",22.103924524016,25.2741057041932,3.17018118017725,"Young"
"MRPL40",28.3340147129352,31.8238139803537,3.48979926741848,"Young"
"TIGAR",10.1727496089042,21.4451137107994,11.2723641018952,"Young"
"RTN4",16.248184579199,21.8263270407479,5.57814246154891,"Young"
"HINT3",53.1058935351344,42.3178586045101,-10.7880349306243,"Young"
"PFDN4",23.3927463610559,22.7794103031962,-0.613336057859744,"Young"
"NIT2",17.5076780123061,16.504776018802,-1.00290199350405,"Young"
"XPNPEP1",21.7585335587714,23.5266812525627,1.76814769379134,"Young"
"GPHN",25.1207505482356,29.6065228817777,4.48577233354209,"Young"
"PDLIM7",75.0774323237675,89.6791241630385,14.601691839271,"Young"
"ACSS2",17.5055782346522,15.9067274248827,-1.5988508097695,"Young"
"DIABLO",24.8032187060015,27.6557059556548,2.85248724965327,"Young"
"SAR1A",13.8996119646875,18.4652270914334,4.56561512674592,"Young"
"SH3GLB2",21.5627226552146,24.1264285029306,2.56370584771597,"Young"
"MBNL1",15.2704556981833,21.4331499043385,6.1626942061552,"Young"
"SDR39U1",37.7796831357299,34.9608170384232,-2.81886609730663,"Young"
"AASDHPPT",9.91401761201971,21.8510646593646,11.9370470473448,"Young"
"OSTC",46.1104309861418,39.2667084721885,-6.84372251395327,"Young"
"CMC2",33.3248365291661,32.7435443172133,-0.581292211952778,"Young"
"HEBP1",24.4448487132269,25.1124199555964,0.667571242369462,"Young"
"PHPT1",19.0742771808402,19.5252854584602,0.45100827762008,"Young"
"TOMM22",55.012439879267,76.3841491834606,21.3717093041936,"Young"
"LANCL2",27.5508792689531,24.4244667385076,-3.12641253044545,"Young"
"FARSB",29.8287339854534,37.8182285193251,7.98949453387171,"Young"
"IARS2",19.4108409223633,15.0636533898739,-4.34718753248937,"Young"
"SIRT3",33.3785274886414,30.4540448432614,-2.92448264537993,"Young"
"MAN2C1",32.1022857989571,38.7692582645835,6.66697246562646,"Young"
"OLA1",13.0903835008569,11.9603925556959,-1.12999094516097,"Young"
"CUTC",19.4124987521646,29.453116693065,10.0406179409005,"Young"
"ACSS1",24.7527400060474,32.4064981809146,7.65375817486716,"Young"
"ABHD10",23.3322768976626,23.4610005529903,0.128723655327715,"Young"
"DDX19A",15.0003932405205,11.3903773051879,-3.61001593533267,"Young"
"SEPTIN11",26.3833232832111,19.4498844880776,-6.93343879513349,"Young"
"PARVA",18.4805606122473,34.9530520072843,16.472491395037,"Young"
"PANK4",21.7542006402541,26.0074329778906,4.25323233763649,"Young"
"DNAJC11",35.1313743726929,26.8733549847899,-8.25801938790297,"Young"
"TMLHE",72.8376196636737,80.8845801082377,8.04696044456395,"Young"
"ATAD3A",23.5628091048586,34.6762503179359,11.1134412130773,"Young"
"ARL8B",24.6711938316171,16.4003265224902,-8.27086730912687,"Young"
"MRPS18A",31.3745118292473,35.5189986798915,4.14448685064419,"Young"
"PNPO",31.7005511135265,39.8361147248116,8.13556361128508,"Young"
"OXSM",38.579460494981,22.6844159842307,-15.8950445107503,"Young"
"MRPL22",29.7777690767841,33.7215290167928,3.94375994000872,"Young"
"CZIB",17.6316097277305,22.2325812865326,4.60097155880212,"Young"
"BABAM1",12.3270205647088,12.1338880792231,-0.193132485485696,"Young"
"NDUFB11",24.2821678899263,33.5167266547894,9.23455876486311,"Young"
"OCIAD1",13.5154642865656,19.1322541813876,5.61678989482207,"Young"
"MARCHF5",24.54478163198,20.9090585735901,-3.63572305838986,"Young"
"CHCHD3",16.0077015340775,29.1524718440271,13.1447703099496,"Young"
"SIRT5",28.5061441384383,17.1199873120235,-11.3861568264148,"Young"
"BABAM2",23.7197504228635,11.9350856544785,-11.784664768385,"Young"
"DPP3",21.8587492134447,15.9388755496597,-5.91987366378495,"Young"
"TUBA8",18.8858760849768,17.5743577455618,-1.31151833941493,"Young"
"MAP3K20",41.8435632996778,35.8956006115529,-5.9479626881249,"Young"
"UGGT1",45.3989934736957,19.8861916498972,-25.5128018237985,"Young"
"TECR",27.4095409484084,26.0198079985594,-1.38973294984899,"Young"
"ERAP1",31.8926356008509,42.2990350673438,10.4063994664928,"Young"
"CISD1",18.1642899531643,23.4525524793156,5.28826252615128,"Young"
"CLIC5",25.8845958367799,26.4234057378123,0.538809901032412,"Young"
"FAM120A",14.4828124759402,23.7748082825602,9.29199580662005,"Young"
"GLTP",14.5662746512844,62.8226315771952,48.2563569259109,"Young"
"COQ3",23.9468062620073,26.310945430063,2.3641391680557,"Young"
"HSPBP1",36.8442176794509,27.1415456998768,-9.7026719795741,"Young"
"MAT2B",25.1384190038825,20.0765573664876,-5.06186163739492,"Young"
"MYOF",63.4866606285857,33.6911221462312,-29.7955384823545,"Young"
"EHD2",19.553483491134,21.088352835702,1.53486934456791,"Young"
"TMOD4",54.8160269767751,77.7761347143592,22.9601077375841,"Young"
"LMCD1",30.3851593059083,37.1595456579013,6.77438635199309,"Young"
"CHMP5",32.5048910962692,24.378367478269,-8.12652361800025,"Young"
"CNIH4",39.0942482572988,39.2479225971236,0.153674339824796,"Young"
"NDUFAF4",36.8198382758616,41.3399386985736,4.52010042271205,"Young"
"EMC3",29.6241149582927,32.5224036321518,2.89828867385907,"Young"
"NDUFA13",15.0212161327889,33.7512955538322,18.7300794210433,"Young"
"PDP1",27.5597419375543,23.2260511543644,-4.33369078318991,"Young"
"MRPL36",20.9209835766896,16.6648314788953,-4.25615209779433,"Young"
"VAPA",17.5219175941383,19.5494036593254,2.02748606518708,"Young"
"RNF181",44.9274592144976,16.6567065352463,-28.2707526792513,"Young"
"TMEM14C",42.1526111311639,44.3005063136341,2.14789518247021,"Young"
"LARS1",25.144771707189,25.0491983328091,-0.0955733743798923,"Young"
"SUCLA2",20.3397985969754,17.4900472725887,-2.84975132438678,"Young"
"GMPR2",41.6416711850784,24.8463768527173,-16.7952943323611,"Young"
"DPM3",16.1305818266964,22.1110072029689,5.98042537627252,"Young"
"IMPACT",26.6150064748855,30.0501864080707,3.43517993318522,"Young"
"ATXN10",24.0670843987843,20.8654541585759,-3.20163024020837,"Young"
"EPS15L1",13.0303370127573,21.9747169297417,8.94437991698436,"Young"
"RNF7",16.2374296118722,18.0679592018959,1.83052959002366,"Young"
"MYOT",28.1440584588347,68.9563603277609,40.8123018689262,"Young"
"GNG12",49.2115329050256,27.3118232638867,-21.8997096411389,"Young"
"EIF3K",29.17318802872,37.5036107970205,8.33042276830049,"Young"
"GRHPR",12.9188515760714,16.8303912438619,3.91153966779046,"Young"
"CTSZ",23.4590404969986,21.0884487905368,-2.37059170646177,"Young"
"UBA2",28.8127026174511,14.2211242986103,-14.5915783188408,"Young"
"COPS7A",19.4375953517501,11.3874956159513,-8.05009973579881,"Young"
"HSPB7",31.8007052287004,29.5993833688473,-2.20132185985311,"Young"
"CLIP2",33.3102120208751,36.8755382047188,3.56532618384376,"Young"
"UQCR10",26.6139211420108,21.4366982816171,-5.17722286039373,"Young"
"DNAJB4",62.9205520380037,65.2889297030229,2.36837766501916,"Young"
"NIPSNAP3A",51.5082487232846,48.0627556891156,-3.44549303416899,"Young"
"TES",45.0738654983387,10.3270028386159,-34.7468626597228,"Young"
"KDM5B",23.221228056818,11.6223372545698,-11.5988908022482,"Young"
"MLX",24.7918839299554,63.2721758945452,38.4802919645898,"Young"
"SEPTIN9",26.3023844496897,27.4886243526698,1.18623990298005,"Young"
"UBQLN2",24.4770388599655,18.5099443925234,-5.96709446744218,"Young"
"PCYOX1",29.2018795064974,24.4979873844227,-4.70389212207477,"Young"
"DPP7",25.7634159665577,35.0168943911882,9.25347842463046,"Young"
"SMPX",23.6621804743732,33.1530508590538,9.49087038468051,"Young"
"BCAP29",21.8095480249696,26.324655651627,4.51510762665739,"Young"
"CYB5R1",21.2391289689642,23.2307917094733,1.9916627405091,"Young"
"PFDN2",24.9244330718576,18.1342552401895,-6.79017783166804,"Young"
"PUF60",21.2529461235228,14.5678431788125,-6.68510294471033,"Young"
"ENOPH1",19.271773540193,24.5478156913335,5.27604215114041,"Young"
"NDUFA12",34.6041214579122,42.3710910075684,7.76696954965612,"Young"
"EIF2B4",22.2905520942699,25.9746356395994,3.68408354532948,"Young"
"ATP6V1H",23.022587810699,21.4024531216279,-1.62013468907109,"Young"
"TRMT112",8.03930379995608,17.7181665592834,9.67886275932728,"Young"
"XPO7",15.7933806687359,27.0749526448051,11.2815719760692,"Young"
"LCMT1",28.2101946583903,31.4260819212247,3.21588726283447,"Young"
"ATP5IF1",26.0693812373459,23.3185659212328,-2.75081531611307,"Young"
"AK3",31.4827847799102,36.4181293145256,4.93534453461535,"Young"
"NAGK",18.7778050507701,20.1071795224863,1.32937447171619,"Young"
"SLC25A13",23.6501665506759,28.4878165729833,4.83765002230737,"Young"
"DBNL",40.1143285746997,28.278724173834,-11.8356044008658,"Young"
"DCTN4",27.3449986086862,31.2329867401671,3.88798813148088,"Young"
"HSPB8",33.0724675913387,34.6088498594544,1.53638226811564,"Young"
"STOML2",15.8823370055679,22.2430648548751,6.36072784930716,"Young"
"VPS28",15.463669906365,23.6526298692505,8.18895996288549,"Young"
"JPT1",30.7911452601598,39.8713216555357,9.08017639537594,"Young"
"APPL1",17.6183336376567,19.8957006701748,2.27736703251812,"Young"
"PACSIN3",22.5600439080018,30.7779179666607,8.21787405865885,"Young"
"ACAD8",26.7689243870029,21.1312205971741,-5.63770378982877,"Young"
"AGO2",28.8403684736598,23.9316567660754,-4.90871170758433,"Young"
"MYH2",36.941355956408,70.8177030888768,33.8763471324689,"Young"
"MYH13",67.5210713123754,44.3057769809143,-23.2152943314611,"Young"
"CDV3",25.7619129182206,22.7852840612333,-2.97662885698725,"Young"
"RAB21",18.9296546988013,21.5712290625308,2.64157436372955,"Young"
"PSME2",27.0151155645608,35.9207617186106,8.90564615404984,"Young"
"DNPEP",18.0833241982396,14.7602142653922,-3.32310993284739,"Young"
"MCTS1",20.4902466619935,17.9761136609919,-2.51413300100164,"Young"
"TBC1D24",45.4910899649409,29.1075017931539,-16.383588171787,"Young"
"TMCO1",27.6728221353473,26.8110080525683,-0.861814082778949,"Young"
"EPDR1",38.4321789815344,28.8410326635314,-9.59114631800301,"Young"
"MYO6",18.1775206760834,17.8768626708667,-0.300658005216704,"Young"
"NFU1",9.87051878419191,21.8311095487624,11.9605907645705,"Young"
"SYNPO2",27.7339698664529,47.1136949555773,19.3797250891244,"Young"
"UBQLN1",31.2753912706098,18.410234206819,-12.8651570637908,"Young"
"SNX12",18.6595462013882,21.0026458113499,2.34309960996167,"Young"
"NDRG2",26.7473888008346,16.370070212058,-10.3773185887766,"Young"
"VPS4A",31.4082642002218,24.2222188266335,-7.18604537358831,"Young"
"G3BP2",33.9493924898998,28.2345375686348,-5.71485492126506,"Young"
"STUB1",19.7743845077354,24.8963653167651,5.12198080902969,"Young"
"PACSIN2",14.1811983279173,27.5918474607461,13.4106491328288,"Young"
"SNX6",16.5051377384668,17.9074675662053,1.40232982773851,"Young"
"PSMD13",15.5129671912115,15.976679662655,0.463712471443484,"Young"
"COPS3",10.6528422269327,10.5055078885145,-0.147334338418268,"Young"
"NSFL1C",14.8525150945081,13.1768124314786,-1.6757026630295,"Young"
"PPP6R1",18.9084783948632,16.0138670346794,-2.89461136018376,"Young"
"LIMCH1",19.3648156567523,31.0613433862537,11.6965277295014,"Young"
"USP24",14.3371172245531,28.7430545858447,14.4059373612915,"Young"
"MAPRE3",35.2025482211391,37.8488912477763,2.64634302663715,"Young"
"PA2G4",13.868922907807,18.9810342153728,5.11211130756585,"Young"
"CAMK2A",29.0732694202987,19.9624694386436,-9.11079998165511,"Young"
"CHMP2B",19.8064158998249,17.9164210910191,-1.88999480880587,"Young"
"RTRAF",41.7270549073346,60.8929133646776,19.1658584573429,"Young"
"RUVBL2",28.538939954545,34.0718554427865,5.53291548824146,"Young"
"APOBEC2",25.5603295655796,36.4835474126562,10.9232178470766,"Young"
"PIN4",27.3447183895661,19.2133102711364,-8.13140811842972,"Young"
"EIF3L",20.2407456295546,34.4290238882911,14.1882782587365,"Young"
"PLAA",17.3572409475268,15.7136270012593,-1.64361394626753,"Young"
"NUDC",15.4190758184335,17.0665042951109,1.64742847667742,"Young"
"BCS1L",11.6334331101751,25.8478958926716,14.2144627824964,"Young"
"VDAC3",21.5506497598051,32.0819138239315,10.5312640641264,"Young"
"CFL2",12.9863162349789,13.2314078964119,0.245091661432946,"Young"
"FARSA",27.5956769351044,31.4825634873416,3.88688655223718,"Young"
"CNPY2",16.9101196076753,13.3055681280191,-3.6045514796562,"Young"
"FNDC3A",59.923249345915,61.3267595463615,1.40351020044651,"Young"
"PADI2",17.4321317647926,36.5686192852507,19.1364875204582,"Young"
"GSTK1",22.7842811416002,13.9020065233201,-8.88227461828013,"Young"
"MRPS35",7.26152062245122,16.5863453277591,9.32482470530789,"Young"
"COA3",31.1193913842834,35.075443428987,3.95605204470357,"Young"
"TMA7",22.9616538847689,19.9015777013598,-3.06007618340915,"Young"
"SUGT1",16.5187093545749,20.2881308813781,3.76942152680318,"Young"
"COQ6",27.6021392940905,18.9577671182004,-8.6443721758901,"Young"
"ACOT9",23.6980187919444,16.1133744591962,-7.58464433274819,"Young"
"MEMO1",17.8011405109145,41.0870659097979,23.2859253988834,"Young"
"TMX2",36.3015746292347,32.4392134253784,-3.86236120385626,"Young"
"SH3GLB1",29.526582013893,18.5257743412774,-11.0008076726157,"Young"
"CAB39",14.9264189091617,10.4366364344321,-4.48978247472961,"Young"
"LUC7L2",13.7035073954978,17.512457478958,3.80895008346026,"Young"
"DHRS7",21.5608778658323,22.3125435928471,0.751665727014817,"Young"
"MOB4",22.9421874372583,27.0470344480125,4.10484701075413,"Young"
"SBDS",19.987874210206,19.8373325715668,-0.150541638639254,"Young"
"MRPL11",23.925845539877,22.5272422003559,-1.39860333952111,"Young"
"PPIL1",15.659505126298,15.0317470256896,-0.627758100608444,"Young"
"MSRB2",27.5131895907801,36.4963896885041,8.98320009772397,"Young"
"FIS1",38.6041944783848,29.1306724679646,-9.47352201042024,"Young"
"PTRH2",25.9422143421085,41.1888994183871,15.2466850762786,"Young"
"STRAP",15.7164978177598,13.7854621982459,-1.93103561951386,"Young"
"RTCB",11.9212102487151,17.4452067726582,5.52399652394312,"Young"
"RPL36",28.12774483612,69.0121560553098,40.8844112191898,"Young"
"SAMHD1",57.3636639296925,9.91494691335282,-47.4487170163396,"Young"
"HBS1L",22.3866798084062,21.4955809478517,-0.891098860554528,"Young"
"TLN1",14.2121771433571,14.1479586328222,-0.0642185105348769,"Young"
"USP15",21.6097847251705,22.3181723161817,0.708387591011245,"Young"
"TLN2",18.1577858873727,24.1325327439101,5.97474685653749,"Young"
"DTNA",20.4513150533031,14.2441614364046,-6.20715361689856,"Young"
"HYOU1",31.2594612437147,21.8463422453237,-9.41311899839103,"Young"
"AFG3L2",15.861196019664,18.0639786409175,2.20278262125341,"Young"
"ARIH1",21.6565571827812,25.7770188730389,4.12046169025775,"Young"
"RNF114",24.8569556515306,20.0856154977473,-4.77134015378329,"Young"
"SAMM50",11.5173893250615,15.946572232283,4.42918290722147,"Young"
"PPME1",33.8595124326406,24.5008652853448,-9.35864714729581,"Young"
"TIMM9",22.2287785189714,15.7658707311179,-6.46290778785354,"Young"
"TIMM8B",23.0378539096107,33.1811468234256,10.1432929138149,"Young"
"UCHL5",24.4424211730199,14.5550376684551,-9.88738350456476,"Young"
"TIMM13",21.2541264006724,21.3207697860073,0.0666433853348849,"Young"
"SRPRB",28.038724706165,45.4242061680344,17.3854814618694,"Young"
"GMPPB",24.4623123183039,27.4363722412814,2.97405992297744,"Young"
"MPC1",22.244120363698,22.1143653907015,-0.129754972996416,"Young"
"SNX5",53.8918002727873,31.0550638037419,-22.8367364690455,"Young"
"HEBP2",24.053004459539,31.4497675271276,7.39676306758862,"Young"
"HCFC2",50.4251235523662,56.4391522735169,6.0140287211507,"Young"
"FHOD1",16.1722299664373,19.1813583046449,3.00912833820767,"Young"
"MYH4",69.6869388067826,95.8105481048143,26.1236092980316,"Young"
"MRPS18B",17.9580219890167,20.0373593446879,2.07933735567113,"Young"
"COPG1",5.00362707649966,22.3648440171398,17.3612169406402,"Young"
"CLIC4",25.9769334381113,30.8308520882498,4.85391865013854,"Young"
"SPCS1",18.4898871028835,16.8657909576306,-1.62409614525288,"Young"
"SAR1B",20.0307870041542,18.843887807656,-1.18689919649822,"Young"
"MTCH2",15.3406645829594,18.7210548749065,3.38039029194709,"Young"
"BZW2",11.5717752270267,13.5464636490476,1.97468842202093,"Young"
"DYNC1LI1",23.40046264058,27.4125835882442,4.01212094766425,"Young"
"CHCHD2",52.006488238636,40.6222088003101,-11.3842794383258,"Young"
"NDUFB9",15.6083300929544,38.5479538393731,22.9396237464187,"Young"
"COX11",32.6975903989473,25.9237501499998,-6.77384024894754,"Young"
"SQOR",61.2005911364381,46.4075401011477,-14.7930510352904,"Young"
"SESN1",23.3021369956065,24.3979065805337,1.09576958492722,"Young"
"SEC23IP",20.9114766504955,17.8451829265728,-3.06629372392272,"Young"
"MMP24OS",45.9820894177826,43.5569008926815,-2.42518852510108,"Old"
"ESYT2",15.0271475230167,20.5777520888964,5.55060456587972,"Old"
"ILVBL",40.1954955230756,27.3923473961487,-12.8031481269269,"Old"
"FSD2",31.0645918274897,17.1601732965809,-13.9044185309088,"Old"
"TARS3",26.3793321539838,22.3331487978639,-4.04618335611994,"Old"
"VWA8",32.4675370496349,27.7630214107936,-4.70451563884134,"Old"
"CARNS1",54.281404712702,36.8898876536786,-17.3915170590234,"Old"
"MAP1LC3B2",20.7005701812562,22.0651266309956,1.36455644973945,"Old"
"PGP",18.3383195993711,20.7460757644669,2.40775616509584,"Old"
"DHRS7C",20.3858433064693,27.5443659584319,7.15852265196261,"Old"
"SMTNL1",34.4188270440984,46.0977084838376,11.6788814397392,"Old"
"NUDT19",40.8195442223559,36.6041929890438,-4.21535123331212,"Old"
"NACA",10.7318035479059,12.7997836955743,2.06798014766835,"Old"
"SLC35A4",24.7224299129843,24.0336878149005,-0.68874209808386,"Old"
"PDLIM1",40.4363232766117,42.4366050421838,2.00028176557212,"Old"
"MYO1C",23.7563332305138,16.7196435155952,-7.03668971491864,"Old"
"FXYD1",35.6717335758076,39.4628712200263,3.79113764421868,"Old"
"STXBP3",22.0195564364026,21.1025184246325,-0.917038011770103,"Old"
"NDUFS8",32.5594759552088,25.7069304329457,-6.85254552226315,"Old"
"PSMD11",12.147923438901,8.62157439685031,-3.52634904205064,"Old"
"PSMD12",17.237783239777,18.2763855840658,1.03860234428877,"Old"
"PSMD9",18.3270742728634,16.8875598854847,-1.43951438737873,"Old"
"PGRMC1",24.9077645957498,48.7255736300366,23.8178090342868,"Old"
"CLIC1",19.362102647328,35.7551298537172,16.3930272063892,"Old"
"EIF3F",19.2634165699399,14.5341545530101,-4.72926201692982,"Old"
"PDHX",14.6405759243125,17.2036273633364,2.56305143902391,"Old"
"DCTN6",21.2236774370171,20.3383528383393,-0.885324598677848,"Old"
"IPO5",12.7988933900815,9.0085166154637,-3.79037677461776,"Old"
"EEF2K",36.8735014475116,26.8269312993732,-10.0465701481384,"Old"
"EML1",22.80363952525,18.9963660357479,-3.80727348950209,"Old"
"DNM1L",17.2698474094882,14.3331385761604,-2.93670883332774,"Old"
"RTCA",18.9342666470245,13.5305081014587,-5.40375854556576,"Old"
"NDUFA4",28.3196682932161,20.955754196575,-7.36391409664106,"Old"
"PSMD14",11.8097359842227,11.5688290914764,-0.240906892746269,"Old"
"BIN1",12.3372026116864,16.2001148210758,3.86291220938931,"Old"
"KPNA3",22.2536717814285,16.5696337702951,-5.6840380111334,"Old"
"DDX3X",34.2953720581243,17.5631135009324,-16.7322585571919,"Old"
"KPNA4",12.1257827682161,16.0224805432574,3.89669777504136,"Old"
"CES2",42.8446020649259,42.7331849284776,-0.111417136448296,"Old"
"FBP2",40.1067514513443,36.2015554737864,-3.90519597755796,"Old"
"PDXK",17.8706538898539,16.2770281257423,-1.59362576411156,"Old"
"SDHD",30.9290114709465,36.2457735521115,5.31676208116506,"Old"
"COX7A2L",37.6728644269177,30.6275483947826,-7.04531603213503,"Old"
"GAPDHS",46.9212712844049,45.0468651675515,-1.87440611685341,"Old"
"HSPB6",36.5836855875215,35.728014210586,-0.855671376935504,"Old"
"NDUFAB1",26.5451045150886,19.9260270302694,-6.61907748481912,"Old"
"IMPA2",26.1137282271637,27.8728111355186,1.75908290835489,"Old"
"PDCD5",14.6415519928583,18.2523633417555,3.61081134889723,"Old"
"PRMT5",14.8154183947438,14.4990176414741,-0.31640075326966,"Old"
"PSMA7",14.6879834999904,10.7534545852546,-3.93452891473583,"Old"
"OPLAH",17.6648195837434,15.4907472796404,-2.174072304103,"Old"
"MGST3",23.7144338492118,25.8868869108281,2.17245306161631,"Old"
"RGS12",52.3203992684124,44.8716759963439,-7.44872327206856,"Old"
"HAT1",98.0404136468047,71.5397088988816,-26.5007047479231,"Old"
"UQCRQ",24.098459873004,14.4832613640614,-9.61519850894261,"Old"
"MYL12B",33.5451166773972,28.6129860594187,-4.93213061797847,"Old"
"UQCR11",47.7454776101786,29.073186002699,-18.6722916074797,"Old"
"CASQ2",35.536105401561,38.6648152501866,3.12870984862555,"Old"
"HGS",13.5119600712372,18.1326039053572,4.62064383411998,"Old"
"HNRNPDL",22.487016851378,18.1194885164897,-4.36752833488832,"Old"
"XPO1",13.9699930476128,16.8544957967702,2.88450274915747,"Old"
"ATP2A1",32.9513003960754,25.9541910811677,-6.99710931490779,"Old"
"SYNJ2",34.8185203853087,66.1827040116706,31.3641836263618,"Old"
"SYNM",74.816771839458,46.369759597999,-28.447012241459,"Old"
"ARPC1B",26.6701951943109,28.2246862779807,1.55449108366976,"Old"
"ARPC2",19.6112288572373,33.8741147052634,14.2628858480262,"Old"
"PGRMC2",30.2633387436779,25.1860968631293,-5.07724188054862,"Old"
"PFDN6",16.741352848215,13.5658161883253,-3.17553665988978,"Old"
"NDUFA1",54.9439332320134,60.4007423539814,5.456809121968,"Old"
"SURF4",29.0626491446612,20.013616253407,-9.04903289125424,"Old"
"MAPK13",27.1851701536994,32.6563742606436,5.47120410694411,"Old"
"TCAP",50.7410629818822,38.227023256475,-12.5140397254072,"Old"
"PMM2",36.0690626498066,31.2462557653654,-4.82280688444119,"Old"
"EIF3D",21.087483158263,13.33689841431,-7.75058474395301,"Old"
"EIF3H",54.1039183415613,23.5023862016617,-30.6015321398996,"Old"
"BCAT2",29.3380181582059,24.7545065545049,-4.58351160370097,"Old"
"STX7",21.719372577996,15.654486646647,-6.06488593134895,"Old"
"SLC16A3",34.0916876490338,50.2315629390241,16.1398752899903,"Old"
"YKT6",17.8561337691237,14.1067632176307,-3.74937055149299,"Old"
"ARPC5",21.6276931114697,32.3391633460238,10.7114702345541,"Old"
"TAPBP",26.8230807910127,37.0637795728962,10.2406987818834,"Old"
"DHX15",24.119233953455,21.818063488664,-2.30117046479106,"Old"
"CYB5B",32.8374432638163,36.5998921619675,3.76244889815125,"Old"
"NDUFS4",34.8114029771936,31.7371903281373,-3.07421264905623,"Old"
"DYNC1LI2",27.6180147570862,20.8554002599464,-6.76261449713975,"Old"
"PSMD3",18.3121240358083,16.5188188133739,-1.79330522243446,"Old"
"RASA4",38.4982194210753,35.5345615458944,-2.96365787518082,"Old"
"HNRNPR",21.4165158332285,18.4052556668033,-3.01126016642526,"Old"
"TXNL1",10.6213349871261,10.7540708236272,0.132735836501073,"Old"
"TPD52L2",14.4788288174156,12.0666058531058,-2.41222296430983,"Old"
"ERI3",18.1169374425718,32.897258025429,14.7803205828571,"Old"
"AKR7A2",19.2340160061739,11.7691882705659,-7.46482773560808,"Old"
"LAT",36.1075476761338,35.1962241875185,-0.911323488615274,"Old"
"DENR",16.5561339532944,7.4870938456127,-9.0690401076817,"Old"
"DNPH1",18.0914300532333,22.3988899675855,4.30745991435221,"Old"
"TIMM44",23.6873927626003,17.1801854856697,-6.50720727693066,"Old"
"TRAPPC3",15.1483672377832,19.190643723799,4.04227648601581,"Old"
"CHMP2A",10.72724183903,12.8824935040375,2.15525166500754,"Old"
"NDUFB5",29.6507464946225,19.6586020976664,-9.99214439695617,"Old"
"NDUFB3",31.5885502706991,22.3658313041185,-9.22271896658063,"Old"
"NDUFA2",23.4427236884268,21.0284401350022,-2.41428355342461,"Old"
"BUB3",21.365305711211,21.7499522523994,0.38464654118836,"Old"
"ACTN4",153.310921786624,93.3807707590873,-59.9301510275369,"Old"
"GSTZ1",47.5113794746031,39.0062396926743,-8.50513978192875,"Old"
"PRKAB2",16.972027019329,14.8405680059485,-2.13145901338051,"Old"
"AP1G1",28.7456546778173,32.4017389847273,3.65608430690997,"Old"
"SYNGR2",31.5515301723623,36.9070124012048,5.35548222884245,"Old"
"SGTA",10.6810920415078,11.7415372044975,1.06044516298967,"Old"
"ENSA",27.7412257235743,26.0246547080113,-1.71657101556301,"Old"
"SLC25A20",33.6037579235433,20.8349045784871,-12.7688533450561,"Old"
"NARS1",20.8099381283907,16.7279615405697,-4.08197658782095,"Old"
"LANCL1",11.3533722311099,19.6449031028854,8.29153087177549,"Old"
"SLC37A4",26.5894573219323,26.8057320721959,0.216274750263572,"Old"
"IDH3B",29.1547539805513,19.6803318245047,-9.47442215604656,"Old"
"CALU",25.9641558621923,16.4640135039482,-9.50014235824415,"Old"
"AHCYL1",23.227405719954,14.7420766095,-8.48532911045393,"Old"
"NDUFS5",32.6413789129358,25.2789913577148,-7.36238755522097,"Old"
"TIMM8A",39.2726170634903,28.473591384584,-10.7990256789063,"Old"
"PPP1R12B",48.7008690292811,34.3627930577083,-14.3380759715729,"Old"
"PRPSAP2",36.7120988539717,17.0005964373182,-19.7115024166535,"Old"
"SPAG9",21.390127786648,22.3764020311341,0.986274244486161,"Old"
"OPA1",28.0083310556617,19.76476970874,-8.24356134692174,"Old"
"TBC1D4",21.137113618289,14.6501755909742,-6.48693802731486,"Old"
"SNX3",12.2044116147578,10.6352385886427,-1.56917302611512,"Old"
"SYNCRIP",19.5547120739536,19.964029578321,0.409317504367422,"Old"
"SELENOF",24.6794682722948,33.7939878885074,9.11451961621255,"Old"
"KLHL41",39.8533307330392,43.9026989629767,4.0493682299375,"Old"
"PLIN3",11.3644504202947,23.5347312456326,12.1702808253379,"Old"
"KPNA6",14.7462124217753,19.1075163155711,4.36130389379585,"Old"
"SNX2",15.4627411556135,17.0123676482144,1.54962649260089,"Old"
"USO1",25.0026684618433,19.2208282666493,-5.78184019519402,"Old"
"TOM1",24.1864559654653,22.3212821893326,-1.86517377613272,"Old"
"PFKFB2",26.9117288374624,29.5499821424282,2.63825330496582,"Old"
"EDF1",23.1422034188992,24.7242797344065,1.58207631550732,"Old"
"DNAJA2",17.9544673680603,14.7469436843461,-3.20752368371423,"Old"
"CUTA",28.1316653625582,24.7796314633796,-3.35203389917863,"Old"
"PFDN1",29.7857524392389,18.3703638502582,-11.4153885889807,"Old"
"NOL3",23.4786449194589,20.464387108936,-3.0142578105229,"Old"
"WDR1",15.3998323330075,12.6957466473279,-2.70408568567963,"Old"
"LDB3",22.3242083920712,25.7746800889779,3.45047169690666,"Old"
"CLASP2",30.8533875985269,22.8139424095986,-8.03944518892828,"Old"
"COBL",23.293507132558,26.542611034024,3.24910390146601,"Old"
"CPNE3",20.4053174243898,20.4996756018893,0.0943581774994477,"Old"
"CLUH",30.9337499220704,30.3028061409453,-0.630943781125083,"Old"
"CAND2",22.9132403426345,21.9654182252225,-0.947822117411992,"Old"
"COQ9",12.3206436333519,18.6362117419622,6.31556810861034,"Old"
"GGCT",23.3124210587258,17.4836476661504,-5.82877339257536,"Old"
"NDUFS7",36.1356737242325,24.0451551084137,-12.0905186158188,"Old"
"RTN2",23.814281478497,17.1788208857475,-6.63546059274955,"Old"
"NDUFS2",32.3943756397295,22.3012384830174,-10.0931371567121,"Old"
"NIPSNAP2",10.5942055003212,13.7249474858717,3.13074198555052,"Old"
"CILP",36.2138570884835,23.9943062759272,-12.2195508125563,"Old"
"TBCA",17.3427003728441,13.4756789748322,-3.86702139801186,"Old"
"ATP6V1G1",22.4826578960417,12.1806872885067,-10.301970607535,"Old"
"VPS4B",15.5704393539118,18.6409163376985,3.07047698378678,"Old"
"MACROH2A1",51.7082798948927,39.3137966649643,-12.3944832299284,"Old"
"SH3BGRL",35.510411751642,39.2726381791724,3.76222642753037,"Old"
"FLNB",38.4863501890729,33.4362697583219,-5.05008043075099,"Old"
"NDUFS6",32.0509368867374,22.5155953151435,-9.53534157159389,"Old"
"CS",21.1348196809489,15.6514452741944,-5.48337440675448,"Old"
"SEC22B",13.2278355483911,8.48405410816883,-4.74378144022225,"Old"
"MTX2",29.001245925107,19.667639866878,-9.33360605822903,"Old"
"VPS26A",23.1974338273607,12.2860158555513,-10.9114179718094,"Old"
"NDUFB1",27.4792414941951,24.9091384948404,-2.57010299935469,"Old"
"PMPCB",26.2412501831696,13.518823725363,-12.7224264578066,"Old"
"NDUFS3",27.5509443884655,21.3501873319247,-6.20075705654083,"Old"
"ECI2",21.7521940978193,22.3773164378067,0.62512233998735,"Old"
"BANF1",39.12251720394,38.879747006276,-0.242770197663987,"Old"
"CSDE1",13.5300494626386,23.1891760591956,9.65912659655701,"Old"
"PRKRA",36.4676479255683,44.9219374721533,8.45428954658498,"Old"
"LYPLA1",19.8891393119482,13.9963683103755,-5.89277100157269,"Old"
"TIPRL",10.3845532112778,14.5000666066026,4.1155133953248,"Old"
"PPM1B",23.3127206026875,24.1206197779787,0.807899175291272,"Old"
"SLC25A12",17.0559824858887,12.7894661582552,-4.26651632763355,"Old"
"TCEA3",31.0718497534081,21.8076991901818,-9.26415056322628,"Old"
"EIF3G",19.0321271942913,12.5098663591279,-6.52226083516335,"Old"
"EIF3J",10.3107669826956,12.2672896713932,1.95652268869761,"Old"
"PSMD10",13.7521527376943,21.5309988020954,7.77884606440102,"Old"
"IDH1",14.4523270571631,15.9535995074874,1.50127245032427,"Old"
"SCO1",35.8060585638099,33.314738527894,-2.4913200359159,"Old"
"ALDH1L1",30.3898133669087,37.5658068194933,7.17599345258455,"Old"
"ARL6IP5",18.0560906754831,21.1535266430815,3.09743596759841,"Old"
"DYSF",13.8665851819785,20.50103550314,6.63445032116151,"Old"
"PIAS2",25.7428653783378,18.3444441335936,-7.39842124474411,"Old"
"DCTN3",27.125328514478,33.6082068288686,6.48287831439056,"Old"
"ATP5PD",23.5554898634758,21.4836414414348,-2.07184842204105,"Old"
"FLOT1",26.5476589646389,26.4970477122602,-0.0506112523786797,"Old"
"ATP5MG",27.4519776643493,20.0357792631071,-7.4161984012422,"Old"
"GLRX3",20.1864386412303,21.8015929140362,1.61515427280581,"Old"
"SNCG",33.5386076101983,47.5300190834958,13.9914114732975,"Old"
"DDAH1",42.8095616273271,24.6996572730374,-18.1099043542897,"Old"
"TPPP",25.093107799861,26.1137043253602,1.02059652549913,"Old"
"BAIAP3",42.0950026417078,35.510847942543,-6.58415469916478,"Old"
"TOMM70",23.5957328818299,17.1303572856692,-6.46537559616077,"Old"
"UFL1",18.0067126000617,23.6130012342564,5.60628863419462,"Old"
"TMEM63A",23.869587072416,48.8435398325339,24.9739527601179,"Old"
"PLPBP",17.0807197488359,21.4661937615817,4.38547401274582,"Old"
"ERLIN2",29.6489623458301,25.7327443687609,-3.91621797706926,"Old"
"ENDOD1",21.3093847172151,10.2151667861421,-11.094217931073,"Old"
"SEC31A",18.6991537605023,14.7258184625529,-3.97333529794941,"Old"
"NDUFB6",35.2174099527261,28.5233744514365,-6.69403550128961,"Old"
"MFN2",28.1449417622583,18.9517167860477,-9.19322497621063,"Old"
"NDUFA3",35.7797290573923,27.6692058773104,-8.1105231800819,"Old"
"NDUFB4",32.7173319226494,24.1688901406869,-8.54844178196246,"Old"
"NDUFB8",24.0684639862784,22.6051060843491,-1.46335790192936,"Old"
"NDUFA7",38.4961051470173,27.4865930956697,-11.0095120513476,"Old"
"RTN3",42.4009829346285,36.0037111757002,-6.39727175892829,"Old"
"LETM1",29.3951828625232,22.7295365394645,-6.66564632305877,"Old"
"STBD1",17.4106209316989,13.6235168303412,-3.78710410135769,"Old"
"ZRANB2",36.2218660957224,84.3246738137478,48.1028077180254,"Old"
"EPM2A",20.9152913734064,26.1727159685144,5.25742459510808,"Old"
"VAPB",17.6177719246743,13.9622346465107,-3.65553727816352,"Old"
"NDUFC2",41.3628618143741,29.1831587076006,-12.1797031067735,"Old"
"NDUFA10",27.8928647014136,23.0249523788992,-4.8679123225144,"Old"
"PGLS",15.8011623957683,17.9641272440342,2.1629648482659,"Old"
"TACC2",29.0223933874202,20.9907522215211,-8.03164116589906,"Old"
"LYPLA2",33.5785915787064,22.7646470409648,-10.8139445377415,"Old"
"IPO7",27.4222385029246,21.4727030123399,-5.94953549058475,"Old"
"ARIH2",28.3705682196159,18.2268369290877,-10.1437312905283,"Old"
"PGM3",42.7617887285526,22.2352953696667,-20.5264933588859,"Old"
"SVIL",44.2238832380192,33.7158550249549,-10.5080282130643,"Old"
"AHSA1",17.3012463712882,18.855690056549,1.55444368526081,"Old"
"H6PD",28.3933176864747,24.2630215471151,-4.13029613935956,"Old"
"MPC2",27.9853121825548,25.476019922379,-2.50929226017587,"Old"
"ETHE1",30.8200995494604,18.0827594933402,-12.7373400561202,"Old"
"ACSL3",22.8434485055826,13.9014999390156,-8.94194856656703,"Old"
"ASMTL",31.8127133840841,21.3083151316234,-10.5043982524607,"Old"
"CDS2",24.0889334876806,33.0732095240733,8.98427603639269,"Old"
"SNAP29",9.4634265131123,24.0027980301719,14.5393715170596,"Old"
"OXSR1",13.3677850905041,17.8885113517573,4.52072626125316,"Old"
"LSM8",27.4206751640017,43.0365236537778,15.6158484897761,"Old"
"AP2A1",21.9181166130368,19.2616292157252,-2.65648739731159,"Old"
"CAVIN2",20.7107953200665,24.3981372526467,3.68734193258015,"Old"
"BAG2",28.825919879096,25.3593890384298,-3.46653084066612,"Old"
"BAG3",22.1858199338235,27.8552550003118,5.66943506648829,"Old"
"MLYCD",45.2779129071583,28.3186156055312,-16.9592973016271,"Old"
"AIFM1",18.7446355196019,16.3950058089279,-2.34962971067399,"Old"
"EML2",38.2613888401001,31.0316802081513,-7.2297086319488,"Old"
"BPNT1",17.6106466055531,14.8206404774878,-2.79000612806527,"Old"
"DDAH2",19.7437894147402,26.1980921296197,6.45430271487943,"Old"
"ABHD16A",35.1556456570467,32.2270469277483,-2.92859872929832,"Old"
"TXNDC12",30.6704913635418,65.1927387045672,34.5222473410254,"Old"
"NUDT3",17.6956425957325,24.3904122218369,6.69476962610436,"Old"
"NDUFB10",28.4732123177407,22.4166819564996,-6.05653036124114,"Old"
"CLPTM1",34.4969689039928,25.747987680838,-8.7489812231548,"Old"
"MOCS2",41.3481021149612,24.1225059444922,-17.225596170469,"Old"
"TOMM40",16.9191064377786,14.7889209913092,-2.13018544646945,"Old"
"PEX11B",23.8283429667415,40.9454854282024,17.1171424614608,"Old"
"CYB5A",24.1413430224732,34.9493090616888,10.8079660392156,"Old"
"ADH1B",51.8361542465814,44.4534014634904,-7.38275278309095,"Old"
"LDHA",46.4443698653896,47.691407887777,1.24703802238731,"Old"
"ALDH1A1",33.9022849909615,32.2798669655254,-1.62241802543616,"Old"
"GLUD1",21.4975227704583,17.9032824769629,-3.59424029349544,"Old"
"CYB5R3",20.7739061552712,18.7083663821081,-2.06553977316303,"Old"
"GSR",15.2797560339881,14.3499308916388,-0.929825142349266,"Old"
"MT-CO1",40.1423557520059,35.4604403462618,-4.68191540574416,"Old"
"MT-CO2",28.79636375227,22.7032732229316,-6.09309052933845,"Old"
"MT-CO3",16.1028491207703,35.2771547431023,19.1743056223319,"Old"
"SOD1",26.7411898247606,20.7558824300456,-5.98530739471503,"Old"
"CP",22.2163371563966,46.9396266896156,24.723289533219,"Old"
"F13A1",39.4300499229587,41.4827649016227,2.05271497866402,"Old"
"HPRT1",34.5653310889481,35.7527337907128,1.1874027017647,"Old"
"GOT2",24.6011816803265,15.2449029605618,-9.35627871976476,"Old"
"PGK1",21.5052211693236,23.3588898467647,1.85366867744109,"Old"
"AK1",31.0460742579616,21.0358943948958,-10.0101798630658,"Old"
"MT-ATP6",28.0537962788837,29.6706915938308,1.61689531494713,"Old"
"CA2",23.9630180246394,41.3642979654094,17.4012799407699,"Old"
"ASS1",53.2138614871592,69.5222256374782,16.3083641503189,"Old"
"CST3",21.2224002222441,22.4111762289781,1.18877600673391,"Old"
"CSTA",46.6843789719613,72.4889042837976,25.8045253118362,"Old"
"JCHAIN",143.851914606473,75.6555594592256,-68.1963551472474,"Old"
"HLA-B",39.412982837537,36.7862968470775,-2.62668599045949,"Old"
"HLA-DRB1",44.5599707708688,50.6633408038897,6.10337003302088,"Old"
"MB",16.2060033454682,12.050654871457,-4.15534847401126,"Old"
"COL1A1",89.9267381526554,81.6632816900104,-8.26345646264502,"Old"
"COL3A1",102.673100553341,86.313615196928,-16.3594853564129,"Old"
"COL4A1",92.6853778147644,101.474929271197,8.78955145643218,"Old"
"CRYAB",33.5816109274469,23.4411193078178,-10.140491619629,"Old"
"KRT14",188.377175384555,180.251132766952,-8.12604261760339,"Old"
"LMNA",40.7482459766689,36.4256829471285,-4.32256302954031,"Old"
"TNNC2",83.264388248793,54.9631026196599,-28.3012856291332,"Old"
"APOE",87.5379827485255,36.4687602387108,-51.0692225098147,"Old"
"LRG1",28.5416060504234,47.8841862518764,19.342580201453,"Old"
"FN1",121.658902324566,29.8285044461082,-91.8303978784578,"Old"
"RBP4",39.1238848352435,70.9601033672533,31.8362185320098,"Old"
"TTR",32.2763492948468,39.9619225749381,7.68557328009133,"Old"
"PPBP",24.9178660649866,56.1675618889675,31.2496958239808,"Old"
"TFRC",43.5010983955793,59.9805734953378,16.4794750997586,"Old"
"FTL",55.2362331794023,85.9248261272349,30.6885929478326,"Old"
"FTH1",43.8690239109888,41.6049239032064,-2.26410000778234,"Old"
"MT2A",41.3921327838694,42.7498853495701,1.35775256570071,"Old"
"MT-ND1",35.8187516918806,25.7724753459971,-10.0462763458836,"Old"
"MT-ND2",38.3167510671511,36.8261850992243,-1.49056596792684,"Old"
"MT-ND3",33.3206421417306,32.9492113287452,-0.371430812985373,"Old"
"MT-ND4",25.9255059918396,38.782869884303,12.8573638924634,"Old"
"MT-ND5",54.2165024735955,33.8940946127904,-20.3224078608051,"Old"
"MT-ATP8",35.4585270910038,33.7391936761831,-1.71933341482077,"Old"
"CAT",28.4490137245825,61.3016092615214,32.852595536939,"Old"
"ALDOA",17.7027427983434,22.670384461331,4.96764166298758,"Old"
"CSTB",20.5561036757147,21.117730944847,0.561627269132348,"Old"
"ANXA1",17.3604774668977,38.8490113661197,21.488533899222,"Old"
"SOD2",19.5026298527911,20.6708035506901,1.16817369789895,"Old"
"KRT1",51.074935635999,62.997752933411,11.922817297412,"Old"
"VWF",58.2496340681753,42.5199947735739,-15.7296392946014,"Old"
"GAPDH",25.9503605057799,19.1868912281316,-6.76346927764824,"Old"
"HLA-A",40.2708218506056,31.2258114551661,-9.04501039543948,"Old"
"CAPNS1",11.0249330561578,12.3715035420617,1.34657048590386,"Old"
"HSPB1",42.7444237788465,27.143326517555,-15.6010972612915,"Old"
"RPN1",14.3390000532365,15.8319299286739,1.49292987543741,"Old"
"RPN2",21.6989539371999,15.9668729071328,-5.73208103006703,"Old"
"GNAI2",11.0942330157049,16.1913452386078,5.09711222290295,"Old"
"ATP1A1",10.8178933073371,17.3892428440942,6.57134953675712,"Old"
"ATP1B1",10.8765305456424,14.712644519575,3.83611397393259,"Old"
"APOD",24.6547283394186,33.679766902732,9.02503856331348,"Old"
"ALDH2",16.80862391879,16.1306543286261,-0.677969590163887,"Old"
"S100A8",29.9428326632252,143.427433417005,113.48460075378,"Old"
"SLC25A5",25.7253280359722,17.0265456074758,-8.69878242849645,"Old"
"SERPING1",36.332269028061,57.4086557009056,21.0763866728447,"Old"
"PCCA",24.0983914267228,21.5708621441005,-2.5275292826223,"Old"
"PCCB",25.0476084953406,20.758073633882,-4.28953486145861,"Old"
"EIF2S1",7.44709862928559,5.99259827811592,-1.45450035116967,"Old"
"RPLP1",34.3837612602694,42.7580833430123,8.37432208274291,"Old"
"RPLP2",28.4461165320044,37.3807381649874,8.93462163298301,"Old"
"RPLP0",25.1702387820457,32.4866143131499,7.31637553110423,"Old"
"FABP3",31.7066330670925,31.8683598001687,0.161726733076183,"Old"
"CLEC3B",45.4653376808725,27.9374372902191,-17.5279003906534,"Old"
"SSB",39.6037096498303,29.6373867430725,-9.96632290675777,"Old"
"ITGB1",11.1047760130141,9.85343910456467,-1.25133690844941,"Old"
"KRT18",47.5627520232216,58.8709548984053,11.3082028751837,"Old"
"KRT8",67.3976188519724,82.0940856712842,14.6964668193119,"Old"
"MYL1",67.553141373524,71.9506547951173,4.3975134215933,"Old"
"GSN",27.3008525322736,54.1979051142923,26.8970525820187,"Old"
"PTMA",33.1821863514992,38.7052894990208,5.52310314752155,"Old"
"ATP5F1B",27.4074990707853,15.600276091964,-11.8072229788213,"Old"
"S100A9",22.4346831945018,112.704354089311,90.2696708948097,"Old"
"S100A6",48.4280067687873,98.8068269173641,50.3788201485769,"Old"
"EIF4E",28.7132934253684,14.3412039758114,-14.3720894495571,"Old"
"CKM",12.2077233677594,13.987861638949,1.78013827118963,"Old"
"ENO1",24.2604985895374,15.4042276785147,-8.8562709110227,"Old"
"PYGL",47.7461856317225,46.0133653364372,-1.73282029528529,"Old"
"GPI",16.3284444384089,15.6422573037307,-0.686187134678253,"Old"
"NPM1",24.693665031257,30.5314708602857,5.83780582902866,"Old"
"TPM3",100.078852657514,62.6101510000124,-37.4687016575014,"Old"
"EPHX1",34.1794906387429,27.7798553596777,-6.39963527906515,"Old"
"DBI",27.0252580847118,24.8234955991454,-2.20176248556638,"Old"
"LDHB",38.0953261712514,38.3498345420865,0.254508370835147,"Old"
"GPX1",10.9553178568588,13.5895468708386,2.63422901397972,"Old"
"P4HB",14.2108011468531,18.3806152999913,4.16981415313826,"Old"
"H1-0",36.7039869110189,40.798771069265,4.09478415824614,"Old"
"CTSD",16.2015357320863,21.7739450030853,5.57240927099896,"Old"
"ANXA2",15.0490944112908,24.9084170568973,9.85932264560648,"Old"
"CAPN1",11.9973094729889,9.47348668889137,-2.52382278409752,"Old"
"TUBB",14.4618494300621,16.459408454885,1.99755902482284,"Old"
"CA3",14.4624957693726,23.9417953058531,9.4792995364805,"Old"
"DCN",52.5458111620601,52.305695382711,-0.240115779349111,"Old"
"PSAP",24.50435717957,23.4453915110947,-1.05896566847528,"Old"
"PFN1",16.8685826180575,17.3331397972537,0.46455717919617,"Old"
"BPGM",28.6397661429222,58.3058354089558,29.6660692660336,"Old"
"APRT",18.1781641902473,20.5247780650547,2.34661387480745,"Old"
"EPRS1",8.9300461699756,5.74285476727362,-3.18719140270199,"Old"
"CTSB",34.2038446562644,26.6528801188062,-7.55096453745819,"Old"
"HSP90AA1",16.6672365396652,15.9803579520046,-0.686878587660599,"Old"
"UQCRH",20.3781472241249,15.4590677793333,-4.9190794447916,"Old"
"TPM2",95.3346801370394,52.8403149642788,-42.4943651727606,"Old"
"FH",15.5811288867086,9.69407576681523,-5.88705311989336,"Old"
"COL1A2",111.842202172523,113.214294615365,1.37209244284155,"Old"
"ANXA6",13.0203261290799,17.3699799945848,4.34965386550486,"Old"
"PFKM",35.9920923435677,26.6532402523937,-9.33885209117399,"Old"
"HSP90AB1",15.7641538548621,17.3804320419667,1.61627818710461,"Old"
"SOD3",30.1134725452938,41.975191561263,11.8617190159692,"Old"
"CTSG",31.9476396732891,36.6797291174156,4.73208944412651,"Old"
"PDHA1",17.62362815271,16.3488027966914,-1.27482535601854,"Old"
"COL4A2",81.7623953545199,79.4271515249999,-2.33524382952,"Old"
"CYC1",23.3188865851499,17.83183417361,-5.48705241153996,"Old"
"MYL3",71.0508241480072,64.3268327878316,-6.72399136017553,"Old"
"SNRNP70",28.7241820048606,17.4019411427034,-11.3222408621572,"Old"
"NFIC",27.4571157999307,18.0961416916524,-9.36097410827837,"Old"
"VIM",47.4150064924423,43.4545278660207,-3.96047862642155,"Old"
"SERPINF2",26.3061409791073,39.2435764747479,12.9374354956406,"Old"
"RPS17",34.4699808233591,19.222881568044,-15.2470992553151,"Old"
"KRT19",88.6195748122921,71.415711341416,-17.2038634708762,"Old"
"ANXA5",24.127375904593,25.1887743027881,1.06139839819509,"Old"
"RPSA",25.6206513339851,17.8300547632916,-7.79059657069346,"Old"
"SNRPA",22.2426563933277,22.5074227252614,0.264766331933671,"Old"
"ENO2",34.5828387673908,30.5029188384763,-4.07991992891449,"Old"
"ACAA1",27.6012088493013,23.6973572079528,-3.9038516413485,"Old"
"GSTP1",20.6801870718118,17.9259846090314,-2.75420246278044,"Old"
"LGALS1",33.565039475276,43.598859420786,10.03381994551,"Old"
"QDPR",26.9873120085447,21.9794188321659,-5.0078931763788,"Old"
"HMGB1",16.7844982851676,23.8637003259829,7.07920204081529,"Old"
"FBP1",47.6579924610171,52.588503944474,4.93051148345685,"Old"
"GSTM1",134.669222645908,98.3033495574329,-36.3658730884753,"Old"
"TPM1",90.4961608562458,62.7477916118087,-27.7483692444371,"Old"
"CLTB",18.6619875524689,14.0606291591981,-4.60135839327078,"Old"
"ANXA4",23.1839297644871,19.4305229252061,-3.75340683928095,"Old"
"HMOX1",37.670770136652,40.9084598448001,3.2376897081481,"Old"
"DLD",11.7214405107023,13.7442969998213,2.02285648911899,"Old"
"HNRNPA1",27.2418399712159,25.6058474309096,-1.63599254030637,"Old"
"COX6C",32.360886505276,23.2972615294538,-9.06362497582229,"Old"
"PARP1",24.3611547568987,16.64257562236,-7.71857913453871,"Old"
"IFIT2",38.0182587263172,29.2766831234416,-8.74157560287558,"Old"
"UCHL1",49.6535607828514,78.9156647704509,29.2621039875995,"Old"
"LTA4H",19.9757156525737,15.372042501599,-4.60367315097465,"Old"
"ALDOC",104.361269989473,88.3338927042128,-16.0273772852606,"Old"
"LIMS3",26.0703790213263,22.0955948778365,-3.97478414348985,"Old"
"HSPA1A",18.4699927996559,20.5341976213832,2.06420482172724,"Old"
"CALM1",22.6349983145201,18.0521453717045,-4.58285294281558,"Old"
"FDX1",30.169253580441,36.0992412261133,5.92998764567223,"Old"
"COX8A",37.6667208613216,28.4047320576418,-9.2619888036798,"Old"
"GAA",21.0177173116599,21.2310095972831,0.213292285623186,"Old"
"RRAS",14.4219315658785,18.1743399216437,3.75240835576514,"Old"
"ARAF",23.6470165103292,42.9499628210852,19.302946310756,"Old"
"DLAT",17.3931447075103,14.8247545046344,-2.56839020287584,"Old"
"TXN",19.8406316127362,19.4466079952116,-0.394023617524677,"Old"
"COX5B",29.7436924362823,20.7110762527027,-9.03261618357963,"Old"
"MAPT",15.2725911978873,13.358814500736,-1.91377669715128,"Old"
"PRKAR1A",18.3635951669236,13.5752497895568,-4.78834537736671,"Old"
"ESD",24.1871895980286,26.1125956396816,1.92540604165299,"Old"
"HSPD1",19.8105649127397,14.2093261569044,-5.60123875583525,"Old"
"THRB",91.1518173751643,125.113412011396,33.9615946362317,"Old"
"CLU",35.0744648765808,64.3462557935087,29.2717909169279,"Old"
"MYL2",59.4532625850012,56.6865616559336,-2.7667009290676,"Old"
"HSPA5",9.58593388583979,19.5760463600333,9.99011247419356,"Old"
"LAMC1",76.8377408848993,51.7066408158843,-25.1311000690149,"Old"
"MYH3",120.700293927898,85.4251448587092,-35.2751490691884,"Old"
"HSPA8",10.7772780604099,13.4947968362932,2.7175187758833,"Old"
"EPB41",38.3174379996918,66.4301118595254,28.1126738598336,"Old"
"PDHB",14.9366634092488,12.6622324005866,-2.27443100866221,"Old"
"DBT",31.2351739778823,27.6722754500708,-3.56289852781152,"Old"
"PYGB",22.8974338323233,25.3365510390527,2.43911720672943,"Old"
"PYGM",17.9108030148075,22.1369785044436,4.22617548963606,"Old"
"RALA",13.3190995146174,18.5991770505969,5.28007753597952,"Old"
"SPTB",27.4803387252505,50.0918942665257,22.6115555412752,"Old"
"LAMP1",16.7253482982143,23.2111562447003,6.48580794648603,"Old"
"ACADM",25.5051778026082,23.5211369739798,-1.98404082862848,"Old"
"UBL4A",16.7564818974565,26.6776945607101,9.92121266325358,"Old"
"DMD",24.1281984452865,15.88038886315,-8.24780958213652,"Old"
"MTHFD1",11.8613749890214,12.3760578163427,0.514682827321321,"Old"
"ADH5",28.6593251183889,19.0942317250121,-9.56509339337676,"Old"
"PABPC1",12.8152169650784,8.94776500077849,-3.8674519642999,"Old"
"HARS1",14.51434291161,11.6725685362479,-2.84177437536205,"Old"
"COL6A1",87.7101350020271,64.0287054042047,-23.6814295978224,"Old"
"COL6A2",84.3417386440063,60.8312115607382,-23.5105270832682,"Old"
"COL6A3",99.4458382113611,62.6748416183034,-36.7709965930578,"Old"
"SLC25A4",26.1043751779438,15.5314023766982,-10.5729728012455,"Old"
"SLC25A6",23.5088039436142,22.7935722368024,-0.715231706811856,"Old"
"IMPDH2",22.9655765953377,14.3241980785636,-8.64137851677408,"Old"
"CKB",14.932386953658,14.1400220725557,-0.792364881102369,"Old"
"ANXA3",34.3234751035728,15.52796120682,-18.7955138967528,"Old"
"BCKDHA",28.6110878460855,37.1752965486933,8.56420870260778,"Old"
"ACTN1",163.696676261163,116.595934098443,-47.1007421627204,"Old"
"MYH1",91.236627938411,49.9404139100472,-41.2962140283638,"Old"
"MYH7",69.4296934520338,71.6994477734549,2.26975432142113,"Old"
"PEPD",19.2752476638219,17.2255232544471,-2.0497244093748,"Old"
"XRCC6",15.2952035173321,16.039793246053,0.74458972872092,"Old"
"XRCC5",15.2674837912997,15.894276883837,0.626793092537273,"Old"
"COX4I1",30.7025093506651,20.4024858043101,-10.300023546355,"Old"
"IFITM1",27.5047199510926,21.5746778782552,-5.93004207283745,"Old"
"LAMP2",18.9396073232305,31.7763916730579,12.8367843498274,"Old"
"RNH1",21.321291260362,19.1185416127386,-2.20274964762341,"Old"
"MYH8",87.5240583135754,64.452207346259,-23.0718509673164,"Old"
"VCAN",15.4617159792502,24.1271404125545,8.66542443330429,"Old"
"EEF2",12.7367877274895,11.8529878640066,-0.883799863482929,"Old"
"KRT10",53.0239313467387,77.2463393440306,24.2224079972919,"Old"
"KRT5",81.9253811503719,125.285734110554,43.3603529601825,"Old"
"PDIA4",26.9691617130524,28.3947128184034,1.42555110535098,"Old"
"TPT1",16.8730125642355,18.0920248090498,1.21901224481426,"Old"
"ALAD",26.9786366325257,26.7573012833441,-0.221335349181622,"Old"
"LCP1",23.4964800003495,22.477678818356,-1.0188011819935,"Old"
"PLS3",25.5692182377834,20.2247540205234,-5.34446421726,"Old"
"APEH",14.138768465427,10.9437361601434,-3.19503230528363,"Old"
"ETFA",25.3245032271553,17.1453402885982,-8.17916293855712,"Old"
"TNNT1",98.101695541582,60.7500836412302,-37.3516119003518,"Old"
"GYS1",19.3412078372291,21.869794411858,2.52858657462891,"Old"
"PRKAR2A",16.4087299989763,13.7886438415779,-2.62008615739841,"Old"
"ENO3",22.0268285870233,18.0013060331232,-4.02552255390014,"Old"
"CD59",14.2599806425344,24.1843102973384,9.924329654804,"Old"
"MIF",27.7721389069839,27.6614364372572,-0.110702469726704,"Old"
"CD99",36.3764948608202,32.747682020231,-3.62881284058924,"Old"
"PRKCSH",20.8722197768459,13.5952868691892,-7.27693290765667,"Old"
"FDPS",13.4052517640133,12.2206725415892,-1.18457922242414,"Old"
"COX7A2",35.9335970929329,24.7964800945787,-11.1371169983542,"Old"
"NID1",86.5912003207324,65.769981883383,-20.8212184373494,"Old"
"AKR1A1",22.9989006569984,16.1879474253633,-6.81095323163513,"Old"
"PKM",20.4930650890879,24.2660121372878,3.77294704819996,"Old"
"ACYP2",31.0116354442686,22.5466448834998,-8.46499056076872,"Old"
"HSP90B1",14.9750780738968,18.025189919831,3.0501118459342,"Old"
"MYL6B",87.685724846474,114.574014433708,26.8882895872344,"Old"
"SLC2A4",28.2860090399327,23.7313151849808,-4.55469385495194,"Old"
"IDE",17.6510064154688,14.2711478437513,-3.3798585717175,"Old"
"COX6B1",27.7832161029515,22.5144612645204,-5.26875483843104,"Old"
"HNRNPL",19.3457284043266,15.2551631138582,-4.0905652904684,"Old"
"DARS1",21.8542331026033,14.2601478544267,-7.59408524817664,"Old"
"JUP",36.9394117858088,36.8130163084045,-0.126395477404259,"Old"
"UQCRB",18.6644000632832,18.2337196155072,-0.430680447775998,"Old"
"CPA3",49.1513204737336,56.5930846424031,7.44176416866942,"Old"
"FABP4",27.4928275947011,20.9827520471166,-6.51007554758456,"Old"
"GLUL",29.3814675294678,42.2513241121223,12.8698565826545,"Old"
"AKR1B1",19.8015497803945,15.4745463837404,-4.32700339665413,"Old"
"GSPT1",19.163742959689,18.1136464780195,-1.05009648166953,"Old"
"PGAM2",20.4261248430225,23.1607753858164,2.73465054279391,"Old"
"EZR",30.5157792401482,43.6786981733396,13.1629189331913,"Old"
"UCHL3",20.5425296304354,19.403661124677,-1.13886850575837,"Old"
"NME1",13.4462368453307,22.9790566272576,9.53281978192686,"Old"
"RPS2",25.9026730046918,18.9868482623659,-6.91582474232591,"Old"
"RPA2",36.0643057424105,28.3167525353313,-7.74755320707924,"Old"
"COX7C",34.894385878022,29.6935448307058,-5.20084104731616,"Old"
"NQO2",78.3333425350808,74.0461701623428,-4.28717237273797,"Old"
"PFKFB1",37.6613971155795,33.2571833781044,-4.40421373747509,"Old"
"CBR1",16.3694640741531,31.6410860568074,15.2716219826542,"Old"
"ANK1",33.3035219305541,75.3342028672775,42.0306809367233,"Old"
"ACADS",30.2582734196722,44.4506590578808,14.1923856382087,"Old"
"PPP3CB",22.4128010954916,19.233994390071,-3.17880670542062,"Old"
"ATP2A2",23.0087356149542,19.5214863212951,-3.48724929365908,"Old"
"CD36",29.19167874369,30.5683600181388,1.37668127444882,"Old"
"FAH",19.1851178337809,16.1025966888716,-3.08252114490928,"Old"
"YBX3",15.0496775421821,13.3749688295067,-1.67470871267548,"Old"
"TMEM11",20.9423411508077,21.700622387962,0.758281237154272,"Old"
"GOT1",15.7130371243548,14.0115444654473,-1.70149265890749,"Old"
"CKMT2",43.5498099248115,29.8353314601485,-13.7144784646629,"Old"
"NDUFB7",34.7933787666101,27.1000856736626,-7.69329309294751,"Old"
"PRKACA",19.06936800464,14.6249346343043,-4.44443337033572,"Old"
"CAPN2",13.8191132626235,25.8577321800514,12.0386189174279,"Old"
"DES",110.677658039715,66.7330388237468,-43.9446192159686,"Old"
"PFKL",47.5108038964741,37.6370446138419,-9.87375928263219,"Old"
"LGALS3",18.6572231309014,42.6260374502061,23.9688143193047,"Old"
"FLT1",113.702762754897,89.4783708106916,-24.2243919442058,"Old"
"PSMC3",9.82198630347635,7.42703101742196,-2.39495528605439,"Old"
"TCP1",12.8075090013113,12.1456116118218,-0.661897389489527,"Old"
"RPL35A",19.7551013937938,25.6782933589522,5.92319196515841,"Old"
"ARF4",35.9882155660485,25.5316698134209,-10.4565457526276,"Old"
"RPL7",32.3473475446926,38.7699775554109,6.4226300107183,"Old"
"VCL",14.5870263407232,11.6467595029279,-2.94026683779535,"Old"
"RPL17",30.2264749174727,33.0637864385449,2.8373115210722,"Old"
"PGAM1",21.1712048752565,17.7051340275265,-3.46607084773004,"Old"
"ATP5PF",29.1802240657404,20.4079358367687,-8.77228822897168,"Old"
"TSPAN8",48.5694146354575,35.6282322283892,-12.9411824070683,"Old"
"TNNI1",82.3756345837589,54.6580819753977,-27.7175526083611,"Old"
"NCL",23.7910822573053,23.1154174374969,-0.67566481980839,"Old"
"HK1",19.4498923420286,10.6711607242793,-8.77873161774931,"Old"
"NDUFV2",28.470068723112,21.9008608220123,-6.56920790109971,"Old"
"SRM",25.5968954741055,23.5086255328092,-2.08826994129631,"Old"
"TYMP",17.0823867635229,22.027237480723,4.94485071720008,"Old"
"ATP2B1",20.8683876966138,24.2960085012194,3.42762080460561,"Old"
"EIF2S2",18.6833555249074,16.613761983045,-2.06959354186235,"Old"
"ANXA7",13.3409006089169,12.4278717581972,-0.913028850719712,"Old"
"TPSB2",49.4106586583254,45.9725207436459,-3.43813791467952,"Old"
"BTF3",16.8062998398555,29.8561967631053,13.0498969232498,"Old"
"RAB6A",20.6745617349075,17.4235783007788,-3.25098343412872,"Old"
"PVALB",78.6270418076316,32.8892260589967,-45.7378157486349,"Old"
"PSMB1",17.4770944981329,8.59485908741618,-8.88223541071675,"Old"
"COX5A",28.9826202112547,18.6564126562703,-10.3262075549844,"Old"
"CAPN3",32.7292247485605,23.1735463405408,-9.55567840801968,"Old"
"CAST",23.1164233048147,23.3297157990808,0.213292494266081,"Old"
"NEB",101.113772577671,69.0300848151127,-32.0836877625581,"Old"
"PTMS",21.1003576113099,47.5430124699304,26.4426548586205,"Old"
"GSTM3",43.4779779480406,29.2819451603139,-14.1960327877267,"Old"
"ATP6V1B2",14.9249149553981,15.2953651828797,0.370450227481594,"Old"
"CSRP1",25.8918224413353,55.3488462059577,29.4570237646224,"Old"
"FLNA",34.8997119923202,30.6229404971847,-4.27677149513542,"Old"
"MAOA",27.5739418415636,26.9481222907908,-0.625819550772807,"Old"
"ACO1",22.9839129537163,21.8352706828574,-1.14864227085897,"Old"
"GPD1",28.171097733216,27.7632098722082,-0.407887861007811,"Old"
"VDAC1",19.703298907345,11.7113037220716,-7.99199518527334,"Old"
"BGN",55.7103847542322,32.477188606254,-23.2331961479781,"Old"
"RYR1",25.0681545595768,11.439948792474,-13.6282057671028,"Old"
"SDHB",18.4881839992476,12.7542932645968,-5.73389073465076,"Old"
"COMT",17.0373866202032,18.2964588631312,1.25907224292805,"Old"
"TGM2",36.1811212180221,35.2336446331157,-0.94747658490644,"Old"
"MMUT",38.6089906436054,28.0976033701448,-10.5113872734606,"Old"
"OSBP",10.1363104833209,13.477213755551,3.34090327223016,"Old"
"PCMT1",21.6059116387047,15.3730242172944,-6.23288742141027,"Old"
"GART",15.0613696320311,14.7058174335035,-0.35555219852761,"Old"
"PAICS",17.1382338583775,15.5461796436687,-1.59205421470879,"Old"
"SCP2",28.9446036935603,23.3515581129763,-5.59304558058398,"Old"
"UBA1",13.0387319809342,9.37230093686457,-3.66643104406959,"Old"
"GPX3",23.3017974989778,29.3526770818373,6.05087958285956,"Old"
"NME2",19.4963839539745,20.080012914765,0.583628960790481,"Old"
"FDXR",30.9201774360027,25.1329998845915,-5.78717755141115,"Old"
"HNRNPA2B1",25.9720151525141,26.3276180503199,0.355602897805838,"Old"
"UQCRC2",23.5399468531465,15.3387706675891,-8.20117618555744,"Old"
"FECH",22.0402193578115,13.3015040400758,-8.73871531773572,"Old"
"AMPD1",49.4106016717146,41.4392999380615,-7.97130173365311,"Old"
"FBLN1",39.5505712186397,34.6777392628228,-4.87283195581685,"Old"
"SFPQ",37.4887243149592,42.271940569489,4.78321625452977,"Old"
"PPIB",23.2015389805861,32.3618017132247,9.16026273263866,"Old"
"S100A1",40.220800675693,40.1095630511529,-0.111237624540053,"Old"
"HRC",11.8584760888753,19.6663200436195,7.80784395474414,"Old"
"ME2",28.8606185528875,27.2681776345021,-1.59244091838544,"Old"
"WARS1",17.9998203751544,15.4953607210192,-2.50445965413524,"Old"
"RPS3",20.487182014321,15.6649899188848,-4.8221920954362,"Old"
"GCSH",27.2348690063887,23.6163865046676,-3.61848250172109,"Old"
"AHCY",18.4322436174285,13.1768390459097,-5.2554045715188,"Old"
"CFL1",15.6207126599386,16.500669651552,0.879956991613341,"Old"
"EIF4B",19.6388445722644,17.7892131974941,-1.84963137477029,"Old"
"ATP2B4",18.8482544389,19.8482676269596,1.00001318805959,"Old"
"CPT2",22.1581637373603,22.95799382137,0.799830084009692,"Old"
"LAMA2",65.7398820337271,37.5590349618889,-28.1808470718383,"Old"
"GPT",23.6730462302149,27.7540613266753,4.08101509646041,"Old"
"COX7A1",28.928944139279,21.9780458051024,-6.95089833417663,"Old"
"COX7B",41.7381243900631,31.2589688918255,-10.4791554982376,"Old"
"EEF1B2",9.32660355183221,16.3505997538662,7.02399620203397,"Old"
"ATP5PB",22.1014373377422,19.0845810011984,-3.01685633654385,"Old"
"ACP1",20.9244737655369,20.5777661193734,-0.346707646163495,"Old"
"ACAT1",22.8390501578943,17.1319250891228,-5.7071250687715,"Old"
"MYL9",23.423022009391,80.1014162832473,56.6783942738563,"Old"
"AZGP1",17.5719480790966,24.7277839029221,7.15583582382554,"Old"
"MPST",18.2865629259212,26.6806984458458,8.39413551992458,"Old"
"RPS12",24.047452105687,15.2232424319388,-8.8242096737482,"Old"
"DNAJB2",22.7722511134235,16.5270331619865,-6.24521795143695,"Old"
"ATP5F1A",23.5964226744108,17.7895465449431,-5.8068761294677,"Old"
"PSMA1",17.8958627461828,9.0472562083744,-8.84860653780845,"Old"
"PSMA2",17.0333795572956,17.8118230317509,0.778443474455358,"Old"
"PSMA3",19.4423274641298,9.38229489712313,-10.0600325670067,"Old"
"PSMA4",14.7633617369743,10.4320077112276,-4.33135402574673,"Old"
"MSN",10.5473191027115,29.8691279509273,19.3218088482158,"Old"
"DDX6",24.8559003728977,17.410273170861,-7.44562720203666,"Old"
"U2AF2",24.4903263480437,20.7831672280717,-3.70715911997201,"Old"
"RPL13",34.2197650493641,38.0814592305502,3.86169418118612,"Old"
"IVD",24.5596714798211,28.0304438113924,3.47077233157134,"Old"
"S100A4",51.4421731668779,70.7668990238834,19.3247258570054,"Old"
"HMGB2",21.8315635535404,28.3321140341851,6.5005504806447,"Old"
"TARS1",25.2664977408093,22.2670679305893,-2.99942981022001,"Old"
"VARS1",11.9240817613252,16.9646637476249,5.04058198629974,"Old"
"EEF1G",12.4428583116588,13.864131232479,1.42127292082017,"Old"
"PLN",27.8860786363473,28.9896238080179,1.10354517167063,"Old"
"FKBP2",28.2784088427777,39.7999276892609,11.5215188464833,"Old"
"STOM",23.3171160282936,55.3758077337978,32.0586917055042,"Old"
"MAOB",14.4946430653015,19.9160315441777,5.42138847887622,"Old"
"YWHAQ",13.6313333487656,16.5825796339974,2.95124628523182,"Old"
"MAPK3",19.7785406829142,19.88498891887,0.106448235955735,"Old"
"RPL10",35.6789933117907,27.9296477465516,-7.74934556523908,"Old"
"RPA1",21.034187760603,22.312493045891,1.27830528528797,"Old"
"APEX1",20.4974203192309,18.7548223995914,-1.74259791963945,"Old"
"CALR",10.6554329409685,11.4882586511289,0.832825710160428,"Old"
"MAP4",26.2277624588542,22.2060776295722,-4.02168482928198,"Old"
"CANX",13.3600129948446,12.9629359151776,-0.397077079667,"Old"
"PSMA5",15.168974741117,10.6657479417788,-4.5032267993382,"Old"
"PSMB4",19.9229364303538,14.9576427600994,-4.96529367025445,"Old"
"PSMB6",17.7586451567692,12.3764689998413,-5.38217615692792,"Old"
"PSMB5",23.4700225559162,15.1155452588865,-8.35447729702971,"Old"
"GSTM2",36.0478085856126,33.4953789530091,-2.5524296326035,"Old"
"TMOD1",73.2638644685432,50.831247013178,-22.4326174553651,"Old"
"NDUFS1",26.7212340404381,21.8783082192228,-4.84292582121531,"Old"
"MAPK1",19.6160416706911,14.9339583695255,-4.68208330116551,"Old"
"RBL1",17.9008886560717,25.57410067979,7.6732120237183,"Old"
"LAP3",15.4414041254974,16.5700567739567,1.1286526484593,"Old"
"CD38",31.2098033463276,41.304237604098,10.0944342577703,"Old"
"TPP2",14.7468018343824,15.4688348851504,0.722033050767926,"Old"
"IMPA1",13.8645378986846,14.7232805168847,0.858742618200107,"Old"
"EPHA2",36.5506982974656,93.2150797758504,56.6643814783848,"Old"
"COL4A5",59.9810576036263,68.9478697014182,8.96681209779195,"Old"
"TKT",49.6574819483988,25.0483446698428,-24.609137278556,"Old"
"EEF1D",13.6784820685673,11.5162435956219,-2.16223847294536,"Old"
"MARCKS",25.9413648131948,36.0022864395683,10.0609216263736,"Old"
"GNA11",29.8700270122961,17.7352231848592,-12.1348038274369,"Old"
"ALDH4A1",18.7967698225653,11.7334365882423,-7.06333323432302,"Old"
"ERP29",24.6556000895054,14.6723271642722,-9.98327292523315,"Old"
"PRDX6",21.4557176283957,28.982769444748,7.52705181635222,"Old"
"BLVRB",16.8890791325037,33.4334585631464,16.5443794306428,"Old"
"PRDX5",22.3574672842694,13.2714015753835,-9.08606570888587,"Old"
"DDT",48.4495929692703,47.4943851263426,-0.955207842927685,"Old"
"PRDX3",17.8521294113643,9.76714381779368,-8.08498559357059,"Old"
"ATP5F1D",27.0204198456841,14.9671899823019,-12.0532298633822,"Old"
"RPL12",40.5215588620236,44.4173020998163,3.89574323779267,"Old"
"ECHS1",18.1627719219663,15.6753838097366,-2.48738811222968,"Old"
"CMPK1",29.5985649742056,18.3398597441401,-11.2587052300655,"Old"
"PEBP1",20.2064171447912,17.7819135086379,-2.42450363615329,"Old"
"PDIA3",18.0148782380646,21.8930791437091,3.87820090564442,"Old"
"PPP2R1A",10.1721286155419,11.868836115397,1.69670749985513,"Old"
"PPIF",31.8838163166173,27.3406599616869,-4.54315635493034,"Old"
"NMT1",23.7692858256488,15.0869402750734,-8.68234555057537,"Old"
"ADSS2",25.6468629386548,32.474372777008,6.82750983835326,"Old"
"LRPAP1",30.5424001359453,35.2276998363724,4.68529970042713,"Old"
"TSPO",28.2559961907259,21.9723021054716,-6.28369408525431,"Old"
"ADSL",24.150978249333,25.5272296799543,1.37625143062139,"Old"
"CLIP1",40.4142705877774,14.8017470626547,-25.6125235251227,"Old"
"SRI",19.8067938549984,21.9502298972373,2.14343604223897,"Old"
"SERPINB1",38.4281616625002,36.1574174003481,-2.2707442621521,"Old"
"ALDH1B1",46.6170017017691,48.7487935193081,2.13179181753903,"Old"
"SDHA",18.9198783729285,17.4712334192531,-1.4486449536754,"Old"
"GDI1",13.8906152852656,13.9620324478302,0.0714171625646518,"Old"
"MAT2A",13.9657444718462,12.4258180710128,-1.53992640083331,"Old"
"CASQ1",27.5655356721159,26.0938821274703,-1.4716535446456,"Old"
"DNAJA1",14.8358593016843,20.8848513828932,6.04899208120885,"Old"
"AKT2",23.5594918008852,23.9184496568255,0.358957855940254,"Old"
"UQCRC1",22.960763905448,11.1176046473603,-11.8431592580877,"Old"
"HIBADH",15.5435604625859,12.4909826104371,-3.05257785214879,"Old"
"ATIC",18.702773795229,14.9610689646353,-3.74170483059373,"Old"
"HNRNPH3",34.3700341894881,32.7001091377747,-1.66992505171341,"Old"
"HNRNPH1",19.943814821408,16.9508622217309,-2.99295259967713,"Old"
"YWHAB",14.4931433236152,13.4647196179146,-1.02842370570064,"Old"
"STIP1",14.0035766751943,10.9567875460937,-3.0467891291006,"Old"
"S100A11",21.4644368629367,32.8214785950132,11.3570417320765,"Old"
"PRDX2",13.1039394400833,24.9331330802377,11.8291936401544,"Old"
"GBP2",27.9554769661881,22.4180110911386,-5.53746587504946,"Old"
"ACSL1",26.9830494199064,17.2379863961205,-9.74506302378582,"Old"
"KIF5B",15.8498686979048,15.2195618491687,-0.630306848736151,"Old"
"MCM5",42.9996890042301,83.069339923254,40.0696509190239,"Old"
"SHMT1",42.3246966365927,40.1397928669295,-2.18490376966323,"Old"
"SHMT2",36.8151201436186,27.126661006085,-9.68845913753353,"Old"
"HSPA4",13.7002961238291,12.1525650290147,-1.54773109481437,"Old"
"MPI",21.1806350114473,13.8799028708838,-7.30073214056341,"Old"
"GPC1",26.5760212447067,29.103354083479,2.52733283877236,"Old"
"PFN2",24.326301298044,18.2609564486388,-6.06534484940522,"Old"
"CTNNA1",45.0722155270876,25.3956304361417,-19.6765850909458,"Old"
"SERPINB6",24.6630191066048,15.9053827064836,-8.75763640012121,"Old"
"RDX",16.052760707033,12.6290317340426,-3.42372897299039,"Old"
"RPA3",28.9109718117025,23.9657811574618,-4.94519065424071,"Old"
"RPL22",31.1333158727251,26.0129824675095,-5.12033340521563,"Old"
"SPR",31.6161784343584,27.8750272327203,-3.74115120163809,"Old"
"THBS4",55.0367479045775,43.9623539370511,-11.0743939675264,"Old"
"FBN1",37.112310382221,45.0423689424112,7.93005856019025,"Old"
"AGL",21.6910726500844,17.9762602488052,-3.71481240127924,"Old"
"MYH9",31.384716006678,28.1019898749532,-3.28272613172482,"Old"
"COPB2",22.5036749426789,20.4620786358963,-2.04159630678261,"Old"
"ACTN2",171.143169981682,104.127421781883,-67.0157481997996,"Old"
"ADD1",35.749536877411,27.0117156576066,-8.73782121980443,"Old"
"BSG",16.5131269787044,13.7516860468742,-2.76144093183025,"Old"
"FUS",12.8186447143173,17.204923792832,4.38627907851472,"Old"
"DEK",25.3462981176013,18.1496673578221,-7.19663075977927,"Old"
"MYH11",19.4351899023766,109.545648871708,90.1104589693314,"Old"
"GLRX",42.0074551703585,29.5554352967716,-12.4520198735869,"Old"
"PPM1A",13.8358902263345,14.5167642560184,0.680874029683887,"Old"
"KRT2",49.7419913000771,87.9891134175755,38.2471221174983,"Old"
"HMGCL",24.5822367093614,17.6616891667108,-6.92054754265064,"Old"
"PSMC2",9.51511935636114,8.74945569735123,-0.765663659009906,"Old"
"ARL3",23.9337473473518,22.8784235742927,-1.05532377305913,"Old"
"MAP2K2",22.497385803657,16.630848370358,-5.86653743329897,"Old"
"ATP5F1C",25.4952297372305,21.4105172835568,-4.08471245367364,"Old"
"ATP6V1E1",17.1571267704672,25.8740320585386,8.71690528807146,"Old"
"RPL4",34.6003694616033,47.2091012835051,12.6087318219018,"Old"
"LONP1",17.1740630819713,16.3176059537248,-0.85645712824655,"Old"
"PGM1",21.6823778537637,22.4900616015932,0.807683747829504,"Old"
"PPP1CC",20.2572245819552,32.1484991879589,11.8912746060037,"Old"
"SERPINF1",33.3044699585042,30.0415271099542,-3.26294284854996,"Old"
"DLST",16.420420434736,19.2277691280514,2.80734869331541,"Old"
"GMPR",25.742430023796,36.2061687415218,10.4637387177258,"Old"
"GPX4",18.590135286932,16.0822061064526,-2.50792918047942,"Old"
"SRP14",15.6808502208966,25.8210011699237,10.1401509490271,"Old"
"TAGLN2",21.342760409591,20.7489023813675,-0.593858028223522,"Old"
"TALDO1",15.8376588157591,14.6867488967941,-1.15090991896507,"Old"
"SNCA",71.9107201064636,115.738855205259,43.8281350987956,"Old"
"ETFB",28.765163778536,21.9094855202891,-6.85567825824691,"Old"
"ATP6V1A",14.9365462065027,18.1612341404978,3.22468793399504,"Old"
"HSPA9",20.110367095463,12.9083254458277,-7.20204164963531,"Old"
"RPS19",23.2038659332066,11.8202687137608,-11.3835972194458,"Old"
"RPL3",29.7328946323481,50.5987241655275,20.8658295331794,"Old"
"COL15A1",55.7505807500251,41.3488319563987,-14.4017487936263,"Old"
"COL18A1",42.5932307658364,64.0919199925151,21.4986892266787,"Old"
"DDOST",17.4622856343632,20.1995665196018,2.73728088523854,"Old"
"ANP32A",14.31655308717,19.1338632059327,4.8173101187627,"Old"
"CAPG",41.5998672836533,32.728806900048,-8.87106038360528,"Old"
"CAP2",24.4068866197938,13.8152741483956,-10.5916124713983,"Old"
"CCT6A",9.73308475384442,16.0926805942824,6.359595840438,"Old"
"RPL13A",33.707201450912,38.283219031794,4.5760175808819,"Old"
"ARL1",40.1903882776123,38.701035386314,-1.48935289129827,"Old"
"STAT3",34.2022540590845,18.6367715329597,-15.5654825261248,"Old"
"MDH1",14.0319831070164,14.0305150280448,-0.00146807897159107,"Old"
"MDH2",25.1300412954438,15.7651386843211,-9.36490261112267,"Old"
"HADHA",20.7091293121469,10.8271257162482,-9.88200359589861,"Old"
"EIF2S3",27.4446297848789,20.3579273276725,-7.08670245720637,"Old"
"NAA10",22.8132620647739,19.9086623728895,-2.90459969188442,"Old"
"PPP1R2",33.5132390178233,24.3087081560641,-9.20453086175918,"Old"
"GARS1",22.4228881608522,20.7827198284562,-1.64016833239597,"Old"
"IARS1",27.3772902822024,25.0156402278994,-2.36165005430305,"Old"
"EIF1",14.7877404353242,15.267796453168,0.480056017843838,"Old"
"ECI1",15.8125449889515,12.659382330794,-3.15316265815746,"Old"
"TMPO",20.6161372594917,43.433877257497,22.8177399980053,"Old"
"AKR1C3",36.629522994056,39.7707797707662,3.14125677671021,"Old"
"RPS27",22.8261693425696,16.4449284660824,-6.38124087648725,"Old"
"LRPPRC",28.4619518109243,18.9480459601479,-9.51390585077633,"Old"
"ACAA2",27.3105820032617,22.6399028087863,-4.67067919447543,"Old"
"RPL35",41.3118955991471,40.3185977793689,-0.99329781977815,"Old"
"SLC1A4",32.0868532031799,32.308078690867,0.22122548768705,"Old"
"PAFAH1B1",19.5276764623032,22.3906215373751,2.86294507507195,"Old"
"CRAT",26.3384594116923,15.4965221428843,-10.841937268808,"Old"
"GPD2",25.8545317875745,35.8366580373513,9.98212624977674,"Old"
"NAMPT",32.3008489003078,45.2152198966286,12.9143709963208,"Old"
"PSMC4",11.5929195528556,12.4244986604925,0.831579107636861,"Old"
"TSFM",30.0853682942131,21.7898304013306,-8.29553789288248,"Old"
"TNNT3",91.2622085776224,64.3155631850344,-26.946645392588,"Old"
"ASPA",30.2949045790618,29.7962559148021,-0.498648664259672,"Old"
"PPIC",31.6518219688443,39.5628092669951,7.91098729815084,"Old"
"VDAC2",19.2476806998006,13.4902864047691,-5.75739429503142,"Old"
"ACADSB",29.4989764562973,32.4237136078372,2.9247371515399,"Old"
"USP5",19.2203421973659,13.6463180050105,-5.57402419235538,"Old"
"MAP2K4",11.8142108520797,14.2568006298689,2.44258977778916,"Old"
"PHKA2",30.9763501446029,27.353694881865,-3.62265526273791,"Old"
"PHKA1",22.508419655439,16.7515840303075,-5.75683562513157,"Old"
"CRKL",12.034342765149,14.2063314722396,2.17198870709064,"Old"
"MTIF2",11.5437385516693,17.0028471342609,5.45910858259163,"Old"
"BAG6",19.3502428508333,25.4956042813587,6.14536143052547,"Old"
"NSF",37.7055800167397,45.9092149633901,8.20363494665034,"Old"
"MAP2K3",19.0696657813427,11.236070801171,-7.83359498017167,"Old"
"RPL27A",34.1042017518082,41.8761270379978,7.77192528618956,"Old"
"RPL5",33.8565202029004,42.986138539789,9.12961833688865,"Old"
"RPL28",30.389276875087,29.4343449982469,-0.954931876840146,"Old"
"RPS9",26.2994670078672,19.149153721668,-7.15031328619913,"Old"
"RPS5",25.4657809235653,16.831731687861,-8.63404923570437,"Old"
"RPS10",28.6278204993937,17.5383721744183,-11.0894483249754,"Old"
"GNPDA1",19.4702084948452,21.6374556665291,2.16724717168394,"Old"
"UTRN",22.9274688870586,26.9183987872768,3.9909299002182,"Old"
"IQGAP1",25.2625262787267,20.305294639342,-4.95723163938466,"Old"
"GYG1",19.8969388428446,13.0576269646052,-6.83931187823938,"Old"
"STT3A",20.349815077751,22.1283267153137,1.77851163756269,"Old"
"CAPZA2",29.5833034571686,26.7774395157275,-2.80586394144109,"Old"
"CAPZB",43.5624602931763,28.7915192323864,-14.7709410607899,"Old"
"EIF1AX",27.9007417585127,14.406816907202,-13.4939248513107,"Old"
"QARS1",14.0671083157372,11.4435742958405,-2.62353401989668,"Old"
"RPL29",35.5190797574033,43.2641869036688,7.74510714626547,"Old"
"UQCRFS1",22.8954391061206,13.0394643009498,-9.8559748051708,"Old"
"ATP5PO",23.5502546128072,20.5886606801722,-2.96159393263492,"Old"
"LIMS1",14.3019460242164,15.1874232792645,0.885477255048125,"Old"
"PREP",25.2998219276957,17.8530158230549,-7.44680610464084,"Old"
"ME1",23.2255619027291,19.2401690829927,-3.98539281973641,"Old"
"PIP4K2A",19.2662433314156,21.7628904474616,2.49664711604606,"Old"
"ARCN1",12.6198445269334,20.4893927853777,7.86954825844427,"Old"
"LSS",27.8756529705493,16.6869158353951,-11.1887371351543,"Old"
"GCLM",30.7358331179967,40.9074575321246,10.1716244141279,"Old"
"CD151",39.6857318487869,34.0759652987102,-5.60976655007675,"Old"
"PSMD8",18.9779618745322,15.9389639532453,-3.03899792128691,"Old"
"GSS",19.1007018234419,15.3193009726823,-3.78140085075964,"Old"
"CCT5",12.8104822002176,11.0585102016429,-1.75197199857471,"Old"
"NES",25.5998630984333,85.2312206156276,59.6313575171944,"Old"
"IDH2",20.427763588343,12.4929406932665,-7.93482289507655,"Old"
"TNNI2",92.6442966747199,61.9464160210985,-30.6978806536215,"Old"
"PXN",21.096394906394,17.5303353018064,-3.56605960458759,"Old"
"ALDH9A1",23.8394671432468,21.4672554786321,-2.37221166461471,"Old"
"RPL34",61.2114797838467,49.1609515978617,-12.050528185985,"Old"
"LMAN1",17.6589104884194,19.4005226897449,1.74161220132546,"Old"
"FNTA",23.4460001248757,16.2834586293407,-7.16254149553502,"Old"
"CCT3",8.76039704276979,9.90824221906208,1.14784517629229,"Old"
"MRPL19",31.5397687799174,33.2027194480029,1.66295066808548,"Old"
"TUFM",24.3819568772829,15.4142791783018,-8.96767769898113,"Old"
"ALDH7A1",46.1771878424765,29.9491749195831,-16.2280129228934,"Old"
"CDC34",31.0249726020816,77.9546845088295,46.9297119067478,"Old"
"PCYT1A",19.3891435942898,16.2891664017703,-3.09997719251942,"Old"
"AARS1",12.2496371206397,12.6827563493558,0.433119228716029,"Old"
"CARS1",17.2615452051424,22.9905487234641,5.72900351832169,"Old"
"SARS1",39.8041063843476,22.2202573336356,-17.583849050712,"Old"
"PSMB3",16.8437807301342,13.0121132646424,-3.8316674654918,"Old"
"PSMB2",13.4734481151618,13.6660081384529,0.192560023291119,"Old"
"ACADVL",22.3287717671154,20.3024139751147,-2.02635779200069,"Old"
"ACOT2",26.6800170679903,20.4649849408545,-6.21503212713575,"Old"
"TMED10",15.1800813187097,27.4033848898086,12.223303571099,"Old"
"HINT1",21.3994925993606,37.157800401277,15.7583078019164,"Old"
"NDUFV1",28.2874117182712,22.9650208052859,-5.32239091298527,"Old"
"GSK3A",17.1364347274198,27.5012205518071,10.3647858243873,"Old"
"GSK3B",17.9983568507282,12.9090473317016,-5.08930951902665,"Old"
"IDH3A",24.1983504967853,16.3283565314121,-7.86999396537318,"Old"
"SULT1A1",19.3287408946963,34.0437170992245,14.7149762045282,"Old"
"GDI2",14.4422302826938,11.7644664323114,-2.67776385038241,"Old"
"EMD",18.9699583032323,22.5684720273777,3.59851372414536,"Old"
"CPT1A",38.5284906184903,54.0265382549027,15.4980476364124,"Old"
"SERPINH1",2.21933623748428,69.7248144059766,67.5054781684923,"Old"
"CSRP3",47.7033394422792,47.7115532540888,0.00821381180958269,"Old"
"ST13",15.1737812844998,12.7450110913523,-2.42877019314758,"Old"
"DNM2",11.4453289717346,12.1479130268267,0.702584055092089,"Old"
"METAP2",12.5028426899993,10.5172209027624,-1.98562178723692,"Old"
"NUDT2",60.5647432395243,42.6330713501906,-17.9316718893337,"Old"
"LRBA",140.663909252189,98.6455474274941,-42.0183618246946,"Old"
"BCAM",29.8485563002116,31.8648548948105,2.01629859459885,"Old"
"RPL14",33.1274610245915,40.1391957782663,7.01173475367484,"Old"
"CCT8",7.89587598942207,9.26522849191884,1.36935250249677,"Old"
"CCT4",11.4709909201628,12.4715122254152,1.00052130525233,"Old"
"ATP1A2",10.9364944522179,16.8511256519433,5.9146311997254,"Old"
"ANXA11",9.48993406370582,13.0967877202278,3.60685365652193,"Old"
"FXR1",31.6529485660806,29.3770497089199,-2.2758988571607,"Old"
"RAB5C",17.9638798526337,16.1773659150153,-1.78651393761844,"Old"
"RAB7A",13.4022826219082,10.8208724514679,-2.58141017044029,"Old"
"DUSP3",17.1582498851542,12.7558700078229,-4.40237987733131,"Old"
"IDH3G",31.9291673322116,22.9035127328,-9.02565459941163,"Old"
"GALK1",27.1630746061611,35.5601926419934,8.39711803583232,"Old"
"SSR4",34.4346288296467,36.7729643909313,2.3383355612846,"Old"
"BCAP31",12.5648266838301,9.13209699721082,-3.43272968661925,"Old"
"MECP2",30.6854102930611,30.8568676717514,0.171457378690299,"Old"
"CAV2",33.6086779299258,43.8632343435545,10.2545564136287,"Old"
"ALDH3A2",12.8577236354641,17.5010329994405,4.64330936397635,"Old"
"ALDH5A1",28.6539039388961,23.6674731947837,-4.98643074411246,"Old"
"HSD17B4",29.1016798833756,26.2899169959554,-2.81176288742014,"Old"
"PSMD7",13.6322194681589,14.4762737621586,0.844054293999712,"Old"
"UBE2D1",19.8884005295103,20.3207036041823,0.43230307467196,"Old"
"SUOX",23.8895713908494,29.4307440463737,5.54117265552429,"Old"
"STAT5B",19.1687057603606,13.9686896594336,-5.20001610092704,"Old"
"RPS6KA3",20.13489506233,20.8378696626554,0.702974600325394,"Old"
"HDGF",15.8232415061408,14.0157423478596,-1.80749915828113,"Old"
"LUM",32.5112766192613,41.5852922404701,9.07401562120885,"Old"
"PRELP",60.4199422707895,61.3285244490224,0.908582178232855,"Old"
"NDUFA8",29.6726971623804,25.0162694296117,-4.65642773276872,"Old"
"HNRNPA3",31.8867854472943,35.1832376824141,3.29645223511983,"Old"
"MYOM1",40.3731753256851,25.4904440918069,-14.8827312338782,"Old"
"PGD",15.2671242008881,18.2562702698131,2.98914606892504,"Old"
"HNRNPM",20.2051442228556,28.5123346571442,8.30719043428864,"Old"
"KPNA1",14.4197164087653,20.3508281574605,5.9311117486952,"Old"
"MAP2K6",18.7917621138982,14.8115351759666,-3.98022693793155,"Old"
"ARHGDIA",16.8663564499035,19.2509997261822,2.38464327627869,"Old"
"ARHGDIB",26.807532691778,34.3565425651028,7.54900987332478,"Old"
"RIDA",13.7579000059456,12.8870268105657,-0.870873195379938,"Old"
"MRPL12",40.9908049054956,40.0186676508783,-0.972137254617287,"Old"
"THOP1",11.2461274764974,13.5351129225447,2.2889854460473,"Old"
"AKR1C2",30.1943929449634,38.6230073944077,8.42861444944428,"Old"
"CAPZA1",43.9947335866787,29.7843903459543,-14.2103432407245,"Old"
"CRIP2",36.1791438706561,42.2329305790117,6.05378670835562,"Old"
"BLVRA",17.9403763437201,16.8158137163761,-1.12456262734399,"Old"
"PPP5C",11.1580640487386,12.6262071055676,1.46814305682893,"Old"
"NUBP1",22.5241305339875,23.9548263489441,1.43069581495665,"Old"
"SUCLG1",21.1796117025054,17.666137698709,-3.51347400379638,"Old"
"COPA",14.6297900493266,17.752381609088,3.12259155976139,"Old"
"HCCS",17.8567151526771,18.2142178941347,0.357502741457616,"Old"
"MAPK12",24.0329885943603,20.9167451736484,-3.11624342071183,"Old"
"TTC3",31.7881495102823,25.3878709299623,-6.40027858032002,"Old"
"SMTN",23.5608156603505,21.4338372050602,-2.1269784552903,"Old"
"SLC16A1",34.1408319622123,28.6333378815321,-5.50749408068023,"Old"
"IST1",10.2724129741939,16.7022852421887,6.4298722679948,"Old"
"SEC24C",12.5148591708574,16.6388142788866,4.12395510802918,"Old"
"SUB1",14.2600916163453,17.0568336866618,2.79674207031649,"Old"
"RARS1",17.4217466290966,15.5085596010326,-1.91318702806401,"Old"
"CACNB3",22.6556816644295,13.6101241480281,-9.04555751640131,"Old"
"CACNA2D1",20.2308674558492,17.3732152570587,-2.85765219879054,"Old"
"MYOM2",38.5180787325576,19.9815148496645,-18.5365638828931,"Old"
"YARS1",32.2501686924214,24.1877554842085,-8.06241320821288,"Old"
"USP14",11.7533609048412,7.57206087426257,-4.18130003057859,"Old"
"PRKAG1",14.7965522206312,14.8231383788498,0.0265861582185689,"Old"
"PRKAA2",13.3693657495307,11.1530641946976,-2.21630155483303,"Old"
"HSPA2",28.3410660532243,38.7653982963554,10.4243322431311,"Old"
"RAD23A",21.4965341730812,17.6619717072103,-3.83456246587095,"Old"
"RAD23B",18.2651992338197,14.3424189647185,-3.92278026910121,"Old"
"AK2",23.6890838817084,11.5867636811886,-12.1023202005198,"Old"
"NAPA",6.58921659366316,10.4595708795178,3.8703542858546,"Old"
"EIF5",18.03427927908,14.6106044253,-3.42367485378,"Old"
"PSMD4",12.614952775239,11.7811665650187,-0.833786210220342,"Old"
"DRG2",34.3643469017788,38.5459092737777,4.18156237199887,"Old"
"RRAD",36.2089907450148,38.7669946197914,2.5580038747766,"Old"
"CSE1L",19.1139325261607,10.0972857411112,-9.01664678504949,"Old"
"VCP",11.700131099407,10.0770863587679,-1.62304474063906,"Old"
"HADHB",21.6364300766211,12.8352823344645,-8.80114774215662,"Old"
"NAP1L1",17.0161161725273,22.188603379974,5.17248720744667,"Old"
"ADK",32.4480565347723,21.164919741094,-11.2831367936783,"Old"
"LAMB2",91.6133554075934,54.6022398731285,-37.0111155344649,"Old"
"CDH13",18.7480939490217,28.5317639988371,9.78367004981541,"Old"
"TPD52",53.45299431629,26.4665195978031,-26.9864747184869,"Old"
"SEC13",22.9178111826265,18.9825450996906,-3.93526608293592,"Old"
"SNU13",22.8452783793295,28.3061836518375,5.46090527250802,"Old"
"NPEPPS",22.5673560339531,20.1214240768079,-2.44593195714518,"Old"
"HNRNPH2",33.668317295094,18.8803917410141,-14.7879255540799,"Old"
"OXCT1",40.596876816389,40.9513078838214,0.354431067432344,"Old"
"SH3BGR",28.3474339663365,15.4499990763984,-12.8974348899381,"Old"
"EIF3B",23.6979074894141,13.0023986667043,-10.6955088227098,"Old"
"ATP5MF",26.9428142995891,19.1614470296985,-7.78136726989069,"Old"
"NDUFV3",45.0305010222595,43.4931813271857,-1.53731969507387,"Old"
"MARS1",30.9484605697882,19.3576614729404,-11.5907990968478,"Old"
"ARPP19",34.2684453912869,23.4529222268591,-10.8155231644278,"Old"
"ATP5F1E",21.2396694258538,34.6295285567025,13.3898591308487,"Old"
"ATP5ME",25.625876149606,22.9100971896594,-2.71577895994665,"Old"
"EIF6",16.3909138083985,14.4666952442404,-1.92421856415803,"Old"
"NDUFA6",38.448903359737,23.2901651784389,-15.1587381812981,"Old"
"SYNJ2BP",19.446868337672,10.5512870807423,-8.89558125692972,"Old"
"EEFSEC",24.9108636940731,24.2805232230056,-0.630340471067477,"Old"
"MTPN",26.5422039863905,17.5662209488425,-8.975983037548,"Old"
"DEFA3",34.3008125784822,59.9480070323507,25.6471944538685,"Old"
"ARPC4",23.8904220832125,24.23426320016,0.343841116947502,"Old"
"CD81",25.6285799669137,29.9457365122596,4.31715654534588,"Old"
"TPI1",14.7836106751063,20.6408745246028,5.85726384949651,"Old"
"EIF3E",24.1246430664396,15.4839628825292,-8.64068018391037,"Old"
"SEC61B",12.7124058682874,37.0620980771355,24.3496922088482,"Old"
"GABARAPL2",31.3617446880442,23.4584812266606,-7.90326346138356,"Old"
"ROMO1",37.701272310058,29.3517696820913,-8.34950262796663,"Old"
"MYL6",57.5729443399116,78.918681855702,21.3457375157904,"Old"
"ACTB",70.0004300240249,45.2853873343911,-24.7150426896337,"Old"
"EIF4A1",10.9790943549042,12.3288509250927,1.34975657018858,"Old"
"RPS20",22.4929561423684,13.9684198983569,-8.52453624401149,"Old"
"PRPS1",31.4464949509457,29.8592290106636,-1.58726594028205,"Old"
"PSMA6",16.1171878392284,9.92688608499494,-6.19030175423348,"Old"
"S100A10",19.7179237191401,18.2447069477415,-1.4732167713986,"Old"
"CDC42",8.92466861641005,7.4667823695956,-1.45788624681446,"Old"
"DSTN",17.0644122419095,22.5815740184501,5.51716177654059,"Old"
"RAB2A",16.4753646434452,17.0190741131366,0.543709469691319,"Old"
"RAB5B",18.2907734465955,20.0078529348224,1.71707948822688,"Old"
"RAB10",17.8128314711401,9.37016061167929,-8.44267085946083,"Old"
"UBE2D3",20.2316535211193,21.6832912878183,1.45163776669908,"Old"
"UBE2M",16.5735759208478,15.4722613401543,-1.1013145806935,"Old"
"UBE2K",14.1080561162863,15.5138735616048,1.40581744531847,"Old"
"UBE2N",21.9696786680659,18.0685370713777,-3.90114159668824,"Old"
"RAB14",17.0568659058835,18.8360330837556,1.77916717787214,"Old"
"ACTR3",13.0658354806356,11.811629359956,-1.25420612067961,"Old"
"ACTR2",12.9966951542574,13.8588487949891,0.862153640731695,"Old"
"ACTR1A",14.929454840078,10.9831415272295,-3.9463133128485,"Old"
"COPS2",18.4014769368807,11.8746139652479,-6.5268629716328,"Old"
"ABCE1",20.2506047001019,15.368547425558,-4.88205727454388,"Old"
"RAP1B",10.8947709500271,18.2288945546524,7.33412360462523,"Old"
"RPS3A",25.6816698774878,21.0610266573037,-4.62064322018411,"Old"
"RPL26",31.8896043607375,39.4793233702264,7.58971900948892,"Old"
"RPL15",26.8067339986006,34.7661710593747,7.95943706077409,"Old"
"RPL27",10.781612339198,26.8811649196568,16.0995525804588,"Old"
"PCBD1",12.8978981992297,14.1524134571566,1.25451525792696,"Old"
"RPL37A",38.3652311938448,31.0700061738087,-7.2952250200361,"Old"
"RHOA",12.4952203920439,14.2418799699174,1.74665957787351,"Old"
"HSPE1",21.9929940425239,13.7450177365342,-8.24797630598975,"Old"
"SEC61A1",33.3622612638661,21.7246866196598,-11.6375746442062,"Old"
"VBP1",17.9441481143877,10.0326272336473,-7.91152088074041,"Old"
"B2M",16.2612192356278,17.3120142459786,1.05079501035075,"Old"
"DAD1",30.8942163730936,34.2399940969788,3.34577772388515,"Old"
"NPC2",36.4969898533841,36.4482242900399,-0.0487655633441904,"Old"
"PKIA",26.8602693181327,23.3790177976599,-3.48125152047284,"Old"
"SUMO2",30.2021220577175,25.9168337488528,-4.28528830886474,"Old"
"UFM1",14.3448527896731,18.6337884245483,4.28893563487517,"Old"
"NUTF2",18.2754712648354,23.1971144845397,4.92164321970429,"Old"
"HNRNPK",12.0106901916498,15.7142036837848,3.70351349213501,"Old"
"YWHAG",13.6799063000653,10.5138324682438,-3.1660738318215,"Old"
"RRAS2",20.9343391869575,23.4666384092578,2.5322992223003,"Old"
"TIMM10",26.6742476786174,29.2715252112186,2.59727753260112,"Old"
"RPS7",27.4872835658618,24.6194508056684,-2.86783276019345,"Old"
"PPP1CA",11.6084933618523,10.0320054884255,-1.57648787342684,"Old"
"PPP1CB",13.2713290579906,7.79624049801819,-5.47508855997244,"Old"
"PSMC1",12.0889493130858,10.1274592692658,-1.96149004382,"Old"
"PSMC5",15.2844295833155,9.0352217882026,-6.24920779511294,"Old"
"RPS8",18.7157254504918,22.4719400853074,3.75621463481559,"Old"
"RPS15A",17.3690275309335,14.4454848320193,-2.92354269891416,"Old"
"RPS16",24.8734817537899,12.8804650155284,-11.9930167382614,"Old"
"UBE2G1",25.0963374307171,25.8377531464703,0.741415715753163,"Old"
"YWHAE",14.5420394676114,9.57114188325033,-4.97089758436111,"Old"
"RPS14",18.3359575914206,12.2977341845062,-6.03822340691445,"Old"
"RPS23",68.6314306279307,16.7678226191368,-51.8636080087938,"Old"
"RPS18",26.4316789541158,14.4181297692576,-12.0135491848582,"Old"
"RPS13",24.8844135534031,13.7448760934756,-11.1395374599275,"Old"
"RPS11",19.5924071996336,18.0809061916762,-1.5115010079574,"Old"
"SNRPD2",26.4057286871794,17.2166867121462,-9.18904197503317,"Old"
"SNRPD3",16.5495912101371,20.0382363717586,3.48864516162156,"Old"
"TMSB4X",45.8978000131122,56.5570110620622,10.65921104895,"Old"
"PSMC6",10.7269528248201,10.1713336082581,-0.555619216561954,"Old"
"RPL7A",19.5423422196018,37.7428879730744,18.2005457534726,"Old"
"ETF1",35.9399815111303,24.0535913452927,-11.8863901658376,"Old"
"CNBP",27.3662698129704,23.9523232169571,-3.41394659601327,"Old"
"RPS4X",23.920400154445,10.5335009708512,-13.3868991835938,"Old"
"RPL23A",33.3115440374112,31.4798678918409,-1.83167614557038,"Old"
"RPS6",25.2664349659234,13.586539644597,-11.6798953213264,"Old"
"H2BC4",77.1510587464183,68.8520586371624,-8.2990001092559,"Old"
"RAB1A",10.4944532393907,12.7976285833129,2.3031753439222,"Old"
"RAN",18.8996658686856,11.474145970307,-7.42551989837861,"Old"
"RPL23",25.99744025647,20.2594317766625,-5.73800847980744,"Old"
"RAP1A",34.7326300222872,26.4712737855006,-8.26135623678657,"Old"
"RPS15",29.2468041648445,17.4695989493994,-11.7772052154451,"Old"
"RPS24",22.4254332959558,21.7783217343351,-0.647111561620708,"Old"
"RPS25",23.8113856974925,14.7680290480755,-9.04335664941698,"Old"
"RPS26",31.221392836427,16.283481057703,-14.9379117787239,"Old"
"RPS28",25.0866979352573,22.2563870794675,-2.83031085578974,"Old"
"GNB1",10.843180480896,13.5337562823242,2.69057580142817,"Old"
"GNB2",17.0635909474488,10.2506995246675,-6.81289142278132,"Old"
"RPL30",28.4539961153444,32.7071401177366,4.25314400239222,"Old"
"RPL31",25.8710745080817,27.924073804406,2.05299929632424,"Old"
"RPL10A",30.2139181730736,48.0724874148849,17.8585692418113,"Old"
"RPL32",68.7418765378463,42.2147303880006,-26.5271461498456,"Old"
"RPL11",36.802753536737,38.9435773504481,2.1408238137111,"Old"
"RPL8",35.7244482092176,40.3713939252914,4.6469457160738,"Old"
"PPIA",22.2377793908088,29.2046980623231,6.96691867151429,"Old"
"FKBP1A",12.45101565138,11.6239887119885,-0.827026939391466,"Old"
"RPS27A",50.5205577974471,47.0710539774037,-3.44950382004345,"Old"
"GRB2",20.1027631037669,21.2432909304289,1.14052782666198,"Old"
"RAC1",12.4388762046349,9.38090958980632,-3.05796661482863,"Old"
"AP2B1",19.5802163071863,20.3611078361484,0.780891528962144,"Old"
"VAMP2",58.3152558564452,21.5885422152409,-36.7267136412043,"Old"
"PPP3R1",30.5794505428653,26.0534447380824,-4.52600580478288,"Old"
"YWHAZ",13.2119985981721,14.6451774302953,1.43317883212313,"Old"
"UBE2B",28.7158011786973,19.8522895078824,-8.86351167081496,"Old"
"PPP2R2A",12.8605206676134,15.1280080244942,2.26748735688082,"Old"
"DYNLL1",36.6880634729332,16.6053078958262,-20.082755577107,"Old"
"DYNLT1",18.5669651408975,22.4489378116453,3.88197267074779,"Old"
"RPL38",17.0239238186496,12.2216831566274,-4.80224066202224,"Old"
"SKP1",15.6579358313696,13.5886523591799,-2.06928347218969,"Old"
"RPS21",26.0405858139374,17.5803063330728,-8.46027948086466,"Old"
"EIF5A",12.8405346752294,18.3518386582547,5.51130398302534,"Old"
"RACK1",25.2614371008646,14.9655884552817,-10.2958486455829,"Old"
"UBE2I",34.057566030317,27.6357223797458,-6.42184365057125,"Old"
"SELENOW",73.0671656722118,40.4176031080282,-32.6495625641836,"Old"
"TNNC1",86.1424822576179,51.2754466973403,-34.8670355602776,"Old"
"PPP2CA",11.4367758505478,9.56241744312122,-1.87435840742661,"Old"
"YBX1",20.3341614543954,18.7332443725716,-1.60091708182382,"Old"
"CSNK2B",15.8655852546069,17.9234674167633,2.05788216215636,"Old"
"TPM4",40.0844806300299,26.9527188978819,-13.131761732148,"Old"
"UBE2L3",17.8743994271428,13.9034670974243,-3.97093232971841,"Old"
"EEF1A1",36.7294418984161,23.067652293116,-13.6617896053001,"Old"
"ACTA1",69.7032348328182,48.4247898742351,-21.2784449585831,"Old"
"TUBA1B",14.7373094594836,19.6196280951629,4.88231863567938,"Old"
"TUBA4A",20.6261920835589,18.4292762160608,-2.19691586749817,"Old"
"TUBB4B",23.0558837415739,16.2074326893611,-6.84845105221275,"Old"
"CSNK2A1",27.1475493458388,26.1572182810295,-0.990331064809347,"Old"
"PAFAH1B2",34.7383762558819,26.5124879500884,-8.22588830579344,"Old"
"EIF4G2",18.3018813811012,20.0739385281061,1.77205714700493,"Old"
"PIP4K2B",17.9321029694729,12.0628792080899,-5.86922376138306,"Old"
"CCT2",8.32011968857217,15.3090795135648,6.98895982499259,"Old"
"GSTO1",16.7175414745833,24.473119870581,7.75557839599771,"Old"
"PRKDC",13.0585201009429,16.4297245091731,3.37120440823014,"Old"
"DCD",51.5658005226051,37.3617542965741,-14.204046226031,"Old"
"MRPS25",25.5313124279168,24.8432653444698,-0.688047083446971,"Old"
"MRPS5",33.7460471783091,31.1560143678905,-2.59003281041859,"Old"
"MRPS36",56.9709146135114,38.9258783214525,-18.0450362920589,"Old"
"MRPS15",46.13136289795,39.7943233377109,-6.33703956023909,"Old"
"MRPS21",51.121026033665,33.1396548045018,-17.9813712291632,"Old"
"SARNP",34.911596326179,18.5234936998646,-16.3881026263144,"Old"
"LACTB",17.5576938977904,16.8369233856595,-0.720770512130873,"Old"
"RPL24",26.4916446104949,21.8856958165983,-4.60594879389666,"Old"
"ARF1",16.4078326799937,15.3753212418912,-1.03251143810245,"Old"
"ARF5",14.0487494697841,16.170064766465,2.12131529668082,"Old"
"ERH",32.9873651013126,23.45933180924,-9.52803329207264,"Old"
"RHOG",29.6124565126898,30.5307548677548,0.918298355065009,"Old"
"RPL19",35.5122532102131,31.6594553862981,-3.85279782391495,"Old"
"SRSF3",29.3559578234254,17.3810975071777,-11.9748603162477,"Old"
"MXRA7",53.8530518863593,38.1991791115287,-15.6538727748306,"Old"
"H3-3A",72.1301275518257,70.4854337955837,-1.64469375624199,"Old"
"FBLN2",36.584297238935,32.4431988197435,-4.14109841919148,"Old"
"HSPG2",41.537592060266,33.6769755259506,-7.86061653431537,"Old"
"RBM3",33.4570386215123,41.1397584413521,7.68271981983973,"Old"
"CYCS",36.9005313810175,32.5933582384391,-4.30717314257836,"Old"
"MPP1",34.7844250055098,31.5856451633303,-3.19877984217956,"Old"
"TFAM",28.2974928649331,27.5150409869813,-0.782451877951829,"Old"
"PITPNA",20.0992156960593,20.2496988944601,0.15048319840086,"Old"
"SLC25A3",27.6480662398784,20.4032188007142,-7.24484743916411,"Old"
"HDLBP",16.2906823715731,23.0297153863684,6.73903301479529,"Old"
"PURA",32.5873327769783,20.3040549817682,-12.2832777952101,"Old"
"CLTC",20.8077945733958,15.6862882413138,-5.12150633208199,"Old"
"FKBP3",14.2656019420703,18.9284320741412,4.66283013207082,"Old"
"REEP5",26.2366990949708,18.5663611479335,-7.67033794703734,"Old"
"SORD",33.8535255332396,32.7732868194862,-1.08023871375339,"Old"
"HNRNPU",33.692275006929,18.5002073530291,-15.1920676538999,"Old"
"MYBPC1",82.2049333237763,50.010682650986,-32.1942506727903,"Old"
"PLIN5",51.5801042582414,45.4948648278328,-6.08523943040855,"Old"
"SPTBN1",21.0321253968934,21.0755729155499,0.0434475186565351,"Old"
"TIAL1",22.1038522550728,18.1305518451399,-3.97330040993292,"Old"
"SET",27.9305154378881,17.5634956636207,-10.3670197742674,"Old"
"AMPD3",51.4613055052629,47.7295937636978,-3.73171174156509,"Old"
"FABP5",25.2645911224577,20.7341988261752,-4.53039229628257,"Old"
"ANK2",24.1403650048685,17.2932928219495,-6.847072182919,"Old"
"CAP1",28.574439907378,23.1488069672477,-5.42563294013028,"Old"
"EWSR1",14.7302309814912,16.2022978368832,1.47206685539201,"Old"
"TAGLN",42.409915911106,105.773842565624,63.3639266545176,"Old"
"OGDH",18.1462479393225,17.2435027650083,-0.902745174314134,"Old"
"COX6A2",43.18213956893,37.1933804604489,-5.98875910848113,"Old"
"ALDH6A1",27.3549556489979,37.7355925637786,10.3806369147807,"Old"
"BDH1",41.8686057265166,46.8310760923573,4.96247036584072,"Old"
"COL7A1",30.6182013856985,33.0977931708617,2.47959178516319,"Old"
"RPL18A",27.4791069193678,34.5305380274714,7.05143110810355,"Old"
"CACNB1",24.8082350449581,17.3824190284179,-7.42581601654028,"Old"
"MAP2K1",21.1312864165999,11.6815873449908,-9.44969907160906,"Old"
"FKBP4",18.2624809722172,23.3858517044605,5.12337073224327,"Old"
"RPL6",35.3353445614263,41.2864070372164,5.9510624757901,"Old"
"AKAP12",22.612021906568,21.9167057458106,-0.695316160757351,"Old"
"SLC25A11",35.3029023798402,40.1757095165436,4.87280713670334,"Old"
"CAV1",17.3180271452906,26.9495474921988,9.63152034690818,"Old"
"ACY1",30.4056471623061,23.2451682094083,-7.16047895289778,"Old"
"LMNB2",40.2633029285516,38.2073348628995,-2.05596806565211,"Old"
"UBXN1",26.8247571190987,17.9447264827919,-8.88003063630677,"Old"
"GBE1",23.9752060426169,23.4969060301978,-0.478300012419055,"Old"
"EIF4G1",13.1048257478275,11.3851374288087,-1.7196883190188,"Old"
"PRKCQ",18.9961796070252,23.8614044285873,4.86522482156213,"Old"
"GLO1",24.3274510094784,22.0715591478432,-2.25589186163518,"Old"
"AKR1C1",37.4828813767127,36.7993372646138,-0.683544112098865,"Old"
"SSBP1",21.3597811297972,17.480191716387,-3.87958941341024,"Old"
"YWHAH",9.80396678182051,12.5799889177563,2.77602213593578,"Old"
"PLP2",63.1950623001629,39.9408253788756,-23.2542369212873,"Old"
"UBE3A",52.5850696794489,15.7659646652243,-36.8191050142246,"Old"
"SRSF11",18.3298180472492,21.487443432285,3.1576253850358,"Old"
"EEF1A2",28.694408400265,32.0279499967848,3.33354159651984,"Old"
"CALD1",26.1999609881245,69.703637891592,43.5036769034676,"Old"
"COL14A1",34.0242872369516,106.679521548064,72.6552343111121,"Old"
"PTPN11",22.9159037392671,24.8504425539896,1.93453881472244,"Old"
"PSME1",12.1167351525725,19.037564608838,6.9208294562655,"Old"
"CACNG1",46.1581167110273,37.3969182904357,-8.7611984205916,"Old"
"ZNF33A",54.3510014328376,57.6592891092394,3.30828767640183,"Old"
"PRDX1",27.0278633951815,28.6071645279619,1.57930113278042,"Old"
"RPL18",34.9594862052788,39.7432477014442,4.78376149616545,"Old"
"C1QBP",23.3565018992659,14.1101995715413,-9.24630232772463,"Old"
"CKAP4",32.0587153485227,46.2019705542805,14.1432552057578,"Old"
"DPT",59.4844500063016,29.2106622167744,-30.2737877895272,"Old"
"KLC1",20.8306119854488,24.8260132700905,3.99540128464171,"Old"
"SRSF1",28.4498405401816,31.5036395427983,3.05379900261672,"Old"
"ARHGAP1",40.8905202361158,29.3317575424429,-11.558762693673,"Old"
"ACTN3",141.740933145862,153.081127115957,11.3401939700955,"Old"
"PPP3CA",26.6181721611439,19.6523221590379,-6.96585000210593,"Old"
"DHX9",19.1616944505362,22.6150987766133,3.45340432607708,"Old"
"CRYZ",22.5080539764467,26.0536544717044,3.5456004952577,"Old"
"SLC20A2",92.6212718253985,90.4754490041253,-2.14582282127317,"Old"
"PUDP",22.423942085399,26.8771712623014,4.45322917690245,"Old"
"CD47",15.287071552666,29.3953749893531,14.1083034366871,"Old"
"PPID",49.0957789085785,34.7402498086323,-14.3555290999462,"Old"
"AHNAK",15.3916850954322,19.106383781748,3.71469868631585,"Old"
"LMOD3",43.51320453635,31.9906834249299,-11.5225211114201,"Old"
"HSPA14",20.4382595507241,25.1124796252825,4.67422007455842,"Old"
"SCRN3",20.2189962325777,33.932163027138,13.7131667945603,"Old"
"NEXN",48.5498404519972,39.5357223326528,-9.01411811934437,"Old"
"AP1B1",21.6886944615506,25.5139128442618,3.82521838271113,"Old"
"BST2",16.8083067888542,23.3756955817317,6.5673887928775,"Old"
"PMPCA",43.874380859658,18.455789818548,-25.41859104111,"Old"
"ASPH",35.7668849824477,20.676453635378,-15.0904313470696,"Old"
"EFEMP1",30.0611391572851,29.0353317617236,-1.02580739556145,"Old"
"STX4",22.1845355363004,23.6324064771646,1.44787094086419,"Old"
"GRSF1",27.033777130071,22.9621956645172,-4.07158146555381,"Old"
"AIMP1",11.0292224819782,9.33741930568796,-1.69180317629026,"Old"
"ILF3",31.5254262467956,33.9325590800184,2.40713283322276,"Old"
"TRAP1",29.6780765128393,26.5010685529729,-3.1770079598664,"Old"
"ANK3",28.7358629595402,21.3721351147279,-7.36372784481234,"Old"
"HSPB3",26.3696296814294,42.4160567781166,16.0464270966872,"Old"
"ECH1",29.5413694937215,23.0867994333723,-6.45457006034928,"Old"
"STRN3",16.1558757553591,15.0117637292988,-1.14411202606024,"Old"
"COASY",26.5151181137511,25.8328329538171,-0.68228515993405,"Old"
"TRDN",49.6533656830292,31.6153020022498,-18.0380636807795,"Old"
"ACACA",16.382197712161,22.4659847108372,6.0837869986762,"Old"
"GPS1",16.2136906693985,8.07808360193728,-8.13560706746123,"Old"
"MTAP",23.2021539487707,23.4647664536039,0.262612504833204,"Old"
"PRKAA1",14.8084360018012,9.0433217263026,-5.76511427549861,"Old"
"TARDBP",13.6804308064073,14.5789043273776,0.898473520970324,"Old"
"PAK1",18.3808588832934,35.1555131298502,16.7746542465567,"Old"
"AIMP2",13.6525356029934,12.008364654009,-1.64417094898442,"Old"
"PRDX4",22.6577120403267,22.3386500150023,-0.319062025324452,"Old"
"PAK2",22.7714907541924,17.3811233588046,-5.39036739538785,"Old"
"CBX3",24.6550237628834,27.4454478858661,2.79042412298273,"Old"
"PSMD2",11.5760424121093,10.8822842873323,-0.693758124776961,"Old"
"MYBPH",86.5005106219206,109.961924414446,23.4614137925249,"Old"
"SELENBP1",30.8094849854241,26.9244047186292,-3.88508026679484,"Old"
"TRIM28",15.4633564570979,19.5813523149599,4.11799585786198,"Old"
"G3BP1",40.0889163178206,37.0306277600493,-3.05828855777133,"Old"
"PABPC4",32.4143728471048,25.0619860208157,-7.35238682628909,"Old"
"SGCG",19.6012129682784,18.1188932137421,-1.48231975453628,"Old"
"EIF3I",19.9996454836786,10.9140848049548,-9.08556067872384,"Old"
"CTBP1",21.1447533312404,14.1027793226917,-7.04197400854867,"Old"
"UBE2V1",25.5545740036232,18.3695104390533,-7.18506356456988,"Old"
"DYNC1I2",17.4776359904225,12.556174153455,-4.92146183696743,"Old"
"ILK",6.91398617551464,12.1445540690422,5.23056789352756,"Old"
"NNT",31.5557816110489,22.8468281764085,-8.70895343464035,"Old"
"SNTA1",26.3680484722957,23.0344524400396,-3.3335960322561,"Old"
"SNTB2",22.1048588214278,16.6733572215824,-5.43150159984535,"Old"
"SF3B2",27.0194019985892,20.5216868745601,-6.49771512402918,"Old"
"PDAP1",14.9806901470248,18.955464328465,3.9747741814402,"Old"
"TMED1",28.8756138399597,22.1628214690857,-6.71279237087407,"Old"
"FKBP5",19.6616623159759,29.2718669636976,9.6102046477217,"Old"
"PICALM",20.4363857742606,19.4126960171618,-1.02368975709885,"Old"
"MTM1",29.5592042591182,21.7357126537965,-7.82349160532167,"Old"
"SQSTM1",19.5545137887767,29.0830706889584,9.5285569001817,"Old"
"MTX1",18.3757869627241,14.4748802966346,-3.90090666608952,"Old"
"ART3",34.384923957344,45.4138546554474,11.0289306981035,"Old"
"ASAH1",32.0007070365284,28.9219551505074,-3.07875188602101,"Old"
"PIN1",19.1738736292098,25.7105459602216,6.5366723310118,"Old"
"CAMK2B",31.5212214994758,15.0944348511303,-16.4267866483455,"Old"
"CAMK2G",21.7861664733612,20.3702340146884,-1.41593245867281,"Old"
"CAMK2D",34.2235849127802,33.068747710448,-1.15483720233212,"Old"
"DCTN2",14.329560393029,8.00770710759794,-6.32185328543106,"Old"
"NAE1",47.5458567064857,14.6348038537184,-32.9110528527673,"Old"
"STIM1",26.3078171965289,22.5568895919159,-3.75092760461304,"Old"
"CUL1",22.9098832929861,17.8249012508353,-5.08498204215076,"Old"
"CUL2",20.7899354081375,21.4783833949843,0.688447986846839,"Old"
"CUL3",21.8974152584279,16.8827659686749,-5.014649289753,"Old"
"CUL4A",15.9706621884337,9.93229906207548,-6.03836312635818,"Old"
"FHL1",23.7702431488923,15.7040160540325,-8.0662270948598,"Old"
"FHL3",33.4652520612968,27.7898044539062,-5.67544760739058,"Old"
"ITGA7",22.4419405865541,12.5209059994443,-9.92103458710978,"Old"
"AAMP",28.4689340201692,33.0833395102638,4.61440549009462,"Old"
"CACNA1S",27.1433724784702,18.1893875651437,-8.95398491332644,"Old"
"MOGS",38.9641607922272,48.6009570726699,9.63679628044271,"Old"
"SPTAN1",15.2361107525997,23.8591387709238,8.62302801832407,"Old"
"AUH",37.9788902240794,28.4079506259795,-9.57093959809986,"Old"
"DDX39B",34.5025500295841,20.2162963994285,-14.2862536301557,"Old"
"BLMH",17.674484336668,27.610743459673,9.93625912300504,"Old"
"SNTB1",31.4593780063363,33.640582153214,2.18120414687771,"Old"
"TUBB2A",18.3564415106115,13.4359923733049,-4.92044913730663,"Old"
"IDI1",29.6838630199168,28.6757349844362,-1.00812803548057,"Old"
"PRKG1",38.2316192774085,21.4662623497695,-16.7653569276391,"Old"
"COX17",32.6890935388049,11.05758239107,-21.6315111477349,"Old"
"HNRNPD",14.5424503444391,18.4168785779983,3.8744282335592,"Old"
"SCARB2",25.2590578771404,21.4196792712375,-3.83937860590283,"Old"
"NID2",69.8300103169796,30.4406298984824,-39.3893804184971,"Old"
"IL18",50.3953365519244,59.5718022990124,9.17646574708796,"Old"
"DAG1",11.3955128166614,14.9569531179487,3.56144030128727,"Old"
"EIF3A",19.3985962122765,11.0305242685481,-8.36807194372835,"Old"
"UBAP2L",33.2874322713049,24.8877072406389,-8.39972503066599,"Old"
"MLEC",14.7423994760737,20.9491237042518,6.20672422817805,"Old"
"DPYSL3",33.8578885989276,32.5764228340973,-1.28146576483037,"Old"
"DCTN1",19.3481597089904,9.71653592474788,-9.63162378424255,"Old"
"DYNC1H1",13.2983849784049,14.1712673175202,0.872882339115291,"Old"
"EIF2B1",16.7575609203309,19.5290728524591,2.77151193212823,"Old"
"EIF4A2",19.1519589731472,21.5437735914362,2.39181461828901,"Old"
"CTTN",50.4322301583581,27.2322357180757,-23.1999944402824,"Old"
"ENDOG",32.2012952130343,35.4535107771188,3.25221556408452,"Old"
"FLOT2",20.8128964546066,19.3232268565575,-1.4896695980491,"Old"
"TRIM25",24.7895950606743,29.6402271737676,4.85063211309327,"Old"
"FLNC",38.8441535627668,32.5943143109658,-6.24983925180095,"Old"
"MYBPC2",98.3156026551491,40.3707930510801,-57.944809604069,"Old"
"GAMT",18.1745999627812,22.7855191337564,4.61091917097529,"Old"
"CAPRIN1",41.9732372873484,36.0958411897939,-5.87739609755443,"Old"
"PRPSAP1",48.4108745196565,43.6613256776127,-4.74954884204386,"Old"
"CLINT1",32.0915807207833,27.4137974775002,-4.67778324328302,"Old"
"GANAB",18.3054681580178,14.0681553952645,-4.23731276275327,"Old"
"SSPN",14.5868961494699,15.5182858605987,0.93138971112881,"Old"
"MVP",23.0606869194515,72.466862982118,49.4061760626665,"Old"
"LTBP3",42.7701998522214,29.8000963550175,-12.970103497204,"Old"
"LASP1",45.8661041148498,36.1770443626837,-9.6890597521661,"Old"
"PTGR1",28.087117800116,35.7567111811129,7.6695933809969,"Old"
"KPNB1",11.2445718769445,12.7157912986826,1.47121942173814,"Old"
"NUMA1",18.8354979868158,26.8576597960708,8.02216180925506,"Old"
"PSME4",32.5479020336105,30.247037822017,-2.30086421159351,"Old"
"SLMAP",19.4258853391925,22.7530011146715,3.32711577547897,"Old"
"EMC2",28.7106576181197,31.4707751995519,2.76011758143222,"Old"
"PSMD6",21.0844557107837,19.2970657286133,-1.78738998217042,"Old"
"ABRAXAS2",16.7145869704002,11.0368784074509,-5.67770856294934,"Old"
"SEPTIN2",10.6747481759326,17.3455116353629,6.67076345943023,"Old"
"KARS1",11.1271273071388,9.4402225248629,-1.68690478227591,"Old"
"EIF4H",20.0806174419009,22.2645789260876,2.18396148418667,"Old"
"EEA1",11.7525798881939,22.0004827630825,10.2479028748886,"Old"
"PDIA6",12.5950871045927,20.6189089638103,8.02382185921768,"Old"
"PAFAH1B3",31.2758398206271,49.1004466204899,17.8246067998628,"Old"
"PLCL1",48.582338838912,48.1432351314732,-0.439103707438818,"Old"
"PDK1",30.3945697230478,29.462050142669,-0.932519580378781,"Old"
"PDK2",63.3225679436465,37.785930870174,-25.5366370734725,"Old"
"PEA15",23.2297280200722,36.0071311992728,12.7774031792007,"Old"
"PGM5",32.6883276521784,25.4949299641037,-7.1933976880747,"Old"
"PLEC",38.012359500509,29.7200672581787,-8.29229224233028,"Old"
"PPP2R5A",22.1720657565504,22.2534636659865,0.0813979094361805,"Old"
"PPA1",15.0837998708739,13.9038551112795,-1.1799447595944,"Old"
"PTGES3",19.0519119373161,14.5865850141514,-4.4653269231647,"Old"
"STK38",38.3961117521432,35.3640919444081,-3.03201980773506,"Old"
"NECTIN1",74.4901974602983,65.5124871353663,-8.977710324932,"Old"
"NONO",24.0181012299071,25.3089437555038,1.29084252559676,"Old"
"PTPA",31.4823874971141,28.5685102090624,-2.91387728805176,"Old"
"RABEP1",23.2982078018818,21.1027889650785,-2.1954188368033,"Old"
"RAB35",18.5061161991963,20.8964566798356,2.39034048063925,"Old"
"TMED2",22.3401767490354,20.6863399580207,-1.65383679101472,"Old"
"PCBP1",10.7436162230483,10.5474007709342,-0.196215452114117,"Old"
"PCBP2",10.4103811484767,15.06228489428,4.65190374580335,"Old"
"ELOC",19.4370308886279,11.1903600901899,-8.246670798438,"Old"
"ELOB",16.0760864330794,15.5897871870221,-0.486299246057294,"Old"
"UBE3C",19.9268656688101,26.4559607974852,6.52909512867511,"Old"
"DHCR24",30.2455458393214,29.4260836618884,-0.81946217743306,"Old"
"RSU1",13.9484112020205,17.6545237356507,3.70611253363017,"Old"
"PPP1R7",19.0107266543053,10.3869588062579,-8.62376784804736,"Old"
"SEC23A",11.7326102237827,13.0561834777625,1.32357325397989,"Old"
"MAPRE2",19.130759675701,16.4891400567146,-2.64161961898647,"Old"
"TGFBI",48.1152305806806,47.0168465305079,-1.09838405017272,"Old"
"TSN",25.8247906335738,31.9840116294772,6.15922099590341,"Old"
"SF1",34.0352507910827,38.793768043751,4.75851725266829,"Old"
"TRIP10",8.59204037861016,14.63162602769,6.0395856490798,"Old"
"MAPRE1",14.0342123493967,25.7986509610262,11.7644386116295,"Old"
"TSC22D1",32.30086253583,59.687506185365,27.386643649535,"Old"
"ELAVL1",22.4747463631107,28.0422800067532,5.56753364364246,"Old"
"MYLK",49.076754528827,52.6896486815201,3.61289415269317,"Old"
"SPEG",34.381063798187,23.7040198286221,-10.6770439695649,"Old"
"TBCE",27.2845180472717,20.3699886933263,-6.91452935394543,"Old"
"UBE2V2",20.1960023656675,14.3311127048971,-5.86488966077048,"Old"
"NEDD8",21.1251254181328,12.3858708269631,-8.73925459116971,"Old"
"ADIRF",79.6506983653674,42.7177992232888,-36.9328991420786,"Old"
"ADIPOQ",17.8881683551907,25.1156998199681,7.2275314647774,"Old"
"RAB11B",9.74154974729622,14.9205078031937,5.17895805589752,"Old"
"ZYX",13.4408962351778,15.1947759739031,1.75387973872528,"Old"
"HSPB2",22.1181005549802,39.5703284023499,17.4522278473698,"Old"
"ETFDH",31.68894212431,22.6620308283381,-9.02691129597187,"Old"
"SEPTIN7",17.7656892630437,20.6960142276896,2.93032496464596,"Old"
"ADRM1",27.9215266124362,13.1970969377944,-14.7244296746418,"Old"
"DDB1",12.1646579253485,9.01330982773499,-3.15134809761353,"Old"
"CDC37",15.0216820090118,11.0262466096507,-3.99543539936107,"Old"
"DPYSL2",18.5857170671909,14.325222154912,-4.26049491227892,"Old"
"SYPL1",28.4871005213556,25.3754034232945,-3.11169709806105,"Old"
"RBBP7",30.8088306863977,17.3431907287085,-13.4656399576892,"Old"
"SGCB",13.7092036745086,21.3244725902196,7.61526891571099,"Old"
"SGCA",16.7424799643143,18.7507618522936,2.00828188797933,"Old"
"FXN",25.9572528191704,18.6121103319731,-7.34514248719727,"Old"
"FSCN1",41.6497136283806,36.8698006475004,-4.7799129808802,"Old"
"DECR1",29.6878628660299,24.882864394089,-4.80499847194093,"Old"
"NDUFA5",27.0619998259277,22.1116149871887,-4.95038483873899,"Old"
"CLPP",42.5589781873648,32.6608727400879,-9.89810544727684,"Old"
"TST",30.3415191873609,26.7786677602836,-3.56285142707727,"Old"
"KYAT1",29.1851834264362,26.8423517968838,-2.34283162955241,"Old"
"GUK1",23.2899220309114,21.3884868096089,-1.90143522130247,"Old"
"HAGH",22.0217668017096,15.441983905652,-6.57978289605755,"Old"
"NDUFA9",31.904372551935,23.3570760313028,-8.5472965206322,"Old"
"PHKG1",18.9923455616036,17.0863558317829,-1.90598972982064,"Old"
"PPP1R3A",24.5286444592075,21.9040490322788,-2.62459542692866,"Old"
"HADH",11.0158821004908,12.7007367696914,1.68485466920064,"Old"
"UGP2",18.9163968817452,15.887998723596,-3.02839815814925,"Old"
"TXNRD1",15.0004974481096,18.8063756103885,3.80587816227884,"Old"
"IMMT",21.2918370834094,15.6118194474269,-5.68001763598248,"Old"
"IAH1",19.582695663058,17.9375545104127,-1.64514115264531,"Old"
"KLHL40",35.3457504878926,41.5408448352384,6.19509434734585,"Old"
"TKFC",40.9213506240736,22.8618595577813,-18.0594910662923,"Old"
"TIMM50",27.4049801071692,20.5339467908118,-6.8710333163574,"Old"
"NADK2",24.5094785260339,20.2945020935881,-4.21497643244582,"Old"
"FAM98B",17.7603025219891,18.4945401948747,0.734237672885627,"Old"
"HIKESHI",14.4523959626991,21.9469023174872,7.49450635478811,"Old"
"PDLIM3",32.7287109357385,31.4270746308825,-1.30163630485603,"Old"
"HSD17B12",20.0575765927583,21.9946158205202,1.93703922776192,"Old"
"AGK",33.2496071421456,19.99108236812,-13.2585247740256,"Old"
"LACTB2",21.9461198670972,22.1054685911735,0.159348724076292,"Old"
"DCAF6",17.2282947129497,13.2753794993884,-3.95291521356129,"Old"
"CAVIN4",24.3612883930796,32.6475464933139,8.28625810023431,"Old"
"FLG2",54.2184910613909,54.692432829948,0.47394176855714,"Old"
"RABL3",19.7125400314558,26.0464163297344,6.33387629827861,"Old"
"COQ5",28.1259841969752,22.101596328257,-6.02438786871817,"Old"
"NOMO2",17.8582844737478,15.2575107984976,-2.60077367525024,"Old"
"PITRM1",32.3522203256864,41.9496110731841,9.59739074749762,"Old"
"WDR44",33.3792251824739,25.857907625322,-7.52131755715198,"Old"
"COA6",21.6982432070824,23.014515736883,1.31627252980061,"Old"
"TOR1AIP1",37.6964549391113,28.7597071864423,-8.93674775266904,"Old"
"GNAS",29.1585617869453,31.4077019291405,2.2491401421952,"Old"
"TTC38",55.5375647222674,52.478557730802,-3.05900699146533,"Old"
"C6orf136",43.6680241231821,61.6695542482052,18.001530125023,"Old"
"HP1BP3",31.1639895319695,32.2242886749898,1.06029914302029,"Old"
"IBA57",34.6451628139332,37.1692593746474,2.52409656071413,"Old"
"UBR4",20.1209354711047,15.1235794309529,-4.99735604015181,"Old"
"DCAF8",23.6050361989302,19.8705166257537,-3.73451957317654,"Old"
"DDI2",80.9896166786627,38.4707718594198,-42.5188448192429,"Old"
"MICOS10",42.3156980923593,54.3633081296002,12.0476100372409,"Old"
"LYRM7",23.9037224038683,32.7554434981466,8.85172109427829,"Old"
"OBSCN",28.4569730146795,30.2578766664107,1.80090365173128,"Old"
"MYOM3",82.9154021323318,48.7405070009877,-34.174895131344,"Old"
"PDE4DIP",38.7004898221883,47.6139232797774,8.91343345758917,"Old"
"BROX",25.8702808375748,17.5558945810331,-8.31438625654173,"Old"
"LYPLAL1",23.5057795375268,33.1246843736696,9.61890483614277,"Old"
"SYPL2",32.6473228344669,34.396369178718,1.74904634425108,"Old"
"ECPAS",15.1973563953158,13.0513651804771,-2.14599121483878,"Old"
"MICOS13",35.7684787617858,32.4596635334361,-3.30881522834968,"Old"
"RNF123",25.0954257360491,20.1884144571659,-4.90701127888319,"Old"
"TMEM198",35.5131419761468,38.2182697826552,2.70512780650843,"Old"
"CRYBG3",135.413653182099,102.778499377383,-32.6351538047152,"Old"
"NXN",17.2100946281274,24.4892888973461,7.27919426921872,"Old"
"PTRHD1",24.0426405572827,23.8520209311322,-0.190619626150433,"Old"
"ABLIM2",33.5922994333491,41.1112575942411,7.51895816089204,"Old"
"LAMTOR1",18.5914457778598,19.0005289690107,0.409083191150916,"Old"
"DHRS7B",21.0013352966386,34.2887672162617,13.287431919623,"Old"
"TWF2",37.8403390687195,23.0592142898295,-14.7811247788899,"Old"
"ETFRF1",31.3761905841618,27.4256207845414,-3.95056979962047,"Old"
"RAB12",22.5203008995318,25.5469602685793,3.02665936904749,"Old"
"DENND5A",26.4694899643964,30.5932510389637,4.12376107456723,"Old"
"RCSD1",24.114450545893,21.7215316318856,-2.39291891400736,"Old"
"SLC25A24",18.7159024070923,19.0724814199257,0.3565790128334,"Old"
"HIBCH",41.5254214073281,28.7262861705028,-12.7991352368253,"Old"
"CAVIN1",15.637415766279,20.2392734254648,4.60185765918572,"Old"
"MRPL54",37.59793711219,28.573733155693,-9.02420395649709,"Old"
"LPCAT3",36.882168877976,33.249474719921,-3.63269415805501,"Old"
"TATDN1",27.986775404,22.584125006541,-5.40265039745903,"Old"
"SFXN4",27.80974867007,28.8079685295158,0.998219859445772,"Old"
"FAHD1",25.1808484051366,17.0232803941856,-8.15756801095095,"Old"
"LMOD2",53.0810827000407,61.5091580601276,8.42807536008693,"Old"
"SLC27A1",18.9209019582096,16.2064351047888,-2.71446685342085,"Old"
"CCDC137",128.929735271407,82.310020516071,-46.6197147553357,"Old"
"CORO6",25.776058542679,42.3279672651885,16.5519087225095,"Old"
"TMEM205",35.3769979687414,12.2193050633184,-23.1576929054231,"Old"
"DHRS11",32.3872614454418,39.4742598616059,7.08699841616407,"Old"
"APOOL",22.428025532343,17.0105585364806,-5.41746699586239,"Old"
"NAPRT",50.8850531103521,34.8487649238173,-16.0362881865348,"Old"
"HSDL2",21.2473586160343,19.5468756304435,-1.7004829855908,"Old"
"KYAT3",35.0216398107647,34.6204806275287,-0.401159183235997,"Old"
"TRIM72",13.2083084555085,11.3936935501178,-1.81461490539078,"Old"
"UBN2",90.3962854216863,91.2438891669895,0.847603745303189,"Old"
"TOM1L2",15.0544814513467,18.3526277285384,3.29814627719166,"Old"
"XIRP1",45.8048597302228,32.5924647190462,-13.2123950111766,"Old"
"VPS13C",14.2218715235003,23.4405579870201,9.21868646351984,"Old"
"UBE2R2",24.8886977337267,23.0752672840374,-1.81343044968932,"Old"
"SND1",27.8809488305389,17.977277436284,-9.90367139425491,"Old"
"TRMT10C",20.097123322573,15.806381486071,-4.29074183650198,"Old"
"BZW1",49.8293202062386,42.7561939540259,-7.07312625221275,"Old"
"EIF3M",13.445128485034,20.2506190335983,6.80549054856429,"Old"
"COPS6",13.432790166683,12.8580888459209,-0.574701320762175,"Old"
"CHMP1B",45.2128194025869,21.5193177130379,-23.693501689549,"Old"
"RRM2B",39.8161231316079,21.676181856091,-18.1399412755168,"Old"
"ERMP1",38.0881568654827,37.4565048526606,-0.63165201282203,"Old"
"MRPL21",42.2519849905435,41.5690574957312,-0.682927494812333,"Old"
"DGLUCY",32.7682411488269,30.7580163594415,-2.01022478938543,"Old"
"MYH14",28.6805919242917,15.6226814680705,-13.0579104562212,"Old"
"SZRD1",31.4466158660379,14.0428360982002,-17.4037797678377,"Old"
"MAVS",13.7186533661017,17.4058920086531,3.68723864255143,"Old"
"COMMD6",22.7767453281262,26.2033127836068,3.42656745548063,"Old"
"HDDC2",22.004315974925,21.1723424942824,-0.831973480642535,"Old"
"HDGFL2",27.6208779764137,25.5344301395565,-2.08644783685722,"Old"
"DCXR",27.1882806595057,29.9242176665281,2.73593700702238,"Old"
"SPRED2",36.5898997480765,120.096490402061,83.5065906539847,"Old"
"HUWE1",32.370522559695,40.5503068698217,8.1797843101267,"Old"
"GLRX5",41.6135773478515,38.1279374127825,-3.48563993506898,"Old"
"MYPN",41.0482912383613,34.2694578646113,-6.77883337374997,"Old"
"SRL",11.5292678571996,22.5366305414737,11.0073626842742,"Old"
"PRUNE1",23.5279584748803,15.296941003906,-8.23101747097422,"Old"
"ACOT1",29.077584296017,35.2816405622129,6.20405626619592,"Old"
"ISCA2",21.8894147520637,32.3577965963927,10.468381844329,"Old"
"MTDH",20.4970010615983,22.2042857034911,1.70728464189278,"Old"
"KTN1",16.5929185961981,31.9772168592538,15.3842982630557,"Old"
"NLRX1",28.423752346488,32.490908980936,4.06715663444796,"Old"
"ALYREF",36.5980077461312,15.603299785352,-20.9947079607792,"Old"
"MDP1",25.6358004904837,26.8036763732083,1.16787588272459,"Old"
"SLC25A42",37.067218776014,41.9177345926176,4.85051581660362,"Old"
"NRAP",33.5898897403681,42.247708302136,8.65781856176788,"Old"
"VPS36",17.1653148015772,25.5056665158241,8.34035171424692,"Old"
"CAND1",13.3741717172725,13.1940394193394,-0.180132297933159,"Old"
"COMMD7",26.6418108292525,19.7846012923582,-6.85720953689435,"Old"
"LDHD",46.5621179309005,47.7894484602187,1.22733052931818,"Old"
"CARM1",67.1610364333359,11.5303501542724,-55.6306862790635,"Old"
"NIT1",16.9042052976258,25.6889478350969,8.78474253747112,"Old"
"NDUFA11",35.8492206326117,42.3753933760218,6.52617274341006,"Old"
"ECHDC2",28.0774928473815,26.2722958249133,-1.80519702246822,"Old"
"PHYKPL",23.0027511842905,35.5423348178513,12.5395836335607,"Old"
"MUSTN1",79.3866368000068,50.3927606990581,-28.9938761009487,"Old"
"NAXD",17.0283959552746,19.5332392824378,2.50484332716323,"Old"
"MFN1",31.2102588812515,38.0809317104151,6.87067282916358,"Old"
"SLC44A2",20.4055297061607,34.7471397967141,14.3416100905534,"Old"
"HSCB",24.0810025693385,25.3638363325656,1.28283376322712,"Old"
"ADHFE1",41.9387910671817,46.4397473214238,4.50095625424213,"Old"
"UNC45B",17.1376495747118,15.3649537205202,-1.77269585419159,"Old"
"MSRB3",27.6289484313313,27.8081330120462,0.179184580714924,"Old"
"KLHDC8B",33.7884104547563,42.5317662189654,8.74335576420908,"Old"
"SUPV3L1",21.5671697268347,23.3451347801384,1.77796505330363,"Old"
"THNSL1",29.9103400448618,29.6711683909929,-0.239171653868837,"Old"
"PM20D2",48.7995100580839,35.7852775449058,-13.0142325131781,"Old"
"MICU2",26.055415621686,25.5662182161175,-0.489197405568589,"Old"
"ELMOD2",29.3413665431188,25.2020751768798,-4.13929136623893,"Old"
"ALDH16A1",30.3995311038691,32.6009648849852,2.20143378111612,"Old"
"FAM185A",40.4538081494857,35.0081820646509,-5.44562608483482,"Old"
"ADSS1",16.2156229128586,19.6051717876668,3.38954887480817,"Old"
"NDUFAF2",33.7690192256575,26.2920310918265,-7.47698813383109,"Old"
"LRRC47",11.4069672979038,14.2927297061061,2.8857624082023,"Old"
"GPD1L",16.7979830280017,12.9329142255302,-3.86506880247149,"Old"
"EHBP1L1",21.9136491358747,18.0452746685509,-3.86837446732377,"Old"
"CMYA5",23.9078749802772,21.8423246233404,-2.0655503569368,"Old"
"TXLNB",13.7287098577238,16.1467572080211,2.41804735029735,"Old"
"SYNPO",36.315963327062,22.8662466884712,-13.4497166385908,"Old"
"TOMM5",24.7500102516438,23.6774356009128,-1.07257465073105,"Old"
"CHCHD4",22.6422989879717,27.5434909167514,4.90119192877969,"Old"
"CBR4",37.6251756622563,36.7102158033021,-0.914959858954148,"Old"
"MMGT1",23.6068990087838,33.3889415771577,9.78204256837381,"Old"
"SMIM20",28.7389981652779,34.4309023322047,5.69190416692681,"Old"
"CISD2",15.0085671410487,17.2700232104416,2.26145606939288,"Old"
"ATPAF2",21.8200991271052,26.5990043241047,4.77890519699949,"Old"
"JAGN1",32.3663492172309,31.8984788337246,-0.46787038350628,"Old"
"MRPL50",29.3603294443477,35.1290291578334,5.76869971348571,"Old"
"EMC1",30.5135045283487,24.8481753428137,-5.66532918553501,"Old"
"PTGR2",22.465395923259,27.7054424358582,5.24004651259921,"Old"
"SMYD1",40.4859707883455,30.3740884875052,-10.1118823008403,"Old"
"NHLRC2",15.1200201293844,20.7300961635751,5.61007603419069,"Old"
"RDH13",32.4538479877562,28.7478249069996,-3.70602308075662,"Old"
"TXNDC5",17.0469174762497,18.2625717719979,1.21565429574826,"Old"
"ATAD1",29.8917747141506,18.2916556157517,-11.600119098399,"Old"
"SCCPDH",19.2470137181637,8.9999739351608,-10.2470397830029,"Old"
"SERBP1",40.7345326993828,19.7845230204521,-20.9500096789307,"Old"
"FAM98A",17.5064806906065,48.2217222243647,30.7152415337583,"Old"
"PDPR",38.6620761903649,31.6967727930739,-6.96530339729098,"Old"
"NAXE",13.4201168619402,8.61259151125774,-4.80752535068249,"Old"
"NPEPL1",16.654871014018,11.4615261697641,-5.19334484425395,"Old"
"ADPRHL1",24.4912949368784,24.3929009451197,-0.0983939917587193,"Old"
"CHDH",40.080618534145,29.5242184396587,-10.5564000944864,"Old"
"ABCF1",36.5684107945924,22.7797323698419,-13.7886784247505,"Old"
"MCU",26.868054206266,23.948186202508,-2.91986800375797,"Old"
"ABHD11",43.8282953475702,35.0999557106742,-8.72833963689595,"Old"
"ATL2",32.0115110087574,39.9247343853319,7.91322337657451,"Old"
"PPTC7",38.4410000698102,31.99729828413,-6.44370178568016,"Old"
"COQ8A",21.9220818404414,15.0506798988094,-6.87140194163202,"Old"
"NPLOC4",14.5349792260893,14.1508652415397,-0.384113984549593,"Old"
"SPATA20",98.0250299754893,68.3476185186787,-29.6774114568106,"Old"
"NUBPL",36.499923365011,18.3366380661015,-18.1632852989095,"Old"
"DEPTOR",30.4111811349879,33.6379346911178,3.22675355612992,"Old"
"RDH11",34.9163128992835,32.5727864107833,-2.34352648850014,"Old"
"LRRC20",25.6566508741207,24.0907029223988,-1.56594795172191,"Old"
"NT5C",32.9215434825968,25.6238183405994,-7.29772514199736,"Old"
"PNPT1",22.1907343546157,17.7611789791661,-4.42955537544959,"Old"
"SPPL2A",34.1745712791876,39.0912579920632,4.91668671287563,"Old"
"PREX1",15.567284850885,42.1222789615384,26.5549941106534,"Old"
"NEK9",31.2099540318291,18.4490171951439,-12.7609368366852,"Old"
"GPT2",33.6507043752757,50.9963075669354,17.3456031916597,"Old"
"MYOZ3",61.4720821533755,8.43102486722223,-53.0410572861532,"Old"
"NEK7",28.4315300325001,18.6225035627957,-9.80902646970435,"Old"
"DTD1",36.093964487833,21.5401010442707,-14.5538634435623,"Old"
"UTP15",83.0718773347141,49.037561298709,-34.0343160360051,"Old"
"SETD7",26.5875931960802,24.0904488103821,-2.49714438569805,"Old"
"NUP133",37.0545911664935,56.2485364522879,19.1939452857944,"Old"
"PDCD6IP",17.3954566985693,13.4926367454871,-3.90281995308219,"Old"
"THEM6",16.6002608772259,23.9809205799874,7.38065970276146,"Old"
"SMIM4",36.5039347385081,28.552297559256,-7.95163717925204,"Old"
"NUDCD2",21.4245226621017,12.7334017285485,-8.69112093355318,"Old"
"SCFD1",22.2481479099778,21.4928961713958,-0.755251738582047,"Old"
"PCNP",26.3707401763014,18.0702180740993,-8.30052210220204,"Old"
"DNAJA4",24.9660492398264,41.0058826727566,16.0398334329302,"Old"
"SPRYD4",31.7808515040028,34.6147841033713,2.83393259936849,"Old"
"RTN4IP1",34.991773103614,32.4688509167069,-2.52292218690712,"Old"
"PALLD",32.9283490983874,27.2424732543827,-5.6858758440047,"Old"
"SYNE2",27.1516072936807,21.9941931185195,-5.15741417516123,"Old"
"THAP4",27.4019091457368,25.1112303645843,-2.29067878115249,"Old"
"IFT81",44.361515852725,29.2081504483138,-15.1533654044112,"Old"
"TTN",108.225459368259,65.826340938608,-42.3991184296513,"Old"
"DDX1",15.5627180150329,21.7408081365029,6.17809012147007,"Old"
"HSD17B8",32.7003549381775,29.7660267624405,-2.93432817573693,"Old"
"CPT1B",29.6000607422307,27.3416248322051,-2.25843591002566,"Old"
"PSMF1",20.1133431319017,26.4588155207105,6.34547238880882,"Old"
"UBXN4",33.9051866074299,18.181745703859,-15.7234409035708,"Old"
"HSPH1",132.468143149927,85.7241174980887,-46.744025651838,"Old"
"MYO18A",28.4769564011516,45.7188139967711,17.2418575956195,"Old"
"GCN1",21.9718945064863,18.9348929563864,-3.03700155009992,"Old"
"SGCD",20.6014863400503,22.1478162950355,1.54632995498521,"Old"
"AKAP1",36.2854637824251,39.2568380836446,2.97137430121956,"Old"
"RABGGTA",17.3477687276761,14.8981801840089,-2.44958854366721,"Old"
"TFG",22.6787090511396,18.8399315661145,-3.83877748502512,"Old"
"ARPC1A",14.3218666606265,13.7146410660271,-0.60722559459937,"Old"
"P3H4",30.4914138629219,42.7471848055393,12.2557709426174,"Old"
"DDX17",20.1023878115459,19.1295997325546,-0.972788078991371,"Old"
"CELF1",28.6236837962173,18.1299819805577,-10.4937018156596,"Old"
"UFD1",22.592515370902,20.9422227484217,-1.65029262248021,"Old"
"RPL3L",40.772805505192,45.3518428829516,4.57903737775965,"Old"
"COPS5",17.9350971240274,11.3589734883185,-6.57612363570891,"Old"
"KHSRP",12.7423204527609,26.2023171554617,13.4599967027009,"Old"
"GCDH",31.1377605916748,27.6867182031963,-3.45104238847849,"Old"
"TNPO1",18.1144424573183,15.3123743255491,-2.80206813176923,"Old"
"USP13",30.7938912965589,19.8592468746849,-10.934644421874,"Old"
"USP9X",19.3041009889839,12.8678652611591,-6.43623572782482,"Old"
"CUL5",15.2237097865747,15.2922140200858,0.0685042335111259,"Old"
"LPP",18.7012957474565,28.5807822151502,9.87948646769372,"Old"
"ATP2A3",48.6359342393321,30.679449642794,-17.9564845965381,"Old"
"PHKB",28.5667552275645,23.7230846963834,-4.84367053118116,"Old"
"UBE2F",27.0638580619997,35.3669284047051,8.3030703427054,"Old"
"RPL36AL",37.2348657219877,29.8108246046202,-7.42404111736752,"Old"
"WBP2",17.9342451344031,20.2921049951231,2.35785986071997,"Old"
"ERGIC1",44.1799714642168,33.0298131240243,-11.1501583401925,"Old"
"MTARC2",22.2535617020859,22.4529164041127,0.199354702026799,"Old"
"FAM162A",24.6909371408603,16.400575055132,-8.29036208572835,"Old"
"CCDC47",12.6350688167838,20.2164095681171,7.58134075133331,"Old"
"TMEM230",13.9827296647373,22.002553273872,8.01982360913464,"Old"
"ISOC2",21.7551278646089,14.871589510201,-6.88353835440796,"Old"
"FERMT2",27.0114425833539,15.9349939345958,-11.0764486487581,"Old"
"FUBP1",9.1180733517758,17.8065687384122,8.68849538663639,"Old"
"SLC25A46",21.9245236924111,23.5205275291458,1.59600383673471,"Old"
"TMEM143",32.4796782623849,22.2786160702356,-10.2010621921493,"Old"
"PBXIP1",20.7086116436258,13.8116583521106,-6.89695329151522,"Old"
"PTER",37.3615675616278,32.0915816723204,-5.26998588930736,"Old"
"ZBTB9",28.8248284739641,41.7951508856769,12.9703224117128,"Old"
"FAM136A",29.9292056863019,26.2159991874158,-3.71320649888614,"Old"
"FGGY",28.2073487926062,24.9951535105176,-3.2121952820886,"Old"
"GALM",21.0510878882983,18.1383743510404,-2.9127135372579,"Old"
"DCPS",27.987781348817,34.7260322416605,6.73825089284354,"Old"
"PPP1R14B",27.304862370782,20.7403792658278,-6.56448310495418,"Old"
"ACSF2",29.3305123246537,28.7691077387002,-0.561404585953518,"Old"
"ISOC1",18.9609579706036,20.2868997489308,1.32594177832726,"Old"
"CCDC124",24.2478017310071,22.4828810555672,-1.76492067543993,"Old"
"OPTN",27.4973663422166,26.8037641627709,-0.693602179445701,"Old"
"AP2M1",22.4621968661957,18.4787037495123,-3.98349311668342,"Old"
"KCTD12",20.8030944902825,38.4609058992607,17.6578114089782,"Old"
"RMDN1",23.8421749798164,16.7711887407982,-7.07098623901822,"Old"
"ECHDC3",27.5896111248732,39.6955819616579,12.1059708367847,"Old"
"NUDT16",21.5019199050331,19.1748227004616,-2.3270972045715,"Old"
"CMBL",39.3661318881378,35.2247201031852,-4.14141178495262,"Old"
"MSI2",27.2169964814692,20.3418282546761,-6.87516822679313,"Old"
"MRPL38",23.5087861258543,23.2592183729278,-0.249567752926467,"Old"
"MRRF",24.378869673529,27.22558335955,2.84671368602104,"Old"
"MRPL53",35.766858726856,25.4632153871992,-10.3036433396568,"Old"
"DAZAP1",68.3088331790104,33.0745618925125,-35.2342712864979,"Old"
"DNAJA3",29.0513697079276,31.7970091671456,2.74563945921801,"Old"
"PTCD3",38.6124951964504,27.3320597373394,-11.280435459111,"Old"
"MMAB",26.1201489605247,24.1557106323729,-1.96443832815181,"Old"
"DYNLL2",46.2316908250197,43.3949249799411,-2.83676584507853,"Old"
"S100A16",46.8922986830328,80.2179164981651,33.3256178151323,"Old"
"SCRN2",47.4358642065254,32.6934428564991,-14.7424213500263,"Old"
"OTUB1",12.3759836871245,13.552742428092,1.1767587409675,"Old"
"CHMP6",23.8766774506562,18.8453195015589,-5.03135794909733,"Old"
"PDXP",28.1572015315008,26.5982740927379,-1.55892743876288,"Old"
"DCUN1D1",38.3388811928843,20.9439772800969,-17.3949039127874,"Old"
"FAHD2A",36.572552821465,35.2202374083547,-1.35231541311037,"Old"
"SNF8",24.5114774360819,16.5033905938251,-8.00808684225684,"Old"
"PDLIM5",37.563386278905,27.2316309876691,-10.3317552912359,"Old"
"CRELD1",32.6174049832881,19.9904459491309,-12.6269590341572,"Old"
"ERO1A",18.7207546834095,18.2447019266188,-0.476052756790708,"Old"
"AHCYL2",11.5547479110987,15.2720242328602,3.71727632176147,"Old"
"PGAM5",33.1266890349925,33.0256438183651,-0.101045216627412,"Old"
"DDRGK1",31.2964521622241,15.2300006716522,-16.0664514905719,"Old"
"PYURF",44.0358796092085,40.3212612601993,-3.71461834900926,"Old"
"SUCLG2",50.2578980618721,41.3120181820532,-8.9458798798189,"Old"
"ABHD14B",15.6905191984023,15.4200216959518,-0.270497502450572,"Old"
"NGLY1",21.6454786305136,19.2100992362361,-2.4353793942775,"Old"
"TMX3",33.5555032361656,36.9413972897527,3.38589405358714,"Old"
"BTF3L4",15.129990620356,13.4331513225093,-1.69683929784666,"Old"
"USP47",17.8558819092849,20.2721786594208,2.41629675013595,"Old"
"CNDP2",24.9072877907654,17.087305714424,-7.81998207634142,"Old"
"ALPK3",24.2253420438874,41.1252070664168,16.8998650225295,"Old"
"STAC3",30.2723368318465,31.4682881674624,1.19595133561587,"Old"
"COQ10A",34.370839441475,26.7820011033429,-7.58883833813216,"Old"
"JSRP1",23.4263207617783,14.234786307131,-9.19153445464727,"Old"
"MCEE",42.9109332775708,38.1353516603234,-4.77558161724743,"Old"
"QKI",19.0980061524975,20.7286495412207,1.63064338872316,"Old"
"PLIN4",15.8868628091382,20.7818343959102,4.89497158677193,"Old"
"ALKBH3",33.5321785993717,24.7746442579976,-8.75753434137411,"Old"
"VPS35",18.9217125269495,22.3687171543091,3.44700462735965,"Old"
"PURB",29.6901617873195,36.8791304365951,7.18896864927563,"Old"
"BBS4",31.3230075192022,36.6439865985597,5.32097907935745,"Old"
"VPS13A",26.0841217790541,20.4850955464749,-5.5990262325792,"Old"
"GFM1",22.818942115506,21.4370194776932,-1.38192263781282,"Old"
"MCCC1",29.8445491675506,30.3584966428347,0.513947475284116,"Old"
"METTL26",19.4213056031691,30.421086814608,10.9997812114388,"Old"
"CLCC1",15.4110346273959,14.3513540688983,-1.05968055849756,"Old"
"PEBP4",32.2236195552391,34.6461621385495,2.42254258331041,"Old"
"PLEKHF1",19.9883682580948,18.0563833845111,-1.93198487358375,"Old"
"MYCBP",26.0190314164913,20.4882531551081,-5.53077826138324,"Old"
"TBCB",22.7488910333128,17.687151315314,-5.06173971799877,"Old"
"PSMB7",18.1132824165802,10.110653056393,-8.00262936018715,"Old"
"PCYT2",24.3527761438777,34.9791553967264,10.6263792528487,"Old"
"PSMD1",11.5382815280657,11.2996140377982,-0.238667490267424,"Old"
"PFDN5",13.8068385614366,16.6830440884973,2.8762055270607,"Old"
"PAFAH2",21.8399612002922,32.4159793006627,10.5760181003705,"Old"
"PARK7",19.6063947676265,12.5864060617178,-7.01998870590875,"Old"
"VAT1",19.7405379094441,24.8512455174642,5.11070760802013,"Old"
"PLIN2",55.6248634314863,60.84730318641,5.22243975492372,"Old"
"S100A13",45.5320930460531,122.17903004816,76.6469370021068,"Old"
"TSNAX",18.8808775249791,29.4403393505889,10.5594618256098,"Old"
"EIF3C",18.7689846389973,19.0692663582077,0.300281719210421,"Old"
"PHB2",22.142510273531,14.3681896316023,-7.77432064192864,"Old"
"COPS8",22.6110423230677,16.1331228797662,-6.4779194433015,"Old"
"SDHC",53.5318500048136,53.5536895718011,0.0218395669874809,"Old"
"CHP1",16.5578430831842,24.9757884409641,8.41794535777999,"Old"
"HSD17B10",25.6664916238203,17.0232275426727,-8.6432640811476,"Old"
"NAP1L4",17.5978740844769,14.16840434599,-3.42946973848693,"Old"
"MGST2",37.5798729314992,35.4370535054656,-2.14281942603353,"Old"
"TXN2",22.3478259257487,19.1168470711906,-3.23097885455805,"Old"
"DMAC2L",20.9610747447259,35.7024926486165,14.7414179038907,"Old"
"ACO2",21.9892027144722,14.9798353968513,-7.00936731762089,"Old"
"COQ7",15.9440641911222,13.1621455079721,-2.78191868315008,"Old"
"SLC29A1",19.2468860098359,19.3165472769733,0.069661267137473,"Old"
"TSG101",20.5681937860917,20.424329682301,-0.143864103790694,"Old"
"CPNE1",30.0967279486551,24.217898546138,-5.8788294025171,"Old"
"CCT7",10.2388925361159,10.7905598598636,0.551667323747711,"Old"
"PRMT1",16.1742772147448,16.3627466960884,0.18846948134361,"Old"
"NIPSNAP1",60.205471972579,36.6517843474294,-23.5536876251496,"Old"
"ARPC5L",34.4422993501315,27.7988857694812,-6.64341358065034,"Old"
"MICU1",36.3370622683261,31.5208815850211,-4.81618068330504,"Old"
"MACROD1",18.5443644030319,19.1411805944425,0.596816191410635,"Old"
"WDR77",49.3354650309351,20.8950788814692,-28.4403861494659,"Old"
"APOL2",36.6820267416513,38.630105852577,1.94807911092565,"Old"
"FYCO1",29.585869347913,33.0404413588677,3.45457201095464,"Old"
"JPH2",25.9534966302761,16.8980992378749,-9.05539739240115,"Old"
"CORO1B",20.1652289669038,30.3031385486127,10.1379095817089,"Old"
"TXNDC17",15.0268230835906,10.5296292116641,-4.49719387192643,"Old"
"PLCD4",17.1742938162638,17.721014487701,0.546720671437189,"Old"
"CPPED1",74.4145925876497,60.5501580129376,-13.8644345747121,"Old"
"VPS25",24.6229859473511,23.4291408029432,-1.19384514440792,"Old"
"MIEN1",31.1763767279619,22.0397605391459,-9.13661618881605,"Old"
"PELO",31.2520822484897,20.1426133101088,-11.1094689383808,"Old"
"PRXL2A",31.0699234315583,27.9132674792875,-3.1566559522708,"Old"
"ERP44",46.7678905587018,48.1101015211974,1.34221096249567,"Old"
"LXN",30.0185740115739,65.3594227359001,35.3408487243261,"Old"
"NIPSNAP3B",31.2666633689812,32.0517757252045,0.785112356223326,"Old"
"NTPCR",28.54964492057,32.8439208229995,4.29427590242949,"Old"
"AGMAT",46.8020400418024,68.1285409267615,21.3265008849591,"Old"
"TACO1",33.624121834889,30.5372914608345,-3.08683037405459,"Old"
"ESYT1",19.8281483666652,26.9593729651637,7.13122459849852,"Old"
"UBAC1",13.1253822465202,16.0392015010294,2.91381925450927,"Old"
"COPS4",10.4739389362291,7.92102974187673,-2.55290919435242,"Old"
"DCTN5",20.6298193815109,24.6809324236265,4.05111304211555,"Old"
"AARSD1",17.665193659729,29.5201059362884,11.8549122765593,"Old"
"TMEM43",24.9084539107214,27.1051698031253,2.19671589240394,"Old"
"DHRS4",27.566239552651,20.193890831748,-7.37234872090306,"Old"
"TMEM70",45.3480403018898,34.3533941595879,-10.9946461423019,"Old"
"TUBB6",18.5128842740004,71.8388142569285,53.325929982928,"Old"
"CHCHD7",26.129557029329,26.7880654407222,0.6585084113932,"Old"
"APOO",20.5733798957422,23.3706811609095,2.79730126516732,"Old"
"MRI1",43.6534029525768,40.8433196610026,-2.81008329157419,"Old"
"ABHD6",38.4901601737378,36.4944909007403,-1.99566927299747,"Old"
"ADI1",35.4004421384833,54.1183607037959,18.7179185653126,"Old"
"MECR",26.1517228611554,20.4238846443402,-5.72783821681522,"Old"
"NTMT1",29.686488008368,32.913392061239,3.22690405287108,"Old"
"TMEM109",24.5184599599429,20.3879187361214,-4.13054122382149,"Old"
"TMED9",20.4142808902406,31.4760679998278,11.0617871095872,"Old"
"TIMM21",41.2626078162047,24.5714593024121,-16.6911485137926,"Old"
"TPPP3",46.1017620207246,53.7363518817685,7.63458986104396,"Old"
"NUDT9",21.2440238542286,18.7474355923753,-2.49658826185329,"Old"
"FUNDC2",17.4878244405648,20.5727548523552,3.08493041179044,"Old"
"SORBS1",35.1899514404347,45.4431735796691,10.2532221392345,"Old"
"HINT2",21.1773837610882,24.9035052169766,3.72612145588837,"Old"
"OSBPL11",31.1069106476014,31.7972784704708,0.690367822869334,"Old"
"NT5C1A",65.6329931366214,51.3451017635535,-14.2878913730679,"Old"
"TMEM120A",39.393316073185,61.4702686985734,22.0769526253884,"Old"
"NAA15",39.5765095993621,27.9126816685593,-11.6638279308028,"Old"
"BCL2L13",13.7003903898503,10.6931101662771,-3.00728022357316,"Old"
"AP1M1",26.3952504549413,31.185331778135,4.79008132319371,"Old"
"OSBPL1A",16.8119936929664,18.2976177948632,1.48562410189671,"Old"
"HDHD5",28.7554273720445,26.5723221685729,-2.18310520347151,"Old"
"EIF2A",27.3070098909471,16.3511937396508,-10.9558161512963,"Old"
"MRPL13",30.227434502674,28.0355652135612,-2.19186928911273,"Old"
"MRPL9",44.8646414171697,54.4758892488605,9.61124783169081,"Old"
"MRPL4",28.8599911071032,23.1190517344415,-5.74093937266172,"Old"
"MRPL1",35.7803550757591,24.4770565846629,-11.3032984910962,"Old"
"NLN",31.0594373137613,21.00088648911,-10.0585508246513,"Old"
"TRIM54",22.8698838536798,28.8985962861705,6.02871243249071,"Old"
"BCO2",65.1202137239868,48.2380925263142,-16.8821211976726,"Old"
"MRPL37",30.4107717806038,26.2385857276318,-4.17218605297204,"Old"
"ASPSCR1",7.39355024467554,18.4359997516978,11.0424495070222,"Old"
"UBL5",20.5890023084286,17.1464712704465,-3.4425310379821,"Old"
"NIBAN1",37.1818599681036,24.0666383970146,-13.115221571089,"Old"
"UBXN6",30.8689686344736,12.730447822971,-18.1385208115026,"Old"
"UBE2O",28.875684775486,31.773033270461,2.89734849497505,"Old"
"LNPK",16.4890342428543,20.8134084206,4.32437417774575,"Old"
"PITHD1",27.4764359413258,28.49299514813,1.01655920680425,"Old"
"SLIRP",35.8593384766862,28.9299893989912,-6.92934907769499,"Old"
"NIF3L1",19.0734471026476,14.0706362842297,-5.00281081841783,"Old"
"EGLN1",38.4632473893932,27.7582251077687,-10.7050222816245,"Old"
"ANKRD2",47.6089515072282,51.0470522273391,3.43810072011085,"Old"
"NAA50",20.2034441157267,15.5915362119582,-4.61190790376849,"Old"
"TMEM126A",27.4664882259603,24.241761499806,-3.22472672615432,"Old"
"PAIP1",17.5668827748483,19.041035355238,1.47415258038971,"Old"
"CLPB",37.8128343306295,24.5731641829026,-13.2396701477269,"Old"
"TOLLIP",19.2174795456882,19.4101915638188,0.192712018130596,"Old"
"PCBD2",12.2480249648818,15.6370897585447,3.38906479366292,"Old"
"NT5C3A",19.7688889615988,19.026733038916,-0.742155922682748,"Old"
"HDHD2",18.9486680049517,19.5067291766678,0.558061171716062,"Old"
"RAB1B",25.0603947004849,22.3714611579227,-2.6889335425622,"Old"
"C11orf54",21.5725586398309,23.7824527543405,2.20989411450955,"Old"
"NUCKS1",13.2555834359917,15.9464272794942,2.69084384350248,"Old"
"TMX4",16.2461395262221,20.6879652730948,4.44182574687273,"Old"
"MYLK2",48.4173376844553,45.7379285080218,-2.67940917643347,"Old"
"EHD4",30.6155767643396,22.5283176522644,-8.0872591120752,"Old"
"SH3BGRL3",20.196609912678,25.4815695227359,5.28495961005791,"Old"
"SLK",18.4742040382167,22.6985936590799,4.22438962086312,"Old"
"PPIL3",35.9118378668275,36.2103892921164,0.298551425288871,"Old"
"LRMDA",30.8228495872827,27.4609612532023,-3.36188833408037,"Old"
"TNMD",18.7481415133667,20.424656184144,1.67651467077724,"Old"
"PPA2",26.2378299547344,24.6156621899581,-1.62216776477633,"Old"
"MRPL46",26.5119262285005,24.6152204582353,-1.89670577026524,"Old"
"TMEM245",15.6287061692813,16.8520053352852,1.22329916600391,"Old"
"C11orf68",17.3896405809298,31.2970746281346,13.9074340472047,"Old"
"GHITM",22.7215807494804,22.2843128895328,-0.437267859947539,"Old"
"BOLA2",29.1043482957531,23.5659961637967,-5.53835213195642,"Old"
"TMX1",13.0357191668028,18.2009211794223,5.1652020126195,"Old"
"CHMP4B",23.4291645598068,12.803071131569,-10.6260934282378,"Old"
"RBKS",31.877727001296,23.313085573202,-8.564641428094,"Old"
"FN3K",23.2406443578727,21.9521171945707,-1.288527163302,"Old"
"TOR1AIP2",27.4757501977593,25.535497938506,-1.94025225925335,"Old"
"RNPEP",23.813768099037,18.3460548201052,-5.46771327893174,"Old"
"GLIPR2",35.7392058071897,23.1174154486911,-12.6217903584987,"Old"
"EHD1",14.3427384893093,20.2550069009753,5.91226841166602,"Old"
"TMEM38A",37.9496782852834,23.9183139458235,-14.0313643394599,"Old"
"OPA3",31.7828109080653,27.3213034310342,-4.46150747703108,"Old"
"DCTPP1",24.6568757632418,38.4174909107642,13.7606151475225,"Old"
"AAMDC",27.8588137715649,35.3089504652837,7.45013669371878,"Old"
"PTGES2",28.8894985242464,22.1664305364221,-6.7230679878242,"Old"
"UBE2Z",17.4962497809586,20.517836932652,3.02158715169337,"Old"
"ACAD9",32.8025917120685,32.7755302710038,-0.0270614410647241,"Old"
"METTL7A",24.215796970108,45.014211863564,20.798414893456,"Old"
"COQ10B",26.1031009434151,37.7861050240046,11.6830040805895,"Old"
"MOB1A",31.9007279202103,17.5071673161863,-14.393560604024,"Old"
"GORASP2",15.207329991197,14.9287651524542,-0.278564838742804,"Old"
"JPT2",38.821445029039,19.2778018257938,-19.5436432032452,"Old"
"SYNPO2L",82.6601585020167,53.0989603077908,-29.5611981942259,"Old"
"ARMT1",24.095390054505,28.7576345478225,4.66224449331745,"Old"
"LRRC40",24.1619058191379,22.8985434506275,-1.26336236851038,"Old"
"SFXN1",27.1651972944087,19.1696768173713,-7.99552047703745,"Old"
"L2HGDH",26.0422404527989,19.5616614091371,-6.48057904366185,"Old"
"COPS7B",18.3729501640981,37.6162141974943,19.2432640333962,"Old"
"FN3KRP",64.332519221485,48.6149323038314,-15.7175869176536,"Old"
"TBC1D17",24.9066779673872,17.1645996227637,-7.74207834462348,"Old"
"CARS2",40.6431335550685,35.8397741054224,-4.80335944964607,"Old"
"GRPEL1",14.2505548391829,22.5320717092204,8.28151687003751,"Old"
"CACYBP",25.209472773557,27.6784382371658,2.46896546360879,"Old"
"RDH14",31.59016508481,22.1803376302499,-9.4098274545601,"Old"
"PARVB",16.0941293087003,20.7773864119622,4.68325710326191,"Old"
"TNS1",25.8320747807011,23.3710079965913,-2.46106678410974,"Old"
"PLGRKT",20.5322920689716,24.3384493325652,3.80615726359362,"Old"
"GLOD4",13.7700891785151,13.4650670250937,-0.305022153421366,"Old"
"MCCC2",36.4358956068765,27.5554292664509,-8.88046634042559,"Old"
"HHATL",54.4834708303462,23.6167160419599,-30.8667547883864,"Old"
"PREB",20.1030867230459,17.8369666794658,-2.26612004358003,"Old"
"MRPL47",18.885310819641,19.1857284167146,0.300417597073668,"Old"
"JPH1",29.7542409569782,17.6438607857072,-12.110380171271,"Old"
"APMAP",11.9022478367455,12.7400293379962,0.837781501250648,"Old"
"TXNRD2",31.9439774203697,37.6573269890123,5.71334956864256,"Old"
"RAB18",16.657352030421,13.280095556222,-3.37725647419906,"Old"
"PALMD",28.3309854969432,16.8502970543311,-11.4806884426121,"Old"
"SSU72",19.9693921529872,23.2086211913821,3.23922903839486,"Old"
"VTA1",16.5066938647692,13.3013168332972,-3.20537703147209,"Old"
"SARS2",33.7750764716685,23.5396662146075,-10.235410257061,"Old"
"DYNLRB1",24.8851526918923,18.5389570775629,-6.34619561432948,"Old"
"MYOZ1",173.084318828041,136.996667694202,-36.087651133839,"Old"
"MYOZ2",102.265708519379,93.9351978169937,-8.3305107023853,"Old"
"OSGEP",18.2806905180041,19.2898633755617,1.00917285755765,"Old"
"ACOT13",21.4945905675718,15.5673526182426,-5.9272379493292,"Old"
"MRPL40",31.5899002943946,19.2743047659071,-12.3155955284876,"Old"
"TIGAR",33.6366464519048,29.6512184799831,-3.98542797192173,"Old"
"RTN4",18.3524581658976,11.2042082427657,-7.1482499231319,"Old"
"HINT3",31.0781785866053,33.5692172401717,2.49103865356644,"Old"
"PFDN4",29.4584737837374,21.5582656284075,-7.90020815532992,"Old"
"NIT2",16.8809806172874,10.8903270693887,-5.99065354789867,"Old"
"XPNPEP1",20.947211844115,15.8701366123481,-5.07707523176691,"Old"
"GPHN",24.1900799730998,23.6938216643829,-0.496258308716829,"Old"
"PDLIM7",73.1121778279003,54.729304663665,-18.3828731642353,"Old"
"ACSS2",20.9228510420499,16.6590630792068,-4.26378796284313,"Old"
"DIABLO",14.5149829012111,18.2644986620211,3.74951576081007,"Old"
"SAR1A",21.458437943889,19.5488113449374,-1.90962659895158,"Old"
"SH3GLB2",21.1798827183974,17.8317478353476,-3.34813488304971,"Old"
"EIF2B3",26.3710614178148,16.8121309462466,-9.55893047156822,"Old"
"MBNL1",15.5432163207652,18.7804999178858,3.23728359712051,"Old"
"SDR39U1",32.3555152400516,32.0636106148102,-0.291904625241429,"Old"
"AASDHPPT",29.9650093350114,24.4495430759732,-5.51546625903825,"Old"
"OSTC",16.8781700939444,23.5456142522148,6.66744415827043,"Old"
"CMC2",29.726863415175,27.9961462967058,-1.73071711846929,"Old"
"HEBP1",19.6133897973235,28.3036005571368,8.69021075981331,"Old"
"PHPT1",21.3373577360512,15.2043641476669,-6.13299358838434,"Old"
"TOMM22",33.700833930258,19.9966460648557,-13.7041878654022,"Old"
"LANCL2",26.388132960063,17.9538361539723,-8.43429680609068,"Old"
"FARSB",10.8529771480294,30.8153949259776,19.9624177779482,"Old"
"IARS2",21.8494781751787,17.2690882078977,-4.58038996728103,"Old"
"SIRT3",28.6091263484152,28.3823176795154,-0.226808668899796,"Old"
"MAN2C1",20.0018550753401,36.8887545812172,16.8868995058771,"Old"
"OLA1",14.5418478149717,14.9822986479216,0.440450832949935,"Old"
"CUTC",27.0885367181279,20.440459836201,-6.6480768819269,"Old"
"ACSS1",20.7182309707934,27.5796958082464,6.86146483745299,"Old"
"ABHD10",21.1728862472428,23.3889939030143,2.21610765577154,"Old"
"DDX19A",23.1784873671368,16.0967945592618,-7.08169280787494,"Old"
"SEPTIN11",28.6274750265733,34.0675221657701,5.44004713919679,"Old"
"PARVA",20.5114184749529,25.9430245813992,5.43160610644631,"Old"
"PANK4",15.5269764357506,20.108318137881,4.58134170213047,"Old"
"DNAJC11",31.949550478047,28.746465230202,-3.20308524784497,"Old"
"TMLHE",40.696344513251,19.0531080882371,-21.6432364250139,"Old"
"ATAD3A",36.0407078802819,34.2181858320053,-1.8225220482766,"Old"
"ARL8B",19.2563631370166,14.0073665660029,-5.24899657101368,"Old"
"MRPS18A",41.4970334282012,31.6365861707057,-9.86044725749557,"Old"
"PNPO",28.7016476799959,30.2418327467542,1.54018506675834,"Old"
"OXSM",25.5170504994575,27.951821166314,2.43477066685649,"Old"
"MRPL22",21.3235326310302,29.5380546481136,8.21452201708336,"Old"
"CZIB",28.5402361569019,21.7601821216607,-6.7800540352412,"Old"
"BABAM1",33.2414479497219,17.0024647439947,-16.2389832057273,"Old"
"NDUFB11",29.7276127958326,26.440292364246,-3.28732043158661,"Old"
"OCIAD1",22.6442367154631,13.6001911313557,-9.04404558410736,"Old"
"MARCHF5",28.0928006978252,24.849232120707,-3.24356857711811,"Old"
"CHCHD3",21.8141841677876,17.7878818112682,-4.02630235651944,"Old"
"SIRT5",26.3820075816427,25.0294975716806,-1.35251000996204,"Old"
"BABAM2",12.84581036981,16.2038471987154,3.3580368289054,"Old"
"DPP3",24.9551523756296,22.9441057672818,-2.0110466083478,"Old"
"TUBA8",15.2309043633284,15.7055786007296,0.474674237401221,"Old"
"MAP3K20",30.6704279659755,19.588646830969,-11.0817811350065,"Old"
"UGGT1",15.6470181383015,19.0651929183702,3.41817478006876,"Old"
"TECR",36.1561937455222,24.2755733487392,-11.880620396783,"Old"
"ERAP1",33.1659911256873,19.66100550058,-13.5049856251073,"Old"
"CISD1",18.6601275124686,13.1768138593413,-5.48331365312732,"Old"
"CLIC5",24.9479537688601,15.8894583426218,-9.05849542623823,"Old"
"FAM120A",14.4022230997969,24.1621556563445,9.75993255654768,"Old"
"GLTP",28.5414931355937,19.1525243631211,-9.38896877247257,"Old"
"COQ3",19.0242921602027,14.3739701466161,-4.65032201358653,"Old"
"HSPBP1",20.1603431071772,19.0306542907938,-1.12968881638347,"Old"
"MAT2B",13.0467338731764,15.8032435455941,2.75650967241771,"Old"
"MYOF",28.0756942077486,30.5639944130512,2.48830020530255,"Old"
"EHD2",14.6486736788582,14.3264212613252,-0.322252417533033,"Old"
"TMOD4",85.2926663563366,55.4229003086277,-29.869766047709,"Old"
"LMCD1",20.210892748665,20.6062220705772,0.395329321912133,"Old"
"CHMP5",35.4372496152469,21.3608614464025,-14.0763881688444,"Old"
"CNIH4",27.0744266009459,17.078503150235,-9.99592345071094,"Old"
"NDUFAF4",41.0922032301609,36.3081740617627,-4.78402916839813,"Old"
"EMC3",25.4946660101703,29.9121662904269,4.41750028025663,"Old"
"NDUFA13",27.497442018692,20.6128215664152,-6.8846204522768,"Old"
"PDP1",38.3884539058034,27.4748567083848,-10.9135971974186,"Old"
"MRPL36",27.1768756098303,32.6455058104877,5.46863020065738,"Old"
"VAPA",17.0393565263095,15.8702656339502,-1.1690908923593,"Old"
"RNF181",33.8359795086574,30.5021848975605,-3.33379461109687,"Old"
"LARS1",15.0659735840904,22.699205602627,7.63323201853657,"Old"
"SUCLA2",20.1687682163889,13.8017591130575,-6.36700910333139,"Old"
"GMPR2",27.6630351709458,26.1440266083014,-1.5190085626444,"Old"
"DPM3",22.5632465720942,31.865637556748,9.30239098465374,"Old"
"IMPACT",26.1640642274649,40.76417747833,14.6001132508651,"Old"
"ATXN10",18.8019923831268,19.5677108261105,0.765718442983712,"Old"
"EPS15L1",28.5456335245338,24.3106639272291,-4.23496959730468,"Old"
"SAE1",20.0594703662682,22.0660613971666,2.00659103089842,"Old"
"RNF7",18.8592415174961,21.0478520866736,2.18861056917751,"Old"
"MYOT",50.4030424171381,40.9195402761268,-9.48350214101132,"Old"
"GNG12",16.3056844674768,10.0853749005784,-6.22030956689838,"Old"
"VPS29",35.0029781945879,35.4874002428849,0.484422048296949,"Old"
"EIF3K",19.0186498454842,19.3170329848108,0.29838313932656,"Old"
"GRHPR",12.9081652974448,14.2651940062873,1.35702870884246,"Old"
"CTSZ",25.4960691272224,35.8423221298492,10.3462530026268,"Old"
"UBA2",16.863980843615,27.6142748159162,10.7502939723012,"Old"
"COPS7A",18.8617099730686,18.0149492640604,-0.846760709008233,"Old"
"HSPB7",33.609907414805,29.2735388741954,-4.33636854060956,"Old"
"CLIP2",26.9125578596929,21.8276106905219,-5.08494716917097,"Old"
"UQCR10",31.7443848927138,23.4906663829136,-8.25371850980019,"Old"
"DNAJB4",58.4782432738444,32.5521118901454,-25.926131383699,"Old"
"NIPSNAP3A",52.5052445828416,51.5916360829191,-0.913608499922468,"Old"
"TES",27.771538186192,30.6172324937731,2.84569430758115,"Old"
"KDM5B",31.0562876606659,40.3455863742239,9.28929871355799,"Old"
"WARS2",31.2323700314595,37.868521638098,6.63615160663856,"Old"
"MLX",26.8173059154724,25.6423626201444,-1.17494329532804,"Old"
"SEPTIN9",14.6291075613394,20.7166148541082,6.08750729276875,"Old"
"UBQLN2",28.5789682761011,18.6644638375476,-9.91450443855356,"Old"
"PCYOX1",21.8060854423678,20.6175019686681,-1.18858347369962,"Old"
"DPP7",25.9522145402713,28.2278723921518,2.2756578518805,"Old"
"SMPX",27.9369643564205,38.0326724405213,10.0957080841008,"Old"
"BCAP29",25.9149137618647,17.3301804445001,-8.58473331736456,"Old"
"CYB5R1",16.2129562992568,16.5939756901009,0.38101939084412,"Old"
"PFDN2",16.9097922763028,15.6932805979835,-1.2165116783193,"Old"
"PUF60",13.4630297874746,17.6758280525702,4.21279826509563,"Old"
"ENOPH1",21.9530956096317,23.1548445202677,1.20174891063595,"Old"
"NDUFA12",32.3384124565292,29.528876977728,-2.80953547880124,"Old"
"EIF2B4",27.28992561726,26.3360080973868,-0.953917519873215,"Old"
"ATP6V1H",23.5906533963756,20.9721494100521,-2.61850398632353,"Old"
"TRMT112",40.5551710796086,40.3129690274382,-0.242202052170434,"Old"
"XPO7",25.9835962047164,26.591535596658,0.60793939194162,"Old"
"LCMT1",19.7345383022027,27.4838403090055,7.74930200680284,"Old"
"ATP5IF1",35.9424677848967,29.5281463959023,-6.41432138899441,"Old"
"AK3",49.7739116872591,40.6198724679628,-9.15403921929628,"Old"
"NAGK",13.519486289561,16.5154536803669,2.99596739080597,"Old"
"SLC25A13",16.9377571141231,12.471008421458,-4.46674869266506,"Old"
"DBNL",24.0277526419713,35.1152016739597,11.0874490319884,"Old"
"DCTN4",23.1215360575627,15.4360790865412,-7.68545697102155,"Old"
"HSPB8",24.3079818397558,37.1131825156631,12.8052006759073,"Old"
"STOML2",20.7591327715945,12.2099511061398,-8.54918166545472,"Old"
"VPS28",11.2085500186313,13.6890962841514,2.48054626552013,"Old"
"JPT1",23.6356889448345,34.6851098783908,11.0494209335563,"Old"
"APPL1",17.3706394066915,10.7135001140901,-6.6571392926014,"Old"
"PACSIN3",21.603098805609,24.0277531898366,2.42465438422752,"Old"
"ACAD8",22.3710240747831,26.3375628630637,3.96653878828065,"Old"
"AGO2",27.4452941020886,21.5890189724875,-5.85627512960118,"Old"
"MYH2",65.4704090942154,66.1655641580854,0.695155063870047,"Old"
"MYH13",70.3508104447247,82.0137397146691,11.6629292699444,"Old"
"CDV3",16.9851418019435,18.6730768950229,1.68793509307937,"Old"
"RAB21",11.774170717,18.1968102254165,6.42263950841657,"Old"
"PSME2",24.955639737573,29.0140647395197,4.05842500194672,"Old"
"DNPEP",16.8404905567433,16.0722308393074,-0.768259717435917,"Old"
"MCTS1",13.4047445186034,15.0839128638096,1.67916834520621,"Old"
"TBC1D24",27.8774811760638,24.8559808598547,-3.02150031620909,"Old"
"TMCO1",29.1164732520925,19.5951075668349,-9.52136568525763,"Old"
"EPDR1",34.6854193530334,26.8712008172508,-7.81421853578268,"Old"
"MYO6",44.1902044994395,17.6086664116385,-26.581538087801,"Old"
"NFU1",23.728848653218,19.2083729040427,-4.52047574917524,"Old"
"SYNPO2",39.8448696256133,26.6531486031323,-13.1917210224809,"Old"
"UBQLN1",56.983969879109,35.4018573194528,-21.5821125596562,"Old"
"SNX12",24.7508586450163,17.682058600646,-7.06880004437033,"Old"
"NDRG2",24.3530682461952,23.2957979809999,-1.05727026519531,"Old"
"VPS4A",11.2069475538049,17.9459203074512,6.73897275364628,"Old"
"G3BP2",28.8516770982318,36.7707728730507,7.91909577481886,"Old"
"STUB1",22.6565280707915,15.4195602087826,-7.23696786200895,"Old"
"PACSIN2",23.4171439653069,23.7204173614944,0.303273396187443,"Old"
"SNX6",10.0062561135276,13.3503916434633,3.34413552993567,"Old"
"PSMD13",8.51902030960611,10.9218850830542,2.40286477344811,"Old"
"COPS3",13.6241682347451,12.5310109048249,-1.09315732992023,"Old"
"NSFL1C",15.5258227731138,11.828739498522,-3.69708327459188,"Old"
"PPP6R1",16.097945792919,14.885691582785,-1.21225421013403,"Old"
"LIMCH1",24.4688423444947,17.979005686652,-6.48983665784267,"Old"
"USP24",19.7217090293558,26.433295897444,6.71158686808814,"Old"
"MAPRE3",19.7246622163492,40.6210849147302,20.8964226983811,"Old"
"PA2G4",22.9060303308446,18.3827135919198,-4.5233167389248,"Old"
"CAMK2A",42.8413058844684,34.3967787284553,-8.44452715601312,"Old"
"CHMP2B",24.4877673580903,16.9970419685414,-7.49072538954891,"Old"
"RTRAF",26.1069357629638,31.6004552020298,5.49351943906598,"Old"
"RUVBL2",20.6635307704444,17.444374256918,-3.21915651352644,"Old"
"APOBEC2",49.121313077054,39.0825903523912,-10.0387227246627,"Old"
"PIN4",29.2820376698078,22.5616960637672,-6.72034160604055,"Old"
"EIF3L",24.3450826106667,19.4919563787073,-4.85312623195936,"Old"
"PLAA",22.0864691269493,15.5540549649226,-6.53241416202676,"Old"
"NUDC",15.4005358528362,6.99860759006927,-8.40192826276695,"Old"
"BCS1L",36.0902614607079,31.5724932755999,-4.51776818510805,"Old"
"VDAC3",20.6583365839513,17.7664008660517,-2.89193571789963,"Old"
"CFL2",18.6168517615658,16.7598009188493,-1.85705084271649,"Old"
"FARSA",12.3146323494879,26.2182223534297,13.9035900039419,"Old"
"CNPY2",29.8317107417901,23.6172654955864,-6.21444524620376,"Old"
"FNDC3A",121.540328572699,77.0325930933711,-44.5077354793274,"Old"
"PADI2",18.1197541310489,19.3557942374203,1.23604010637135,"Old"
"GSTK1",27.4784724797102,17.7110814224641,-9.76739105724609,"Old"
"LAMTOR2",20.71469854854,24.805912679587,4.09121413104699,"Old"
"MRPS35",30.7281208279546,18.2728960215674,-12.4552248063871,"Old"
"COA3",32.5879339482367,30.4037838843277,-2.18415006390908,"Old"
"TMA7",25.7526087707862,29.0785518623359,3.32594309154969,"Old"
"SUGT1",22.3490169979365,13.1188302904932,-9.23018670744325,"Old"
"COQ6",22.9641497539869,21.3684019061858,-1.59574784780103,"Old"
"ACOT9",23.2780903207829,20.2882754489061,-2.98981487187678,"Old"
"MEMO1",20.9456616305727,21.2134897399931,0.267828109420389,"Old"
"TMX2",29.8805943677359,30.3235546424891,0.442960274753286,"Old"
"SH3GLB1",23.6705155959203,15.0207424738333,-8.64977312208703,"Old"
"CAB39",21.4397238505997,14.6432262683924,-6.79649758220733,"Old"
"LUC7L2",28.423912077819,13.4507981437069,-14.9731139341121,"Old"
"DHRS7",23.4125279786354,25.7340336217732,2.32150564313779,"Old"
"MOB4",19.3973270691116,21.0163665934572,1.61903952434562,"Old"
"SBDS",16.8238536837979,17.8265933304894,1.00273964669148,"Old"
"MRPL11",26.1811986600335,19.7639782995734,-6.41722036046012,"Old"
"PPIL1",10.9989207428143,10.9324616256918,-0.0664591171224753,"Old"
"MSRB2",38.1138498718872,26.3072607049785,-11.8065891669087,"Old"
"FIS1",21.7053372181581,11.8838557817356,-9.8214814364225,"Old"
"PTRH2",26.4150156777045,33.1839831484896,6.76896747078512,"Old"
"STRAP",8.06260806250437,11.1174176984777,3.05480963597331,"Old"
"RTCB",14.6754614557432,16.1065677797967,1.43110632405352,"Old"
"RPL36",31.0023277082355,35.7793941642327,4.7770664559972,"Old"
"SAMHD1",31.3719994663687,28.6926041710455,-2.67939529532325,"Old"
"HBS1L",11.5828977053632,18.6938166765318,7.11091897116859,"Old"
"TLN1",10.0703648064214,11.918695946805,1.84833114038359,"Old"
"USP15",16.9045624977377,18.2229248977269,1.31836239998918,"Old"
"TLN2",26.2108108828806,27.4770022085137,1.26619132563307,"Old"
"DTNA",19.1034685348561,14.5999972291423,-4.50347130571375,"Old"
"HYOU1",30.444781793747,15.853621883886,-14.591159909861,"Old"
"AFG3L2",23.42451654117,16.4014379623969,-7.0230785787731,"Old"
"ARIH1",22.3925586253239,22.4136626858552,0.0211040605312824,"Old"
"RNF114",12.4243877032505,12.7606411484224,0.336253445171927,"Old"
"SAMM50",20.7846965844202,12.7819829156867,-8.00271366873349,"Old"
"PPME1",44.277458014463,38.9448038198621,-5.33265419460083,"Old"
"TIMM9",26.1836155254567,24.157089508096,-2.02652601736069,"Old"
"TIMM8B",27.2222220193321,23.0980455809327,-4.12417643839948,"Old"
"UCHL5",23.3425997176571,15.137167063163,-8.20543265449404,"Old"
"TIMM13",24.9478372732253,19.1782271021992,-5.76961017102611,"Old"
"SRPRB",21.2544993991481,13.468955564439,-7.7855438347091,"Old"
"GMPPB",18.9712181700963,27.6696269904289,8.69840882033262,"Old"
"MPC1",29.0016160712499,35.1783440621911,6.17672799094119,"Old"
"SNX5",27.0908024798438,28.8291485877879,1.73834610794406,"Old"
"HEBP2",16.7857266872485,20.5525830414156,3.76685635416712,"Old"
"HCFC2",42.8041186355855,48.9109755044095,6.106856868824,"Old"
"FHOD1",19.9478224638247,14.3605306465166,-5.5872918173081,"Old"
"MYH4",90.8083084934088,87.1352469323373,-3.67306156107156,"Old"
"MRPS18B",37.4504254761957,25.6840912344289,-11.7663342417668,"Old"
"COPG1",12.4799868854861,18.8301227416216,6.35013585613546,"Old"
"CLIC4",31.213173581064,49.9163061258087,18.7031325447447,"Old"
"NFS1",33.6280687490168,35.7267049235844,2.09863617456751,"Old"
"SPCS1",18.4047348176181,11.1395799335944,-7.26515488402363,"Old"
"SAR1B",15.9446100823211,23.022469292251,7.07785920992989,"Old"
"MTCH2",21.6343631875817,14.3187294035201,-7.31563378406158,"Old"
"BZW2",14.2972666956896,18.7061702459082,4.40890355021862,"Old"
"DYNC1LI1",25.7757933726826,32.0462573203697,6.27046394768714,"Old"
"CHCHD2",49.3103699796502,34.8190669322104,-14.4913030474398,"Old"
"NDUFB9",29.1444901253464,25.1444800806966,-4.00001004464982,"Old"
"COX11",33.7918933235813,25.8924381699366,-7.89945515364469,"Old"
"SQOR",36.3140143297677,38.7738678446474,2.45985351487978,"Old"
"SESN1",29.0427055009736,26.3083910869492,-2.73431441402435,"Old"
"SEC23IP",16.7871513889776,14.112852828813,-2.67429856016458,"Old"
