uniprot_id,gene,group,z,module
A0A0U1RRL7,MMP24OS,Young_Pre,-0.40173593513627537,green
A0A0U1RRL7,MMP24OS,Young_Post,-1.1183446173330909,green
A0A0U1RRL7,MMP24OS,Old_Pre,1.2251161368770562,green
A0A0U1RRL7,MMP24OS,Old_Post,0.29496441559232767,green
A0FGR8,ESYT2,Young_Pre,0.19543704144592078,blue
A0FGR8,ESYT2,Young_Post,1.2742965243828397,blue
A0FGR8,ESYT2,Old_Pre,-1.0939728630041199,blue
A0FGR8,ESYT2,Old_Post,-0.3757607028246162,blue
A1L4K1,FSD2,Young_Pre,0.7367331082468158,brown
A1L4K1,FSD2,Young_Post,0.9613215923110053,brown
A1L4K1,FSD2,Old_Pre,-1.0627915197816329,brown
A1L4K1,FSD2,Old_Post,-0.6352631807761765,brown
A2RTX5,TARS3,Young_Pre,-0.8243986202229158,turquoise
A2RTX5,TARS3,Young_Post,-0.8789767135157189,turquoise
A2RTX5,TARS3,Old_Pre,1.0719410303815873,turquoise
A2RTX5,TARS3,Old_Post,0.6314343033571425,turquoise
A3KMH1,VWA8,Young_Pre,-0.7229919896330953,turquoise
A3KMH1,VWA8,Young_Post,-0.9389449481463054,turquoise
A3KMH1,VWA8,Old_Pre,1.1585717157441116,turquoise
A3KMH1,VWA8,Old_Post,0.5033652220353085,turquoise
A5YM72,CARNS1,Young_Pre,-0.1689963579083119,blue
A5YM72,CARNS1,Young_Post,1.3750252548887119,blue
A5YM72,CARNS1,Old_Pre,-1.023426704053757,blue
A5YM72,CARNS1,Old_Post,-0.18260219292665142,blue
A6NCE7,MAP1LC3B2,Young_Pre,1.3639342129053014,black
A6NCE7,MAP1LC3B2,Young_Post,0.0930639902594512,black
A6NCE7,MAP1LC3B2,Old_Pre,-0.9150475866616777,black
A6NCE7,MAP1LC3B2,Old_Post,-0.5419506165030393,black
A8MU46,SMTNL1,Young_Pre,0.682846892744488,red
A8MU46,SMTNL1,Young_Post,0.9338843236303938,red
A8MU46,SMTNL1,Old_Pre,-0.38725381890465405,red
A8MU46,SMTNL1,Old_Post,-1.2294773974703077,red
A8MXV4,NUDT19,Young_Pre,1.2783447518441882,pink
A8MXV4,NUDT19,Young_Post,0.2707088386668369,pink
A8MXV4,NUDT19,Old_Pre,-0.9898961372734388,pink
A8MXV4,NUDT19,Old_Post,-0.5591574532376359,pink
E9PAV3,NACA,Young_Pre,0.2384865400901741,blue
E9PAV3,NACA,Young_Post,1.3028131903609594,blue
E9PAV3,NACA,Old_Pre,-0.9409430413557404,blue
E9PAV3,NACA,Old_Post,-0.6003566890953457,blue
L0R6Q1,SLC35A4,Young_Pre,0.9651354318839532,brown
L0R6Q1,SLC35A4,Young_Post,0.552275368149982,brown
L0R6Q1,SLC35A4,Old_Pre,-1.3119855044067696,brown
L0R6Q1,SLC35A4,Old_Post,-0.20542529562712428,brown
O00151,PDLIM1,Young_Pre,-0.7822709196759131,turquoise
O00151,PDLIM1,Young_Post,-0.9390115378933644,turquoise
O00151,PDLIM1,Old_Pre,0.9722272730837273,turquoise
O00151,PDLIM1,Old_Post,0.7490551844855747,turquoise
O00159,MYO1C,Young_Pre,-1.2269815759645655,turquoise
O00159,MYO1C,Young_Post,-0.14519683306995879,turquoise
O00159,MYO1C,Old_Pre,1.2018397734940185,turquoise
O00159,MYO1C,Old_Post,0.17033863554053788,turquoise
O00217,NDUFS8,Young_Pre,0.5586952353232569,green
O00217,NDUFS8,Young_Post,-1.498583618300874,green
O00217,NDUFS8,Old_Pre,0.4842914344161158,green
O00217,NDUFS8,Old_Post,0.45559694856147975,green
O00231,PSMD11,Young_Pre,0.05121674742268609,red
O00231,PSMD11,Young_Post,1.3253225078211357,red
O00231,PSMD11,Old_Pre,-1.0713276744193438,red
O00231,PSMD11,Old_Post,-0.3052115808244778,red
O00232,PSMD12,Young_Pre,0.6195218243539905,magenta
O00232,PSMD12,Young_Post,1.065807357252167,magenta
O00232,PSMD12,Old_Pre,-0.6693438459546697,magenta
O00232,PSMD12,Old_Post,-1.0159853356514879,magenta
O00299,CLIC1,Young_Pre,-0.670731178905986,black
O00299,CLIC1,Young_Post,1.1413271038814996,black
O00299,CLIC1,Old_Pre,-0.9892083899548066,black
O00299,CLIC1,Old_Post,0.5186124649792686,black
O00303,EIF3F,Young_Pre,-1.4901041248764264,purple
O00303,EIF3F,Young_Post,0.550520916813942,purple
O00303,EIF3F,Old_Pre,0.6022833296975117,purple
O00303,EIF3F,Old_Post,0.33729987836504505,purple
O00330,PDHX,Young_Pre,0.7496652860635417,pink
O00330,PDHX,Young_Post,0.4878662133716165,pink
O00330,PDHX,Old_Pre,0.22806552352227136,pink
O00330,PDHX,Old_Post,-1.465597022957614,pink
O00399,DCTN6,Young_Pre,0.30572727966671254,blue
O00399,DCTN6,Young_Post,1.2820410475429687,blue
O00399,DCTN6,Old_Pre,-0.8285067894250535,blue
O00399,DCTN6,Old_Post,-0.7592615377846488,blue
O00410,IPO5,Young_Pre,0.44373693063616804,blue
O00410,IPO5,Young_Post,1.2020906141792724,blue
O00410,IPO5,Old_Pre,-0.7798932072365651,blue
O00410,IPO5,Old_Post,-0.8659343375787548,blue
O00423,EML1,Young_Pre,1.2377058489742845,yellow
O00423,EML1,Young_Post,0.060739697802821756,yellow
O00423,EML1,Old_Pre,-0.09181156900112793,yellow
O00423,EML1,Old_Post,-1.20663397777587,yellow
O00429,DNM1L,Young_Pre,-0.8330536063329154,turquoise
O00429,DNM1L,Young_Post,-0.7958319897487489,turquoise
O00429,DNM1L,Old_Pre,1.2303989198296628,turquoise
O00429,DNM1L,Old_Post,0.3984866762518798,turquoise
O00442,RTCA,Young_Pre,-0.19152883772563642,turquoise
O00442,RTCA,Young_Post,-1.0653095849733727,turquoise
O00442,RTCA,Old_Pre,1.349047680845769,turquoise
O00442,RTCA,Old_Post,-0.09220925814678317,turquoise
O00483,NDUFA4,Young_Pre,-1.2391574125325286,pink
O00483,NDUFA4,Young_Post,-0.3736547004737794,pink
O00483,NDUFA4,Old_Pre,0.6962025723253277,pink
O00483,NDUFA4,Old_Post,0.9166095406808371,pink
O00487,PSMD14,Young_Pre,0.7073937881212714,magenta
O00487,PSMD14,Young_Post,1.0032133587729424,magenta
O00487,PSMD14,Old_Pre,-0.9779179686137096,magenta
O00487,PSMD14,Old_Post,-0.7326891782805215,magenta
O00499,BIN1,Young_Pre,-0.2461676939609804,blue
O00499,BIN1,Young_Post,1.4759514609860802,blue
O00499,BIN1,Old_Pre,-0.5659802568591359,blue
O00499,BIN1,Old_Post,-0.663803510165964,blue
O00505,KPNA3,Young_Pre,0.4217429521923458,black
O00505,KPNA3,Young_Post,1.2165392276221583,black
O00505,KPNA3,Old_Pre,-0.8096295289543535,black
O00505,KPNA3,Old_Post,-0.8286526508602494,black
O00571,DDX3X,Young_Pre,0.8067316467806194,purple
O00571,DDX3X,Young_Post,0.9051812738578069,purple
O00571,DDX3X,Old_Pre,-1.0355504296157434,purple
O00571,DDX3X,Old_Post,-0.6763624910227037,purple
O00629,KPNA4,Young_Pre,-0.7793786146443165,blue
O00629,KPNA4,Young_Post,1.2805258688262096,blue
O00629,KPNA4,Old_Pre,-0.810595139675504,blue
O00629,KPNA4,Old_Post,0.3094478854935642,blue
O00748,CES2,Young_Pre,-1.129491655651574,turquoise
O00748,CES2,Young_Post,-0.44321568351795376,turquoise
O00748,CES2,Old_Pre,0.4048407141308689,turquoise
O00748,CES2,Old_Post,1.167866625038659,turquoise
O00757,FBP2,Young_Pre,0.23514340461494304,magenta
O00757,FBP2,Young_Post,1.3068443073340394,magenta
O00757,FBP2,Old_Pre,-0.616070514037591,magenta
O00757,FBP2,Old_Post,-0.9259171979114366,magenta
O00764,PDXK,Young_Pre,0.9995171996804789,pink
O00764,PDXK,Young_Post,0.05728806773756274,pink
O00764,PDXK,Old_Pre,0.31990885336877534,pink
O00764,PDXK,Old_Post,-1.3767141207869067,pink
O14521,SDHD,Young_Pre,-1.3288647317038422,pink
O14521,SDHD,Young_Post,0.2902230282923564,pink
O14521,SDHD,Old_Pre,1.0718155687165618,pink
O14521,SDHD,Old_Post,-0.033173865305127906,pink
O14548,COX7A2L,Young_Pre,0.7300966791713336,green
O14548,COX7A2L,Young_Post,-1.1039622952676982,green
O14548,COX7A2L,Old_Pre,-0.5806407520231464,green
O14548,COX7A2L,Old_Post,0.9545063681192817,green
O14558,HSPB6,Young_Pre,-1.3798075436064485,blue
O14558,HSPB6,Young_Post,0.6288097801264235,blue
O14558,HSPB6,Old_Pre,-0.08206563974743761,blue
O14558,HSPB6,Old_Post,0.8330634032274742,blue
O14561,NDUFAB1,Young_Pre,1.4577251739803798,green
O14561,NDUFAB1,Young_Post,-0.5417690824404023,green
O14561,NDUFAB1,Old_Pre,-0.17334161306949464,green
O14561,NDUFAB1,Old_Post,-0.7426144784705061,green
O14732,IMPA2,Young_Pre,1.3514840393275134,yellow
O14732,IMPA2,Young_Post,-0.36194076927912144,yellow
O14732,IMPA2,Old_Pre,0.031009607189473168,yellow
O14732,IMPA2,Old_Post,-1.0205528772379115,yellow
O14744,PRMT5,Young_Pre,-0.45413314563238366,magenta
O14744,PRMT5,Young_Post,1.024331928366005,magenta
O14744,PRMT5,Old_Pre,0.6042666358268769,magenta
O14744,PRMT5,Old_Post,-1.1744654185604984,magenta
O14818,PSMA7,Young_Pre,0.11294567600318366,red
O14818,PSMA7,Young_Post,1.3303783000533358,red
O14818,PSMA7,Old_Pre,-1.0180947823423014,red
O14818,PSMA7,Old_Post,-0.4252291937141207,red
O14841,OPLAH,Young_Pre,-0.4646848677418355,turquoise
O14841,OPLAH,Young_Post,-1.1704020153619425,turquoise
O14841,OPLAH,Old_Pre,1.0143587591461518,turquoise
O14841,OPLAH,Old_Post,0.620728123957611,turquoise
O14880,MGST3,Young_Pre,1.2356359407854374,green
O14880,MGST3,Young_Post,-1.051712914610517,green
O14880,MGST3,Old_Pre,0.3264819880582433,green
O14880,MGST3,Old_Post,-0.5104050142330849,green
O14924,RGS12,Young_Pre,1.1313901100376202,green
O14924,RGS12,Young_Post,-1.0544476419860915,green
O14924,RGS12,Old_Pre,0.5115908158940747,green
O14924,RGS12,Old_Post,-0.5885332839456638,green
O14949,UQCRQ,Young_Pre,-0.03526831352076719,green
O14949,UQCRQ,Young_Post,-1.337613568816002,green
O14949,UQCRQ,Old_Pre,0.3209660753045607,green
O14949,UQCRQ,Old_Post,1.0519158070322487,green
O14950,MYL12B,Young_Pre,-0.5632491860777628,turquoise
O14950,MYL12B,Young_Post,-0.9189368313120462,turquoise
O14950,MYL12B,Old_Pre,0.1328711086584058,turquoise
O14950,MYL12B,Old_Post,1.34931490873139,turquoise
O14957,UQCR11,Young_Pre,0.7793669273998004,green
O14957,UQCR11,Young_Post,-1.461102790982457,green
O14957,UQCR11,Old_Pre,0.22820930404525988,green
O14957,UQCR11,Old_Post,0.4535265595374172,green
O14958,CASQ2,Young_Pre,-1.440685492473206,blue
O14958,CASQ2,Young_Post,0.13665079614313722,blue
O14958,CASQ2,Old_Pre,0.8185986002227745,blue
O14958,CASQ2,Old_Post,0.48543609610740324,blue
O14964,HGS,Young_Pre,0.9836396058860648,black
O14964,HGS,Young_Post,0.5448301776270132,black
O14964,HGS,Old_Pre,-0.2315514662011482,black
O14964,HGS,Old_Post,-1.2969183173119743,black
O14979,HNRNPDL,Young_Pre,1.4793601148795197,brown
O14979,HNRNPDL,Young_Post,-0.42621912304697346,brown
O14979,HNRNPDL,Old_Pre,-0.33256284746710385,brown
O14979,HNRNPDL,Old_Post,-0.7205781443655471,brown
O14980,XPO1,Young_Pre,-1.1333133973593505,yellow
O14980,XPO1,Young_Post,-0.32437344185087175,yellow
O14980,XPO1,Old_Pre,1.2522730485832114,yellow
O14980,XPO1,Old_Post,0.2054137906269558,yellow
O14983,ATP2A1,Young_Pre,0.5601084931482377,red
O14983,ATP2A1,Young_Post,1.110103585103014,red
O14983,ATP2A1,Old_Pre,-1.007071607011267,red
O14983,ATP2A1,Old_Post,-0.6631404712399847,red
O15061,SYNM,Young_Pre,0.7292714212804882,brown
O15061,SYNM,Young_Post,0.98520995549889,brown
O15061,SYNM,Old_Pre,-0.7393395814658231,brown
O15061,SYNM,Old_Post,-0.9751417953135602,brown
O15143,ARPC1B,Young_Pre,-0.7618750091942973,blue
O15143,ARPC1B,Young_Post,0.440376501694703,blue
O15143,ARPC1B,Old_Pre,-0.8818279285149241,blue
O15143,ARPC1B,Old_Post,1.2033264360145184,blue
O15144,ARPC2,Young_Pre,-0.2604119327376234,green
O15144,ARPC2,Young_Post,-1.283584801653634,green
O15144,ARPC2,Old_Pre,0.5567860019069739,green
O15144,ARPC2,Old_Post,0.9872107324842572,green
O15173,PGRMC2,Young_Pre,-1.2406744364195992,pink
O15173,PGRMC2,Young_Post,0.3820571324187639,pink
O15173,PGRMC2,Old_Pre,1.1171122042659059,pink
O15173,PGRMC2,Old_Post,-0.2584949002650351,pink
O15212,PFDN6,Young_Pre,-0.5368628751248616,red
O15212,PFDN6,Young_Post,-1.1095420578261117,red
O15212,PFDN6,Old_Pre,1.0735722665762735,red
O15212,PFDN6,Old_Post,0.5728326663746998,red
O15239,NDUFA1,Young_Pre,1.216558471651721,green
O15239,NDUFA1,Young_Post,0.08846792071360617,green
O15239,NDUFA1,Old_Pre,-1.227235724744062,green
O15239,NDUFA1,Old_Post,-0.0777906676212353,green
O15260,SURF4,Young_Pre,-0.19180373154129396,blue
O15260,SURF4,Young_Post,1.4278634359603077,blue
O15260,SURF4,Old_Pre,-0.334749478400761,blue
O15260,SURF4,Old_Post,-0.9013102260181438,blue
O15273,TCAP,Young_Pre,1.0506439381728754,brown
O15273,TCAP,Young_Post,0.6555007192575767,brown
O15273,TCAP,Old_Pre,-0.7789058733793638,brown
O15273,TCAP,Old_Post,-0.927238784051078,brown
O15371,EIF3D,Young_Pre,0.7724303351150774,purple
O15371,EIF3D,Young_Post,0.9533140427094909,purple
O15371,EIF3D,Old_Pre,-0.9150587991214666,purple
O15371,EIF3D,Old_Post,-0.8106855787031588,purple
O15372,EIF3H,Young_Pre,0.5071903971073671,black
O15372,EIF3H,Young_Post,1.1035894248630578,black
O15372,EIF3H,Old_Pre,-0.4680899962365301,black
O15372,EIF3H,Old_Post,-1.1426898257339047,black
O15382,BCAT2,Young_Pre,-0.8548626151814321,turquoise
O15382,BCAT2,Young_Post,-0.8576745513308502,turquoise
O15382,BCAT2,Old_Pre,1.039588658291239,turquoise
O15382,BCAT2,Old_Post,0.6729485082209552,turquoise
O15400,STX7,Young_Pre,-1.247226419025848,blue
O15400,STX7,Young_Post,0.8163229072644387,blue
O15400,STX7,Old_Pre,-0.36987048551091817,blue
O15400,STX7,Old_Post,0.8007739972721468,blue
O15427,SLC16A3,Young_Pre,0.9122492363317167,yellow
O15427,SLC16A3,Young_Post,-1.3714099530233312,yellow
O15427,SLC16A3,Old_Pre,-0.0717681024801377,yellow
O15427,SLC16A3,Old_Post,0.5309288191717837,yellow
O43169,CYB5B,Young_Pre,0.45299464379276366,magenta
O43169,CYB5B,Young_Post,0.9348743048129474,magenta
O43169,CYB5B,Old_Pre,-0.0019388899082194728,magenta
O43169,CYB5B,Old_Post,-1.3859300586975878,magenta
O43181,NDUFS4,Young_Pre,1.425093625587556,green
O43181,NDUFS4,Young_Post,-0.8737977817864023,green
O43181,NDUFS4,Old_Pre,-0.11190721047140274,green
O43181,NDUFS4,Old_Post,-0.4393886333297509,green
O43237,DYNC1LI2,Young_Pre,0.04340676262670384,blue
O43237,DYNC1LI2,Young_Post,1.3914782750533314,blue
O43237,DYNC1LI2,Old_Pre,-0.5900523164423134,blue
O43237,DYNC1LI2,Old_Post,-0.8448327212377219,blue
O43242,PSMD3,Young_Pre,0.5539992867896307,magenta
O43242,PSMD3,Young_Post,1.1264991501975767,magenta
O43242,PSMD3,Old_Pre,-0.76263814814119,magenta
O43242,PSMD3,Old_Post,-0.9178602888460173,magenta
O43396,TXNL1,Young_Pre,0.4057930824905131,blue
O43396,TXNL1,Young_Post,1.2061216385294675,blue
O43396,TXNL1,Old_Pre,-1.007784060123107,blue
O43396,TXNL1,Old_Post,-0.6041306608968187,blue
O43399,TPD52L2,Young_Pre,1.1671634009568908,yellow
O43399,TPD52L2,Young_Post,-1.0984401500232315,yellow
O43399,TPD52L2,Old_Pre,0.4286704412813423,yellow
O43399,TPD52L2,Old_Post,-0.4973936922150751,yellow
O43488,AKR7A2,Young_Pre,-0.793816065166337,turquoise
O43488,AKR7A2,Young_Post,-0.9352986091820102,turquoise
O43488,AKR7A2,Old_Pre,0.8733262545143025,turquoise
O43488,AKR7A2,Old_Post,0.8557884198340447,turquoise
O43561,LAT,Young_Pre,0.4624438986605281,red
O43561,LAT,Young_Post,0.5132773417003592,red
O43561,LAT,Old_Pre,-1.4994623307471207,red
O43561,LAT,Old_Post,0.5237410903863441,red
O43583,DENR,Young_Pre,0.9002882537314364,red
O43583,DENR,Young_Post,0.8296825069057402,red
O43583,DENR,Old_Pre,-0.816464345714917,red
O43583,DENR,Old_Post,-0.9135064149222596,red
O43615,TIMM44,Young_Pre,-0.8997767665057929,turquoise
O43615,TIMM44,Young_Post,-0.8267157469879045,turquoise
O43615,TIMM44,Old_Pre,0.7722664662331351,turquoise
O43615,TIMM44,Old_Post,0.9542260472604993,turquoise
O43674,NDUFB5,Young_Pre,0.3964648476852545,green
O43674,NDUFB5,Young_Post,-1.456680934724144,green
O43674,NDUFB5,Old_Pre,0.24826836981022268,green
O43674,NDUFB5,Old_Post,0.8119477172286871,green
O43676,NDUFB3,Young_Pre,0.9515174522245035,green
O43676,NDUFB3,Young_Post,-1.410404330142358,green
O43676,NDUFB3,Old_Pre,0.22290202224320965,green
O43676,NDUFB3,Old_Post,0.2359848556746035,green
O43678,NDUFA2,Young_Pre,1.298248261445695,green
O43678,NDUFA2,Young_Post,-1.0658623413940258,green
O43678,NDUFA2,Old_Pre,0.15902269444551503,green
O43678,NDUFA2,Old_Post,-0.39140861449713266,green
O43684,BUB3,Young_Pre,-0.7199981502636965,turquoise
O43684,BUB3,Young_Post,-0.9772150824408683,turquoise
O43684,BUB3,Old_Pre,1.0564370371684297,turquoise
O43684,BUB3,Old_Post,0.640776195536111,turquoise
O43707,ACTN4,Young_Pre,1.2237907126163798,brown
O43707,ACTN4,Young_Post,0.36315706225520356,brown
O43707,ACTN4,Old_Pre,-1.029325132676429,brown
O43707,ACTN4,Old_Post,-0.5576226421951636,brown
O43741,PRKAB2,Young_Pre,-1.2381605718397193,red
O43741,PRKAB2,Young_Post,0.25689753213864935,red
O43741,PRKAB2,Old_Pre,-0.18742580802855327,red
O43741,PRKAB2,Old_Post,1.1686888477295634,red
O43760,SYNGR2,Young_Pre,0.9285848650329483,yellow
O43760,SYNGR2,Young_Post,0.31062546087045384,yellow
O43760,SYNGR2,Old_Pre,0.17833620568948882,yellow
O43760,SYNGR2,Old_Post,-1.417546531592891,yellow
O43765,SGTA,Young_Pre,-0.4748655637267493,turquoise
O43765,SGTA,Young_Post,-1.1648507463063609,turquoise
O43765,SGTA,Old_Pre,1.0112878373044203,turquoise
O43765,SGTA,Old_Post,0.6284284727287104,turquoise
O43772,SLC25A20,Young_Pre,-0.556869933675687,turquoise
O43772,SLC25A20,Young_Post,-1.1185578780024326,turquoise
O43772,SLC25A20,Old_Pre,0.7050583849316961,turquoise
O43772,SLC25A20,Old_Post,0.9703694267464527,turquoise
O43776,NARS1,Young_Pre,0.8141584724662759,brown
O43776,NARS1,Young_Post,0.9160775580269069,brown
O43776,NARS1,Old_Pre,-0.8884582035757823,brown
O43776,NARS1,Old_Post,-0.8417778269173718,brown
O43813,LANCL1,Young_Pre,1.4389044025825104,yellow
O43813,LANCL1,Young_Post,-0.5502787016079568,yellow
O43813,LANCL1,Old_Pre,-0.10378410532101233,yellow
O43813,LANCL1,Old_Post,-0.7848415956535736,yellow
O43826,SLC37A4,Young_Pre,0.6342199082101859,magenta
O43826,SLC37A4,Young_Post,1.0499618135487487,magenta
O43826,SLC37A4,Old_Pre,-0.6457349822231255,magenta
O43826,SLC37A4,Old_Post,-1.0384467395358252,magenta
O43837,IDH3B,Young_Pre,-1.1751223540049334,turquoise
O43837,IDH3B,Young_Post,0.355765850909896,turquoise
O43837,IDH3B,Old_Pre,-0.3508628626804784,turquoise
O43837,IDH3B,Old_Post,1.1702193657754607,turquoise
O43852,CALU,Young_Pre,-0.17157532414467053,blue
O43852,CALU,Young_Post,1.290623457217961,blue
O43852,CALU,Old_Pre,-1.1420696174406073,blue
O43852,CALU,Old_Post,0.023021484367330407,blue
O43865,AHCYL1,Young_Pre,-0.9994974673930295,blue
O43865,AHCYL1,Young_Post,1.1170606124800562,blue
O43865,AHCYL1,Old_Pre,-0.6696292844076184,blue
O43865,AHCYL1,Old_Post,0.5520661393205916,blue
O43920,NDUFS5,Young_Pre,-0.05950560532047753,green
O43920,NDUFS5,Young_Post,-1.3920414952747031,green
O43920,NDUFS5,Old_Pre,0.6748566290154063,green
O43920,NDUFS5,Old_Post,0.7766904715797501,green
O60220,TIMM8A,Young_Pre,-0.39161077638135994,green
O60220,TIMM8A,Young_Post,-1.2253730941873369,green
O60220,TIMM8A,Old_Pre,0.6710449254513255,green
O60220,TIMM8A,Old_Post,0.9459389451173713,green
O60237,PPP1R12B,Young_Pre,-0.1352602545985793,blue
O60237,PPP1R12B,Young_Post,1.45330030736525,blue
O60237,PPP1R12B,Old_Pre,-0.6365690822002226,blue
O60237,PPP1R12B,Old_Post,-0.6814709705664392,blue
O60271,SPAG9,Young_Pre,0.9697021523697995,blue
O60271,SPAG9,Young_Post,0.714081380870409,blue
O60271,SPAG9,Old_Pre,-1.098992937152386,blue
O60271,SPAG9,Old_Post,-0.5847905960878299,blue
O60313,OPA1,Young_Pre,-1.2021467108183888,turquoise
O60313,OPA1,Young_Post,-0.33379027882391155,turquoise
O60313,OPA1,Old_Pre,0.4047357062713409,turquoise
O60313,OPA1,Old_Post,1.1312012833710114,turquoise
O60343,TBC1D4,Young_Pre,1.344951991544693,green
O60343,TBC1D4,Young_Post,-0.6480381524652014,green
O60343,TBC1D4,Old_Pre,-0.8624152076523227,green
O60343,TBC1D4,Old_Post,0.16550136857275044,green
O60506,SYNCRIP,Young_Pre,0.3732815582981505,black
O60506,SYNCRIP,Young_Post,1.205461570509954,black
O60506,SYNCRIP,Old_Pre,-0.505374780198048,black
O60506,SYNCRIP,Old_Post,-1.073368348610091,black
O60613,SELENOF,Young_Pre,-0.45591206886219254,black
O60613,SELENOF,Young_Post,-1.111166547718015,black
O60613,SELENOF,Old_Pre,0.3775926409636842,black
O60613,SELENOF,Old_Post,1.189485975616482,black
O60662,KLHL41,Young_Pre,0.09058654838109576,blue
O60662,KLHL41,Young_Post,1.36223694683903,blue
O60662,KLHL41,Old_Pre,-0.9273551771956873,blue
O60662,KLHL41,Old_Post,-0.5254683180244385,blue
O60684,KPNA6,Young_Pre,0.4505588505156517,blue
O60684,KPNA6,Young_Post,0.8462213753871538,blue
O60684,KPNA6,Old_Pre,-1.4358184045797926,blue
O60684,KPNA6,Old_Post,0.13903817867703172,blue
O60763,USO1,Young_Pre,-0.004130017899342065,red
O60763,USO1,Young_Post,-1.2020353772481982,red
O60763,USO1,Old_Pre,1.24638527590306,red
O60763,USO1,Old_Post,-0.040219880755480254,red
O60825,PFKFB2,Young_Pre,-0.6011463870332471,pink
O60825,PFKFB2,Young_Post,0.21998042316140679,pink
O60825,PFKFB2,Old_Pre,-0.9313768856117661,pink
O60825,PFKFB2,Old_Post,1.3125428494836764,pink
O60869,EDF1,Young_Pre,1.3703039321202375,purple
O60869,EDF1,Young_Post,-0.3578599974265332,purple
O60869,EDF1,Old_Pre,-0.015466429727111245,purple
O60869,EDF1,Old_Post,-0.9969775049664826,purple
O60884,DNAJA2,Young_Pre,-0.065469533575457,blue
O60884,DNAJA2,Young_Post,1.3584213012554045,blue
O60884,DNAJA2,Old_Pre,-1.0430507013054886,blue
O60884,DNAJA2,Old_Post,-0.24990106637450415,blue
O60925,PFDN1,Young_Pre,1.2556195786771716,brown
O60925,PFDN1,Young_Post,-1.1141729068359607,brown
O60925,PFDN1,Old_Pre,0.22256374769187046,brown
O60925,PFDN1,Old_Post,-0.36401041953303587,brown
O75083,WDR1,Young_Pre,0.7270314366000746,red
O75083,WDR1,Young_Post,0.8718212514157414,red
O75083,WDR1,Old_Pre,-1.2648229688277468,red
O75083,WDR1,Old_Post,-0.3340297191881087,red
O75112,LDB3,Young_Pre,0.5686796059647975,black
O75112,LDB3,Young_Post,-1.4442001114993852,black
O75112,LDB3,Old_Pre,0.11556352257088445,black
O75112,LDB3,Old_Post,0.7599569829640984,black
O75122,CLASP2,Young_Pre,-0.2091608192808014,green
O75122,CLASP2,Young_Post,-1.1875022151726817,green
O75122,CLASP2,Old_Pre,1.2325395407219584,green
O75122,CLASP2,Old_Post,0.16412349373158314,green
O75131,CPNE3,Young_Pre,-0.6659310718941112,yellow
O75131,CPNE3,Young_Post,-0.1032835602098148,yellow
O75131,CPNE3,Old_Pre,1.4452728473469936,yellow
O75131,CPNE3,Old_Post,-0.6760582152432288,yellow
O75153,CLUH,Young_Pre,-1.374620370040884,pink
O75153,CLUH,Young_Post,0.6074689594406909,pink
O75153,CLUH,Old_Pre,-0.08925600799333158,pink
O75153,CLUH,Old_Post,0.8564074185933942,pink
O75208,COQ9,Young_Pre,-0.021649173551828927,turquoise
O75208,COQ9,Young_Post,-1.2948227236088459,turquoise
O75208,COQ9,Old_Pre,1.1359473152568007,turquoise
O75208,COQ9,Old_Post,0.18052458190384965,turquoise
O75251,NDUFS7,Young_Pre,0.51666724696274,green
O75251,NDUFS7,Young_Post,-1.4960412301013317,green
O75251,NDUFS7,Old_Pre,0.4021401631616888,green
O75251,NDUFS7,Old_Post,0.5772338199769029,green
O75298,RTN2,Young_Pre,0.4930358047122963,yellow
O75298,RTN2,Young_Post,1.0016509714367545,yellow
O75298,RTN2,Old_Pre,-0.18317730113993916,yellow
O75298,RTN2,Old_Post,-1.31150947500908,yellow
O75306,NDUFS2,Young_Pre,0.867220490264034,green
O75306,NDUFS2,Young_Post,-1.3570317239262222,green
O75306,NDUFS2,Old_Pre,-0.13353592370931552,green
O75306,NDUFS2,Old_Post,0.6233471573715037,green
O75323,NIPSNAP2,Young_Pre,-0.2886708368484208,turquoise
O75323,NIPSNAP2,Young_Post,-1.2900808816547924,turquoise
O75323,NIPSNAP2,Old_Pre,0.8447472074543029,turquoise
O75323,NIPSNAP2,Old_Post,0.7340045110489326,turquoise
O75339,CILP,Young_Pre,0.5958486854889226,brown
O75339,CILP,Young_Post,-0.27237144268036645,brown
O75339,CILP,Old_Pre,-1.2838926611657326,brown
O75339,CILP,Old_Post,0.9604154183571355,brown
O75347,TBCA,Young_Pre,-0.8971232569450319,turquoise
O75347,TBCA,Young_Post,-0.8186793413551434,turquoise
O75347,TBCA,Old_Pre,1.0206045869466727,turquoise
O75347,TBCA,Old_Post,0.6951980113536421,turquoise
O75351,VPS4B,Young_Pre,-0.2731848590591734,green
O75351,VPS4B,Young_Post,-1.269567868323731,green
O75351,VPS4B,Old_Pre,0.5228562723737574,green
O75351,VPS4B,Old_Post,1.019896455009123,green
O75369,FLNB,Young_Pre,0.46009559989980503,blue
O75369,FLNB,Young_Post,1.1643072278517015,blue
O75369,FLNB,Old_Pre,-1.0502753989324785,blue
O75369,FLNB,Old_Post,-0.574127428819028,blue
O75380,NDUFS6,Young_Pre,0.38857357571262036,green
O75380,NDUFS6,Young_Post,-1.492253594194563,green
O75380,NDUFS6,Old_Pre,0.4707999102985759,green
O75380,NDUFS6,Old_Post,0.6328801081833512,green
O75390,CS,Young_Pre,-0.8758424701660665,turquoise
O75390,CS,Young_Post,-0.8542280211695676,turquoise
O75390,CS,Old_Pre,0.9225787196979809,turquoise
O75390,CS,Old_Post,0.8074917716376822,turquoise
O75396,SEC22B,Young_Pre,-1.41856172488128,blue
O75396,SEC22B,Young_Post,0.7516870290575751,blue
O75396,SEC22B,Old_Pre,0.649892963349043,blue
O75396,SEC22B,Old_Post,0.01698173247470959,blue
O75431,MTX2,Young_Pre,0.28117935002400857,green
O75431,MTX2,Young_Post,-1.4825108123286759,green
O75431,MTX2,Old_Pre,0.6280630237845172,green
O75431,MTX2,Old_Post,0.5732684385201184,green
O75436,VPS26A,Young_Pre,0.11927577772441895,red
O75436,VPS26A,Young_Post,-0.7709989908602163,red
O75436,VPS26A,Old_Pre,1.3696437370124517,red
O75436,VPS26A,Old_Post,-0.7179205238766543,red
O75438,NDUFB1,Young_Pre,1.2874613419699927,green
O75438,NDUFB1,Young_Post,-1.1537307570642361,green
O75438,NDUFB1,Old_Pre,-0.10155461694321835,green
O75438,NDUFB1,Old_Post,-0.03217596796253833,green
O75439,PMPCB,Young_Pre,-0.6663452462668539,green
O75439,PMPCB,Young_Post,-0.9940214044825603,green
O75439,PMPCB,Old_Pre,0.5223710832954598,green
O75439,PMPCB,Old_Post,1.1379955674539388,green
O75489,NDUFS3,Young_Pre,0.38163191966344784,green
O75489,NDUFS3,Young_Post,-1.486536166453691,green
O75489,NDUFS3,Old_Pre,0.6831437574647877,green
O75489,NDUFS3,Old_Post,0.4217604893254553,green
O75521,ECI2,Young_Pre,-0.9974488812910235,turquoise
O75521,ECI2,Young_Post,-0.7228143201476074,turquoise
O75521,ECI2,Old_Pre,0.8987479618176585,turquoise
O75521,ECI2,Old_Post,0.8215152396209349,turquoise
O75531,BANF1,Young_Pre,1.1842439269886336,brown
O75531,BANF1,Young_Post,0.325742910544681,brown
O75531,BANF1,Old_Pre,-1.1741758091759333,brown
O75531,BANF1,Old_Post,-0.3358110283574105,brown
O75534,CSDE1,Young_Pre,0.8685446776041394,black
O75534,CSDE1,Young_Post,0.8625236540240822,black
O75534,CSDE1,Old_Pre,-0.8243983853340338,black
O75534,CSDE1,Old_Post,-0.9066699462941878,black
O75569,PRKRA,Young_Pre,-0.06926896683531925,black
O75569,PRKRA,Young_Post,1.3796079466360565,black
O75569,PRKRA,Old_Pre,-0.9967756979964211,black
O75569,PRKRA,Old_Post,-0.31356328180442283,black
O75608,LYPLA1,Young_Pre,0.14089599680613102,green
O75608,LYPLA1,Young_Post,-1.439360339343952,green
O75608,LYPLA1,Old_Pre,0.46842107207062766,green
O75608,LYPLA1,Old_Post,0.8300432704671933,green
O75663,TIPRL,Young_Pre,-0.2216641006254606,blue
O75663,TIPRL,Young_Post,1.4208414018742557,blue
O75663,TIPRL,Old_Pre,-0.9259792427825596,blue
O75663,TIPRL,Old_Post,-0.27319805846627554,blue
O75688,PPM1B,Young_Pre,-0.3007186908402016,red
O75688,PPM1B,Young_Post,-1.2852159505292753,red
O75688,PPM1B,Old_Pre,0.7831213535766378,red
O75688,PPM1B,Old_Post,0.8028132877928598,red
O75746,SLC25A12,Young_Pre,-0.46427899585909216,green
O75746,SLC25A12,Young_Post,-1.118884997201582,green
O75746,SLC25A12,Old_Pre,0.4178593302528718,green
O75746,SLC25A12,Old_Post,1.165304662807933,green
O75821,EIF3G,Young_Pre,1.2579328751528793,purple
O75821,EIF3G,Young_Post,0.30032914600650057,purple
O75821,EIF3G,Old_Pre,-1.0171614943151885,purple
O75821,EIF3G,Old_Post,-0.5411005268442354,purple
O75832,PSMD10,Young_Pre,0.5259373627848116,yellow
O75832,PSMD10,Young_Post,-1.4582046927030048,yellow
O75832,PSMD10,Old_Pre,0.7511492587338005,yellow
O75832,PSMD10,Old_Post,0.18111807118439266,yellow
O75874,IDH1,Young_Pre,0.41812008028124814,yellow
O75874,IDH1,Young_Post,-1.3271144542292002,yellow
O75874,IDH1,Old_Pre,1.0249388745753554,yellow
O75874,IDH1,Old_Post,-0.1159445006274034,yellow
O75880,SCO1,Young_Pre,0.7961806606040264,pink
O75880,SCO1,Young_Post,0.7086456933490239,pink
O75880,SCO1,Old_Pre,-1.3572546682790907,pink
O75880,SCO1,Old_Post,-0.14757168567388884,pink
O75915,ARL6IP5,Young_Pre,-1.2798549504380996,blue
O75915,ARL6IP5,Young_Post,0.4025509003448718,blue
O75915,ARL6IP5,Old_Pre,1.0770456654894418,blue
O75915,ARL6IP5,Old_Post,-0.1997416153960615,blue
O75923,DYSF,Young_Pre,0.09708217396984868,blue
O75923,DYSF,Young_Post,1.361988277765925,blue
O75923,DYSF,Old_Pre,-0.9181084094880398,blue
O75923,DYSF,Old_Post,-0.5409620422477338,blue
O75935,DCTN3,Young_Pre,0.7538382917273962,red
O75935,DCTN3,Young_Post,0.775609893481936,red
O75935,DCTN3,Old_Pre,-1.3394202068417511,red
O75935,DCTN3,Old_Post,-0.19002797836755947,red
O75947,ATP5PD,Young_Pre,-1.45475937627647,pink
O75947,ATP5PD,Young_Post,0.3810608946772718,pink
O75947,ATP5PD,Old_Pre,0.8215012537814262,pink
O75947,ATP5PD,Old_Post,0.2521972278178297,pink
O75955,FLOT1,Young_Pre,-0.9826463259695188,magenta
O75955,FLOT1,Young_Post,1.3378973302504042,magenta
O75955,FLOT1,Old_Pre,-0.478736190879724,magenta
O75955,FLOT1,Old_Post,0.1234851865991199,magenta
O75964,ATP5MG,Young_Pre,-0.43480047596112686,pink
O75964,ATP5MG,Young_Post,1.2299705933365699,pink
O75964,ATP5MG,Old_Pre,0.30311927548182993,pink
O75964,ATP5MG,Old_Post,-1.098289392857199,pink
O76003,GLRX3,Young_Pre,-0.09885874672872187,blue
O76003,GLRX3,Young_Post,1.4015647611018516,blue
O76003,GLRX3,Old_Pre,-0.9491127162564402,blue
O76003,GLRX3,Old_Post,-0.3535932981167188,blue
O94760,DDAH1,Young_Pre,1.3083405661619054,yellow
O94760,DDAH1,Young_Post,-0.8894533593891965,yellow
O94760,DDAH1,Old_Pre,-0.6618728455930627,yellow
O94760,DDAH1,Old_Post,0.24298563882040256,yellow
O94812,BAIAP3,Young_Pre,0.7636364565326811,pink
O94812,BAIAP3,Young_Post,0.9599130145117903,pink
O94812,BAIAP3,Old_Pre,-0.7906587132199409,pink
O94812,BAIAP3,Old_Post,-0.9328907578245618,pink
O94886,TMEM63A,Young_Pre,-0.9875837413048919,blue
O94886,TMEM63A,Young_Post,1.3033486894289383,blue
O94886,TMEM63A,Old_Pre,-0.5294378511205683,blue
O94886,TMEM63A,Old_Post,0.21367290299646258,blue
O94903,PLPBP,Young_Pre,-0.0645659842998267,yellow
O94903,PLPBP,Young_Post,-1.1905636624343185,yellow
O94903,PLPBP,Old_Pre,1.2563391009527922,yellow
O94903,PLPBP,Old_Post,-0.0012094542185748544,yellow
O94905,ERLIN2,Young_Pre,1.4314223117924239,purple
O94905,ERLIN2,Young_Post,-0.23586980482769726,purple
O94905,ERLIN2,Old_Pre,-0.2971746051015241,purple
O94905,ERLIN2,Old_Post,-0.8983779018632024,purple
O94979,SEC31A,Young_Pre,-0.8883265602101267,blue
O94979,SEC31A,Young_Post,0.4637447667082733,blue
O94979,SEC31A,Old_Pre,-0.7638448171969724,blue
O94979,SEC31A,Old_Post,1.1884266106988923,blue
O95139,NDUFB6,Young_Pre,1.0269531776208096,green
O95139,NDUFB6,Young_Post,-1.372049826296216,green
O95139,NDUFB6,Old_Pre,0.1319244602209389,green
O95139,NDUFB6,Old_Post,0.21317218845445046,green
O95140,MFN2,Young_Pre,-0.8408144447604806,pink
O95140,MFN2,Young_Post,0.2296702946894217,pink
O95140,MFN2,Old_Pre,1.318867204584716,pink
O95140,MFN2,Old_Post,-0.7077230545137659,pink
O95167,NDUFA3,Young_Pre,0.6565881024527783,green
O95167,NDUFA3,Young_Post,-1.4762475761352696,green
O95167,NDUFA3,Old_Pre,0.5736350042679461,green
O95167,NDUFA3,Old_Post,0.24602446941455783,green
O95168,NDUFB4,Young_Pre,0.3796887876051043,green
O95168,NDUFB4,Young_Post,-1.4946384530600658,green
O95168,NDUFB4,Old_Pre,0.570435175164036,green
O95168,NDUFB4,Old_Post,0.5445144902908964,green
O95169,NDUFB8,Young_Pre,0.4601508340730355,green
O95169,NDUFB8,Young_Post,-1.4847697773514037,green
O95169,NDUFB8,Old_Pre,0.34084820968301727,green
O95169,NDUFB8,Old_Post,0.6837707335954317,green
O95182,NDUFA7,Young_Pre,0.6756399813047339,green
O95182,NDUFA7,Young_Post,-1.4545231395436937,green
O95182,NDUFA7,Old_Pre,0.13989843144723144,green
O95182,NDUFA7,Old_Post,0.6389847267917282,green
O95202,LETM1,Young_Pre,-1.2168869945280085,turquoise
O95202,LETM1,Young_Post,-0.39055304955907355,turquoise
O95202,LETM1,Old_Pre,0.6104292949492577,turquoise
O95202,LETM1,Old_Post,0.9970107491378669,turquoise
O95210,STBD1,Young_Pre,0.6193285744120033,magenta
O95210,STBD1,Young_Post,1.0801595586563908,magenta
O95210,STBD1,Old_Pre,-0.7970302754551153,magenta
O95210,STBD1,Old_Post,-0.9024578576132904,magenta
O95218,ZRANB2,Young_Pre,-0.8012946861707201,turquoise
O95218,ZRANB2,Young_Post,-0.9188672085189628,turquoise
O95218,ZRANB2,Old_Pre,0.9907167139861726,turquoise
O95218,ZRANB2,Old_Post,0.7294451807035103,turquoise
O95292,VAPB,Young_Pre,1.130262049775983,brown
O95292,VAPB,Young_Post,0.5216006960269547,brown
O95292,VAPB,Old_Pre,-0.6184281834626324,brown
O95292,VAPB,Old_Post,-1.0334345623403052,brown
O95298,NDUFC2,Young_Pre,0.44943108273974725,green
O95298,NDUFC2,Young_Post,-1.4750751603877752,green
O95298,NDUFC2,Old_Pre,0.2935139381219937,green
O95298,NDUFC2,Old_Post,0.7321301395260791,green
O95299,NDUFA10,Young_Pre,0.9133021114515814,green
O95299,NDUFA10,Young_Post,-1.330993920884887,green
O95299,NDUFA10,Old_Pre,-0.18300943335574127,green
O95299,NDUFA10,Old_Post,0.6007012427890994,green
O95336,PGLS,Young_Pre,-0.7553157064497475,turquoise
O95336,PGLS,Young_Post,-0.9530106858499499,turquoise
O95336,PGLS,Old_Pre,1.0303439058377668,turquoise
O95336,PGLS,Old_Post,0.6779824864619305,turquoise
O95373,IPO7,Young_Pre,0.29472070099991005,magenta
O95373,IPO7,Young_Post,1.269131350311871,magenta
O95373,IPO7,Old_Pre,-0.5823906843480712,magenta
O95373,IPO7,Old_Post,-0.9814613669637099,magenta
O95376,ARIH2,Young_Pre,1.1181496184592685,brown
O95376,ARIH2,Young_Post,-1.1189099046520234,brown
O95376,ARIH2,Old_Pre,-0.4985095075246015,brown
O95376,ARIH2,Old_Post,0.49926979371735636,brown
O95425,SVIL,Young_Pre,0.6059002467217904,brown
O95425,SVIL,Young_Post,1.065352694108949,brown
O95425,SVIL,Old_Pre,-0.6104983601541812,brown
O95425,SVIL,Old_Post,-1.0607545806765732,brown
O95433,AHSA1,Young_Pre,-1.3488268078145778,turquoise
O95433,AHSA1,Young_Post,-0.16749181522115084,turquoise
O95433,AHSA1,Old_Pre,0.7194188218963989,turquoise
O95433,AHSA1,Old_Post,0.7968998011393013,turquoise
O95479,H6PD,Young_Pre,-0.2571168316229187,yellow
O95479,H6PD,Young_Post,-1.018088840411144,yellow
O95479,H6PD,Old_Pre,1.3739150303111896,yellow
O95479,H6PD,Old_Post,-0.09870935827715345,yellow
O95563,MPC2,Young_Pre,0.26977776415041294,pink
O95563,MPC2,Young_Post,1.2149753938045578,pink
O95563,MPC2,Old_Pre,-0.3247590623483684,pink
O95563,MPC2,Old_Post,-1.1599940956065564,pink
O95571,ETHE1,Young_Pre,1.4008076862695902,pink
O95571,ETHE1,Young_Post,-0.15044594548229118,pink
O95571,ETHE1,Old_Pre,-0.28356588084876794,pink
O95571,ETHE1,Old_Post,-0.9667958599386118,pink
O95573,ACSL3,Young_Pre,-0.16949643966946656,blue
O95573,ACSL3,Young_Post,1.4567002430308331,blue
O95573,ACSL3,Old_Pre,-0.5415025794516356,blue
O95573,ACSL3,Old_Post,-0.7457012239097583,blue
O95747,OXSR1,Young_Pre,0.3502161615365139,yellow
O95747,OXSR1,Young_Post,-1.121392064042539,yellow
O95747,OXSR1,Old_Pre,1.1987522466441525,yellow
O95747,OXSR1,Old_Post,-0.4275763441382625,yellow
O95777,LSM8,Young_Pre,1.4351859802547426,brown
O95777,LSM8,Young_Post,-0.8894006363989635,brown
O95777,LSM8,Old_Pre,-0.26134084805716684,brown
O95777,LSM8,Old_Post,-0.28444449579858916,brown
O95782,AP2A1,Young_Pre,-1.0393503293395352,blue
O95782,AP2A1,Young_Post,0.738807590796796,blue
O95782,AP2A1,Old_Pre,-0.6648210389368973,blue
O95782,AP2A1,Old_Post,0.9653637774796081,blue
O95816,BAG2,Young_Pre,0.17987672524330123,yellow
O95816,BAG2,Young_Post,1.3328739019264588,yellow
O95816,BAG2,Old_Pre,-0.6032670262882635,yellow
O95816,BAG2,Old_Post,-0.9094836008815104,yellow
O95817,BAG3,Young_Pre,0.20634405198894487,blue
O95817,BAG3,Young_Post,1.2758181699013444,blue
O95817,BAG3,Old_Pre,-1.0811602955176676,blue
O95817,BAG3,Old_Post,-0.4010019263725768,blue
O95822,MLYCD,Young_Pre,-0.564586635607756,turquoise
O95822,MLYCD,Young_Post,-1.1213501064018578,turquoise
O95822,MLYCD,Old_Pre,0.8791935054880711,turquoise
O95822,MLYCD,Old_Post,0.8067432365215428,turquoise
O95831,AIFM1,Young_Pre,0.39599764267302917,pink
O95831,AIFM1,Young_Post,0.756199435999687,pink
O95831,AIFM1,Old_Pre,0.3204418183555344,pink
O95831,AIFM1,Old_Post,-1.4726388970281066,pink
O95861,BPNT1,Young_Pre,-1.1792935807387137,red
O95861,BPNT1,Young_Post,-0.4792771941959734,red
O95861,BPNT1,Old_Pre,0.8747359860243155,red
O95861,BPNT1,Old_Post,0.7838347889103717,red
O95870,ABHD16A,Young_Pre,-0.6902130216231315,turquoise
O95870,ABHD16A,Young_Post,-0.5452715368978599,turquoise
O95870,ABHD16A,Old_Pre,1.4730416095124865,turquoise
O95870,ABHD16A,Old_Post,-0.23755705099149516,turquoise
O95881,TXNDC12,Young_Pre,-0.719250026856846,yellow
O95881,TXNDC12,Young_Post,-0.08013363390184482,yellow
O95881,TXNDC12,Old_Pre,1.4381404042240395,yellow
O95881,TXNDC12,Old_Post,-0.6387567434653255,yellow
O95989,NUDT3,Young_Pre,-0.39113334843315356,turquoise
O95989,NUDT3,Young_Post,-1.1920649698536654,turquoise
O95989,NUDT3,Old_Pre,1.085484641838713,turquoise
O95989,NUDT3,Old_Post,0.49771367644814646,turquoise
O96000,NDUFB10,Young_Pre,0.8044531121127251,green
O96000,NDUFB10,Young_Post,-1.4600561312069282,green
O96000,NDUFB10,Old_Pre,0.3834055778087984,green
O96000,NDUFB10,Old_Post,0.2721974412853847,green
O96007,MOCS2,Young_Pre,1.2323106714366008,yellow
O96007,MOCS2,Young_Post,0.3936505880977195,yellow
O96007,MOCS2,Old_Pre,-0.7651548271049092,yellow
O96007,MOCS2,Old_Post,-0.8608064324294111,yellow
O96008,TOMM40,Young_Pre,0.34520713850863693,green
O96008,TOMM40,Young_Post,-1.4878806370739557,green
O96008,TOMM40,Old_Pre,0.4870993490932099,green
O96008,TOMM40,Old_Post,0.6555741494720865,green
O96011,PEX11B,Young_Pre,-0.09355238059543242,turquoise
O96011,PEX11B,Young_Post,-1.1255096653701648,turquoise
O96011,PEX11B,Old_Pre,1.3100379142002754,turquoise
O96011,PEX11B,Old_Post,-0.09097586823470591,turquoise
P00167,CYB5A,Young_Pre,-1.1362284652028471,turquoise
P00167,CYB5A,Young_Post,-0.4152484484869217,turquoise
P00167,CYB5A,Old_Pre,1.1837907170002842,turquoise
P00167,CYB5A,Old_Post,0.3676861966894332,turquoise
P00338,LDHA,Young_Pre,0.7084974493964951,yellow
P00338,LDHA,Young_Post,0.9908445523733437,yellow
P00338,LDHA,Old_Pre,-1.0399035135387544,yellow
P00338,LDHA,Old_Post,-0.6594384882310722,yellow
P00367,GLUD1,Young_Pre,-1.2932637066802308,turquoise
P00367,GLUD1,Young_Post,0.880840908682308,turquoise
P00367,GLUD1,Old_Pre,-0.27676996524876424,turquoise
P00367,GLUD1,Old_Post,0.6891927632467083,turquoise
P00387,CYB5R3,Young_Pre,-1.4618143264364964,blue
P00387,CYB5R3,Young_Post,0.23797153530543502,blue
P00387,CYB5R3,Old_Pre,0.7815870000756909,blue
P00387,CYB5R3,Old_Post,0.4422557910554359,blue
P00390,GSR,Young_Pre,-0.18944699249548994,blue
P00390,GSR,Young_Post,1.4218358767981665,blue
P00390,GSR,Old_Pre,-0.9187679005111042,blue
P00390,GSR,Old_Post,-0.3136209837916155,blue
P00395,MT-CO1,Young_Pre,1.2244276111705643,green
P00395,MT-CO1,Young_Post,0.03923538422810644,green
P00395,MT-CO1,Old_Pre,-1.2237839986052992,green
P00395,MT-CO1,Old_Post,-0.03987899679334221,green
P00403,MT-CO2,Young_Pre,0.8523953569627567,green
P00403,MT-CO2,Young_Post,-1.446684299224744,green
P00403,MT-CO2,Old_Pre,0.34151236694244447,green
P00403,MT-CO2,Old_Post,0.25277657531961895,green
P00414,MT-CO3,Young_Pre,1.051141674263651,green
P00414,MT-CO3,Young_Post,-1.3339920187511074,green
P00414,MT-CO3,Old_Pre,0.3358015029095476,green
P00414,MT-CO3,Old_Post,-0.05295115842211012,green
P00441,SOD1,Young_Pre,0.552735794558756,yellow
P00441,SOD1,Young_Post,0.15767626681834407,yellow
P00441,SOD1,Old_Pre,0.7441753153011568,yellow
P00441,SOD1,Old_Post,-1.4545873766784017,yellow
P00492,HPRT1,Young_Pre,-0.49963006675030985,blue
P00492,HPRT1,Young_Post,0.9535557793268341,blue
P00492,HPRT1,Old_Pre,-1.1591851730782061,blue
P00492,HPRT1,Old_Post,0.705259460501682,blue
P00505,GOT2,Young_Pre,-0.65138409631606,turquoise
P00505,GOT2,Young_Post,-1.0428685686241344,turquoise
P00505,GOT2,Old_Pre,0.6845258076958337,turquoise
P00505,GOT2,Old_Post,1.0097268572444364,turquoise
P00558,PGK1,Young_Pre,0.6868062125006966,yellow
P00558,PGK1,Young_Post,1.0132375225268595,yellow
P00558,PGK1,Old_Pre,-1.0182071803547472,yellow
P00558,PGK1,Old_Post,-0.6818365546728299,yellow
P00568,AK1,Young_Pre,0.3737986505353275,yellow
P00568,AK1,Young_Post,1.2373758277588063,yellow
P00568,AK1,Old_Pre,-0.6806191832628905,yellow
P00568,AK1,Old_Post,-0.930555295031269,yellow
P00846,MT-ATP6,Young_Pre,0.6960913838636874,magenta
P00846,MT-ATP6,Young_Post,0.963565360585604,magenta
P00846,MT-ATP6,Old_Pre,-0.5059701266200282,magenta
P00846,MT-ATP6,Old_Post,-1.1536866178292893,magenta
P00918,CA2,Young_Pre,-0.835894658183189,red
P00918,CA2,Young_Post,-0.8721716541849958,red
P00918,CA2,Old_Pre,1.0563342465587047,red
P00918,CA2,Old_Post,0.6517320658094639,red
P00966,ASS1,Young_Pre,-0.16346280977988867,turquoise
P00966,ASS1,Young_Post,-0.6535901544669491,turquoise
P00966,ASS1,Old_Pre,1.460266004678896,turquoise
P00966,ASS1,Old_Post,-0.6432130404320706,turquoise
P01889,HLA-B,Young_Pre,-0.30609961657798623,turquoise
P01889,HLA-B,Young_Post,-1.2712081929381798,turquoise
P01889,HLA-B,Old_Pre,0.6363666893437847,turquoise
P01889,HLA-B,Old_Post,0.9409411201723983,turquoise
P02144,MB,Young_Pre,-0.4373839474693516,turquoise
P02144,MB,Young_Post,-1.1612933514060035,turquoise
P02144,MB,Old_Pre,1.1011734399329085,turquoise
P02144,MB,Old_Post,0.4975038589424858,turquoise
P02452,COL1A1,Young_Pre,1.460909103170188,brown
P02452,COL1A1,Young_Post,-0.8000138788660942,brown
P02452,COL1A1,Old_Pre,-0.39099155132904684,brown
P02452,COL1A1,Old_Post,-0.2699036729750246,brown
P02461,COL3A1,Young_Pre,1.3768908920761738,brown
P02461,COL3A1,Young_Post,-0.8668095837213047,brown
P02461,COL3A1,Old_Pre,-0.5887479707889174,brown
P02461,COL3A1,Old_Post,0.07866666243402586,brown
P02462,COL4A1,Young_Pre,1.125119202159822,brown
P02462,COL4A1,Young_Post,-1.3054345937586007,brown
P02462,COL4A1,Old_Pre,0.17289366780024296,brown
P02462,COL4A1,Old_Post,0.007421723798550713,brown
P02511,CRYAB,Young_Pre,-0.341302404788295,blue
P02511,CRYAB,Young_Post,1.0801800205442162,blue
P02511,CRYAB,Old_Pre,-1.2190721776823128,blue
P02511,CRYAB,Old_Post,0.4801945619264414,blue
P02545,LMNA,Young_Pre,1.4626261287835511,brown
P02545,LMNA,Young_Post,-0.32071587826847947,brown
P02545,LMNA,Old_Pre,-0.8010492611133437,brown
P02545,LMNA,Old_Post,-0.3408609894016706,brown
P02585,TNNC2,Young_Pre,1.09640385283233,brown
P02585,TNNC2,Young_Post,0.4711122905518611,brown
P02585,TNNC2,Old_Pre,-1.200530414404748,brown
P02585,TNNC2,Old_Post,-0.36698572897943194,brown
P02750,LRG1,Young_Pre,-0.7208124739304258,turquoise
P02750,LRG1,Young_Post,-0.845829684740804,turquoise
P02750,LRG1,Old_Pre,1.301885296754507,turquoise
P02750,LRG1,Old_Post,0.26475686191674136,turquoise
P02753,RBP4,Young_Pre,-0.6092983117747284,turquoise
P02753,RBP4,Young_Post,-0.9722976997698395,turquoise
P02753,RBP4,Old_Pre,1.255916151206264,turquoise
P02753,RBP4,Old_Post,0.32567986033832214,turquoise
P02766,TTR,Young_Pre,-0.4158492270020831,turquoise
P02766,TTR,Young_Post,-1.2197575270329957,turquoise
P02766,TTR,Old_Pre,0.7890260532578695,turquoise
P02766,TTR,Old_Post,0.8465807007772093,turquoise
P02775,PPBP,Young_Pre,0.5550737889406805,brown
P02775,PPBP,Young_Post,1.0330790602372153,brown
P02775,PPBP,Old_Pre,-1.220413150636859,brown
P02775,PPBP,Old_Post,-0.36773969854102534,brown
P02794,FTH1,Young_Pre,-0.266157619692659,green
P02794,FTH1,Young_Post,-1.2991352222001706,green
P02794,FTH1,Old_Pre,0.6922667897290167,green
P02794,FTH1,Old_Post,0.8730260521638129,green
P03886,MT-ND1,Young_Pre,1.0516686031155047,green
P03886,MT-ND1,Young_Post,-1.3574272245689532,green
P03886,MT-ND1,Old_Pre,0.10471131344863596,green
P03886,MT-ND1,Old_Post,0.20104730800479312,green
P03891,MT-ND2,Young_Pre,1.3164461914823613,brown
P03891,MT-ND2,Young_Post,0.19782072442525367,brown
P03891,MT-ND2,Old_Pre,-0.9587943609732832,brown
P03891,MT-ND2,Old_Post,-0.5554725549343442,brown
P03897,MT-ND3,Young_Pre,1.3859643730421194,green
P03897,MT-ND3,Young_Post,-0.8437732618062037,green
P03897,MT-ND3,Old_Pre,0.06069039855075482,green
P03897,MT-ND3,Old_Post,-0.6028815097866541,green
P03905,MT-ND4,Young_Pre,1.3184699316660677,magenta
P03905,MT-ND4,Young_Post,0.17406880008151307,magenta
P03905,MT-ND4,Old_Pre,-0.5038841773335763,magenta
P03905,MT-ND4,Old_Post,-0.9886545544139888,magenta
P03928,MT-ATP8,Young_Pre,-0.34548411507091814,pink
P03928,MT-ATP8,Young_Post,1.4045338472250941,pink
P03928,MT-ATP8,Old_Pre,-0.946137534298322,pink
P03928,MT-ATP8,Old_Post,-0.11291219785581777,pink
P04075,ALDOA,Young_Pre,-0.14614858362077124,yellow
P04075,ALDOA,Young_Post,-1.240386374721232,yellow
P04075,ALDOA,Old_Pre,1.1825744572324899,yellow
P04075,ALDOA,Old_Post,0.20396050110951325,yellow
P04080,CSTB,Young_Pre,-0.7781953156373096,turquoise
P04080,CSTB,Young_Post,-0.9451272827382856,turquoise
P04080,CSTB,Old_Pre,0.7715888808019582,turquoise
P04080,CSTB,Old_Post,0.95173371757371,turquoise
P04083,ANXA1,Young_Pre,-1.101746684661372,blue
P04083,ANXA1,Young_Post,1.1554742548145982,blue
P04083,ANXA1,Old_Pre,-0.5009893820448781,blue
P04083,ANXA1,Old_Post,0.447261811891666,blue
P04179,SOD2,Young_Pre,-0.8066415955061021,turquoise
P04179,SOD2,Young_Post,-0.9210196149697961,turquoise
P04179,SOD2,Old_Pre,0.9295785183180703,turquoise
P04179,SOD2,Old_Post,0.7980826921577981,turquoise
P04275,VWF,Young_Pre,1.1658509061108477,brown
P04275,VWF,Young_Post,0.4381319266745708,brown
P04275,VWF,Old_Pre,-1.0869928335941614,brown
P04275,VWF,Old_Post,-0.5169899991913567,brown
P04406,GAPDH,Young_Pre,0.03425890008837674,yellow
P04406,GAPDH,Young_Post,1.2241307420631065,yellow
P04406,GAPDH,Old_Pre,-1.2244082316957032,yellow
P04406,GAPDH,Old_Post,-0.033981410455780084,yellow
P04439,HLA-A,Young_Pre,-0.99413351984461,turquoise
P04439,HLA-A,Young_Post,-0.6898302562697303,turquoise
P04439,HLA-A,Old_Pre,0.5991179728458517,turquoise
P04439,HLA-A,Old_Post,1.0848458032685022,turquoise
P04632,CAPNS1,Young_Pre,-0.5583796153193216,blue
P04632,CAPNS1,Young_Post,1.1133342841059704,blue
P04632,CAPNS1,Old_Pre,-1.0820615856765703,blue
P04632,CAPNS1,Old_Post,0.5271069168899215,blue
P04792,HSPB1,Young_Pre,-0.3848544403466736,blue
P04792,HSPB1,Young_Post,1.2836078142512957,blue
P04792,HSPB1,Old_Pre,-1.0819741993509884,blue
P04792,HSPB1,Old_Post,0.1832208254463663,blue
P04843,RPN1,Young_Pre,0.7517715456864777,purple
P04843,RPN1,Young_Post,0.9722090565605339,purple
P04843,RPN1,Old_Pre,-0.9043844928012382,purple
P04843,RPN1,Old_Post,-0.8195961094456756,purple
P04844,RPN2,Young_Pre,0.21102659000182575,magenta
P04844,RPN2,Young_Post,1.329763385867827,magenta
P04844,RPN2,Old_Pre,-0.7798881709450469,magenta
P04844,RPN2,Old_Post,-0.7609018049246058,magenta
P05023,ATP1A1,Young_Pre,-0.6101874163976403,blue
P05023,ATP1A1,Young_Post,1.3244186365759667,blue
P05023,ATP1A1,Old_Pre,-0.9132286714451983,blue
P05023,ATP1A1,Old_Post,0.1989974512667642,blue
P05026,ATP1B1,Young_Pre,-0.9921475724775177,pink
P05026,ATP1B1,Young_Post,1.0156331222163026,pink
P05026,ATP1B1,Old_Pre,-0.71311884017276,pink
P05026,ATP1B1,Old_Post,0.6896332904339749,pink
P05091,ALDH2,Young_Pre,-1.1189774721866816,turquoise
P05091,ALDH2,Young_Post,-0.5376464683565831,turquoise
P05091,ALDH2,Old_Pre,1.036427625151157,turquoise
P05091,ALDH2,Old_Post,0.6201963153920939,turquoise
P05141,SLC25A5,Young_Pre,-1.169997393300294,pink
P05141,SLC25A5,Young_Post,-0.056362026276948606,pink
P05141,SLC25A5,Old_Pre,-0.04861735452657967,pink
P05141,SLC25A5,Old_Post,1.2749767741034777,pink
P05165,PCCA,Young_Pre,-1.2304911382807222,turquoise
P05165,PCCA,Young_Post,-0.39418242717765795,turquoise
P05165,PCCA,Old_Pre,0.8855818356930263,turquoise
P05165,PCCA,Old_Post,0.7390917297653334,turquoise
P05166,PCCB,Young_Pre,-1.2486594198585936,turquoise
P05166,PCCB,Young_Post,-0.36508296683065855,turquoise
P05166,PCCB,Old_Pre,0.7545174196997928,turquoise
P05166,PCCB,Old_Post,0.8592249669894908,turquoise
P05198,EIF2S1,Young_Pre,0.0510698493008462,black
P05198,EIF2S1,Young_Post,1.3011649576078959,black
P05198,EIF2S1,Old_Pre,-1.1177576060389205,black
P05198,EIF2S1,Old_Post,-0.23447720086987825,black
P05386,RPLP1,Young_Pre,0.8158932189316479,black
P05386,RPLP1,Young_Post,0.9145780273108697,black
P05386,RPLP1,Old_Pre,-0.8825549797117952,black
P05386,RPLP1,Old_Post,-0.8479162665307377,black
P05387,RPLP2,Young_Pre,0.48438325400337867,black
P05387,RPLP2,Young_Post,0.799146543010492,black
P05387,RPLP2,Old_Pre,-1.448924515969384,black
P05387,RPLP2,Old_Post,0.16539471895548866,black
P05388,RPLP0,Young_Pre,0.5652269189678696,black
P05388,RPLP0,Young_Post,0.9924496806365875,black
P05388,RPLP0,Old_Pre,-1.2699513046192257,black
P05388,RPLP0,Old_Post,-0.2877252949852543,black
P05413,FABP3,Young_Pre,-0.7724232265409708,turquoise
P05413,FABP3,Young_Post,-0.840958672500312,turquoise
P05413,FABP3,Old_Pre,1.2509039019260848,turquoise
P05413,FABP3,Old_Post,0.3624779971151981,turquoise
P05556,ITGB1,Young_Pre,-0.43083691715978256,turquoise
P05556,ITGB1,Young_Post,-0.9536485076096871,turquoise
P05556,ITGB1,Old_Pre,1.380186797702184,turquoise
P05556,ITGB1,Old_Post,0.004298627067200691,turquoise
P05783,KRT18,Young_Pre,0.9308103874733822,brown
P05783,KRT18,Young_Post,-0.3598597792760022,brown
P05783,KRT18,Old_Pre,-1.2449284460839307,brown
P05783,KRT18,Old_Post,0.6739778378864764,brown
P05976,MYL1,Young_Pre,1.1087485154146395,brown
P05976,MYL1,Young_Post,0.33556185958282336,brown
P05976,MYL1,Old_Pre,-1.276708493456102,brown
P05976,MYL1,Old_Post,-0.16760188154135114,brown
P06396,GSN,Young_Pre,-0.5764935132959591,black
P06396,GSN,Young_Post,1.0367703060715439,black
P06396,GSN,Old_Pre,-1.092355074083175,black
P06396,GSN,Old_Post,0.632078281307577,black
P06454,PTMA,Young_Pre,-0.6745365248156572,turquoise
P06454,PTMA,Young_Post,-1.0325062528436206,turquoise
P06454,PTMA,Old_Pre,0.7487984396993085,turquoise
P06454,PTMA,Old_Post,0.9582443379599602,turquoise
P06576,ATP5F1B,Young_Pre,-1.1780818133898574,pink
P06576,ATP5F1B,Young_Post,0.07338873776057236,pink
P06576,ATP5F1B,Old_Pre,-0.15354436680813677,pink
P06576,ATP5F1B,Old_Post,1.2582374424374219,pink
P06703,S100A6,Young_Pre,-0.21576714569161362,blue
P06703,S100A6,Young_Post,1.3975931883375028,blue
P06703,S100A6,Old_Pre,-0.9793852991077815,blue
P06703,S100A6,Old_Post,-0.20244074353812327,blue
P06730,EIF4E,Young_Pre,1.0798417314833777,brown
P06730,EIF4E,Young_Post,0.57062980354364,brown
P06730,EIF4E,Old_Pre,-0.5547775283273251,brown
P06730,EIF4E,Old_Post,-1.0956940066997498,brown
P06732,CKM,Young_Pre,-0.7356175936611355,turquoise
P06732,CKM,Young_Post,-0.9046919088297911,turquoise
P06732,CKM,Old_Pre,1.2042717087031454,turquoise
P06732,CKM,Old_Post,0.4360377937877814,turquoise
P06733,ENO1,Young_Pre,-0.6258141922090505,red
P06733,ENO1,Young_Post,0.6498468033459155,red
P06733,ENO1,Old_Pre,-1.0574269774605618,red
P06733,ENO1,Old_Post,1.0333943663236453,red
P06744,GPI,Young_Pre,-0.5636344310761249,yellow
P06744,GPI,Young_Post,0.7053458392166753,yellow
P06744,GPI,Old_Pre,-1.1136314262670344,yellow
P06744,GPI,Old_Post,0.9719200181268354,yellow
P06748,NPM1,Young_Pre,-1.0676798478550114,black
P06748,NPM1,Young_Post,1.2176646628657384,black
P06748,NPM1,Old_Pre,0.35285382008480587,black
P06748,NPM1,Old_Post,-0.5028386350947266,black
P06753,TPM3,Young_Pre,1.4527019433304853,brown
P06753,TPM3,Young_Post,-0.32585712637257824,brown
P06753,TPM3,Old_Pre,-0.8359885254887194,brown
P06753,TPM3,Old_Post,-0.29085629146923114,brown
P07099,EPHX1,Young_Pre,-0.08067368218371353,blue
P07099,EPHX1,Young_Post,1.4370993841382103,blue
P07099,EPHX1,Old_Pre,-0.6138242857997697,blue
P07099,EPHX1,Old_Post,-0.7426014161546562,blue
P07195,LDHB,Young_Pre,-0.9127956100846997,turquoise
P07195,LDHB,Young_Post,-0.7920325462980384,turquoise
P07195,LDHB,Old_Pre,1.0601026652839969,turquoise
P07195,LDHB,Old_Post,0.6447254910987413,turquoise
P07203,GPX1,Young_Pre,0.37871202336818577,turquoise
P07203,GPX1,Young_Post,-1.1946209123935834,turquoise
P07203,GPX1,Old_Pre,1.1484287592032618,turquoise
P07203,GPX1,Old_Post,-0.3325198701779381,turquoise
P07237,P4HB,Young_Pre,-0.762321125133964,blue
P07237,P4HB,Young_Post,1.4691324767214606,blue
P07237,P4HB,Old_Pre,-0.4266351939213821,blue
P07237,P4HB,Old_Post,-0.2801761576658846,blue
P07305,H1-0,Young_Pre,0.629846954839929,brown
P07305,H1-0,Young_Post,-1.4189825572407808,brown
P07305,H1-0,Old_Pre,0.7676722210596701,brown
P07305,H1-0,Old_Post,0.021463381341147985,brown
P07339,CTSD,Young_Pre,-0.6697587991188105,turquoise
P07339,CTSD,Young_Post,-0.9931209711705293,turquoise
P07339,CTSD,Old_Pre,1.1335568512401455,turquoise
P07339,CTSD,Old_Post,0.5293229190491943,turquoise
P07355,ANXA2,Young_Pre,-0.39919716849412773,blue
P07355,ANXA2,Young_Post,1.3868367454822896,blue
P07355,ANXA2,Old_Pre,-0.9572901192757203,blue
P07355,ANXA2,Old_Post,-0.03034945771244161,blue
P07384,CAPN1,Young_Pre,-1.0757326983522102,yellow
P07384,CAPN1,Young_Post,-0.5530514718200095,yellow
P07384,CAPN1,Old_Pre,1.138787133377314,yellow
P07384,CAPN1,Old_Post,0.48999703679499235,yellow
P07437,TUBB,Young_Pre,-0.5004758260704513,blue
P07437,TUBB,Young_Post,1.2664263427194729,blue
P07437,TUBB,Old_Pre,-1.0357953595039442,blue
P07437,TUBB,Old_Post,0.26984484285487886,blue
P07451,CA3,Young_Pre,-1.124562445222514,turquoise
P07451,CA3,Young_Post,-0.5504389082387339,turquoise
P07451,CA3,Old_Pre,0.9590768833740394,turquoise
P07451,CA3,Old_Post,0.7159244700872085,turquoise
P07585,DCN,Young_Pre,1.2553622526448838,brown
P07585,DCN,Young_Post,-1.1504828374540872,brown
P07585,DCN,Old_Pre,0.1654536258186867,brown
P07585,DCN,Old_Post,-0.2703330410094287,brown
P07602,PSAP,Young_Pre,-0.6176646062659916,turquoise
P07602,PSAP,Young_Post,-1.0664308746686275,turquoise
P07602,PSAP,Old_Pre,1.0197086946294327,turquoise
P07602,PSAP,Old_Post,0.6643867863051779,turquoise
P07737,PFN1,Young_Pre,-0.7587371551462462,blue
P07737,PFN1,Young_Post,1.4728540761134477,blue
P07737,PFN1,Old_Pre,-0.35273923192136525,blue
P07737,PFN1,Old_Post,-0.3613776890458362,blue
P07741,APRT,Young_Pre,-0.1144976322583002,red
P07741,APRT,Young_Post,0.7190759726062181,red
P07741,APRT,Old_Pre,-1.3716493884864653,red
P07741,APRT,Old_Post,0.7670710481385474,red
P07814,EPRS1,Young_Pre,-0.47633369697737343,blue
P07814,EPRS1,Young_Post,1.499776736951137,blue
P07814,EPRS1,Old_Pre,-0.5171122708035054,blue
P07814,EPRS1,Old_Post,-0.5063307691702227,blue
P07900,HSP90AA1,Young_Pre,-1.1690747001124782,blue
P07900,HSP90AA1,Young_Post,0.9385083930039543,blue
P07900,HSP90AA1,Old_Pre,-0.48716432582943825,blue
P07900,HSP90AA1,Old_Post,0.7177306329377369,blue
P07919,UQCRH,Young_Pre,0.0820695773965554,green
P07919,UQCRH,Young_Post,-1.3004168387882753,green
P07919,UQCRH,Old_Pre,0.08002544483900297,green
P07919,UQCRH,Old_Post,1.1383218165528495,green
P07951,TPM2,Young_Pre,1.1401758216369373,brown
P07951,TPM2,Young_Post,0.4813914239276101,brown
P07951,TPM2,Old_Pre,-1.0878406807861822,brown
P07951,TPM2,Old_Post,-0.5337265647783878,brown
P07954,FH,Young_Pre,-1.1651041679372933,turquoise
P07954,FH,Young_Post,-0.35489299295470794,turquoise
P07954,FH,Old_Pre,0.3349176723549752,turquoise
P07954,FH,Old_Post,1.1850794885370017,turquoise
P08123,COL1A2,Young_Pre,1.380963694957551,brown
P08123,COL1A2,Young_Post,-1.0040023916999108,brown
P08123,COL1A2,Old_Pre,-0.10520833151825056,brown
P08123,COL1A2,Old_Post,-0.27175297173939683,brown
P08133,ANXA6,Young_Pre,-1.0049689958141905,yellow
P08133,ANXA6,Young_Post,0.4990040844621345,yellow
P08133,ANXA6,Old_Pre,-0.6450799016751696,yellow
P08133,ANXA6,Old_Post,1.151044813027311,yellow
P08237,PFKM,Young_Pre,0.5044278357670371,yellow
P08237,PFKM,Young_Post,1.1625147289718787,yellow
P08237,PFKM,Old_Pre,-0.784669098209458,yellow
P08237,PFKM,Old_Post,-0.8822734665294989,yellow
P08238,HSP90AB1,Young_Pre,-0.5341500255286098,blue
P08238,HSP90AB1,Young_Post,1.4128067864798697,blue
P08238,HSP90AB1,Old_Pre,-0.8471530257102812,blue
P08238,HSP90AB1,Old_Post,-0.031503735240850816,blue
P08311,CTSG,Young_Pre,0.0069412563147123706,green
P08311,CTSG,Young_Post,-1.4034982483980252,green
P08311,CTSG,Old_Pre,0.5325094252895376,green
P08311,CTSG,Old_Post,0.8640475667937821,green
P08559,PDHA1,Young_Pre,0.847395611713402,pink
P08559,PDHA1,Young_Post,0.8844492421750714,pink
P08559,PDHA1,Old_Pre,-0.8695909617424429,pink
P08559,PDHA1,Old_Post,-0.8622538921458484,pink
P08572,COL4A2,Young_Pre,0.8262259099015783,brown
P08572,COL4A2,Young_Post,-1.4540196031985904,brown
P08572,COL4A2,Old_Pre,0.3691927716781417,brown
P08572,COL4A2,Old_Post,0.25860092161887954,brown
P08574,CYC1,Young_Pre,-0.23859103766713663,green
P08574,CYC1,Young_Post,-1.2914164220860118,green
P08574,CYC1,Old_Pre,0.5360315393584437,green
P08574,CYC1,Old_Post,0.9939759203947046,green
P08590,MYL3,Young_Pre,1.1478596487321953,brown
P08590,MYL3,Young_Post,-1.2885661244773519,brown
P08590,MYL3,Old_Pre,-0.007481245178052901,brown
P08590,MYL3,Old_Post,0.14818772092317462,brown
P08670,VIM,Young_Pre,0.6703885006943214,brown
P08670,VIM,Young_Post,1.0174725400739912,brown
P08670,VIM,Old_Pre,-1.0571105403912677,brown
P08670,VIM,Old_Post,-0.6307505003770367,brown
P08708,RPS17,Young_Pre,0.320893584109332,purple
P08708,RPS17,Young_Post,0.8315677252458634,purple
P08708,RPS17,Old_Pre,-1.4541369398887607,purple
P08708,RPS17,Old_Post,0.30167563053358876,purple
P08758,ANXA5,Young_Pre,0.29755526164152185,blue
P08758,ANXA5,Young_Post,1.26521112995578,blue
P08758,ANXA5,Old_Pre,-0.569744038797501,blue
P08758,ANXA5,Old_Post,-0.993022352799863,blue
P08865,RPSA,Young_Pre,0.08555101270941186,purple
P08865,RPSA,Young_Post,0.17900094137684933,purple
P08865,RPSA,Old_Pre,-1.3417481385675267,purple
P08865,RPSA,Old_Post,1.0771961844813474,purple
P09012,SNRPA,Young_Pre,-0.11227137865901331,green
P09012,SNRPA,Young_Post,-1.353389531924761,green
P09012,SNRPA,Old_Pre,0.5307772939656528,green
P09012,SNRPA,Old_Post,0.9348836166181218,green
P09104,ENO2,Young_Pre,0.8157669776825726,yellow
P09104,ENO2,Young_Post,0.8275220228407146,yellow
P09104,ENO2,Old_Pre,-1.2086407342328487,yellow
P09104,ENO2,Old_Post,-0.43464826629049585,yellow
P09110,ACAA1,Young_Pre,-1.1573954511309548,turquoise
P09110,ACAA1,Young_Post,-0.36560828644887694,turquoise
P09110,ACAA1,Old_Pre,1.189868626510562,turquoise
P09110,ACAA1,Old_Post,0.33313511106930604,turquoise
P09211,GSTP1,Young_Pre,-0.38390470638178514,yellow
P09211,GSTP1,Young_Post,-0.2442734542711435,yellow
P09211,GSTP1,Old_Pre,1.4533089351384705,yellow
P09211,GSTP1,Old_Post,-0.8251307744855013,yellow
P09382,LGALS1,Young_Pre,-0.6816596225090726,red
P09382,LGALS1,Young_Post,-1.0325237679449806,red
P09382,LGALS1,Old_Pre,0.8537391129911994,red
P09382,LGALS1,Old_Post,0.8604442774628048,red
P09417,QDPR,Young_Pre,1.0923129616950333,yellow
P09417,QDPR,Young_Post,-0.9874175884487223,yellow
P09417,QDPR,Old_Pre,0.5903420846360713,yellow
P09417,QDPR,Old_Post,-0.6952374578823213,yellow
P09429,HMGB1,Young_Pre,-0.3418351250495664,turquoise
P09429,HMGB1,Young_Post,-1.2451103037260376,turquoise
P09429,HMGB1,Old_Pre,0.9853726647287043,turquoise
P09429,HMGB1,Old_Post,0.6015727640469225,turquoise
P09467,FBP1,Young_Pre,-0.341406444629249,magenta
P09467,FBP1,Young_Post,0.4785568705338436,magenta
P09467,FBP1,Old_Pre,1.081429100423811,magenta
P09467,FBP1,Old_Post,-1.2185795263285104,magenta
P09488,GSTM1,Young_Pre,1.2891669090065023,green
P09488,GSTM1,Young_Post,-0.14138921372576316,green
P09488,GSTM1,Old_Pre,-1.1480669350281802,green
P09488,GSTM1,Old_Post,2.892397474516564e-4,green
P09493,TPM1,Young_Pre,1.0794935876015654,brown
P09493,TPM1,Young_Post,0.5750225281674828,brown
P09493,TPM1,Old_Pre,-1.0873838906628503,brown
P09493,TPM1,Old_Post,-0.5671322251061917,brown
P09497,CLTB,Young_Pre,-0.5611020919887083,blue
P09497,CLTB,Young_Post,1.4969548732349354,blue
P09497,CLTB,Old_Pre,-0.41144481937682537,blue
P09497,CLTB,Old_Post,-0.5244079618694261,blue
P09601,HMOX1,Young_Pre,1.2555673217829966,brown
P09601,HMOX1,Young_Post,0.28647375164575156,brown
P09601,HMOX1,Old_Pre,-0.49485197042011025,brown
P09601,HMOX1,Old_Post,-1.0471891030086282,brown
P09622,DLD,Young_Pre,-0.9667211567131365,pink
P09622,DLD,Young_Post,-0.4875088562015892,pink
P09622,DLD,Old_Pre,1.347756954385978,pink
P09622,DLD,Old_Post,0.10647305852874772,pink
P09651,HNRNPA1,Young_Pre,1.253403701911172,black
P09651,HNRNPA1,Young_Post,0.23948429416452446,black
P09651,HNRNPA1,Old_Pre,-0.38778737362485716,black
P09651,HNRNPA1,Old_Post,-1.1051006224507456,black
P09669,COX6C,Young_Pre,0.49803442886432486,green
P09669,COX6C,Young_Post,-1.4589854478287037,green
P09669,COX6C,Old_Pre,0.1962135350066254,green
P09669,COX6C,Old_Post,0.7647374839577739,green
P09874,PARP1,Young_Pre,-0.07717682126865293,purple
P09874,PARP1,Young_Post,-1.2880643799387552,purple
P09874,PARP1,Old_Pre,0.23373747402477418,purple
P09874,PARP1,Old_Post,1.1315037271827144,purple
P09913,IFIT2,Young_Pre,0.4142517579892763,yellow
P09913,IFIT2,Young_Post,-0.9428579739923562,yellow
P09913,IFIT2,Old_Pre,1.2129078876868151,yellow
P09913,IFIT2,Old_Post,-0.6843016716835724,yellow
P09936,UCHL1,Young_Pre,0.19512981933977272,blue
P09936,UCHL1,Young_Post,1.3339057210259766,blue
P09936,UCHL1,Old_Pre,-0.847116314866809,blue
P09936,UCHL1,Old_Post,-0.6819192254989402,blue
P09960,LTA4H,Young_Pre,1.013071880322603,yellow
P09960,LTA4H,Young_Post,-0.056031471195319225,yellow
P09960,LTA4H,Old_Pre,0.39112991680243187,yellow
P09960,LTA4H,Old_Post,-1.3481703259297158,yellow
P09972,ALDOC,Young_Pre,0.19971900391163688,magenta
P09972,ALDOC,Young_Post,1.3102475279844519,magenta
P09972,ALDOC,Old_Pre,-0.9823203187617318,magenta
P09972,ALDOC,Old_Post,-0.527646213134357,magenta
P0CW19,LIMS3,Young_Pre,0.8801148770684034,brown
P0CW19,LIMS3,Young_Post,0.780214390595572,brown
P0CW19,LIMS3,Old_Pre,-1.1753578183965872,brown
P0CW19,LIMS3,Old_Post,-0.4849714492673404,brown
P0DMV8,HSPA1A,Young_Pre,0.9675903315397036,blue
P0DMV8,HSPA1A,Young_Post,0.5509550831898782,blue
P0DMV8,HSPA1A,Old_Pre,-0.2082612018951193,blue
P0DMV8,HSPA1A,Old_Post,-1.3102842128344985,blue
P0DP23,CALM1,Young_Pre,0.09917326371481229,brown
P0DP23,CALM1,Young_Post,1.255857821181251,brown
P0DP23,CALM1,Old_Pre,-1.174974674550722,brown
P0DP23,CALM1,Old_Post,-0.1800564103453637,brown
P10109,FDX1,Young_Pre,0.07439204454630842,turquoise
P10109,FDX1,Young_Post,-0.776572194511427,turquoise
P10109,FDX1,Old_Pre,1.386675167796555,turquoise
P10109,FDX1,Old_Post,-0.6844950178316295,turquoise
P10176,COX8A,Young_Pre,-0.4424687584131009,green
P10176,COX8A,Young_Post,-1.1550243485768497,green
P10176,COX8A,Old_Pre,0.4871795152971741,green
P10176,COX8A,Old_Post,1.1103135916928168,green
P10253,GAA,Young_Pre,-0.8318906609332894,turquoise
P10253,GAA,Young_Post,-0.8921183696586935,turquoise
P10253,GAA,Old_Pre,0.975976384606091,turquoise
P10253,GAA,Old_Post,0.7480326459859307,turquoise
P10301,RRAS,Young_Pre,-0.19519753764763817,red
P10301,RRAS,Young_Post,-1.3225085078273735,red
P10301,RRAS,Old_Pre,0.9337148936314594,red
P10301,RRAS,Old_Post,0.5839911518433352,red
P10515,DLAT,Young_Pre,0.6772968874003794,pink
P10515,DLAT,Young_Post,0.8576679790421131,pink
P10515,DLAT,Old_Pre,-0.20729675264865016,pink
P10515,DLAT,Old_Post,-1.3276681137938424,pink
P10599,TXN,Young_Pre,1.2772732951411607,yellow
P10599,TXN,Young_Post,-0.3998024269448507,yellow
P10599,TXN,Old_Pre,0.20304076780623795,yellow
P10599,TXN,Old_Post,-1.080511636002548,yellow
P10606,COX5B,Young_Pre,1.2194393018109562,green
P10606,COX5B,Young_Post,-1.0054069401149137,green
P10606,COX5B,Old_Pre,-0.596515796803407,green
P10606,COX5B,Old_Post,0.38248343510741795,green
P10636,MAPT,Young_Pre,0.2378235862268177,blue
P10636,MAPT,Young_Post,1.3100011961571858,blue
P10636,MAPT,Old_Pre,-0.8952714234473264,blue
P10636,MAPT,Old_Post,-0.6525533589366893,blue
P10644,PRKAR1A,Young_Pre,-1.4982962694643067,red
P10644,PRKAR1A,Young_Post,0.43951223731458927,red
P10644,PRKAR1A,Old_Pre,0.5560891019858409,red
P10644,PRKAR1A,Old_Post,0.502694930164057,red
P10768,ESD,Young_Pre,1.2809955541158489,red
P10768,ESD,Young_Post,0.2683387487085733,red
P10768,ESD,Old_Pre,-0.5663089078476564,red
P10768,ESD,Old_Post,-0.983025394976824,red
P10809,HSPD1,Young_Pre,-1.2453062546909701,turquoise
P10809,HSPD1,Young_Post,-0.34185950603914367,turquoise
P10809,HSPD1,Old_Pre,0.602799188529157,turquoise
P10809,HSPD1,Old_Post,0.9843665722010327,turquoise
P10828,THRB,Young_Pre,1.1674640805456138,brown
P10828,THRB,Young_Post,0.4728764603242776,brown
P10828,THRB,Old_Pre,-1.004638328505055,brown
P10828,THRB,Old_Post,-0.6357022123648268,brown
P10909,CLU,Young_Pre,-1.259458346825306,turquoise
P10909,CLU,Young_Post,-0.325063988165108,turquoise
P10909,CLU,Old_Pre,0.9546535336465948,turquoise
P10909,CLU,Old_Post,0.6298688013438445,turquoise
P10916,MYL2,Young_Pre,0.3901050379712768,green
P10916,MYL2,Young_Post,-1.464340002320146,green
P10916,MYL2,Old_Pre,0.28558613458568094,green
P10916,MYL2,Old_Post,0.7886488297632047,green
P11021,HSPA5,Young_Pre,-0.31616510590903896,blue
P11021,HSPA5,Young_Post,1.4056439168832406,blue
P11021,HSPA5,Old_Pre,-0.9513859134972992,blue
P11021,HSPA5,Old_Post,-0.13809289747694117,blue
P11047,LAMC1,Young_Pre,1.0287448271027002,brown
P11047,LAMC1,Young_Post,-1.3716580032852213,brown
P11047,LAMC1,Old_Pre,0.1445895122059521,brown
P11047,LAMC1,Old_Post,0.19832366397654322,brown
P11055,MYH3,Young_Pre,1.4088976025782407,brown
P11055,MYH3,Young_Post,-0.0988512637349209,brown
P11055,MYH3,Old_Pre,-0.38379884515398827,brown
P11055,MYH3,Old_Post,-0.9262474936893268,brown
P11142,HSPA8,Young_Pre,0.1871815544568856,blue
P11142,HSPA8,Young_Post,1.3387655648468433,blue
P11142,HSPA8,Old_Pre,-0.8278292556070593,blue
P11142,HSPA8,Old_Post,-0.6981178636967247,blue
P11177,PDHB,Young_Pre,-0.13944600534499904,pink
P11177,PDHB,Young_Post,1.3325962735486152,pink
P11177,PDHB,Old_Pre,-0.10011858914557217,pink
P11177,PDHB,Old_Post,-1.0930316790583732,pink
P11182,DBT,Young_Pre,-0.9221742406848984,turquoise
P11182,DBT,Young_Post,-0.8029066520450064,turquoise
P11182,DBT,Old_Pre,0.9546912322763713,turquoise
P11182,DBT,Old_Post,0.7703896604535485,turquoise
P11279,LAMP1,Young_Pre,-1.117502489970885,turquoise
P11279,LAMP1,Young_Post,-0.4470015408797443,turquoise
P11279,LAMP1,Old_Pre,0.37756610259526113,turquoise
P11279,LAMP1,Old_Post,1.1869379282553203,turquoise
P11310,ACADM,Young_Pre,-1.025659184010194,turquoise
P11310,ACADM,Young_Post,-0.677991022964372,turquoise
P11310,ACADM,Old_Pre,0.7155544221705248,turquoise
P11310,ACADM,Old_Post,0.988095784804021,turquoise
P11441,UBL4A,Young_Pre,0.3757505762451883,blue
P11441,UBL4A,Young_Post,1.2144914160619185,blue
P11441,UBL4A,Old_Pre,-0.5507981485575012,blue
P11441,UBL4A,Old_Post,-1.0394438437496056,blue
P11532,DMD,Young_Pre,0.9890306445016357,purple
P11532,DMD,Young_Post,0.3134300316055231,purple
P11532,DMD,Old_Pre,0.0820424942270055,purple
P11532,DMD,Old_Post,-1.3845031703342006,purple
P11766,ADH5,Young_Pre,0.6255989023753941,yellow
P11766,ADH5,Young_Post,-1.0597268949815435,yellow
P11766,ADH5,Old_Pre,1.0511417398070249,yellow
P11766,ADH5,Old_Post,-0.6170137472009356,yellow
P12109,COL6A1,Young_Pre,0.7270214325255178,brown
P12109,COL6A1,Young_Post,-1.4618953250727502,brown
P12109,COL6A1,Old_Pre,0.18815772800610286,brown
P12109,COL6A1,Old_Post,0.5467161645411297,brown
P12110,COL6A2,Young_Pre,0.7528560963026638,brown
P12110,COL6A2,Young_Post,-1.3405775530475823,brown
P12110,COL6A2,Old_Pre,-0.18746622244462732,brown
P12110,COL6A2,Old_Post,0.7751876791895057,brown
P12111,COL6A3,Young_Pre,0.5869936984311966,brown
P12111,COL6A3,Young_Post,-1.3288791425385529,brown
P12111,COL6A3,Old_Pre,-0.18327817995153206,brown
P12111,COL6A3,Old_Post,0.9251636240588577,brown
P12236,SLC25A6,Young_Pre,-1.1103022070268158,red
P12236,SLC25A6,Young_Post,1.3146876867710986,red
P12236,SLC25A6,Old_Pre,-0.19689908379557725,red
P12236,SLC25A6,Old_Post,-0.007486395948780148,red
P12268,IMPDH2,Young_Pre,1.0630415778768099,red
P12268,IMPDH2,Young_Post,-0.2349356903397009,red
P12268,IMPDH2,Old_Pre,-1.2719189428100246,red
P12268,IMPDH2,Old_Post,0.44381305527307274,red
P12277,CKB,Young_Pre,-0.771461886283511,turquoise
P12277,CKB,Young_Post,-0.9375228569295615,turquoise
P12277,CKB,Old_Pre,1.0355766399445407,turquoise
P12277,CKB,Old_Post,0.6734081032685121,turquoise
P12694,BCKDHA,Young_Pre,0.7707418002506389,green
P12694,BCKDHA,Young_Post,-0.38342294725798576,green
P12694,BCKDHA,Old_Pre,0.8513132941812973,green
P12694,BCKDHA,Old_Post,-1.2386321471738866,green
P12814,ACTN1,Young_Pre,1.212004512506683,brown
P12814,ACTN1,Young_Post,0.3933895818078895,brown
P12814,ACTN1,Old_Pre,-1.012034811975776,brown
P12814,ACTN1,Old_Post,-0.5933592823387925,brown
P12882,MYH1,Young_Pre,1.3830903350194548,brown
P12882,MYH1,Young_Post,0.06959593981376545,brown
P12882,MYH1,Old_Pre,-0.610005646054619,brown
P12882,MYH1,Old_Post,-0.8426806287786011,brown
P12883,MYH7,Young_Pre,1.297444199396367,brown
P12883,MYH7,Young_Post,-0.8592713038506566,brown
P12883,MYH7,Old_Pre,-0.7101534659261998,brown
P12883,MYH7,Old_Post,0.27198057038053014,brown
P12955,PEPD,Young_Pre,1.0585807094980353,yellow
P12955,PEPD,Young_Post,-0.48022131750059605,yellow
P12955,PEPD,Old_Pre,0.5715015965076025,yellow
P12955,PEPD,Old_Post,-1.1498609885050843,yellow
P12956,XRCC6,Young_Pre,-0.5053627961084368,turquoise
P12956,XRCC6,Young_Post,-1.1613654757567662,turquoise
P12956,XRCC6,Old_Pre,0.7748529835242349,turquoise
P12956,XRCC6,Old_Post,0.8918752883409848,turquoise
P13010,XRCC5,Young_Pre,1.1951808891254068,yellow
P13010,XRCC5,Young_Post,-0.07660734399791887,yellow
P13010,XRCC5,Old_Pre,0.12630442092754354,yellow
P13010,XRCC5,Old_Post,-1.244877966054964,yellow
P13073,COX4I1,Young_Pre,0.26537041083180407,green
P13073,COX4I1,Young_Post,-1.4800864801225386,green
P13073,COX4I1,Old_Pre,0.6313891802370496,green
P13073,COX4I1,Old_Post,0.5833268890536595,green
P13164,IFITM1,Young_Pre,-0.2220156737134283,turquoise
P13164,IFITM1,Young_Post,-1.290165198453363,turquoise
P13164,IFITM1,Old_Pre,1.0233331219064346,turquoise
P13164,IFITM1,Old_Post,0.48884775026034055,turquoise
P13473,LAMP2,Young_Pre,-0.4782363588345657,turquoise
P13473,LAMP2,Young_Post,-1.15015308583813,turquoise
P13473,LAMP2,Old_Pre,1.0617949772483761,turquoise
P13473,LAMP2,Old_Post,0.5665944674242804,turquoise
P13489,RNH1,Young_Pre,0.7484504760425049,yellow
P13489,RNH1,Young_Post,-0.5260393258627062,yellow
P13489,RNH1,Old_Pre,0.9228087267201642,yellow
P13489,RNH1,Old_Post,-1.145219876899963,yellow
P13535,MYH8,Young_Pre,0.8601374428849651,brown
P13535,MYH8,Young_Post,0.8718189011870472,brown
P13535,MYH8,Old_Pre,-0.8545984972893889,brown
P13535,MYH8,Old_Post,-0.8773578467826234,brown
P13611,VCAN,Young_Pre,0.8308866935644552,yellow
P13611,VCAN,Young_Post,0.5440826257769978,yellow
P13611,VCAN,Old_Pre,0.043381635974427006,yellow
P13611,VCAN,Old_Post,-1.418350955315826,yellow
P13639,EEF2,Young_Pre,0.8764151273415892,blue
P13639,EEF2,Young_Post,0.7094664476704983,blue
P13639,EEF2,Old_Pre,-1.27824672153901,blue
P13639,EEF2,Old_Post,-0.30763485347307745,blue
P13667,PDIA4,Young_Pre,-1.1102810123899831,turquoise
P13667,PDIA4,Young_Post,-0.34590454072026494,turquoise
P13667,PDIA4,Old_Pre,0.18615738386893121,turquoise
P13667,PDIA4,Old_Post,1.270028169241317,turquoise
P13693,TPT1,Young_Pre,0.8304525214279664,red
P13693,TPT1,Young_Post,-1.3683215960694606,red
P13693,TPT1,Old_Pre,0.6519443600772974,red
P13693,TPT1,Old_Post,-0.11407528543580324,red
P13716,ALAD,Young_Pre,-1.0472446251901133,red
P13716,ALAD,Young_Post,-0.6249044931121823,red
P13716,ALAD,Old_Pre,0.596562834407814,red
P13716,ALAD,Old_Post,1.0755862838944816,red
P13798,APEH,Young_Pre,-1.1021480993400017,red
P13798,APEH,Young_Post,1.2950630889632055,red
P13798,APEH,Old_Pre,-0.30796762000142214,red
P13798,APEH,Old_Post,0.1150526303782832,red
P13804,ETFA,Young_Pre,-0.9117772641690127,turquoise
P13804,ETFA,Young_Post,-0.7933103535704604,turquoise
P13804,ETFA,Old_Pre,1.0594967158052366,turquoise
P13804,ETFA,Old_Post,0.6455909019342658,turquoise
P13805,TNNT1,Young_Pre,1.4697339018139846,brown
P13805,TNNT1,Young_Post,-0.7072618997371851,brown
P13805,TNNT1,Old_Pre,-0.5377305473703515,brown
P13805,TNNT1,Old_Post,-0.22474145470644796,brown
P13807,GYS1,Young_Pre,0.19195480524664157,blue
P13807,GYS1,Young_Post,1.308246991181811,blue
P13807,GYS1,Old_Pre,-1.0014377715564442,blue
P13807,GYS1,Old_Post,-0.4987640248720085,blue
P13861,PRKAR2A,Young_Pre,-0.8123608588230329,red
P13861,PRKAR2A,Young_Post,1.388518678312193,red
P13861,PRKAR2A,Old_Pre,0.06271076980078906,red
P13861,PRKAR2A,Old_Post,-0.6388685892900485,red
P13929,ENO3,Young_Pre,0.8212845309420136,yellow
P13929,ENO3,Young_Post,0.698840003510837,yellow
P13929,ENO3,Old_Pre,-1.3438966052905554,yellow
P13929,ENO3,Old_Post,-0.17622792916235203,yellow
P13987,CD59,Young_Pre,-0.007508822402931867,red
P13987,CD59,Young_Post,1.0446739971867003,red
P13987,CD59,Old_Pre,0.3092894006883867,red
P13987,CD59,Old_Post,-1.346454575472155,red
P14209,CD99,Young_Pre,-0.3078158096637216,purple
P14209,CD99,Young_Post,1.2118621176219273,purple
P14209,CD99,Old_Pre,-1.1689575204756169,purple
P14209,CD99,Old_Post,0.26491121251744504,purple
P14314,PRKCSH,Young_Pre,-0.3625791900762976,blue
P14314,PRKCSH,Young_Post,1.4883784286649275,blue
P14314,PRKCSH,Old_Pre,-0.4640208520958669,blue
P14314,PRKCSH,Old_Post,-0.6617783864926099,blue
P14406,COX7A2,Young_Pre,0.8174387876917212,green
P14406,COX7A2,Young_Post,-1.2511419752163222,green
P14406,COX7A2,Old_Pre,-0.3629709475356137,green
P14406,COX7A2,Old_Post,0.7966741350602442,green
P14543,NID1,Young_Pre,1.0477925402846135,brown
P14543,NID1,Young_Post,-1.327954205070208,brown
P14543,NID1,Old_Pre,-0.08288008632677384,brown
P14543,NID1,Old_Post,0.36304175111236825,brown
P14618,PKM,Young_Pre,-0.30642651747716176,yellow
P14618,PKM,Young_Post,0.3518377689058615,yellow
P14618,PKM,Old_Pre,-1.2019600263591543,yellow
P14618,PKM,Old_Post,1.1565487749303378,yellow
P14621,ACYP2,Young_Pre,0.06645385054905308,yellow
P14621,ACYP2,Young_Post,1.328676227672172,yellow
P14621,ACYP2,Old_Pre,-1.0560405614180923,yellow
P14621,ACYP2,Old_Post,-0.33908951680317423,yellow
P14625,HSP90B1,Young_Pre,-0.30964203716541316,blue
P14625,HSP90B1,Young_Post,1.3569698583655732,blue
P14625,HSP90B1,Old_Pre,-1.030766873408144,blue
P14625,HSP90B1,Old_Post,-0.016560947791954557,blue
P14649,MYL6B,Young_Pre,-1.2478169637532086,brown
P14649,MYL6B,Young_Post,-0.21709381454397053,brown
P14649,MYL6B,Old_Pre,0.3306834971060721,brown
P14649,MYL6B,Old_Post,1.134227281191107,brown
P14854,COX6B1,Young_Pre,-0.0706432868939366,green
P14854,COX6B1,Young_Post,-1.3705322738434478,green
P14854,COX6B1,Old_Pre,0.5229045565775456,green
P14854,COX6B1,Old_Post,0.9182710041598667,green
P14868,DARS1,Young_Pre,-0.7630209060592701,blue
P14868,DARS1,Young_Post,1.4538479745512236,blue
P14868,DARS1,Old_Pre,-0.5263888703130802,blue
P14868,DARS1,Old_Post,-0.16443819817887334,blue
P14927,UQCRB,Young_Pre,0.7193174835327573,green
P14927,UQCRB,Young_Post,-0.7247338312162972,green
P14927,UQCRB,Old_Pre,-0.986566450153997,green
P14927,UQCRB,Old_Post,0.9919827978373368,green
P15090,FABP4,Young_Pre,-0.8480388932595312,turquoise
P15090,FABP4,Young_Post,-0.7820090885799523,turquoise
P15090,FABP4,Old_Pre,1.2277972999817592,turquoise
P15090,FABP4,Old_Post,0.4022506818577244,turquoise
P15104,GLUL,Young_Pre,-0.5001623788343889,green
P15104,GLUL,Young_Post,-1.0629200551218214,green
P15104,GLUL,Old_Pre,1.2278736063177738,green
P15104,GLUL,Old_Post,0.33520882763843646,green
P15121,AKR1B1,Young_Pre,-0.7770943882010383,yellow
P15121,AKR1B1,Young_Post,-0.05085636638077629,yellow
P15121,AKR1B1,Old_Pre,1.4265924608469187,yellow
P15121,AKR1B1,Old_Post,-0.5986417062648837,yellow
P15170,GSPT1,Young_Pre,0.43821333029617054,yellow
P15170,GSPT1,Young_Post,1.195061273198809,yellow
P15170,GSPT1,Old_Pre,-0.9683025008541989,yellow
P15170,GSPT1,Old_Post,-0.6649721026409194,yellow
P15259,PGAM2,Young_Pre,0.05286950524276224,yellow
P15259,PGAM2,Young_Post,-1.4202059292804616,yellow
P15259,PGAM2,Old_Pre,0.8343590969487367,yellow
P15259,PGAM2,Old_Post,0.5329773270889626,yellow
P15311,EZR,Young_Pre,0.1635815948151976,blue
P15311,EZR,Young_Post,1.3367493704145492,blue
P15311,EZR,Old_Pre,-0.924586926136607,blue
P15311,EZR,Old_Post,-0.5757440390931398,blue
P15374,UCHL3,Young_Pre,0.727105933981674,brown
P15374,UCHL3,Young_Post,0.9559952632561913,brown
P15374,UCHL3,Old_Pre,-1.1070456054727873,brown
P15374,UCHL3,Old_Post,-0.5760555917650243,brown
P15531,NME1,Young_Pre,-1.2888414202135368,turquoise
P15531,NME1,Young_Post,0.2060096575333465,turquoise
P15531,NME1,Old_Pre,-0.05448071263000488,turquoise
P15531,NME1,Old_Post,1.137312475310226,turquoise
P15880,RPS2,Young_Pre,0.10377000526989484,blue
P15880,RPS2,Young_Post,1.2023632550168784,blue
P15880,RPS2,Old_Pre,-1.240672936345858,blue
P15880,RPS2,Old_Post,-0.06546032394091528,blue
P15927,RPA2,Young_Pre,-0.1921376831661611,green
P15927,RPA2,Young_Post,-1.3383439654731022,green
P15927,RPA2,Old_Pre,0.7461162017282085,green
P15927,RPA2,Old_Post,0.7843654469110323,green
P15954,COX7C,Young_Pre,0.9882050456551071,green
P15954,COX7C,Young_Post,-1.3836422828032422,green
P15954,COX7C,Old_Pre,0.07362285571507599,green
P15954,COX7C,Old_Post,0.3218143814331134,green
P16152,CBR1,Young_Pre,-0.062307346579696034,blue
P16152,CBR1,Young_Post,1.3475134882366064,blue
P16152,CBR1,Old_Pre,-1.063582749854828,blue
P16152,CBR1,Old_Post,-0.2216233918020695,blue
P16219,ACADS,Young_Pre,-0.5397914092095243,turquoise
P16219,ACADS,Young_Post,-0.9048902327104478,turquoise
P16219,ACADS,Old_Pre,1.3728200204885068,turquoise
P16219,ACADS,Old_Post,0.07186162143149237,turquoise
P16298,PPP3CB,Young_Pre,0.6896035758155844,yellow
P16298,PPP3CB,Young_Post,-1.1155109304847133,yellow
P16298,PPP3CB,Old_Pre,0.9841163498008951,yellow
P16298,PPP3CB,Old_Post,-0.5582089951317973,yellow
P16615,ATP2A2,Young_Pre,-0.4486316899076563,red
P16615,ATP2A2,Young_Post,-0.5896154060986986,red
P16615,ATP2A2,Old_Pre,1.4969028593814644,red
P16615,ATP2A2,Old_Post,-0.458655763375173,red
P16930,FAH,Young_Pre,-1.0907947587522409,turquoise
P16930,FAH,Young_Post,-0.6063740170266326,turquoise
P16930,FAH,Old_Pre,0.8823957692147103,turquoise
P16930,FAH,Old_Post,0.8147730065641632,turquoise
P17152,TMEM11,Young_Pre,-0.2951142601264696,green
P17152,TMEM11,Young_Post,-1.2766730263358261,green
P17152,TMEM11,Old_Pre,0.6313686932162811,green
P17152,TMEM11,Old_Post,0.9404185932460583,green
P17174,GOT1,Young_Pre,-0.06394857961141205,turquoise
P17174,GOT1,Young_Post,-1.2746810944013467,turquoise
P17174,GOT1,Old_Pre,1.156723282084883,turquoise
P17174,GOT1,Old_Post,0.1819063919279471,turquoise
P17540,CKMT2,Young_Pre,-0.9832559087452324,turquoise
P17540,CKMT2,Young_Post,-0.71564378670155,turquoise
P17540,CKMT2,Old_Pre,0.6520521515886796,turquoise
P17540,CKMT2,Old_Post,1.0468475438580478,turquoise
P17568,NDUFB7,Young_Pre,0.2525000198615388,green
P17568,NDUFB7,Young_Post,-1.4732839823120591,green
P17568,NDUFB7,Old_Pre,0.7116868624989108,green
P17568,NDUFB7,Old_Post,0.5090970999515706,green
P17612,PRKACA,Young_Pre,-1.377607038586639,red
P17612,PRKACA,Young_Post,0.19204382434997122,red
P17612,PRKACA,Old_Pre,0.16702466396323032,red
P17612,PRKACA,Old_Post,1.0185385502736544,red
P17655,CAPN2,Young_Pre,-0.9713819470410228,blue
P17655,CAPN2,Young_Post,1.1387033827049622,blue
P17655,CAPN2,Old_Pre,-0.6943052493569497,blue
P17655,CAPN2,Old_Post,0.5269838136930316,blue
P17661,DES,Young_Pre,0.9311872868340169,brown
P17661,DES,Young_Post,0.7873737661670035,brown
P17661,DES,Old_Pre,-0.9938292959945422,brown
P17661,DES,Old_Post,-0.7247317570064691,brown
P17858,PFKL,Young_Pre,0.5024046259683486,yellow
P17858,PFKL,Young_Post,1.1634888715416796,yellow
P17858,PFKL,Old_Pre,-0.8889943405013174,yellow
P17858,PFKL,Old_Post,-0.7768991570087459,yellow
P17931,LGALS3,Young_Pre,-1.1324641869373762,blue
P17931,LGALS3,Young_Post,0.72944716073894,blue
P17931,LGALS3,Old_Pre,-0.5415326510670609,blue
P17931,LGALS3,Old_Post,0.9445496772655461,blue
P17948,FLT1,Young_Pre,1.3724450082754165,brown
P17948,FLT1,Young_Post,-1.0267962830396862,brown
P17948,FLT1,Old_Pre,-0.20708492133512443,brown
P17948,FLT1,Old_Post,-0.1385638039005946,brown
P17987,TCP1,Young_Pre,-0.45933970089701465,blue
P17987,TCP1,Young_Post,1.3802338347347476,blue
P17987,TCP1,Old_Pre,-0.9399982100542358,blue
P17987,TCP1,Old_Post,0.019104076216537657,blue
P18077,RPL35A,Young_Pre,0.7653765447805122,black
P18077,RPL35A,Young_Post,0.961126719623491,black
P18077,RPL35A,Old_Pre,-0.8669538293030155,black
P18077,RPL35A,Old_Post,-0.8595494351010123,black
P18085,ARF4,Young_Pre,0.42306902357641424,red
P18085,ARF4,Young_Post,1.1966047092909458,red
P18085,ARF4,Old_Pre,-0.6130142679824941,red
P18085,ARF4,Old_Post,-1.0066594648850808,red
P18124,RPL7,Young_Pre,-0.18554278322433712,black
P18124,RPL7,Young_Post,1.2162738859649904,black
P18124,RPL7,Old_Pre,-1.2063968121807542,black
P18124,RPL7,Old_Post,0.17566570944012394,black
P18206,VCL,Young_Pre,-0.9130723438102808,blue
P18206,VCL,Young_Post,1.310960268798299,blue
P18206,VCL,Old_Pre,-0.6282018501183436,blue
P18206,VCL,Old_Post,0.2303139251304246,blue
P18621,RPL17,Young_Pre,0.658875230561777,black
P18621,RPL17,Young_Post,1.0127509878084406,black
P18621,RPL17,Old_Pre,-1.1032563370614668,black
P18621,RPL17,Old_Post,-0.5683698813087374,black
P18669,PGAM1,Young_Pre,-0.3906354793793593,red
P18669,PGAM1,Young_Post,-1.1900145560300348,red
P18669,PGAM1,Old_Pre,0.48862814046974967,red
P18669,PGAM1,Old_Post,1.092021894939736,red
P18859,ATP5PF,Young_Pre,-0.329922506303506,pink
P18859,ATP5PF,Young_Post,1.1603020371580273,pink
P18859,ATP5PF,Old_Pre,-1.189813945197738,pink
P18859,ATP5PF,Old_Post,0.3594344143433391,pink
P19075,TSPAN8,Young_Pre,0.9772712337757359,yellow
P19075,TSPAN8,Young_Post,-0.5888971274160698,yellow
P19075,TSPAN8,Old_Pre,0.7065692639532457,yellow
P19075,TSPAN8,Old_Post,-1.0949433703128764,yellow
P19237,TNNI1,Young_Pre,1.2217221261866666,brown
P19237,TNNI1,Young_Post,-1.214616677100926,brown
P19237,TNNI1,Old_Pre,-0.130194207459963,brown
P19237,TNNI1,Old_Post,0.12308875837422235,brown
P19338,NCL,Young_Pre,-0.6012141385084375,black
P19338,NCL,Young_Post,-1.0948416543258321,black
P19338,NCL,Old_Pre,0.8200932816240819,black
P19338,NCL,Old_Post,0.8759625112101983,black
P19404,NDUFV2,Young_Pre,0.7612154217648409,green
P19404,NDUFV2,Young_Post,-1.4691833970649815,green
P19404,NDUFV2,Old_Pre,0.2783470243624983,green
P19404,NDUFV2,Old_Post,0.4296209509375901,green
P19971,TYMP,Young_Pre,0.7272270587154577,brown
P19971,TYMP,Young_Post,0.9776216261605241,brown
P19971,TYMP,Old_Pre,-1.0286943653767409,brown
P19971,TYMP,Old_Post,-0.676154319499226,brown
P20020,ATP2B1,Young_Pre,0.23551552017343222,black
P20020,ATP2B1,Young_Post,-0.8762466238795847,black
P20020,ATP2B1,Old_Pre,1.3132039375607103,black
P20020,ATP2B1,Old_Post,-0.6724728338543602,black
P20042,EIF2S2,Young_Pre,0.11971840250944282,black
P20042,EIF2S2,Young_Post,1.168858925218546,black
P20042,EIF2S2,Old_Pre,-1.2724687941889794,black
P20042,EIF2S2,Old_Post,-0.016108533539009286,black
P20231,TPSB2,Young_Pre,-0.6894352563474674,turquoise
P20231,TPSB2,Young_Post,-1.0211166900470483,turquoise
P20231,TPSB2,Old_Pre,0.7577932774111811,turquoise
P20231,TPSB2,Old_Post,0.9527586689833283,turquoise
P20290,BTF3,Young_Pre,0.5958395114295114,red
P20290,BTF3,Young_Post,1.0980324381516817,red
P20290,BTF3,Old_Pre,-0.7984645884006969,red
P20290,BTF3,Old_Post,-0.8954073611804962,red
P20472,PVALB,Young_Pre,1.289113323916867,brown
P20472,PVALB,Young_Post,0.27895833176382806,brown
P20472,PVALB,Old_Pre,-0.6596478690883754,brown
P20472,PVALB,Old_Post,-0.9084237865923118,brown
P20618,PSMB1,Young_Pre,0.7402362716987283,red
P20618,PSMB1,Young_Post,0.9829253450900243,red
P20618,PSMB1,Old_Pre,-0.8867308506835083,red
P20618,PSMB1,Old_Post,-0.8364307661051961,red
P20674,COX5A,Young_Pre,0.3079740356365033,green
P20674,COX5A,Young_Post,-1.4703772198503458,green
P20674,COX5A,Old_Pre,0.39741878090890204,green
P20674,COX5A,Old_Post,0.7649844033049406,green
P20807,CAPN3,Young_Pre,0.8428517544194359,black
P20807,CAPN3,Young_Post,0.8573908821528116,black
P20807,CAPN3,Old_Pre,-1.083647851750966,black
P20807,CAPN3,Old_Post,-0.6165947848212948,black
P20810,CAST,Young_Pre,0.5504048114093316,blue
P20810,CAST,Young_Post,1.0667654470274528,blue
P20810,CAST,Old_Pre,-1.1631596645558364,blue
P20810,CAST,Old_Post,-0.45401059388094794,blue
P20929,NEB,Young_Pre,0.8335449521254069,brown
P20929,NEB,Young_Post,0.8975773919069786,brown
P20929,NEB,Old_Pre,-0.8414224757008646,brown
P20929,NEB,Old_Post,-0.889699868331533,brown
P21266,GSTM3,Young_Pre,1.0331140121998699,yellow
P21266,GSTM3,Young_Post,0.6531422953449827,yellow
P21266,GSTM3,Old_Pre,-1.0484941836559896,yellow
P21266,GSTM3,Old_Post,-0.6377621238889427,yellow
P21291,CSRP1,Young_Pre,0.5744851002561857,blue
P21291,CSRP1,Young_Post,0.7906741679224097,blue
P21291,CSRP1,Old_Pre,-1.4285592973566301,blue
P21291,CSRP1,Old_Post,0.06340002917803467,blue
P21333,FLNA,Young_Pre,0.23859990439475232,blue
P21333,FLNA,Young_Post,1.2759471446557051,blue
P21333,FLNA,Old_Pre,-1.0471895363062649,blue
P21333,FLNA,Old_Post,-0.46735751274419274,blue
P21397,MAOA,Young_Pre,-0.35985404978174124,turquoise
P21397,MAOA,Young_Post,-1.239527577543719,turquoise
P21397,MAOA,Old_Pre,0.9656209984561679,turquoise
P21397,MAOA,Old_Post,0.6337606288692862,turquoise
P21399,ACO1,Young_Pre,-0.5916510566953215,turquoise
P21399,ACO1,Young_Post,-0.6183558084362792,turquoise
P21399,ACO1,Old_Pre,1.4812245275103515,turquoise
P21399,ACO1,Old_Post,-0.27121766237868855,turquoise
P21695,GPD1,Young_Pre,1.118351237072741,yellow
P21695,GPD1,Young_Post,0.5329135805973918,yellow
P21695,GPD1,Old_Pre,-0.5998494631605726,yellow
P21695,GPD1,Old_Post,-1.0514153545096772,yellow
P21796,VDAC1,Young_Pre,-0.08359444040104402,green
P21796,VDAC1,Young_Post,-1.3493917350774707,green
P21796,VDAC1,Old_Pre,0.986149559275142,green
P21796,VDAC1,Old_Post,0.44683661620338705,green
P21810,BGN,Young_Pre,-0.26599810816182035,brown
P21810,BGN,Young_Post,-1.2963760361605892,brown
P21810,BGN,Old_Pre,0.8998203219254214,brown
P21810,BGN,Old_Post,0.6625538223970355,brown
P21817,RYR1,Young_Pre,0.7870042111919376,yellow
P21817,RYR1,Young_Post,0.8973354198066933,yellow
P21817,RYR1,Old_Pre,-0.5620684770071552,yellow
P21817,RYR1,Old_Post,-1.1222711539914758,yellow
P21912,SDHB,Young_Pre,-1.0613455748272111,turquoise
P21912,SDHB,Young_Post,-0.5570133419754946,turquoise
P21912,SDHB,Old_Pre,1.1653668499936216,turquoise
P21912,SDHB,Old_Post,0.45299206680904647,turquoise
P21980,TGM2,Young_Pre,-0.6365320536295556,green
P21980,TGM2,Young_Post,-0.9971365908020577,green
P21980,TGM2,Old_Pre,0.452067996956521,green
P21980,TGM2,Old_Post,1.181600647475072,green
P22033,MMUT,Young_Pre,-1.0755537237729371,turquoise
P22033,MMUT,Young_Post,-0.6105456827070073,turquoise
P22033,MMUT,Old_Pre,0.6866007461645209,turquoise
P22033,MMUT,Old_Post,0.9994986603154233,turquoise
P22061,PCMT1,Young_Pre,-0.21966688917284438,red
P22061,PCMT1,Young_Post,-1.258125741116402,red
P22061,PCMT1,Old_Pre,1.1110055385407585,red
P22061,PCMT1,Old_Post,0.36678709174831653,red
P22102,GART,Young_Pre,-0.6809842007539627,blue
P22102,GART,Young_Post,1.459043979128166,blue
P22102,GART,Old_Pre,-0.6178995856646937,blue
P22102,GART,Old_Post,-0.16016019270947263,blue
P22234,PAICS,Young_Pre,0.4285940100436958,magenta
P22234,PAICS,Young_Post,1.2117457589032345,magenta
P22234,PAICS,Old_Pre,-0.8563783885859558,magenta
P22234,PAICS,Old_Post,-0.7839613803610546,magenta
P22314,UBA1,Young_Pre,-1.372259789394357,red
P22314,UBA1,Young_Post,0.5890938138069579,red
P22314,UBA1,Old_Pre,0.8728298455947828,red
P22314,UBA1,Old_Post,-0.08966387000746415,red
P22570,FDXR,Young_Pre,-0.1333011171908476,brown
P22570,FDXR,Young_Post,-1.3639194869679339,brown
P22570,FDXR,Old_Pre,0.7722712030120409,brown
P22570,FDXR,Old_Post,0.7249494011468216,brown
P22626,HNRNPA2B1,Young_Pre,0.1137210770584973,brown
P22626,HNRNPA2B1,Young_Post,-1.4477301503990192,brown
P22626,HNRNPA2B1,Old_Pre,0.6409773933303847,brown
P22626,HNRNPA2B1,Old_Post,0.6930316800101373,brown
P22695,UQCRC2,Young_Pre,-0.10909318177516822,green
P22695,UQCRC2,Young_Post,-1.3219869333897716,green
P22695,UQCRC2,Old_Pre,0.3865612758755182,green
P22695,UQCRC2,Old_Post,1.0445188392893492,green
P22830,FECH,Young_Pre,-1.0275508004140106,turquoise
P22830,FECH,Young_Post,-0.6794342778709914,turquoise
P22830,FECH,Old_Pre,0.7403347159954349,turquoise
P22830,FECH,Old_Post,0.9666503622894936,turquoise
P23109,AMPD1,Young_Pre,0.5680148914020318,red
P23109,AMPD1,Young_Post,-1.4472004953852844,red
P23109,AMPD1,Old_Pre,0.12615529133255426,red
P23109,AMPD1,Old_Post,0.7530303126507748,red
P23142,FBLN1,Young_Pre,-0.07055417653608083,black
P23142,FBLN1,Young_Post,0.7010604177080166,black
P23142,FBLN1,Old_Pre,0.7582382251681196,black
P23142,FBLN1,Old_Post,-1.3887444663401098,black
P23246,SFPQ,Young_Pre,0.19554186908503815,black
P23246,SFPQ,Young_Post,-1.1397809276108875,black
P23246,SFPQ,Old_Pre,-0.3079026225590838,black
P23246,SFPQ,Old_Post,1.2521416810850252,black
P23327,HRC,Young_Pre,0.23182585369118036,blue
P23327,HRC,Young_Post,1.3180908986702609,blue
P23327,HRC,Old_Pre,-0.837296914732828,blue
P23327,HRC,Old_Post,-0.7126198376286382,blue
P23368,ME2,Young_Pre,-0.29171825882109476,pink
P23368,ME2,Young_Post,1.402068470370545,pink
P23368,ME2,Old_Pre,-0.9630143300526446,pink
P23368,ME2,Old_Post,-0.1473358814968217,pink
P23396,RPS3,Young_Pre,0.42001229816871005,purple
P23396,RPS3,Young_Post,1.1255995142628208,purple
P23396,RPS3,Old_Pre,-1.198339374649432,purple
P23396,RPS3,Old_Post,-0.34727243778213757,purple
P23526,AHCY,Young_Pre,-0.3950426214960891,magenta
P23526,AHCY,Young_Post,1.3559150077566555,magenta
P23526,AHCY,Old_Pre,0.04100313584429187,magenta
P23526,AHCY,Old_Post,-1.0018755221047677,magenta
P23528,CFL1,Young_Pre,-1.2144655069563384,red
P23528,CFL1,Young_Post,-0.3655236301438749,red
P23528,CFL1,Old_Pre,0.522335109962904,red
P23528,CFL1,Old_Post,1.0576540271373094,red
P23634,ATP2B4,Young_Pre,0.47889427982184507,yellow
P23634,ATP2B4,Young_Post,1.1242655298431834,yellow
P23634,ATP2B4,Old_Pre,-0.46869358827854585,yellow
P23634,ATP2B4,Old_Post,-1.1344662213864825,yellow
P23786,CPT2,Young_Pre,-0.5893163369988381,turquoise
P23786,CPT2,Young_Post,-1.0558833805683794,turquoise
P23786,CPT2,Old_Pre,1.1263065316145713,turquoise
P23786,CPT2,Old_Post,0.5188931859526745,turquoise
P24043,LAMA2,Young_Pre,1.475208040689681,brown
P24043,LAMA2,Young_Post,-0.6314786614931118,brown
P24043,LAMA2,Old_Pre,-0.6076822131309775,brown
P24043,LAMA2,Old_Post,-0.2360471660656351,brown
P24298,GPT,Young_Pre,-0.06837801626236867,turquoise
P24298,GPT,Young_Post,-1.3064480324690793,turquoise
P24298,GPT,Old_Pre,1.1018069512121726,turquoise
P24298,GPT,Old_Post,0.2730190975192622,turquoise
P24310,COX7A1,Young_Pre,0.1897903445719086,green
P24310,COX7A1,Young_Post,-1.4647801830920584,green
P24310,COX7A1,Old_Pre,0.5845841634383445,green
P24310,COX7A1,Old_Post,0.6904056750818052,green
P24311,COX7B,Young_Pre,0.3986566851364644,green
P24311,COX7B,Young_Post,-1.4948568111470992,green
P24311,COX7B,Old_Pre,0.6012442227515482,green
P24311,COX7B,Old_Post,0.4949559032590866,green
P24534,EEF1B2,Young_Pre,-0.26866238273834864,blue
P24534,EEF1B2,Young_Post,1.437037253014452,blue
P24534,EEF1B2,Old_Pre,-0.8843495070289294,blue
P24534,EEF1B2,Old_Post,-0.28402536324722877,blue
P24539,ATP5PB,Young_Pre,-0.5709793844873057,pink
P24539,ATP5PB,Young_Post,1.3171865659477058,pink
P24539,ATP5PB,Old_Pre,0.2016091697623552,pink
P24539,ATP5PB,Old_Post,-0.9478163512227046,pink
P24666,ACP1,Young_Pre,1.212439835632101,yellow
P24666,ACP1,Young_Post,-1.2247404092767291,yellow
P24666,ACP1,Old_Pre,-0.11617085362587824,yellow
P24666,ACP1,Old_Post,0.12847142727045868,yellow
P24752,ACAT1,Young_Pre,-0.704863792460651,turquoise
P24752,ACAT1,Young_Post,-0.9844820660009604,turquoise
P24752,ACAT1,Old_Pre,1.0759923848000637,turquoise
P24752,ACAT1,Old_Post,0.6133534736615917,turquoise
P25311,AZGP1,Young_Pre,-0.719139622158448,turquoise
P25311,AZGP1,Young_Post,-0.844058122701812,turquoise
P25311,AZGP1,Old_Pre,1.3053404568851077,turquoise
P25311,AZGP1,Old_Post,0.257857287975105,turquoise
P25325,MPST,Young_Pre,-0.8010393027468533,turquoise
P25325,MPST,Young_Post,-0.6178555138439903,turquoise
P25325,MPST,Old_Pre,1.4058522292125495,turquoise
P25325,MPST,Old_Post,0.013042587378238378,turquoise
P25398,RPS12,Young_Pre,0.5276039579979693,purple
P25398,RPS12,Young_Post,0.05068584214948246,purple
P25398,RPS12,Old_Pre,-1.4187146107231363,purple
P25398,RPS12,Old_Post,0.8404248105756845,purple
P25705,ATP5F1A,Young_Pre,-1.4892111679899174,pink
P25705,ATP5F1A,Young_Post,0.3727655046585381,pink
P25705,ATP5F1A,Old_Pre,0.4580466965703402,pink
P25705,ATP5F1A,Old_Post,0.6583989667608618,pink
P25786,PSMA1,Young_Pre,0.5765336802836359,red
P25786,PSMA1,Young_Post,1.1131748277739637,red
P25786,PSMA1,Old_Pre,-0.8659883166746538,red
P25786,PSMA1,Old_Post,-0.8237201913829796,red
P25787,PSMA2,Young_Pre,0.6038878914418434,red
P25787,PSMA2,Young_Post,1.0922979017301735,red
P25787,PSMA2,Old_Pre,-0.8909973600272743,red
P25787,PSMA2,Old_Post,-0.8051884331448215,red
P25788,PSMA3,Young_Pre,0.34346165971567677,red
P25788,PSMA3,Young_Post,1.261599061678713,red
P25788,PSMA3,Old_Pre,-0.8363825112572788,red
P25788,PSMA3,Old_Post,-0.7686782101371884,red
P25789,PSMA4,Young_Pre,0.22592853755153627,red
P25789,PSMA4,Young_Post,1.0829433953106198,red
P25789,PSMA4,Old_Pre,-1.3325277854923954,red
P25789,PSMA4,Old_Post,0.02365585263023935,red
P26038,MSN,Young_Pre,-0.10369704995605317,blue
P26038,MSN,Young_Post,1.3703384643783925,blue
P26038,MSN,Old_Pre,-1.0265313241269278,blue
P26038,MSN,Old_Post,-0.24011009029546793,blue
P26196,DDX6,Young_Pre,0.9569483267233615,magenta
P26196,DDX6,Young_Post,0.02797280041611421,magenta
P26196,DDX6,Old_Pre,0.4015284210032177,magenta
P26196,DDX6,Old_Post,-1.3864495481426296,magenta
P26373,RPL13,Young_Pre,0.15976242676557859,black
P26373,RPL13,Young_Post,1.2884653674086266,black
P26373,RPL13,Old_Pre,-1.0885662890899426,black
P26373,RPL13,Old_Post,-0.35966150508426276,black
P26440,IVD,Young_Pre,-0.7204743036120892,turquoise
P26440,IVD,Young_Post,-0.9975782511074254,turquoise
P26440,IVD,Old_Pre,0.9293900477354078,turquoise
P26440,IVD,Old_Post,0.788662506984136,turquoise
P26447,S100A4,Young_Pre,-0.8686687899763504,blue
P26447,S100A4,Young_Post,1.3064498173023213,blue
P26447,S100A4,Old_Pre,-0.6894100638670403,blue
P26447,S100A4,Old_Post,0.25162903654109225,blue
P26583,HMGB2,Young_Pre,-0.7439257157988394,turquoise
P26583,HMGB2,Young_Post,-0.9433940490271453,turquoise
P26583,HMGB2,Old_Pre,1.101592241033566,turquoise
P26583,HMGB2,Old_Post,0.5857275237924188,turquoise
P26639,TARS1,Young_Pre,-0.40772015643112464,blue
P26639,TARS1,Young_Post,1.418805760899042,blue
P26639,TARS1,Old_Pre,-0.8989938392756356,blue
P26639,TARS1,Old_Post,-0.112091765192282,blue
P26640,VARS1,Young_Pre,-1.164272973179399,blue
P26640,VARS1,Young_Post,1.1845935244013013,blue
P26640,VARS1,Old_Pre,-0.3572914924940655,blue
P26640,VARS1,Old_Post,0.3369709412721952,blue
P26641,EEF1G,Young_Pre,0.2617404512114472,blue
P26641,EEF1G,Young_Post,1.2461165788572948,blue
P26641,EEF1G,Old_Pre,-1.1016848927851839,blue
P26641,EEF1G,Old_Post,-0.4061721372835881,blue
P26885,FKBP2,Young_Pre,0.9317604254285013,green
P26885,FKBP2,Young_Post,-1.3074312119818596,green
P26885,FKBP2,Old_Pre,0.6072885286840335,green
P26885,FKBP2,Old_Post,-0.2316177421307042,green
P27338,MAOB,Young_Pre,-0.30414453727625207,turquoise
P27338,MAOB,Young_Post,-1.260740993684658,turquoise
P27338,MAOB,Old_Pre,0.9987699306523321,turquoise
P27338,MAOB,Old_Post,0.5661156003086034,turquoise
P27348,YWHAQ,Young_Pre,-1.1405166958872284,turquoise
P27348,YWHAQ,Young_Post,-0.5297365409657218,turquoise
P27348,YWHAQ,Old_Pre,0.7262047979331135,turquoise
P27348,YWHAQ,Old_Post,0.9440484389198882,turquoise
P27361,MAPK3,Young_Pre,1.2756214435107374,brown
P27361,MAPK3,Young_Post,-0.23642446422215874,brown
P27361,MAPK3,Old_Pre,0.1036704028457491,brown
P27361,MAPK3,Old_Post,-1.1428673821343616,brown
P27635,RPL10,Young_Pre,0.4943603499457613,black
P27635,RPL10,Young_Post,0.9613085056706512,black
P27635,RPL10,Old_Pre,-1.349126586426425,black
P27635,RPL10,Old_Post,-0.10654226918996255,black
P27695,APEX1,Young_Pre,-0.6942649020586571,turquoise
P27695,APEX1,Young_Post,-0.9910552638948169,turquoise
P27695,APEX1,Old_Pre,0.6021879652674943,turquoise
P27695,APEX1,Old_Post,1.0831322006859796,turquoise
P27816,MAP4,Young_Pre,0.2728473375036483,blue
P27816,MAP4,Young_Post,1.2963557742502956,blue
P27816,MAP4,Old_Pre,-0.8677184434991074,blue
P27816,MAP4,Old_Post,-0.7014846682548193,blue
P27824,CANX,Young_Pre,-1.1995207833529689,blue
P27824,CANX,Young_Post,1.1960142383322108,blue
P27824,CANX,Old_Pre,-0.2538770113781998,blue
P27824,CANX,Old_Post,0.2573835563989579,blue
P28066,PSMA5,Young_Pre,-0.490525347905938,red
P28066,PSMA5,Young_Post,1.4498270016597543,red
P28066,PSMA5,Old_Pre,-0.7937023488224845,red
P28066,PSMA5,Old_Post,-0.16559930493125974,red
P28070,PSMB4,Young_Pre,-0.17942673640299706,yellow
P28070,PSMB4,Young_Post,1.3219782453064173,yellow
P28070,PSMB4,Old_Pre,-1.103942437261699,yellow
P28070,PSMB4,Old_Post,-0.03860907164172137,yellow
P28072,PSMB6,Young_Pre,-0.020757122023759,red
P28072,PSMB6,Young_Post,1.2600162299931987,red
P28072,PSMB6,Old_Pre,-0.05215855309740366,red
P28072,PSMB6,Old_Post,-1.1871005548721654,red
P28074,PSMB5,Young_Pre,-0.6168805025123822,red
P28074,PSMB5,Young_Post,1.166595913272059,red
P28074,PSMB5,Old_Pre,0.4692588528097952,red
P28074,PSMB5,Old_Post,-1.0189742635693193,red
P28289,TMOD1,Young_Pre,0.6093635730090995,brown
P28289,TMOD1,Young_Post,1.069965080216623,brown
P28289,TMOD1,Old_Pre,-1.0317299407062996,brown
P28289,TMOD1,Old_Post,-0.6475987125194081,brown
P28331,NDUFS1,Young_Pre,0.46944533463073645,green
P28331,NDUFS1,Young_Post,-1.4993280977596464,green
P28331,NDUFS1,Old_Pre,0.48937695152178784,green
P28331,NDUFS1,Old_Post,0.5405058116071628,green
P28482,MAPK1,Young_Pre,0.2203444240555824,red
P28482,MAPK1,Young_Post,0.585266478928099,red
P28482,MAPK1,Old_Pre,-1.4715446666251741,red
P28482,MAPK1,Old_Post,0.6659337636414928,red
P28749,RBL1,Young_Pre,0.6946793996233459,black
P28749,RBL1,Young_Post,1.0215142761565992,black
P28749,RBL1,Old_Pre,-0.8832836296044088,black
P28749,RBL1,Old_Post,-0.8329100461754969,black
P28907,CD38,Young_Pre,1.4332437700691494,yellow
P28907,CD38,Young_Post,-0.407816861147721,yellow
P28907,CD38,Old_Pre,-0.15652001645876404,yellow
P28907,CD38,Old_Post,-0.8689068924627883,yellow
P29218,IMPA1,Young_Pre,1.2556060737470291,magenta
P29218,IMPA1,Young_Post,-0.005015077572409738,magenta
P29218,IMPA1,Old_Pre,-0.05897433624095996,magenta
P29218,IMPA1,Old_Post,-1.1916166599336595,magenta
P29400,COL4A5,Young_Pre,1.3708064956916735,brown
P29400,COL4A5,Young_Post,-0.1408015788185766,brown
P29400,COL4A5,Old_Pre,-0.19990703627092518,brown
P29400,COL4A5,Old_Post,-1.0300978806021717,brown
P29692,EEF1D,Young_Pre,-0.12693505652876907,blue
P29692,EEF1D,Young_Post,1.444269465940914,blue
P29692,EEF1D,Old_Pre,-0.7817286285241287,blue
P29692,EEF1D,Old_Post,-0.5356057808879302,blue
P29966,MARCKS,Young_Pre,-1.4261611833516055,blue
P29966,MARCKS,Young_Post,0.5579398258903314,blue
P29966,MARCKS,Old_Pre,0.06137533897157712,blue
P29966,MARCKS,Old_Post,0.8068460184897361,blue
P29992,GNA11,Young_Pre,1.3110286526960417,brown
P29992,GNA11,Young_Post,-0.2534029831622138,brown
P29992,GNA11,Old_Pre,0.04464368996105773,brown
P29992,GNA11,Old_Post,-1.1022693594948352,brown
P30038,ALDH4A1,Young_Pre,-1.0000011065482919,turquoise
P30038,ALDH4A1,Young_Post,-0.7107512401963804,turquoise
P30038,ALDH4A1,Old_Pre,0.9808625581223352,turquoise
P30038,ALDH4A1,Old_Post,0.7298897886223702,turquoise
P30040,ERP29,Young_Pre,-0.9054505075208099,green
P30040,ERP29,Young_Post,-0.5929722113407059,green
P30040,ERP29,Old_Pre,0.15511203574505686,green
P30040,ERP29,Old_Post,1.3433106831165473,green
P30043,BLVRB,Young_Pre,-0.36125712998854614,red
P30043,BLVRB,Young_Post,-1.2369669745369067,red
P30043,BLVRB,Old_Pre,0.9755289530891403,red
P30043,BLVRB,Old_Post,0.6226951514362833,red
P30049,ATP5F1D,Young_Pre,-1.3031508034702268,pink
P30049,ATP5F1D,Young_Post,-0.12501717346922903,pink
P30049,ATP5F1D,Old_Pre,1.079006449120571,pink
P30049,ATP5F1D,Old_Post,0.34916152781897886,pink
P30050,RPL12,Young_Pre,0.2857704421877117,black
P30050,RPL12,Young_Post,0.747912593616292,black
P30050,RPL12,Old_Pre,-1.472014721417338,black
P30050,RPL12,Old_Post,0.43833168561333424,black
P30084,ECHS1,Young_Pre,-1.0214132942959921,turquoise
P30084,ECHS1,Young_Post,-0.6949800393839619,turquoise
P30084,ECHS1,Old_Pre,0.8392944296329987,turquoise
P30084,ECHS1,Old_Post,0.8770989040469123,turquoise
P30086,PEBP1,Young_Pre,-0.174255214987157,yellow
P30086,PEBP1,Young_Post,-1.0012469126645078,yellow
P30086,PEBP1,Old_Pre,1.3865742964226282,yellow
P30086,PEBP1,Old_Post,-0.21107216877093185,yellow
P30101,PDIA3,Young_Pre,-0.22312491634683243,blue
P30101,PDIA3,Young_Post,1.365073313919457,blue
P30101,PDIA3,Old_Pre,-1.037218259322652,blue
P30101,PDIA3,Old_Post,-0.10473013824997282,blue
P30153,PPP2R1A,Young_Pre,-1.4985350389213603,blue
P30153,PPP2R1A,Young_Post,0.5095175187722133,blue
P30153,PPP2R1A,Old_Pre,0.44109149878139936,blue
P30153,PPP2R1A,Old_Post,0.5479260213677968,blue
P30405,PPIF,Young_Pre,-0.8913929892433713,turquoise
P30405,PPIF,Young_Post,-0.8381998788906345,turquoise
P30405,PPIF,Old_Pre,0.805240758411607,turquoise
P30405,PPIF,Old_Post,0.9243521097223679,turquoise
P30419,NMT1,Young_Pre,0.9359273570165021,purple
P30419,NMT1,Young_Post,-0.35740287808038645,purple
P30419,NMT1,Old_Pre,0.6670216824829404,purple
P30419,NMT1,Old_Post,-1.2455461614189933,purple
P30520,ADSS2,Young_Pre,1.133981231295353,brown
P30520,ADSS2,Young_Post,-0.06906712150194844,brown
P30520,ADSS2,Old_Pre,-1.2882001558175238,brown
P30520,ADSS2,Old_Post,0.22328604602396737,brown
P30533,LRPAP1,Young_Pre,-0.7454876774596381,turquoise
P30533,LRPAP1,Young_Post,-0.9783049010107076,turquoise
P30533,LRPAP1,Old_Pre,0.8887031598051245,turquoise
P30533,LRPAP1,Old_Post,0.8350894186652423,turquoise
P30536,TSPO,Young_Pre,-1.258945049828874,pink
P30536,TSPO,Young_Post,1.1873194749212683,pink
P30536,TSPO,Old_Pre,-0.0013672777265883588,pink
P30536,TSPO,Old_Post,0.07299285263419387,pink
P30566,ADSL,Young_Pre,1.1703017521751062,yellow
P30566,ADSL,Young_Post,0.42254276813022795,yellow
P30566,ADSL,Old_Pre,-0.4937057384501384,yellow
P30566,ADSL,Old_Post,-1.0991387818551959,yellow
P30622,CLIP1,Young_Pre,0.4380318439031635,blue
P30622,CLIP1,Young_Post,1.1290010568236146,blue
P30622,CLIP1,Old_Pre,-0.3925633448393304,blue
P30622,CLIP1,Old_Post,-1.174469555887471,blue
P30626,SRI,Young_Pre,-0.8896226312478868,turquoise
P30626,SRI,Young_Post,-0.7967976833465439,turquoise
P30626,SRI,Old_Pre,0.5678210806740462,turquoise
P30626,SRI,Old_Post,1.1185992339204087,turquoise
P30837,ALDH1B1,Young_Pre,-0.20338062471901977,blue
P30837,ALDH1B1,Young_Post,1.4284328059340445,blue
P30837,ALDH1B1,Old_Pre,-0.9022152490778151,blue
P30837,ALDH1B1,Old_Post,-0.3228369321371844,blue
P31040,SDHA,Young_Pre,-1.2507143057917198,turquoise
P31040,SDHA,Young_Post,-0.3595597625286722,turquoise
P31040,SDHA,Old_Pre,0.8756324769409437,turquoise
P31040,SDHA,Old_Post,0.7346415913794484,turquoise
P31415,CASQ1,Young_Pre,0.6104822009808333,red
P31415,CASQ1,Young_Post,0.4859211198663557,red
P31415,CASQ1,Old_Pre,-1.4942835877879823,red
P31415,CASQ1,Old_Post,0.3978802669408209,red
P31689,DNAJA1,Young_Pre,-1.3911199957577451,blue
P31689,DNAJA1,Young_Post,0.7269051383207216,blue
P31689,DNAJA1,Old_Pre,-0.06526103308122376,blue
P31689,DNAJA1,Old_Post,0.7294758905180317,blue
P31930,UQCRC1,Young_Pre,-0.453002639664996,green
P31930,UQCRC1,Young_Post,-1.1512243648831155,green
P31930,UQCRC1,Old_Pre,0.4998727628829958,green
P31930,UQCRC1,Old_Post,1.1043542416651158,green
P31937,HIBADH,Young_Pre,-0.8313616754274669,turquoise
P31937,HIBADH,Young_Post,-0.8983979024124858,turquoise
P31937,HIBADH,Old_Pre,0.8115652739786064,turquoise
P31937,HIBADH,Old_Post,0.9181943038612853,turquoise
P31939,ATIC,Young_Pre,0.38618223216537845,blue
P31939,ATIC,Young_Post,1.2161795137166085,blue
P31939,ATIC,Old_Pre,-1.0109296412839714,blue
P31939,ATIC,Old_Post,-0.5914321045980342,blue
P31943,HNRNPH1,Young_Pre,0.010151663095972907,green
P31943,HNRNPH1,Young_Post,-1.2803157539266272,green
P31943,HNRNPH1,Old_Pre,0.10875985076366061,green
P31943,HNRNPH1,Old_Post,1.161404240066973,green
P31946,YWHAB,Young_Pre,-1.359083934872539,red
P31946,YWHAB,Young_Post,0.11075835050071489,red
P31946,YWHAB,Old_Pre,0.1990363030870149,red
P31946,YWHAB,Old_Post,1.0492892812848091,red
P31949,S100A11,Young_Pre,-1.2734076617697185,blue
P31949,S100A11,Young_Post,0.9930768194841513,blue
P31949,S100A11,Old_Pre,-0.27991711061802116,blue
P31949,S100A11,Old_Post,0.5602479529036041,blue
P32456,GBP2,Young_Pre,0.5438395494126708,blue
P32456,GBP2,Young_Post,0.9423056339652516,blue
P32456,GBP2,Old_Pre,-0.14642156987927604,blue
P32456,GBP2,Old_Post,-1.339723613498716,blue
P33121,ACSL1,Young_Pre,-0.8149829256157262,turquoise
P33121,ACSL1,Young_Post,-0.879084453873565,turquoise
P33121,ACSL1,Old_Pre,1.100096143288975,turquoise
P33121,ACSL1,Old_Post,0.5939712362003491,turquoise
P33176,KIF5B,Young_Pre,-1.2344955585504542,blue
P33176,KIF5B,Young_Post,0.48087571259878875,blue
P33176,KIF5B,Old_Pre,-0.31630183887998536,blue
P33176,KIF5B,Old_Post,1.0699216848316278,blue
P34896,SHMT1,Young_Pre,-0.10917083576706844,yellow
P34896,SHMT1,Young_Post,-1.1506326846410615,yellow
P34896,SHMT1,Old_Pre,1.289664482187228,yellow
P34896,SHMT1,Old_Post,-0.029860961779098038,yellow
P34897,SHMT2,Young_Pre,-0.7640712447471567,turquoise
P34897,SHMT2,Young_Post,-0.12327752760159973,turquoise
P34897,SHMT2,Old_Pre,-0.5581499153487158,turquoise
P34897,SHMT2,Old_Post,1.445498687697498,turquoise
P34932,HSPA4,Young_Pre,-0.8465433277772719,blue
P34932,HSPA4,Young_Post,1.4303275684341288,blue
P34932,HSPA4,Old_Pre,-0.47509340492196395,blue
P34932,HSPA4,Old_Post,-0.10869083573489284,blue
P34949,MPI,Young_Pre,1.00446977487474,brown
P34949,MPI,Young_Post,0.5134799218164778,brown
P34949,MPI,Old_Pre,-0.22264789563286252,brown
P34949,MPI,Old_Post,-1.295301801058229,brown
P35080,PFN2,Young_Pre,-0.07295936988382952,blue
P35080,PFN2,Young_Post,1.4302935276660491,blue
P35080,PFN2,Old_Pre,-0.7964791052754746,blue
P35080,PFN2,Old_Post,-0.56085505250674506,blue
P35221,CTNNA1,Young_Pre,0.4146946415763733,pink
P35221,CTNNA1,Young_Post,1.0848192288537348,pink
P35221,CTNNA1,Old_Pre,-1.263042757711129,pink
P35221,CTNNA1,Old_Post,-0.23647111271886567,pink
P35241,RDX,Young_Pre,-0.6767083078654742,red
P35241,RDX,Young_Post,-0.9707796218656132,red
P35241,RDX,Old_Pre,1.1719856571795657,red
P35241,RDX,Old_Post,0.47550227255154615,red
P35268,RPL22,Young_Pre,0.746085218851433,purple
P35268,RPL22,Young_Post,0.6415813960281798,purple
P35268,RPL22,Old_Pre,-1.424901307511011,purple
P35268,RPL22,Old_Post,0.03723469263137135,purple
P35555,FBN1,Young_Pre,-0.07384353548480839,brown
P35555,FBN1,Young_Post,-1.335199391097946,brown
P35555,FBN1,Old_Pre,1.0354963368107548,brown
P35555,FBN1,Old_Post,0.3735465897719935,brown
P35573,AGL,Young_Pre,0.679449868499598,yellow
P35573,AGL,Young_Post,1.0182690386351407,yellow
P35573,AGL,Old_Pre,-1.0225708483167637,yellow
P35573,AGL,Old_Post,-0.6751480588179749,yellow
P35606,COPB2,Young_Pre,0.3500045435411162,blue
P35606,COPB2,Young_Post,1.1765147245934797,blue
P35606,COPB2,Old_Pre,-1.168339493059429,blue
P35606,COPB2,Old_Post,-0.35817977507522586,blue
P35609,ACTN2,Young_Pre,1.207705782072969,brown
P35609,ACTN2,Young_Post,0.36564563378096765,brown
P35609,ACTN2,Old_Pre,-1.0782513203842063,brown
P35609,ACTN2,Old_Post,-0.4951000954697431,brown
P35611,ADD1,Young_Pre,-1.3166424916718753,red
P35611,ADD1,Young_Post,-0.07500894348382502,red
P35611,ADD1,Old_Pre,0.3134127542540774,red
P35611,ADD1,Old_Post,1.0782386809015847,red
P35637,FUS,Young_Pre,1.218001421115349,black
P35637,FUS,Young_Post,-1.2255495845203375,black
P35637,FUS,Old_Pre,-0.08129138325715098,black
P35637,FUS,Old_Post,0.08883954666227352,black
P35659,DEK,Young_Pre,1.3079790324769167,brown
P35659,DEK,Young_Post,0.18766720329120076,brown
P35659,DEK,Old_Pre,-0.4875415010478566,brown
P35659,DEK,Old_Post,-1.0081047347203618,brown
P35754,GLRX,Young_Pre,1.3564816979210437,brown
P35754,GLRX,Young_Post,-0.21179123339977465,brown
P35754,GLRX,Old_Pre,-0.09279140479313414,brown
P35754,GLRX,Old_Post,-1.0518990597280526,brown
P35813,PPM1A,Young_Pre,-1.318848441132782,turquoise
P35813,PPM1A,Young_Post,-0.22075916753267094,turquoise
P35813,PPM1A,Old_Pre,0.6542434630783954,turquoise
P35813,PPM1A,Old_Post,0.8853641455870577,turquoise
P35914,HMGCL,Young_Pre,-0.9635243695483868,turquoise
P35914,HMGCL,Young_Post,-0.7626391443045492,turquoise
P35914,HMGCL,Old_Pre,0.8535400961101286,turquoise
P35914,HMGCL,Old_Post,0.8726234177427973,turquoise
P35998,PSMC2,Young_Pre,0.42202479710461693,blue
P35998,PSMC2,Young_Post,1.2028768644403194,blue
P35998,PSMC2,Old_Pre,-0.9780250056568004,blue
P35998,PSMC2,Old_Post,-0.6468766558881589,blue
P36542,ATP5F1C,Young_Pre,-1.4138494473074332,pink
P36542,ATP5F1C,Young_Post,0.03334240734946159,pink
P36542,ATP5F1C,Old_Pre,0.5369267764963851,pink
P36542,ATP5F1C,Old_Post,0.8435802634615207,pink
P36578,RPL4,Young_Pre,0.2115266551531569,black
P36578,RPL4,Young_Post,1.0838823672353335,black
P36578,RPL4,Old_Pre,-1.3337851261781153,black
P36578,RPL4,Old_Post,0.03837610378967625,black
P36776,LONP1,Young_Pre,-0.8243723036932961,turquoise
P36776,LONP1,Young_Post,-0.9066788086361558,turquoise
P36776,LONP1,Old_Pre,0.8716438126544145,turquoise
P36776,LONP1,Old_Post,0.8594072996750758,turquoise
P36871,PGM1,Young_Pre,-0.11178717925752846,yellow
P36871,PGM1,Young_Post,-1.1348353907487374,yellow
P36871,PGM1,Old_Pre,1.302508732890447,yellow
P36871,PGM1,Old_Post,-0.055886162884273796,yellow
P36957,DLST,Young_Pre,-0.6746466752930141,turquoise
P36957,DLST,Young_Post,-1.033021912754484,turquoise
P36957,DLST,Old_Pre,0.7547091509388592,turquoise
P36957,DLST,Old_Post,0.9529594371085768,turquoise
P36959,GMPR,Young_Pre,-1.3481680405750769,red
P36959,GMPR,Young_Post,-0.06247319478689167,red
P36959,GMPR,Old_Pre,1.0082939554957242,red
P36959,GMPR,Old_Post,0.40234727986636504,red
P37108,SRP14,Young_Pre,-0.09209946892698258,purple
P37108,SRP14,Young_Post,-0.20809085106994968,purple
P37108,SRP14,Old_Pre,1.3549102436139244,purple
P37108,SRP14,Old_Post,-1.0547199236168847,purple
P37802,TAGLN2,Young_Pre,-0.900754936395939,turquoise
P37802,TAGLN2,Young_Post,-0.6268778727493779,turquoise
P37802,TAGLN2,Old_Pre,0.2030875585931592,turquoise
P37802,TAGLN2,Old_Post,1.3245452505521405,turquoise
P38117,ETFB,Young_Pre,-0.8820252540992635,turquoise
P38117,ETFB,Young_Post,-0.8468328359898515,turquoise
P38117,ETFB,Old_Pre,0.9366455638863743,turquoise
P38117,ETFB,Old_Post,0.7922125262027172,turquoise
P38606,ATP6V1A,Young_Pre,-1.094771446561794,red
P38606,ATP6V1A,Young_Post,-0.10898025251825075,red
P38606,ATP6V1A,Old_Pre,-0.12788085917703704,red
P38606,ATP6V1A,Old_Post,1.3316325582570432,red
P38646,HSPA9,Young_Pre,-0.9289612059411456,turquoise
P38646,HSPA9,Young_Post,0.004109228427148765,turquoise
P38646,HSPA9,Old_Pre,-0.4620572728389621,turquoise
P38646,HSPA9,Old_Post,1.3869092503530023,turquoise
P39019,RPS19,Young_Pre,0.6423051620245583,purple
P39019,RPS19,Young_Post,0.8494946209525668,purple
P39019,RPS19,Old_Pre,-1.359524235678052,purple
P39019,RPS19,Old_Post,-0.13227554729907318,purple
P39023,RPL3,Young_Pre,0.35415481784608166,black
P39023,RPL3,Young_Post,1.2497815509112389,black
P39023,RPL3,Old_Pre,-0.6872631223999115,black
P39023,RPL3,Old_Post,-0.9166732463574089,black
P39059,COL15A1,Young_Pre,1.1163119146781508,brown
P39059,COL15A1,Young_Post,0.27849100772430313,brown
P39059,COL15A1,Old_Pre,-1.2905089015495577,brown
P39059,COL15A1,Old_Post,-0.10429402085286564,brown
P39656,DDOST,Young_Pre,1.1287979732644335,magenta
P39656,DDOST,Young_Post,0.44433912138470594,magenta
P39656,DDOST,Old_Pre,-0.40512541822105164,magenta
P39656,DDOST,Old_Post,-1.1680116764281052,magenta
P39687,ANP32A,Young_Pre,0.24427689827645266,blue
P39687,ANP32A,Young_Post,1.2871978171265563,blue
P39687,ANP32A,Old_Pre,-1.0010490388752875,blue
P39687,ANP32A,Old_Post,-0.5304256765277553,blue
P40121,CAPG,Young_Pre,-0.2588787335530617,blue
P40121,CAPG,Young_Post,0.8211106797408173,blue
P40121,CAPG,Old_Pre,-1.3059834455683834,blue
P40121,CAPG,Old_Post,0.7437514993805854,blue
P40123,CAP2,Young_Pre,0.01893080090336909,green
P40123,CAP2,Young_Post,-1.413071625830921,green
P40123,CAP2,Old_Pre,0.5724592468649081,green
P40123,CAP2,Old_Post,0.8216815780626804,green
P40227,CCT6A,Young_Pre,-1.061744212508892,blue
P40227,CCT6A,Young_Post,1.1745896040756216,blue
P40227,CCT6A,Old_Pre,-0.5497134052045326,blue
P40227,CCT6A,Old_Post,0.4368680136377397,blue
P40429,RPL13A,Young_Pre,0.06654005078888754,black
P40429,RPL13A,Young_Post,1.3272595586652347,black
P40429,RPL13A,Old_Pre,-1.0592641310034936,black
P40429,RPL13A,Old_Post,-0.33453547845062875,black
P40616,ARL1,Young_Pre,0.1801443702936634,magenta
P40616,ARL1,Young_Post,1.2894968826349567,magenta
P40616,ARL1,Old_Pre,-1.0700989357622914,magenta
P40616,ARL1,Old_Post,-0.39954231716632865,magenta
P40925,MDH1,Young_Pre,-0.2871742513008231,turquoise
P40925,MDH1,Young_Post,-1.205844352269894,turquoise
P40925,MDH1,Old_Pre,1.1641922390622295,turquoise
P40925,MDH1,Old_Post,0.32882636450851116,turquoise
P40926,MDH2,Young_Pre,-1.196611218807061,turquoise
P40926,MDH2,Young_Post,-0.3979463446073603,turquoise
P40926,MDH2,Old_Pre,0.5341691217576219,turquoise
P40926,MDH2,Old_Post,1.0603884416568352,turquoise
P40939,HADHA,Young_Pre,-0.8566969783872753,turquoise
P40939,HADHA,Young_Post,-0.8624098668857165,turquoise
P40939,HADHA,Old_Pre,1.0089778784461199,turquoise
P40939,HADHA,Old_Post,0.7101289668269,turquoise
P41091,EIF2S3,Young_Pre,0.35324362271515974,magenta
P41091,EIF2S3,Young_Post,1.2527139037681982,magenta
P41091,EIF2S3,Old_Pre,-0.7124883497090827,magenta
P41091,EIF2S3,Old_Post,-0.8934691767742964,magenta
P41227,NAA10,Young_Pre,-0.20908067771418384,blue
P41227,NAA10,Young_Post,1.3011233497276118,blue
P41227,NAA10,Old_Pre,-1.1235525906808936,blue
P41227,NAA10,Old_Post,0.03150991866744178,blue
P41236,PPP1R2,Young_Pre,-0.45859989594354833,yellow
P41236,PPP1R2,Young_Post,-1.0330200174990345,yellow
P41236,PPP1R2,Old_Pre,1.2981191073777052,yellow
P41236,PPP1R2,Old_Post,0.19350080606491335,yellow
P41252,IARS1,Young_Pre,0.8863816917138996,magenta
P41252,IARS1,Young_Post,0.8361832279392797,magenta
P41252,IARS1,Old_Pre,-0.9868016908185463,magenta
P41252,IARS1,Old_Post,-0.7357632288345962,magenta
P41567,EIF1,Young_Pre,-0.24992662493482512,red
P41567,EIF1,Young_Post,0.7972200962628281,red
P41567,EIF1,Old_Pre,0.7637084899902211,red
P41567,EIF1,Old_Post,-1.3110019613182242,red
P42126,ECI1,Young_Pre,-0.3339637201629636,turquoise
P42126,ECI1,Young_Post,-1.2550703762868005,turquoise
P42126,ECI1,Old_Pre,0.9538153601152853,turquoise
P42126,ECI1,Old_Post,0.6352187363344787,turquoise
P42167,TMPO,Young_Pre,-0.24624750854466265,green
P42167,TMPO,Young_Post,-1.080723936791496,green
P42167,TMPO,Old_Pre,1.3309328473950761,green
P42167,TMPO,Old_Post,-0.003961402058932633,green
P42330,AKR1C3,Young_Pre,-1.025546023287846,blue
P42330,AKR1C3,Young_Post,1.3629222960300393,blue
P42330,AKR1C3,Old_Pre,-0.298662738501635,blue
P42330,AKR1C3,Old_Post,-0.038713534240558393,blue
P42677,RPS27,Young_Pre,0.4012581878651733,blue
P42677,RPS27,Young_Post,1.2265494223518059,blue
P42677,RPS27,Old_Pre,-0.8835083066131737,blue
P42677,RPS27,Old_Post,-0.7442993036038195,blue
P42704,LRPPRC,Young_Pre,-0.8480742810066935,pink
P42704,LRPPRC,Young_Post,0.8001419446490836,pink
P42704,LRPPRC,Old_Pre,-0.8814050617246857,pink
P42704,LRPPRC,Old_Post,0.9293373980822388,pink
P42765,ACAA2,Young_Pre,-0.8418565606844677,turquoise
P42765,ACAA2,Young_Post,-0.8020833542162974,turquoise
P42765,ACAA2,Old_Pre,1.2071131790055176,turquoise
P42765,ACAA2,Old_Post,0.4368267358951903,turquoise
P42766,RPL35,Young_Pre,0.9511409104271799,black
P42766,RPL35,Young_Post,0.6350539450206787,black
P42766,RPL35,Old_Pre,-1.2589463279591846,black
P42766,RPL35,Old_Post,-0.32724852748868766,black
P43034,PAFAH1B1,Young_Pre,0.10010555532783556,magenta
P43034,PAFAH1B1,Young_Post,1.3579885641419136,magenta
P43034,PAFAH1B1,Old_Pre,-0.5255443486520028,magenta
P43034,PAFAH1B1,Old_Post,-0.9325497708177463,magenta
P43155,CRAT,Young_Pre,-0.6114226864257142,turquoise
P43155,CRAT,Young_Post,-1.0846004824638051,turquoise
P43155,CRAT,Old_Pre,0.924027363261342,turquoise
P43155,CRAT,Old_Post,0.7719958056282015,turquoise
P43304,GPD2,Young_Pre,0.21434982842971778,yellow
P43304,GPD2,Young_Post,-1.1650747260557532,yellow
P43304,GPD2,Old_Pre,1.2319059433575479,yellow
P43304,GPD2,Old_Post,-0.28118104573141367,yellow
P43686,PSMC4,Young_Pre,0.5369746055828412,blue
P43686,PSMC4,Young_Post,1.120514665905753,blue
P43686,PSMC4,Old_Pre,-1.0318084359394606,blue
P43686,PSMC4,Old_Post,-0.6256808355491114,blue
P43897,TSFM,Young_Pre,-0.907940527595687,turquoise
P43897,TSFM,Young_Post,-0.4788271839543846,turquoise
P43897,TSFM,Old_Pre,-0.008330538888836203,turquoise
P43897,TSFM,Old_Post,1.3950982504388,turquoise
P45378,TNNT3,Young_Pre,1.0684002586988313,brown
P45378,TNNT3,Young_Post,0.5795954414503312,brown
P45378,TNNT3,Old_Pre,-1.1109169132328391,brown
P45378,TNNT3,Old_Post,-0.5370787869163023,brown
P45381,ASPA,Young_Pre,-0.5834579769094351,turquoise
P45381,ASPA,Young_Post,-1.016582247918576,turquoise
P45381,ASPA,Old_Pre,0.3840435734939394,turquoise
P45381,ASPA,Old_Post,1.215996651334028,turquoise
P45877,PPIC,Young_Pre,1.3257978986367713,brown
P45877,PPIC,Young_Post,-0.2597264531602821,brown
P45877,PPIC,Old_Pre,0.017667435990881008,brown
P45877,PPIC,Old_Post,-1.083738881467584,brown
P45880,VDAC2,Young_Pre,-0.09257435970238943,green
P45880,VDAC2,Young_Post,-1.3711646964289834,green
P45880,VDAC2,Old_Pre,0.5903220961384954,green
P45880,VDAC2,Old_Post,0.8734169599928546,green
P45954,ACADSB,Young_Pre,-0.9253583557856803,turquoise
P45954,ACADSB,Young_Post,-0.7698663371026155,turquoise
P45954,ACADSB,Old_Pre,1.0864892568862377,turquoise
P45954,ACADSB,Old_Post,0.6087354360020583,turquoise
P45974,USP5,Young_Pre,-0.3010263561014598,blue
P45974,USP5,Young_Post,1.4575614899364504,blue
P45974,USP5,Old_Pre,-0.8192145300537343,blue
P45974,USP5,Old_Post,-0.3373206037812563,blue
P46019,PHKA2,Young_Pre,0.5686292212876872,brown
P46019,PHKA2,Young_Post,0.7059311864386287,brown
P46019,PHKA2,Old_Pre,-1.4637394745593602,brown
P46019,PHKA2,Old_Post,0.18917906683297872,brown
P46020,PHKA1,Young_Pre,0.09879292869240157,red
P46020,PHKA1,Young_Post,1.1240626715887982,red
P46020,PHKA1,Old_Pre,-1.3110831288602076,red
P46020,PHKA1,Old_Post,0.0882275285790078,red
P46109,CRKL,Young_Pre,1.0209872805723006,black
P46109,CRKL,Young_Post,-1.0172531666292537,black
P46109,CRKL,Old_Pre,0.6773876802548422,black
P46109,CRKL,Old_Post,-0.6811217941978496,black
P46379,BAG6,Young_Pre,0.2753655817321206,blue
P46379,BAG6,Young_Post,1.0608009946172363,blue
P46379,BAG6,Old_Pre,0.0050454091558965455,blue
P46379,BAG6,Old_Post,-1.341211985505223,blue
P46459,NSF,Young_Pre,-0.34129521402673835,yellow
P46459,NSF,Young_Post,0.024944276322645082,yellow
P46459,NSF,Old_Pre,-1.0319624227530246,yellow
P46459,NSF,Old_Post,1.3483133604570154,yellow
P46776,RPL27A,Young_Pre,0.8172246147967401,black
P46776,RPL27A,Young_Post,0.9134324316840313,black
P46776,RPL27A,Old_Pre,-0.8553732369236051,black
P46776,RPL27A,Old_Post,-0.875283809557192,black
P46777,RPL5,Young_Pre,0.8620792221470087,black
P46777,RPL5,Young_Post,0.7985674890608508,black
P46777,RPL5,Old_Pre,-1.176903527017955,black
P46777,RPL5,Old_Post,-0.48374318418986917,black
P46779,RPL28,Young_Pre,0.5110169850959366,black
P46779,RPL28,Young_Post,1.1292386006444304,black
P46779,RPL28,Old_Pre,-1.0635026379978334,black
P46779,RPL28,Old_Post,-0.5767529477425468,black
P46781,RPS9,Young_Pre,0.42170348825535847,purple
P46781,RPS9,Young_Post,0.29183716686771,purple
P46781,RPS9,Old_Pre,-1.4708679675310015,purple
P46781,RPS9,Old_Post,0.7573273124079919,purple
P46782,RPS5,Young_Pre,1.1953112491251983,purple
P46782,RPS5,Young_Post,0.23812566682270778,purple
P46782,RPS5,Old_Pre,-1.2102549249720245,purple
P46782,RPS5,Old_Post,-0.22318199097588168,purple
P46783,RPS10,Young_Pre,0.8836911619551945,black
P46783,RPS10,Young_Post,0.7671750387838194,black
P46783,RPS10,Old_Pre,-1.1913926498952017,black
P46783,RPS10,Old_Post,-0.4594735508438023,black
P46976,GYG1,Young_Pre,0.35336382260292054,blue
P46976,GYG1,Young_Post,1.2561232281555157,blue
P46976,GYG1,Old_Pre,-0.7726175134575975,blue
P46976,GYG1,Old_Post,-0.836869537300897,blue
P46977,STT3A,Young_Pre,0.8188895284325868,magenta
P46977,STT3A,Young_Post,0.8139796650334753,magenta
P46977,STT3A,Old_Pre,-0.4079458308837159,magenta
P46977,STT3A,Old_Post,-1.2249233625823461,magenta
P47755,CAPZA2,Young_Pre,1.0088485305775565,brown
P47755,CAPZA2,Young_Post,0.7077420159200165,brown
P47755,CAPZA2,Old_Pre,-0.9214788513786342,brown
P47755,CAPZA2,Old_Post,-0.7951116951189242,brown
P47756,CAPZB,Young_Pre,0.9336973609052178,brown
P47756,CAPZB,Young_Post,0.7674869218009559,brown
P47756,CAPZB,Old_Pre,-1.0652535971851755,brown
P47756,CAPZB,Old_Post,-0.6359306855209683,brown
P47813,EIF1AX,Young_Pre,-1.237260267897484,purple
P47813,EIF1AX,Young_Post,1.1042220215872047,purple
P47813,EIF1AX,Old_Pre,-0.28063442286841483,purple
P47813,EIF1AX,Old_Post,0.41367266917869416,purple
P47897,QARS1,Young_Pre,-0.3073237514659647,pink
P47897,QARS1,Young_Post,1.433206988157681,pink
P47897,QARS1,Old_Pre,-0.8928380487214889,pink
P47897,QARS1,Old_Post,-0.23304518797022747,pink
P47914,RPL29,Young_Pre,0.40489402895627485,black
P47914,RPL29,Young_Post,1.1699685691137094,black
P47914,RPL29,Old_Pre,-1.1244315002231486,black
P47914,RPL29,Old_Post,-0.45043109784682267,black
P47985,UQCRFS1,Young_Pre,-0.15416503463615633,green
P47985,UQCRFS1,Young_Post,-0.9278950598094816,green
P47985,UQCRFS1,Old_Pre,-0.333560392949188,green
P47985,UQCRFS1,Old_Post,1.4156204873949707,green
P48047,ATP5PO,Young_Pre,-1.364711621226545,pink
P48047,ATP5PO,Young_Post,-0.12325385987937137,pink
P48047,ATP5PO,Old_Pre,0.6563755478319016,pink
P48047,ATP5PO,Old_Post,0.8315899332738594,pink
P48059,LIMS1,Young_Pre,-0.1924172543852397,turquoise
P48059,LIMS1,Young_Post,-1.319634169149692,turquoise
P48059,LIMS1,Old_Pre,0.5580465384683009,turquoise
P48059,LIMS1,Old_Post,0.9540048850666308,turquoise
P48147,PREP,Young_Pre,1.405582662261922,yellow
P48147,PREP,Young_Post,-0.1125635345127087,yellow
P48147,PREP,Old_Pre,-0.350099714271272,yellow
P48147,PREP,Old_Post,-0.9429194134780914,yellow
P48163,ME1,Young_Pre,1.0111816715795456,yellow
P48163,ME1,Young_Post,0.42923567689591735,yellow
P48163,ME1,Old_Pre,-0.10544559310532337,yellow
P48163,ME1,Old_Post,-1.3349717553701148,yellow
P48444,ARCN1,Young_Pre,-1.2620559925672752,blue
P48444,ARCN1,Young_Post,1.1832973567236116,blue
P48444,ARCN1,Old_Pre,0.08365445674694397,blue
P48444,ARCN1,Old_Post,-0.00489582090337496,blue
P48449,LSS,Young_Pre,-0.9371893247715697,turquoise
P48449,LSS,Young_Post,-0.7863508369477056,turquoise
P48449,LSS,Old_Pre,0.9567258238041558,turquoise
P48449,LSS,Old_Post,0.76681433791506,turquoise
P48507,GCLM,Young_Pre,0.9188751143510067,brown
P48507,GCLM,Young_Post,0.7797735995500715,brown
P48507,GCLM,Old_Pre,-1.0783635796310946,brown
P48507,GCLM,Old_Post,-0.6202851342700076,brown
P48509,CD151,Young_Pre,0.8150358366189286,magenta
P48509,CD151,Young_Post,0.9129984520887788,magenta
P48509,CD151,Old_Pre,-0.7965665697248498,magenta
P48509,CD151,Old_Post,-0.9314677189828764,magenta
P48556,PSMD8,Young_Pre,0.5551724295465192,blue
P48556,PSMD8,Young_Post,1.12869234394433,blue
P48556,PSMD8,Old_Pre,-0.8502051882993851,blue
P48556,PSMD8,Old_Post,-0.8336595851915077,blue
P48643,CCT5,Young_Pre,-0.556805880615259,blue
P48643,CCT5,Young_Post,1.274972073745804,blue
P48643,CCT5,Old_Pre,-0.994115411492151,blue
P48643,CCT5,Old_Post,0.27594921836160613,blue
P48681,NES,Young_Pre,0.1482419924365114,blue
P48681,NES,Young_Post,1.3552391399153954,blue
P48681,NES,Old_Pre,-0.6771636674380662,blue
P48681,NES,Old_Post,-0.8263174649138554,blue
P48735,IDH2,Young_Pre,-0.9398395227274636,turquoise
P48735,IDH2,Young_Post,-0.788144421097101,turquoise
P48735,IDH2,Old_Pre,0.8281744625407976,turquoise
P48735,IDH2,Old_Post,0.8998094812837827,turquoise
P48788,TNNI2,Young_Pre,1.020353377688773,brown
P48788,TNNI2,Young_Post,0.6587103194423304,brown
P48788,TNNI2,Old_Pre,-1.0796903901453905,brown
P48788,TNNI2,Old_Post,-0.599373306985713,brown
P49023,PXN,Young_Pre,-1.2001506595991316,turquoise
P49023,PXN,Young_Post,-0.44575204307871963,turquoise
P49023,PXN,Old_Pre,0.8797213126472054,turquoise
P49023,PXN,Old_Post,0.7661813900305818,turquoise
P49189,ALDH9A1,Young_Pre,-0.08931295454024257,yellow
P49189,ALDH9A1,Young_Post,-1.2620995120918406,yellow
P49189,ALDH9A1,Old_Pre,1.1686414168059913,yellow
P49189,ALDH9A1,Old_Post,0.1827710498260497,yellow
P49207,RPL34,Young_Pre,0.6330700845544371,brown
P49207,RPL34,Young_Post,1.064212194846652,brown
P49207,RPL34,Old_Pre,-0.7339870852641203,brown
P49207,RPL34,Old_Post,-0.9632951941369741,brown
P49257,LMAN1,Young_Pre,0.1823426745675202,red
P49257,LMAN1,Young_Post,1.3369805675088662,red
P49257,LMAN1,Old_Pre,-0.871604807919938,red
P49257,LMAN1,Old_Post,-0.6477184341564484,red
P49368,CCT3,Young_Pre,-0.694309856726478,blue
P49368,CCT3,Young_Post,1.1403758204178858,blue
P49368,CCT3,Old_Pre,-0.9706924595080544,blue
P49368,CCT3,Old_Post,0.5246264958166864,blue
P49406,MRPL19,Young_Pre,-1.4044211295797975,turquoise
P49406,MRPL19,Young_Post,0.1233567752590037,turquoise
P49406,MRPL19,Old_Pre,0.33083760436985793,turquoise
P49406,MRPL19,Old_Post,0.9502267499509358,turquoise
P49411,TUFM,Young_Pre,-0.96990532103262606,turquoise
P49411,TUFM,Young_Post,0.6909302392427255,turquoise
P49411,TUFM,Old_Pre,-0.7388590662604478,turquoise
P49411,TUFM,Old_Post,1.017834148050323,turquoise
P49419,ALDH7A1,Young_Pre,-0.6757808208352145,turquoise
P49419,ALDH7A1,Young_Post,-1.0137215343642088,turquoise
P49419,ALDH7A1,Old_Pre,1.0550840433689759,turquoise
P49419,ALDH7A1,Old_Post,0.6344183118303978,turquoise
P49589,CARS1,Young_Pre,-0.09852976966201676,red
P49589,CARS1,Young_Post,1.3251550830800356,red
P49589,CARS1,Old_Pre,-1.1042052419649462,red
P49589,CARS1,Old_Post,-0.12242007145329258,red
P49591,SARS1,Young_Pre,-0.31076002506911926,blue
P49591,SARS1,Young_Post,1.4395608870983316,blue
P49591,SARS1,Old_Pre,-0.8758462257339756,blue
P49591,SARS1,Old_Post,-0.2529546362952366,blue
P49720,PSMB3,Young_Pre,-0.4099874976309734,red
P49720,PSMB3,Young_Post,1.49679764045915,red
P49720,PSMB3,Old_Pre,-0.5649565449698215,red
P49720,PSMB3,Old_Post,-0.5218535978586102,red
P49748,ACADVL,Young_Pre,-0.5640897001559286,turquoise
P49748,ACADVL,Young_Post,-1.076756709698091,turquoise
P49748,ACADVL,Old_Pre,1.1172475030670443,turquoise
P49748,ACADVL,Old_Post,0.5235989067870469,turquoise
P49753,ACOT2,Young_Pre,-0.5587349633609138,turquoise
P49753,ACOT2,Young_Post,-1.1025819134098453,turquoise
P49753,ACOT2,Old_Pre,1.0452993972188787,turquoise
P49753,ACOT2,Old_Post,0.6160174795518485,turquoise
P49755,TMED10,Young_Pre,0.768159049007835,brown
P49755,TMED10,Young_Post,0.8681124106360918,brown
P49755,TMED10,Old_Pre,-0.4196257719135457,brown
P49755,TMED10,Old_Post,-1.216645687730381,brown
P49773,HINT1,Young_Pre,0.01731228448504168,yellow
P49773,HINT1,Young_Post,1.4029893323896383,yellow
P49773,HINT1,Old_Pre,-0.6036311469696779,yellow
P49773,HINT1,Old_Post,-0.8166704699050021,yellow
P49821,NDUFV1,Young_Pre,0.6696307804659435,green
P49821,NDUFV1,Young_Post,-1.4878360082846651,green
P49821,NDUFV1,Old_Pre,0.44915715727941274,green
P49821,NDUFV1,Old_Post,0.36904807053933086,green
P49840,GSK3A,Young_Pre,-0.5501294863953142,turquoise
P49840,GSK3A,Young_Post,-0.9954463703883406,turquoise
P49840,GSK3A,Old_Pre,1.2787729614426426,turquoise
P49840,GSK3A,Old_Post,0.2668028953409606,turquoise
P50213,IDH3A,Young_Pre,-1.105938605305146,turquoise
P50213,IDH3A,Young_Post,0.33290420857574565,turquoise
P50213,IDH3A,Old_Pre,-0.4403091134883198,turquoise
P50213,IDH3A,Old_Post,1.213343510217694,turquoise
P50395,GDI2,Young_Pre,-1.1205704752027361,yellow
P50395,GDI2,Young_Post,0.48568717981591175,yellow
P50395,GDI2,Old_Pre,1.1258015224045892,yellow
P50395,GDI2,Old_Post,-0.49091822701738186,yellow
P50402,EMD,Young_Pre,-0.29134958656745835,green
P50402,EMD,Young_Post,-1.2884609185294909,green
P50402,EMD,Old_Pre,0.7303936409850307,green
P50402,EMD,Old_Post,0.849416864111928,green
P50416,CPT1A,Young_Pre,1.2597151894685177,magenta
P50416,CPT1A,Young_Post,0.04436276106183812,magenta
P50416,CPT1A,Old_Pre,-0.12249202912940353,magenta
P50416,CPT1A,Old_Post,-1.181585921400991,magenta
P50454,SERPINH1,Young_Pre,-0.8094490348484654,blue
P50454,SERPINH1,Young_Post,1.2648988435657504,blue
P50454,SERPINH1,Old_Pre,-0.7938988667582787,blue
P50454,SERPINH1,Old_Post,0.3384490580409937,blue
P50461,CSRP3,Young_Pre,-0.13016132961065566,blue
P50461,CSRP3,Young_Post,1.1791989140192949,blue
P50461,CSRP3,Old_Pre,-1.246428766750571,blue
P50461,CSRP3,Old_Post,0.1973911823419518,blue
P50502,ST13,Young_Pre,0.38760964740748366,yellow
P50502,ST13,Young_Post,-0.45293893186533785,yellow
P50502,ST13,Old_Pre,1.1821147558777125,yellow
P50502,ST13,Old_Post,-1.116785471419426,yellow
P50851,LRBA,Young_Pre,1.1399724429290317,brown
P50851,LRBA,Young_Post,0.5315651124988451,brown
P50851,LRBA,Old_Pre,-0.7335864384042379,brown
P50851,LRBA,Old_Post,-0.9379511170236389,brown
P50895,BCAM,Young_Pre,1.0465508306479092,brown
P50895,BCAM,Young_Post,-1.2413354045358178,brown
P50895,BCAM,Old_Pre,0.5126315295521898,brown
P50895,BCAM,Old_Post,-0.31784695566428134,brown
P50914,RPL14,Young_Pre,0.40430553955722,black
P50914,RPL14,Young_Post,1.2073491006211292,black
P50914,RPL14,Old_Pre,-1.0059895546746396,black
P50914,RPL14,Old_Post,-0.6056650855037096,black
P50990,CCT8,Young_Pre,-0.8725658653428102,blue
P50990,CCT8,Young_Post,1.2480670760405108,blue
P50990,CCT8,Old_Pre,-0.740225403291896,blue
P50990,CCT8,Old_Post,0.36472419259433875,blue
P50991,CCT4,Young_Pre,-0.6666137655082287,blue
P50991,CCT4,Young_Post,1.1427583559416037,blue
P50991,CCT4,Old_Pre,-0.9918536269240773,blue
P50991,CCT4,Old_Post,0.5157090364906712,blue
P51114,FXR1,Young_Pre,0.39404047613023585,purple
P51114,FXR1,Young_Post,1.0967050159948393,purple
P51114,FXR1,Old_Pre,-1.2605470611818042,purple
P51114,FXR1,Old_Post,-0.2301984309432473,purple
P51452,DUSP3,Young_Pre,1.0862503690551029,red
P51452,DUSP3,Young_Post,0.5920504174249704,red
P51452,DUSP3,Old_Pre,-1.0140641920163982,red
P51452,DUSP3,Old_Post,-0.6642365944636751,red
P51553,IDH3G,Young_Pre,-1.264396492513238,turquoise
P51553,IDH3G,Young_Post,0.40906260488857743,turquoise
P51553,IDH3G,Old_Pre,-0.23118480936988722,turquoise
P51553,IDH3G,Old_Post,1.0865186969944887,turquoise
P51570,GALK1,Young_Pre,-0.7173890679098861,turquoise
P51570,GALK1,Young_Post,-0.9027499038839742,turquoise
P51570,GALK1,Old_Pre,1.2331359064021516,turquoise
P51570,GALK1,Old_Post,0.387003065391741,turquoise
P51572,BCAP31,Young_Pre,-0.19505166670486718,blue
P51572,BCAP31,Young_Post,1.4250858480771984,blue
P51572,BCAP31,Old_Pre,-0.9104770111945613,blue
P51572,BCAP31,Old_Post,-0.3195571701776759,blue
P51648,ALDH3A2,Young_Pre,-1.039653588578168,red
P51648,ALDH3A2,Young_Post,1.1267359763446767,red
P51648,ALDH3A2,Old_Pre,0.524699417230377,red
P51648,ALDH3A2,Old_Post,-0.611781804996886,red
P51649,ALDH5A1,Young_Pre,-0.6212174137608737,turquoise
P51649,ALDH5A1,Young_Post,-1.0739040710669163,turquoise
P51649,ALDH5A1,Old_Pre,0.9573344797643061,turquoise
P51649,ALDH5A1,Old_Post,0.7377870050634944,turquoise
P51659,HSD17B4,Young_Pre,-1.4425221528868937,red
P51659,HSD17B4,Young_Post,0.8587334285411369,red
P51659,HSD17B4,Old_Pre,0.2167208967745249,red
P51659,HSD17B4,Old_Post,0.3670678275711344,red
P51665,PSMD7,Young_Pre,0.8658986914286667,blue
P51665,PSMD7,Young_Post,0.8162135456724661,blue
P51665,PSMD7,Old_Pre,-1.1319720127023085,blue
P51665,PSMD7,Old_Post,-0.5501402243988243,blue
P51687,SUOX,Young_Pre,-0.6748098501517292,turquoise
P51687,SUOX,Young_Post,-0.983822477862085,turquoise
P51687,SUOX,Old_Pre,1.146486779311398,turquoise
P51687,SUOX,Old_Post,0.512145548702404,turquoise
P51692,STAT5B,Young_Pre,-0.36457983510957226,yellow
P51692,STAT5B,Young_Post,-0.8449155323011777,yellow
P51692,STAT5B,Old_Pre,1.4478846136324417,yellow
P51692,STAT5B,Old_Post,-0.23838924622165608,yellow
P51858,HDGF,Young_Pre,-0.8557191407108684,red
P51858,HDGF,Young_Post,-0.8468581768166034,red
P51858,HDGF,Old_Pre,1.076223337615581,red
P51858,HDGF,Old_Post,0.626353979911911,red
P51888,PRELP,Young_Pre,1.3712992652690257,brown
P51888,PRELP,Young_Post,-0.9518804898183716,brown
P51888,PRELP,Old_Pre,0.0407959052083343,brown
P51888,PRELP,Old_Post,-0.4602146806589292,brown
P51970,NDUFA8,Young_Pre,1.1755708936774703,green
P51970,NDUFA8,Young_Post,-1.2687118538336712,green
P51970,NDUFA8,Old_Pre,0.09165754391504667,green
P51970,NDUFA8,Old_Post,0.0014834162410838978,green
P51991,HNRNPA3,Young_Pre,-0.644516129466066,brown
P51991,HNRNPA3,Young_Post,-0.8340834885306414,brown
P51991,HNRNPA3,Old_Pre,0.10851645560012366,brown
P51991,HNRNPA3,Old_Post,1.3700831623965837,brown
P52179,MYOM1,Young_Pre,1.202344995845797,brown
P52179,MYOM1,Young_Post,0.4303543958296854,brown
P52179,MYOM1,Old_Pre,-0.6816130023094498,brown
P52179,MYOM1,Old_Post,-0.9510863893660424,brown
P52272,HNRNPM,Young_Pre,0.12967973511329464,green
P52272,HNRNPM,Young_Post,-0.8622782093422116,green
P52272,HNRNPM,Old_Pre,-0.626502151324699,green
P52272,HNRNPM,Old_Post,1.359100625553553,green
P52294,KPNA1,Young_Pre,-1.0601786763695444,blue
P52294,KPNA1,Young_Post,1.0233021441336714,blue
P52294,KPNA1,Old_Pre,-0.6250654077907516,blue
P52294,KPNA1,Old_Post,0.6619419400265656,blue
P52564,MAP2K6,Young_Pre,-0.5621805782423184,turquoise
P52564,MAP2K6,Young_Post,-1.1219935456072565,turquoise
P52564,MAP2K6,Old_Pre,0.9006628305518021,turquoise
P52564,MAP2K6,Old_Post,0.7835112932978091,turquoise
P52565,ARHGDIA,Young_Pre,-0.7874059739623454,yellow
P52565,ARHGDIA,Young_Post,-0.7480274976924753,yellow
P52565,ARHGDIA,Old_Pre,1.3341391585497724,yellow
P52565,ARHGDIA,Old_Post,0.20129431310508733,yellow
P52566,ARHGDIB,Young_Pre,-1.080798358493863,turquoise
P52566,ARHGDIB,Young_Post,-0.5906413102683088,turquoise
P52566,ARHGDIB,Old_Pre,1.0432800277294831,turquoise
P52566,ARHGDIB,Old_Post,0.628159641032656,turquoise
P52815,MRPL12,Young_Pre,-0.6775488355063357,turquoise
P52815,MRPL12,Young_Post,-1.0195284186432414,turquoise
P52815,MRPL12,Old_Pre,0.673247760503169,turquoise
P52815,MRPL12,Old_Post,1.023829493646421,turquoise
P52895,AKR1C2,Young_Pre,-0.5485341745013831,blue
P52895,AKR1C2,Young_Post,1.4565703979018307,blue
P52895,AKR1C2,Old_Pre,-0.7414620574152981,blue
P52895,AKR1C2,Old_Post,-0.1665741659851918,blue
P52907,CAPZA1,Young_Pre,1.0929043799139344,brown
P52907,CAPZA1,Young_Post,0.5814091160743989,brown
P52907,CAPZA1,Old_Pre,-1.0186238451305822,brown
P52907,CAPZA1,Old_Post,-0.655689650857715,brown
P53041,PPP5C,Young_Pre,-1.2633683524347974,turquoise
P53041,PPP5C,Young_Post,-0.33635057375675764,turquoise
P53041,PPP5C,Old_Pre,0.8747539762192083,turquoise
P53041,PPP5C,Old_Post,0.724964949972321,turquoise
P53597,SUCLG1,Young_Pre,-1.078320851002265,turquoise
P53597,SUCLG1,Young_Post,-0.6236269020088476,turquoise
P53597,SUCLG1,Old_Pre,0.8514994213115973,turquoise
P53597,SUCLG1,Old_Post,0.8504483316995883,turquoise
P53621,COPA,Young_Pre,0.4679180875555265,blue
P53621,COPA,Young_Post,1.172935861936336,blue
P53621,COPA,Old_Pre,-0.9922892529521831,blue
P53621,COPA,Old_Post,-0.6485646965397073,blue
P53701,HCCS,Young_Pre,-1.0423331815525345,turquoise
P53701,HCCS,Young_Post,-0.6687655761091149,turquoise
P53701,HCCS,Old_Pre,0.8211643267692225,turquoise
P53701,HCCS,Old_Post,0.889934430892335,turquoise
P53804,TTC3,Young_Pre,-0.6157224935746621,turquoise
P53804,TTC3,Young_Post,-1.081203319920551,turquoise
P53804,TTC3,Old_Pre,0.9262658104393607,turquoise
P53804,TTC3,Old_Post,0.7706600030558828,turquoise
P53814,SMTN,Young_Pre,0.6850112340839973,magenta
P53814,SMTN,Young_Post,1.011696229293835,magenta
P53814,SMTN,Old_Pre,-1.0325034542929923,magenta
P53814,SMTN,Old_Post,-0.6642040090848547,magenta
P53985,SLC16A1,Young_Pre,-1.407515283586925,turquoise
P53985,SLC16A1,Young_Post,0.17042028900814862,turquoise
P53985,SLC16A1,Old_Pre,0.2833940706638798,turquoise
P53985,SLC16A1,Old_Post,0.9537009239149103,turquoise
P53992,SEC24C,Young_Pre,-1.024053218974153,turquoise
P53992,SEC24C,Young_Post,-0.6915636331822543,turquoise
P53992,SEC24C,Old_Pre,0.8841157850002501,turquoise
P53992,SEC24C,Old_Post,0.8315010671561571,turquoise
P54136,RARS1,Young_Pre,0.46425681652018636,blue
P54136,RARS1,Young_Post,1.18480293570921,blue
P54136,RARS1,Old_Pre,-0.9270203113706388,blue
P54136,RARS1,Old_Post,-0.7220394408587825,blue
P54284,CACNB3,Young_Pre,1.4737572630291622,yellow
P54284,CACNB3,Young_Post,-0.6178044510265247,yellow
P54284,CACNB3,Old_Pre,-0.22793943220279123,yellow
P54284,CACNB3,Old_Post,-0.6280133797998865,yellow
P54289,CACNA2D1,Young_Pre,0.7776540723935582,yellow
P54289,CACNA2D1,Young_Post,-1.2589542459801513,yellow
P54289,CACNA2D1,Old_Pre,0.8299137890824227,yellow
P54289,CACNA2D1,Old_Post,-0.3486136154958943,yellow
P54296,MYOM2,Young_Pre,1.141317881369322,brown
P54296,MYOM2,Young_Post,0.49836131698427816,brown
P54296,MYOM2,Old_Pre,-0.590977681589376,brown
P54296,MYOM2,Old_Post,-1.0487015167642242,brown
P54578,USP14,Young_Pre,0.2083349397036264,red
P54578,USP14,Young_Post,1.2566376480204127,red
P54578,USP14,Old_Pre,-1.1226055276130837,red
P54578,USP14,Old_Post,-0.34236706011087237,red
P54619,PRKAG1,Young_Pre,-1.0106434472773063,blue
P54619,PRKAG1,Young_Post,1.188252384187619,blue
P54619,PRKAG1,Old_Pre,-0.6136299759872784,blue
P54619,PRKAG1,Old_Post,0.43602103907693834,blue
P54646,PRKAA2,Young_Pre,-1.1860755405658194,blue
P54646,PRKAA2,Young_Post,1.2461825645756235,blue
P54646,PRKAA2,Old_Pre,-0.16870307141926114,blue
P54646,PRKAA2,Old_Post,0.1085960474093275,blue
P54652,HSPA2,Young_Pre,-1.4587579808163773,blue
P54652,HSPA2,Young_Post,0.6636814250526615,blue
P54652,HSPA2,Old_Pre,0.6378284718994747,blue
P54652,HSPA2,Old_Post,0.15724808386424122,blue
P54819,AK2,Young_Pre,-0.5334850271821359,turquoise
P54819,AK2,Young_Post,-1.1429899037191356,turquoise
P54819,AK2,Old_Pre,0.8811542966390157,turquoise
P54819,AK2,Old_Post,0.7953206342621819,turquoise
P55036,PSMD4,Young_Pre,0.13577991754762594,blue
P55036,PSMD4,Young_Post,1.36208822788382,blue
P55036,PSMD4,Old_Pre,-0.7962362021705309,blue
P55036,PSMD4,Old_Post,-0.7016319432609407,blue
P55042,RRAD,Young_Pre,0.18127599269747824,blue
P55042,RRAD,Young_Post,1.0705893631238248,blue
P55042,RRAD,Old_Pre,-1.3461388968107912,blue
P55042,RRAD,Old_Post,0.0942735409894694,blue
P55072,VCP,Young_Pre,0.6090220569426025,blue
P55072,VCP,Young_Post,1.0892820612803893,blue
P55072,VCP,Old_Pre,-0.8639555408566936,blue
P55072,VCP,Old_Post,-0.8343485773662981,blue
P55084,HADHB,Young_Pre,-0.6296012803274837,turquoise
P55084,HADHB,Young_Post,-1.0470609302075025,turquoise
P55084,HADHB,Old_Pre,1.0637945747309077,turquoise
P55084,HADHB,Old_Post,0.6128676358040787,turquoise
P55209,NAP1L1,Young_Pre,-0.15627674675037603,blue
P55209,NAP1L1,Young_Post,1.2823060524711172,blue
P55209,NAP1L1,Old_Pre,-1.1534796253820654,blue
P55209,NAP1L1,Old_Post,0.02745031966132438,blue
P55268,LAMB2,Young_Pre,0.967430459547527,brown
P55268,LAMB2,Young_Post,-1.3832105319218377,brown
P55268,LAMB2,Old_Pre,0.3872923717744798,brown
P55268,LAMB2,Old_Post,0.028487700599830943,brown
P55327,TPD52,Young_Pre,-0.1499518538371658,blue
P55327,TPD52,Young_Post,0.8624722382268876,blue
P55327,TPD52,Old_Pre,-1.3512007509050858,blue
P55327,TPD52,Old_Post,0.6386803665153888,blue
P55786,NPEPPS,Young_Pre,0.863955135519681,yellow
P55786,NPEPPS,Young_Post,-0.5547050320428748,yellow
P55786,NPEPPS,Old_Pre,0.8195582056585645,yellow
P55786,NPEPPS,Old_Post,-1.1288083091354337,yellow
P55795,HNRNPH2,Young_Pre,1.2346678902052757,brown
P55795,HNRNPH2,Young_Post,-1.1124154666174426,brown
P55795,HNRNPH2,Old_Pre,0.27847222974377256,brown
P55795,HNRNPH2,Old_Post,-0.40072465333178736,brown
P55809,OXCT1,Young_Pre,0.2945709305627942,green
P55809,OXCT1,Young_Post,-0.7506014508411427,green
P55809,OXCT1,Old_Pre,1.2876952852292745,green
P55809,OXCT1,Old_Post,-0.8316647649509014,green
P55822,SH3BGR,Young_Pre,-0.8364317398737283,red
P55822,SH3BGR,Young_Post,-0.8931141088978126,red
P55822,SH3BGR,Old_Pre,0.9242065492039919,red
P55822,SH3BGR,Old_Post,0.8053392995675324,red
P55884,EIF3B,Young_Pre,0.9635823794470341,purple
P55884,EIF3B,Young_Post,0.7307771339072244,purple
P55884,EIF3B,Old_Pre,-1.073063242494837,purple
P55884,EIF3B,Old_Post,-0.6212962708595642,purple
P56134,ATP5MF,Young_Pre,0.9192426968522452,pink
P56134,ATP5MF,Young_Post,0.028635218860520163,pink
P56134,ATP5MF,Old_Pre,0.4493531456992968,pink
P56134,ATP5MF,Old_Post,-1.3972310614120944,pink
P56181,NDUFV3,Young_Pre,0.5414663572854308,green
P56181,NDUFV3,Young_Post,-1.4249136151700657,green
P56181,NDUFV3,Old_Pre,0.06344076883682773,green
P56181,NDUFV3,Old_Post,0.8200064890477465,green
P56211,ARPP19,Young_Pre,0.8437228986018401,blue
P56211,ARPP19,Young_Post,0.8837122569371306,blue
P56211,ARPP19,Old_Pre,-0.7766308135111821,blue
P56211,ARPP19,Old_Post,-0.9508043420278178,blue
P56381,ATP5F1E,Young_Pre,0.2666594308131705,pink
P56381,ATP5F1E,Young_Post,1.1991796475723535,pink
P56381,ATP5F1E,Old_Pre,-0.27656506132200015,pink
P56381,ATP5F1E,Old_Post,-1.1892740170636036,pink
P56385,ATP5ME,Young_Pre,0.24626999503413172,pink
P56385,ATP5ME,Young_Post,1.3026088257587787,pink
P56385,ATP5ME,Old_Pre,-0.6277278978100089,pink
P56385,ATP5ME,Old_Post,-0.9211509229829015,pink
P56537,EIF6,Young_Pre,0.7598994945299513,brown
P56537,EIF6,Young_Post,-1.3785512333712282,brown
P56537,EIF6,Old_Pre,-0.09735844807746358,brown
P56537,EIF6,Old_Post,0.71601018691897,brown
P56556,NDUFA6,Young_Pre,1.1719521281923404,green
P56556,NDUFA6,Young_Post,-1.2028675909114466,green
P56556,NDUFA6,Old_Pre,-0.2838413540406187,green
P56556,NDUFA6,Old_Post,0.31475681675974126,green
P57772,EEFSEC,Young_Pre,0.4950080076027661,purple
P57772,EEFSEC,Young_Post,0.9868620099463163,purple
P57772,EEFSEC,Old_Pre,-1.325358259201141,purple
P57772,EEFSEC,Old_Post,-0.15651175834798364,purple
P58546,MTPN,Young_Pre,-0.1665453084044385,yellow
P58546,MTPN,Young_Post,-1.1938935455790605,yellow
P58546,MTPN,Old_Pre,1.2376617667718972,yellow
P58546,MTPN,Old_Post,0.12277708721172848,yellow
P59666,DEFA3,Young_Pre,-0.8766621044211924,turquoise
P59666,DEFA3,Young_Post,-0.855202502602049,turquoise
P59666,DEFA3,Old_Pre,0.8515322048112637,turquoise
P59666,DEFA3,Old_Post,0.8803324022119519,turquoise
P59998,ARPC4,Young_Pre,-0.37667777972609473,magenta
P59998,ARPC4,Young_Post,1.4415468829135256,magenta
P59998,ARPC4,Old_Pre,-0.8588417598178156,magenta
P59998,ARPC4,Old_Post,-0.2060273433696493,magenta
P60174,TPI1,Young_Pre,1.184477247224051,yellow
P60174,TPI1,Young_Post,0.46487542051798625,yellow
P60174,TPI1,Old_Pre,-0.9264662717650844,yellow
P60174,TPI1,Old_Post,-0.7228863959768949,yellow
P60228,EIF3E,Young_Pre,0.18579876571511988,red
P60228,EIF3E,Young_Post,-0.4730984377602858,red
P60228,EIF3E,Old_Pre,-1.018328248122883,red
P60228,EIF3E,Old_Post,1.3056279201681065,red
P60520,GABARAPL2,Young_Pre,0.7782702840160747,brown
P60520,GABARAPL2,Young_Post,-1.433221571590074,brown
P60520,GABARAPL2,Old_Pre,0.5781653894877407,brown
P60520,GABARAPL2,Old_Post,0.07678589808621303,brown
P60602,ROMO1,Young_Pre,0.12996325272167336,pink
P60602,ROMO1,Young_Post,0.8515546836240336,pink
P60602,ROMO1,Old_Pre,0.45165162282660876,pink
P60602,ROMO1,Old_Post,-1.4331695591722793,pink
P60660,MYL6,Young_Pre,1.0017933800633936,brown
P60660,MYL6,Young_Post,-0.006980046313525491,brown
P60660,MYL6,Old_Pre,-1.3638749346468635,brown
P60660,MYL6,Old_Post,0.3690616008969719,brown
P60709,ACTB,Young_Pre,1.2836178418783268,brown
P60709,ACTB,Young_Post,-0.018001940816981716,brown
P60709,ACTB,Old_Pre,-1.157740975605676,brown
P60709,ACTB,Old_Post,-0.10787492545566917,brown
P60842,EIF4A1,Young_Pre,1.430353026959395,red
P60842,EIF4A1,Young_Post,-0.051930521004091866,red
P60842,EIF4A1,Old_Pre,-0.7153755109855046,red
P60842,EIF4A1,Old_Post,-0.6630469949698647,red
P60866,RPS20,Young_Pre,0.7641527904302886,purple
P60866,RPS20,Young_Post,0.7174415386255987,purple
P60866,RPS20,Old_Pre,-1.3747479802805735,purple
P60866,RPS20,Old_Post,-0.106846348775337,purple
P60891,PRPS1,Young_Pre,0.8890686644093407,red
P60891,PRPS1,Young_Post,0.8266621223669975,red
P60891,PRPS1,Old_Pre,-0.6930616023773,red
P60891,PRPS1,Old_Post,-1.0226691843989881,red
P60900,PSMA6,Young_Pre,0.3703983571736477,red
P60900,PSMA6,Young_Post,1.2422488608288733,red
P60900,PSMA6,Old_Pre,-0.9045765985408128,red
P60900,PSMA6,Old_Post,-0.7080706194616202,red
P60953,CDC42,Young_Pre,-0.6985725017211178,turquoise
P60953,CDC42,Young_Post,-1.0018946643179774,turquoise
P60953,CDC42,Old_Pre,1.0268818919016456,turquoise
P60953,CDC42,Old_Post,0.6735852741374054,turquoise
P60981,DSTN,Young_Pre,-1.0232269806059613,red
P60981,DSTN,Young_Post,-0.20968572093411836,red
P60981,DSTN,Old_Pre,-0.14150195276226674,red
P60981,DSTN,Old_Post,1.3744146543022644,red
P61019,RAB2A,Young_Pre,0.5785856847361476,red
P61019,RAB2A,Young_Post,-0.13159573695819105,red
P61019,RAB2A,Old_Pre,0.905225797764785,red
P61019,RAB2A,Old_Post,-1.3522157455428268,red
P61026,RAB10,Young_Pre,0.9308731589813427,blue
P61026,RAB10,Young_Post,0.7444016888161932,blue
P61026,RAB10,Old_Pre,-0.5409318629936578,blue
P61026,RAB10,Old_Post,-1.1343429848039375,blue
P61081,UBE2M,Young_Pre,1.171582861101541,yellow
P61081,UBE2M,Young_Post,-0.3945333634699007,yellow
P61081,UBE2M,Old_Pre,0.3762739383553406,yellow
P61081,UBE2M,Old_Post,-1.1533234359869808,yellow
P61086,UBE2K,Young_Pre,-0.5465691628421704,turquoise
P61086,UBE2K,Young_Post,-1.0221061967242322,turquoise
P61086,UBE2K,Old_Pre,1.2459597551828294,turquoise
P61086,UBE2K,Old_Post,0.32271560438360913,turquoise
P61088,UBE2N,Young_Pre,1.3061064184360416,yellow
P61088,UBE2N,Young_Post,-0.5473937713263602,yellow
P61088,UBE2N,Old_Pre,0.21504406439562246,yellow
P61088,UBE2N,Old_Post,-0.9737567115052365,yellow
P61106,RAB14,Young_Pre,1.3093252182160002,red
P61106,RAB14,Young_Post,-0.1425462030627967,red
P61106,RAB14,Old_Pre,-0.042713348570657235,red
P61106,RAB14,Old_Post,-1.1240656665826445,red
P61158,ACTR3,Young_Pre,-1.0680135236518296,turquoise
P61158,ACTR3,Young_Post,-0.5602910645530423,turquoise
P61158,ACTR3,Old_Pre,0.4826910442599374,turquoise
P61158,ACTR3,Old_Post,1.1456135439449344,turquoise
P61160,ACTR2,Young_Pre,-1.3510649936518069,turquoise
P61160,ACTR2,Young_Post,0.2061900114891232,turquoise
P61160,ACTR2,Old_Pre,0.08420614238497032,turquoise
P61160,ACTR2,Old_Post,1.0606688397777133,turquoise
P61163,ACTR1A,Young_Pre,-0.35436648826766387,purple
P61163,ACTR1A,Young_Post,1.2919368287738069,purple
P61163,ACTR1A,Old_Pre,-1.0875761489980473,purple
P61163,ACTR1A,Old_Post,0.15000580849187006,purple
P61201,COPS2,Young_Pre,-1.0291214015270278,red
P61201,COPS2,Young_Post,0.9108979709769021,red
P61201,COPS2,Old_Pre,0.8021412024504496,red
P61201,COPS2,Old_Post,-0.6839177718999232,red
P61224,RAP1B,Young_Pre,-0.05519636635240076,blue
P61224,RAP1B,Young_Post,1.4299389095676287,blue
P61224,RAP1B,Old_Pre,-0.7476603501507558,blue
P61224,RAP1B,Old_Post,-0.6270821930644194,blue
P61247,RPS3A,Young_Pre,0.7022276918018485,purple
P61247,RPS3A,Young_Post,0.7558053576187155,purple
P61247,RPS3A,Old_Pre,-1.3895861060793369,purple
P61247,RPS3A,Old_Post,-0.0684469433412446,purple
P61254,RPL26,Young_Pre,0.5654171250950665,black
P61254,RPL26,Young_Post,1.1149324749038316,black
P61254,RPL26,Old_Pre,-0.9529614613247129,black
P61254,RPL26,Old_Post,-0.7273881386741984,black
P61313,RPL15,Young_Pre,-1.27260875367198,black
P61313,RPL15,Young_Post,0.874451574934341,black
P61313,RPL15,Old_Pre,-0.31886775615462915,black
P61313,RPL15,Old_Post,0.7170249348922343,black
P61353,RPL27,Young_Pre,0.7215726163392755,brown
P61353,RPL27,Young_Post,0.9946400523699991,brown
P61353,RPL27,Old_Pre,-0.7650172279790963,brown
P61353,RPL27,Old_Post,-0.9511954407301781,brown
P61513,RPL37A,Young_Pre,0.4112701157811104,black
P61513,RPL37A,Young_Post,1.007255029356597,black
P61513,RPL37A,Old_Pre,-1.345732290625908,black
P61513,RPL37A,Old_Post,-0.07279285451182659,black
P61586,RHOA,Young_Pre,0.2846500594400953,red
P61586,RHOA,Young_Post,-0.91233300630002,red
P61586,RHOA,Old_Pre,1.2858573910946214,red
P61586,RHOA,Old_Post,-0.6581744442346966,red
P61604,HSPE1,Young_Pre,-0.6923675395192026,turquoise
P61604,HSPE1,Young_Post,0.64141143988111,turquoise
P61604,HSPE1,Old_Pre,-1.0011475618244452,turquoise
P61604,HSPE1,Old_Post,1.05210366146247,turquoise
P61758,VBP1,Young_Pre,-0.9906517561024146,red
P61758,VBP1,Young_Post,-0.2478136866848495,red
P61758,VBP1,Old_Pre,1.3906921008601583,red
P61758,VBP1,Old_Post,-0.15222665807283775,red
P61916,NPC2,Young_Pre,-0.6144932596379058,turquoise
P61916,NPC2,Young_Post,-1.0789013967703593,turquoise
P61916,NPC2,Old_Pre,0.9575510126952398,turquoise
P61916,NPC2,Old_Post,0.7358436437130307,turquoise
P61925,PKIA,Young_Pre,0.7111321611516783,yellow
P61925,PKIA,Young_Post,0.4665621690491999,yellow
P61925,PKIA,Old_Pre,0.3008518919109149,yellow
P61925,PKIA,Old_Post,-1.4785462221119339,yellow
P61956,SUMO2,Young_Pre,0.5139940315444892,yellow
P61956,SUMO2,Young_Post,0.9750177406725379,yellow
P61956,SUMO2,Old_Pre,-1.3261296958042672,yellow
P61956,SUMO2,Old_Post,-0.1628820764127957,yellow
P61970,NUTF2,Young_Pre,0.11845903601428778,yellow
P61970,NUTF2,Young_Post,-0.3163054381442223,yellow
P61970,NUTF2,Old_Pre,1.2960753900470634,yellow
P61970,NUTF2,Old_Post,-1.0982289879170508,yellow
P62072,TIMM10,Young_Pre,-0.7264416330431114,turquoise
P62072,TIMM10,Young_Post,-0.9303870530829463,turquoise
P62072,TIMM10,Old_Pre,1.1705560079126964,turquoise
P62072,TIMM10,Old_Post,0.4862726782133455,turquoise
P62081,RPS7,Young_Pre,0.8659688095797584,magenta
P62081,RPS7,Young_Post,0.836168473717006,magenta
P62081,RPS7,Old_Pre,-1.077215318389774,magenta
P62081,RPS7,Old_Post,-0.6249219649069847,magenta
P62136,PPP1CA,Young_Pre,0.4305919940646514,red
P62136,PPP1CA,Young_Post,1.1440256048752973,red
P62136,PPP1CA,Old_Pre,-1.1520591651938958,red
P62136,PPP1CA,Old_Post,-0.4225584337460105,red
P62140,PPP1CB,Young_Pre,-0.3663486106765558,red
P62140,PPP1CB,Young_Post,0.15129394067544205,red
P62140,PPP1CB,Old_Pre,-1.0798594140045028,red
P62140,PPP1CB,Old_Post,1.2949140840056166,red
P62191,PSMC1,Young_Pre,-0.06418401515525114,red
P62191,PSMC1,Young_Post,1.4008417327197507,red
P62191,PSMC1,Old_Pre,-0.9330890569871196,red
P62191,PSMC1,Old_Post,-0.403568660577311,red
P62195,PSMC5,Young_Pre,1.0162144155189408,purple
P62195,PSMC5,Young_Post,0.6988738980953151,purple
P62195,PSMC5,Old_Pre,-0.7938276969855191,purple
P62195,PSMC5,Old_Post,-0.9212606166287711,purple
P62241,RPS8,Young_Pre,0.033469748018287865,purple
P62241,RPS8,Young_Post,1.2212194471738311,purple
P62241,RPS8,Old_Pre,-1.2275030556494764,purple
P62241,RPS8,Old_Post,-0.027186139542673425,purple
P62244,RPS15A,Young_Pre,-0.2593553092315835,black
P62244,RPS15A,Young_Post,1.0356832014329185,black
P62244,RPS15A,Old_Pre,-1.2709868705136775,black
P62244,RPS15A,Old_Post,0.4946589783122287,black
P62249,RPS16,Young_Pre,0.11236983258171393,purple
P62249,RPS16,Young_Post,0.7688785149103061,purple
P62249,RPS16,Old_Pre,-1.4425971087737333,purple
P62249,RPS16,Old_Post,0.5613487612817415,purple
P62263,RPS14,Young_Pre,0.2039064512818474,purple
P62263,RPS14,Young_Post,1.1351109782096613,purple
P62263,RPS14,Old_Pre,-1.2913854662136475,purple
P62263,RPS14,Old_Post,-0.04763196327793405,purple
P62266,RPS23,Young_Pre,1.0180540578755644,black
P62266,RPS23,Young_Post,0.6874529965119985,black
P62266,RPS23,Old_Pre,-0.9880257648238056,black
P62266,RPS23,Old_Post,-0.7174812895637809,black
P62269,RPS18,Young_Pre,0.6251667716578192,purple
P62269,RPS18,Young_Post,0.3319803831235421,purple
P62269,RPS18,Old_Pre,-1.488744403261984,purple
P62269,RPS18,Old_Post,0.5315972484806561,purple
P62277,RPS13,Young_Pre,0.28390376916940613,purple
P62277,RPS13,Young_Post,0.8687220055637853,purple
P62277,RPS13,Old_Pre,-1.4424675036479517,purple
P62277,RPS13,Old_Post,0.2898417289147403,purple
P62280,RPS11,Young_Pre,-0.6549132015148924,blue
P62280,RPS11,Young_Post,1.392320166003574,blue
P62280,RPS11,Old_Pre,-0.7933496515330123,blue
P62280,RPS11,Old_Post,0.055942687044346386,blue
P62318,SNRPD3,Young_Pre,0.8495249067516315,black
P62318,SNRPD3,Young_Post,0.7398736783248597,black
P62318,SNRPD3,Old_Pre,-1.2783316124927284,black
P62318,SNRPD3,Old_Post,-0.311066972583743,black
P62328,TMSB4X,Young_Pre,0.2528061328769166,pink
P62328,TMSB4X,Young_Post,1.1997534590444379,pink
P62328,TMSB4X,Old_Pre,-1.196235119714633,pink
P62328,TMSB4X,Old_Post,-0.2563244722066983,pink
P62333,PSMC6,Young_Pre,0.5488492357303498,red
P62333,PSMC6,Young_Post,1.1183612123992142,red
P62333,PSMC6,Old_Pre,-1.0042472116630197,red
P62333,PSMC6,Old_Post,-0.6629632364665637,red
P62424,RPL7A,Young_Pre,0.7910694030141415,black
P62424,RPL7A,Young_Post,0.9328075029388812,black
P62424,RPL7A,Old_Pre,-0.9573417250290764,black
P62424,RPL7A,Old_Post,-0.7665351809239619,black
P62495,ETF1,Young_Pre,-0.9725908835784596,blue
P62495,ETF1,Young_Post,1.1381808728032088,blue
P62495,ETF1,Old_Pre,-0.6930823251786011,blue
P62495,ETF1,Old_Post,0.5274923359538232,blue
P62701,RPS4X,Young_Pre,0.09001788586028331,purple
P62701,RPS4X,Young_Post,0.6687339837384131,purple
P62701,RPS4X,Old_Pre,-1.4416469546923034,purple
P62701,RPS4X,Old_Post,0.682895085093607,purple
P62750,RPL23A,Young_Pre,0.9470593437612482,black
P62750,RPL23A,Young_Post,0.6345942867992816,black
P62750,RPL23A,Old_Pre,-1.2649336529358528,black
P62750,RPL23A,Old_Post,-0.31671997762469045,black
P62753,RPS6,Young_Pre,-0.5652099565634991,purple
P62753,RPS6,Young_Post,0.9748127135834153,purple
P62753,RPS6,Old_Pre,-1.112102505247503,purple
P62753,RPS6,Old_Post,0.7024997482276084,purple
P62807,H2BC4,Young_Pre,1.1651550703672335,brown
P62807,H2BC4,Young_Post,-1.2240881705169186,brown
P62807,H2BC4,Old_Pre,-0.2372592057601012,brown
P62807,H2BC4,Old_Post,0.2961923059097864,brown
P62826,RAN,Young_Pre,-1.3039516891125968,blue
P62826,RAN,Young_Post,1.0725803496945978,blue
P62826,RAN,Old_Pre,0.3631882328849601,blue
P62826,RAN,Old_Post,-0.13181689346710884,blue
P62829,RPL23,Young_Pre,1.0384760622768103,purple
P62829,RPL23,Young_Post,0.3758278482632253,purple
P62829,RPL23,Old_Pre,-1.3317290605434402,purple
P62829,RPL23,Old_Post,-0.08257484999665986,purple
P62841,RPS15,Young_Pre,0.5851903433975707,purple
P62841,RPS15,Young_Post,0.0832698117424993,purple
P62841,RPS15,Old_Pre,-1.4358649787377629,purple
P62841,RPS15,Old_Post,0.7674048235976929,purple
P62847,RPS24,Young_Pre,0.7051706859911802,black
P62847,RPS24,Young_Post,1.0108430736502523,black
P62847,RPS24,Old_Pre,-0.9235010491515718,black
P62847,RPS24,Old_Post,-0.7925127104898607,black
P62851,RPS25,Young_Pre,0.74374255257938,purple
P62851,RPS25,Young_Post,0.7273597976740583,purple
P62851,RPS25,Old_Pre,-1.3819735129793267,purple
P62851,RPS25,Old_Post,-0.08912883727413352,purple
P62857,RPS28,Young_Pre,-0.7894160403406612,purple
P62857,RPS28,Young_Post,0.9529331312554123,purple
P62857,RPS28,Old_Pre,-0.9348036330986742,purple
P62857,RPS28,Old_Post,0.7712865421839968,purple
P62873,GNB1,Young_Pre,-0.5678531789742418,red
P62873,GNB1,Young_Post,-0.3342834722724656,red
P62873,GNB1,Old_Pre,1.4900274341865967,red
P62873,GNB1,Old_Post,-0.5878907829398408,red
P62879,GNB2,Young_Pre,1.0298320554519416,red
P62879,GNB2,Young_Post,-0.9481017047476787,red
P62879,GNB2,Old_Pre,0.6792768835172117,red
P62879,GNB2,Old_Post,-0.7610072342214091,red
P62888,RPL30,Young_Pre,0.6408854448151409,black
P62888,RPL30,Young_Post,1.04690647597519,black
P62888,RPL30,Old_Pre,-1.0295460253597872,black
P62888,RPL30,Old_Post,-0.6582458954305548,black
P62899,RPL31,Young_Pre,1.384562458890364,black
P62899,RPL31,Young_Post,-0.07812831492208575,black
P62899,RPL31,Old_Pre,-0.9875056281566581,black
P62899,RPL31,Old_Post,-0.31892851581166076,black
P62906,RPL10A,Young_Pre,0.39772407637051616,black
P62906,RPL10A,Young_Post,1.1859389231038309,black
P62906,RPL10A,Old_Pre,-1.0929711532124844,black
P62906,RPL10A,Old_Post,-0.4906918462619057,black
P62910,RPL32,Young_Pre,0.7777015475130395,black
P62910,RPL32,Young_Post,0.5925583170334372,black
P62910,RPL32,Old_Pre,-1.4285170776143647,black
P62910,RPL32,Old_Post,0.05825721306790288,black
P62913,RPL11,Young_Pre,0.6020085282032474,black
P62913,RPL11,Young_Post,0.8036920738848812,black
P62913,RPL11,Old_Pre,-1.411252619994855,black
P62913,RPL11,Old_Post,0.005552017906703141,black
P62917,RPL8,Young_Pre,-0.204656612396882,black
P62917,RPL8,Young_Post,0.7776234775029208,black
P62917,RPL8,Old_Pre,-1.3327319412697047,black
P62917,RPL8,Old_Post,0.7597650761636658,black
P62942,FKBP1A,Young_Pre,-0.11918628208767162,red
P62942,FKBP1A,Young_Post,-0.9216987110449654,red
P62942,FKBP1A,Old_Pre,1.4133437597964145,red
P62942,FKBP1A,Old_Post,-0.3724587666637775,red
P62979,RPS27A,Young_Pre,0.7147433380975398,magenta
P62979,RPS27A,Young_Post,0.9908465709343796,magenta
P62979,RPS27A,Old_Pre,-0.6902425558609228,magenta
P62979,RPS27A,Old_Post,-1.0153473531709964,magenta
P63010,AP2B1,Young_Pre,-1.0793502219606368,blue
P63010,AP2B1,Young_Post,0.5112607620608929,blue
P63010,AP2B1,Old_Pre,-0.5562685194714154,blue
P63010,AP2B1,Old_Post,1.1243579793711247,blue
P63098,PPP3R1,Young_Pre,1.1688176393464726,yellow
P63098,PPP3R1,Young_Post,-0.5941465886461181,yellow
P63098,PPP3R1,Old_Pre,0.4595686682704051,yellow
P63098,PPP3R1,Old_Post,-1.0342397189708417,yellow
P63104,YWHAZ,Young_Pre,-1.2328485803384368,turquoise
P63104,YWHAZ,Young_Post,-0.38608301791459626,turquoise
P63104,YWHAZ,Old_Pre,0.9108426242011524,turquoise
P63104,YWHAZ,Old_Post,0.7080889740518609,turquoise
P63167,DYNLL1,Young_Pre,-1.0004501977465339,turquoise
P63167,DYNLL1,Young_Post,-0.6185498058704674,turquoise
P63167,DYNLL1,Old_Pre,1.2005978371582604,turquoise
P63167,DYNLL1,Old_Post,0.4184021664588216,turquoise
P63172,DYNLT1,Young_Pre,0.03523081093287952,blue
P63172,DYNLT1,Young_Post,1.3233770093377595,blue
P63172,DYNLT1,Old_Pre,-1.0821217824219054,blue
P63172,DYNLT1,Old_Post,-0.27648603784874504,blue
P63220,RPS21,Young_Pre,0.6634604896424322,purple
P63220,RPS21,Young_Post,0.19168102080107538,purple
P63220,RPS21,Old_Pre,-1.4661864357085854,purple
P63220,RPS21,Old_Post,0.6110449252651032,purple
P63241,EIF5A,Young_Pre,-1.4915353902266684,red
P63241,EIF5A,Young_Post,0.5516915437425612,red
P63241,EIF5A,Old_Pre,0.3488736015326877,red
P63241,EIF5A,Old_Post,0.5909702449514195,red
P63244,RACK1,Young_Pre,0.5811763608125791,purple
P63244,RACK1,Young_Post,0.3027433153298374,purple
P63244,RACK1,Old_Pre,-1.4859721765327534,purple
P63244,RACK1,Old_Post,0.602052500390337,purple
P63279,UBE2I,Young_Pre,0.05201773769831057,turquoise
P63279,UBE2I,Young_Post,-1.3807971619680677,turquoise
P63279,UBE2I,Old_Pre,0.9867761055235832,turquoise
P63279,UBE2I,Old_Post,0.3420033187461637,turquoise
P63316,TNNC1,Young_Pre,1.2333942891447462,brown
P63316,TNNC1,Young_Post,-1.187042066836962,brown
P63316,TNNC1,Old_Pre,-0.2083724863993789,brown
P63316,TNNC1,Old_Post,0.16202026409156597,brown
P67809,YBX1,Young_Pre,-0.1771679008123806,black
P67809,YBX1,Young_Post,1.4491014753056166,black
P67809,YBX1,Old_Pre,-0.8088958770887796,black
P67809,YBX1,Old_Post,-0.46303769740442674,black
P67870,CSNK2B,Young_Pre,0.39684080049252923,blue
P67870,CSNK2B,Young_Post,1.166074155200843,blue
P67870,CSNK2B,Old_Pre,-1.1430075188314017,blue
P67870,CSNK2B,Old_Post,-0.41990743686194876,blue
P67936,TPM4,Young_Pre,-1.290108397973689,turquoise
P67936,TPM4,Young_Post,-0.1970180345406149,turquoise
P67936,TPM4,Old_Pre,0.4345068278729655,turquoise
P67936,TPM4,Old_Post,1.0526196046413383,turquoise
P68036,UBE2L3,Young_Pre,0.5672788488134579,yellow
P68036,UBE2L3,Young_Post,0.5694194594537824,yellow
P68036,UBE2L3,Old_Pre,0.3557489642703287,yellow
P68036,UBE2L3,Old_Post,-1.492447272537569,yellow
P68104,EEF1A1,Young_Pre,0.23380633743479914,magenta
P68104,EEF1A1,Young_Post,1.3124562466972645,magenta
P68104,EEF1A1,Old_Pre,-0.8900269881743798,magenta
P68104,EEF1A1,Old_Post,-0.6562355959576536,magenta
P68133,ACTA1,Young_Pre,1.2232276200660255,brown
P68133,ACTA1,Young_Post,-0.22741106709261377,brown
P68133,ACTA1,Old_Pre,-1.1893463042532841,brown
P68133,ACTA1,Old_Post,0.19352975127990088,brown
P68363,TUBA1B,Young_Pre,-0.5204832865395009,blue
P68363,TUBA1B,Young_Post,1.352790873152776,blue
P68363,TUBA1B,Old_Pre,-0.9418371783306404,blue
P68363,TUBA1B,Old_Post,0.10952959171734129,blue
P68366,TUBA4A,Young_Pre,0.6271111534732983,blue
P68366,TUBA4A,Young_Post,0.9856080393363905,blue
P68366,TUBA4A,Old_Pre,-1.2155519695965624,blue
P68366,TUBA4A,Old_Post,-0.3971672232130735,blue
P68371,TUBB4B,Young_Pre,0.25301176980568285,blue
P68371,TUBB4B,Young_Post,1.308632321090762,blue
P68371,TUBB4B,Old_Pre,-0.8261009545591138,blue
P68371,TUBB4B,Old_Post,-0.7355431363373071,blue
P68400,CSNK2A1,Young_Pre,-0.005350788657478012,black
P68400,CSNK2A1,Young_Post,1.3650119583469271,black
P68400,CSNK2A1,Old_Pre,-1.0056944171811395,black
P68400,CSNK2A1,Old_Post,-0.3539667525083658,black
P78371,CCT2,Young_Pre,-1.0089394680818335,blue
P78371,CCT2,Young_Post,1.1815150416944469,blue
P78371,CCT2,Old_Pre,-0.6206903465366752,blue
P78371,CCT2,Old_Post,0.44811477292396684,blue
P78417,GSTO1,Young_Pre,-0.5672102759943342,turquoise
P78417,GSTO1,Young_Post,-0.8292257457431168,turquoise
P78417,GSTO1,Old_Pre,1.4108330485995628,turquoise
P78417,GSTO1,Old_Post,-0.014397026862073675,turquoise
P78527,PRKDC,Young_Pre,-1.2599446138047234,turquoise
P78527,PRKDC,Young_Post,-0.3263207629411264,turquoise
P78527,PRKDC,Old_Pre,0.6383176259812094,turquoise
P78527,PRKDC,Old_Post,0.9479477507646191,turquoise
P82663,MRPS25,Young_Pre,-0.4193119322761452,pink
P82663,MRPS25,Young_Post,1.1697677447866914,pink
P82663,MRPS25,Old_Pre,-1.141461866427415,pink
P82663,MRPS25,Old_Post,0.3910060539167462,pink
P82675,MRPS5,Young_Pre,-0.4506104703098461,pink
P82675,MRPS5,Young_Post,0.09182229987378662,pink
P82675,MRPS5,Old_Pre,-0.9876865447451251,pink
P82675,MRPS5,Old_Post,1.346474715181263,pink
P82909,MRPS36,Young_Pre,-1.212397896410529,turquoise
P82909,MRPS36,Young_Post,-0.1868936255977461,turquoise
P82909,MRPS36,Old_Pre,1.207658424088508,turquoise
P82909,MRPS36,Old_Post,0.1916330979197341,turquoise
P82914,MRPS15,Young_Pre,-1.0268672173229996,pink
P82914,MRPS15,Young_Post,1.3599568067808494,pink
P82914,MRPS15,Old_Pre,-0.30899981284894656,pink
P82914,MRPS15,Old_Post,-0.024089776608979346,pink
P82921,MRPS21,Young_Pre,0.47646682256287604,pink
P82921,MRPS21,Young_Post,1.1349751424557806,pink
P82921,MRPS21,Old_Pre,-1.1110390049815777,pink
P82921,MRPS21,Old_Post,-0.5004029600370713,pink
P83111,LACTB,Young_Pre,0.4032143341119608,green
P83111,LACTB,Young_Post,-1.4176229851871704,green
P83111,LACTB,Old_Pre,0.9029636065074579,green
P83111,LACTB,Old_Post,0.1114450445677518,green
P83731,RPL24,Young_Pre,1.018386850188117,black
P83731,RPL24,Young_Post,0.38748149822607453,black
P83731,RPL24,Old_Pre,-1.345006368496796,black
P83731,RPL24,Old_Post,-0.06086197991738296,black
P84077,ARF1,Young_Pre,-0.7383671344912952,red
P84077,ARF1,Young_Post,-0.5581158183397851,red
P84077,ARF1,Old_Pre,-0.15887892492840644,red
P84077,ARF1,Old_Post,1.4553618777594868,red
P84095,RHOG,Young_Pre,-0.8875277517046636,turquoise
P84095,RHOG,Young_Post,0.20402152758194209,turquoise
P84095,RHOG,Old_Pre,-0.6423910153482786,turquoise
P84095,RHOG,Old_Post,1.3258972394710697,turquoise
P84098,RPL19,Young_Pre,0.85062502028392,black
P84098,RPL19,Young_Post,0.7198493556008205,black
P84098,RPL19,Old_Pre,-1.29761356203314,black
P84098,RPL19,Old_Post,-0.2728608138515502,black
P84243,H3-3A,Young_Pre,1.4860425079173902,brown
P84243,H3-3A,Young_Post,-0.665637777897553,brown
P84243,H3-3A,Old_Pre,-0.3325104967778936,brown
P84243,H3-3A,Old_Post,-0.48789423324191894,brown
P98160,HSPG2,Young_Pre,1.0325513688284735,brown
P98160,HSPG2,Young_Post,-1.3505526787339432,brown
P98160,HSPG2,Old_Pre,0.3311673127936452,brown
P98160,HSPG2,Old_Post,-0.013166002888195845,brown
P98179,RBM3,Young_Pre,1.4900366603675959,brown
P98179,RBM3,Young_Post,-0.3393326574587409,brown
P98179,RBM3,Old_Pre,-0.6112981221585556,brown
P98179,RBM3,Old_Post,-0.539405880750288,brown
P99999,CYCS,Young_Pre,1.4962201145613787,green
P99999,CYCS,Young_Post,-0.5987477414997153,green
P99999,CYCS,Old_Pre,-0.45574263450512587,green
P99999,CYCS,Old_Post,-0.4417297385565658,green
Q00013,MPP1,Young_Pre,1.3826581654908316,green
Q00013,MPP1,Young_Post,-0.9193771659903621,green
Q00013,MPP1,Old_Pre,-0.49210871451739546,green
Q00013,MPP1,Old_Post,0.02882771501688373,green
Q00059,TFAM,Young_Pre,-1.031921436667793,turquoise
Q00059,TFAM,Young_Post,-0.6106785235233811,turquoise
Q00059,TFAM,Old_Pre,1.1477525607583647,turquoise
Q00059,TFAM,Old_Post,0.4948473994327923,turquoise
Q00169,PITPNA,Young_Pre,1.3631692726872477,brown
Q00169,PITPNA,Young_Post,0.08870607855653805,brown
Q00169,PITPNA,Old_Pre,-0.5260255100915169,brown
Q00169,PITPNA,Old_Post,-0.9258498411521171,brown
Q00325,SLC25A3,Young_Pre,-0.5442114899736954,pink
Q00325,SLC25A3,Young_Post,1.449113960052167,pink
Q00325,SLC25A3,Old_Pre,-0.7642831968275285,pink
Q00325,SLC25A3,Old_Post,-0.1406192732509683,pink
Q00341,HDLBP,Young_Pre,1.1096647681103193,black
Q00341,HDLBP,Young_Post,0.5160118817189199,black
Q00341,HDLBP,Old_Pre,-1.1136402160653072,black
Q00341,HDLBP,Old_Post,-0.5120364337638353,black
Q00577,PURA,Young_Pre,0.6693627567994334,brown
Q00577,PURA,Young_Post,0.9796937158326032,brown
Q00577,PURA,Old_Pre,-0.48360295271045356,brown
Q00577,PURA,Old_Post,-1.1654535199216225,brown
Q00610,CLTC,Young_Pre,-0.01894832809187341,blue
Q00610,CLTC,Young_Post,1.3925107827991774,blue
Q00610,CLTC,Old_Pre,-0.9288739494248971,blue
Q00610,CLTC,Old_Post,-0.4446885052824497,blue
Q00688,FKBP3,Young_Pre,-0.8164539315758167,red
Q00688,FKBP3,Young_Post,-0.9107111666232042,red
Q00688,FKBP3,Old_Pre,0.7846569183327741,red
Q00688,FKBP3,Old_Post,0.9425081798662062,red
Q00765,REEP5,Young_Pre,0.06106670302992586,blue
Q00765,REEP5,Young_Post,1.3921494696842562,blue
Q00765,REEP5,Old_Pre,-0.6929028232677182,blue
Q00765,REEP5,Old_Post,-0.7603133494464791,blue
Q00796,SORD,Young_Pre,1.1479858372938552,brown
Q00796,SORD,Young_Post,0.3831492912278313,brown
Q00796,SORD,Old_Pre,-0.3394585716851551,brown
Q00796,SORD,Old_Post,-1.1916765568365484,brown
Q00872,MYBPC1,Young_Pre,1.3860645367412237,brown
Q00872,MYBPC1,Young_Post,-0.7864573005059025,brown
Q00872,MYBPC1,Old_Pre,-0.6743337207772672,brown
Q00872,MYBPC1,Old_Post,0.07472648454191268,brown
Q00G26,PLIN5,Young_Pre,-0.5322923374468972,turquoise
Q00G26,PLIN5,Young_Post,-0.9298100002925742,turquoise
Q00G26,PLIN5,Old_Pre,1.3568493023918944,turquoise
Q00G26,PLIN5,Old_Post,0.10525303534754299,turquoise
Q01082,SPTBN1,Young_Pre,-0.43021622476381693,blue
Q01082,SPTBN1,Young_Post,1.2623502767230608,blue
Q01082,SPTBN1,Old_Pre,-1.077566171327557,blue
Q01082,SPTBN1,Old_Post,0.24543211936837273,blue
Q01085,TIAL1,Young_Pre,-1.0166577988692589,turquoise
Q01085,TIAL1,Young_Post,-0.6553875849590871,turquoise
Q01085,TIAL1,Old_Pre,0.5723883327261419,turquoise
Q01085,TIAL1,Old_Post,1.0996570511022041,turquoise
Q01105,SET,Young_Pre,0.8213380363825684,red
Q01105,SET,Young_Post,-0.4532777665791829,red
Q01105,SET,Old_Pre,-1.196998277345546,red
Q01105,SET,Old_Post,0.8289380075421859,red
Q01469,FABP5,Young_Pre,-0.10545656516990287,turquoise
Q01469,FABP5,Young_Post,-1.297785999460228,turquoise
Q01469,FABP5,Old_Pre,1.10167475678611,turquoise
Q01469,FABP5,Old_Post,0.3015678078440208,turquoise
Q01484,ANK2,Young_Pre,1.4691771903003594,pink
Q01484,ANK2,Young_Post,-0.42290873460091855,pink
Q01484,ANK2,Old_Pre,-0.2830011970073383,pink
Q01484,ANK2,Old_Post,-0.7632672586923961,pink
Q01518,CAP1,Young_Pre,-0.9214861466897986,turquoise
Q01518,CAP1,Young_Post,-0.7424569472349662,turquoise
Q01518,CAP1,Old_Pre,0.5038956006851668,turquoise
Q01518,CAP1,Old_Post,1.1600474932395899,turquoise
Q01844,EWSR1,Young_Pre,-0.7658564964499348,turquoise
Q01844,EWSR1,Young_Post,-0.731151738363797,turquoise
Q01844,EWSR1,Old_Pre,1.3642817293671248,turquoise
Q01844,EWSR1,Old_Post,0.13272650544663472,turquoise
Q02218,OGDH,Young_Pre,-0.9781711034396597,pink
Q02218,OGDH,Young_Post,1.3970536464549033,pink
Q02218,OGDH,Old_Pre,-0.1664813547181113,pink
Q02218,OGDH,Old_Post,-0.2524011882973598,pink
Q02221,COX6A2,Young_Pre,1.300406956296367,green
Q02221,COX6A2,Young_Post,-0.009986092152607378,green
Q02221,COX6A2,Old_Pre,-1.1331904637692771,green
Q02221,COX6A2,Old_Post,-0.15723040037444894,green
Q02252,ALDH6A1,Young_Pre,-0.5008950541028987,turquoise
Q02252,ALDH6A1,Young_Post,-0.9567333702011458,turquoise
Q02252,ALDH6A1,Old_Pre,1.3498718147338045,turquoise
Q02252,ALDH6A1,Old_Post,0.10775660957025691,turquoise
Q02338,BDH1,Young_Pre,0.3071936923979693,turquoise
Q02338,BDH1,Young_Post,-1.1215481439645725,turquoise
Q02338,BDH1,Old_Pre,1.2184032145581167,turquoise
Q02338,BDH1,Old_Post,-0.40404876299151365,turquoise
Q02543,RPL18A,Young_Pre,1.1080588003482639,black
Q02543,RPL18A,Young_Post,0.5100524434741539,black
Q02543,RPL18A,Old_Pre,-1.1275757948865743,black
Q02543,RPL18A,Old_Post,-0.4905354489358766,black
Q02641,CACNB1,Young_Pre,1.1411232093182673,yellow
Q02641,CACNB1,Young_Post,-0.8722693800409345,yellow
Q02641,CACNB1,Old_Pre,0.5367074828702102,yellow
Q02641,CACNB1,Old_Post,-0.8055613121478122,yellow
Q02790,FKBP4,Young_Pre,-1.1545459938603022,turquoise
Q02790,FKBP4,Young_Post,-0.4671465291366157,turquoise
Q02790,FKBP4,Old_Pre,1.0695491304472866,turquoise
Q02790,FKBP4,Old_Post,0.5521433925496103,turquoise
Q02878,RPL6,Young_Pre,0.3710362806244595,black
Q02878,RPL6,Young_Post,1.1141986860047406,black
Q02878,RPL6,Old_Pre,-1.2515044616883164,black
Q02878,RPL6,Old_Post,-0.23373050494087036,black
Q02952,AKAP12,Young_Pre,-0.9479242858059534,blue
Q02952,AKAP12,Young_Post,0.1600885280926983,blue
Q02952,AKAP12,Old_Pre,-0.5456215351613991,blue
Q02952,AKAP12,Old_Post,1.3334572928746176,blue
Q02978,SLC25A11,Young_Pre,0.8484504722294971,magenta
Q02978,SLC25A11,Young_Post,0.8811955796054829,magenta
Q02978,SLC25A11,Old_Pre,-0.9272266089200604,magenta
Q02978,SLC25A11,Old_Post,-0.8024194429149296,magenta
Q03135,CAV1,Young_Pre,0.6544860873911366,green
Q03135,CAV1,Young_Post,-1.480181044894482,green
Q03135,CAV1,Old_Pre,0.5539608273820134,green
Q03135,CAV1,Old_Post,0.27173413012125647,green
Q03154,ACY1,Young_Pre,-1.084460729818406,pink
Q03154,ACY1,Young_Post,1.1396757918856766,pink
Q03154,ACY1,Old_Pre,-0.5392517742984272,pink
Q03154,ACY1,Old_Post,0.4840367122310913,pink
Q03252,LMNB2,Young_Pre,1.2568309643927225,brown
Q03252,LMNB2,Young_Post,-1.1908825609013314,brown
Q03252,LMNB2,Old_Pre,-0.03280519995382587,brown
Q03252,LMNB2,Old_Post,-0.0331432035375987,brown
Q04446,GBE1,Young_Pre,-0.6453179272334175,blue
Q04446,GBE1,Young_Post,1.2945291541912378,blue
Q04446,GBE1,Old_Pre,-0.9149535757588186,blue
Q04446,GBE1,Old_Post,0.26574234880093023,blue
Q04637,EIF4G1,Young_Pre,0.6221911585186464,yellow
Q04637,EIF4G1,Young_Post,0.7055196993629554,yellow
Q04637,EIF4G1,Old_Pre,0.12154639656112806,yellow
Q04637,EIF4G1,Old_Post,-1.4492572544427833,yellow
Q04759,PRKCQ,Young_Pre,0.6813877484329098,brown
Q04759,PRKCQ,Young_Post,0.9744607176614208,brown
Q04759,PRKCQ,Old_Pre,-0.4998846205864343,brown
Q04759,PRKCQ,Old_Post,-1.1559638455079273,brown
Q04760,GLO1,Young_Pre,0.8255859801944911,yellow
Q04760,GLO1,Young_Post,-1.0262853796209357,yellow
Q04760,GLO1,Old_Pre,0.8893382878491805,yellow
Q04760,GLO1,Old_Post,-0.6886388884227358,yellow
Q04828,AKR1C1,Young_Pre,-0.022150075882646714,blue
Q04828,AKR1C1,Young_Post,1.413306743589437,blue
Q04828,AKR1C1,Old_Pre,-0.8267556672812713,blue
Q04828,AKR1C1,Old_Post,-0.5644010004255074,blue
Q04837,SSBP1,Young_Pre,-1.1077483948846034,pink
Q04837,SSBP1,Young_Post,1.1652949796905254,pink
Q04837,SSBP1,Old_Pre,-0.4833749307783505,pink
Q04837,SSBP1,Old_Post,0.42582834597249053,pink
Q04917,YWHAH,Young_Pre,-1.4375803497329431,blue
Q04917,YWHAH,Young_Post,0.27057824908468026,blue
Q04917,YWHAH,Old_Pre,0.28416578868156417,blue
Q04917,YWHAH,Old_Post,0.8828363119666988,blue
Q05519,SRSF11,Young_Pre,1.1782113965443344,yellow
Q05519,SRSF11,Young_Post,0.4679512397452001,yellow
Q05519,SRSF11,Old_Pre,-0.6853972055602695,yellow
Q05519,SRSF11,Old_Post,-0.9607654307291416,yellow
Q05639,EEF1A2,Young_Pre,0.5753596008757857,magenta
Q05639,EEF1A2,Young_Post,1.1047878766798644,magenta
Q05639,EEF1A2,Old_Pre,-0.9760099445012563,magenta
Q05639,EEF1A2,Old_Post,-0.7041375330543795,magenta
Q05707,COL14A1,Young_Pre,-1.2889526182537658,red
Q05707,COL14A1,Young_Post,1.0879918768807963,red
Q05707,COL14A1,Old_Pre,-0.15902128051400002,red
Q05707,COL14A1,Old_Post,0.35998202188699757,red
Q06323,PSME1,Young_Pre,-1.1942222783632117,blue
Q06323,PSME1,Young_Post,1.138763425682324,blue
Q06323,PSME1,Old_Pre,-0.34342631456819417,blue
Q06323,PSME1,Old_Post,0.3988851672491046,blue
Q06432,CACNG1,Young_Pre,0.2951215443604173,yellow
Q06432,CACNG1,Young_Post,-0.9746194017757711,yellow
Q06432,CACNG1,Old_Pre,1.2703835580387892,yellow
Q06432,CACNG1,Old_Post,-0.5908857006234512,yellow
Q06830,PRDX1,Young_Pre,-0.893963213651547,yellow
Q06830,PRDX1,Young_Post,-0.21595063131966163,yellow
Q06830,PRDX1,Old_Pre,1.4319519982531517,yellow
Q06830,PRDX1,Old_Post,-0.3220381532819431,yellow
Q07020,RPL18,Young_Pre,-0.6431529106110669,black
Q07020,RPL18,Young_Post,0.020891051652581857,black
Q07020,RPL18,Old_Pre,-0.7825584658648069,black
Q07020,RPL18,Old_Post,1.404820324823314,black
Q07021,C1QBP,Young_Pre,1.2197978748671652,pink
Q07021,C1QBP,Young_Post,-0.12521841026138716,pink
Q07021,C1QBP,Old_Pre,-1.2171260526203356,pink
Q07021,C1QBP,Old_Post,0.12254658801451034,pink
Q07065,CKAP4,Young_Pre,-0.5194098724380152,blue
Q07065,CKAP4,Young_Post,1.2253971245110535,blue
Q07065,CKAP4,Old_Pre,-1.0527815480561644,blue
Q07065,CKAP4,Old_Post,0.34679429598312606,blue
Q07507,DPT,Young_Pre,1.4611218611208996,brown
Q07507,DPT,Young_Post,-0.4480207623057635,brown
Q07507,DPT,Old_Pre,-0.7815172612904118,brown
Q07507,DPT,Old_Post,-0.23158383752476364,brown
Q07866,KLC1,Young_Pre,-0.9775341707083386,blue
Q07866,KLC1,Young_Post,0.052516686382239663,blue
Q07866,KLC1,Old_Pre,-0.43577859204417624,blue
Q07866,KLC1,Old_Post,1.3607960763703668,blue
Q07955,SRSF1,Young_Pre,-0.2741482037751257,black
Q07955,SRSF1,Young_Post,-1.2853218225760101,black
Q07955,SRSF1,Old_Pre,0.6111865138751236,black
Q07955,SRSF1,Old_Post,0.9482835124760575,black
Q07960,ARHGAP1,Young_Pre,0.25488267747965904,blue
Q07960,ARHGAP1,Young_Post,1.1372894100713122,blue
Q07960,ARHGAP1,Old_Pre,-1.2759722644181357,blue
Q07960,ARHGAP1,Old_Post,-0.11619982313283568,blue
Q08043,ACTN3,Young_Pre,1.2520107774738882,brown
Q08043,ACTN3,Young_Post,0.3612115924895867,brown
Q08043,ACTN3,Old_Pre,-0.7872205807483649,brown
Q08043,ACTN3,Old_Post,-0.8260017892151168,brown
Q08209,PPP3CA,Young_Pre,1.485607270085236,yellow
Q08209,PPP3CA,Young_Post,-0.6820872939755654,yellow
Q08209,PPP3CA,Old_Pre,-0.3522332959427295,yellow
Q08209,PPP3CA,Old_Post,-0.45128668016716883,yellow
Q08211,DHX9,Young_Pre,-0.8568530000633695,black
Q08211,DHX9,Young_Post,1.4434419125253708,black
Q08211,DHX9,Old_Pre,-0.36483152821430737,black
Q08211,DHX9,Old_Post,-0.22175738424755026,black
Q08357,SLC20A2,Young_Pre,1.1408854285371912,brown
Q08357,SLC20A2,Young_Post,-1.2963653705252025,brown
Q08357,SLC20A2,Old_Pre,0.13126687485676058,brown
Q08357,SLC20A2,Old_Post,0.024213067131277063,brown
Q08623,PUDP,Young_Pre,0.26208615265537477,yellow
Q08623,PUDP,Young_Post,-1.4582373938987316,yellow
Q08623,PUDP,Old_Pre,0.8095769866429111,yellow
Q08623,PUDP,Old_Post,0.3865742546004869,yellow
Q08752,PPID,Young_Pre,-0.1457826059567375,turquoise
Q08752,PPID,Young_Post,-1.3298360778533231,turquoise
Q08752,PPID,Old_Pre,0.9843435056993716,turquoise
Q08752,PPID,Old_Post,0.4912751781106229,turquoise
Q09666,AHNAK,Young_Pre,0.3956621572461978,black
Q09666,AHNAK,Young_Post,1.2317210503683949,black
Q09666,AHNAK,Old_Pre,-0.8463003387547096,black
Q09666,AHNAK,Old_Post,-0.7810828688598456,black
Q0VAK6,LMOD3,Young_Pre,0.4382927364291454,brown
Q0VAK6,LMOD3,Young_Post,1.2015124990167039,brown
Q0VAK6,LMOD3,Old_Pre,-0.9193676537966674,brown
Q0VAK6,LMOD3,Old_Post,-0.7204375816491656,brown
Q0VDF9,HSPA14,Young_Pre,0.8052862404969967,yellow
Q0VDF9,HSPA14,Young_Post,-0.08577303564798433,yellow
Q0VDF9,HSPA14,Old_Pre,-1.3808607673474023,yellow
Q0VDF9,HSPA14,Old_Post,0.661347562498484,yellow
Q0VDG4,SCRN3,Young_Pre,1.0903670411621265,brown
Q0VDG4,SCRN3,Young_Post,0.5637324962279182,brown
Q0VDG4,SCRN3,Old_Pre,-0.5767671799607671,brown
Q0VDG4,SCRN3,Old_Post,-1.0773323574292633,brown
Q0ZGT2,NEXN,Young_Pre,0.8784595646183171,black
Q0ZGT2,NEXN,Young_Post,0.685564698925763,black
Q0ZGT2,NEXN,Old_Pre,-1.2993243626539952,black
Q0ZGT2,NEXN,Old_Post,-0.2646999008900717,black
Q10567,AP1B1,Young_Pre,0.16650195372046814,blue
Q10567,AP1B1,Young_Post,1.1477421833512016,blue
Q10567,AP1B1,Old_Pre,-1.2861475664490174,blue
Q10567,AP1B1,Old_Post,-0.02809657062265242,blue
Q10589,BST2,Young_Pre,0.17770791375505224,green
Q10589,BST2,Young_Post,-1.4112897029331457,green
Q10589,BST2,Old_Pre,0.9452869040684525,green
Q10589,BST2,Old_Post,0.2882948851096409,green
Q12846,STX4,Young_Pre,0.5457318799312257,yellow
Q12846,STX4,Young_Post,-0.0743228899307367,yellow
Q12846,STX4,Old_Pre,0.9012958579751456,yellow
Q12846,STX4,Old_Post,-1.372704847975675,yellow
Q12904,AIMP1,Young_Pre,-1.4735269681025924,red
Q12904,AIMP1,Young_Post,0.30497794203508594,red
Q12904,AIMP1,Old_Pre,0.42155801727376957,red
Q12904,AIMP1,Old_Post,0.746991008793703,red
Q12906,ILF3,Young_Pre,-1.283931790441766,brown
Q12906,ILF3,Young_Post,1.0766310114271103,brown
Q12906,ILF3,Old_Pre,-0.18866623355433731,brown
Q12906,ILF3,Old_Post,0.39596701256905126,brown
Q12931,TRAP1,Young_Pre,-0.9638075076259993,turquoise
Q12931,TRAP1,Young_Post,-0.7341453011242753,turquoise
Q12931,TRAP1,Old_Pre,1.0617954527582056,turquoise
Q12931,TRAP1,Old_Post,0.6361573559921343,turquoise
Q12955,ANK3,Young_Pre,-1.4230661496719186,purple
Q12955,ANK3,Young_Post,0.1330910003829644,purple
Q12955,ANK3,Old_Pre,0.8951391051047022,purple
Q12955,ANK3,Old_Post,0.39483604418461493,purple
Q12988,HSPB3,Young_Pre,-0.06824448371871032,blue
Q12988,HSPB3,Young_Post,1.385360030917511,blue
Q12988,HSPB3,Old_Pre,-0.9816085380636047,blue
Q12988,HSPB3,Old_Post,-0.33550700913517834,blue
Q13011,ECH1,Young_Pre,-1.2104310153133657,turquoise
Q13011,ECH1,Young_Post,-0.42911393578538864,turquoise
Q13011,ECH1,Old_Pre,0.8774966643506049,turquoise
Q13011,ECH1,Old_Post,0.7620482867481496,turquoise
Q13033,STRN3,Young_Pre,0.4018346986471339,blue
Q13033,STRN3,Young_Post,1.190452724444889,blue
Q13033,STRN3,Old_Pre,-0.5189600477449212,blue
Q13033,STRN3,Old_Post,-1.0733273753471018,blue
Q13057,COASY,Young_Pre,1.4268687852269921,yellow
Q13057,COASY,Young_Post,-0.20819611484229608,yellow
Q13057,COASY,Old_Pre,-0.31090853090932913,yellow
Q13057,COASY,Old_Post,-0.9077641394752406,yellow
Q13061,TRDN,Young_Pre,0.6907214104581785,black
Q13061,TRDN,Young_Post,0.9948373267374289,black
Q13061,TRDN,Old_Pre,-1.0801066723329258,black
Q13061,TRDN,Old_Post,-0.6054520648626817,black
Q13085,ACACA,Young_Pre,-0.17326881930337154,blue
Q13085,ACACA,Young_Post,1.4624846639424738,blue
Q13085,ACACA,Old_Pre,-0.650843985020829,blue
Q13085,ACACA,Old_Post,-0.6383718596182734,blue
Q13148,TARDBP,Young_Pre,-1.2510950596267265,turquoise
Q13148,TARDBP,Young_Post,-0.35410253987585727,turquoise
Q13148,TARDBP,Old_Pre,0.7000247379554803,turquoise
Q13148,TARDBP,Old_Post,0.9051728615471334,turquoise
Q13155,AIMP2,Young_Pre,-0.3012748200674929,pink
Q13155,AIMP2,Young_Post,1.4684113011249964,pink
Q13155,AIMP2,Old_Pre,-0.39396609020605483,pink
Q13155,AIMP2,Old_Post,-0.7731703908514925,pink
Q13162,PRDX4,Young_Pre,0.39795001718120104,red
Q13162,PRDX4,Young_Post,1.0153035102082508,red
Q13162,PRDX4,Old_Pre,-1.343867612842408,red
Q13162,PRDX4,Old_Post,-0.06938591454707296,red
Q13200,PSMD2,Young_Pre,0.44605350471182903,red
Q13200,PSMD2,Young_Post,1.1505283265860473,red
Q13200,PSMD2,Old_Pre,-1.1167120743697916,red
Q13200,PSMD2,Old_Post,-0.47986975692798156,red
Q13203,MYBPH,Young_Pre,0.27468077450920664,brown
Q13203,MYBPH,Young_Post,1.1811965616503055,brown
Q13203,MYBPH,Old_Pre,-1.2124671738918804,brown
Q13203,MYBPH,Old_Post,-0.2434101622676318,brown
Q13228,SELENBP1,Young_Pre,-0.5594326886755244,turquoise
Q13228,SELENBP1,Young_Post,-1.0559840835633987,turquoise
Q13228,SELENBP1,Old_Pre,1.17318547711602,turquoise
Q13228,SELENBP1,Old_Post,0.44223129512292386,turquoise
Q13283,G3BP1,Young_Pre,0.5519238091348829,black
Q13283,G3BP1,Young_Post,0.12510493299413983,black
Q13283,G3BP1,Old_Pre,-1.4454346269583287,black
Q13283,G3BP1,Old_Post,0.7684058848293726,black
Q13310,PABPC4,Young_Pre,-0.21994218306585758,green
Q13310,PABPC4,Young_Post,-1.3164296843004117,green
Q13310,PABPC4,Old_Pre,0.6295874759288194,green
Q13310,PABPC4,Old_Post,0.9067843914374142,green
Q13326,SGCG,Young_Pre,1.204452770739129,yellow
Q13326,SGCG,Young_Post,-0.3347040851158369,yellow
Q13326,SGCG,Old_Pre,0.29280529493897317,yellow
Q13326,SGCG,Old_Post,-1.1625539805623248,yellow
Q13347,EIF3I,Young_Pre,0.20031083705604158,purple
Q13347,EIF3I,Young_Post,1.2060103077265953,purple
Q13347,EIF3I,Old_Pre,-1.2113658090249841,purple
Q13347,EIF3I,Old_Post,-0.19495533575759308,purple
Q13409,DYNC1I2,Young_Pre,-0.2056050739884605,blue
Q13409,DYNC1I2,Young_Post,1.4492263635760358,blue
Q13409,DYNC1I2,Old_Pre,-0.8269600351276065,blue
Q13409,DYNC1I2,Old_Post,-0.4166612544599361,blue
Q13423,NNT,Young_Pre,-1.17793742383,turquoise
Q13423,NNT,Young_Post,-0.4253369997682016,turquoise
Q13423,NNT,Old_Pre,0.5311677833170682,turquoise
Q13423,NNT,Old_Post,1.0721066402811612,turquoise
Q13424,SNTA1,Young_Pre,1.0057496368463283,magenta
Q13424,SNTA1,Young_Post,0.7041826112932197,magenta
Q13424,SNTA1,Old_Pre,-0.9787812510170044,magenta
Q13424,SNTA1,Old_Post,-0.7311509971225701,magenta
Q13425,SNTB2,Young_Pre,0.8894968932530909,brown
Q13425,SNTB2,Young_Post,0.5897798910802123,brown
Q13425,SNTB2,Old_Pre,-0.12043525318998374,brown
Q13425,SNTB2,Old_Post,-1.358841531143193,brown
Q13435,SF3B2,Young_Pre,-0.9326025399141127,turquoise
Q13435,SF3B2,Young_Post,-0.7863972753879821,turquoise
Q13435,SF3B2,Old_Pre,0.7284433448551946,turquoise
Q13435,SF3B2,Old_Post,0.9905564704469304,turquoise
Q13442,PDAP1,Young_Pre,-1.0691183212228934,black
Q13442,PDAP1,Young_Post,0.18604392326646085,black
Q13442,PDAP1,Old_Pre,1.2878419542756292,black
Q13442,PDAP1,Old_Post,-0.4047675563192951,black
Q13445,TMED1,Young_Pre,0.7133150607393075,blue
Q13445,TMED1,Young_Post,1.003128214867073,blue
Q13445,TMED1,Old_Pre,-0.9351197830113029,blue
Q13445,TMED1,Old_Post,-0.7813234925950776,blue
Q13451,FKBP5,Young_Pre,-0.28695135632884755,turquoise
Q13451,FKBP5,Young_Post,-1.167989172357707,turquoise
Q13451,FKBP5,Old_Pre,1.2249811895242415,turquoise
Q13451,FKBP5,Old_Post,0.22995933916231304,turquoise
Q13492,PICALM,Young_Pre,-1.4451236492018975,pink
Q13492,PICALM,Young_Post,0.6412447129583213,pink
Q13492,PICALM,Old_Pre,0.10418773886380436,pink
Q13492,PICALM,Old_Post,0.6996911973798434,pink
Q13505,MTX1,Young_Pre,1.1155737803509407,pink
Q13505,MTX1,Young_Post,0.5303215129370105,pink
Q13505,MTX1,Old_Pre,-1.067660310063623,pink
Q13505,MTX1,Old_Post,-0.578234983224432,pink
Q13508,ART3,Young_Pre,0.4959828302702821,yellow
Q13508,ART3,Young_Post,-1.3413348561424354,yellow
Q13508,ART3,Old_Pre,0.9692616932970578,yellow
Q13508,ART3,Old_Post,-0.1239096674249135,yellow
Q13526,PIN1,Young_Pre,0.7352118093958638,yellow
Q13526,PIN1,Young_Post,0.8759472231452586,yellow
Q13526,PIN1,Old_Pre,-1.249574642099408,yellow
Q13526,PIN1,Old_Post,-0.3615843904417146,yellow
Q13554,CAMK2B,Young_Pre,0.0833332761963949,purple
Q13554,CAMK2B,Young_Post,0.5110597398168212,purple
Q13554,CAMK2B,Old_Pre,-1.4275110612780146,purple
Q13554,CAMK2B,Old_Post,0.833118045264688,purple
Q13555,CAMK2G,Young_Pre,0.8422178623865982,purple
Q13555,CAMK2G,Young_Post,0.8868876562738768,purple
Q13555,CAMK2G,Old_Pre,-0.7967426933557679,purple
Q13555,CAMK2G,Old_Post,-0.9323628253047073,purple
Q13557,CAMK2D,Young_Pre,0.0702397997469276,purple
Q13557,CAMK2D,Young_Post,1.1200145475881707,purple
Q13557,CAMK2D,Old_Pre,-1.3135563900999436,purple
Q13557,CAMK2D,Old_Post,0.12330204276483595,purple
Q13561,DCTN2,Young_Pre,-0.900158899521517,purple
Q13561,DCTN2,Young_Post,1.2366898245921956,purple
Q13561,DCTN2,Old_Pre,-0.7176677293662186,purple
Q13561,DCTN2,Old_Post,0.3811368042956129,purple
Q13564,NAE1,Young_Pre,-0.15685683627616304,turquoise
Q13564,NAE1,Young_Post,-1.1710648569187025,turquoise
Q13564,NAE1,Old_Pre,1.2649246650485304,turquoise
Q13564,NAE1,Old_Post,0.06299702814637473,turquoise
Q13586,STIM1,Young_Pre,0.31189749817694473,purple
Q13586,STIM1,Young_Post,1.2742914674021568,purple
Q13586,STIM1,Old_Pre,-0.8953282577233096,purple
Q13586,STIM1,Old_Post,-0.690860707855906,purple
Q13619,CUL4A,Young_Pre,-0.5865518220188827,turquoise
Q13619,CUL4A,Young_Post,-1.001791558412597,turquoise
Q13619,CUL4A,Old_Pre,1.2362990963439617,turquoise
Q13619,CUL4A,Old_Post,0.3520442840875178,turquoise
Q13642,FHL1,Young_Pre,-0.4902254409018442,blue
Q13642,FHL1,Young_Post,1.2066547807359116,blue
Q13642,FHL1,Old_Pre,-1.0817572594486462,blue
Q13642,FHL1,Old_Post,0.36532791961457867,blue
Q13643,FHL3,Young_Pre,1.0364952994991066,brown
Q13643,FHL3,Young_Post,0.6046534641094723,brown
Q13643,FHL3,Old_Pre,-0.49393463352668354,brown
Q13643,FHL3,Old_Post,-1.1472141300818839,brown
Q13683,ITGA7,Young_Pre,0.03830785427304975,brown
Q13683,ITGA7,Young_Post,-0.9960060036383221,brown
Q13683,ITGA7,Old_Pre,1.3585966738179243,brown
Q13683,ITGA7,Old_Post,-0.4008985244526179,brown
Q13698,CACNA1S,Young_Pre,1.0642181222750144,magenta
Q13698,CACNA1S,Young_Post,0.49418087255899057,magenta
Q13698,CACNA1S,Old_Pre,-0.3270262231799554,magenta
Q13698,CACNA1S,Old_Post,-1.231372771654031,magenta
Q13724,MOGS,Young_Pre,1.231309987326721,green
Q13724,MOGS,Young_Post,-0.18454784501423283,green
Q13724,MOGS,Old_Pre,0.14817023616165478,green
Q13724,MOGS,Old_Post,-1.194932378474143,green
Q13813,SPTAN1,Young_Pre,-0.1458939744113019,blue
Q13813,SPTAN1,Young_Post,1.3986063179374122,blue
Q13813,SPTAN1,Old_Pre,-0.9712990712730337,blue
Q13813,SPTAN1,Old_Post,-0.28141327225305257,blue
Q13825,AUH,Young_Pre,-0.8020444772177466,pink
Q13825,AUH,Young_Post,-0.91839117565573,pink
Q13825,AUH,Old_Pre,0.7311192454930608,pink
Q13825,AUH,Old_Post,0.9893164073802954,pink
Q13884,SNTB1,Young_Pre,1.4581459856651053,yellow
Q13884,SNTB1,Young_Post,-0.7592170907101289,yellow
Q13884,SNTB1,Old_Pre,-0.18644774041837855,yellow
Q13884,SNTB1,Old_Post,-0.5124811545366981,yellow
Q13885,TUBB2A,Young_Pre,-1.1449896268260569,blue
Q13885,TUBB2A,Young_Post,1.1104998213036088,blue
Q13885,TUBB2A,Old_Pre,-0.4598264378173581,blue
Q13885,TUBB2A,Old_Post,0.49431624333980617,blue
Q13907,IDI1,Young_Pre,-0.6610228527256474,turquoise
Q13907,IDI1,Young_Post,-0.9749833721965402,turquoise
Q13907,IDI1,Old_Pre,1.1882719527127514,turquoise
Q13907,IDI1,Old_Post,0.4477342722094591,turquoise
Q13976,PRKG1,Young_Pre,0.7891441251083327,brown
Q13976,PRKG1,Young_Post,0.7047747636471088,brown
Q13976,PRKG1,Old_Pre,-0.12863620397551104,brown
Q13976,PRKG1,Old_Post,-1.3652826847799457,brown
Q14061,COX17,Young_Pre,1.2933515686694492,green
Q14061,COX17,Young_Post,0.05191083225712476,green
Q14061,COX17,Old_Pre,-0.21454740810585154,green
Q14061,COX17,Old_Post,-1.1307149928207851,green
Q14108,SCARB2,Young_Pre,-0.8706348633421827,yellow
Q14108,SCARB2,Young_Post,0.9429238617088185,yellow
Q14108,SCARB2,Old_Pre,0.7855235226208072,yellow
Q14108,SCARB2,Old_Post,-0.8578125209873461,yellow
Q14112,NID2,Young_Pre,0.5123038827849623,brown
Q14112,NID2,Young_Post,-1.4950087126028595,brown
Q14112,NID2,Old_Pre,0.3922582938640332,brown
Q14112,NID2,Old_Post,0.5904465359538242,brown
Q14116,IL18,Young_Pre,-0.1610228430069346,blue
Q14116,IL18,Young_Post,1.4494376621792031,blue
Q14116,IL18,Old_Pre,-0.7911695379646864,blue
Q14116,IL18,Old_Post,-0.4972452812075702,blue
Q14118,DAG1,Young_Pre,1.1533122153412338,red
Q14118,DAG1,Young_Post,-0.4882785089495564,red
Q14118,DAG1,Old_Pre,0.44540348858877366,red
Q14118,DAG1,Old_Post,-1.1104371949802672,red
Q14152,EIF3A,Young_Pre,1.415260373657195,purple
Q14152,EIF3A,Young_Post,-0.3877011570554897,purple
Q14152,EIF3A,Old_Pre,-0.9130207107452127,purple
Q14152,EIF3A,Old_Post,-0.11453850585649243,purple
Q14157,UBAP2L,Young_Pre,0.704031777702386,black
Q14157,UBAP2L,Young_Post,0.4181231959212586,black
Q14157,UBAP2L,Old_Pre,-1.4830038278509672,black
Q14157,UBAP2L,Old_Post,0.3608488542273484,black
Q14165,MLEC,Young_Pre,0.9599769494585527,magenta
Q14165,MLEC,Young_Post,0.7663971925792392,magenta
Q14165,MLEC,Old_Pre,-0.8420238887607228,magenta
Q14165,MLEC,Old_Post,-0.8843502532770497,magenta
Q14203,DCTN1,Young_Pre,-1.1589812216045863,blue
Q14203,DCTN1,Young_Post,1.1946114098994431,blue
Q14203,DCTN1,Old_Pre,-0.35621674318818386,blue
Q14203,DCTN1,Old_Post,0.32058655489338456,blue
Q14204,DYNC1H1,Young_Pre,-0.09461241169887487,blue
Q14204,DYNC1H1,Young_Post,1.4185384118773248,blue
Q14204,DYNC1H1,Old_Pre,-0.8882451675338212,blue
Q14204,DYNC1H1,Old_Post,-0.4356808326446017,blue
Q14232,EIF2B1,Young_Pre,0.3733842143501874,blue
Q14232,EIF2B1,Young_Post,1.243227504586788,blue
Q14232,EIF2B1,Old_Pre,-0.8725432139079393,blue
Q14232,EIF2B1,Old_Post,-0.7440685050290764,blue
Q14240,EIF4A2,Young_Pre,-0.34544593004358676,red
Q14240,EIF4A2,Young_Post,-0.9880868221815845,red
Q14240,EIF4A2,Old_Pre,-0.04569300540291402,red
Q14240,EIF4A2,Old_Post,1.3792257576280498,red
Q14249,ENDOG,Young_Pre,0.13686561964917726,pink
Q14249,ENDOG,Young_Post,1.361778186640839,pink
Q14249,ENDOG,Old_Pre,-0.7932613130268088,pink
Q14249,ENDOG,Old_Post,-0.7053824932632073,pink
Q14315,FLNC,Young_Pre,0.35769375990485247,blue
Q14315,FLNC,Young_Post,1.2374964408717866,blue
Q14315,FLNC,Old_Pre,-0.9824488867004895,blue
Q14315,FLNC,Old_Post,-0.6127413140761434,blue
Q14324,MYBPC2,Young_Pre,1.098308154712648,brown
Q14324,MYBPC2,Young_Post,0.5869434003449663,brown
Q14324,MYBPC2,Old_Pre,-0.9634153469691732,brown
Q14324,MYBPC2,Old_Post,-0.7218362080884103,brown
Q14444,CAPRIN1,Young_Pre,1.2796489806444462,black
Q14444,CAPRIN1,Young_Post,0.14682491317260196,black
Q14444,CAPRIN1,Old_Pre,-1.1154353098693344,black
Q14444,CAPRIN1,Old_Post,-0.3110385839476997,black
Q14558,PRPSAP1,Young_Pre,0.804480801921508,red
Q14558,PRPSAP1,Young_Post,0.8995947911035185,red
Q14558,PRPSAP1,Old_Pre,-0.638024902289587,red
Q14558,PRPSAP1,Old_Post,-1.0660506907354395,red
Q14697,GANAB,Young_Pre,-1.4714919491716354,blue
Q14697,GANAB,Young_Post,0.6384588036657362,blue
Q14697,GANAB,Old_Pre,0.6166536367729192,blue
Q14697,GANAB,Old_Post,0.2163795087329455,blue
Q14714,SSPN,Young_Pre,0.8693883352620024,brown
Q14714,SSPN,Young_Post,0.4634771523600375,brown
Q14714,SSPN,Old_Pre,0.08891076999700989,brown
Q14714,SSPN,Old_Post,-1.4217762576190156,brown
Q14764,MVP,Young_Pre,-0.15426846582394388,black
Q14764,MVP,Young_Post,0.7797573258780179,black
Q14764,MVP,Old_Pre,-1.3549923842504907,black
Q14764,MVP,Old_Post,0.729503524196463,black
Q14847,LASP1,Young_Pre,0.1444032088467431,black
Q14847,LASP1,Young_Post,-1.237668715847979,black
Q14847,LASP1,Old_Pre,-0.10517593341857404,black
Q14847,LASP1,Old_Post,1.19844144041981,black
Q14914,PTGR1,Young_Pre,0.41665832301649763,pink
Q14914,PTGR1,Young_Post,0.9214235441522728,pink
Q14914,PTGR1,Old_Pre,-1.404616542383378,pink
Q14914,PTGR1,Old_Post,0.06653467521456927,pink
Q14974,KPNB1,Young_Pre,0.28855693533421367,blue
Q14974,KPNB1,Young_Post,1.291403634816996,blue
Q14974,KPNB1,Old_Pre,-0.8108829815013255,blue
Q14974,KPNB1,Old_Post,-0.7690775886498696,blue
Q14997,PSME4,Young_Pre,0.05109239759601288,blue
Q14997,PSME4,Young_Post,1.394599771436529,blue
Q14997,PSME4,Old_Pre,-0.7839530424509595,blue
Q14997,PSME4,Old_Post,-0.6617391265815824,blue
Q14BN4,SLMAP,Young_Pre,-1.177224037249193,blue
Q14BN4,SLMAP,Young_Post,1.239555074258549,blue
Q14BN4,SLMAP,Old_Pre,-0.22572168637817605,blue
Q14BN4,SLMAP,Old_Post,0.1633906493688827,blue
Q15006,EMC2,Young_Pre,0.8339076748058064,brown
Q15006,EMC2,Young_Post,0.8784346663568005,brown
Q15006,EMC2,Old_Pre,-1.0390541662007313,brown
Q15006,EMC2,Old_Post,-0.6732881749618757,brown
Q15008,PSMD6,Young_Pre,0.52607442189215,magenta
Q15008,PSMD6,Young_Post,1.1399054423004602,magenta
Q15008,PSMD6,Old_Pre,-0.6986083275198653,magenta
Q15008,PSMD6,Old_Post,-0.9673715366727144,magenta
Q15046,KARS1,Young_Pre,-0.15880458028359265,red
Q15046,KARS1,Young_Post,0.14169395447668254,red
Q15046,KARS1,Old_Pre,1.2239888861167676,red
Q15046,KARS1,Old_Post,-1.206878260309774,red
Q15075,EEA1,Young_Pre,0.06366778798089229,blue
Q15075,EEA1,Young_Post,1.3886347176389127,blue
Q15075,EEA1,Old_Pre,-0.8069248556352139,blue
Q15075,EEA1,Old_Post,-0.6453776499845701,blue
Q15102,PAFAH1B3,Young_Pre,-0.5108831923935009,yellow
Q15102,PAFAH1B3,Young_Post,-1.1332581728715267,yellow
Q15102,PAFAH1B3,Old_Pre,1.0491432072384281,yellow
Q15102,PAFAH1B3,Old_Post,0.5949981580267106,yellow
Q15118,PDK1,Young_Pre,0.8596889250077692,green
Q15118,PDK1,Young_Post,-1.0322092253346826,green
Q15118,PDK1,Old_Pre,0.8545691506119738,green
Q15118,PDK1,Old_Post,-0.6820488502851461,green
Q15119,PDK2,Young_Pre,1.145902550237756,turquoise
Q15119,PDK2,Young_Post,-1.1424802445595204,turquoise
Q15119,PDK2,Old_Pre,0.4351185508566148,turquoise
Q15119,PDK2,Old_Post,-0.43854085653478697,turquoise
Q15121,PEA15,Young_Pre,0.5003156808860189,blue
Q15121,PEA15,Young_Post,1.1331137289631583,blue
Q15121,PEA15,Old_Pre,-0.5601102639902008,blue
Q15121,PEA15,Old_Post,-1.0733191458590468,blue
Q15124,PGM5,Young_Pre,-0.5474251919945794,green
Q15124,PGM5,Young_Post,-1.1283265715371489,green
Q15124,PGM5,Old_Pre,0.9454231286926379,green
Q15124,PGM5,Old_Post,0.7303286348391009,green
Q15149,PLEC,Young_Pre,0.6637630333728534,brown
Q15149,PLEC,Young_Post,1.0398220721935096,brown
Q15149,PLEC,Old_Pre,-0.735414746150956,brown
Q15149,PLEC,Old_Post,-0.9681703594154226,brown
Q15172,PPP2R5A,Young_Pre,1.4875260832537742,brown
Q15172,PPP2R5A,Young_Post,-0.46854283049343953,brown
Q15172,PPP2R5A,Old_Pre,-0.35365463954783105,brown
Q15172,PPP2R5A,Old_Post,-0.6653286132124299,brown
Q15181,PPA1,Young_Pre,-1.0848274684757917,turquoise
Q15181,PPA1,Young_Post,-0.5903262978298137,turquoise
Q15181,PPA1,Old_Pre,1.0267780397917412,turquoise
Q15181,PPA1,Old_Post,0.648375726513864,turquoise
Q15185,PTGES3,Young_Pre,-0.4061332829185278,red
Q15185,PTGES3,Young_Post,-1.1795726285030304,red
Q15185,PTGES3,Old_Pre,1.09816636176566,red
Q15185,PTGES3,Old_Post,0.4875395496558658,red
Q15223,NECTIN1,Young_Pre,-0.9739338635103497,brown
Q15223,NECTIN1,Young_Post,-0.7449623465423835,brown
Q15223,NECTIN1,Old_Pre,0.9573813508500408,brown
Q15223,NECTIN1,Old_Post,0.7615148592026424,brown
Q15233,NONO,Young_Pre,0.12790199930752352,black
Q15233,NONO,Young_Post,-1.421419418878925,black
Q15233,NONO,Old_Pre,0.3951496312136933,black
Q15233,NONO,Old_Post,0.8983677883577083,black
Q15276,RABEP1,Young_Pre,0.0971096187127658,blue
Q15276,RABEP1,Young_Post,1.3686231774268436,blue
Q15276,RABEP1,Old_Pre,-0.8799276188655877,blue
Q15276,RABEP1,Old_Post,-0.5858051772740218,blue
Q15286,RAB35,Young_Pre,0.317695385345933,brown
Q15286,RAB35,Young_Post,0.8357919376107431,brown
Q15286,RAB35,Old_Pre,-1.4528871933964564,brown
Q15286,RAB35,Old_Post,0.2993998704397625,brown
Q15363,TMED2,Young_Pre,0.9305229725532564,red
Q15363,TMED2,Young_Post,0.778772367397157,red
Q15363,TMED2,Old_Pre,-1.0373979336428407,red
Q15363,TMED2,Old_Post,-0.6718974063075727,red
Q15369,ELOC,Young_Pre,0.7579628217768263,brown
Q15369,ELOC,Young_Post,0.8230113095637815,brown
Q15369,ELOC,Old_Pre,-1.2896890003370693,brown
Q15369,ELOC,Old_Post,-0.29128513100361114,brown
Q15370,ELOB,Young_Pre,1.0079758533951495,brown
Q15370,ELOB,Young_Post,0.6808622611343454,brown
Q15370,ELOB,Old_Pre,-1.061587392654114,brown
Q15370,ELOB,Old_Post,-0.6272507218753809,brown
Q15404,RSU1,Young_Pre,-0.4614501454269557,turquoise
Q15404,RSU1,Young_Post,-1.1708895675996573,turquoise
Q15404,RSU1,Old_Pre,1.0208829660225018,turquoise
Q15404,RSU1,Old_Post,0.611456747004093,turquoise
Q15555,MAPRE2,Young_Pre,1.0670944295627096,yellow
Q15555,MAPRE2,Young_Post,0.4830612311528294,yellow
Q15555,MAPRE2,Old_Pre,-0.31330405504721043,yellow
Q15555,MAPRE2,Old_Post,-1.2368516056683285,yellow
Q15631,TSN,Young_Pre,0.04194827967147748,yellow
Q15631,TSN,Young_Post,-1.19743512340954,yellow
Q15631,TSN,Old_Pre,1.2473756134607716,yellow
Q15631,TSN,Old_Post,-0.0918887697226741,yellow
Q15637,SF1,Young_Pre,0.4947179500720926,green
Q15637,SF1,Young_Post,-1.4724542725493726,green
Q15637,SF1,Old_Pre,0.2552569382828548,green
Q15637,SF1,Old_Post,0.7224793841944744,green
Q15642,TRIP10,Young_Pre,-1.2925867594446538,red
Q15642,TRIP10,Young_Post,-0.18740840998212588,red
Q15642,TRIP10,Old_Pre,1.0553582563363817,red
Q15642,TRIP10,Old_Post,0.4246369130904337,red
Q15691,MAPRE1,Young_Pre,0.4962341668173568,blue
Q15691,MAPRE1,Young_Post,1.1245494594671688,blue
Q15691,MAPRE1,Old_Pre,-1.1067618380090793,blue
Q15691,MAPRE1,Old_Post,-0.5140217882755035,blue
Q15717,ELAVL1,Young_Pre,1.3441394047512267,brown
Q15717,ELAVL1,Young_Post,-0.7666377092761792,brown
Q15717,ELAVL1,Old_Pre,0.17965163900456607,brown
Q15717,ELAVL1,Old_Post,-0.757153334479723,brown
Q15746,MYLK,Young_Pre,1.1086402542588762,yellow
Q15746,MYLK,Young_Post,-0.47449020058531033,yellow
Q15746,MYLK,Old_Pre,0.5028953052174533,yellow
Q15746,MYLK,Old_Post,-1.1370453588910034,yellow
Q15772,SPEG,Young_Pre,0.6889622532091902,brown
Q15772,SPEG,Young_Post,1.0217642704900731,brown
Q15772,SPEG,Old_Pre,-0.7603996641958226,brown
Q15772,SPEG,Old_Post,-0.9503268595034474,brown
Q15819,UBE2V2,Young_Pre,0.7697843801087053,yellow
Q15819,UBE2V2,Young_Post,-1.063390993124236,yellow
Q15819,UBE2V2,Old_Pre,0.932146919927902,yellow
Q15819,UBE2V2,Old_Post,-0.6385403069124393,yellow
Q15843,NEDD8,Young_Pre,-0.695453472473031,red
Q15843,NEDD8,Young_Post,-0.8732572497703691,red
Q15843,NEDD8,Old_Pre,0.2728186672726717,red
Q15843,NEDD8,Old_Post,1.2958920549707285,red
Q15848,ADIPOQ,Young_Pre,-1.1757100781267094,turquoise
Q15848,ADIPOQ,Young_Post,-0.2589659298589993,turquoise
Q15848,ADIPOQ,Old_Pre,1.227972332753972,turquoise
Q15848,ADIPOQ,Old_Post,0.2067036752317646,turquoise
Q15942,ZYX,Young_Pre,0.4702554232729595,black
Q15942,ZYX,Young_Post,0.9486642929407535,black
Q15942,ZYX,Old_Pre,-1.369849635303473,black
Q15942,ZYX,Old_Post,-0.04907008091018954,black
Q16082,HSPB2,Young_Pre,-0.09506953124337882,blue
Q16082,HSPB2,Young_Post,1.3074516711026032,blue
Q16082,HSPB2,Old_Pre,-1.1289705097679448,blue
Q16082,HSPB2,Old_Post,-0.08341163009126543,blue
Q16134,ETFDH,Young_Pre,-1.470519683426798,turquoise
Q16134,ETFDH,Young_Post,0.6119458781330224,turquoise
Q16134,ETFDH,Old_Pre,0.6466801101328127,turquoise
Q16134,ETFDH,Old_Post,0.21189369516096299,turquoise
Q16531,DDB1,Young_Pre,-0.5149586602914136,blue
Q16531,DDB1,Young_Post,1.4877252701388393,blue
Q16531,DDB1,Old_Pre,-0.641872308014227,blue
Q16531,DDB1,Old_Post,-0.3308943018331987,blue
Q16543,CDC37,Young_Pre,-0.7612840661550511,turquoise
Q16543,CDC37,Young_Post,-0.9642929725869449,turquoise
Q16543,CDC37,Old_Pre,0.8926010613715392,turquoise
Q16543,CDC37,Old_Post,0.8329759773704567,turquoise
Q16555,DPYSL2,Young_Pre,-1.0296988302638226,turquoise
Q16555,DPYSL2,Young_Post,-0.6801081906822607,turquoise
Q16555,DPYSL2,Old_Pre,0.7670025904498111,turquoise
Q16555,DPYSL2,Old_Post,0.9428044304963231,turquoise
Q16585,SGCB,Young_Pre,0.9490183562272037,yellow
Q16585,SGCB,Young_Post,-0.4131934790472794,yellow
Q16585,SGCB,Old_Pre,0.6768312194767113,yellow
Q16585,SGCB,Old_Post,-1.2126560966565456,yellow
Q16595,FXN,Young_Pre,-0.6216033154921231,turquoise
Q16595,FXN,Young_Post,-1.0593502608113032,turquoise
Q16595,FXN,Old_Pre,1.0386987347728982,turquoise
Q16595,FXN,Old_Post,0.6422548415305283,turquoise
Q16658,FSCN1,Young_Pre,-0.8480325846314999,pink
Q16658,FSCN1,Young_Post,0.6807349154029264,pink
Q16658,FSCN1,Old_Pre,-0.8659422498241329,pink
Q16658,FSCN1,Old_Post,1.0332399190527373,pink
Q16698,DECR1,Young_Pre,-1.1543329958058994,turquoise
Q16698,DECR1,Young_Post,-0.41701819777852933,turquoise
Q16698,DECR1,Old_Pre,0.425787509516656,turquoise
Q16698,DECR1,Old_Post,1.1455636840677728,turquoise
Q16718,NDUFA5,Young_Pre,0.45727741610676514,green
Q16718,NDUFA5,Young_Post,-1.4926657885536356,green
Q16718,NDUFA5,Old_Pre,0.6335209264461498,green
Q16718,NDUFA5,Old_Post,0.4018674460006504,green
Q16762,TST,Young_Pre,-0.7880829562551108,turquoise
Q16762,TST,Young_Post,-0.8651366871458716,turquoise
Q16762,TST,Old_Pre,1.1898564128414664,turquoise
Q16762,TST,Old_Post,0.46336323055947104,turquoise
Q16773,KYAT1,Young_Pre,1.1211735880920537,yellow
Q16773,KYAT1,Young_Post,-0.2876271253484775,yellow
Q16773,KYAT1,Old_Pre,0.3934244510960148,yellow
Q16773,KYAT1,Old_Post,-1.226970913839591,yellow
Q16795,NDUFA9,Young_Pre,0.555805175595422,green
Q16795,NDUFA9,Young_Post,-1.4920716261867115,green
Q16795,NDUFA9,Old_Pre,0.5832536749526216,green
Q16795,NDUFA9,Old_Post,0.3530127756387102,green
Q16821,PPP1R3A,Young_Pre,0.7475992923284773,magenta
Q16821,PPP1R3A,Young_Post,0.9074283707446228,magenta
Q16821,PPP1R3A,Old_Pre,-1.1797287994958225,magenta
Q16821,PPP1R3A,Old_Post,-0.4752988635772913,magenta
Q16836,HADH,Young_Pre,-0.4880589758441312,turquoise
Q16836,HADH,Young_Post,-1.1426464446026288,turquoise
Q16836,HADH,Old_Pre,1.0669053434810947,turquoise
Q16836,HADH,Old_Post,0.5638000769656181,turquoise
Q16851,UGP2,Young_Pre,0.28327918994233425,blue
Q16851,UGP2,Young_Post,1.283454089819281,blue
Q16851,UGP2,Old_Pre,-0.9336528916062828,blue
Q16851,UGP2,Old_Post,-0.6330803881554088,blue
Q16881,TXNRD1,Young_Pre,0.2723199199062104,yellow
Q16881,TXNRD1,Young_Post,-0.9230684028385667,yellow
Q16881,TXNRD1,Old_Pre,1.2902705547776012,yellow
Q16881,TXNRD1,Old_Post,-0.6395220718452448,yellow
Q16891,IMMT,Young_Pre,-0.060678394415188096,green
Q16891,IMMT,Young_Post,-1.3595007056553918,green
Q16891,IMMT,Old_Pre,0.9743069090742846,green
Q16891,IMMT,Old_Post,0.4458721909962551,green
Q2TAA2,IAH1,Young_Pre,0.14810646353158413,pink
Q2TAA2,IAH1,Young_Post,1.2151381758149922,pink
Q2TAA2,IAH1,Old_Pre,-0.1466990935073305,pink
Q2TAA2,IAH1,Old_Post,-1.2165455458392458,pink
Q2TBA0,KLHL40,Young_Pre,0.5130180964172641,blue
Q2TBA0,KLHL40,Young_Post,1.123680884268979,blue
Q2TBA0,KLHL40,Old_Pre,-1.077927923949636,blue
Q2TBA0,KLHL40,Old_Post,-0.5587710567365853,blue
Q3LXA3,TKFC,Young_Pre,-0.6368229816253825,turquoise
Q3LXA3,TKFC,Young_Post,-1.0065645179510847,turquoise
Q3LXA3,TKFC,Old_Pre,1.1614901037957197,turquoise
Q3LXA3,TKFC,Old_Post,0.4818973957807477,turquoise
Q3ZCQ8,TIMM50,Young_Pre,-1.2314405298777777,turquoise
Q3ZCQ8,TIMM50,Young_Post,-0.3966678203887936,turquoise
Q3ZCQ8,TIMM50,Old_Pre,0.7935546441811202,turquoise
Q3ZCQ8,TIMM50,Old_Post,0.834553706085425,turquoise
Q4G0N4,NADK2,Young_Pre,-1.1020540542795967,turquoise
Q4G0N4,NADK2,Young_Post,-0.5103578066647372,turquoise
Q4G0N4,NADK2,Old_Pre,1.1416725949600874,turquoise
Q4G0N4,NADK2,Old_Post,0.4707392659842204,turquoise
Q53GG5,PDLIM3,Young_Pre,0.13419236867857046,blue
Q53GG5,PDLIM3,Young_Post,1.3470657027679527,blue
Q53GG5,PDLIM3,Old_Pre,-0.9281705824562627,blue
Q53GG5,PDLIM3,Old_Post,-0.553087488990231,blue
Q53GQ0,HSD17B12,Young_Pre,-1.1766518417361742,turquoise
Q53GQ0,HSD17B12,Young_Post,-0.27820370732824035,turquoise
Q53GQ0,HSD17B12,Old_Pre,0.23763659135001977,turquoise
Q53GQ0,HSD17B12,Old_Post,1.2172189577143613,turquoise
Q53H12,AGK,Young_Pre,-0.6646927506131667,pink
Q53H12,AGK,Young_Post,0.2582846140342692,pink
Q53H12,AGK,Old_Pre,-0.8942677579312946,pink
Q53H12,AGK,Old_Post,1.3006758945102377,pink
Q53H82,LACTB2,Young_Pre,-0.9024681327543672,turquoise
Q53H82,LACTB2,Young_Post,-0.828408575921418,turquoise
Q53H82,LACTB2,Old_Pre,0.8911619853454754,turquoise
Q53H82,LACTB2,Old_Post,0.839714723330373,turquoise
Q5BKX8,CAVIN4,Young_Pre,0.34289640683275624,blue
Q5BKX8,CAVIN4,Young_Post,1.2485584481313325,blue
Q5BKX8,CAVIN4,Old_Pre,-0.9647830072281182,blue
Q5BKX8,CAVIN4,Old_Post,-0.6266718477360643,blue
Q5D862,FLG2,Young_Pre,1.3397902717525003,green
Q5D862,FLG2,Young_Post,-0.4938429731839835,green
Q5D862,FLG2,Old_Pre,-0.9721856891998443,green
Q5D862,FLG2,Old_Post,0.12623839063132739,green
Q5HYI8,RABL3,Young_Pre,0.4636875032790928,purple
Q5HYI8,RABL3,Young_Post,1.0339603040914367,purple
Q5HYI8,RABL3,Old_Pre,-0.20364250662320976,purple
Q5HYI8,RABL3,Old_Post,-1.2940053007473198,purple
Q5HYK3,COQ5,Young_Pre,-0.9190615905821623,turquoise
Q5HYK3,COQ5,Young_Post,-0.8038329683844923,turquoise
Q5HYK3,COQ5,Old_Pre,0.9732406625530029,turquoise
Q5HYK3,COQ5,Old_Post,0.7496538964136406,turquoise
Q5JPE7,NOMO2,Young_Pre,1.382871572522279,red
Q5JPE7,NOMO2,Young_Post,-0.33383111103722574,red
Q5JPE7,NOMO2,Old_Pre,-0.9860286587787914,red
Q5JPE7,NOMO2,Old_Post,-0.06301180270638199,red
Q5JTJ3,COA6,Young_Pre,1.0156214650593132,green
Q5JTJ3,COA6,Young_Post,-1.3761213435309978,green
Q5JTJ3,COA6,Old_Pre,0.11016782168740988,green
Q5JTJ3,COA6,Old_Post,0.250332056784318,green
Q5JWF2,GNAS,Young_Pre,1.1727805953250081,yellow
Q5JWF2,GNAS,Young_Post,-0.8583909090519889,yellow
Q5JWF2,GNAS,Old_Pre,0.4902347997856183,yellow
Q5JWF2,GNAS,Old_Post,-0.8046244860586672,yellow
Q5SQH8,C6orf136,Young_Pre,0.852350241299722,pink
Q5SQH8,C6orf136,Young_Post,0.7308389105300154,pink
Q5SQH8,C6orf136,Old_Pre,-0.2985785478914929,pink
Q5SQH8,C6orf136,Old_Post,-1.284610603938257,pink
Q5SSJ5,HP1BP3,Young_Pre,0.15275347274571593,black
Q5SSJ5,HP1BP3,Young_Post,0.7405934371577869,black
Q5SSJ5,HP1BP3,Old_Pre,-1.4539354334573293,black
Q5SSJ5,HP1BP3,Old_Post,0.5605885235537622,black
Q5T440,IBA57,Young_Pre,-0.594248280070062,turquoise
Q5T440,IBA57,Young_Post,-1.095678512624956,turquoise
Q5T440,IBA57,Old_Pre,0.9409615637036087,turquoise
Q5T440,IBA57,Old_Post,0.7489652289914378,turquoise
Q5T4S7,UBR4,Young_Pre,-0.4090421858327404,blue
Q5T4S7,UBR4,Young_Post,1.3720459420645856,blue
Q5T4S7,UBR4,Old_Pre,0.011694992218450995,blue
Q5T4S7,UBR4,Old_Post,-0.9746987484501496,blue
Q5TAQ9,DCAF8,Young_Pre,0.2057019556136291,red
Q5TAQ9,DCAF8,Young_Post,1.0039218104257854,red
Q5TAQ9,DCAF8,Old_Pre,-1.3852710031292979,red
Q5TAQ9,DCAF8,Old_Post,0.17564723708982688,red
Q5TDH0,DDI2,Young_Pre,1.0769801186843677,brown
Q5TDH0,DDI2,Young_Post,0.6144277731788433,brown
Q5TDH0,DDI2,Old_Pre,-0.97251484289345,brown
Q5TDH0,DDI2,Old_Post,-0.7188930489697483,brown
Q5TGZ0,MICOS10,Young_Pre,1.0025350643747166,magenta
Q5TGZ0,MICOS10,Young_Post,0.712309692314265,magenta
Q5TGZ0,MICOS10,Old_Pre,-0.9501372023007846,magenta
Q5TGZ0,MICOS10,Old_Post,-0.7647075543881972,magenta
Q5U5X0,LYRM7,Young_Pre,0.2546422748861816,turquoise
Q5U5X0,LYRM7,Young_Post,-1.184742259076603,turquoise
Q5U5X0,LYRM7,Old_Pre,1.2063326983225084,turquoise
Q5U5X0,LYRM7,Old_Post,-0.27623271413211187,turquoise
Q5VST9,OBSCN,Young_Pre,0.5666756124325437,brown
Q5VST9,OBSCN,Young_Post,1.120019980786152,brown
Q5VST9,OBSCN,Old_Pre,-0.8746765439696407,brown
Q5VST9,OBSCN,Old_Post,-0.8120190492490401,brown
Q5VTT5,MYOM3,Young_Pre,0.9576877509510261,brown
Q5VTT5,MYOM3,Young_Post,0.7689199908943709,brown
Q5VTT5,MYOM3,Old_Pre,-0.8408419900894367,brown
Q5VTT5,MYOM3,Old_Post,-0.8857657517559603,brown
Q5VU43,PDE4DIP,Young_Pre,0.22348831954242868,red
Q5VU43,PDE4DIP,Young_Post,1.1190364650415452,red
Q5VU43,PDE4DIP,Old_Pre,-1.3023820173728047,red
Q5VU43,PDE4DIP,Old_Post,-0.04014276721113215,red
Q5VW32,BROX,Young_Pre,-0.09334919998883466,red
Q5VW32,BROX,Young_Post,-1.38029479023553,red
Q5VW32,BROX,Old_Pre,0.725444079048468,red
Q5VW32,BROX,Old_Post,0.7481999111758966,red
Q5VXT5,SYPL2,Young_Pre,1.2827079692624674,yellow
Q5VXT5,SYPL2,Young_Post,-0.13059865764127743,yellow
Q5VXT5,SYPL2,Old_Pre,0.004430625333893308,yellow
Q5VXT5,SYPL2,Old_Post,-1.1565399369550553,yellow
Q5VYK3,ECPAS,Young_Pre,-0.04711365681191975,blue
Q5VYK3,ECPAS,Young_Post,1.36798989510415,blue
Q5VYK3,ECPAS,Old_Pre,-0.30404863291499273,blue
Q5VYK3,ECPAS,Old_Post,-1.016827605377268,blue
Q5XPI4,RNF123,Young_Pre,0.7102127626376576,magenta
Q5XPI4,RNF123,Young_Post,0.6898440700531251,magenta
Q5XPI4,RNF123,Old_Pre,0.020954739982498204,magenta
Q5XPI4,RNF123,Old_Post,-1.4210115726732808,magenta
Q68DQ2,CRYBG3,Young_Pre,0.89764665024599255,brown
Q68DQ2,CRYBG3,Young_Post,0.8291034756613114,brown
Q68DQ2,CRYBG3,Old_Pre,-0.7739745056622476,brown
Q68DQ2,CRYBG3,Old_Post,-0.9527756202450611,brown
Q6DKJ4,NXN,Young_Pre,-0.8739137423942468,turquoise
Q6DKJ4,NXN,Young_Post,-0.8538326449882814,turquoise
Q6DKJ4,NXN,Old_Pre,0.9495784900565101,turquoise
Q6DKJ4,NXN,Old_Post,0.7781678973260181,turquoise
Q6H8Q1,ABLIM2,Young_Pre,1.1924434479538535,brown
Q6H8Q1,ABLIM2,Young_Post,0.4252986983409909,brown
Q6H8Q1,ABLIM2,Old_Pre,-0.598330323324426,brown
Q6H8Q1,ABLIM2,Old_Post,-1.0194118229704183,brown
Q6IAA8,LAMTOR1,Young_Pre,-1.2727805254222915,turquoise
Q6IAA8,LAMTOR1,Young_Post,-0.32345660750648575,turquoise
Q6IAA8,LAMTOR1,Old_Pre,0.7714815161785696,turquoise
Q6IAA8,LAMTOR1,Old_Post,0.8247556167501776,turquoise
Q6IAN0,DHRS7B,Young_Pre,0.8008280164255226,magenta
Q6IAN0,DHRS7B,Young_Post,0.9203227907751758,magenta
Q6IAN0,DHRS7B,Old_Pre,-0.7370837068674928,magenta
Q6IAN0,DHRS7B,Old_Post,-0.9840671003332195,magenta
Q6IBS0,TWF2,Young_Pre,0.053270337341829274,black
Q6IBS0,TWF2,Young_Post,-0.5727454302236193,black
Q6IBS0,TWF2,Old_Pre,-0.8659173201267862,black
Q6IBS0,TWF2,Old_Post,1.3853924130086368,black
Q6IPR1,ETFRF1,Young_Pre,1.1057079422623604,brown
Q6IPR1,ETFRF1,Young_Post,0.39751132438189135,brown
Q6IPR1,ETFRF1,Old_Pre,-0.2568568609191557,brown
Q6IPR1,ETFRF1,Old_Post,-1.246362405725096,brown
Q6IQ22,RAB12,Young_Pre,-0.3366342085295104,yellow
Q6IQ22,RAB12,Young_Post,-0.9696136292337147,yellow
Q6IQ22,RAB12,Old_Pre,1.3925105270986555,yellow
Q6IQ22,RAB12,Old_Post,-0.08626268933530892,yellow
Q6IQ26,DENND5A,Young_Pre,-0.008675962760793136,yellow
Q6IQ26,DENND5A,Young_Post,-1.3300632323034172,yellow
Q6IQ26,DENND5A,Old_Pre,1.0784815684790419,yellow
Q6IQ26,DENND5A,Old_Post,0.2602576265851683,yellow
Q6JBY9,RCSD1,Young_Pre,-0.6346079966546754,yellow
Q6JBY9,RCSD1,Young_Post,-0.7841940445548035,yellow
Q6JBY9,RCSD1,Old_Pre,1.4079039823009034,yellow
Q6JBY9,RCSD1,Old_Post,0.010898058908624816,yellow
Q6NVY1,HIBCH,Young_Pre,-1.0479685476494711,turquoise
Q6NVY1,HIBCH,Young_Post,-0.514332736527882,turquoise
Q6NVY1,HIBCH,Old_Pre,0.3246251181570733,turquoise
Q6NVY1,HIBCH,Old_Post,1.2376761660202982,turquoise
Q6P161,MRPL54,Young_Pre,-0.9004934982589055,pink
Q6P161,MRPL54,Young_Post,-0.6479221392450828,pink
Q6P161,MRPL54,Old_Pre,0.24011378778175713,pink
Q6P161,MRPL54,Old_Post,1.3083018497222312,pink
Q6P1A2,LPCAT3,Young_Pre,1.0719932956127929,purple
Q6P1A2,LPCAT3,Young_Post,0.5821442358699652,purple
Q6P1A2,LPCAT3,Old_Pre,-0.5588776246919194,purple
Q6P1A2,LPCAT3,Old_Post,-1.0952599067907653,purple
Q6P4A7,SFXN4,Young_Pre,1.234099583024858,brown
Q6P4A7,SFXN4,Young_Post,-0.24414258879826317,brown
Q6P4A7,SFXN4,Old_Pre,-1.1759282714372559,brown
Q6P4A7,SFXN4,Old_Post,0.1859712772105969,brown
Q6P587,FAHD1,Young_Pre,-0.5241822454198248,turquoise
Q6P587,FAHD1,Young_Post,-1.1427349026158176,turquoise
Q6P587,FAHD1,Old_Pre,0.956103440854351,turquoise
Q6P587,FAHD1,Old_Post,0.710813707181227,turquoise
Q6P5Q4,LMOD2,Young_Pre,1.0229292541106965,brown
Q6P5Q4,LMOD2,Young_Post,0.6930267236194236,brown
Q6P5Q4,LMOD2,Old_Pre,-0.8347697717856765,brown
Q6P5Q4,LMOD2,Old_Post,-0.8811862059444369,brown
Q6PCB7,SLC27A1,Young_Pre,-0.4656950376594014,turquoise
Q6PCB7,SLC27A1,Young_Post,-0.776096325956578,turquoise
Q6PCB7,SLC27A1,Old_Pre,1.4604728758052132,turquoise
Q6PCB7,SLC27A1,Old_Post,-0.21868151218920984,turquoise
Q6PK04,CCDC137,Young_Pre,1.356628130256773,brown
Q6PK04,CCDC137,Young_Post,-1.0448876009698995,brown
Q6PK04,CCDC137,Old_Pre,-0.05794442858536378,brown
Q6PK04,CCDC137,Old_Post,-0.2537961007015206,brown
Q6QEF8,CORO6,Young_Pre,0.4586884485837726,brown
Q6QEF8,CORO6,Young_Post,1.1815746328089556,brown
Q6QEF8,CORO6,Old_Pre,-0.9754615219430093,brown
Q6QEF8,CORO6,Old_Post,-0.6648015594497514,brown
Q6UW68,TMEM205,Young_Pre,1.145150564810032,brown
Q6UW68,TMEM205,Young_Post,0.49171215440734045,brown
Q6UW68,TMEM205,Old_Pre,-0.5869258949415308,brown
Q6UW68,TMEM205,Old_Post,-1.0499368242758416,brown
Q6UWP2,DHRS11,Young_Pre,-0.2862347990434729,turquoise
Q6UWP2,DHRS11,Young_Post,-1.2630999499886983,turquoise
Q6UWP2,DHRS11,Old_Pre,0.5272516576792431,turquoise
Q6UWP2,DHRS11,Old_Post,1.022083091352939,turquoise
Q6UXV4,APOOL,Young_Pre,-0.14271927149037553,turquoise
Q6UXV4,APOOL,Young_Post,-1.0279187460141577,turquoise
Q6UXV4,APOOL,Old_Pre,1.3720265710409445,turquoise
Q6UXV4,APOOL,Old_Post,-0.20138855353660623,turquoise
Q6YN16,HSDL2,Young_Pre,-0.36255911858306344,turquoise
Q6YN16,HSDL2,Young_Post,-1.2299081875325142,turquoise
Q6YN16,HSDL2,Old_Pre,1.0058770112274136,turquoise
Q6YN16,HSDL2,Old_Post,0.5865902948881478,turquoise
Q6YP21,KYAT3,Young_Pre,1.2275097737134677,yellow
Q6YP21,KYAT3,Young_Post,-0.5071465701338371,yellow
Q6YP21,KYAT3,Old_Pre,0.33858893969849835,yellow
Q6YP21,KYAT3,Old_Post,-1.0589521432780817,yellow
Q6ZMU5,TRIM72,Young_Pre,-0.7869315558539691,blue
Q6ZMU5,TRIM72,Young_Post,1.048307126669432,blue
Q6ZMU5,TRIM72,Old_Pre,-0.9205081130980458,blue
Q6ZMU5,TRIM72,Old_Post,0.6591325422826628,blue
Q6ZU65,UBN2,Young_Pre,0.6670308862848093,brown
Q6ZU65,UBN2,Young_Post,-1.44060407485786,brown
Q6ZU65,UBN2,Old_Pre,0.08635194481555157,brown
Q6ZU65,UBN2,Old_Post,0.6872212437574989,brown
Q702N8,XIRP1,Young_Pre,1.1797347524502229,purple
Q702N8,XIRP1,Young_Post,-1.0174595622111038,purple
Q702N8,XIRP1,Old_Pre,-0.6102100544494843,purple
Q702N8,XIRP1,Old_Post,0.44793486421036505,purple
Q7KZF4,SND1,Young_Pre,0.21428967796755002,purple
Q7KZF4,SND1,Young_Post,-0.41319038872501224,purple
Q7KZF4,SND1,Old_Pre,-1.076043772682316,purple
Q7KZF4,SND1,Old_Post,1.2749444834397479,purple
Q7L0Y3,TRMT10C,Young_Pre,-0.9760355152414054,turquoise
Q7L0Y3,TRMT10C,Young_Post,-0.7416935207072968,turquoise
Q7L0Y3,TRMT10C,Old_Pre,0.7541055712021761,turquoise
Q7L0Y3,TRMT10C,Old_Post,0.963623464746526,turquoise
Q7L1Q6,BZW1,Young_Pre,0.8651115494072504,magenta
Q7L1Q6,BZW1,Young_Post,0.8669001238992137,magenta
Q7L1Q6,BZW1,Old_Pre,-0.8741900907666327,magenta
Q7L1Q6,BZW1,Old_Post,-0.8578215825398314,magenta
Q7L2H7,EIF3M,Young_Pre,0.9851821692572433,brown
Q7L2H7,EIF3M,Young_Post,0.7352095443468986,brown
Q7L2H7,EIF3M,Old_Pre,-0.9273121557165761,brown
Q7L2H7,EIF3M,Old_Post,-0.7930795578875389,brown
Q7L5N1,COPS6,Young_Pre,0.18216241952653447,yellow
Q7L5N1,COPS6,Young_Post,1.2290667956975023,yellow
Q7L5N1,COPS6,Old_Pre,-0.22580854487655197,yellow
Q7L5N1,COPS6,Old_Post,-1.1854206703473869,yellow
Q7Z2K6,ERMP1,Young_Pre,-0.9058387945113089,turquoise
Q7Z2K6,ERMP1,Young_Post,-0.8234410292331673,turquoise
Q7Z2K6,ERMP1,Old_Pre,0.9203022659765061,turquoise
Q7Z2K6,ERMP1,Old_Post,0.8089775577679701,turquoise
Q7Z2W9,MRPL21,Young_Pre,0.13934271089094707,pink
Q7Z2W9,MRPL21,Young_Post,0.33529576353917057,pink
Q7Z2W9,MRPL21,Old_Pre,0.9364608783026186,pink
Q7Z2W9,MRPL21,Old_Post,-1.4110993527328026,pink
Q7Z3D6,DGLUCY,Young_Pre,0.07607352301876959,turquoise
Q7Z3D6,DGLUCY,Young_Post,-1.432985564860242,turquoise
Q7Z3D6,DGLUCY,Old_Pre,0.778855337030119,turquoise
Q7Z3D6,DGLUCY,Old_Post,0.5780567048113753,turquoise
Q7Z434,MAVS,Young_Pre,-1.3086578516088558,turquoise
Q7Z434,MAVS,Young_Post,0.09734816240388168,turquoise
Q7Z434,MAVS,Old_Pre,1.1273359642139602,turquoise
Q7Z434,MAVS,Old_Post,0.08397372499099119,turquoise
Q7Z4G1,COMMD6,Young_Pre,-0.580244524004255,blue
Q7Z4G1,COMMD6,Young_Post,1.4958182390871977,blue
Q7Z4G1,COMMD6,Old_Pre,-0.39987971591904825,blue
Q7Z4G1,COMMD6,Old_Post,-0.5156939991638946,blue
Q7Z4W1,DCXR,Young_Pre,-0.7135930514035891,turquoise
Q7Z4W1,DCXR,Young_Post,-0.9906185713775879,turquoise
Q7Z4W1,DCXR,Old_Pre,1.0213558858648926,turquoise
Q7Z4W1,DCXR,Old_Post,0.6828557369162845,turquoise
Q86SX6,GLRX5,Young_Pre,-0.0989617080834737,turquoise
Q86SX6,GLRX5,Young_Post,-1.3267250703407119,turquoise
Q86SX6,GLRX5,Old_Pre,1.0397346348702388,turquoise
Q86SX6,GLRX5,Old_Post,0.3859521435539467,turquoise
Q86TC9,MYPN,Young_Pre,0.7272753055854323,black
Q86TC9,MYPN,Young_Post,0.9808865540933905,black
Q86TC9,MYPN,Old_Pre,-1.012232326377128,black
Q86TC9,MYPN,Old_Post,-0.6959295333017254,black
Q86TD4,SRL,Young_Pre,1.0073044370450863,black
Q86TD4,SRL,Young_Post,0.6066191408786347,black
Q86TD4,SRL,Old_Pre,-0.41011400243676,black
Q86TD4,SRL,Old_Post,-1.2038095754870246,black
Q86TX2,ACOT1,Young_Pre,0.650961452315397,brown
Q86TX2,ACOT1,Young_Post,-1.4906456485028499,brown
Q86TX2,ACOT1,Old_Pre,0.39077352799259374,brown
Q86TX2,ACOT1,Old_Post,0.44891066819487524,brown
Q86U28,ISCA2,Young_Pre,-0.4500711893239254,turquoise
Q86U28,ISCA2,Young_Post,-1.1871270208530507,turquoise
Q86U28,ISCA2,Old_Pre,0.6637501929227232,turquoise
Q86U28,ISCA2,Old_Post,0.9734480172542116,turquoise
Q86UE4,MTDH,Young_Pre,-0.07494432909405811,blue
Q86UE4,MTDH,Young_Post,1.4194117489422928,blue
Q86UE4,MTDH,Old_Pre,-0.8669865186132045,blue
Q86UE4,MTDH,Old_Post,-0.47748090123498993,blue
Q86UP2,KTN1,Young_Pre,-0.023492587470172126,blue
Q86UP2,KTN1,Young_Post,1.411041008399217,blue
Q86UP2,KTN1,Old_Pre,-0.5425028305899715,blue
Q86UP2,KTN1,Old_Post,-0.845045590339093,blue
Q86UT6,NLRX1,Young_Pre,-0.5838861654653601,green
Q86UT6,NLRX1,Young_Post,-0.9350945246885698,green
Q86UT6,NLRX1,Old_Pre,1.3211948969302292,green
Q86UT6,NLRX1,Old_Post,0.19778579322372503,green
Q86V88,MDP1,Young_Pre,-0.5926942849540848,green
Q86V88,MDP1,Young_Post,-1.079772690683738,green
Q86V88,MDP1,Old_Pre,1.041454744925465,green
Q86V88,MDP1,Old_Post,0.6310122307123709,green
Q86VD7,SLC25A42,Young_Pre,0.48147422233273973,green
Q86VD7,SLC25A42,Young_Post,-0.06777719813324591,green
Q86VD7,SLC25A42,Old_Pre,0.9503066656371454,green
Q86VD7,SLC25A42,Old_Post,-1.3640036898366152,green
Q86VF7,NRAP,Young_Pre,0.535492123674527,blue
Q86VF7,NRAP,Young_Post,1.0949066541153518,blue
Q86VF7,NRAP,Old_Pre,-1.1196066136343434,blue
Q86VF7,NRAP,Old_Post,-0.5107921641555484,blue
Q86VP6,CAND1,Young_Pre,0.18785532344737585,blue
Q86VP6,CAND1,Young_Post,1.340442914713731,blue
Q86VP6,CAND1,Old_Pre,-0.7702898626527133,blue
Q86VP6,CAND1,Old_Post,-0.7580083755082815,blue
Q86VX2,COMMD7,Young_Pre,-0.5326121820127706,blue
Q86VX2,COMMD7,Young_Post,0.9684649747828473,blue
Q86VX2,COMMD7,Old_Pre,-1.135372860138562,blue
Q86VX2,COMMD7,Old_Post,0.6995200673685038,blue
Q86X55,CARM1,Young_Pre,0.7540269503313011,magenta
Q86X55,CARM1,Young_Post,0.8975229706662767,magenta
Q86X55,CARM1,Old_Pre,-1.1877744801993724,magenta
Q86X55,CARM1,Old_Post,-0.4637754407982053,magenta
Q86Y39,NDUFA11,Young_Pre,0.9077881971476855,magenta
Q86Y39,NDUFA11,Young_Post,0.7934489700225057,magenta
Q86Y39,NDUFA11,Old_Pre,-0.6278458612771547,magenta
Q86Y39,NDUFA11,Old_Post,-1.0733913058930222,magenta
Q86YB7,ECHDC2,Young_Pre,0.026855012771190855,turquoise
Q86YB7,ECHDC2,Young_Post,-1.2623686036483468,turquoise
Q86YB7,ECHDC2,Old_Pre,1.1845272075945488,turquoise
Q86YB7,ECHDC2,Old_Post,0.050986383282624226,turquoise
Q8IUZ5,PHYKPL,Young_Pre,-0.2871521133908449,blue
Q8IUZ5,PHYKPL,Young_Post,1.3970166097846108,blue
Q8IUZ5,PHYKPL,Old_Pre,-0.1366090145704904,blue
Q8IUZ5,PHYKPL,Old_Post,-0.9732554818233301,blue
Q8IVN3,MUSTN1,Young_Pre,0.8316851321837297,blue
Q8IVN3,MUSTN1,Young_Post,0.6552635858873113,blue
Q8IVN3,MUSTN1,Old_Pre,-1.365334965935523,blue
Q8IVN3,MUSTN1,Old_Post,-0.121613752135518,blue
Q8IW45,NAXD,Young_Pre,-0.5838837411024542,turquoise
Q8IW45,NAXD,Young_Post,-1.0894237018212507,turquoise
Q8IW45,NAXD,Old_Pre,1.0267285429327466,turquoise
Q8IW45,NAXD,Old_Post,0.646578899990932,turquoise
Q8IWA5,SLC44A2,Young_Pre,0.793505330842517,red
Q8IWA5,SLC44A2,Young_Post,-1.430328705835578,red
Q8IWA5,SLC44A2,Old_Pre,0.5651271893589506,red
Q8IWA5,SLC44A2,Old_Post,0.07169618563411043,red
Q8IWL3,HSCB,Young_Pre,-0.6332070410475462,turquoise
Q8IWL3,HSCB,Young_Post,-0.9790186152283115,turquoise
Q8IWL3,HSCB,Old_Pre,0.39323535791995284,turquoise
Q8IWL3,HSCB,Old_Post,1.2189902983559047,turquoise
Q8IWW8,ADHFE1,Young_Pre,-0.6923098249508832,turquoise
Q8IWW8,ADHFE1,Young_Post,-1.0079050379254288,turquoise
Q8IWW8,ADHFE1,Old_Pre,1.0225447400872822,turquoise
Q8IWW8,ADHFE1,Old_Post,0.6776701227889941,turquoise
Q8IWX7,UNC45B,Young_Pre,-0.39348372326327513,blue
Q8IWX7,UNC45B,Young_Post,1.1948269037691006,blue
Q8IWX7,UNC45B,Old_Pre,-1.1411051737311633,blue
Q8IWX7,UNC45B,Old_Post,0.3397619932252367,blue
Q8IXL7,MSRB3,Young_Pre,-0.12267099962300748,turquoise
Q8IXL7,MSRB3,Young_Post,-1.3685859890046081,turquoise
Q8IXL7,MSRB3,Old_Pre,0.7461351926276971,turquoise
Q8IXL7,MSRB3,Old_Post,0.7451217959999559,turquoise
Q8IYB8,SUPV3L1,Young_Pre,-0.09830989601556293,green
Q8IYB8,SUPV3L1,Young_Post,-1.3690395630139696,green
Q8IYB8,SUPV3L1,Old_Pre,0.5931246996485338,green
Q8IYB8,SUPV3L1,Old_Post,0.8742247593809988,green
Q8IYQ7,THNSL1,Young_Pre,-0.8578539234224984,green
Q8IYQ7,THNSL1,Young_Post,-0.8602237979300408,green
Q8IYQ7,THNSL1,Old_Pre,0.7037872338897759,green
Q8IYQ7,THNSL1,Old_Post,1.0142904874626506,green
Q8IYU8,MICU2,Young_Pre,0.14617645008523164,green
Q8IYU8,MICU2,Young_Post,-1.4264414313990033,green
Q8IYU8,MICU2,Old_Pre,0.88948974144345,green
Q8IYU8,MICU2,Old_Post,0.39077523987032153,green
Q8N0U4,FAM185A,Young_Pre,0.11542931317348604,turquoise
Q8N0U4,FAM185A,Young_Post,-1.2728369346860648,turquoise
Q8N0U4,FAM185A,Old_Pre,1.1689435968566404,turquoise
Q8N0U4,FAM185A,Old_Post,-0.011535975344071248,turquoise
Q8N142,ADSS1,Young_Pre,-0.6146727859234071,yellow
Q8N142,ADSS1,Young_Post,-1.0825707501410704,yellow
Q8N142,ADSS1,Old_Pre,0.778265080973726,yellow
Q8N142,ADSS1,Old_Post,0.9189784550908238,yellow
Q8N183,NDUFAF2,Young_Pre,-0.38783544841438466,turquoise
Q8N183,NDUFAF2,Young_Post,-1.232134600555677,turquoise
Q8N183,NDUFAF2,Old_Pre,0.7118104063632269,turquoise
Q8N183,NDUFAF2,Old_Post,0.9081596426068125,turquoise
Q8N335,GPD1L,Young_Pre,-0.6317695602623823,turquoise
Q8N335,GPD1L,Young_Post,-0.993671415880756,turquoise
Q8N335,GPD1L,Old_Pre,1.1951176353705826,turquoise
Q8N335,GPD1L,Old_Post,0.430323340772537,turquoise
Q8N3D4,EHBP1L1,Young_Pre,0.0743305878529972,blue
Q8N3D4,EHBP1L1,Young_Post,1.3651325511852759,blue
Q8N3D4,EHBP1L1,Old_Pre,-0.937517034000623,blue
Q8N3D4,EHBP1L1,Old_Post,-0.5019461050376648,blue
Q8N3K9,CMYA5,Young_Pre,0.947436087435921,pink
Q8N3K9,CMYA5,Young_Post,0.39434820368378704,pink
Q8N3K9,CMYA5,Old_Pre,0.052523990743190654,pink
Q8N3K9,CMYA5,Old_Post,-1.394308281863051,pink
Q8N3L3,TXLNB,Young_Pre,0.46378645247120076,magenta
Q8N3L3,TXLNB,Young_Post,0.999834851063171,magenta
Q8N3L3,TXLNB,Old_Pre,-0.1342578352630431,magenta
Q8N3L3,TXLNB,Old_Post,-1.3293634682712425,magenta
Q8N3V7,SYNPO,Young_Pre,1.1767614888942117,brown
Q8N3V7,SYNPO,Young_Post,0.3389385086265346,brown
Q8N3V7,SYNPO,Old_Pre,-0.33851728814556925,brown
Q8N3V7,SYNPO,Old_Post,-1.1771827093752558,brown
Q8N4H5,TOMM5,Young_Pre,0.3899671657316398,green
Q8N4H5,TOMM5,Young_Post,-1.453806414661757,green
Q8N4H5,TOMM5,Old_Pre,0.24166495649422495,green
Q8N4H5,TOMM5,Old_Post,0.8221742924357367,green
Q8N4Q1,CHCHD4,Young_Pre,-1.0248855678273012,turquoise
Q8N4Q1,CHCHD4,Young_Post,-0.6238508210439979,turquoise
Q8N4Q1,CHCHD4,Old_Pre,0.5071506933832866,turquoise
Q8N4Q1,CHCHD4,Old_Post,1.1415856954880312,turquoise
Q8N4T8,CBR4,Young_Pre,-0.8928192650004776,turquoise
Q8N4T8,CBR4,Young_Post,-0.8387764701643001,turquoise
Q8N4T8,CBR4,Old_Pre,0.8734102956543129,turquoise
Q8N4T8,CBR4,Old_Post,0.8581854395104647,turquoise
Q8N5G0,SMIM20,Young_Pre,0.7787859016022994,green
Q8N5G0,SMIM20,Young_Post,-1.4570587896667173,green
Q8N5G0,SMIM20,Old_Pre,0.48134254020744843,green
Q8N5G0,SMIM20,Old_Post,0.19693034785704153,green
Q8N5M1,ATPAF2,Young_Pre,-0.28992893709890516,turquoise
Q8N5M1,ATPAF2,Young_Post,-1.098647806838887,turquoise
Q8N5M1,ATPAF2,Old_Pre,1.3045512337990934,turquoise
Q8N5M1,ATPAF2,Old_Post,0.08402551013867998,turquoise
Q8N5M9,JAGN1,Young_Pre,1.1146057318838332,yellow
Q8N5M9,JAGN1,Young_Post,0.43964163718905286,yellow
Q8N5M9,JAGN1,Old_Pre,-0.3549111485037128,yellow
Q8N5M9,JAGN1,Old_Post,-1.1993362205691986,yellow
Q8N5N7,MRPL50,Young_Pre,-1.1741228683661917,pink
Q8N5N7,MRPL50,Young_Post,-0.22775479291141254,pink
Q8N5N7,MRPL50,Old_Pre,0.15921345939870074,pink
Q8N5N7,MRPL50,Old_Post,1.2426642018790612,pink
Q8N766,EMC1,Young_Pre,1.1176163686861145,yellow
Q8N766,EMC1,Young_Post,0.25290960734981505,yellow
Q8N766,EMC1,Old_Pre,-1.296736477819598,yellow
Q8N766,EMC1,Old_Post,-0.07378949821653535,yellow
Q8NB12,SMYD1,Young_Pre,-0.628381816526471,brown
Q8NB12,SMYD1,Young_Post,-1.0341044878573904,brown
Q8NB12,SMYD1,Old_Pre,0.5539041495972188,brown
Q8NB12,SMYD1,Old_Post,1.1085821547864996,brown
Q8NBF2,NHLRC2,Young_Pre,-1.4851296376250835,blue
Q8NBF2,NHLRC2,Young_Post,0.3225466844458078,blue
Q8NBF2,NHLRC2,Old_Pre,0.6665969110269607,blue
Q8NBF2,NHLRC2,Old_Post,0.495986042152315,blue
Q8NBN7,RDH13,Young_Pre,-0.7026321589444402,turquoise
Q8NBN7,RDH13,Young_Post,-0.09569171396043956,turquoise
Q8NBN7,RDH13,Old_Pre,-0.6445072261827354,turquoise
Q8NBN7,RDH13,Old_Post,1.4428310990877018,turquoise
Q8NBS9,TXNDC5,Young_Pre,-1.1103725523920998,blue
Q8NBS9,TXNDC5,Young_Post,0.3824456060407925,blue
Q8NBS9,TXNDC5,Old_Pre,-0.45940440745310124,blue
Q8NBS9,TXNDC5,Old_Post,1.1873313538044086,blue
Q8NBU5,ATAD1,Young_Pre,0.9310860812157494,green
Q8NBU5,ATAD1,Young_Post,0.5632876475209614,green
Q8NBU5,ATAD1,Old_Pre,-1.338460622853943,green
Q8NBU5,ATAD1,Old_Post,-0.15591310588284432,green
Q8NBX0,SCCPDH,Young_Pre,-0.9403490251436075,turquoise
Q8NBX0,SCCPDH,Young_Post,0.46285598749140866,turquoise
Q8NBX0,SCCPDH,Old_Pre,-0.7066391816294897,turquoise
Q8NBX0,SCCPDH,Old_Post,1.1841322192816244,turquoise
Q8NC51,SERBP1,Young_Pre,1.3021212154522162,purple
Q8NC51,SERBP1,Young_Post,-1.1190473127836642,purple
Q8NC51,SERBP1,Old_Pre,-0.22468240770014244,purple
Q8NC51,SERBP1,Old_Post,0.04160850503166095,purple
Q8NCA5,FAM98A,Young_Pre,-0.19004703913556517,blue
Q8NCA5,FAM98A,Young_Post,1.4644088482334918,blue
Q8NCA5,FAM98A,Old_Pre,-0.6979667494787902,blue
Q8NCA5,FAM98A,Old_Post,-0.5763950596190727,blue
Q8NCN5,PDPR,Young_Pre,0.0043104367374420674,turquoise
Q8NCN5,PDPR,Young_Post,-1.3811301272079772,turquoise
Q8NCN5,PDPR,Old_Pre,0.4194816375105493,turquoise
Q8NCN5,PDPR,Old_Post,0.9573380529599134,turquoise
Q8NCW5,NAXE,Young_Pre,-0.6494711635777963,turquoise
Q8NCW5,NAXE,Young_Post,-0.979429028165149,turquoise
Q8NCW5,NAXE,Old_Pre,1.1967118315567706,turquoise
Q8NCW5,NAXE,Old_Post,0.43218836018617474,turquoise
Q8NE62,CHDH,Young_Pre,-0.1648415354870456,turquoise
Q8NE62,CHDH,Young_Post,-0.9628502965545356,turquoise
Q8NE62,CHDH,Old_Pre,-0.27576772744162564,turquoise
Q8NE62,CHDH,Old_Post,1.4034595594832069,turquoise
Q8NE71,ABCF1,Young_Pre,-0.6667178391570482,purple
Q8NE71,ABCF1,Young_Post,-1.0282966613299018,purple
Q8NE71,ABCF1,Old_Pre,0.6720703373416834,purple
Q8NE71,ABCF1,Old_Post,1.0229441631452665,purple
Q8NE86,MCU,Young_Pre,-0.24570967132281835,green
Q8NE86,MCU,Young_Post,-1.2942129670592661,green
Q8NE86,MCU,Old_Pre,0.9686554147414961,green
Q8NE86,MCU,Old_Post,0.5712672236406211,green
Q8NFV4,ABHD11,Young_Pre,-0.9903450904543665,turquoise
Q8NFV4,ABHD11,Young_Post,-0.7109561535021623,turquoise
Q8NFV4,ABHD11,Old_Pre,0.6682431272496681,turquoise
Q8NFV4,ABHD11,Old_Post,1.0330581167068609,turquoise
Q8NHH9,ATL2,Young_Pre,1.0376054612362364,yellow
Q8NHH9,ATL2,Young_Post,0.2590925412908113,yellow
Q8NHH9,ATL2,Old_Pre,0.06422840049063576,yellow
Q8NHH9,ATL2,Old_Post,-1.3609264030176726,yellow
Q8NI37,PPTC7,Young_Pre,-0.7396365835220197,turquoise
Q8NI37,PPTC7,Young_Post,-0.9768968943477417,turquoise
Q8NI37,PPTC7,Old_Pre,0.7456465990713069,turquoise
Q8NI37,PPTC7,Old_Post,0.9708868787984545,turquoise
Q8NI60,COQ8A,Young_Pre,-0.5301563266206655,turquoise
Q8NI60,COQ8A,Young_Post,-1.1216991990670488,turquoise
Q8NI60,COQ8A,Old_Pre,1.0454862257686672,turquoise
Q8NI60,COQ8A,Old_Post,0.6063692999191251,turquoise
Q8TAT6,NPLOC4,Young_Pre,0.5946015980393964,brown
Q8TAT6,NPLOC4,Young_Post,1.1000704341167624,brown
Q8TAT6,NPLOC4,Old_Pre,-0.8343488819643787,brown
Q8TAT6,NPLOC4,Old_Post,-0.8603231501918017,brown
Q8TB22,SPATA20,Young_Pre,1.3086043792352602,brown
Q8TB22,SPATA20,Young_Post,0.16125417396824382,brown
Q8TB22,SPATA20,Old_Pre,-1.0360186211586209,brown
Q8TB22,SPATA20,Old_Post,-0.433839932044883,brown
Q8TB45,DEPTOR,Young_Pre,1.1020945997669127,yellow
Q8TB45,DEPTOR,Young_Post,0.570630815210085,yellow
Q8TB45,DEPTOR,Old_Pre,-1.0106653307367268,yellow
Q8TB45,DEPTOR,Old_Post,-0.6620600842401727,yellow
Q8TC12,RDH11,Young_Pre,0.3821027746834869,blue
Q8TC12,RDH11,Young_Post,1.207102228971277,blue
Q8TC12,RDH11,Old_Pre,-1.0535575235696406,blue
Q8TC12,RDH11,Old_Post,-0.5356474800851408,blue
Q8TCA0,LRRC20,Young_Pre,0.5494723472340416,yellow
Q8TCA0,LRRC20,Young_Post,-1.39935143785532,yellow
Q8TCA0,LRRC20,Old_Pre,0.860111039471123,yellow
Q8TCA0,LRRC20,Old_Post,-0.010231948849844638,yellow
Q8TCD5,NT5C,Young_Pre,1.3684030326503822,brown
Q8TCD5,NT5C,Young_Post,0.08012720118706071,brown
Q8TCD5,NT5C,Old_Pre,-0.5346169522920233,brown
Q8TCD5,NT5C,Old_Post,-0.9139132815454396,brown
Q8TCS8,PNPT1,Young_Pre,-0.8245171470819793,green
Q8TCS8,PNPT1,Young_Post,0.5220954293190371,green
Q8TCS8,PNPT1,Old_Pre,1.1516753482974171,green
Q8TCS8,PNPT1,Old_Post,-0.849253630534475,green
Q8TD19,NEK9,Young_Pre,-0.10055618367817262,blue
Q8TD19,NEK9,Young_Post,1.4445468991140888,blue
Q8TD19,NEK9,Old_Pre,-0.669063754489453,blue
Q8TD19,NEK9,Old_Post,-0.6749269609464632,blue
Q8TD30,GPT2,Young_Pre,-0.5994924394848582,turquoise
Q8TD30,GPT2,Young_Post,-0.5531303432891458,turquoise
Q8TD30,GPT2,Old_Pre,1.4902003339419745,turquoise
Q8TD30,GPT2,Old_Post,-0.33757755116795546,turquoise
Q8TDC0,MYOZ3,Young_Pre,0.9198919459519437,brown
Q8TDC0,MYOZ3,Young_Post,0.7808621478673978,brown
Q8TDC0,MYOZ3,Old_Pre,-1.07147755570492,brown
Q8TDC0,MYOZ3,Old_Post,-0.6292765381144214,brown
Q8TED0,UTP15,Young_Pre,1.4796742387412518,brown
Q8TED0,UTP15,Young_Post,-0.6245738221013574,brown
Q8TED0,UTP15,Old_Pre,-0.5931903705426612,brown
Q8TED0,UTP15,Old_Post,-0.2619100460972412,brown
Q8WTS6,SETD7,Young_Pre,0.12099068049578955,yellow
Q8WTS6,SETD7,Young_Post,1.3570156015712225,yellow
Q8WTS6,SETD7,Old_Pre,-0.8996559147580175,yellow
Q8WTS6,SETD7,Old_Post,-0.5783503673089295,yellow
Q8WVI0,SMIM4,Young_Pre,0.6436578761829471,magenta
Q8WVI0,SMIM4,Young_Post,1.0604811221860306,magenta
Q8WVI0,SMIM4,Old_Pre,-0.919298455125102,magenta
Q8WVI0,SMIM4,Old_Post,-0.7848405432438589,magenta
Q8WVJ2,NUDCD2,Young_Pre,0.5192427438560754,red
Q8WVJ2,NUDCD2,Young_Post,0.8789436188437125,red
Q8WVJ2,NUDCD2,Old_Pre,0.0010434251157898878,red
Q8WVJ2,NUDCD2,Old_Post,-1.399229787815697,red
Q8WVM8,SCFD1,Young_Pre,-0.9959634610384465,turquoise
Q8WVM8,SCFD1,Young_Post,-0.7183059299550866,turquoise
Q8WVM8,SCFD1,Old_Pre,0.9637498980220367,turquoise
Q8WVM8,SCFD1,Old_Post,0.7505194929714963,turquoise
Q8WW22,DNAJA4,Young_Pre,-0.30168373317676894,blue
Q8WW22,DNAJA4,Young_Post,1.315391095897048,blue
Q8WW22,DNAJA4,Old_Pre,-1.0834522771590902,blue
Q8WW22,DNAJA4,Old_Post,0.06974491443878436,blue
Q8WW59,SPRYD4,Young_Pre,-1.476239771213146,pink
Q8WW59,SPRYD4,Young_Post,0.6996949605873205,pink
Q8WW59,SPRYD4,Old_Pre,0.2665510461306218,pink
Q8WW59,SPRYD4,Old_Post,0.5099937644951522,pink
Q8WWV3,RTN4IP1,Young_Pre,-1.450451329580148,turquoise
Q8WWV3,RTN4IP1,Young_Post,0.1240819482428674,turquoise
Q8WWV3,RTN4IP1,Old_Pre,0.6873377729244846,turquoise
Q8WWV3,RTN4IP1,Old_Post,0.6390316084127959,turquoise
Q8WX93,PALLD,Young_Pre,0.020937265254287442,purple
Q8WX93,PALLD,Young_Post,1.3994438118064865,purple
Q8WX93,PALLD,Old_Pre,-0.837425452142778,purple
Q8WX93,PALLD,Old_Post,-0.582955624918113,purple
Q8WY91,THAP4,Young_Pre,-1.2323294874767403,turquoise
Q8WY91,THAP4,Young_Post,-0.2975554455179631,turquoise
Q8WY91,THAP4,Old_Pre,0.4313627631011742,turquoise
Q8WY91,THAP4,Old_Post,1.0985221698935541,turquoise
Q8WZ42,TTN,Young_Pre,0.893601897011903,brown
Q8WZ42,TTN,Young_Post,0.8379459908349972,brown
Q8WZ42,TTN,Old_Pre,-0.8756004933366585,brown
Q8WZ42,TTN,Old_Post,-0.855947394510249,brown
Q92499,DDX1,Young_Pre,-0.8962672277386972,black
Q92499,DDX1,Young_Post,1.3531763395638892,black
Q92499,DDX1,Old_Pre,-0.5898655977275927,black
Q92499,DDX1,Old_Post,0.13295648590247017,black
Q92506,HSD17B8,Young_Pre,-0.8713583758844535,turquoise
Q92506,HSD17B8,Young_Post,-0.8592583151346832,turquoise
Q92506,HSD17B8,Old_Pre,0.9147687490199427,turquoise
Q92506,HSD17B8,Old_Post,0.8158479419992442,turquoise
Q92523,CPT1B,Young_Pre,-0.14612014507595864,turquoise
Q92523,CPT1B,Young_Post,-1.1956255890005605,turquoise
Q92523,CPT1B,Old_Pre,1.2405164164065279,turquoise
Q92523,CPT1B,Old_Post,0.1012293176700764,turquoise
Q92598,HSPH1,Young_Pre,1.3795121929247505,brown
Q92598,HSPH1,Young_Post,0.0677487325090085,brown
Q92598,HSPH1,Old_Pre,-0.8737539546688029,brown
Q92598,HSPH1,Old_Post,-0.5735069707649562,brown
Q92614,MYO18A,Young_Pre,0.2697988557544872,black
Q92614,MYO18A,Young_Post,1.2846448615937212,black
Q92614,MYO18A,Old_Pre,-0.9626248276534506,black
Q92614,MYO18A,Old_Post,-0.5918188896947977,black
Q92616,GCN1,Young_Pre,-0.060195780998035284,blue
Q92616,GCN1,Young_Post,1.3762899906371198,blue
Q92616,GCN1,Old_Pre,-1.0016677861669867,blue
Q92616,GCN1,Old_Post,-0.3144264234720746,blue
Q92629,SGCD,Young_Pre,1.0980761801468073,yellow
Q92629,SGCD,Young_Post,-0.5340224924100418,yellow
Q92629,SGCD,Old_Pre,0.5395479850028654,yellow
Q92629,SGCD,Old_Post,-1.1036016727396307,yellow
Q92667,AKAP1,Young_Pre,-0.507936892307352,green
Q92667,AKAP1,Young_Post,-1.1380182902182094,green
Q92667,AKAP1,Old_Pre,1.037838305587923,green
Q92667,AKAP1,Old_Post,0.608116876937618,green
Q92696,RABGGTA,Young_Pre,-0.491428279047527,turquoise
Q92696,RABGGTA,Young_Post,-0.8508769820140977,turquoise
Q92696,RABGGTA,Old_Pre,-0.08171352659604345,turquoise
Q92696,RABGGTA,Old_Post,1.4240187876577348,turquoise
Q92734,TFG,Young_Pre,0.18018620475521158,red
Q92734,TFG,Young_Post,1.3150046965507012,red
Q92734,TFG,Old_Pre,-0.9930518255870167,red
Q92734,TFG,Old_Post,-0.5021390757188738,red
Q92901,RPL3L,Young_Pre,0.16796716969242217,black
Q92901,RPL3L,Young_Post,1.222970625803459,black
Q92901,RPL3L,Old_Pre,-1.1998377622003173,black
Q92901,RPL3L,Old_Post,-0.19110003329551853,black
Q92905,COPS5,Young_Pre,0.4103892356960427,magenta
Q92905,COPS5,Young_Post,-0.8178460824229976,magenta
Q92905,COPS5,Old_Pre,1.2234582698712866,magenta
Q92905,COPS5,Old_Post,-0.8160014231444277,magenta
Q92947,GCDH,Young_Pre,-0.8466664174371114,turquoise
Q92947,GCDH,Young_Post,-0.8628717560855199,turquoise
Q92947,GCDH,Old_Pre,1.051426055578278,turquoise
Q92947,GCDH,Old_Post,0.6581121179443535,turquoise
Q92973,TNPO1,Young_Pre,0.23184956517458474,blue
Q92973,TNPO1,Young_Post,1.2262881498837719,blue
Q92973,TNPO1,Old_Pre,-1.1646032158438588,blue
Q92973,TNPO1,Old_Post,-0.29353449921454505,blue
Q92995,USP13,Young_Pre,1.26630692899247,brown
Q92995,USP13,Young_Post,0.1454265876266973,brown
Q92995,USP13,Old_Pre,-0.2706529555505524,brown
Q92995,USP13,Old_Post,-1.1410805610686148,brown
Q93008,USP9X,Young_Pre,-0.73066286034251,blue
Q93008,USP9X,Young_Post,1.3319037023060551,blue
Q93008,USP9X,Old_Pre,-0.8062977080320134,blue
Q93008,USP9X,Old_Post,0.20505686606852858,blue
Q93034,CUL5,Young_Pre,-0.3161048947227661,yellow
Q93034,CUL5,Young_Post,-1.1298317075732787,yellow
Q93034,CUL5,Old_Pre,1.2606446346259659,yellow
Q93034,CUL5,Old_Post,0.18529196767027775,yellow
Q93052,LPP,Young_Pre,-0.6515298426545765,turquoise
Q93052,LPP,Young_Post,-1.0237293824666116,turquoise
Q93052,LPP,Old_Pre,1.0868687346184172,turquoise
Q93052,LPP,Old_Post,0.5883904905026882,turquoise
Q93084,ATP2A3,Young_Pre,0.7399436326616956,yellow
Q93084,ATP2A3,Young_Post,0.976093530953471,yellow
Q93084,ATP2A3,Old_Pre,-0.9749225292601937,yellow
Q93084,ATP2A3,Old_Post,-0.7411146343549728,yellow
Q93100,PHKB,Young_Pre,0.4915242428853354,magenta
Q93100,PHKB,Young_Post,1.0410041170345805,magenta
Q93100,PHKB,Old_Pre,-1.266460521406809,magenta
Q93100,PHKB,Old_Post,-0.26606783851312277,magenta
Q969M7,UBE2F,Young_Pre,-0.3442176240715274,yellow
Q969M7,UBE2F,Young_Post,-0.48004193008120993,yellow
Q969M7,UBE2F,Old_Pre,1.4871581642216485,yellow
Q969M7,UBE2F,Old_Post,-0.6628986100689577,yellow
Q969Q0,RPL36AL,Young_Pre,0.5576666209167407,black
Q969Q0,RPL36AL,Young_Post,1.0003646977773641,black
Q969Q0,RPL36AL,Old_Pre,-1.266123253385715,black
Q969Q0,RPL36AL,Old_Post,-0.2919080653083761,black
Q96A26,FAM162A,Young_Pre,-1.1191939192015603,pink
Q96A26,FAM162A,Young_Post,1.309155097619324,pink
Q96A26,FAM162A,Old_Pre,-0.18294443674483055,pink
Q96A26,FAM162A,Old_Post,-0.007016741673009771,pink
Q96A33,CCDC47,Young_Pre,1.1094694320092724,brown
Q96A33,CCDC47,Young_Post,0.4945303108656269,brown
Q96A33,CCDC47,Old_Pre,-1.1470431756043309,brown
Q96A33,CCDC47,Old_Post,-0.45695656727056844,brown
Q96AB3,ISOC2,Young_Pre,-1.4302548942830897,pink
Q96AB3,ISOC2,Young_Post,0.4526983569090974,pink
Q96AB3,ISOC2,Old_Pre,0.8573069264259273,pink
Q96AB3,ISOC2,Old_Post,0.12024961094823122,pink
Q96AC1,FERMT2,Young_Pre,0.11302966470918746,magenta
Q96AC1,FERMT2,Young_Post,0.3620412149928531,magenta
Q96AC1,FERMT2,Old_Pre,0.9336400984804017,magenta
Q96AC1,FERMT2,Old_Post,-1.4087109781824423,magenta
Q96AG3,SLC25A46,Young_Pre,-1.3595115476249435,turquoise
Q96AG3,SLC25A46,Young_Post,-0.1436373939874498,turquoise
Q96AG3,SLC25A46,Old_Pre,0.7254183951481906,turquoise
Q96AG3,SLC25A46,Old_Post,0.7777305464642291,turquoise
Q96AN5,TMEM143,Young_Pre,0.06479868356647475,green
Q96AN5,TMEM143,Young_Post,-1.43102530261208,green
Q96AN5,TMEM143,Old_Pre,0.5974391401436128,green
Q96AN5,TMEM143,Old_Post,0.7687874789020152,green
Q96C00,ZBTB9,Young_Pre,1.1934637944292323,brown
Q96C00,ZBTB9,Young_Post,-1.083013281544371,brown
Q96C00,ZBTB9,Old_Pre,0.3900986400008252,brown
Q96C00,ZBTB9,Old_Post,-0.5005491528856866,brown
Q96C11,FGGY,Young_Pre,-0.5918098253880231,turquoise
Q96C11,FGGY,Young_Post,-1.1022209012842676,turquoise
Q96C11,FGGY,Old_Pre,0.8473016249840671,turquoise
Q96C11,FGGY,Old_Post,0.8467291016881691,turquoise
Q96C23,GALM,Young_Pre,1.2626663538273142,magenta
Q96C23,GALM,Young_Post,0.3333619162090725,magenta
Q96C23,GALM,Old_Pre,-0.9002158775573458,magenta
Q96C23,GALM,Old_Post,-0.6958123924791145,magenta
Q96C90,PPP1R14B,Young_Pre,-1.1560480479437827,turquoise
Q96C90,PPP1R14B,Young_Post,0.5708610427682942,turquoise
Q96C90,PPP1R14B,Old_Pre,-0.47109775216829164,turquoise
Q96C90,PPP1R14B,Old_Post,1.056284757343799,turquoise
Q96CM8,ACSF2,Young_Pre,-0.28472911917712085,turquoise
Q96CM8,ACSF2,Young_Post,-1.2348734397671999,turquoise
Q96CM8,ACSF2,Old_Pre,1.1057932937406278,turquoise
Q96CM8,ACSF2,Old_Post,0.4138092652036656,turquoise
Q96CN7,ISOC1,Young_Pre,0.33315360647768255,turquoise
Q96CN7,ISOC1,Young_Post,-1.483780291057409,turquoise
Q96CN7,ISOC1,Old_Pre,0.6880826615372893,turquoise
Q96CN7,ISOC1,Old_Post,0.4625440230424171,turquoise
Q96CT7,CCDC124,Young_Pre,-0.255149399398261,purple
Q96CT7,CCDC124,Young_Post,1.3704452898407633,purple
Q96CT7,CCDC124,Old_Pre,-1.0239289924025654,purple
Q96CT7,CCDC124,Old_Post,-0.091366898039937,purple
Q96CV9,OPTN,Young_Pre,-0.7832864046936813,turquoise
Q96CV9,OPTN,Young_Post,-0.8508532961781399,turquoise
Q96CV9,OPTN,Old_Pre,1.2216095861987504,turquoise
Q96CV9,OPTN,Old_Post,0.41253011467304884,turquoise
Q96CW1,AP2M1,Young_Pre,0.14602143074613164,blue
Q96CW1,AP2M1,Young_Post,1.3434002947142973,blue
Q96CW1,AP2M1,Old_Pre,-0.9246620391470839,blue
Q96CW1,AP2M1,Old_Post,-0.5647596863133452,blue
Q96DB5,RMDN1,Young_Pre,-0.7650002403685513,green
Q96DB5,RMDN1,Young_Post,-0.8639037223874553,green
Q96DB5,RMDN1,Old_Pre,0.40106298131875956,green
Q96DB5,RMDN1,Old_Post,1.227840981437281,green
Q96DC8,ECHDC3,Young_Pre,-0.41874195363760336,turquoise
Q96DC8,ECHDC3,Young_Post,-0.9701145390257847,turquoise
Q96DC8,ECHDC3,Old_Pre,1.372319011436194,turquoise
Q96DC8,ECHDC3,Old_Post,0.0165374812271939,turquoise
Q96DE0,NUDT16,Young_Pre,0.1975689976192899,green
Q96DE0,NUDT16,Young_Post,-1.3736992814262514,green
Q96DE0,NUDT16,Old_Pre,1.0252582074619252,green
Q96DE0,NUDT16,Old_Post,0.15087207634505864,green
Q96DG6,CMBL,Young_Pre,0.8453519353285743,yellow
Q96DG6,CMBL,Young_Post,-0.797336427256345,yellow
Q96DG6,CMBL,Old_Pre,0.8838694355381381,yellow
Q96DG6,CMBL,Old_Post,-0.9318849436104298,yellow
Q96DV4,MRPL38,Young_Pre,0.6697198869617831,green
Q96DV4,MRPL38,Young_Post,-1.1356275600275014,green
Q96DV4,MRPL38,Old_Pre,-0.5264177253533594,green
Q96DV4,MRPL38,Old_Post,0.9923253984191255,green
Q96E11,MRRF,Young_Pre,0.27416339095697123,green
Q96E11,MRRF,Young_Post,-1.4771857127195591,green
Q96E11,MRRF,Old_Pre,0.5037219695903858,green
Q96E11,MRRF,Old_Post,0.699300352172202,green
Q96EY1,DNAJA3,Young_Pre,1.1764444316843168,green
Q96EY1,DNAJA3,Young_Post,0.2107503074409177,green
Q96EY1,DNAJA3,Old_Pre,-0.14159728580157768,green
Q96EY1,DNAJA3,Old_Post,-1.245597453323565,green
Q96EY7,PTCD3,Young_Pre,-1.056844538098466,pink
Q96EY7,PTCD3,Young_Post,-0.09371234794410681,pink
Q96EY7,PTCD3,Old_Pre,-0.20331228519352057,pink
Q96EY7,PTCD3,Old_Post,1.3538691712361397,pink
Q96FQ6,S100A16,Young_Pre,0.15483776115680212,blue
Q96FQ6,S100A16,Young_Post,1.3019110612075506,blue
Q96FQ6,S100A16,Old_Pre,-1.0600325866395277,blue
Q96FQ6,S100A16,Old_Post,-0.39671623572484593,blue
Q96FV2,SCRN2,Young_Pre,1.4898348826165462,yellow
Q96FV2,SCRN2,Young_Post,-0.578579036124102,yellow
Q96FV2,SCRN2,Old_Pre,-0.5790068367877608,yellow
Q96FV2,SCRN2,Old_Post,-0.33224900970458693,yellow
Q96FW1,OTUB1,Young_Pre,-0.8125868831228013,turquoise
Q96FW1,OTUB1,Young_Post,-0.8897251640757395,turquoise
Q96FW1,OTUB1,Old_Pre,1.0738200493965386,turquoise
Q96FW1,OTUB1,Old_Post,0.6284919978020282,turquoise
Q96GG9,DCUN1D1,Young_Pre,0.6422429381884381,magenta
Q96GG9,DCUN1D1,Young_Post,0.9972463562018034,magenta
Q96GG9,DCUN1D1,Old_Pre,-1.1726335391846832,magenta
Q96GG9,DCUN1D1,Old_Post,-0.4668557552055149,magenta
Q96GK7,FAHD2A,Young_Pre,-0.9977082719739997,turquoise
Q96GK7,FAHD2A,Young_Post,-0.723327799451051,turquoise
Q96GK7,FAHD2A,Old_Pre,0.8465087708702586,turquoise
Q96GK7,FAHD2A,Old_Post,0.8745273005548084,turquoise
Q96HC4,PDLIM5,Young_Pre,0.8668729212727313,brown
Q96HC4,PDLIM5,Young_Post,0.8059702532291165,brown
Q96HC4,PDLIM5,Old_Pre,-0.5203985295200324,brown
Q96HC4,PDLIM5,Old_Post,-1.1524446449818155,brown
Q96HY6,DDRGK1,Young_Pre,0.702156691274511,purple
Q96HY6,DDRGK1,Young_Post,0.8371242573899662,purple
Q96HY6,DDRGK1,Old_Pre,-1.327092731986218,purple
Q96HY6,DDRGK1,Old_Post,-0.21218821667822318,purple
Q96I23,PYURF,Young_Pre,1.102482410628401,magenta
Q96I23,PYURF,Young_Post,0.5862827396663313,magenta
Q96I23,PYURF,Old_Pre,-0.9305255290070257,magenta
Q96I23,PYURF,Old_Post,-0.7582396212877066,magenta
Q96I99,SUCLG2,Young_Pre,0.6452335041509519,turquoise
Q96I99,SUCLG2,Young_Post,-1.3776792237308317,turquoise
Q96I99,SUCLG2,Old_Pre,0.8230791367283509,turquoise
Q96I99,SUCLG2,Old_Post,-0.09063341714847103,turquoise
Q96JJ7,TMX3,Young_Pre,0.5575656931128825,magenta
Q96JJ7,TMX3,Young_Post,1.125964438212571,magenta
Q96JJ7,TMX3,Old_Pre,-0.8875238364276603,magenta
Q96JJ7,TMX3,Old_Post,-0.7960062948978025,magenta
Q96L96,ALPK3,Young_Pre,0.5620628544501975,blue
Q96L96,ALPK3,Young_Post,1.053707349862068,blue
Q96L96,ALPK3,Old_Pre,-1.1742384097175158,blue
Q96L96,ALPK3,Old_Post,-0.4415317945947195,blue
Q96MF2,STAC3,Young_Pre,0.9390105572374196,yellow
Q96MF2,STAC3,Young_Post,0.4532785164218282,yellow
Q96MF2,STAC3,Old_Pre,-1.3830081796407832,yellow
Q96MF2,STAC3,Old_Post,-0.009280894018574024,yellow
Q96MF6,COQ10A,Young_Pre,-0.05895710085318978,turquoise
Q96MF6,COQ10A,Young_Post,-1.3504887999426134,turquoise
Q96MF6,COQ10A,Old_Pre,0.40519399699481207,turquoise
Q96MF6,COQ10A,Old_Post,1.004251903800991,turquoise
Q96MG2,JSRP1,Young_Pre,0.37731051241513863,blue
Q96MG2,JSRP1,Young_Post,1.2321333853842455,blue
Q96MG2,JSRP1,Old_Pre,-0.953599864926232,blue
Q96MG2,JSRP1,Old_Post,-0.6558440328731024,blue
Q96PE7,MCEE,Young_Pre,-0.9405880488550385,turquoise
Q96PE7,MCEE,Young_Post,-0.7762575693500614,turquoise
Q96PE7,MCEE,Old_Pre,0.9979557263708074,turquoise
Q96PE7,MCEE,Old_Post,0.7188898918342925,turquoise
Q96Q06,PLIN4,Young_Pre,-0.3874747682893838,turquoise
Q96Q06,PLIN4,Young_Post,-1.1727417075030417,turquoise
Q96Q06,PLIN4,Old_Pre,1.1388577784916312,turquoise
Q96Q06,PLIN4,Old_Post,0.4213586973008209,turquoise
Q96QR8,PURB,Young_Pre,-0.9098697066683487,black
Q96QR8,PURB,Young_Post,1.4268335671494627,black
Q96QR8,PURB,Old_Pre,-0.2220314705653864,black
Q96QR8,PURB,Old_Post,-0.2949323899156628,black
Q96RK4,BBS4,Young_Pre,1.0750947789347178,red
Q96RK4,BBS4,Young_Post,0.1814485274348576,red
Q96RK4,BBS4,Old_Pre,0.0865000263772429,red
Q96RK4,BBS4,Old_Post,-1.3430433327468507,red
Q96RQ3,MCCC1,Young_Pre,-0.6740516049682478,turquoise
Q96RQ3,MCCC1,Young_Post,-1.0319322732785363,turquoise
Q96RQ3,MCCC1,Old_Pre,0.9660842040820007,turquoise
Q96RQ3,MCCC1,Old_Post,0.7398996741647939,turquoise
Q96S96,PEBP4,Young_Pre,0.8091132841122296,yellow
Q96S96,PEBP4,Young_Post,-0.9983386445192188,yellow
Q96S96,PEBP4,Old_Pre,0.9103186706872269,yellow
Q96S96,PEBP4,Old_Post,-0.7210933102802237,yellow
Q99417,MYCBP,Young_Pre,1.164286281815042,brown
Q99417,MYCBP,Young_Post,0.26043053332946375,brown
Q99417,MYCBP,Old_Pre,-1.2423133064123804,brown
Q99417,MYCBP,Old_Post,-0.18240350873208355,brown
Q99426,TBCB,Young_Pre,-1.4574008120181081,blue
Q99426,TBCB,Young_Post,0.7995114272154807,blue
Q99426,TBCB,Old_Pre,0.22806077504370467,blue
Q99426,TBCB,Old_Post,0.4298286097589228,blue
Q99436,PSMB7,Young_Pre,-1.4227112083217561,red
Q99436,PSMB7,Young_Post,0.8136456768578596,red
Q99436,PSMB7,Old_Pre,0.05116236548999546,red
Q99436,PSMB7,Old_Post,0.5579031659738384,red
Q99447,PCYT2,Young_Pre,-0.012631431394024421,turquoise
Q99447,PCYT2,Young_Post,-0.2798612187015568,turquoise
Q99447,PCYT2,Old_Pre,1.3459842485185478,turquoise
Q99447,PCYT2,Old_Post,-1.0534915984229667,turquoise
Q99460,PSMD1,Young_Pre,0.10935847109018847,red
Q99460,PSMD1,Young_Post,1.3710681891626206,red
Q99460,PSMD1,Old_Pre,-0.8188936875020105,red
Q99460,PSMD1,Old_Post,-0.6615329727507985,red
Q99497,PARK7,Young_Pre,-0.09636753696494481,yellow
Q99497,PARK7,Young_Post,0.07552373134277653,yellow
Q99497,PARK7,Old_Pre,1.2320585574074392,yellow
Q99497,PARK7,Old_Post,-1.211214751785361,yellow
Q99536,VAT1,Young_Pre,-0.758775585024503,blue
Q99536,VAT1,Young_Post,1.4056792672209115,blue
Q99536,VAT1,Old_Pre,-0.6691997422171928,blue
Q99536,VAT1,Old_Post,0.02229606002071963,blue
Q99541,PLIN2,Young_Pre,-0.8598511325347244,turquoise
Q99541,PLIN2,Young_Post,-0.7559852844183029,turquoise
Q99541,PLIN2,Old_Pre,1.2459128525339191,turquoise
Q99541,PLIN2,Old_Post,0.3699235644190862,turquoise
Q99584,S100A13,Young_Pre,-0.4721631660705473,blue
Q99584,S100A13,Young_Post,1.3403319070555049,blue
Q99584,S100A13,Old_Pre,-0.9834994422385518,blue
Q99584,S100A13,Old_Post,0.11533070125360012,blue
Q99598,TSNAX,Young_Pre,1.0946955574292687,yellow
Q99598,TSNAX,Young_Post,0.2948001411967458,yellow
Q99598,TSNAX,Old_Pre,-0.08262638871678567,yellow
Q99598,TSNAX,Old_Post,-1.306869309909229,yellow
Q99613,EIF3C,Young_Pre,0.5699249156727204,blue
Q99613,EIF3C,Young_Post,1.0784385948157031,blue
Q99613,EIF3C,Old_Pre,-1.1013140849645893,blue
Q99613,EIF3C,Old_Post,-0.5470494255238586,blue
Q99623,PHB2,Young_Pre,-0.598195886399154,green
Q99623,PHB2,Young_Post,-1.0821601451596976,green
Q99623,PHB2,Old_Pre,0.6679965630545911,green
Q99623,PHB2,Old_Post,1.0123594685043085,green
Q99627,COPS8,Young_Pre,-0.7672726866781602,red
Q99627,COPS8,Young_Post,-0.9490854685263552,red
Q99627,COPS8,Old_Pre,0.9952679889722414,red
Q99627,COPS8,Old_Post,0.7210901662323076,red
Q99643,SDHC,Young_Pre,0.6620457854574971,magenta
Q99643,SDHC,Young_Post,0.9982031734739306,magenta
Q99643,SDHC,Old_Pre,-0.5242875134135321,magenta
Q99643,SDHC,Old_Post,-1.1359614455179343,magenta
Q99714,HSD17B10,Young_Pre,-1.4317139112721644,pink
Q99714,HSD17B10,Young_Post,0.08934448327684134,pink
Q99714,HSD17B10,Old_Pre,0.8147726643438292,pink
Q99714,HSD17B10,Old_Post,0.5275967636517619,pink
Q99733,NAP1L4,Young_Pre,0.9917346346501053,brown
Q99733,NAP1L4,Young_Post,0.7249143348071917,brown
Q99733,NAP1L4,Old_Pre,-0.7647302021655151,brown
Q99733,NAP1L4,Old_Post,-0.9519187672918097,brown
Q99766,DMAC2L,Young_Pre,-0.39184488799061806,turquoise
Q99766,DMAC2L,Young_Post,-0.7719782810794196,turquoise
Q99766,DMAC2L,Old_Pre,1.4688346175162348,turquoise
Q99766,DMAC2L,Old_Post,-0.3050114484461548,turquoise
Q99798,ACO2,Young_Pre,-0.9847020570191567,turquoise
Q99798,ACO2,Young_Post,-0.735447032540106,turquoise
Q99798,ACO2,Old_Pre,0.9308667621287632,turquoise
Q99798,ACO2,Old_Post,0.7892823274304995,turquoise
Q99807,COQ7,Young_Pre,-0.5442880876519948,turquoise
Q99807,COQ7,Young_Post,-1.09691195808975,turquoise
Q99807,COQ7,Old_Pre,1.097877716499924,turquoise
Q99807,COQ7,Old_Post,0.5433223292418207,turquoise
Q99816,TSG101,Young_Pre,0.4067719868760173,red
Q99816,TSG101,Young_Post,1.1113102128248242,red
Q99816,TSG101,Old_Pre,-0.2861566641582178,red
Q99816,TSG101,Old_Post,-1.2319255355426406,red
Q99829,CPNE1,Young_Pre,1.2583978021417142,yellow
Q99829,CPNE1,Young_Post,-0.11275409947984272,yellow
Q99829,CPNE1,Old_Pre,0.03851755435583415,yellow
Q99829,CPNE1,Old_Post,-1.1841612570177418,yellow
Q99832,CCT7,Young_Pre,-0.07407541882701614,blue
Q99832,CCT7,Young_Post,1.377292288784474,blue
Q99832,CCT7,Old_Pre,-1.0040227355608724,blue
Q99832,CCT7,Old_Post,-0.2991941343965311,blue
Q99873,PRMT1,Young_Pre,0.031330220124347906,magenta
Q99873,PRMT1,Young_Post,1.2927983858226502,magenta
Q99873,PRMT1,Old_Pre,-0.18717880710226284,magenta
Q99873,PRMT1,Old_Post,-1.1369497988447352,magenta
Q9BPW8,NIPSNAP1,Young_Pre,0.9468561205803192,green
Q9BPW8,NIPSNAP1,Young_Post,-0.5701705689054137,green
Q9BPW8,NIPSNAP1,Old_Pre,0.735622322760292,green
Q9BPW8,NIPSNAP1,Old_Post,-1.1123078744351391,green
Q9BPX5,ARPC5L,Young_Pre,-0.551429571311191,green
Q9BPX5,ARPC5L,Young_Post,-0.9308019244594387,green
Q9BPX5,ARPC5L,Old_Pre,0.13653816734704768,green
Q9BPX5,ARPC5L,Old_Post,1.345693328423557,green
Q9BPX6,MICU1,Young_Pre,-0.8439190922600879,turquoise
Q9BPX6,MICU1,Young_Post,-0.8800203721224765,turquoise
Q9BPX6,MICU1,Old_Pre,0.9789762959825723,turquoise
Q9BPX6,MICU1,Old_Post,0.7449631684000021,turquoise
Q9BQ69,MACROD1,Young_Pre,1.3311107927001664,brown
Q9BQ69,MACROD1,Young_Post,0.07868249488163054,brown
Q9BQ69,MACROD1,Old_Pre,-0.3671137507212221,brown
Q9BQ69,MACROD1,Old_Post,-1.0426795368605508,brown
Q9BQE5,APOL2,Young_Pre,0.0711013541086798,blue
Q9BQE5,APOL2,Young_Post,1.26869807864067,blue
Q9BQE5,APOL2,Old_Pre,-1.1637714217292388,blue
Q9BQE5,APOL2,Old_Post,-0.17602801102009588,blue
Q9BR39,JPH2,Young_Pre,1.4540710373087231,brown
Q9BR39,JPH2,Young_Post,-0.6487148177917372,brown
Q9BR39,JPH2,Old_Pre,-0.1375864430844971,brown
Q9BR39,JPH2,Old_Post,-0.6677697764325092,brown
Q9BRF8,CPPED1,Young_Pre,0.394483565777238,magenta
Q9BRF8,CPPED1,Young_Post,1.2286791710174614,magenta
Q9BRF8,CPPED1,Old_Pre,-0.9048593829026172,magenta
Q9BRF8,CPPED1,Old_Post,-0.7183033538920821,magenta
Q9BRT3,MIEN1,Young_Pre,0.7123375836991774,magenta
Q9BRT3,MIEN1,Young_Post,0.5929543058394997,magenta
Q9BRT3,MIEN1,Old_Pre,-1.4554805789214416,magenta
Q9BRT3,MIEN1,Old_Post,0.1501886893827877,magenta
Q9BRX2,PELO,Young_Pre,0.4141109432624595,black
Q9BRX2,PELO,Young_Post,0.9910720408643051,black
Q9BRX2,PELO,Old_Pre,-1.3579611309114266,black
Q9BRX2,PELO,Old_Post,-0.04722185321540361,black
Q9BRX8,PRXL2A,Young_Pre,0.24584372464190746,green
Q9BRX8,PRXL2A,Young_Post,-1.129556200619785,green
Q9BRX8,PRXL2A,Old_Pre,1.2397252067413835,green
Q9BRX8,PRXL2A,Old_Post,-0.35601273076341494,green
Q9BS92,NIPSNAP3B,Young_Pre,-0.844500518235178,turquoise
Q9BS92,NIPSNAP3B,Young_Post,-0.8316820518981545,turquoise
Q9BS92,NIPSNAP3B,Old_Pre,1.146579400754687,turquoise
Q9BS92,NIPSNAP3B,Old_Post,0.5296031693787477,turquoise
Q9BSH4,TACO1,Young_Pre,-0.6029473195494751,turquoise
Q9BSH4,TACO1,Young_Post,-1.090894846950615,turquoise
Q9BSH4,TACO1,Old_Pre,0.9239026402549035,turquoise
Q9BSH4,TACO1,Old_Post,0.7699395262452214,turquoise
Q9BSJ8,ESYT1,Young_Pre,0.7022734992165908,yellow
Q9BSJ8,ESYT1,Young_Post,0.918934238338365,yellow
Q9BSJ8,ESYT1,Old_Pre,-0.39334223996799245,yellow
Q9BSJ8,ESYT1,Old_Post,-1.2278654975869856,yellow
Q9BSL1,UBAC1,Young_Pre,-1.2436292682748105,turquoise
Q9BSL1,UBAC1,Young_Post,-0.2488187864719375,turquoise
Q9BSL1,UBAC1,Old_Pre,0.37354799076087547,turquoise
Q9BSL1,UBAC1,Old_Post,1.11890006398579,turquoise
Q9BT78,COPS4,Young_Pre,-0.8880164016891934,red
Q9BT78,COPS4,Young_Post,-0.8188891838291579,red
Q9BT78,COPS4,Old_Pre,1.0584942958771746,red
Q9BT78,COPS4,Old_Post,0.6484112896411334,red
Q9BTE1,DCTN5,Young_Pre,-1.4407254958215712,blue
Q9BTE1,DCTN5,Young_Post,0.745294307558006,blue
Q9BTE1,DCTN5,Old_Pre,0.5997415570864785,blue
Q9BTE1,DCTN5,Old_Post,0.09568963117708669,blue
Q9BTE6,AARSD1,Young_Pre,1.048056798579743,brown
Q9BTE6,AARSD1,Young_Post,0.6396086117727692,brown
Q9BTE6,AARSD1,Old_Pre,-0.6589401660532908,brown
Q9BTE6,AARSD1,Old_Post,-1.0287252442992505,brown
Q9BTV4,TMEM43,Young_Pre,-0.060161539747706876,blue
Q9BTV4,TMEM43,Young_Post,1.3120788279591273,blue
Q9BTV4,TMEM43,Old_Pre,-1.121529673371588,blue
Q9BTV4,TMEM43,Old_Post,-0.13038761483978006,blue
Q9BTZ2,DHRS4,Young_Pre,-0.6328235745239231,turquoise
Q9BTZ2,DHRS4,Young_Post,-0.5154745611190571,turquoise
Q9BTZ2,DHRS4,Old_Pre,-0.34087169593347916,turquoise
Q9BTZ2,DHRS4,Old_Post,1.4891698315764101,turquoise
Q9BUB7,TMEM70,Young_Pre,-0.4110728803449535,pink
Q9BUB7,TMEM70,Young_Post,1.2604717272527277,pink
Q9BUB7,TMEM70,Old_Pre,-1.088586052057495,pink
Q9BUB7,TMEM70,Old_Post,0.23918720514965988,pink
Q9BUF5,TUBB6,Young_Pre,-0.8976572842783319,blue
Q9BUF5,TUBB6,Young_Post,1.2350405904633563,blue
Q9BUF5,TUBB6,Old_Pre,-0.7218518433827296,blue
Q9BUF5,TUBB6,Old_Post,0.3844685371976886,blue
Q9BUK0,CHCHD7,Young_Pre,-0.25623432850249084,turquoise
Q9BUK0,CHCHD7,Young_Post,-1.3075294729759885,turquoise
Q9BUK0,CHCHD7,Old_Pre,0.8137569128082496,turquoise
Q9BUK0,CHCHD7,Old_Post,0.7500068886702298,turquoise
Q9BUR5,APOO,Young_Pre,-0.08428040767276984,turquoise
Q9BUR5,APOO,Young_Post,-1.3823128978030201,turquoise
Q9BUR5,APOO,Old_Pre,0.7910023873607517,turquoise
Q9BUR5,APOO,Old_Post,0.6755909181150385,turquoise
Q9BV23,ABHD6,Young_Pre,0.7865937995062426,magenta
Q9BV23,ABHD6,Young_Post,0.9407298857250791,magenta
Q9BV23,ABHD6,Old_Pre,-0.8163653316371261,magenta
Q9BV23,ABHD6,Old_Post,-0.9109583535941793,magenta
Q9BV57,ADI1,Young_Pre,0.5479807230293449,yellow
Q9BV57,ADI1,Young_Post,1.133805428130396,yellow
Q9BV57,ADI1,Old_Pre,-0.8407362093862604,yellow
Q9BV57,ADI1,Old_Post,-0.8410499417734407,yellow
Q9BV79,MECR,Young_Pre,-0.8090665136700274,turquoise
Q9BV79,MECR,Young_Post,-0.8889077209815645,turquoise
Q9BV79,MECR,Old_Pre,1.0874155020316587,turquoise
Q9BV79,MECR,Old_Post,0.610558732619905,turquoise
Q9BV86,NTMT1,Young_Pre,-0.677347449617392,green
Q9BV86,NTMT1,Young_Post,-0.9439040755674648,green
Q9BV86,NTMT1,Old_Pre,0.4007371956215963,green
Q9BV86,NTMT1,Old_Post,1.2205143295632717,green
Q9BVC6,TMEM109,Young_Pre,1.1787950641509555,magenta
Q9BVC6,TMEM109,Young_Post,0.09747032180044816,magenta
Q9BVC6,TMEM109,Old_Pre,-0.011030203181273355,magenta
Q9BVC6,TMEM109,Old_Post,-1.2652351827700818,magenta
Q9BVV7,TIMM21,Young_Pre,-0.6143879845924083,green
Q9BVV7,TIMM21,Young_Post,-1.0231458114242045,green
Q9BVV7,TIMM21,Old_Pre,0.4760267731285627,green
Q9BVV7,TIMM21,Old_Post,1.1615070228881068,green
Q9BW91,NUDT9,Young_Pre,0.3660970434124032,turquoise
Q9BW91,NUDT9,Young_Post,-1.1740746785548435,turquoise
Q9BW91,NUDT9,Old_Pre,1.1659296533766823,turquoise
Q9BW91,NUDT9,Old_Post,-0.3579520182342419,turquoise
Q9BWH2,FUNDC2,Young_Pre,0.6524561230144936,magenta
Q9BWH2,FUNDC2,Young_Post,0.5750980627577472,magenta
Q9BWH2,FUNDC2,Old_Pre,0.24939107909717756,magenta
Q9BWH2,FUNDC2,Old_Post,-1.4769452648693273,magenta
Q9BX66,SORBS1,Young_Pre,0.4832030750562246,green
Q9BX66,SORBS1,Young_Post,-1.3086081731964359,green
Q9BX66,SORBS1,Old_Pre,1.00995151277024,green
Q9BX66,SORBS1,Old_Post,-0.18454641463002897,green
Q9BX68,HINT2,Young_Pre,1.2036318482382975,pink
Q9BX68,HINT2,Young_Post,-0.6022625705278504,pink
Q9BX68,HINT2,Old_Pre,0.40914902685834115,pink
Q9BX68,HINT2,Old_Post,-1.0105183045687587,pink
Q9BXB4,OSBPL11,Young_Pre,0.37321847997406715,blue
Q9BXB4,OSBPL11,Young_Post,1.1025946548340255,blue
Q9BXB4,OSBPL11,Old_Pre,-1.2651545114025216,blue
Q9BXB4,OSBPL11,Old_Post,-0.210658623405571,blue
Q9BXI3,NT5C1A,Young_Pre,0.46349360053625216,brown
Q9BXI3,NT5C1A,Young_Post,1.1218524247351314,brown
Q9BXI3,NT5C1A,Old_Pre,-1.1600691268339687,brown
Q9BXI3,NT5C1A,Old_Post,-0.4252768984373849,brown
Q9BXJ8,TMEM120A,Young_Pre,0.2468799618615531,green
Q9BXJ8,TMEM120A,Young_Post,-1.3995713791168722,green
Q9BXJ8,TMEM120A,Old_Pre,0.9737758833005765,green
Q9BXJ8,TMEM120A,Old_Post,0.1789155339547591,green
Q9BXK5,BCL2L13,Young_Pre,-0.9514050332490559,turquoise
Q9BXK5,BCL2L13,Young_Post,-0.7476735628685182,turquoise
Q9BXK5,BCL2L13,Old_Pre,1.0644563381041285,turquoise
Q9BXK5,BCL2L13,Old_Post,0.6346222580132276,turquoise
Q9BXS5,AP1M1,Young_Pre,0.045224786821285716,magenta
Q9BXS5,AP1M1,Young_Post,1.396198950517275,magenta
Q9BXS5,AP1M1,Old_Pre,-0.7904686387705295,magenta
Q9BXS5,AP1M1,Old_Post,-0.6509550985680157,magenta
Q9BXW6,OSBPL1A,Young_Pre,0.8492192468235524,red
Q9BXW6,OSBPL1A,Young_Post,0.7856613926285777,red
Q9BXW6,OSBPL1A,Old_Pre,-1.220643428797462,red
Q9BXW6,OSBPL1A,Old_Post,-0.4142372106546414,red
Q9BXW7,HDHD5,Young_Pre,-1.0177457997164008,turquoise
Q9BXW7,HDHD5,Young_Post,-0.5011576029087801,turquoise
Q9BXW7,HDHD5,Old_Pre,0.23053735524438282,turquoise
Q9BXW7,HDHD5,Old_Post,1.288366047380664,turquoise
Q9BY44,EIF2A,Young_Pre,0.7172438018669246,purple
Q9BY44,EIF2A,Young_Post,1.0004995641589487,purple
Q9BY44,EIF2A,Old_Pre,-0.9268452625798733,purple
Q9BY44,EIF2A,Old_Post,-0.790898103446,purple
Q9BYD1,MRPL13,Young_Pre,0.6328640826482351,pink
Q9BYD1,MRPL13,Young_Post,0.8168276999873203,pink
Q9BYD1,MRPL13,Old_Pre,-1.3887255600480035,pink
Q9BYD1,MRPL13,Old_Post,-0.06096622258751557,pink
Q9BYD2,MRPL9,Young_Pre,0.9192401067165507,magenta
Q9BYD2,MRPL9,Young_Post,0.7698123113859996,magenta
Q9BYD2,MRPL9,Old_Pre,-1.1052344711884814,magenta
Q9BYD2,MRPL9,Old_Post,-0.5838179469141102,magenta
Q9BYD6,MRPL1,Young_Pre,0.5414778921296741,pink
Q9BYD6,MRPL1,Young_Post,1.0589848801790926,pink
Q9BYD6,MRPL1,Old_Pre,-1.190495510250954,pink
Q9BYD6,MRPL1,Old_Post,-0.4099672620578355,pink
Q9BYV2,TRIM54,Young_Pre,1.2152847124012802,brown
Q9BYV2,TRIM54,Young_Post,0.4015443691167855,brown
Q9BYV2,TRIM54,Old_Pre,-0.9739093261950805,brown
Q9BYV2,TRIM54,Old_Post,-0.6429197553229987,brown
Q9BZE1,MRPL37,Young_Pre,0.44209096358604866,green
Q9BZE1,MRPL37,Young_Post,-1.3362706701575973,green
Q9BZE1,MRPL37,Old_Pre,-0.10930820663618948,green
Q9BZE1,MRPL37,Old_Post,1.00348791320778,green
Q9BZE9,ASPSCR1,Young_Pre,1.1472926049423782,yellow
Q9BZE9,ASPSCR1,Young_Post,0.37672308658871567,yellow
Q9BZE9,ASPSCR1,Old_Pre,-0.32583845168843756,yellow
Q9BZE9,ASPSCR1,Old_Post,-1.1981772398426225,yellow
Q9BZL1,UBL5,Young_Pre,0.7759824513092002,red
Q9BZL1,UBL5,Young_Post,-1.4663359081520497,red
Q9BZL1,UBL5,Old_Pre,0.41379265964964634,red
Q9BZL1,UBL5,Old_Post,0.27656079719320326,red
Q9C0C9,UBE2O,Young_Pre,0.0027333554426312644,blue
Q9C0C9,UBE2O,Young_Post,1.3350711953201502,blue
Q9C0C9,UBE2O,Old_Pre,-1.0705967638758536,blue
Q9C0C9,UBE2O,Old_Post,-0.2672077868869079,blue
Q9GZP4,PITHD1,Young_Pre,-0.6297758534399428,turquoise
Q9GZP4,PITHD1,Young_Post,-1.0400709078079167,turquoise
Q9GZP4,PITHD1,Old_Pre,1.08735235888373,turquoise
Q9GZP4,PITHD1,Old_Post,0.5824944023641744,turquoise
Q9GZT3,SLIRP,Young_Pre,-1.166460534278217,pink
Q9GZT3,SLIRP,Young_Post,0.26835211701171685,pink
Q9GZT3,SLIRP,Old_Pre,-0.3138539112228907,pink
Q9GZT3,SLIRP,Old_Post,1.211962328489133,pink
Q9GZT8,NIF3L1,Young_Pre,1.3299035012320486,yellow
Q9GZT8,NIF3L1,Young_Post,-0.7950354064064573,yellow
Q9GZT8,NIF3L1,Old_Pre,0.21018161425444826,yellow
Q9GZT8,NIF3L1,Old_Post,-0.7450497090800396,yellow
Q9GZT9,EGLN1,Young_Pre,-0.8187592048720894,turquoise
Q9GZT9,EGLN1,Young_Post,-0.9052960227149747,turquoise
Q9GZT9,EGLN1,Old_Pre,0.7527361186794294,turquoise
Q9GZT9,EGLN1,Old_Post,0.9713191089076237,turquoise
Q9GZV1,ANKRD2,Young_Pre,-0.31513129206599916,blue
Q9GZV1,ANKRD2,Young_Post,1.339611357691596,blue
Q9GZV1,ANKRD2,Old_Pre,-1.0513847150050555,blue
Q9GZV1,ANKRD2,Old_Post,0.026904649379447053,blue
Q9H061,TMEM126A,Young_Pre,0.35588579731735304,green
Q9H061,TMEM126A,Young_Post,-1.0997961561264435,green
Q9H061,TMEM126A,Old_Pre,1.204749392660633,green
Q9H061,TMEM126A,Old_Post,-0.46083903385143804,green
Q9H078,CLPB,Young_Pre,-0.8872716173347522,green
Q9H078,CLPB,Young_Post,-0.5191954371832677,green
Q9H078,CLPB,Old_Pre,0.01254170475142506,green
Q9H078,CLPB,Old_Post,1.3939253497666855,green
Q9H0E2,TOLLIP,Young_Pre,0.9875292897048191,magenta
Q9H0E2,TOLLIP,Young_Post,0.7023713452479526,magenta
Q9H0E2,TOLLIP,Old_Pre,-0.6173780022194127,magenta
Q9H0E2,TOLLIP,Old_Post,-1.0725226327333346,magenta
Q9H0N5,PCBD2,Young_Pre,-0.20796575477507356,turquoise
Q9H0N5,PCBD2,Young_Post,-1.2535674804147074,turquoise
Q9H0N5,PCBD2,Old_Pre,1.129062436117633,turquoise
Q9H0N5,PCBD2,Old_Post,0.33247079907214805,turquoise
Q9H0P0,NT5C3A,Young_Pre,-0.32257957348521754,yellow
Q9H0P0,NT5C3A,Young_Post,-0.48273547964472296,yellow
Q9H0P0,NT5C3A,Old_Pre,1.4840091594909892,yellow
Q9H0P0,NT5C3A,Old_Post,-0.6786941063609752,yellow
Q9H0U4,RAB1B,Young_Pre,-0.09411733712833198,magenta
Q9H0U4,RAB1B,Young_Post,1.3463571308534414,magenta
Q9H0U4,RAB1B,Old_Pre,-0.18204098914595454,magenta
Q9H0U4,RAB1B,Old_Post,-1.070198804579188,magenta
Q9H1E5,TMX4,Young_Pre,1.1922258491221924,yellow
Q9H1E5,TMX4,Young_Post,-0.062044750888923715,yellow
Q9H1E5,TMX4,Old_Pre,0.11904880663273679,yellow
Q9H1E5,TMX4,Old_Post,-1.249229904865922,yellow
Q9H1R3,MYLK2,Young_Pre,1.124771032455934,yellow
Q9H1R3,MYLK2,Young_Post,-0.4117792059778914,yellow
Q9H1R3,MYLK2,Old_Pre,0.4531797433544247,yellow
Q9H1R3,MYLK2,Old_Post,-1.166171569832436,yellow
Q9H223,EHD4,Young_Pre,-0.5007280023809483,green
Q9H223,EHD4,Young_Post,-1.083696453089145,green
Q9H223,EHD4,Old_Pre,0.392416631431329,green
Q9H223,EHD4,Old_Post,1.1920078240387855,green
Q9H299,SH3BGRL3,Young_Pre,-0.7564551450366663,turquoise
Q9H299,SH3BGRL3,Young_Post,-0.7738497393145046,turquoise
Q9H299,SH3BGRL3,Old_Pre,0.19156039421122253,turquoise
Q9H299,SH3BGRL3,Old_Post,1.3387444901399483,turquoise
Q9H2G2,SLK,Young_Pre,-0.2740758964560265,blue
Q9H2G2,SLK,Young_Post,1.1649263701530062,blue
Q9H2G2,SLK,Old_Pre,-1.2106120349118588,blue
Q9H2G2,SLK,Old_Post,0.31976156121481464,blue
Q9H2I8,LRMDA,Young_Pre,0.714937547977984,magenta
Q9H2I8,LRMDA,Young_Post,1.0048910995766718,magenta
Q9H2I8,LRMDA,Old_Pre,-0.8686576643282061,magenta
Q9H2I8,LRMDA,Old_Post,-0.8511709832264496,magenta
Q9H2S6,TNMD,Young_Pre,-0.3322807038046337,pink
Q9H2S6,TNMD,Young_Post,-0.7179857174047597,pink
Q9H2S6,TNMD,Old_Pre,1.4797421006015317,pink
Q9H2S6,TNMD,Old_Post,-0.4294756793920181,pink
Q9H2U2,PPA2,Young_Pre,-0.7801935304244707,turquoise
Q9H2U2,PPA2,Young_Post,-0.8585973983768694,turquoise
Q9H2U2,PPA2,Old_Pre,1.213914607423971,turquoise
Q9H2U2,PPA2,Old_Post,0.4248763213771488,turquoise
Q9H2W6,MRPL46,Young_Pre,0.09093661381691849,green
Q9H2W6,MRPL46,Young_Post,-1.2522686562185712,green
Q9H2W6,MRPL46,Old_Pre,-0.03138286923421826,green
Q9H2W6,MRPL46,Old_Post,1.1927149116359175,green
Q9H3H3,C11orf68,Young_Pre,0.8633156300301982,red
Q9H3H3,C11orf68,Young_Post,0.8687126914720426,red
Q9H3H3,C11orf68,Old_Pre,-0.8716412993649928,red
Q9H3H3,C11orf68,Old_Post,-0.8603870221372872,red
Q9H3K2,GHITM,Young_Pre,0.9768522576580395,green
Q9H3K2,GHITM,Young_Post,0.632115250318788,green
Q9H3K2,GHITM,Old_Pre,-1.2238891403154455,green
Q9H3K2,GHITM,Old_Post,-0.3850783676613459,green
Q9H444,CHMP4B,Young_Pre,-1.0873914932754012,red
Q9H444,CHMP4B,Young_Post,0.6286219590049407,red
Q9H444,CHMP4B,Old_Pre,-0.5821506388150328,red
Q9H444,CHMP4B,Old_Post,1.0409201730854933,red
Q9H477,RBKS,Young_Pre,1.021855277147324,yellow
Q9H477,RBKS,Young_Post,-0.07196853493512488,yellow
Q9H477,RBKS,Old_Pre,0.3909347701557655,yellow
Q9H477,RBKS,Old_Post,-1.3408215123679645,yellow
Q9H479,FN3K,Young_Pre,-0.4761081267447661,turquoise
Q9H479,FN3K,Young_Post,-1.1821193756296031,turquoise
Q9H479,FN3K,Old_Pre,0.8520877429310809,turquoise
Q9H479,FN3K,Old_Post,0.8061397594432884,turquoise
Q9H4G4,GLIPR2,Young_Pre,-0.3839788375189609,blue
Q9H4G4,GLIPR2,Young_Post,0.8168136651788975,blue
Q9H4G4,GLIPR2,Old_Pre,-1.2390861516666394,blue
Q9H4G4,GLIPR2,Old_Post,0.8062513240067027,blue
Q9H6F2,TMEM38A,Young_Pre,1.0243690705039525,magenta
Q9H6F2,TMEM38A,Young_Post,0.6674305842910406,magenta
Q9H6F2,TMEM38A,Old_Pre,-0.6534012734217114,magenta
Q9H6F2,TMEM38A,Old_Post,-1.0383983813732927,magenta
Q9H6K4,OPA3,Young_Pre,-0.9290220603007501,pink
Q9H6K4,OPA3,Young_Post,0.4222333691690879,pink
Q9H6K4,OPA3,Old_Pre,1.2100080619385263,pink
Q9H6K4,OPA3,Old_Post,-0.7032193708071773,pink
Q9H773,DCTPP1,Young_Pre,-0.5501289936480551,turquoise
Q9H773,DCTPP1,Young_Post,-1.120799529407081,turquoise
Q9H773,DCTPP1,Old_Pre,0.9857397429759037,turquoise
Q9H773,DCTPP1,Old_Post,0.6851887800792159,turquoise
Q9H7Z7,PTGES2,Young_Pre,-0.1688884203725005,pink
Q9H7Z7,PTGES2,Young_Post,0.9590712250544001,pink
Q9H7Z7,PTGES2,Old_Pre,-1.3276858089103412,pink
Q9H7Z7,PTGES2,Old_Post,0.5375030042286523,pink
Q9H845,ACAD9,Young_Pre,-0.02842568046560774,turquoise
Q9H845,ACAD9,Young_Post,-1.4030388796067008,turquoise
Q9H845,ACAD9,Old_Pre,0.6603766586835677,turquoise
Q9H845,ACAD9,Old_Post,0.7710879013886596,turquoise
Q9H8H3,METTL7A,Young_Pre,0.44448634286791655,yellow
Q9H8H3,METTL7A,Young_Post,-0.9410400698226652,yellow
Q9H8H3,METTL7A,Old_Pre,1.1952701781622384,yellow
Q9H8H3,METTL7A,Old_Post,-0.6987164512075479,yellow
Q9H8M1,COQ10B,Young_Pre,1.1941816721975045,pink
Q9H8M1,COQ10B,Young_Post,0.18088388295093857,pink
Q9H8M1,COQ10B,Old_Pre,-0.14172671577292068,pink
Q9H8M1,COQ10B,Old_Post,-1.2333388393756133,pink
Q9H8S9,MOB1A,Young_Pre,0.09188889936628153,brown
Q9H8S9,MOB1A,Young_Post,-1.4123391312370657,brown
Q9H8S9,MOB1A,Old_Pre,0.9102853098147662,brown
Q9H8S9,MOB1A,Old_Post,0.41016492205601796,brown
Q9H910,JPT2,Young_Pre,-1.1754118794825492,turquoise
Q9H910,JPT2,Young_Post,-0.21377694211734283,turquoise
Q9H910,JPT2,Old_Pre,0.14333061661370922,turquoise
Q9H910,JPT2,Old_Post,1.2458582049861828,turquoise
Q9H987,SYNPO2L,Young_Pre,0.9375142312095606,brown
Q9H987,SYNPO2L,Young_Post,0.789797567882529,brown
Q9H987,SYNPO2L,Old_Pre,-0.916019256987167,brown
Q9H987,SYNPO2L,Old_Post,-0.8112925421049225,brown
Q9H9B4,SFXN1,Young_Pre,-1.0540591934660084,turquoise
Q9H9B4,SFXN1,Young_Post,-0.6308108071621559,turquoise
Q9H9B4,SFXN1,Old_Pre,0.653168676409268,turquoise
Q9H9B4,SFXN1,Old_Post,1.0317013242188757,turquoise
Q9H9P8,L2HGDH,Young_Pre,-0.5425790923956891,turquoise
Q9H9P8,L2HGDH,Young_Post,-1.1332022074756378,turquoise
Q9H9P8,L2HGDH,Old_Pre,0.93100134472478,turquoise
Q9H9P8,L2HGDH,Old_Post,0.7447799551465273,turquoise
Q9H9Q2,COPS7B,Young_Pre,-0.6148145177283848,yellow
Q9H9Q2,COPS7B,Young_Post,0.4921862434236561,yellow
Q9H9Q2,COPS7B,Old_Pre,1.1504048045775979,yellow
Q9H9Q2,COPS7B,Old_Post,-1.0277765302728519,yellow
Q9HAV7,GRPEL1,Young_Pre,-0.828474085714593,turquoise
Q9HAV7,GRPEL1,Young_Post,-0.9025962323539888,turquoise
Q9HAV7,GRPEL1,Old_Pre,0.8475281105431757,turquoise
Q9HAV7,GRPEL1,Old_Post,0.8835422075254061,turquoise
Q9HB71,CACYBP,Young_Pre,-1.443980411317961,blue
Q9HB71,CACYBP,Young_Post,0.28727437969003305,blue
Q9HB71,CACYBP,Old_Pre,0.29251251771979436,blue
Q9HB71,CACYBP,Old_Post,0.8641935139081673,blue
Q9HBL0,TNS1,Young_Pre,-0.3291701617421889,green
Q9HBL0,TNS1,Young_Post,-1.261632358271926,green
Q9HBL0,TNS1,Old_Pre,0.9269392171490419,green
Q9HBL0,TNS1,Old_Post,0.6638633028651016,green
Q9HBL7,PLGRKT,Young_Pre,-0.2209670576014595,green
Q9HBL7,PLGRKT,Young_Post,-1.3224113972817038,green
Q9HBL7,PLGRKT,Old_Pre,0.8471648138772331,green
Q9HBL7,PLGRKT,Old_Post,0.6962136410059471,green
Q9HCC0,MCCC2,Young_Pre,-0.10548593172020014,turquoise
Q9HCC0,MCCC2,Young_Post,-1.3748770392826,turquoise
Q9HCC0,MCCC2,Old_Pre,0.7024417047362224,turquoise
Q9HCC0,MCCC2,Old_Post,0.7779212662666471,turquoise
Q9HCP6,HHATL,Young_Pre,1.4012041366517434,brown
Q9HCP6,HHATL,Young_Post,-0.2500634883478696,brown
Q9HCP6,HHATL,Old_Pre,-0.18089778701726383,brown
Q9HCP6,HHATL,Old_Post,-0.9702428612865928,brown
Q9HDC5,JPH1,Young_Pre,1.2791562821103386,black
Q9HDC5,JPH1,Young_Post,0.30742072758402456,black
Q9HDC5,JPH1,Old_Pre,-0.7203556646991611,black
Q9HDC5,JPH1,Old_Post,-0.8662213449951429,black
Q9HDC9,APMAP,Young_Pre,-0.04784171709386517,blue
Q9HDC9,APMAP,Young_Post,1.3320242672724811,blue
Q9HDC9,APMAP,Old_Pre,-1.088667198315741,blue
Q9HDC9,APMAP,Old_Post,-0.19551535186290425,blue
Q9NP72,RAB18,Young_Pre,-0.9912754263328585,blue
Q9NP72,RAB18,Young_Post,1.144141730489544,blue
Q9NP72,RAB18,Old_Pre,0.5137484624386376,blue
Q9NP72,RAB18,Old_Post,-0.666614766595323,blue
Q9NP81,SARS2,Young_Pre,-1.2530359582261843,turquoise
Q9NP81,SARS2,Young_Post,-0.35819188389937207,turquoise
Q9NP81,SARS2,Old_Pre,0.7633535254159333,turquoise
Q9NP81,SARS2,Old_Post,0.8478743167096601,turquoise
Q9NP97,DYNLRB1,Young_Pre,0.36833912072814406,red
Q9NP97,DYNLRB1,Young_Post,0.9625197491153592,red
Q9NP97,DYNLRB1,Old_Pre,-1.3907877460286031,red
Q9NP97,DYNLRB1,Old_Post,0.0599288761850434,red
Q9NP98,MYOZ1,Young_Pre,1.118807347258764,brown
Q9NP98,MYOZ1,Young_Post,0.56757104684259,brown
Q9NP98,MYOZ1,Old_Pre,-0.8889995804799277,brown
Q9NP98,MYOZ1,Old_Post,-0.7973788136214345,brown
Q9NPC6,MYOZ2,Young_Pre,1.2857869580167576,brown
Q9NPC6,MYOZ2,Young_Post,0.20758021652747102,brown
Q9NPC6,MYOZ2,Old_Pre,-0.43960900895490773,brown
Q9NPC6,MYOZ2,Old_Post,-1.05375816558929,brown
Q9NPF4,OSGEP,Young_Pre,0.7098733815354226,brown
Q9NPF4,OSGEP,Young_Post,0.9628467150224502,brown
Q9NPF4,OSGEP,Old_Pre,-1.1279159818866042,brown
Q9NPF4,OSGEP,Old_Post,-0.5448041146712443,brown
Q9NPJ3,ACOT13,Young_Pre,-0.7591389431440352,turquoise
Q9NPJ3,ACOT13,Young_Post,-0.8092015464477736,turquoise
Q9NPJ3,ACOT13,Old_Pre,0.2650098762285878,turquoise
Q9NPJ3,ACOT13,Old_Post,1.303330613363316,turquoise
Q9NQ50,MRPL40,Young_Pre,-0.9129766430372436,turquoise
Q9NQ50,MRPL40,Young_Post,-0.797629993640122,turquoise
Q9NQ50,MRPL40,Old_Pre,0.6720377872209392,turquoise
Q9NQ50,MRPL40,Old_Post,1.0385688494564471,turquoise
Q9NQC3,RTN4,Young_Pre,0.29592970724751694,red
Q9NQC3,RTN4,Young_Post,0.10523263733735763,red
Q9NQC3,RTN4,Old_Pre,0.9870395767370828,red
Q9NQC3,RTN4,Old_Post,-1.3882019213220043,red
Q9NQW7,XPNPEP1,Young_Pre,0.6921357937222791,brown
Q9NQW7,XPNPEP1,Young_Post,1.0158977997629841,brown
Q9NQW7,XPNPEP1,Old_Pre,-0.7311137348441813,brown
Q9NQW7,XPNPEP1,Old_Post,-0.9769198586411021,brown
Q9NR12,PDLIM7,Young_Pre,1.321012077134847,brown
Q9NR12,PDLIM7,Young_Post,0.21267554764549224,brown
Q9NR12,PDLIM7,Old_Pre,-0.8964534923824502,brown
Q9NR12,PDLIM7,Old_Post,-0.6372341323978767,brown
Q9NR19,ACSS2,Young_Pre,-0.155071893674882,turquoise
Q9NR19,ACSS2,Young_Post,-1.281407485366433,turquoise
Q9NR19,ACSS2,Old_Pre,1.1069626377971395,turquoise
Q9NR19,ACSS2,Old_Post,0.32951674124414226,turquoise
Q9NR28,DIABLO,Young_Pre,-0.17799678428021984,turquoise
Q9NR28,DIABLO,Young_Post,-1.3426760704572192,turquoise
Q9NR28,DIABLO,Old_Pre,0.8285828523291598,turquoise
Q9NR28,DIABLO,Old_Post,0.6920900024083108,turquoise
Q9NR31,SAR1A,Young_Pre,-0.568808752458495,yellow
Q9NR31,SAR1A,Young_Post,-0.7655094519612292,yellow
Q9NR31,SAR1A,Old_Pre,1.441836243592545,yellow
Q9NR31,SAR1A,Old_Post,-0.10751803917282071,yellow
Q9NR46,SH3GLB2,Young_Pre,0.6279397007051309,brown
Q9NR46,SH3GLB2,Young_Post,1.0746636249154065,brown
Q9NR46,SH3GLB2,Old_Pre,-0.8773859814218704,brown
Q9NR46,SH3GLB2,Old_Post,-0.825217344198733,brown
Q9NR50,EIF2B3,Young_Pre,-0.13139517257318464,purple
Q9NR50,EIF2B3,Young_Post,0.30981192146503994,purple
Q9NR50,EIF2B3,Old_Pre,-1.2872976060559382,purple
Q9NR50,EIF2B3,Old_Post,1.1088808571642195,purple
Q9NR56,MBNL1,Young_Pre,0.39739429396393694,yellow
Q9NR56,MBNL1,Young_Post,1.006443565990303,yellow
Q9NR56,MBNL1,Old_Pre,-1.351445201609442,yellow
Q9NR56,MBNL1,Old_Post,-0.05239265834485749,yellow
Q9NRG7,SDR39U1,Young_Pre,-0.5231987732882994,turquoise
Q9NRG7,SDR39U1,Young_Post,-1.1215997742610688,turquoise
Q9NRG7,SDR39U1,Old_Pre,1.0628112732639796,turquoise
Q9NRG7,SDR39U1,Old_Post,0.5819872742853887,turquoise
Q9NRP0,OSTC,Young_Pre,1.2864995292018149,brown
Q9NRP0,OSTC,Young_Post,0.2970631348394785,brown
Q9NRP0,OSTC,Old_Pre,-0.7541176903344929,brown
Q9NRP0,OSTC,Old_Post,-0.8294449737067676,brown
Q9NRP2,CMC2,Young_Pre,-0.9584608960079084,green
Q9NRP2,CMC2,Young_Post,-0.7185039897783864,green
Q9NRP2,CMC2,Old_Pre,1.1204391003921879,green
Q9NRP2,CMC2,Old_Post,0.5565257853941739,green
Q9NRV9,HEBP1,Young_Pre,-0.3803606986631128,turquoise
Q9NRV9,HEBP1,Young_Post,-1.0728201399803061,turquoise
Q9NRV9,HEBP1,Old_Pre,0.15715411416336159,turquoise
Q9NRV9,HEBP1,Old_Post,1.2960267244801222,turquoise
Q9NRX4,PHPT1,Young_Pre,-0.849881626073994,red
Q9NRX4,PHPT1,Young_Post,-0.7919722593359741,red
Q9NRX4,PHPT1,Old_Pre,1.2099250606863883,red
Q9NRX4,PHPT1,Old_Post,0.43192882472363003,red
Q9NS69,TOMM22,Young_Pre,1.0500258442217014,green
Q9NS69,TOMM22,Young_Post,-1.3134350090004645,green
Q9NS69,TOMM22,Old_Pre,-0.13063299550763718,green
Q9NS69,TOMM22,Old_Post,0.3940421602863777,green
Q9NS86,LANCL2,Young_Pre,1.303746303953087,brown
Q9NS86,LANCL2,Young_Post,-0.2431204068075079,brown
Q9NS86,LANCL2,Old_Pre,0.05221361557449685,brown
Q9NS86,LANCL2,Old_Post,-1.1128395127200759,brown
Q9NSD9,FARSB,Young_Pre,-0.7299302535955872,blue
Q9NSD9,FARSB,Young_Post,1.4516915723896064,blue
Q9NSD9,FARSB,Old_Pre,-0.5837300512351256,blue
Q9NSD9,FARSB,Old_Post,-0.1380312675588808,blue
Q9NSE4,IARS2,Young_Pre,-0.9253327865564048,turquoise
Q9NSE4,IARS2,Young_Post,-0.7228050098578004,turquoise
Q9NSE4,IARS2,Old_Pre,0.4613478939464208,turquoise
Q9NSE4,IARS2,Old_Post,1.1867899024677564,turquoise
Q9NTG7,SIRT3,Young_Pre,-0.13857166900833445,turquoise
Q9NTG7,SIRT3,Young_Post,-1.3426813520482872,turquoise
Q9NTG7,SIRT3,Old_Pre,0.5394432318800727,turquoise
Q9NTG7,SIRT3,Old_Post,0.9418097891765674,turquoise
Q9NTK5,OLA1,Young_Pre,0.31129054937978035,yellow
Q9NTK5,OLA1,Young_Post,-0.5454499008085658,yellow
Q9NTK5,OLA1,Old_Pre,1.2524578723175028,yellow
Q9NTK5,OLA1,Old_Post,-1.0182985208889748,yellow
Q9NUB1,ACSS1,Young_Pre,-0.5395526390419492,green
Q9NUB1,ACSS1,Young_Post,-1.0721658636987663,green
Q9NUB1,ACSS1,Old_Pre,1.1667782480880815,green
Q9NUB1,ACSS1,Old_Post,0.4449402546527491,green
Q9NUJ1,ABHD10,Young_Pre,-0.15969356369455123,turquoise
Q9NUJ1,ABHD10,Young_Post,-1.2348057840342388,turquoise
Q9NUJ1,ABHD10,Old_Pre,1.1858386760032649,turquoise
Q9NUJ1,ABHD10,Old_Post,0.20866067172552502,turquoise
Q9NVE7,PANK4,Young_Pre,-0.7412922981326023,red
Q9NVE7,PANK4,Young_Post,-0.499685380242938,red
Q9NVE7,PANK4,Old_Pre,1.4662983479979996,red
Q9NVE7,PANK4,Old_Post,-0.22532066962241368,red
Q9NVH1,DNAJC11,Young_Pre,-0.4529857736554119,green
Q9NVH1,DNAJC11,Young_Post,-1.1914077657688062,green
Q9NVH1,DNAJC11,Old_Pre,0.714177400427021,green
Q9NVH1,DNAJC11,Old_Post,0.9302161389972177,green
Q9NVH6,TMLHE,Young_Pre,0.7857717832921296,green
Q9NVH6,TMLHE,Young_Post,-0.8175920249285741,green
Q9NVH6,TMLHE,Old_Pre,-0.9097247211864801,green
Q9NVH6,TMLHE,Old_Post,0.9415449628229556,green
Q9NVI7,ATAD3A,Young_Pre,-0.6216116751139696,green
Q9NVI7,ATAD3A,Young_Post,-1.078600976234422,green
Q9NVI7,ATAD3A,Old_Pre,0.8008248406845361,green
Q9NVI7,ATAD3A,Old_Post,0.8993878106638666,green
Q9NVJ2,ARL8B,Young_Pre,0.2970185211366066,magenta
Q9NVJ2,ARL8B,Young_Post,1.2408349145101985,magenta
Q9NVJ2,ARL8B,Old_Pre,-0.4610207920368483,magenta
Q9NVJ2,ARL8B,Old_Post,-1.076832643609957,magenta
Q9NVS2,MRPS18A,Young_Pre,-0.0817795235116867,pink
Q9NVS2,MRPS18A,Young_Post,1.090872224757913,pink
Q9NVS2,MRPS18A,Old_Pre,-1.3089641086729071,pink
Q9NVS2,MRPS18A,Old_Post,0.2998714074266911,pink
Q9NVS9,PNPO,Young_Pre,-0.6723042225269539,turquoise
Q9NVS9,PNPO,Young_Post,-0.9966957850536241,turquoise
Q9NVS9,PNPO,Old_Pre,1.118950378879498,turquoise
Q9NVS9,PNPO,Old_Post,0.5500496287010799,turquoise
Q9NWU1,OXSM,Young_Pre,-0.030063891374927657,turquoise
Q9NWU1,OXSM,Young_Post,-1.2102709265711946,turquoise
Q9NWU1,OXSM,Old_Pre,1.238683866485381,turquoise
Q9NWU1,OXSM,Old_Post,0.0016509514606858847,turquoise
Q9NWU5,MRPL22,Young_Pre,0.7015215533546173,magenta
Q9NWU5,MRPL22,Young_Post,1.0153635306321527,magenta
Q9NWU5,MRPL22,Old_Pre,-0.8193451313818226,magenta
Q9NWU5,MRPL22,Old_Post,-0.8975399526049179,magenta
Q9NWV8,BABAM1,Young_Pre,0.7910004700210168,yellow
Q9NWV8,BABAM1,Young_Post,0.886659815517253,yellow
Q9NWV8,BABAM1,Old_Pre,-1.13956309003071,yellow
Q9NWV8,BABAM1,Old_Post,-0.5380971955075596,yellow
Q9NX14,NDUFB11,Young_Pre,-0.22588382118855221,green
Q9NX14,NDUFB11,Young_Post,-1.320305356460482,green
Q9NX14,NDUFB11,Old_Pre,0.7009150263169581,green
Q9NX14,NDUFB11,Old_Post,0.8452741513320491,green
Q9NX40,OCIAD1,Young_Pre,-0.13453333457881053,turquoise
Q9NX40,OCIAD1,Young_Post,-1.3578612573392042,turquoise
Q9NX40,OCIAD1,Old_Pre,0.8568607016341288,turquoise
Q9NX40,OCIAD1,Old_Post,0.635533890283886,turquoise
Q9NX47,MARCHF5,Young_Pre,0.5472417233561269,magenta
Q9NX47,MARCHF5,Young_Post,1.1230703803233524,magenta
Q9NX47,MARCHF5,Old_Pre,-0.9839313105514369,magenta
Q9NX47,MARCHF5,Old_Post,-0.6863807931280634,magenta
Q9NX63,CHCHD3,Young_Pre,0.506874148022764,green
Q9NX63,CHCHD3,Young_Post,-1.4202646884129315,green
Q9NX63,CHCHD3,Old_Pre,0.849623809039232,green
Q9NX63,CHCHD3,Old_Post,0.06376673135093569,green
Q9NXA8,SIRT5,Young_Pre,-1.302972680739321,turquoise
Q9NXA8,SIRT5,Young_Post,-0.26439545875788195,turquoise
Q9NXA8,SIRT5,Old_Pre,0.73876307087373,turquoise
Q9NXA8,SIRT5,Old_Post,0.8286050686234144,turquoise
Q9NY33,DPP3,Young_Pre,-0.3490622226776767,blue
Q9NY33,DPP3,Young_Post,1.4840922285873577,blue
Q9NY33,DPP3,Old_Pre,-0.6929726942062449,blue
Q9NY33,DPP3,Old_Post,-0.4420573117034361,blue
Q9NY65,TUBA8,Young_Pre,1.1947365702092163,brown
Q9NY65,TUBA8,Young_Post,0.2488534229572412,brown
Q9NY65,TUBA8,Old_Pre,-1.2058923357114242,brown
Q9NY65,TUBA8,Old_Post,-0.2376976574550728,brown
Q9NZ01,TECR,Young_Pre,0.8843418021062351,purple
Q9NZ01,TECR,Young_Post,-0.507498903133829,purple
Q9NZ01,TECR,Old_Pre,-1.1603728770566588,purple
Q9NZ01,TECR,Old_Post,0.7835299780842527,purple
Q9NZ08,ERAP1,Young_Pre,-0.016379266001552456,magenta
Q9NZ08,ERAP1,Young_Post,1.3468655454997054,magenta
Q9NZ08,ERAP1,Old_Pre,-1.0529208744879976,magenta
Q9NZ08,ERAP1,Old_Post,-0.27756540501017507,magenta
Q9NZ45,CISD1,Young_Pre,-1.0140471024933457,turquoise
Q9NZ45,CISD1,Young_Post,-0.6805927429181106,turquoise
Q9NZ45,CISD1,Old_Pre,0.6567944790192021,turquoise
Q9NZ45,CISD1,Old_Post,1.0378453663922904,turquoise
Q9NZA1,CLIC5,Young_Pre,1.3015768054007764,brown
Q9NZA1,CLIC5,Young_Post,-0.14063181745274048,brown
Q9NZA1,CLIC5,Old_Pre,-0.027198656240065188,brown
Q9NZA1,CLIC5,Old_Post,-1.1337463317080168,brown
Q9NZB2,FAM120A,Young_Pre,0.04102327261942775,blue
Q9NZB2,FAM120A,Young_Post,1.272341869326936,blue
Q9NZB2,FAM120A,Old_Pre,-1.1651111601680268,blue
Q9NZB2,FAM120A,Old_Post,-0.14825398177838325,blue
Q9NZD2,GLTP,Young_Pre,-0.527607972415661,turquoise
Q9NZD2,GLTP,Young_Post,1.4360845687330657,turquoise
Q9NZD2,GLTP,Old_Pre,-0.10307873623418744,turquoise
Q9NZD2,GLTP,Old_Post,-0.805397860083178,turquoise
Q9NZJ6,COQ3,Young_Pre,-0.44364060602396915,turquoise
Q9NZJ6,COQ3,Young_Post,-1.1809863164586683,turquoise
Q9NZJ6,COQ3,Old_Pre,1.022964849079639,turquoise
Q9NZJ6,COQ3,Old_Post,0.6016620734029554,turquoise
Q9NZL9,MAT2B,Young_Pre,-1.0524967202828253,turquoise
Q9NZL9,MAT2B,Young_Post,-0.6479618114083965,turquoise
Q9NZL9,MAT2B,Old_Pre,0.9655907320065004,turquoise
Q9NZL9,MAT2B,Old_Post,0.7348677996846759,turquoise
Q9NZM1,MYOF,Young_Pre,0.7755381473082019,magenta
Q9NZM1,MYOF,Young_Post,0.950137983202074,magenta
Q9NZM1,MYOF,Old_Pre,-0.921144759724975,magenta
Q9NZM1,MYOF,Old_Post,-0.804531370785301,magenta
Q9NZN4,EHD2,Young_Pre,0.5526321266575799,turquoise
Q9NZN4,EHD2,Young_Post,-1.4684611711673943,turquoise
Q9NZN4,EHD2,Old_Pre,0.7016850105996917,turquoise
Q9NZN4,EHD2,Old_Post,0.2141440339101602,turquoise
Q9NZQ9,TMOD4,Young_Pre,1.1349152822911897,brown
Q9NZQ9,TMOD4,Young_Post,0.4986321656142059,brown
Q9NZQ9,TMOD4,Old_Pre,-1.070835363282292,brown
Q9NZQ9,TMOD4,Old_Post,-0.5627120846231036,brown
Q9NZU5,LMCD1,Young_Pre,-0.7239941586343643,blue
Q9NZU5,LMCD1,Young_Post,1.4405991675575134,blue
Q9NZU5,LMCD1,Old_Pre,-0.6263930929657536,blue
Q9NZU5,LMCD1,Old_Post,-0.090211915957455,blue
Q9NZZ3,CHMP5,Young_Pre,1.0479086751827196,brown
Q9NZZ3,CHMP5,Young_Post,0.4496545110005294,brown
Q9NZZ3,CHMP5,Old_Pre,-0.2110314276300757,brown
Q9NZZ3,CHMP5,Old_Post,-1.2865317585532368,brown
Q9P003,CNIH4,Young_Pre,0.09342142514276817,blue
Q9P003,CNIH4,Young_Post,1.3690169199993365,blue
Q9P003,CNIH4,Old_Pre,-0.5767812345363259,blue
Q9P003,CNIH4,Old_Post,-0.8856571106057787,blue
Q9P032,NDUFAF4,Young_Pre,0.37012977587104434,turquoise
Q9P032,NDUFAF4,Young_Post,-1.0651680503893584,turquoise
Q9P032,NDUFAF4,Old_Pre,-0.5147110732765116,turquoise
Q9P032,NDUFAF4,Old_Post,1.2097493477947925,turquoise
Q9P0I2,EMC3,Young_Pre,0.8622844308455646,magenta
Q9P0I2,EMC3,Young_Post,0.8635156159634569,magenta
Q9P0I2,EMC3,Old_Pre,-0.7589446470990503,magenta
Q9P0I2,EMC3,Old_Post,-0.9668553997099519,magenta
Q9P0J0,NDUFA13,Young_Pre,1.393064558505151,green
Q9P0J0,NDUFA13,Young_Post,-0.969510425311866,green
Q9P0J0,NDUFA13,Old_Pre,-0.3336819868745355,green
Q9P0J0,NDUFA13,Old_Post,-0.08987214631861896,green
Q9P0J1,PDP1,Young_Pre,-0.7522426350354271,turquoise
Q9P0J1,PDP1,Young_Post,-0.93461243733686,turquoise
Q9P0J1,PDP1,Old_Pre,0.5808531729896291,turquoise
Q9P0J1,PDP1,Old_Post,1.106001899382678,turquoise
Q9P0J6,MRPL36,Young_Pre,0.3325439832736973,magenta
Q9P0J6,MRPL36,Young_Post,1.2673892098194355,magenta
Q9P0J6,MRPL36,Old_Pre,-0.7596802536919114,magenta
Q9P0J6,MRPL36,Old_Post,-0.8402529394011803,magenta
Q9P0L0,VAPA,Young_Pre,0.054139933322201905,black
Q9P0L0,VAPA,Young_Post,1.3627966271372063,black
Q9P0L0,VAPA,Old_Pre,-0.9692360049388952,black
Q9P0L0,VAPA,Old_Post,-0.4477005555205526,black
Q9P2J5,LARS1,Young_Pre,0.3707786911618297,blue
Q9P2J5,LARS1,Young_Post,1.2300079392789356,blue
Q9P2J5,LARS1,Old_Pre,-0.9852509812666279,blue
Q9P2J5,LARS1,Old_Post,-0.6155356491741594,blue
Q9P2R7,SUCLA2,Young_Pre,-1.1223612176679212,turquoise
Q9P2R7,SUCLA2,Young_Post,-0.5630994152269895,turquoise
Q9P2R7,SUCLA2,Old_Pre,0.8050768097930444,turquoise
Q9P2R7,SUCLA2,Old_Post,0.8803838231018661,turquoise
Q9P2T1,GMPR2,Young_Pre,-1.0129179083683464,red
Q9P2T1,GMPR2,Young_Post,1.380468839464285,red
Q9P2T1,GMPR2,Old_Pre,-0.16433002006509986,red
Q9P2T1,GMPR2,Old_Post,-0.20322091103089776,red
Q9P2X3,IMPACT,Young_Pre,-0.18642867830571827,yellow
Q9P2X3,IMPACT,Young_Post,1.3858994120860908,yellow
Q9P2X3,IMPACT,Old_Pre,-0.19652193278433905,yellow
Q9P2X3,IMPACT,Old_Post,-1.0029488009960024,yellow
Q9UBB4,ATXN10,Young_Pre,-0.5097499552726863,turquoise
Q9UBB4,ATXN10,Young_Post,-0.7894551563042145,turquoise
Q9UBB4,ATXN10,Old_Pre,-0.14819083172182737,turquoise
Q9UBB4,ATXN10,Old_Post,1.4473959432987837,turquoise
Q9UBE0,SAE1,Young_Pre,-0.2611058008149075,turquoise
Q9UBE0,SAE1,Young_Post,-0.6468102979121547,turquoise
Q9UBE0,SAE1,Old_Pre,1.4789713122367008,turquoise
Q9UBE0,SAE1,Old_Post,-0.5710552135095579,turquoise
Q9UBF6,RNF7,Young_Pre,1.2191567453509773,brown
Q9UBF6,RNF7,Young_Post,-0.8111754485516173,brown
Q9UBF6,RNF7,Old_Pre,0.4174700714625231,brown
Q9UBF6,RNF7,Old_Post,-0.8254513682618553,brown
Q9UBF9,MYOT,Young_Pre,0.8013194325911719,black
Q9UBF9,MYOT,Young_Post,0.6230571281694768,black
Q9UBF9,MYOT,Old_Pre,-1.403297059288102,black
Q9UBF9,MYOT,Old_Post,-0.021079501472566896,black
Q9UBI6,GNG12,Young_Pre,0.8184340847390416,blue
Q9UBI6,GNG12,Young_Post,0.905068688194833,blue
Q9UBI6,GNG12,Old_Pre,-0.9752974441511009,blue
Q9UBI6,GNG12,Old_Post,-0.7482053287828023,blue
Q9UBQ0,VPS29,Young_Pre,-0.5478604742134751,green
Q9UBQ0,VPS29,Young_Post,0.009980258610188834,green
Q9UBQ0,VPS29,Old_Pre,-0.861345637499986,green
Q9UBQ0,VPS29,Old_Post,1.3992258531032087,green
Q9UBQ5,EIF3K,Young_Pre,1.1922128888150318,black
Q9UBQ5,EIF3K,Young_Post,0.1497985627144847,black
Q9UBQ5,EIF3K,Old_Pre,-1.2435838646828532,black
Q9UBQ5,EIF3K,Old_Post,-0.09842758684662266,black
Q9UBQ7,GRHPR,Young_Pre,0.6962736585083003,magenta
Q9UBQ7,GRHPR,Young_Post,1.0175593808523808,magenta
Q9UBQ7,GRHPR,Old_Pre,-0.9316294887845761,magenta
Q9UBQ7,GRHPR,Old_Post,-0.7822035505760481,magenta
Q9UBR2,CTSZ,Young_Pre,-1.0338858063985428,turquoise
Q9UBR2,CTSZ,Young_Post,-0.6799778022568139,turquoise
Q9UBR2,CTSZ,Old_Pre,0.852131115364264,turquoise
Q9UBR2,CTSZ,Old_Post,0.8617324932910927,turquoise
Q9UBT2,UBA2,Young_Pre,-0.9005361099612721,turquoise
Q9UBT2,UBA2,Young_Post,-0.8158594720091166,turquoise
Q9UBT2,UBA2,Old_Pre,0.6994509174962351,turquoise
Q9UBT2,UBA2,Old_Post,1.0169446644741786,turquoise
Q9UBW8,COPS7A,Young_Pre,-1.4273679578818415,red
Q9UBW8,COPS7A,Young_Post,0.901715921907607,red
Q9UBW8,COPS7A,Old_Pre,0.3382384756072187,red
Q9UBW8,COPS7A,Old_Post,0.18741356036701587,red
Q9UBY9,HSPB7,Young_Pre,-0.041623235718636534,blue
Q9UBY9,HSPB7,Young_Post,1.3797662370067627,blue
Q9UBY9,HSPB7,Old_Pre,-0.9846656161756292,blue
Q9UBY9,HSPB7,Old_Post,-0.3534773851125082,blue
Q9UDW1,UQCR10,Young_Pre,1.0775166095061606,magenta
Q9UDW1,UQCR10,Young_Post,0.6199013078291099,magenta
Q9UDW1,UQCR10,Old_Pre,-0.7648443900325316,magenta
Q9UDW1,UQCR10,Old_Post,-0.9325735273027389,magenta
Q9UGI8,TES,Young_Pre,1.1661089364483037,brown
Q9UGI8,TES,Young_Post,-0.1758541845575514,brown
Q9UGI8,TES,Old_Pre,-1.2431123414653604,brown
Q9UGI8,TES,Old_Post,0.2528575895746731,brown
Q9UGL1,KDM5B,Young_Pre,1.1798169317821263,pink
Q9UGL1,KDM5B,Young_Post,0.43999391677626853,pink
Q9UGL1,KDM5B,Old_Pre,-1.036338381383952,pink
Q9UGL1,KDM5B,Old_Post,-0.5834724671743974,pink
Q9UGM6,WARS2,Young_Pre,-0.3414266306569235,turquoise
Q9UGM6,WARS2,Young_Post,-1.1929815812413664,turquoise
Q9UGM6,WARS2,Old_Pre,1.1433812732032567,turquoise
Q9UGM6,WARS2,Old_Post,0.3910269386950333,turquoise
Q9UHG3,PCYOX1,Young_Pre,1.265484004410088,red
Q9UHG3,PCYOX1,Young_Post,-0.06479917833453916,red
Q9UHG3,PCYOX1,Old_Pre,-0.020028155378571076,red
Q9UHG3,PCYOX1,Old_Post,-1.180656670697078,red
Q9UHL4,DPP7,Young_Pre,-0.4229154903589161,turquoise
Q9UHL4,DPP7,Young_Post,-1.2152929816248919,turquoise
Q9UHL4,DPP7,Old_Pre,0.8533238063282507,turquoise
Q9UHL4,DPP7,Old_Post,0.7848846656555496,turquoise
Q9UHQ4,BCAP29,Young_Pre,0.5997905284642528,blue
Q9UHQ4,BCAP29,Young_Post,1.0714629038843135,blue
Q9UHQ4,BCAP29,Old_Pre,-1.0543440565887265,blue
Q9UHQ4,BCAP29,Old_Post,-0.6169093757598397,blue
Q9UHQ9,CYB5R1,Young_Pre,-0.8015290736607071,turquoise
Q9UHQ9,CYB5R1,Young_Post,-0.8455217392084324,turquoise
Q9UHQ9,CYB5R1,Old_Pre,1.2018479820999073,turquoise
Q9UHQ9,CYB5R1,Old_Post,0.4452028307692323,turquoise
Q9UHY7,ENOPH1,Young_Pre,1.3626261196419391,brown
Q9UHY7,ENOPH1,Young_Post,-0.3686331962907485,brown
Q9UHY7,ENOPH1,Old_Pre,0.009633905962391515,brown
Q9UHY7,ENOPH1,Old_Post,-1.0036268293135278,brown
Q9UI09,NDUFA12,Young_Pre,0.9996690690224714,green
Q9UI09,NDUFA12,Young_Post,-1.3852089797718072,green
Q9UI09,NDUFA12,Old_Pre,0.13138052872406375,green
Q9UI09,NDUFA12,Old_Post,0.2541593820252941,green
Q9UI12,ATP6V1H,Young_Pre,1.0162817155678643,brown
Q9UI12,ATP6V1H,Young_Post,0.6578458543455818,brown
Q9UI12,ATP6V1H,Old_Pre,-0.5791308999354817,brown
Q9UI12,ATP6V1H,Old_Post,-1.0949966699778995,brown
Q9UI30,TRMT112,Young_Pre,1.3981233275038265,yellow
Q9UI30,TRMT112,Young_Post,-0.414844573681198,yellow
Q9UI30,TRMT112,Old_Pre,-0.9330782667462527,yellow
Q9UI30,TRMT112,Old_Post,-0.05020048707634368,yellow
Q9UII2,ATP5IF1,Young_Pre,-1.0590768021907482,turquoise
Q9UII2,ATP5IF1,Young_Post,-0.6154806258189193,turquoise
Q9UII2,ATP5IF1,Old_Pre,0.6165202074282619,turquoise
Q9UII2,ATP5IF1,Old_Post,1.0580372205813853,turquoise
Q9UIJ7,AK3,Young_Pre,-0.6779251830414796,turquoise
Q9UIJ7,AK3,Young_Post,-1.03549191367452,turquoise
Q9UIJ7,AK3,Old_Pre,0.8684317999017156,turquoise
Q9UIJ7,AK3,Old_Post,0.844985296814284,turquoise
Q9UJ70,NAGK,Young_Pre,-1.2109017286566013,turquoise
Q9UJ70,NAGK,Young_Post,-0.23237792822533113,turquoise
Q9UJ70,NAGK,Old_Pre,0.25356429071999986,turquoise
Q9UJ70,NAGK,Old_Post,1.1897153661619326,turquoise
Q9UJS0,SLC25A13,Young_Pre,-0.35508218378543455,green
Q9UJS0,SLC25A13,Young_Post,-1.190329850392754,green
Q9UJS0,SLC25A13,Old_Pre,0.41015787385106794,green
Q9UJS0,SLC25A13,Old_Post,1.13525416032715,green
Q9UJU6,DBNL,Young_Pre,-0.4700903160465188,black
Q9UJU6,DBNL,Young_Post,1.4994505818716295,black
Q9UJU6,DBNL,Old_Pre,-0.5355579782796518,black
Q9UJU6,DBNL,Old_Post,-0.49380228754545874,black
Q9UJW0,DCTN4,Young_Pre,-1.3831072729065756,blue
Q9UJW0,DCTN4,Young_Post,0.0595637704368013,blue
Q9UJW0,DCTN4,Old_Pre,0.3396050805352611,blue
Q9UJW0,DCTN4,Old_Post,0.9839384219344857,blue
Q9UJY1,HSPB8,Young_Pre,0.6737728124169091,brown
Q9UJY1,HSPB8,Young_Post,1.0375813342560505,brown
Q9UJY1,HSPB8,Old_Pre,-0.9061184471474488,brown
Q9UJY1,HSPB8,Old_Post,-0.8052356995255109,brown
Q9UJZ1,STOML2,Young_Pre,-1.27869797441107,green
Q9UJZ1,STOML2,Young_Post,0.037236617754382355,green
Q9UJZ1,STOML2,Old_Pre,0.07624386742315363,green
Q9UJZ1,STOML2,Old_Post,1.165217489233491,green
Q9UK76,JPT1,Young_Pre,0.6518767379212151,blue
Q9UK76,JPT1,Young_Post,0.9709871766154587,blue
Q9UK76,JPT1,Old_Pre,-1.2085446483604982,blue
Q9UK76,JPT1,Old_Post,-0.41431926617613934,blue
Q9UKG1,APPL1,Young_Pre,-1.3060289907445464,turquoise
Q9UKG1,APPL1,Young_Post,-0.2497412906281948,turquoise
Q9UKG1,APPL1,Old_Pre,0.6737050588835762,turquoise
Q9UKG1,APPL1,Old_Post,0.8820652224891433,turquoise
Q9UKU7,ACAD8,Young_Pre,-0.586762295032081,turquoise
Q9UKU7,ACAD8,Young_Post,-1.0988780170571386,turquoise
Q9UKU7,ACAD8,Old_Pre,0.7255907188559155,turquoise
Q9UKU7,ACAD8,Old_Post,0.9600495932332931,turquoise
Q9UKV8,AGO2,Young_Pre,-0.48094834487587307,green
Q9UKV8,AGO2,Young_Post,-1.177450782296476,green
Q9UKV8,AGO2,Old_Pre,0.7693893958570573,green
Q9UKV8,AGO2,Old_Post,0.8890097313152917,green
Q9UKX2,MYH2,Young_Pre,0.9854820746556907,brown
Q9UKX2,MYH2,Young_Post,0.5344402656688428,brown
Q9UKX2,MYH2,Old_Pre,-1.3022326532108128,brown
Q9UKX2,MYH2,Old_Post,-0.2176896871136968,brown
Q9UKX3,MYH13,Young_Pre,0.642883241051493,brown
Q9UKX3,MYH13,Young_Post,1.0408197567114759,brown
Q9UKX3,MYH13,Old_Pre,-1.0491767024581116,brown
Q9UKX3,MYH13,Old_Post,-0.6345262953048639,brown
Q9UKY7,CDV3,Young_Pre,0.4141509512911059,red
Q9UKY7,CDV3,Young_Post,1.1307936506484362,red
Q9UKY7,CDV3,Old_Pre,-1.1945847253703772,red
Q9UKY7,CDV3,Old_Post,-0.35035987656926987,red
Q9UL46,PSME2,Young_Pre,-0.1841222116313023,blue
Q9UL46,PSME2,Young_Post,1.3839422665825614,blue
Q9UL46,PSME2,Old_Pre,-1.0067384506583585,blue
Q9UL46,PSME2,Old_Post,-0.19308160429292084,blue
Q9ULA0,DNPEP,Young_Pre,1.1402368433669687,yellow
Q9ULA0,DNPEP,Young_Post,0.49934548220139424,yellow
Q9ULA0,DNPEP,Old_Pre,-1.0504412541298247,yellow
Q9ULA0,DNPEP,Old_Post,-0.5891410714385382,yellow
Q9ULC4,MCTS1,Young_Pre,-0.7708979580701291,blue
Q9ULC4,MCTS1,Young_Post,1.4695473083138526,blue
Q9ULC4,MCTS1,Old_Pre,-0.31698592458328206,blue
Q9ULC4,MCTS1,Old_Post,-0.38166342566048633,blue
Q9UM00,TMCO1,Young_Pre,0.7435974276321112,magenta
Q9UM00,TMCO1,Young_Post,0.932477398921114,magenta
Q9UM00,TMCO1,Old_Pre,-0.5439835457475589,magenta
Q9UM00,TMCO1,Old_Post,-1.1320912808056314,magenta
Q9UM22,EPDR1,Young_Pre,-0.6501499411683539,turquoise
Q9UM22,EPDR1,Young_Post,-1.0523511147407862,turquoise
Q9UM22,EPDR1,Old_Pre,0.9527573322012666,turquoise
Q9UM22,EPDR1,Old_Post,0.7497437237078657,turquoise
Q9UM54,MYO6,Young_Pre,0.4126989592757346,purple
Q9UM54,MYO6,Young_Post,0.973233268218137,purple
Q9UM54,MYO6,Old_Pre,-1.3719699815721156,purple
Q9UM54,MYO6,Old_Post,-0.013962245921701269,purple
Q9UMS0,NFU1,Young_Pre,-0.15165055648485493,turquoise
Q9UMS0,NFU1,Young_Post,-1.1072753692777926,turquoise
Q9UMS0,NFU1,Old_Pre,1.3217404079963195,turquoise
Q9UMS0,NFU1,Old_Post,-0.0628144822336719,turquoise
Q9UMS6,SYNPO2,Young_Pre,0.6571198358791204,brown
Q9UMS6,SYNPO2,Young_Post,1.051460251207823,brown
Q9UMS6,SYNPO2,Old_Pre,-0.8930321680927119,brown
Q9UMS6,SYNPO2,Old_Post,-0.8155479189942242,brown
Q9UMX0,UBQLN1,Young_Pre,-0.06051318293564125,yellow
Q9UMX0,UBQLN1,Young_Post,-0.8378864815153187,yellow
Q9UMX0,UBQLN1,Old_Pre,1.4214969627987388,yellow
Q9UMX0,UBQLN1,Old_Post,-0.5230972983478674,yellow
Q9UN36,NDRG2,Young_Pre,0.8457337811964177,yellow
Q9UN36,NDRG2,Young_Post,0.8750766401227696,yellow
Q9UN36,NDRG2,Old_Pre,-0.7218754445543254,yellow
Q9UN36,NDRG2,Old_Post,-0.9989349767648291,yellow
Q9UN86,G3BP2,Young_Pre,1.0139428729405013,green
Q9UN86,G3BP2,Young_Post,-1.3451553144637098,green
Q9UN86,G3BP2,Old_Pre,0.3975827170638311,green
Q9UN86,G3BP2,Old_Post,-0.06637027554064641,green
Q9UNE7,STUB1,Young_Pre,0.3533907208307104,red
Q9UNE7,STUB1,Young_Post,1.2414132219541336,red
Q9UNE7,STUB1,Old_Pre,-0.6208964433951409,red
Q9UNE7,STUB1,Old_Post,-0.9739074993896865,red
Q9UNM6,PSMD13,Young_Pre,0.5964829146124856,blue
Q9UNM6,PSMD13,Young_Post,1.0982031386930489,blue
Q9UNM6,PSMD13,Old_Pre,-0.8143461396330413,blue
Q9UNM6,PSMD13,Old_Post,-0.8803399136724933,blue
Q9UNS2,COPS3,Young_Pre,1.263028014576718,yellow
Q9UNS2,COPS3,Young_Post,0.12094831552217518,yellow
Q9UNS2,COPS3,Old_Pre,-1.1569809059765184,yellow
Q9UNS2,COPS3,Old_Post,-0.22699542412237503,yellow
Q9UNZ2,NSFL1C,Young_Pre,-0.7297110974755956,yellow
Q9UNZ2,NSFL1C,Young_Post,-0.3052502142565622,yellow
Q9UNZ2,NSFL1C,Old_Pre,1.4763267234196253,yellow
Q9UNZ2,NSFL1C,Old_Post,-0.44136541168781906,yellow
Q9UPN7,PPP6R1,Young_Pre,0.8916095642521388,green
Q9UPN7,PPP6R1,Young_Post,-1.434416007195316,green
Q9UPN7,PPP6R1,Old_Pre,0.26235650975673813,green
Q9UPN7,PPP6R1,Old_Post,0.2804499331863375,green
Q9UPU5,USP24,Young_Pre,-0.4502473990761273,yellow
Q9UPU5,USP24,Young_Post,0.4463388039112583,yellow
Q9UPU5,USP24,Old_Pre,1.14170236474251,yellow
Q9UPU5,USP24,Old_Post,-1.1377937695776028,yellow
Q9UPY8,MAPRE3,Young_Pre,0.4964967305266058,blue
Q9UPY8,MAPRE3,Young_Post,1.1091257519259803,blue
Q9UPY8,MAPRE3,Old_Pre,-1.1450971487016088,blue
Q9UPY8,MAPRE3,Old_Post,-0.4605253337509955,blue
Q9UQ80,PA2G4,Young_Pre,0.20816742526784562,black
Q9UQ80,PA2G4,Young_Post,0.767317043955393,black
Q9UQ80,PA2G4,Old_Pre,-1.4603947682188625,black
Q9UQ80,PA2G4,Old_Post,0.4849102989954825,black
Q9UQN3,CHMP2B,Young_Pre,1.360460222045472,red
Q9UQN3,CHMP2B,Young_Post,-0.9829289202135556,red
Q9UQN3,CHMP2B,Old_Pre,0.047596126988604215,red
Q9UQN3,CHMP2B,Old_Post,-0.42512742882044596,red
Q9Y224,RTRAF,Young_Pre,-0.8233429634771383,black
Q9Y224,RTRAF,Young_Post,-0.7262416273014322,black
Q9Y224,RTRAF,Old_Pre,0.22978162518287568,black
Q9Y224,RTRAF,Old_Post,1.3198029655958377,black
Q9Y235,APOBEC2,Young_Pre,1.2886391322364,purple
Q9Y235,APOBEC2,Young_Post,-0.8703005576392724,purple
Q9Y235,APOBEC2,Old_Pre,-0.7064029068094593,purple
Q9Y235,APOBEC2,Old_Post,0.28806433221233163,purple
Q9Y237,PIN4,Young_Pre,0.2828006789847902,yellow
Q9Y237,PIN4,Young_Post,-0.3323075701678888,yellow
Q9Y237,PIN4,Old_Pre,1.2097365654371093,yellow
Q9Y237,PIN4,Old_Post,-1.1602296742538876,yellow
Q9Y262,EIF3L,Young_Pre,0.46770268694838485,purple
Q9Y262,EIF3L,Young_Post,1.0669787729368714,purple
Q9Y262,EIF3L,Old_Pre,-1.249620162982041,purple
Q9Y262,EIF3L,Old_Post,-0.2850612969031862,purple
Q9Y263,PLAA,Young_Pre,-0.2978985583859659,red
Q9Y263,PLAA,Young_Post,1.2018584301711022,red
Q9Y263,PLAA,Old_Pre,0.27541989839364195,red
Q9Y263,PLAA,Old_Post,-1.1793797701788231,red
Q9Y266,NUDC,Young_Pre,0.38997009121550613,blue
Q9Y266,NUDC,Young_Post,0.9735484531985844,blue
Q9Y266,NUDC,Old_Pre,0.014852286249894774,blue
Q9Y266,NUDC,Old_Post,-1.3783708306639273,blue
Q9Y277,VDAC3,Young_Pre,0.6892497583735573,green
Q9Y277,VDAC3,Young_Post,-1.360831827215182,green
Q9Y277,VDAC3,Old_Pre,0.8088450857856506,green
Q9Y277,VDAC3,Old_Post,-0.1372630169440607,green
Q9Y285,FARSA,Young_Pre,-1.1667061822939984,blue
Q9Y285,FARSA,Young_Post,1.2660586675294687,blue
Q9Y285,FARSA,Old_Pre,-0.17408821231766217,blue
Q9Y285,FARSA,Old_Post,0.07473572708223124,blue
Q9Y2H6,FNDC3A,Young_Pre,0.8416854744909676,brown
Q9Y2H6,FNDC3A,Young_Post,0.8840626741440961,brown
Q9Y2H6,FNDC3A,Old_Pre,-0.9650880996697376,brown
Q9Y2H6,FNDC3A,Old_Post,-0.7606600489653433,brown
Q9Y2J8,PADI2,Young_Pre,-1.4330458649061657,blue
Q9Y2J8,PADI2,Young_Post,0.41699662000438625,blue
Q9Y2J8,PADI2,Old_Pre,0.15003346756887423,blue
Q9Y2J8,PADI2,Old_Post,0.8660157773329054,blue
Q9Y2Q3,GSTK1,Young_Pre,-1.150811518762011,turquoise
Q9Y2Q3,GSTK1,Young_Post,-0.3241529404206548,turquoise
Q9Y2Q3,GSTK1,Old_Pre,0.2461586897647699,turquoise
Q9Y2Q3,GSTK1,Old_Post,1.2288057694178562,turquoise
Q9Y2Q9,MRPS35,Young_Pre,-1.2304539449805758,turquoise
Q9Y2Q9,MRPS35,Young_Post,-0.14871604395041865,turquoise
Q9Y2Q9,MRPS35,Old_Pre,1.195950326202144,turquoise
Q9Y2Q9,MRPS35,Old_Post,0.1832196627288151,turquoise
Q9Y2R0,COA3,Young_Pre,-0.7428652214032003,turquoise
Q9Y2R0,COA3,Young_Post,-0.9505037772469868,turquoise
Q9Y2R0,COA3,Old_Pre,1.082210028168589,turquoise
Q9Y2R0,COA3,Old_Post,0.6111589704815983,turquoise
Q9Y2Z0,SUGT1,Young_Pre,-1.1698708526249253,turquoise
Q9Y2Z0,SUGT1,Young_Post,-0.48570469877772243,turquoise
Q9Y2Z0,SUGT1,Old_Pre,0.7159219396236092,turquoise
Q9Y2Z0,SUGT1,Old_Post,0.9396536117790649,turquoise
Q9Y2Z9,COQ6,Young_Pre,-1.022150115839977,turquoise
Q9Y2Z9,COQ6,Young_Post,-0.5960955366718407,turquoise
Q9Y2Z9,COQ6,Old_Pre,1.1902525652633174,turquoise
Q9Y2Z9,COQ6,Old_Post,0.42799308724829227,turquoise
Q9Y305,ACOT9,Young_Pre,-1.1594440045356174,turquoise
Q9Y305,ACOT9,Young_Post,-0.470191063159955,turquoise
Q9Y305,ACOT9,Old_Pre,0.5837821063271306,turquoise
Q9Y305,ACOT9,Old_Post,1.0458529613684617,turquoise
Q9Y316,MEMO1,Young_Pre,-0.4044467577562596,blue
Q9Y316,MEMO1,Young_Post,1.476505053049093,blue
Q9Y316,MEMO1,Old_Pre,-0.7381444046260311,blue
Q9Y316,MEMO1,Old_Post,-0.33391389066677923,blue
Q9Y320,TMX2,Young_Pre,1.3249182946435194,brown
Q9Y320,TMX2,Young_Post,0.211976590813755,brown
Q9Y320,TMX2,Old_Pre,-0.6719215576160388,brown
Q9Y320,TMX2,Old_Post,-0.8649733278412246,brown
Q9Y371,SH3GLB1,Young_Pre,-1.1214328556020121,red
Q9Y371,SH3GLB1,Young_Post,-0.44388629427080734,red
Q9Y371,SH3GLB1,Old_Pre,1.1828103513042354,red
Q9Y371,SH3GLB1,Old_Post,0.38250879856860504,red
Q9Y383,LUC7L2,Young_Pre,-0.6693865361654048,turquoise
Q9Y383,LUC7L2,Young_Post,-1.0331737796062859,turquoise
Q9Y383,LUC7L2,Old_Pre,0.983790142253466,turquoise
Q9Y383,LUC7L2,Old_Post,0.7187701735182449,turquoise
Q9Y394,DHRS7,Young_Pre,-0.018639925764225875,blue
Q9Y394,DHRS7,Young_Post,1.374858957869543,blue
Q9Y394,DHRS7,Old_Pre,-0.9861276710460574,blue
Q9Y394,DHRS7,Old_Post,-0.3700913610592075,blue
Q9Y3A3,MOB4,Young_Pre,-0.03215723149627144,blue
Q9Y3A3,MOB4,Young_Post,1.41471222405714,blue
Q9Y3A3,MOB4,Old_Pre,-0.5466640774038782,blue
Q9Y3A3,MOB4,Old_Post,-0.8358909151569733,blue
Q9Y3A5,SBDS,Young_Pre,0.37240455908334513,yellow
Q9Y3A5,SBDS,Young_Post,1.033117052020588,yellow
Q9Y3A5,SBDS,Old_Pre,-1.3376775329887642,yellow
Q9Y3A5,SBDS,Old_Post,-0.06784407811535403,yellow
Q9Y3B7,MRPL11,Young_Pre,0.6634428682607953,green
Q9Y3B7,MRPL11,Young_Post,-1.3352738017936574,green
Q9Y3B7,MRPL11,Old_Pre,0.8608959583904447,green
Q9Y3B7,MRPL11,Old_Post,-0.18906502485758261,green
Q9Y3C6,PPIL1,Young_Pre,0.08754120231734026,red
Q9Y3C6,PPIL1,Young_Post,-1.2877397604490313,red
Q9Y3C6,PPIL1,Old_Pre,1.1540959206553063,red
Q9Y3C6,PPIL1,Old_Post,0.04610263747646271,red
Q9Y3D2,MSRB2,Young_Pre,-0.6448969572833675,turquoise
Q9Y3D2,MSRB2,Young_Post,-1.0411903681729264,turquoise
Q9Y3D2,MSRB2,Old_Pre,0.6448199290602545,turquoise
Q9Y3D2,MSRB2,Old_Post,1.0412673963960015,turquoise
Q9Y3D6,FIS1,Young_Pre,0.6592417636397112,pink
Q9Y3D6,FIS1,Young_Post,-0.9709521262085903,pink
Q9Y3D6,FIS1,Old_Pre,1.0430052786799733,pink
Q9Y3D6,FIS1,Old_Post,-0.7312949161110942,pink
Q9Y3E5,PTRH2,Young_Pre,0.8674486444816906,red
Q9Y3E5,PTRH2,Young_Post,0.8317320694978069,red
Q9Y3E5,PTRH2,Old_Pre,-1.0863888624494076,red
Q9Y3E5,PTRH2,Old_Post,-0.6127918515300734,red
Q9Y3F4,STRAP,Young_Pre,-1.4453766050424046,red
Q9Y3F4,STRAP,Young_Post,0.236434454417692,red
Q9Y3F4,STRAP,Old_Pre,0.3552576561494345,red
Q9Y3F4,STRAP,Old_Post,0.8536844944752782,red
Q9Y3I0,RTCB,Young_Pre,-0.14029396581474743,black
Q9Y3I0,RTCB,Young_Post,1.3625918986240235,black
Q9Y3I0,RTCB,Old_Pre,-1.045116017391942,black
Q9Y3I0,RTCB,Old_Post,-0.17718191541733405,black
Q9Y3U8,RPL36,Young_Pre,0.5309311842380513,black
Q9Y3U8,RPL36,Young_Post,1.1045542356025901,black
Q9Y3U8,RPL36,Old_Pre,-1.101173247230861,black
Q9Y3U8,RPL36,Old_Post,-0.5343121726097949,black
Q9Y450,HBS1L,Young_Pre,0.2823403329446055,magenta
Q9Y450,HBS1L,Young_Post,0.968544213734593,magenta
Q9Y450,HBS1L,Old_Pre,-1.3999905184068568,magenta
Q9Y450,HBS1L,Old_Post,0.14910597172772466,magenta
Q9Y4E8,USP15,Young_Pre,0.12076674684878289,red
Q9Y4E8,USP15,Young_Post,1.3538030324328576,red
Q9Y4E8,USP15,Old_Pre,-0.9181919448457064,red
Q9Y4E8,USP15,Old_Post,-0.5563778344359341,red
Q9Y4J8,DTNA,Young_Pre,0.9289512559068738,yellow
Q9Y4J8,DTNA,Young_Post,0.2235248272752146,yellow
Q9Y4J8,DTNA,Old_Pre,0.2672623006102571,yellow
Q9Y4J8,DTNA,Old_Post,-1.4197383837922888,yellow
Q9Y4L1,HYOU1,Young_Pre,-0.8062500546348473,blue
Q9Y4L1,HYOU1,Young_Post,1.2121392858883029,blue
Q9Y4L1,HYOU1,Old_Pre,-0.8347302465901664,blue
Q9Y4L1,HYOU1,Old_Post,0.4288410153367109,blue
Q9Y4W6,AFG3L2,Young_Pre,-1.0850773215706373,turquoise
Q9Y4W6,AFG3L2,Young_Post,-0.5629786332645215,turquoise
Q9Y4W6,AFG3L2,Old_Pre,0.5523498134379892,turquoise
Q9Y4W6,AFG3L2,Old_Post,1.0957061413972826,turquoise
Q9Y4X5,ARIH1,Young_Pre,0.7452908633160484,brown
Q9Y4X5,ARIH1,Young_Post,0.5722493147595815,brown
Q9Y4X5,ARIH1,Old_Pre,0.13151979144687992,brown
Q9Y4X5,ARIH1,Old_Post,-1.44905996952251,brown
Q9Y508,RNF114,Young_Pre,-0.7982380852643881,turquoise
Q9Y508,RNF114,Young_Post,-0.8240557453476602,turquoise
Q9Y508,RNF114,Old_Pre,1.2399997171926511,turquoise
Q9Y508,RNF114,Old_Post,0.3822941134193675,turquoise
Q9Y512,SAMM50,Young_Pre,-0.2198316394175365,green
Q9Y512,SAMM50,Young_Post,-1.3248738062116305,green
Q9Y512,SAMM50,Old_Pre,0.8131325649372764,green
Q9Y512,SAMM50,Old_Post,0.7315728806918906,green
Q9Y5J7,TIMM9,Young_Pre,-0.6155663641375112,turquoise
Q9Y5J7,TIMM9,Young_Post,-0.9708895348225126,turquoise
Q9Y5J7,TIMM9,Old_Pre,0.3349537941744126,turquoise
Q9Y5J7,TIMM9,Old_Post,1.2515021047856112,turquoise
Q9Y5J9,TIMM8B,Young_Pre,-0.5195026403023407,green
Q9Y5J9,TIMM8B,Young_Post,-0.37504022204717646,green
Q9Y5J9,TIMM8B,Old_Pre,-0.5989977436258169,green
Q9Y5J9,TIMM8B,Old_Post,1.4935406059752379,green
Q9Y5K5,UCHL5,Young_Pre,0.5824254080985731,yellow
Q9Y5K5,UCHL5,Young_Post,0.9923441611377477,yellow
Q9Y5K5,UCHL5,Old_Pre,-1.2543345205430987,yellow
Q9Y5K5,UCHL5,Old_Post,-0.32043504869309264,yellow
Q9Y5L4,TIMM13,Young_Pre,-0.9647743676260467,turquoise
Q9Y5L4,TIMM13,Young_Post,-0.5585696250035331,turquoise
Q9Y5L4,TIMM13,Old_Pre,0.21535618396118936,turquoise
Q9Y5L4,TIMM13,Old_Post,1.3079878086682797,turquoise
Q9Y5P6,GMPPB,Young_Pre,-1.4243504948495278,red
Q9Y5P6,GMPPB,Young_Post,0.8622741205371791,red
Q9Y5P6,GMPPB,Old_Pre,0.09429761364096266,red
Q9Y5P6,GMPPB,Old_Post,0.4677787606714944,red
Q9Y5U8,MPC1,Young_Pre,-0.0811018702280732,pink
Q9Y5U8,MPC1,Young_Post,-0.15483331920815346,pink
Q9Y5U8,MPC1,Old_Pre,1.3307364150423622,pink
Q9Y5U8,MPC1,Old_Post,-1.0948012256061355,pink
Q9Y5X3,SNX5,Young_Pre,-0.09192056383673457,red
Q9Y5X3,SNX5,Young_Post,-0.516878912280097,red
Q9Y5X3,SNX5,Old_Pre,1.431135820493876,red
Q9Y5X3,SNX5,Old_Post,-0.8223363443770445,red
Q9Y5Z7,HCFC2,Young_Pre,-0.21835990635256528,turquoise
Q9Y5Z7,HCFC2,Young_Post,-1.2779359052199601,turquoise
Q9Y5Z7,HCFC2,Old_Pre,1.0641765402346215,turquoise
Q9Y5Z7,HCFC2,Old_Post,0.4321192713379157,turquoise
Q9Y613,FHOD1,Young_Pre,-0.38358289849058047,purple
Q9Y613,FHOD1,Young_Post,1.4946370716113568,purple
Q9Y613,FHOD1,Old_Pre,-0.5847118115552077,purple
Q9Y613,FHOD1,Old_Post,-0.5263423615655688,purple
Q9Y623,MYH4,Young_Pre,1.1339025264315965,brown
Q9Y623,MYH4,Young_Post,0.5187474293111108,brown
Q9Y623,MYH4,Old_Pre,-1.0257494335268358,brown
Q9Y623,MYH4,Old_Post,-0.6269005222158713,brown
Q9Y676,MRPS18B,Young_Pre,-0.11176622582215011,pink
Q9Y676,MRPS18B,Young_Post,0.9344199589426339,pink
Q9Y676,MRPS18B,Old_Pre,-1.353661220382352,pink
Q9Y676,MRPS18B,Old_Post,0.5310074872617899,pink
Q9Y678,COPG1,Young_Pre,0.9868690809908541,red
Q9Y678,COPG1,Young_Post,0.24472281846111338,red
Q9Y678,COPG1,Old_Pre,-1.3929030387783206,red
Q9Y678,COPG1,Old_Post,0.16131113932657062,red
Q9Y696,CLIC4,Young_Pre,0.5088396249494895,blue
Q9Y696,CLIC4,Young_Post,1.1072671102776637,blue
Q9Y696,CLIC4,Old_Pre,-1.131427216861854,blue
Q9Y696,CLIC4,Old_Post,-0.48467951836533585,blue
Q9Y697,NFS1,Young_Pre,-0.8260517337302029,pink
Q9Y697,NFS1,Young_Post,-0.891080347605695,pink
Q9Y697,NFS1,Old_Pre,0.7014943135239632,pink
Q9Y697,NFS1,Old_Post,1.0156377678118236,pink
Q9Y6B6,SAR1B,Young_Pre,0.7134551753613733,yellow
Q9Y6B6,SAR1B,Young_Post,0.9686467397031473,yellow
Q9Y6B6,SAR1B,Old_Pre,-0.5783993060232426,yellow
Q9Y6B6,SAR1B,Old_Post,-1.1037026090412065,yellow
Q9Y6C9,MTCH2,Young_Pre,-0.6024063109518047,green
Q9Y6C9,MTCH2,Young_Post,-1.0922634069175314,green
Q9Y6C9,MTCH2,Old_Pre,0.7836380768236549,green
Q9Y6C9,MTCH2,Old_Post,0.9110316410457254,green
Q9Y6G9,DYNC1LI1,Young_Pre,-0.9080029635534796,blue
Q9Y6G9,DYNC1LI1,Young_Post,1.3982571526884384,blue
Q9Y6G9,DYNC1LI1,Old_Pre,-0.4689942071047275,blue
Q9Y6G9,DYNC1LI1,Old_Post,-0.021259982030262657,blue
Q9Y6H1,CHCHD2,Young_Pre,-0.6836351714849862,green
Q9Y6H1,CHCHD2,Young_Post,-0.9850013616170781,green
Q9Y6H1,CHCHD2,Old_Pre,0.542563806328248,green
Q9Y6H1,CHCHD2,Old_Post,1.1260727267738075,green
Q9Y6M9,NDUFB9,Young_Pre,0.6458125902681174,green
Q9Y6M9,NDUFB9,Young_Post,-1.4825803340555372,green
Q9Y6M9,NDUFB9,Old_Pre,0.28649087965873477,green
Q9Y6M9,NDUFB9,Old_Post,0.5502768641287044,green
Q9Y6N1,COX11,Young_Pre,-1.1323410983101263,turquoise
Q9Y6N1,COX11,Young_Post,-0.5101899369990623,turquoise
Q9Y6N1,COX11,Old_Pre,1.054241658370399,turquoise
Q9Y6N1,COX11,Old_Post,0.588289376938884,turquoise
