pathway,pval,padj,foldEnrichment,overlap,size,database,odds_ratio,module,Description,geneID,Count,p.adjust,ID
GOBP_ATP_SYNTHESIS_COUPLED_ELECTRON_TRANSPORT,2.0591596353998105e-60,2.0468046775874116e-57,10.510750962772786,62,76,GO:BP,84.0126050420168,green,ATP Synthesis Coupled Electron Transport,CHCHD2/COA6/COX4I1/COX5A/COX5B/COX6A2/COX6B1/COX6C/COX7A1/COX7A2/COX7A2L/COX7B/COX7C/COX8A/CYC1/CYCS/GHITM/MT-CO1/MT-CO2/MT-CO3/MT-ND1/MT-ND3/MTCH2/NDUFA1/NDUFA10/NDUFA12/NDUFA2/NDUFA3/NDUFA5/NDUFA6/NDUFA7/NDUFA8/NDUFA9/NDUFAB1/NDUFB1/NDUFB10/NDUFB3/NDUFB4/NDUFB5/NDUFB6/NDUFB7/NDUFB8/NDUFB9/NDUFC2/NDUFS1/NDUFS2/NDUFS3/NDUFS4/NDUFS5/NDUFS6/NDUFS7/NDUFS8/NDUFV1/NDUFV2/NDUFV3/UQCR11/UQCRB/UQCRC1/UQCRC2/UQCRFS1/UQCRH/UQCRQ,62,2.0468046775874116e-57,GOBP_ATP_SYNTHESIS_COUPLED_ELECTRON_TRANSPORT
REACTOME_RESPIRATORY_ELECTRON_TRANSPORT,5.097025342628517e-52,1.585174881557469e-49,8.098606271777005,66,105,Reactome,32.982731554160125,green,Respiratory Electron Transport,COX17/COX4I1/COX5A/COX5B/COX6A2/COX6B1/COX6C/COX7A1/COX7A2/COX7A2L/COX7B/COX7C/COX8A/CYC1/CYCS/MT-CO1/MT-CO2/MT-CO3/MT-ND1/MT-ND3/NDUFA1/NDUFA10/NDUFA12/NDUFA13/NDUFA2/NDUFA3/NDUFA5/NDUFA6/NDUFA7/NDUFA8/NDUFA9/NDUFAB1/NDUFB1/NDUFB10/NDUFB11/NDUFB3/NDUFB4/NDUFB5/NDUFB6/NDUFB7/NDUFB8/NDUFB9/NDUFC2/NDUFS1/NDUFS2/NDUFS3/NDUFS4/NDUFS5/NDUFS6/NDUFS7/NDUFS8/NDUFV1/NDUFV2/NDUFV3/SLC25A12/SLC25A13/SMIM20/TIMM21/TMEM126A/UQCR11/UQCRB/UQCRC1/UQCRC2/UQCRFS1/UQCRH/UQCRQ,66,1.585174881557469e-49,REACTOME_RESPIRATORY_ELECTRON_TRANSPORT
GOBP_CELLULAR_RESPIRATION,2.3178248205417204e-41,4.6078357432369404e-39,6.036628006140202,67,143,GO:BP,17.022653282691266,green,Cellular Respiration,CHCHD2/COA6/COX4I1/COX5A/COX5B/COX6A2/COX6B1/COX6C/COX7A1/COX7A2/COX7A2L/COX7B/COX7C/COX8A/CYC1/CYCS/GHITM/MT-CO1/MT-CO2/MT-CO3/MT-ND1/MT-ND3/MTCH2/NDUFA1/NDUFA10/NDUFA12/NDUFA13/NDUFA2/NDUFA3/NDUFA5/NDUFA6/NDUFA7/NDUFA8/NDUFA9/NDUFAB1/NDUFB1/NDUFB10/NDUFB11/NDUFB3/NDUFB4/NDUFB5/NDUFB6/NDUFB7/NDUFB8/NDUFB9/NDUFC2/NDUFS1/NDUFS2/NDUFS3/NDUFS4/NDUFS5/NDUFS6/NDUFS7/NDUFS8/NDUFV1/NDUFV2/NDUFV3/PNPT1/SLC25A13/STOML2/UQCR11/UQCRB/UQCRC1/UQCRC2/UQCRFS1/UQCRH/UQCRQ,67,4.6078357432369404e-39,GOBP_CELLULAR_RESPIRATION
GOBP_PROTON_TRANSMEMBRANE_TRANSPORT,1.3399583789331969e-39,2.2198643810993293e-37,7.759769955654103,53,88,GO:BP,26.11119691119691,green,Proton Transmembrane Transport,COX17/COX4I1/COX5A/COX5B/COX6B1/COX7A1/COX7A2L/COX7B/COX8A/CYC1/GHITM/MT-CO1/MT-CO2/MT-CO3/MT-ND1/MT-ND3/NDUFA1/NDUFA10/NDUFA12/NDUFA2/NDUFA3/NDUFA5/NDUFA6/NDUFA7/NDUFA8/NDUFA9/NDUFB1/NDUFB10/NDUFB3/NDUFB4/NDUFB5/NDUFB6/NDUFB7/NDUFB8/NDUFB9/NDUFC2/NDUFS1/NDUFS2/NDUFS3/NDUFS4/NDUFS5/NDUFS6/NDUFS7/NDUFS8/NDUFV1/NDUFV2/NDUFV3/PHB2/SLC25A12/SLC25A13/UQCRC1/UQCRFS1/UQCRH,53,2.2198643810993293e-37,GOBP_PROTON_TRANSMEMBRANE_TRANSPORT
KEGG_MEDICUS_REFERENCE_ELECTRON_TRANSFER_IN_COMPLEX_I,1.2729988462657686e-36,1.336648788579057e-35,11.312908982748365,36,41,KEGG,109.35,green,Reference Electron Transfer In Complex I,MT-ND1/MT-ND3/NDUFA1/NDUFA10/NDUFA12/NDUFA13/NDUFA2/NDUFA3/NDUFA5/NDUFA6/NDUFA7/NDUFA8/NDUFA9/NDUFAB1/NDUFB1/NDUFB10/NDUFB11/NDUFB3/NDUFB4/NDUFB5/NDUFB6/NDUFB7/NDUFB8/NDUFB9/NDUFC2/NDUFS1/NDUFS2/NDUFS3/NDUFS4/NDUFS5/NDUFS6/NDUFS7/NDUFS8/NDUFV1/NDUFV2/NDUFV3,36,1.336648788579057e-35,KEGG_MEDICUS_REFERENCE_ELECTRON_TRANSFER_IN_COMPLEX_I
REACTOME_COMPLEX_I_BIOGENESIS,6.287522166243287e-33,6.518064645672208e-31,9.728845196615232,37,49,Reactome,47.02690288713911,green,Complex I Biogenesis,MT-ND1/MT-ND3/NDUFA1/NDUFA10/NDUFA12/NDUFA13/NDUFA2/NDUFA3/NDUFA5/NDUFA6/NDUFA7/NDUFA8/NDUFA9/NDUFAB1/NDUFB1/NDUFB10/NDUFB11/NDUFB3/NDUFB4/NDUFB5/NDUFB6/NDUFB7/NDUFB8/NDUFB9/NDUFC2/NDUFS1/NDUFS2/NDUFS3/NDUFS4/NDUFS5/NDUFS6/NDUFS7/NDUFS8/NDUFV1/NDUFV2/NDUFV3/TMEM126A,37,6.518064645672208e-31,REACTOME_COMPLEX_I_BIOGENESIS
KEGG_MEDICUS_REFERENCE_MITOCHONDRIAL_COMPLEX_UCP1_IN_THERMOGENESIS,3.2895579859691023e-29,1.1513452950891859e-28,9.018902439024389,35,50,KEGG,34.98191214470284,green,Reference Mitochondrial Complex Ucp1 In Thermogenesis,COA6/COX4I1/COX5A/COX6A2/COX6B1/COX8A/CYC1/NDUFA1/NDUFA10/NDUFA12/NDUFA13/NDUFA2/NDUFA6/NDUFA8/NDUFA9/NDUFB10/NDUFB11/NDUFB3/NDUFB7/NDUFB8/NDUFB9/NDUFC2/NDUFS1/NDUFS2/NDUFS3/NDUFS4/NDUFS6/NDUFS7/NDUFS8/NDUFV1/NDUFV2/UQCRB/UQCRC2/UQCRFS1/UQCRQ,35,1.1513452950891859e-28,KEGG_MEDICUS_REFERENCE_MITOCHONDRIAL_COMPLEX_UCP1_IN_THERMOGENESIS
HALLMARK_OXIDATIVE_PHOSPHORYLATION,1.5603346754612653e-29,5.617204831660555e-28,4.872850218886804,59,156,Hallmark,10.728325969563082,green,OXPHOS,BCKDHA/COX17/COX4I1/COX5A/COX5B/COX6B1/COX6C/COX7A2/COX7A2L/COX7B/COX7C/COX8A/CYC1/CYCS/IMMT/MGST3/MRPL11/MTX2/NDUFA1/NDUFA2/NDUFA3/NDUFA5/NDUFA6/NDUFA7/NDUFA8/NDUFA9/NDUFAB1/NDUFB1/NDUFB3/NDUFB4/NDUFB5/NDUFB6/NDUFB7/NDUFB8/NDUFC2/NDUFS1/NDUFS2/NDUFS3/NDUFS4/NDUFS6/NDUFS7/NDUFS8/NDUFV1/NDUFV2/PHB2/SLC25A12/SUPV3L1/TIMM8B/TOMM22/UQCR11/UQCRB/UQCRC1/UQCRC2/UQCRFS1/UQCRH/UQCRQ/VDAC1/VDAC2/VDAC3,59,5.617204831660555e-28,HALLMARK_OXIDATIVE_PHOSPHORYLATION
GOBP_GENERATION_OF_PRECURSOR_METABOLITES_AND_ENERGY,8.140494570122534e-30,8.990724003001998e-28,4.062568666227203,70,222,GO:BP,8.80389137737962,green,Generation Of Precursor Metabolites And Energy,CHCHD2/COA6/COX17/COX4I1/COX5A/COX5B/COX6A2/COX6B1/COX6C/COX7A1/COX7A2/COX7A2L/COX7B/COX7C/COX8A/CYC1/CYCS/GHITM/MT-CO1/MT-CO2/MT-CO3/MT-ND1/MT-ND3/MTCH2/NDUFA1/NDUFA10/NDUFA12/NDUFA13/NDUFA2/NDUFA3/NDUFA5/NDUFA6/NDUFA7/NDUFA8/NDUFA9/NDUFAB1/NDUFB1/NDUFB10/NDUFB11/NDUFB3/NDUFB4/NDUFB5/NDUFB6/NDUFB7/NDUFB8/NDUFB9/NDUFC2/NDUFS1/NDUFS2/NDUFS3/NDUFS4/NDUFS5/NDUFS6/NDUFS7/NDUFS8/NDUFV1/NDUFV2/NDUFV3/OXCT1/PNPT1/SLC25A13/SORBS1/STOML2/UQCR11/UQCRB/UQCRC1/UQCRC2/UQCRFS1/UQCRH/UQCRQ,70,8.990724003001998e-28,GOBP_GENERATION_OF_PRECURSOR_METABOLITES_AND_ENERGY
GOBP_PROTON_MOTIVE_FORCE_DRIVEN_ATP_SYNTHESIS,8.068874327930716e-28,8.020461081963132e-26,7.945223577235772,37,60,GO:BP,24.396439575487847,green,Proton Motive Force Driven ATP Synthesis,MT-ND1/MT-ND3/NDUFA1/NDUFA10/NDUFA12/NDUFA13/NDUFA2/NDUFA3/NDUFA5/NDUFA6/NDUFA7/NDUFA8/NDUFA9/NDUFAB1/NDUFB1/NDUFB10/NDUFB11/NDUFB3/NDUFB4/NDUFB5/NDUFB6/NDUFB7/NDUFB8/NDUFB9/NDUFC2/NDUFS1/NDUFS2/NDUFS3/NDUFS4/NDUFS5/NDUFS6/NDUFS7/NDUFS8/NDUFV1/NDUFV2/NDUFV3/STOML2,37,8.020461081963132e-26,GOBP_PROTON_MOTIVE_FORCE_DRIVEN_ATP_SYNTHESIS
GOBP_RIBOSE_PHOSPHATE_BIOSYNTHETIC_PROCESS,8.043106876419078e-20,6.149883257815819e-18,5.208484691229891,38,94,GO:BP,10.194727891156463,green,Ribose Phosphate Biosynthetic Process,MT-ND1/MT-ND3/NDUFA1/NDUFA10/NDUFA12/NDUFA13/NDUFA2/NDUFA3/NDUFA5/NDUFA6/NDUFA7/NDUFA8/NDUFA9/NDUFAB1/NDUFB1/NDUFB10/NDUFB11/NDUFB3/NDUFB4/NDUFB5/NDUFB6/NDUFB7/NDUFB8/NDUFB9/NDUFC2/NDUFS1/NDUFS2/NDUFS3/NDUFS4/NDUFS5/NDUFS6/NDUFS7/NDUFS8/NDUFV1/NDUFV2/NDUFV3/SLC25A13/STOML2,38,6.149883257815819e-18,GOBP_RIBOSE_PHOSPHATE_BIOSYNTHETIC_PROCESS
KEGG_MEDICUS_REFERENCE_ELECTRON_TRANSFER_IN_COMPLEX_IV,1.2138489244075516e-17,3.186353426569823e-17,12.884146341463415,15,15,KEGG,Inf,green,Reference Electron Transfer In Complex Iv,COX4I1/COX5A/COX5B/COX6A2/COX6B1/COX6C/COX7A1/COX7A2/COX7A2L/COX7B/COX7C/COX8A/MT-CO1/MT-CO2/MT-CO3,15,3.186353426569823e-17,KEGG_MEDICUS_REFERENCE_ELECTRON_TRANSFER_IN_COMPLEX_IV
GOBP_MITOCHONDRION_ORGANIZATION,1.1383986307635593e-18,7.543788259859853e-17,4.03177368508379,46,147,GO:BP,7.132740392683336,green,Mitochondrion Organization,ATAD3A/CHCHD2/CHCHD3/COA6/COX17/COX7A1/COX7A2/COX7A2L/DNAJA3/DNAJC11/GHITM/IMMT/MCU/MFN1/MT-ND1/MTCH2/MTX2/NDUFA13/NDUFA6/NDUFB3/NDUFC2/NDUFS1/NDUFS2/NDUFS3/NDUFS4/NDUFS5/NDUFS6/NDUFS7/NDUFS8/PHB2/PNPT1/RALA/SAMM50/SMIM20/STOML2/SUPV3L1/TIMM21/TIMM8A/TIMM8B/TMEM11/TMEM126A/TOMM22/TOMM40/TOMM5/UQCRFS1/VDAC2,46,7.543788259859853e-17,GOBP_MITOCHONDRION_ORGANIZATION
GOBP_MITOCHONDRIAL_ELECTRON_TRANSPORT_CYTOCHROME_C_TO_OXYGEN,1.3681803825083836e-17,7.99983117772549e-16,12.12625538020086,16,17,GO:BP,210.59459459459458,green,Mitochondrial Electron Transport Cytochrome C To Oxygen,COX4I1/COX5A/COX5B/COX6A2/COX6B1/COX6C/COX7A1/COX7A2/COX7A2L/COX7B/COX7C/COX8A/CYCS/MT-CO1/MT-CO2/MT-CO3,16,7.99983117772549e-16,GOBP_MITOCHONDRIAL_ELECTRON_TRANSPORT_CYTOCHROME_C_TO_OXYGEN
GOBP_ATP_METABOLIC_PROCESS,3.8885695762056903e-16,2.0343358730255034e-14,4.118702518992403,39,122,GO:BP,7.014361445783132,green,ATP Metabolic Process,MT-ND1/MT-ND3/MTCH2/NDUFA1/NDUFA10/NDUFA12/NDUFA13/NDUFA2/NDUFA3/NDUFA5/NDUFA6/NDUFA7/NDUFA8/NDUFA9/NDUFAB1/NDUFB1/NDUFB10/NDUFB11/NDUFB3/NDUFB4/NDUFB5/NDUFB6/NDUFB7/NDUFB8/NDUFB9/NDUFC2/NDUFS1/NDUFS2/NDUFS3/NDUFS4/NDUFS5/NDUFS6/NDUFS7/NDUFS8/NDUFV1/NDUFV2/NDUFV3/SLC25A13/STOML2,39,2.0343358730255034e-14,GOBP_ATP_METABOLIC_PROCESS
GOBP_MITOCHONDRIAL_RESPIRATORY_CHAIN_COMPLEX_ASSEMBLY,1.6522273540251424e-15,7.820542809052341e-14,6.891520136131595,23,43,GO:BP,15.732978723404255,green,Mitochondrial Respiratory Chain Complex Assembly,COA6/COX17/COX7A1/COX7A2/COX7A2L/MT-ND1/NDUFA13/NDUFA6/NDUFB3/NDUFC2/NDUFS1/NDUFS2/NDUFS3/NDUFS4/NDUFS5/NDUFS6/NDUFS7/NDUFS8/SAMM50/SMIM20/TIMM21/TMEM126A/UQCRFS1,23,7.820542809052341e-14,GOBP_MITOCHONDRIAL_RESPIRATORY_CHAIN_COMPLEX_ASSEMBLY
REACTOME_COMPLEX_IV_ASSEMBLY,1.2711670190988675e-15,9.883323573493695e-14,9.276585365853657,18,25,Reactome,34.20352250489237,green,Complex Iv Assembly,COX17/COX4I1/COX5A/COX5B/COX6A2/COX6B1/COX6C/COX7A1/COX7A2/COX7A2L/COX7B/COX7C/COX8A/MT-CO1/MT-CO2/MT-CO3/SMIM20/TIMM21,18,9.883323573493695e-14,REACTOME_COMPLEX_IV_ASSEMBLY
REACTOME_CYTOPROTECTION_BY_HMOX1,4.2575704123401483e-14,2.6482087964755722e-12,9.37028824833703,16,22,Reactome,35.009009009009006,green,Cytoprotection By Hmox1,COX4I1/COX5A/COX5B/COX6A2/COX6B1/COX6C/COX7A1/COX7A2/COX7A2L/COX7B/COX7C/COX8A/CYCS/MT-CO1/MT-CO2/MT-CO3,16,2.6482087964755722e-12,REACTOME_CYTOPROTECTION_BY_HMOX1
GOBP_NADH_DEHYDROGENASE_COMPLEX_ASSEMBLY,8.533288911045602e-12,3.5342038239913867e-10,8.052591463414634,15,24,GO:BP,21.700223713646533,green,NADH Dehydrogenase Complex Assembly,MT-ND1/NDUFA13/NDUFA6/NDUFB3/NDUFC2/NDUFS1/NDUFS2/NDUFS3/NDUFS4/NDUFS5/NDUFS6/NDUFS7/NDUFS8/TIMM21/TMEM126A,15,3.5342038239913867e-10,GOBP_NADH_DEHYDROGENASE_COMPLEX_ASSEMBLY
GOBP_NUCLEOTIDE_METABOLIC_PROCESS,6.184053251925252e-11,2.45877957296548e-9,2.7563099138454072,43,201,GO:BP,4.02829793911497,green,Nucleotide Metabolic Process,MFN1/MPP1/MT-ND1/MT-ND3/MTCH2/NDUFA1/NDUFA10/NDUFA12/NDUFA13/NDUFA2/NDUFA3/NDUFA5/NDUFA6/NDUFA7/NDUFA8/NDUFA9/NDUFAB1/NDUFB1/NDUFB10/NDUFB11/NDUFB3/NDUFB4/NDUFB5/NDUFB6/NDUFB7/NDUFB8/NDUFB9/NDUFC2/NDUFS1/NDUFS2/NDUFS3/NDUFS4/NDUFS5/NDUFS6/NDUFS7/NDUFS8/NDUFV1/NDUFV2/NDUFV3/NUDT16/SLC25A12/SLC25A13/STOML2,43,2.45877957296548e-9,GOBP_NUCLEOTIDE_METABOLIC_PROCESS
REACTOME_MITOCHONDRIAL_PROTEIN_IMPORT,7.601514970037871e-11,3.9401185928029635e-9,5.563608647450112,19,44,Reactome,10.084413793103447,green,Mitochondrial Protein Import,CHCHD2/CHCHD3/CMC2/COA6/COX17/CYC1/MTX2/NDUFB8/PMPCB/SAMM50/SLC25A12/SLC25A13/TIMM21/TIMM8A/TIMM8B/TOMM22/TOMM40/TOMM5/VDAC1,19,3.9401185928029635e-9,REACTOME_MITOCHONDRIAL_PROTEIN_IMPORT
REACTOME_TP53_REGULATES_METABOLIC_GENES,1.772916970947201e-9,7.876816828065422e-8,5.3422070196311715,17,41,Reactome,9.27579365079365,green,Tp53 Regulates Metabolic Genes,AGO2/COX4I1/COX5A/COX5B/COX6A2/COX6B1/COX6C/COX7A1/COX7A2/COX7A2L/COX7B/COX7C/COX8A/CYCS/MT-CO1/MT-CO2/MT-CO3,17,7.876816828065422e-8,REACTOME_TP53_REGULATES_METABOLIC_GENES
REACTOME_PROTEIN_LOCALIZATION,9.765585645368067e-8,3.796371419636836e-6,3.5600930680359433,21,76,Reactome,5.057088366179276,green,Protein Localization,ATAD1/CHCHD2/CHCHD3/CMC2/COA6/COX17/CYC1/EMD/MTX2/NDUFB8/PMPCB/SAMM50/SLC25A12/SLC25A13/TIMM21/TIMM8A/TIMM8B/TOMM22/TOMM40/TOMM5/VDAC1,21,3.796371419636836e-6,REACTOME_PROTEIN_LOCALIZATION
GOBP_MITOCHONDRIAL_TRANSPORT,1.1916362133127621e-7,4.555716907818791e-6,3.8249809451219514,19,64,GO:BP,5.544214559386973,green,Mitochondrial Transport,GHITM/MCU/MICU2/MTCH2/MTX2/NDUFA13/PMPCB/PNPT1/SAMM50/SLC25A13/TIMM21/TIMM8A/TIMM8B/TMEM14C/TOMM22/TOMM40/TOMM5/VDAC1/VDAC2,19,4.555716907818791e-6,GOBP_MITOCHONDRIAL_TRANSPORT
GOBP_ESTABLISHMENT_OF_PROTEIN_LOCALIZATION_TO_MITOCHONDRIAL_MEMBRANE,1.5453552154694266e-7,5.689196608061519e-6,7.157859078590786,10,18,GO:BP,15.75487012987013,green,Establishment Of Protein Localization To Mitochondrial Membrane,MTCH2/MTX2/NDUFA13/SAMM50/TIMM8A/TIMM8B/TMEM126A/TOMM22/TOMM40/TOMM5,10,5.689196608061519e-6,GOBP_ESTABLISHMENT_OF_PROTEIN_LOCALIZATION_TO_MITOCHONDRIAL_MEMBRANE
GOBP_MITOCHONDRIAL_MEMBRANE_ORGANIZATION,2.967180061187338e-7,1.053348921721505e-5,4.207068193130911,16,49,GO:BP,6.276822276822277,green,Mitochondrial Membrane Organization,CHCHD3/DNAJC11/GHITM/IMMT/MTCH2/MTX2/NDUFA13/SAMM50/TIMM8A/TIMM8B/TMEM11/TMEM126A/TOMM22/TOMM40/TOMM5/VDAC2,16,1.053348921721505e-5,GOBP_MITOCHONDRIAL_MEMBRANE_ORGANIZATION
REACTOME_TRANSCRIPTIONAL_REGULATION_BY_TP53,3.846992082404522e-7,1.3293494862531183e-5,3.7405586152635717,18,62,Reactome,5.337795765877957,green,Transcriptional Regulation By Tp53,AGO2/COX4I1/COX5A/COX5B/COX6A2/COX6B1/COX6C/COX7A1/COX7A2/COX7A2L/COX7B/COX7C/COX8A/CYCS/MT-CO1/MT-CO2/MT-CO3/RPA2,18,1.3293494862531183e-5,REACTOME_TRANSCRIPTIONAL_REGULATION_BY_TP53
REACTOME_MITOCHONDRIAL_PROTEIN_DEGRADATION,2.2861994710958288e-6,7.110080355108028e-5,3.221036585365854,19,76,Reactome,4.349425287356322,green,Mitochondrial Protein Degradation,CHCHD2/COX4I1/COX5A/COX5B/MICU2/MT-CO1/MT-CO2/MT-ND1/NDUFA13/NDUFA2/NDUFB6/NDUFS1/NDUFS3/NDUFV1/NDUFV3/OXCT1/PDK1/UQCRC2/UQCRQ,19,7.110080355108028e-5,REACTOME_MITOCHONDRIAL_PROTEIN_DEGRADATION
GOBP_INNER_MITOCHONDRIAL_MEMBRANE_ORGANIZATION,4.482697695448825e-6,1.536483279060735e-4,4.887089991589571,11,29,GO:BP,7.71278140885984,green,Inner Mitochondrial Membrane Organization,CHCHD3/DNAJC11/GHITM/IMMT/MTX2/NDUFA13/SAMM50/TIMM8A/TIMM8B/TMEM11/TMEM126A,11,1.536483279060735e-4,GOBP_INNER_MITOCHONDRIAL_MEMBRANE_ORGANIZATION
REACTOME_COMPLEX_III_ASSEMBLY,8.379987717722743e-6,2.369251072919794e-4,6.442073170731708,8,16,Reactome,12.442307692307692,green,Complex Iii Assembly,CYC1/UQCR11/UQCRB/UQCRC1/UQCRC2/UQCRFS1/UQCRH/UQCRQ,8,2.369251072919794e-4,REACTOME_COMPLEX_III_ASSEMBLY
GOBP_IMPORT_INTO_THE_MITOCHONDRION,6.253811667959104e-5,0.002072096265983783,5.153658536585366,8,20,GO:BP,8.277777777777779,green,Import Into The Mitochondrion,MCU/MICU2/PNPT1/SAMM50/TIMM21/TOMM22/TOMM40/VDAC1,8,0.002072096265983783,GOBP_IMPORT_INTO_THE_MITOCHONDRION
REACTOME_PINK1_PRKN_MEDIATED_MITOPHAGY,9.400059236513766e-5,0.0024361820187964846,5.636814024390245,7,16,Reactome,9.610757254069355,green,Pink1 Prkn Mediated Mitophagy,MFN1/TOMM22/TOMM40/TOMM5/VDAC1/VDAC2/VDAC3,7,0.0024361820187964846,REACTOME_PINK1_PRKN_MEDIATED_MITOPHAGY
GOBP_PROTEIN_LOCALIZATION_TO_MITOCHONDRION,2.2844050242351395e-4,0.007095933106530402,2.9909625435540073,13,56,GO:BP,3.8161096565532113,green,Protein Localization To Mitochondrion,MTCH2/MTX2/NDUFA13/PMPCB/RALA/SAMM50/TIMM21/TIMM8A/TIMM8B/TMEM126A/TOMM22/TOMM40/TOMM5,13,0.007095933106530402,GOBP_PROTEIN_LOCALIZATION_TO_MITOCHONDRION
HALLMARK_ADIPOGENESIS,0.0012009235866435634,0.02161662455958414,2.147357723577236,18,108,Hallmark,2.5465753424657533,green,Adipogenesis,BCKDHA/COX7B/COX8A/CYC1/G3BP2/GHITM/IMMT/MGST3/MTCH2/NDUFA5/NDUFAB1/NDUFB7/NDUFS3/SAMM50/SORBS1/UQCR11/UQCRC1/UQCRQ,18,0.02161662455958414,HALLMARK_ADIPOGENESIS
REACTOME_CELLULAR_RESPONSE_TO_CHEMICAL_STRESS,0.001804124990027882,0.04007734799276224,2.193046185781007,16,94,Reactome,2.593208593208593,green,Cellular Response To Chemical Stress,COX4I1/COX5A/COX5B/COX6A2/COX6B1/COX6C/COX7A1/COX7A2/COX7A2L/COX7B/COX7C/COX8A/CYCS/MT-CO1/MT-CO2/MT-CO3,16,0.04007734799276224,REACTOME_CELLULAR_RESPONSE_TO_CHEMICAL_STRESS
GOBP_ESTABLISHMENT_OF_PROTEIN_LOCALIZATION_TO_MEMBRANE,0.0016647533719156913,0.04866955446129992,2.5768292682926828,12,60,GO:BP,3.1266447368421053,green,Establishment Of Protein Localization To Membrane,ATAD1/LYPLA1/MTCH2/MTX2/NDUFA13/SAMM50/TIMM8A/TIMM8B/TMEM126A/TOMM22/TOMM40/TOMM5,12,0.04866955446129992,GOBP_ESTABLISHMENT_OF_PROTEIN_LOCALIZATION_TO_MEMBRANE
REACTOME_HSP90_CHAPERONE_CYCLE_FOR_STEROID_HORMONE_RECEPTORS_SHR_IN_THE_PRESENCE_OF_LIGAND,8.372331791429646e-12,2.60379518713462e-9,5.000338066260987,21,34,Reactome,12.377884615384616,blue,Hsp90 Chaperone Cycle For Steroid Hormone Receptors Shr In The Presence Of Ligand,DCTN1/DCTN4/DCTN5/DCTN6/DNAJA1/DNAJA2/DNAJA4/DYNC1H1/DYNC1I2/DYNC1LI1/DYNC1LI2/HSP90AA1/HSP90AB1/HSPA1A/HSPA2/HSPA8/TUBA1B/TUBA4A/TUBB2A/TUBB4B/TUBB6,21,2.60379518713462e-9,REACTOME_HSP90_CHAPERONE_CYCLE_FOR_STEROID_HORMONE_RECEPTORS_SHR_IN_THE_PRESENCE_OF_LIGAND
REACTOME_MHC_CLASS_II_ANTIGEN_PRESENTATION,7.671069285941119e-10,1.192851273963844e-7,4.047892720306514,22,44,Reactome,7.656903765690377,blue,Mhc Class Ii Antigen Presentation,AP1B1/AP2A1/AP2B1/AP2M1/CANX/CLTC/DCTN1/DCTN4/DCTN5/DCTN6/DYNC1H1/DYNC1I2/DYNC1LI1/DYNC1LI2/KIF5B/KLC1/SEC31A/TUBA1B/TUBA4A/TUBB2A/TUBB4B/TUBB6,22,1.192851273963844e-7,REACTOME_MHC_CLASS_II_ANTIGEN_PRESENTATION
KEGG_MEDICUS_REFERENCE_RAB7_REGULATED_MICROTUBULE_MINUS_END_DIRECTED_TRANSPORT,7.604791961480855e-9,1.5970063119109796e-7,5.059865900383142,15,24,KEGG,12.486449864498645,blue,Reference Rab7 Regulated Microtubule Minus End Directed Transport,DCTN1/DCTN4/DCTN5/DCTN6/DYNC1H1/DYNC1I2/DYNC1LI1/DYNC1LI2/DYNLT1/TUBA1B/TUBA4A/TUBB/TUBB2A/TUBB4B/TUBB6,15,1.5970063119109796e-7,KEGG_MEDICUS_REFERENCE_RAB7_REGULATED_MICROTUBULE_MINUS_END_DIRECTED_TRANSPORT
REACTOME_CILIUM_ASSEMBLY,1.933826569610504e-9,2.004733543829556e-7,4.394854953475644,19,35,Reactome,9.009297520661157,blue,Cilium Assembly,CCT2/CCT3/CCT4/CCT5/CCT8/DCTN1/DYNC1H1/DYNC1I2/HSP90AA1/MAPRE1/PPP2R1A/TCP1/TNPO1/TUBA1B/TUBA4A/TUBB/TUBB2A/TUBB4B/TUBB6,19,2.004733543829556e-7,REACTOME_CILIUM_ASSEMBLY
REACTOME_GOLGI_TO_ER_RETROGRADE_TRANSPORT,9.46599367151504e-9,7.359810079602943e-7,3.7780332056194124,21,45,Reactome,6.664583333333334,blue,Golgi To Er Retrograde Transport,ARCN1/COPA/COPB2/DCTN1/DCTN4/DCTN5/DCTN6/DYNC1H1/DYNC1I2/DYNC1LI1/DYNC1LI2/KIF5B/KLC1/RAB18/SEC22B/SURF4/TUBA1B/TUBA4A/TUBB2A/TUBB4B/TUBB6,21,7.359810079602943e-7,REACTOME_GOLGI_TO_ER_RETROGRADE_TRANSPORT
REACTOME_MITOTIC_PROMETAPHASE,3.491790340157208e-8,2.1718935915777837e-6,3.845498084291188,19,40,Reactome,6.845533254624164,blue,Mitotic Prometaphase,CLIP1/CSNK2B/DCTN1/DYNC1H1/DYNC1I2/DYNC1LI1/DYNC1LI2/HSP90AA1/MAPRE1/NEK9/NUDC/PPP2R1A/RPS27/TUBA1B/TUBA4A/TUBB/TUBB2A/TUBB4B/TUBB6,19,2.1718935915777837e-6,REACTOME_MITOTIC_PROMETAPHASE
GOBP_PROTEIN_FOLDING,2.8860431059155493e-9,2.868726847280056e-6,2.8726980595723646,33,93,GO:BP,4.32280701754386,blue,Protein Folding,BAG3/CANX/CCT2/CCT3/CCT4/CCT5/CCT6A/CCT7/CCT8/CRYAB/DNAJA1/DNAJA2/DNAJA4/ERO1A/HSP90AA1/HSP90AB1/HSP90B1/HSPA1A/HSPA2/HSPA4/HSPA5/HSPA8/HSPB1/HSPB2/HSPB6/HYOU1/NUDC/P4HB/PDIA3/TBCB/TCP1/TXNDC5/UNC45B,33,2.868726847280056e-6,GOBP_PROTEIN_FOLDING
REACTOME_COOPERATION_OF_PREFOLDIN_AND_TRIC_CCT_IN_ACTIN_AND_TUBULIN_FOLDING,9.596054481883793e-8,4.263389919808371e-6,5.011676701331873,13,21,Reactome,12.08266129032258,blue,Cooperation Of Prefoldin And Tric Cct In Actin And Tubulin Folding,CCT2/CCT3/CCT4/CCT5/CCT6A/CCT7/CCT8/TCP1/TUBA1B/TUBA4A/TUBB2A/TUBB4B/TUBB6,13,4.263389919808371e-6,REACTOME_COOPERATION_OF_PREFOLDIN_AND_TRIC_CCT_IN_ACTIN_AND_TUBULIN_FOLDING
REACTOME_PROTEIN_FOLDING,1.8129344967694272e-7,7.047782856191148e-6,4.047892720306513,16,32,Reactome,7.493877551020408,blue,Protein Folding,CCT2/CCT3/CCT4/CCT5/CCT6A/CCT7/CCT8/CSNK2B/GNG12/TBCB/TCP1/TUBA1B/TUBA4A/TUBB2A/TUBB4B/TUBB6,16,7.047782856191148e-6,REACTOME_PROTEIN_FOLDING
REACTOME_RHO_GTPASES_ACTIVATE_FORMINS,3.132439027244437e-7,1.049087333854849e-5,3.925229304539649,16,33,Reactome,7.04921968787515,blue,Rho Gtpases Activate Formins,CLIP1/DYNC1H1/DYNC1I2/DYNC1LI1/DYNC1LI2/MAPRE1/NUDC/PFN1/PFN2/PPP2R1A/RPS27/TUBA1B/TUBA4A/TUBB2A/TUBB4B/TUBB6,16,1.049087333854849e-5,REACTOME_RHO_GTPASES_ACTIVATE_FORMINS
REACTOME_RECYCLING_PATHWAY_OF_L1,1.2023269345393688e-6,3.116030638681198e-5,4.947424435930183,11,18,Reactome,11.597142857142858,blue,Recycling Pathway Of L1,AP2A1/AP2B1/AP2M1/CLTC/EZR/MSN/TUBA1B/TUBA4A/TUBB2A/TUBB4B/TUBB6,11,3.116030638681198e-5,REACTOME_RECYCLING_PATHWAY_OF_L1
REACTOME_COPI_MEDIATED_ANTEROGRADE_TRANSPORT,1.952787325083112e-6,4.5491623428189676e-5,3.238314176245211,18,45,Reactome,5.0068587105624145,blue,Copi Mediated Anterograde Transport,ARCN1/COPA/COPB2/DCTN1/DCTN4/DCTN5/DCTN6/DYNC1H1/DYNC1I2/DYNC1LI1/DYNC1LI2/SPTAN1/SPTBN1/TUBA1B/TUBA4A/TUBB2A/TUBB4B/TUBB6,18,4.5491623428189676e-5,REACTOME_COPI_MEDIATED_ANTEROGRADE_TRANSPORT
REACTOME_RECRUITMENT_OF_NUMA_TO_MITOTIC_CENTROSOMES,2.0478544308509822e-6,4.5491623428189676e-5,4.415882967607105,12,22,Reactome,8.87710843373494,blue,Recruitment Of Numa To Mitotic Centrosomes,DCTN1/DYNC1H1/DYNC1I2/HSP90AA1/MAPRE1/PPP2R1A/TUBA1B/TUBA4A/TUBB/TUBB2A/TUBB4B/TUBB6,12,4.5491623428189676e-5,REACTOME_RECRUITMENT_OF_NUMA_TO_MITOTIC_CENTROSOMES
GOBP_RESPONSE_TO_HEAT,1.0184064504967263e-7,5.06148005896873e-5,4.17846990483253,16,31,GO:BP,7.9978231292517,blue,Response To Heat,BAG3/CRYAB/DNAJA1/DNAJA2/DNAJA4/EEF1D/EIF2B1/HSP90AA1/HSP90AB1/HSPA1A/HSPA2/HSPB1/HSPB2/HSPB6/MAPT/VCP,16,5.06148005896873e-5,GOBP_RESPONSE_TO_HEAT
REACTOME_AGGREPHAGY,2.5452295345116168e-6,5.277109234887419e-5,4.687033676144384,11,19,Reactome,10.142,blue,Aggrephagy,DYNC1H1/DYNC1I2/DYNC1LI1/DYNC1LI2/HSP90AA1/TUBA1B/TUBA4A/TUBB2A/TUBB4B/TUBB6/VCP,11,5.277109234887419e-5,REACTOME_AGGREPHAGY
GOBP_PROTEIN_REFOLDING,2.2567049819590397e-7,7.477215840224284e-5,5.113127646702964,12,19,GO:BP,12.70223752151463,blue,Protein Refolding,CRYAB/DNAJA1/DNAJA2/DNAJA4/HSP90AA1/HSPA1A/HSPA2/HSPA5/HSPA8/HSPB1/HSPB2/HSPB6,12,7.477215840224284e-5,GOBP_PROTEIN_REFOLDING
REACTOME_L1CAM_INTERACTIONS,5.256548547355016e-6,9.082147767930055e-5,3.4696223316912973,15,35,Reactome,5.585365853658536,blue,L1cam Interactions,AP2A1/AP2B1/AP2M1/CLTC/CSNK2B/EZR/HSPA8/MSN/SPTAN1/SPTBN1/TUBA1B/TUBA4A/TUBB2A/TUBB4B/TUBB6,15,9.082147767930055e-5,REACTOME_L1CAM_INTERACTIONS
REACTOME_ASPARAGINE_N_LINKED_GLYCOSYLATION,6.922476754305191e-6,1.0764451352944572e-4,2.4194301316774562,26,87,Reactome,3.248412975235438,blue,Asparagine N Linked Glycosylation,ARCN1/CANX/COPA/COPB2/DCTN1/DCTN4/DCTN5/DCTN6/DYNC1H1/DYNC1I2/DYNC1LI1/DYNC1LI2/GANAB/PDIA3/PRKCSH/SEC22B/SEC23IP/SEC31A/SPTAN1/SPTBN1/TUBA1B/TUBA4A/TUBB2A/TUBB4B/TUBB6/VCP,26,1.0764451352944572e-4,REACTOME_ASPARAGINE_N_LINKED_GLYCOSYLATION
HALLMARK_MITOTIC_SPINDLE,5.256548547355016e-6,1.8923574770478058e-4,3.4696223316912973,15,35,Hallmark,5.585365853658536,blue,Mitotic Spindle,BIN1/CLIP1/CLIP2/DYNC1H1/EZR/FLNA/FLNB/KIF5B/KLC1/MAPRE1/MARCKS/SPTAN1/SPTBN1/TUBA4A/VCL,15,1.8923574770478058e-4,HALLMARK_MITOTIC_SPINDLE
GOBP_POSITIVE_REGULATION_OF_PROTEIN_LOCALIZATION_TO_NUCLEUS,8.31429778079517e-7,2.0661029985275997e-4,4.385217113665389,13,24,GO:BP,8.773093841642229,blue,Positive Regulation Of Protein Localization To Nucleus,BAG3/CCT2/CCT3/CCT4/CCT5/CCT6A/CCT7/CCT8/FLNA/HSP90AA1/IPO5/RAN/TCP1,13,2.0661029985275997e-4,GOBP_POSITIVE_REGULATION_OF_PROTEIN_LOCALIZATION_TO_NUCLEUS
REACTOME_RHO_GTPASE_EFFECTORS,1.5144144150000043e-5,2.1408312866590972e-4,2.482707535121328,23,75,Reactome,3.345184227537169,blue,Rho Gtpase Effectors,ARPC1B/CLIP1/DYNC1H1/DYNC1I2/DYNC1LI1/DYNC1LI2/FLNA/KIF5B/KLC1/KTN1/MAPRE1/NUDC/PFN1/PFN2/PPP1R12B/PPP2R1A/RPS27/TUBA1B/TUBA4A/TUBB2A/TUBB4B/TUBB6/YWHAH,23,2.1408312866590972e-4,REACTOME_RHO_GTPASE_EFFECTORS
GOBP_CHAPERONE_MEDIATED_PROTEIN_FOLDING,1.3826001092418505e-6,2.748609017172799e-4,3.440708812260536,17,40,GO:BP,5.5404490377761935,blue,Chaperone Mediated Protein Folding,CCT2/CCT3/CCT4/CCT5/CCT6A/CCT7/CCT8/ERO1A/HSP90AB1/HSPA1A/HSPA2/HSPA5/HSPA8/HSPB1/HSPB6/TCP1/UNC45B,17,2.748609017172799e-4,GOBP_CHAPERONE_MEDIATED_PROTEIN_FOLDING
KEGG_MEDICUS_REFERENCE_DYNEIN_RECRUITMENT_TO_THE_KINETOCHORE,3.05572544077986e-5,3.208511712818853e-4,4.553879310344827,9,16,KEGG,9.41326530612245,blue,Reference Dynein Recruitment To The Kinetochore,DCTN1/DCTN4/DCTN5/DCTN6/DYNC1H1/DYNC1I2/DYNC1LI1/DYNC1LI2/DYNLT1,9,3.208511712818853e-4,KEGG_MEDICUS_REFERENCE_DYNEIN_RECRUITMENT_TO_THE_KINETOCHORE
GOBP_DNA_BIOSYNTHETIC_PROCESS,2.5452295345116168e-6,3.547253083036935e-4,4.687033676144384,11,19,GO:BP,10.142,blue,DNA Biosynthetic Process,CCT2/CCT3/CCT4/CCT5/CCT6A/CCT7/CCT8/HSP90AA1/HSP90AB1/TCP1/VCP,11,3.547253083036935e-4,GOBP_DNA_BIOSYNTHETIC_PROCESS
GOBP_RNA_TEMPLATED_DNA_BIOSYNTHETIC_PROCESS,2.8549320587822417e-6,3.547253083036935e-4,5.059865900383142,10,16,GO:BP,12.257636122177955,blue,RNA Templated DNA Biosynthetic Process,CCT2/CCT3/CCT4/CCT5/CCT6A/CCT7/CCT8/HSP90AA1/HSP90AB1/TCP1,10,3.547253083036935e-4,GOBP_RNA_TEMPLATED_DNA_BIOSYNTHETIC_PROCESS
REACTOME_MITOTIC_METAPHASE_AND_ANAPHASE,4.033789047141413e-5,5.25675314820493e-4,2.406855130993062,22,74,Reactome,3.1863533955584167,blue,Mitotic Metaphase And Anaphase,CLIP1/DYNC1H1/DYNC1I2/DYNC1LI1/DYNC1LI2/KPNB1/MAPRE1/NUDC/PPP2R1A/PSMC2/PSMC4/PSMD13/PSMD7/PSMD8/RAN/RPS27/TNPO1/TUBA1B/TUBA4A/TUBB2A/TUBB4B/TUBB6,22,5.25675314820493e-4,REACTOME_MITOTIC_METAPHASE_AND_ANAPHASE
REACTOME_SELECTIVE_AUTOPHAGY,5.115384445702376e-5,6.363538250453755e-4,2.9618727221754977,15,41,Reactome,4.282363977485929,blue,Selective Autophagy,CSNK2B/DYNC1H1/DYNC1I2/DYNC1LI1/DYNC1LI2/HSP90AA1/HSPA8/PRKAA2/PRKAG1/TUBA1B/TUBA4A/TUBB2A/TUBB4B/TUBB6/VCP,15,6.363538250453755e-4,REACTOME_SELECTIVE_AUTOPHAGY
REACTOME_HSF1_DEPENDENT_TRANSACTIVATION,5.7977203299394616e-5,6.439610795039903e-4,4.286004056795131,9,17,Reactome,8.232142857142858,blue,Hsf1 Dependent Transactivation,CRYAB/HSP90AA1/HSP90AB1/HSPA1A/HSPA2/HSPA8/HSPB1/HSPB2/SERPINH1,9,6.439610795039903e-4,REACTOME_HSF1_DEPENDENT_TRANSACTIVATION
GOBP_RESPONSE_TO_TOPOLOGICALLY_INCORRECT_PROTEIN,9.601294402043612e-6,0.0010604096261812611,3.0584078331204765,17,45,GO:BP,4.53864168618267,blue,Response To Topologically Incorrect Protein,BAG3/DNAJA1/ERO1A/HSP90AA1/HSP90AB1/HSPA1A/HSPA2/HSPA4/HSPA5/HSPA8/HSPB1/HSPB2/HSPB3/HSPB7/SERPINH1/UBR4/VCP,17,0.0010604096261812611,GOBP_RESPONSE_TO_TOPOLOGICALLY_INCORRECT_PROTEIN
REACTOME_HCMV_EARLY_EVENTS,1.0354339063260881e-4,0.0010733998162247114,4.047892720306513,9,18,Reactome,7.313492063492063,blue,Hcmv Early Events,DYNC1H1/DYNC1I2/DYNC1LI1/DYNC1LI2/TUBA1B/TUBA4A/TUBB2A/TUBB4B/TUBB6,9,0.0010733998162247114,REACTOME_HCMV_EARLY_EVENTS
GOBP_SPINDLE_ORGANIZATION,1.3555888336586216e-5,0.0012249593642333363,2.9919207063135094,17,46,GO:BP,4.379734313171284,blue,Spindle Organization,CLTC/DCTN1/DCTN6/DDB1/DYNC1H1/EZR/FLNA/HSPA1A/KPNB1/MAP4/MAPRE1/MAPRE3/NUDC/PPP2R1A/RAN/TUBB/VCP,17,0.0012249593642333363,GOBP_SPINDLE_ORGANIZATION
REACTOME_NEUTROPHIL_DEGRANULATION,1.323211384736854e-4,0.0013274798085585859,1.821551724137931,36,160,Reactome,2.2296774193548385,blue,Neutrophil Degranulation,ANXA2/CAND1/CCT2/CCT8/CKAP4/CSNK2B/CYB5R3/DYNC1H1/DYNC1LI1/DYNLT1/EEF2/GYG1/HSP90AA1/HSP90AB1/HSPA1A/HSPA8/KPNB1/LGALS3/PADI2/PSMC2/PSMD13/PSMD7/RAB10/RAB18/RAP1B/S100A11/SPTAN1/SURF4/TMEM63A/TUBB/TUBB4B/TXNDC5/UBR4/VAT1/VCL/VCP,36,0.0013274798085585859,REACTOME_NEUTROPHIL_DEGRANULATION
REACTOME_MITOTIC_G2_G2_M_PHASES,1.4136864949273074e-4,0.0013739265622574768,2.4034363026819925,19,64,Reactome,3.152708907254362,blue,Mitotic G2 G2 M Phases,DCTN1/DYNC1H1/DYNC1I2/HSP90AA1/HSP90AB1/MAPRE1/PPP1R12B/PPP2R1A/PSMC2/PSMC4/PSMD13/PSMD7/PSMD8/TUBA1B/TUBA4A/TUBB/TUBB2A/TUBB4B/TUBB6,19,0.0013739265622574768,REACTOME_MITOTIC_G2_G2_M_PHASES
REACTOME_CELLULAR_RESPONSE_TO_HEAT_STRESS,1.9230429703876362e-4,0.0017590187170310435,2.9234780757769263,13,36,Reactome,4.168478260869565,blue,Cellular Response To Heat Stress,BAG3/CRYAB/HSP90AA1/HSP90AB1/HSPA1A/HSPA2/HSPA4/HSPA5/HSPA8/HSPB1/HSPB2/SERPINH1/VCP,13,0.0017590187170310435,REACTOME_CELLULAR_RESPONSE_TO_HEAT_STRESS
REACTOME_NEUROTRANSMITTER_RECEPTORS_AND_POSTSYNAPTIC_SIGNAL_TRANSMISSION,3.1668238830988375e-4,0.0027357839656770512,2.943921978404737,12,33,Reactome,4.201950659781985,blue,Neurotransmitter Receptors And Postsynaptic Signal Transmission,AP2A1/AP2B1/AP2M1/GNG12/MAPT/PRKAA2/PRKAG1/TUBA1B/TUBA4A/TUBB2A/TUBB4B/TUBB6,12,0.0027357839656770512,REACTOME_NEUROTRANSMITTER_RECEPTORS_AND_POSTSYNAPTIC_SIGNAL_TRANSMISSION
GOBP_PROTEIN_STABILIZATION,5.2834669682198085e-5,0.004039820128008069,2.5636653895274586,19,60,GO:BP,3.467950010078613,blue,Protein Stabilization,BAG3/BAG6/CCT2/CCT3/CCT4/CCT5/CCT6A/CCT7/CCT8/CRYAB/FLNA/HSP90AA1/HSP90AB1/HSPA1A/PFN1/PFN2/TCP1/UBR4/USP9X,19,0.004039820128008069,GOBP_PROTEIN_STABILIZATION
HALLMARK_UNFOLDED_PROTEIN_RESPONSE,2.2604244436744744e-4,0.004068763998614054,3.035919540229885,12,32,Hallmark,4.414457831325302,blue,Unfolded Protein Response,BAG3/DCTN1/DNAJA4/EEF2/ERO1A/HSP90B1/HSPA5/HYOU1/KIF5B/SEC31A/TARS1/TUBB2A,12,0.004068763998614054,HALLMARK_UNFOLDED_PROTEIN_RESPONSE
REACTOME_INTERFERON_SIGNALING,5.521801037126636e-4,0.004293200306365959,2.2419098143236074,18,65,Reactome,2.8447596532702915,blue,Interferon Signaling,ABCE1/FLNA/FLNB/GBP2/HSPA1A/HSPA2/HSPA5/HSPA8/KPNA1/KPNA4/KPNB1/MAPT/PPP2R1A/TUBA1B/TUBA4A/TUBB2A/TUBB4B/TUBB6,18,0.004293200306365959,REACTOME_INTERFERON_SIGNALING
REACTOME_THE_ROLE_OF_GTSE1_IN_G2_M_PROGRESSION_AFTER_G2_CHECKPOINT,8.246266831392187e-4,0.006255095084299927,2.5669563592187643,13,41,Reactome,3.414746543778802,blue,The Role Of Gtse1 In G2 M Progression After G2 Checkpoint,HSP90AA1/HSP90AB1/MAPRE1/PSMC2/PSMC4/PSMD13/PSMD7/PSMD8/TUBA1B/TUBA4A/TUBB2A/TUBB4B/TUBB6,13,0.006255095084299927,REACTOME_THE_ROLE_OF_GTSE1_IN_G2_M_PROGRESSION_AFTER_G2_CHECKPOINT
REACTOME_PKR_MEDIATED_SIGNALING,8.589979195479537e-4,0.00636067507093842,2.9984390520788984,10,27,Reactome,4.3004452777126785,blue,Pkr Mediated Signaling,HSPA1A/HSPA2/HSPA8/MAPT/PPP2R1A/TUBA1B/TUBA4A/TUBB2A/TUBB4B/TUBB6,10,0.00636067507093842,REACTOME_PKR_MEDIATED_SIGNALING
REACTOME_CYTOSOLIC_TRNA_AMINOACYLATION,9.899781830744604e-4,0.007160074765957144,3.1679160419790104,9,23,Reactome,4.688775510204081,blue,Cytosolic Trna Aminoacylation,DARS1/EPRS1/FARSA/FARSB/LARS1/RARS1/SARS1/TARS1/VARS1,9,0.007160074765957144,REACTOME_CYTOSOLIC_TRNA_AMINOACYLATION
GOBP_POSITIVE_REGULATION_OF_PROTEIN_CONTAINING_COMPLEX_ASSEMBLY,1.3984238180367745e-4,0.009928809108061099,2.6435217765267023,16,49,GO:BP,3.599752628324057,blue,Positive Regulation Of Protein Containing Complex Assembly,BIN1/CAND1/CAPG/CLIP1/DCTN1/GBP2/HSP90AA1/HSPA1A/LGALS3/MAPRE1/MAPT/MSN/PFN1/PFN2/RAP1B/VCP,16,0.009928809108061099,GOBP_POSITIVE_REGULATION_OF_PROTEIN_CONTAINING_COMPLEX_ASSEMBLY
GOBP_POSITIVE_REGULATION_OF_TELOMERE_MAINTENANCE,1.7569674140072535e-4,0.01137576173182415,3.8348457350272227,9,19,GO:BP,6.578571428571428,blue,Positive Regulation Of Telomere Maintenance,CCT2/CCT3/CCT4/CCT5/CCT6A/CCT7/CCT8/HSP90AA1/TCP1,9,0.01137576173182415,GOBP_POSITIVE_REGULATION_OF_TELOMERE_MAINTENANCE
GOBP_MICROTUBULE_BASED_MOVEMENT,1.8311085282614326e-4,0.01137576173182415,2.5906513409961685,16,50,GO:BP,3.491956782713085,blue,Microtubule Based Movement,BAG3/DCTN1/DYNC1H1/DYNC1I2/DYNC1LI1/DYNC1LI2/DYNLT1/HSPB1/KIF5B/KLC1/KPNB1/KTN1/MAP4/MAPT/TUBB4B/UCHL1,16,0.01137576173182415,GOBP_MICROTUBULE_BASED_MOVEMENT
REACTOME_NEURONAL_SYSTEM,0.0016480356841482879,0.011389757728224835,2.3130815544608647,14,49,Reactome,2.94251012145749,blue,Neuronal System,AP2A1/AP2B1/AP2M1/ARL6IP5/GNG12/HSPA8/MAPT/PRKAA2/PRKAG1/TUBA1B/TUBA4A/TUBB2A/TUBB4B/TUBB6,14,0.011389757728224835,REACTOME_NEURONAL_SYSTEM
GOBP_ENDOPLASMIC_RETICULUM_TO_GOLGI_VESICLE_MEDIATED_TRANSPORT,2.1644575655800226e-4,0.012655710706979661,2.764414540697131,14,41,GO:BP,3.831159094316989,blue,Endoplasmic Reticulum To Golgi Vesicle Mediated Transport,ARCN1/BCAP29/BCAP31/CNIH4/COPA/COPB2/HYOU1/P4HB/SEC22B/SEC23IP/SEC31A/SURF4/TMED1/VCP,14,0.012655710706979661,GOBP_ENDOPLASMIC_RETICULUM_TO_GOLGI_VESICLE_MEDIATED_TRANSPORT
REACTOME_NUCLEAR_ENVELOPE_NE_REASSEMBLY,0.001976858355083867,0.013080913796406014,2.9144827586206894,9,25,Reactome,4.098214285714286,blue,Nuclear Envelope Ne Reassembly,KPNB1/PPP2R1A/RAN/TNPO1/TUBA1B/TUBA4A/TUBB2A/TUBB4B/TUBB6,9,0.013080913796406014,REACTOME_NUCLEAR_ENVELOPE_NE_REASSEMBLY
GOBP_CYTOPLASMIC_MICROTUBULE_ORGANIZATION,2.5782853039861645e-4,0.013130655370428327,4.047892720306513,8,16,GO:BP,7.288537549407114,blue,Cytoplasmic Microtubule Organization,CLIP1/CLIP2/DYNC1H1/EZR/KPNB1/MAPT/SLK/TBCB,8,0.013130655370428327,GOBP_CYTOPLASMIC_MICROTUBULE_ORGANIZATION
GOBP_POSITIVE_REGULATION_OF_PROTEIN_POLYMERIZATION,4.4604467116089096e-4,0.021112781101615505,3.469622331691297,9,21,GO:BP,5.476190476190476,blue,Positive Regulation Of Protein Polymerization,BIN1/CLIP1/DCTN1/HSP90AA1/HSPA1A/MAPRE1/MAPT/PFN1/PFN2,9,0.021112781101615505,GOBP_POSITIVE_REGULATION_OF_PROTEIN_POLYMERIZATION
REACTOME_REGULATION_OF_INSULIN_LIKE_GROWTH_FACTOR_IGF_TRANSPORT_AND_UPTAKE_BY_INSULIN_LIKE_GROWTH_FACTOR_BINDING_PROTEINS_IGFBPS,0.00385219883897032,0.024959038310828532,3.148361004682844,7,18,Reactome,4.6123836793128135,blue,Regulation Of Insulin Like Growth Factor Igf Transport And Uptake By Insulin Like Growth Factor Binding Proteins Igfbps,CALU/CKAP4/HRC/HSP90B1/KTN1/P4HB/PRKCSH,7,0.024959038310828532,REACTOME_REGULATION_OF_INSULIN_LIKE_GROWTH_FACTOR_IGF_TRANSPORT_AND_UPTAKE_BY_INSULIN_LIKE_GROWTH_FACTOR_BINDING_PROTEINS_IGFBPS
GOBP_REGULATION_OF_CHROMOSOME_ORGANIZATION,5.921003835653579e-4,0.025589033967998512,2.7756978653530378,12,35,GO:BP,3.8323729701414355,blue,Regulation Of Chromosome Organization,CCT2/CCT3/CCT4/CCT5/CCT6A/CCT7/CCT8/DYNC1LI1/HSP90AA1/MAPT/NAA10/TCP1,12,0.025589033967998512,GOBP_REGULATION_OF_CHROMOSOME_ORGANIZATION
GOBP_GOLGI_VESICLE_TRANSPORT,6.219395514760793e-4,0.02575866309030095,2.1664777939668665,19,71,GO:BP,2.7177368086458995,blue,Golgi Vesicle Transport,ACSL3/AP2A1/ARCN1/BCAP29/BCAP31/CNIH4/COPA/COPB2/HYOU1/P4HB/RAB10/RABEP1/SEC22B/SEC23IP/SEC31A/SPTBN1/SURF4/TMED1/VCP,19,0.02575866309030095,GOBP_GOLGI_VESICLE_TRANSPORT
GOBP_CELL_RECOGNITION,6.743919095558587e-4,0.02578252146532783,3.311912225705329,9,22,GO:BP,5.052197802197802,blue,Cell Recognition,CCT2/CCT3/CCT4/CCT5/CCT7/CCT8/LGALS3/MSN/TCP1,9,0.02578252146532783,GOBP_CELL_RECOGNITION
GOBP_PROTEIN_LOCALIZATION_TO_NUCLEUS,7.520769515546266e-4,0.027687573697974033,2.136387824606216,19,72,GO:BP,2.664977389677218,blue,Protein Localization To Nucleus,BAG3/CCT2/CCT3/CCT4/CCT5/CCT6A/CCT7/CCT8/FLNA/GBP2/HSP90AA1/IPO5/KPNA1/KPNA4/KPNA6/KPNB1/RAN/TCP1/TNPO1,19,0.027687573697974033,GOBP_PROTEIN_LOCALIZATION_TO_NUCLEUS
REACTOME_RHO_GTPASE_CYCLE,0.005204806885375553,0.03237389882703594,1.799063431247339,20,90,Reactome,2.11262596324837,blue,Rho Gtpase Cycle,AKAP12/ARHGAP1/BCAP31/CCT2/CCT6A/CCT7/CKAP4/CLTC/HSP90AA1/HSP90AB1/KTN1/NUDC/OSBPL11/SLK/SPTAN1/SPTBN1/TUBA1B/TXNL1/USP9X/VCP,20,0.03237389882703594,REACTOME_RHO_GTPASE_CYCLE
GOBP_REGULATION_OF_PROTEIN_CONTAINING_COMPLEX_ASSEMBLY,0.0010693275496447862,0.03472815225495544,1.957222853774578,22,91,GO:BP,2.3786307682978594,blue,Regulation Of Protein Containing Complex Assembly,BIN1/CAND1/CAPG/CLIP1/CRYAB/DCTN1/GBP2/HSP90AA1/HSPA1A/HSPA5/HSPA8/LGALS3/MAPRE1/MAPRE3/MAPT/MSN/PFN1/PFN2/RAP1B/SPTAN1/SPTBN1/VCP,22,0.03472815225495544,GOBP_REGULATION_OF_PROTEIN_CONTAINING_COMPLEX_ASSEMBLY
GOBP_ORGANELLE_DISASSEMBLY,0.0010830711467843246,0.03472815225495544,3.4087517644686423,8,19,GO:BP,5.292130794107079,blue,Organelle Disassembly,ABCE1/GCN1/KIF5B/KLC1/MAP4/MCTS1/PRKAA2/VCP,8,0.03472815225495544,GOBP_ORGANELLE_DISASSEMBLY
HALLMARK_MTORC1_SIGNALING,0.002973328241981955,0.03567993890378346,1.8827408001425643,20,86,Hallmark,2.245693449012951,blue,mTORC1 Signaling,ACACA/ACSL3/CACYBP/CANX/CCT6A/EPRS1/ERO1A/ETF1/GBE1/GSR/HPRT1/HSP90B1/HSPA4/HSPA5/PSMC2/PSMC4/PSMD13/RDH11/SERPINH1/TUBA4A,20,0.03567993890378346,HALLMARK_MTORC1_SIGNALING
REACTOME_ACTIVATION_OF_NMDA_RECEPTORS_AND_POSTSYNAPTIC_EVENTS,0.006050361296117114,0.036895340452792594,2.6985951468710088,8,24,Reactome,3.6284584980237153,blue,Activation Of Nmda Receptors And Postsynaptic Events,MAPT/PRKAA2/PRKAG1/TUBA1B/TUBA4A/TUBB2A/TUBB4B/TUBB6,8,0.036895340452792594,REACTOME_ACTIVATION_OF_NMDA_RECEPTORS_AND_POSTSYNAPTIC_EVENTS
REACTOME_PCP_CE_PATHWAY,0.007084080317998549,0.04236824959418363,2.2263409961685827,11,40,Reactome,2.7659310344827586,blue,Pcp Ce Pathway,AP2A1/AP2B1/AP2M1/CLTB/CLTC/PFN1/PSMC2/PSMC4/PSMD13/PSMD7/PSMD8,11,0.04236824959418363,REACTOME_PCP_CE_PATHWAY
REACTOME_POTENTIAL_THERAPEUTICS_FOR_SARS,0.007542012491801891,0.04425596009340355,2.8335249042145594,7,20,Reactome,3.8985463355542094,blue,Potential Therapeutics For Sars,AP2A1/AP2B1/AP2M1/ATP1A1/HSP90AA1/HSP90AB1/TUBB,7,0.04425596009340355,REACTOME_POTENTIAL_THERAPEUTICS_FOR_SARS
REACTOME_TRANSLOCATION_OF_SLC2A4_GLUT4_TO_THE_PLASMA_MEMBRANE,0.00791476313212399,0.04558317285352891,2.428735632183908,9,30,Reactome,3.1139455782312924,blue,Translocation Of Slc2a4 Glut4 To The Plasma Membrane,PRKAA2/PRKAG1/RAB10/TUBA1B/TUBA4A/TUBB2A/TUBB4B/TUBB6/YWHAH,9,0.04558317285352891,REACTOME_TRANSLOCATION_OF_SLC2A4_GLUT4_TO_THE_PLASMA_MEMBRANE
REACTOME_STRIATED_MUSCLE_CONTRACTION,1.0428909272367394e-23,3.2433907837062596e-21,9.576686004350979,25,28,Reactome,92.68410852713178,brown,Striated Muscle Contraction,ACTA1/ACTN2/ACTN3/DES/MYBPC1/MYBPC2/MYH3/MYH8/MYL1/MYL3/NEB/TCAP/TMOD1/TMOD4/TNNC1/TNNC2/TNNI1/TNNI2/TNNT1/TNNT3/TPM1/TPM2/TPM3/TTN/VIM,25,3.2433907837062596e-21,REACTOME_STRIATED_MUSCLE_CONTRACTION
HALLMARK_MYOGENESIS,7.340459121197507e-18,2.6425652836311023e-16,4.269528362328126,41,103,Hallmark,7.859181141439206,brown,Myogenesis,ACTA1/ACTN2/ACTN3/COL15A1/COL1A1/COL3A1/COL4A2/COL6A2/COL6A3/DES/GABARAPL2/HSPB8/ITGA7/LAMA2/MYBPH/MYH1/MYH2/MYH3/MYH4/MYH7/MYH8/MYL1/MYL3/MYL6B/MYOM1/MYOM2/MYOZ1/PDLIM7/PVALB/SPEG/SSPN/SVIL/TCAP/TNNC1/TNNC2/TNNI1/TNNI2/TNNT1/TNNT3/TPM2/TPM3,41,2.6425652836311023e-16,HALLMARK_MYOGENESIS
GOBP_MUSCLE_CELL_DIFFERENTIATION,2.0179950786240244e-15,2.00588710815228e-12,3.9959191798546834,38,102,GO:BP,6.915880503144654,brown,Muscle Cell Differentiation,ACTA1/ACTN1/ACTN2/ACTN3/ACTN4/COL6A1/H3-3A/LAMA2/LAMB2/LAMC1/LMNA/LMOD2/LMOD3/MYBPC1/MYBPC2/MYBPH/MYH3/MYOM1/MYOM2/MYOM3/MYOZ1/MYOZ2/NEB/NID1/OBSCN/PDLIM5/PLEC/PRKG1/SMYD1/SPEG/SYNPO2L/TCAP/TMOD1/TMOD4/TNNT1/TNNT3/TPM1/TTN,38,2.00588710815228e-12,GOBP_MUSCLE_CELL_DIFFERENTIATION
GOBP_MYOFIBRIL_ASSEMBLY,8.130059066757477e-15,4.040639356178466e-12,5.986542320859403,24,43,GO:BP,13.85092789777913,brown,Myofibril Assembly,ACTA1/ACTN2/LMOD2/LMOD3/MYBPC1/MYBPC2/MYBPH/MYH3/MYOM1/MYOM2/MYOM3/MYOZ1/MYOZ2/NEB/OBSCN/PLEC/SYNPO2L/TCAP/TMOD1/TMOD4/TNNT1/TNNT3/TPM1/TTN,24,4.040639356178466e-12,GOBP_MYOFIBRIL_ASSEMBLY
GOBP_MUSCLE_CELL_DEVELOPMENT,3.766386491765075e-14,1.2479293909381616e-11,4.43336717428088,31,75,GO:BP,7.945235487404162,brown,Muscle Cell Development,ACTA1/ACTN1/ACTN2/ACTN3/ACTN4/COL6A1/LMNA/LMOD2/LMOD3/MYBPC1/MYBPC2/MYBPH/MYH3/MYOM1/MYOM2/MYOM3/MYOZ1/MYOZ2/NEB/OBSCN/PDLIM5/PLEC/PRKG1/SYNPO2L/TCAP/TMOD1/TMOD4/TNNT1/TNNT3/TPM1/TTN,31,1.2479293909381616e-11,GOBP_MUSCLE_CELL_DEVELOPMENT
REACTOME_ECM_PROTEOGLYCANS,2.4577168936664335e-13,3.8217497696513044e-11,8.172105390379501,16,21,Reactome,33.78563535911602,brown,Ecm Proteoglycans,BGN/COL1A1/COL1A2/COL3A1/COL4A1/COL4A2/COL4A5/COL6A1/COL6A2/COL6A3/DCN/HSPG2/ITGA7/LAMA2/LAMB2/LAMC1,16,3.8217497696513044e-11,REACTOME_ECM_PROTEOGLYCANS
GOBP_MUSCLE_SYSTEM_PROCESS,3.6145867069305866e-13,7.185798373378007e-11,3.217766497461929,42,140,GO:BP,5.026728110599079,brown,Muscle System Process,ACTA1/ACTN3/CALM1/COL6A1/DES/HMOX1/JPH2/LMNA/LMOD2/LMOD3/MYBPH/MYH1/MYH13/MYH2/MYH3/MYH4/MYH7/MYH8/MYL1/MYL3/MYL6/MYL6B/MYOM2/MYOZ1/MYOZ2/PDLIM5/PRKG1/SSPN/SYNM/TCAP/TMOD1/TMOD4/TNNC1/TNNC2/TNNI1/TNNI2/TNNT1/TNNT3/TPM1/TPM2/TPM3/TTN,42,7.185798373378007e-11,GOBP_MUSCLE_SYSTEM_PROCESS
REACTOME_EXTRACELLULAR_MATRIX_ORGANIZATION,1.1058950317435321e-12,1.146444516240795e-10,4.524984137055838,27,64,Reactome,8.065659777424484,brown,Extracellular Matrix Organization,ACTA1/ACTB/ACTN1/BGN/COL15A1/COL1A1/COL1A2/COL3A1/COL4A1/COL4A2/COL4A5/COL6A1/COL6A2/COL6A3/DCN/FBN1/HSPG2/ITGA7/LAMA2/LAMB2/LAMC1/NID1/NID2/PLEC/SNTB2/SSPN/VWF,27,1.146444516240795e-10,REACTOME_EXTRACELLULAR_MATRIX_ORGANIZATION
REACTOME_MUSCLE_CONTRACTION,4.5655844199790465e-12,3.5497418865337087e-10,4.171178793006205,28,72,Reactome,7.048951048951049,brown,Muscle Contraction,ACTA1/ACTN2/ACTN3/CALM1/DES/MYBPC1/MYBPC2/MYH3/MYH8/MYL1/MYL3/MYL6/MYL6B/NEB/TCAP/TMOD1/TMOD4/TNNC1/TNNC2/TNNI1/TNNI2/TNNT1/TNNT3/TPM1/TPM2/TPM3/TTN/VIM,28,3.5497418865337087e-10,REACTOME_MUSCLE_CONTRACTION
GOBP_MUSCLE_ORGAN_DEVELOPMENT,1.7655447588707456e-11,1.949946100352801e-9,3.653874044736989,31,91,GO:BP,5.776706827309237,brown,Muscle Organ Development,ACTA1/ACTN3/COL3A1/COL6A1/COL6A3/DES/FHL3/ITGA7/JPH2/LAMA2/LMNA/LMOD3/MYH3/MYH7/MYL3/MYL6/MYL6B/MYOM1/MYOM2/MYOZ1/MYOZ2/NEB/PLEC/SMYD1/SPEG/SVIL/TCAP/TNNC1/TNNI1/TPM1/TTN,31,1.949946100352801e-9,GOBP_MUSCLE_ORGAN_DEVELOPMENT
REACTOME_INTEGRIN_CELL_SURFACE_INTERACTIONS,1.1917001446212194e-9,7.412374899543985e-8,6.971827411167514,13,20,Reactome,19.267857142857142,brown,Integrin Cell Surface Interactions,COL1A1/COL1A2/COL3A1/COL4A1/COL4A2/COL4A5/COL6A1/COL6A2/COL6A3/FBN1/HSPG2/ITGA7/VWF,13,7.412374899543985e-8,REACTOME_INTEGRIN_CELL_SURFACE_INTERACTIONS
GOBP_ACTOMYOSIN_STRUCTURE_ORGANIZATION,1.2496986606785246e-9,1.2422004687144535e-7,3.724266779469825,25,72,GO:BP,5.779935675408214,brown,Actomyosin Structure Organization,ACTA1/ACTN2/LMOD2/LMOD3/MYBPC1/MYBPC2/MYBPH/MYH3/MYOM1/MYOM2/MYOM3/MYOZ1/MYOZ2/NEB/OBSCN/PLEC/SYNPO/SYNPO2L/TCAP/TMOD1/TMOD4/TNNT1/TNNT3/TPM1/TTN,25,1.2422004687144535e-7,GOBP_ACTOMYOSIN_STRUCTURE_ORGANIZATION
REACTOME_NON_INTEGRIN_MEMBRANE_ECM_INTERACTIONS,2.64212300912812e-9,1.3695004263980757e-7,5.746011602610588,15,28,Reactome,12.064666103127642,brown,Non Integrin Membrane Ecm Interactions,ACTA1/ACTB/ACTN1/COL1A1/COL1A2/COL3A1/COL4A1/COL4A2/COL4A5/HSPG2/LAMA2/LAMB2/LAMC1/SNTB2/SSPN,15,1.3695004263980757e-7,REACTOME_NON_INTEGRIN_MEMBRANE_ECM_INTERACTIONS
REACTOME_DEGRADATION_OF_THE_EXTRACELLULAR_MATRIX,5.027429400793277e-9,2.2336150623524415e-7,5.547873271486084,15,29,Reactome,11.19701726844584,brown,Degradation Of The Extracellular Matrix,COL15A1/COL1A1/COL1A2/COL3A1/COL4A1/COL4A2/COL4A5/COL6A1/COL6A2/COL6A3/DCN/FBN1/HSPG2/LAMC1/NID1,15,2.2336150623524415e-7,REACTOME_DEGRADATION_OF_THE_EXTRACELLULAR_MATRIX
REACTOME_ASSEMBLY_OF_COLLAGEN_FIBRILS_AND_OTHER_MULTIMERIC_STRUCTURES,1.02272645106718e-8,3.9758490785236624e-7,7.374048223350254,11,16,Reactome,22.60322580645161,brown,Assembly Of Collagen Fibrils And Other Multimeric Structures,COL15A1/COL1A1/COL1A2/COL3A1/COL4A1/COL4A2/COL4A5/COL6A1/COL6A2/COL6A3/PLEC,11,3.9758490785236624e-7,REACTOME_ASSEMBLY_OF_COLLAGEN_FIBRILS_AND_OTHER_MULTIMERIC_STRUCTURES
GOBP_MUSCLE_TISSUE_DEVELOPMENT,5.945654873952869e-9,5.372709949735593e-7,3.2908975542224272,27,88,GO:BP,4.829797492767598,brown,Muscle Tissue Development,ACTA1/ACTN2/ACTN3/COL3A1/COL6A1/JPH2/LMNA/LMOD3/MYH7/MYL3/MYL6/MYL6B/MYOM1/MYOM2/MYOZ1/MYOZ2/NEB/PDLIM5/PLEC/PRKG1/SMYD1/SVIL/TCAP/TNNC1/TNNI1/TPM1/TTN,27,5.372709949735593e-7,GOBP_MUSCLE_TISSUE_DEVELOPMENT
GOBP_MULTICELLULAR_ORGANISMAL_MOVEMENT,2.981897452072289e-8,2.4700050561332126e-6,5.362944162436548,14,28,GO:BP,10.39344262295082,brown,Multicellular Organismal Movement,ACTN3/COL6A1/MYH3/MYH7/MYH8/SYNM/TCAP/TNNC1/TNNC2/TNNI1/TNNI2/TNNT1/TNNT3/TTN,14,2.4700050561332126e-6,GOBP_MULTICELLULAR_ORGANISMAL_MOVEMENT
REACTOME_COLLAGEN_BIOSYNTHESIS_AND_MODIFYING_ENZYMES,1.9415632237363164e-7,5.489328750745404e-6,6.7036802030456855,10,16,Reactome,17.023172905525847,brown,Collagen Biosynthesis And Modifying Enzymes,COL15A1/COL1A1/COL1A2/COL3A1/COL4A1/COL4A2/COL4A5/COL6A1/COL6A2/COL6A3,10,5.489328750745404e-6,REACTOME_COLLAGEN_BIOSYNTHESIS_AND_MODIFYING_ENZYMES
REACTOME_COLLAGEN_DEGRADATION,1.9415632237363164e-7,5.489328750745404e-6,6.7036802030456855,10,16,Reactome,17.023172905525847,brown,Collagen Degradation,COL15A1/COL1A1/COL1A2/COL3A1/COL4A1/COL4A2/COL4A5/COL6A1/COL6A2/COL6A3,10,5.489328750745404e-6,REACTOME_COLLAGEN_DEGRADATION
GOBP_MEMBRANELESS_ORGANELLE_ASSEMBLY,6.274751004639909e-7,4.4550732132943354e-5,2.6344287113723395,28,114,GO:BP,3.5255263520022018,brown,Membraneless Organelle Assembly,ACTA1/ACTN2/CHMP1B/CHMP5/EIF6/LMOD2/LMOD3/MYBPC1/MYBPC2/MYBPH/MYH3/MYOM1/MYOM2/MYOM3/MYOZ1/MYOZ2/NEB/OBSCN/PLEC/RPL38/SYNPO2L/TCAP/TMOD1/TMOD4/TNNT1/TNNT3/TPM1/TTN,28,4.4550732132943354e-5,GOBP_MEMBRANELESS_ORGANELLE_ASSEMBLY
HALLMARK_EPITHELIAL_MESENCHYMAL_TRANSITION,2.7518840736118394e-6,4.953391332501311e-5,3.575296108291032,16,48,Hallmark,5.204419889502763,brown,Epithelial Mesenchymal Transition,BGN/COL1A1/COL1A2/COL3A1/COL4A1/COL4A2/COL6A2/COL6A3/DCN/FBN1/LAMA2/LAMC1/NID2/TPM1/TPM2/VIM,16,4.953391332501311e-5,HALLMARK_EPITHELIAL_MESENCHYMAL_TRANSITION
GOBP_STRIATED_MUSCLE_ADAPTATION,2.8636434083785927e-6,1.8976410319522142e-4,6.033312182741117,9,16,GO:BP,13.05547112462006,brown,Striated Muscle Adaptation,ACTN3/LMNA/MYH7/MYOZ1/MYOZ2/TCAP/TNNC1/TNNI1/TNNT1,9,1.8976410319522142e-4,GOBP_STRIATED_MUSCLE_ADAPTATION
GOBP_STRIATED_MUSCLE_CONTRACTION,7.85487139584585e-6,4.879838854669234e-4,2.9535054807621566,19,69,GO:BP,3.9835955056179775,brown,Striated Muscle Contraction,ACTN3/CALM1/JPH2/LMOD3/MYBPH/MYH3/MYH7/MYH8/MYL3/SYNM/TCAP/TNNC1/TNNC2/TNNI1/TNNI2/TNNT1/TNNT3/TPM1/TTN,19,4.879838854669234e-4,GOBP_STRIATED_MUSCLE_CONTRACTION
GOBP_NEUROMUSCULAR_PROCESS,9.148274691897292e-6,5.051880579858837e-4,3.8732374506486185,13,36,GO:BP,5.814981096408317,brown,Neuromuscular Process,ACTN3/MYH3/MYH7/MYH8/SYNM/TCAP/TNNC1/TNNC2/TNNI1/TNNI2/TNNT1/TNNT3/TTN,13,5.051880579858837e-4,GOBP_NEUROMUSCULAR_PROCESS
GOBP_EXTERNAL_ENCAPSULATING_STRUCTURE_ORGANIZATION,1.1974873151476485e-5,6.264749427667171e-4,3.5752961082910324,14,42,GO:BP,5.158469945355192,brown,Extracellular Matrix Organization,COL15A1/COL1A1/COL1A2/COL3A1/COL4A1/COL4A2/COL4A5/COL6A1/DPT/LAMA2/LAMB2/LAMC1/NID1/NID2,14,6.264749427667171e-4,GOBP_EXTERNAL_ENCAPSULATING_STRUCTURE_ORGANIZATION
REACTOME_NCAM_SIGNALING_FOR_NEURITE_OUT_GROWTH,3.31972794035182e-5,8.603628245411801e-4,5.362944162436548,8,16,Reactome,10.095238095238095,brown,Ncam Signaling For Neurite Out Growth,COL3A1/COL4A1/COL4A2/COL4A5/COL6A1/COL6A2/COL6A3/MAPK3,8,8.603628245411801e-4,REACTOME_NCAM_SIGNALING_FOR_NEURITE_OUT_GROWTH
GOBP_NEGATIVE_REGULATION_OF_PROTEIN_CONTAINING_COMPLEX_DISASSEMBLY,3.011032171253638e-5,0.0014252218943933887,4.826649746192893,9,20,GO:BP,8.290618955512572,brown,Negative Regulation Of Protein Containing Complex Disassembly,CAPZA1/CAPZA2/CAPZB/LMOD2/LMOD3/SVIL/TMOD1/TMOD4/TRIM54,9,0.0014252218943933887,GOBP_NEGATIVE_REGULATION_OF_PROTEIN_CONTAINING_COMPLEX_DISASSEMBLY
GOBP_ACTIN_MEDIATED_CELL_CONTRACTION,3.766439123770092e-5,0.0017017456768306687,3.6774474256707763,12,35,GO:BP,5.338660399529965,brown,Actin Mediated Cell Contraction,MYH2/MYH3/MYH4/MYH7/MYH8/MYL1/MYL6/MYL6B/TCAP/TNNC1/TPM1/TTN,12,0.0017017456768306687,GOBP_ACTIN_MEDIATED_CELL_CONTRACTION
GOBP_ACTIN_FILAMENT_ORGANIZATION,5.199103236357948e-5,0.00215329525705825,2.4078524810939603,22,98,GO:BP,3.043609022556391,brown,Actin Filament Organization,ACTA1/ACTN1/ACTN2/CAPZA1/CAPZA2/CAPZB/CORO6/LMOD2/LMOD3/NEB/PLEC/SVIL/SYNPO/SYNPO2/SYNPO2L/TCAP/TMOD1/TMOD4/TPM1/TPM2/TPM3/TTN,22,0.00215329525705825,GOBP_ACTIN_FILAMENT_ORGANIZATION
REACTOME_FORMATION_OF_THE_DYSTROPHIN_GLYCOPROTEIN_COMPLEX_DGC,9.567584402442836e-5,0.0022888605762767093,4.767061477721376,8,18,Reactome,8.067724867724868,brown,Formation Of The Dystrophin Glycoprotein Complex Dgc,ACTA1/ACTB/HSPG2/LAMA2/LAMB2/LAMC1/SNTB2/SSPN,8,0.0022888605762767093,REACTOME_FORMATION_OF_THE_DYSTROPHIN_GLYCOPROTEIN_COMPLEX_DGC
GOBP_ACTIN_FILAMENT_DEPOLYMERIZATION,1.141119523647855e-4,0.004201010394466548,4.197086735819907,9,23,GO:BP,6.503799392097265,brown,Actin Filament Depolymerization,ACTN2/CAPZA1/CAPZA2/CAPZB/LMOD2/LMOD3/SVIL/TMOD1/TMOD4,9,0.004201010394466548,GOBP_ACTIN_FILAMENT_DEPOLYMERIZATION
GOBP_SENSORY_SYSTEM_DEVELOPMENT,1.4689294456890796e-4,0.005214699532196232,3.4701403404001194,11,34,GO:BP,4.867461430575035,brown,Sensory System Development,COL4A1/CRYBG3/FBN1/FLT1/LAMB2/MYOM1/MYOM2/NECTIN1/THRB/TMOD1/VIM,11,0.005214699532196232,GOBP_SENSORY_SYSTEM_DEVELOPMENT
GOBP_MUSCLE_ADAPTATION,2.2510219106550413e-4,0.0077155716523831415,3.5752961082910324,10,30,GO:BP,5.06951871657754,brown,Muscle Adaptation,ACTN3/HMOX1/LMNA/MYH7/MYOZ1/MYOZ2/TCAP/TNNC1/TNNI1/TNNT1,10,0.0077155716523831415,GOBP_MUSCLE_ADAPTATION
GOBP_CARDIAC_CELL_DEVELOPMENT,3.474194801702001e-4,0.011139837525457384,4.086052695189751,8,21,GO:BP,6.196174196174196,brown,Cardiac Cell Development,ACTN2/LMNA/NEB/PDLIM5/PLEC/PRKG1/TCAP/TTN,8,0.011139837525457384,GOBP_CARDIAC_CELL_DEVELOPMENT
GOBP_CELLULAR_RESPONSE_TO_ACID_CHEMICAL,7.185629483985279e-4,0.01984032140855935,4.171178793006205,7,18,GO:BP,6.380382775119617,brown,Cellular Response To Acid Chemical,COL1A1/COL1A2/COL3A1/COL4A1/COL6A1/GCLM/PLEC,7,0.01984032140855935,GOBP_CELLULAR_RESPONSE_TO_ACID_CHEMICAL
GOBP_REGULATION_OF_MUSCLE_CELL_DIFFERENTIATION,7.185629483985279e-4,0.01984032140855935,4.171178793006205,7,18,GO:BP,6.380382775119617,brown,Regulation Of Muscle Cell Differentiation,ACTN3/LAMA2/LAMB2/LAMC1/LMOD3/NID1/SMYD1,7,0.01984032140855935,GOBP_REGULATION_OF_MUSCLE_CELL_DIFFERENTIATION
GOBP_REGULATION_OF_MUSCLE_CONTRACTION,7.912067128947042e-4,0.02125566142209016,2.630878268365099,13,53,GO:BP,3.313586956521739,brown,Regulation Of Muscle Contraction,ACTN3/CALM1/JPH2/MYBPH/MYH7/MYL3/PRKG1/TNNC1/TNNC2/TNNI1/TNNT1/TNNT3/TPM1,13,0.02125566142209016,GOBP_REGULATION_OF_MUSCLE_CONTRACTION
GOBP_NEGATIVE_REGULATION_OF_SUPRAMOLECULAR_FIBER_ORGANIZATION,9.016234934090718e-4,0.02358457243285835,2.877677355453758,11,41,GO:BP,3.717921146953405,brown,Negative Regulation Of Supramolecular Fiber Organization,CAPZA1/CAPZA2/CAPZB/HSPG2/LMOD2/LMOD3/PFDN1/SVIL/TMOD1/TMOD4/TRIM54,11,0.02358457243285835,GOBP_NEGATIVE_REGULATION_OF_SUPRAMOLECULAR_FIBER_ORGANIZATION
GOBP_REGULATION_OF_ACTIN_FILAMENT_LENGTH,0.0011542826744124265,0.0286839244591488,2.9794134235758603,10,36,GO:BP,3.8872891814068287,brown,Regulation Of Actin Filament Length,ACTN2/CAPZA1/CAPZA2/CAPZB/LMOD2/LMOD3/NEB/SVIL/TMOD1/TMOD4,10,0.0286839244591488,GOBP_REGULATION_OF_ACTIN_FILAMENT_LENGTH
REACTOME_BINDING_AND_UPTAKE_OF_LIGANDS_BY_SCAVENGER_RECEPTORS,0.0014867125629810392,0.0330262576490788,4.2903553299492385,6,15,Reactome,6.656195462478185,brown,Binding And Uptake Of Ligands By Scavenger Receptors,COL1A1/COL1A2/COL3A1/COL4A1/COL4A2/HSPH1,6,0.0330262576490788,REACTOME_BINDING_AND_UPTAKE_OF_LIGANDS_BY_SCAVENGER_RECEPTORS
GOBP_PROTEIN_CONTAINING_COMPLEX_DISASSEMBLY,0.0014305022224880709,0.03385521926555101,2.3835307388606886,14,63,GO:BP,2.9149102263856363,brown,Protein Containing Complex Disassembly,ACTN2/CALM1/CAPZA1/CAPZA2/CAPZB/CHMP1B/CHMP5/GABARAPL2/LMOD2/LMOD3/SVIL/TMOD1/TMOD4/TRIM54,14,0.03385521926555101,GOBP_PROTEIN_CONTAINING_COMPLEX_DISASSEMBLY
GOBP_REGULATION_OF_SUPRAMOLECULAR_FIBER_ORGANIZATION,0.0015827432448737803,0.03658713454429157,2.145177664974619,17,85,GO:BP,2.566666666666667,brown,Regulation Of Supramolecular Fiber Organization,ACTN2/CAPZA1/CAPZA2/CAPZB/COL6A1/HSPG2/LMOD2/LMOD3/PFDN1/SVIL/SYNPO/SYNPO2/SYNPO2L/TMOD1/TMOD4/TPM1/TRIM54,17,0.03658713454429157,GOBP_REGULATION_OF_SUPRAMOLECULAR_FIBER_ORGANIZATION
GOBP_HEART_MORPHOGENESIS,0.0017688450546683848,0.03907182187423054,3.3002733307301835,8,26,GO:BP,4.463256907701352,brown,Heart Morphogenesis,MYH7/MYL3/SYNPO2L/TCAP/TNNC1/TNNI1/TPM1/TTN,8,0.03907182187423054,GOBP_HEART_MORPHOGENESIS
GOBP_NEGATIVE_REGULATION_OF_PROTEIN_POLYMERIZATION,0.0017688450546683848,0.03907182187423054,3.3002733307301835,8,26,GO:BP,4.463256907701352,brown,Negative Regulation Of Protein Polymerization,CAPZA1/CAPZA2/CAPZB/LMOD2/LMOD3/SVIL/TMOD1/TMOD4,8,0.03907182187423054,GOBP_NEGATIVE_REGULATION_OF_PROTEIN_POLYMERIZATION
GOBP_RESPONSE_TO_MECHANICAL_STIMULUS,0.0020583421329916024,0.043531746387099,3.5752961082910324,7,21,GO:BP,5.005263157894737,brown,Response To Mechanical Stimulus,COL1A1/COL6A1/MAP2K4/MAPK3/PLEC/TCAP/TTN,7,0.043531746387099,GOBP_RESPONSE_TO_MECHANICAL_STIMULUS
HALLMARK_APICAL_JUNCTION,0.004057907117977173,0.04869488541572607,2.553782934493594,10,42,Hallmark,3.1483957219251337,brown,Apical Junction,ACTA1/ACTB/ACTN1/ACTN2/ACTN3/ACTN4/FBN1/NECTIN1/SPEG/VWF,10,0.04869488541572607,HALLMARK_APICAL_JUNCTION
GOBP_ORGANIC_ACID_CATABOLIC_PROCESS,2.5231218681206667e-23,2.5079831369119428e-20,3.845702730030334,54,86,GO:BP,10.06701030927835,turquoise,Organic Acid Catabolic Process,ACAA1/ACAA2/ACAD8/ACADM/ACADS/ACADSB/ACADVL/ACAT1/ADHFE1/ADIPOQ/ALDH4A1/ALDH5A1/ALDH6A1/BCAT2/CPT1B/CPT2/CRAT/DBT/DCXR/DECR1/DLST/ECH1/ECHDC2/ECHS1/ECI1/ECI2/ETFA/ETFB/ETFDH/FAH/GCDH/GLUD1/GOT1/GOT2/GPT/GPT2/HADH/HADHA/HADHB/HIBADH/HIBCH/HMGCL/IVD/MCCC1/MCCC2/MCEE/MLYCD/MPST/NAGK/PCCA/PCCB/PLIN5/SLC16A1/TST,54,2.5079831369119428e-20,GOBP_ORGANIC_ACID_CATABOLIC_PROCESS
GOBP_FATTY_ACID_CATABOLIC_PROCESS,5.863551626491297e-17,1.9427901055774496e-14,4.80039169604387,29,37,GO:BP,20.189873417721518,turquoise,Fatty Acid Catabolic Process,ACAA1/ACAA2/ACADM/ACADS/ACADVL/ACAT1/ADIPOQ/CPT1B/CPT2/CRAT/DECR1/ECH1/ECHDC2/ECHS1/ECI1/ECI2/ETFA/ETFB/ETFDH/GCDH/HADH/HADHA/HADHB/IVD/MCEE/MLYCD/PCCA/PCCB/PLIN5,29,1.9427901055774496e-14,GOBP_FATTY_ACID_CATABOLIC_PROCESS
GOBP_FATTY_ACID_METABOLIC_PROCESS,2.6416412276151727e-15,4.3763189670824693e-13,3.002273373117363,50,102,GO:BP,5.593220338983051,turquoise,Fatty Acid Metabolic Process,ACAA1/ACAA2/ACAD9/ACADM/ACADS/ACADSB/ACADVL/ACAT1/ACOT2/ACOT9/ACSF2/ACSL1/ACSS2/ADIPOQ/ASAH1/CBR4/CES2/CPT1B/CPT2/CRAT/DECR1/ECH1/ECHDC2/ECHDC3/ECHS1/ECI1/ECI2/ETFA/ETFB/ETFDH/FABP3/FABP5/GCDH/GPX1/HADH/HADHA/HADHB/HSD17B12/HSD17B8/IVD/MCEE/MECR/MLYCD/MMUT/OXSM/PCCA/PCCB/PDK2/PLIN5/SLC27A1,50,4.3763189670824693e-13,GOBP_FATTY_ACID_METABOLIC_PROCESS
REACTOME_FATTY_ACID_METABOLISM,2.1457649041012928e-13,6.673328851755021e-11,3.697894449001914,32,53,Reactome,8.505096607333028,turquoise,Fatty Acid Metabolism,ACAA1/ACAA2/ACADM/ACADS/ACADVL/ACOT13/ACOT2/ACOT9/ACSF2/ACSL1/CBR4/CPT1B/CPT2/CRAT/DECR1/ECHS1/ECI1/ECI2/GPX1/HADH/HADHA/HADHB/HSD17B12/HSD17B8/MCEE/MECR/MLYCD/MMUT/PCCA/PCCB/SLC25A20/SLC27A1,32,6.673328851755021e-11,REACTOME_FATTY_ACID_METABOLISM
REACTOME_MITOCHONDRIAL_FATTY_ACID_BETA_OXIDATION,6.926278006773034e-13,1.0770362300532068e-10,5.289459815546772,19,22,Reactome,34.289366053169736,turquoise,Mitochondrial Fatty Acid Beta Oxidation,ACAA2/ACADM/ACADS/ACADVL/ACOT13/ACOT2/ACOT9/ACSF2/DECR1/ECHS1/ECI1/HADH/HADHA/HADHB/MCEE/MECR/MMUT/PCCA/PCCB,19,1.0770362300532068e-10,REACTOME_MITOCHONDRIAL_FATTY_ACID_BETA_OXIDATION
GOBP_LIPID_MODIFICATION,8.839385076243494e-13,1.0982935957232541e-10,4.033297985153765,27,41,GO:BP,10.637466307277627,turquoise,Lipid Modification,ACAA1/ACAA2/ACADM/ACADS/ACADVL/ACAT1/ADIPOQ/CPT1B/CPT2/CRAT/DECR1/ECH1/ECHDC2/ECHS1/ECI1/ECI2/ETFA/ETFB/ETFDH/FABP3/GCDH/HADH/HADHA/HADHB/IVD/MLYCD/PLIN5,27,1.0982935957232541e-10,GOBP_LIPID_MODIFICATION
REACTOME_CITRIC_ACID_CYCLE_TCA_CYCLE,2.7011022083600147e-12,2.8001426226665484e-10,4.899710144927536,20,25,Reactome,21.698461538461537,turquoise,Citric Acid Cycle Tca Cycle,ACAT1/ACO2/CS/DLST/FH/FXN/IDH2/IDH3A/IDH3B/IDH3G/ISCA2/MDH2/NNT/SDHA/SDHB/SIRT3/SUCLA2/SUCLG1/SUCLG2/TRAP1,20,2.8001426226665484e-10,REACTOME_CITRIC_ACID_CYCLE_TCA_CYCLE
HALLMARK_FATTY_ACID_METABOLISM,1.7491740252375553e-10,6.297026490855199e-9,2.7706694271911663,38,84,Hallmark,4.633621300099136,turquoise,Fatty Acid Metabolism,ACAA1/ACAA2/ACADM/ACADS/ACADVL/ACO2/ACOT2/ACSL1/APEX1/CPT2/CRAT/DECR1/DLST/ECH1/ECHS1/ECI1/ECI2/ETFDH/FH/GCDH/HADH/HADHB/HCCS/HIBCH/HMGCL/HSDL2/IDH3B/IDH3G/IDI1/MAOA/MCEE/MDH1/MDH2/MLYCD/SDHA/SUCLA2/SUCLG1/SUCLG2,38,6.297026490855199e-9,HALLMARK_FATTY_ACID_METABOLISM
GOBP_AMINO_ACID_CATABOLIC_PROCESS,7.974399682037777e-11,8.032956418527366e-9,3.734535171438671,25,41,GO:BP,8.5546875,turquoise,Amino Acid Catabolic Process,ACAD8/ACADSB/ACAT1/ADHFE1/ALDH4A1/ALDH5A1/ALDH6A1/BCAT2/DBT/DLST/ECHS1/ETFA/ETFB/FAH/GLUD1/GOT1/GOT2/GPT/GPT2/HIBADH/HIBCH/HMGCL/IVD/MCCC1/MCCC2,25,8.032956418527366e-9,GOBP_AMINO_ACID_CATABOLIC_PROCESS
GOBP_LIPID_CATABOLIC_PROCESS,8.081445089061735e-11,8.032956418527366e-9,3.2180299680668143,31,59,GO:BP,6.135122838944495,turquoise,Lipid Catabolic Process,ABHD16A/ACAA1/ACAA2/ACADM/ACADS/ACADVL/ACAT1/ADIPOQ/ASAH1/CPT1B/CPT2/CRAT/DECR1/ECH1/ECHDC2/ECHS1/ECI1/ECI2/ETFA/ETFB/ETFDH/GCDH/HADH/HADHA/HADHB/IVD/MCEE/MLYCD/PCCA/PCCB/PLIN5,31,8.032956418527366e-9,GOBP_LIPID_CATABOLIC_PROCESS
GOBP_ALPHA_AMINO_ACID_METABOLIC_PROCESS,1.5785736343241884e-10,1.4264565386529484e-8,3.223493516399695,30,57,GO:BP,6.141093474426808,turquoise,Alpha Amino Acid Metabolic Process,ACAD8/ACADSB/ACAT1/ADHFE1/ALDH4A1/ALDH5A1/ALDH6A1/ASPA/ASS1/BCAT2/DGLUCY/DLST/FAH/FH/GCDH/GLUD1/GOT1/GOT2/GPT/GPT2/HIBADH/HIBCH/HMGCL/IVD/MCCC1/MCCC2/MMUT/MPST/SHMT2/THAP4,30,1.4264565386529484e-8,GOBP_ALPHA_AMINO_ACID_METABOLIC_PROCESS
GOBP_BRANCHED_CHAIN_AMINO_ACID_METABOLIC_PROCESS,2.4700474612387803e-9,1.8886362895933444e-7,4.835240274599542,15,19,GO:BP,20.045454545454547,turquoise,Branched Chain Amino Acid Metabolic Process,ACAD8/ACADSB/ACAT1/ALDH6A1/BCAT2/DBT/ECHS1/HIBADH/HIBCH/HMGCL/IVD/MCCC1/MCCC2/PCCA/PCCB,15,1.8886362895933444e-7,GOBP_BRANCHED_CHAIN_AMINO_ACID_METABOLIC_PROCESS
GOBP_TRICARBOXYLIC_ACID_CYCLE,8.95991023220415e-9,6.361536264864946e-7,4.164753623188406,17,25,GO:BP,11.402439024390244,turquoise,Tricarboxylic Acid Cycle,ACO1/ACO2/CS/DLST/FH/IDH2/IDH3A/IDH3B/IDH3G/MDH1/MDH2/NNT/SDHA/SDHB/SUCLA2/SUCLG1/SUCLG2,17,6.361536264864946e-7,GOBP_TRICARBOXYLIC_ACID_CYCLE
REACTOME_MITOCHONDRIAL_PROTEIN_DEGRADATION,1.1128719605719137e-8,8.652579493446628e-7,2.659382151029748,33,76,Reactome,4.2430679785330945,turquoise,Mitochondrial Protein Degradation,ACAD8/ACADSB/ACAT1/ACO2/ACOT2/AFG3L2/ALDH2/BDH1/CS/DBT/ECH1/ECI1/FECH/FH/GLUD1/HADH/HSPA9/HSPD1/IARS2/IDH2/IDH3A/LONP1/MDH2/MRPL12/NADK2/OPA1/OXSM/PCCB/SHMT2/SUCLG2/TFAM/TIMM10/TIMM9,33,8.652579493446628e-7,REACTOME_MITOCHONDRIAL_PROTEIN_DEGRADATION
GOBP_DICARBOXYLIC_ACID_METABOLIC_PROCESS,3.183414969857865e-8,2.1095429866924784e-6,3.2863909508660303,22,41,GO:BP,6.269838683395796,turquoise,Dicarboxylic Acid Metabolic Process,ADHFE1/ALDH4A1/ALDH5A1/ASPA/ASS1/DGLUCY/DLST/FAHD1/FAHD2A/FH/GLUD1/GOT1/GOT2/GPT2/IDH2/L2HGDH/MDH1/MDH2/SDHA/SDHB/SUCLA2/SUCLG2,22,2.1095429866924784e-6,GOBP_DICARBOXYLIC_ACID_METABOLIC_PROCESS
HALLMARK_OXIDATIVE_PHOSPHORYLATION,3.1454727841867514e-7,5.661851011536153e-6,1.9630248978075067,50,156,Hallmark,2.6574992005116727,turquoise,OXPHOS,ACAA1/ACAA2/ACADM/ACADSB/ACADVL/ACAT1/ACO2/AFG3L2/ALDH6A1/COX11/CS/CYB5A/DECR1/DLST/ECH1/ECHS1/ECI1/ETFA/ETFB/ETFDH/FDX1/FH/FXN/GLUD1/GOT2/GRPEL1/HADHA/HADHB/HCCS/HSPA9/IDH2/IDH3A/IDH3B/IDH3G/LDHB/MAOB/MDH1/MDH2/NNT/OPA1/PDP1/SDHA/SDHB/SLC25A20/SUCLA2/SUCLG1/TIMM10/TIMM13/TIMM50/TIMM9,50,5.661851011536153e-6,HALLMARK_OXIDATIVE_PHOSPHORYLATION
REACTOME_BRANCHED_CHAIN_AMINO_ACID_CATABOLISM,2.9522712375407275e-7,1.8363127097503326e-5,4.593478260869565,12,16,Reactome,15.891891891891891,turquoise,Branched Chain Amino Acid Catabolism,ACAD8/ACADSB/ACAT1/ALDH6A1/BCAT2/DBT/ECHS1/HIBADH/HIBCH/IVD/MCCC1/MCCC2,12,1.8363127097503326e-5,REACTOME_BRANCHED_CHAIN_AMINO_ACID_CATABOLISM
GOBP_ACYL_COA_METABOLIC_PROCESS,1.3943283704026296e-6,8.152720001060081e-5,3.1498136645962735,18,35,GO:BP,5.669724770642202,turquoise,Acyl Coa Metabolic Process,ACAT1/ACOT2/ACOT9/ACSF2/ACSL1/ACSS2/CBR4/DLST/GCDH/HSD17B12/MCEE/MLYCD/MMUT/OXSM/PDK2/SUCLA2/SUCLG1/SUCLG2,18,8.152720001060081e-5,GOBP_ACYL_COA_METABOLIC_PROCESS
GOBP_SULFUR_COMPOUND_METABOLIC_PROCESS,1.8561196724096204e-6,1.0249905302084236e-4,2.3258117776554763,30,79,GO:BP,3.3411078717201166,turquoise,Sulfur Compound Metabolic Process,ACAT1/ACOT2/ACOT9/ACSF2/ACSL1/ACSS2/CBR4/DLST/GCDH/GPX1/GSTK1/GSTO1/HSD17B12/MAT2B/MCCC1/MCCC2/MCEE/MLYCD/MMUT/MPST/OPLAH/OXSM/PDK2/SOD2/SUCLA2/SUCLG1/SUCLG2/SULT1A1/SUOX/TST,30,1.0249905302084236e-4,GOBP_SULFUR_COMPOUND_METABOLIC_PROCESS
HALLMARK_ADIPOGENESIS,4.5102211823388226e-5,5.412265418806587e-4,1.9281266774020398,34,108,Hallmark,2.502650560528374,turquoise,Adipogenesis,ACAA2/ACADM/ACADS/ACO2/ADIPOQ/AK2/ALDH2/BCL2L13/COQ3/COQ5/COQ9/CPT2/CRAT/CS/DBT/DECR1/ECH1/ECHS1/ETFB/FABP4/FAH/GRPEL1/HADH/HIBCH/IDH3A/IDH3G/MCCC1/MDH2/PLIN2/SDHB/SLC27A1/SUCLG1/SULT1A1/TST,34,5.412265418806587e-4,HALLMARK_ADIPOGENESIS
REACTOME_METABOLISM_OF_VITAMINS_AND_COFACTORS,1.140533982658311e-5,5.911767810112246e-4,2.5723478260869563,21,50,Reactome,3.886653895274585,turquoise,Metabolism Of Vitamins And Cofactors,ACO1/COQ3/COQ5/COQ6/COQ7/COQ8A/COQ9/CYB5A/GSTO1/MCCC1/MCCC2/MMUT/NADK2/NAXD/NAXE/PCCA/PCCB/PNPO/RBP4/SHMT2/TTR,21,5.911767810112246e-4,REACTOME_METABOLISM_OF_VITAMINS_AND_COFACTORS
GOBP_AMIDE_METABOLIC_PROCESS,1.1411656732244026e-5,5.970098311500296e-4,2.0415458937198068,34,102,GO:BP,2.733118971061093,turquoise,Amide Metabolic Process,ACAT1/ACOT2/ACOT9/ACSF2/ACSL1/ACSS2/ASAH1/ASS1/CBR4/CLU/CTSZ/DLST/FH/GCDH/GPX1/GSK3A/GSTK1/GSTO1/HSD17B12/MCCC1/MCCC2/MCEE/MECR/MLYCD/MMUT/NAGK/OPLAH/OXSM/PDK2/SIRT3/SOD2/SUCLA2/SUCLG1/SUCLG2,34,5.970098311500296e-4,GOBP_AMIDE_METABOLIC_PROCESS
REACTOME_AEROBIC_RESPIRATION_AND_RESPIRATORY_ELECTRON_TRANSPORT,2.0453177316488416e-5,9.087054493468425e-4,1.7659998221748021,47,163,Reactome,2.24612358250405,turquoise,Aerobic Respiration And Respiratory Electron Transport,ACAD9/ACAT1/ACO2/ADHFE1/COA3/COQ10A/COX11/CS/DLST/DMAC2L/ETFA/ETFB/ETFDH/FAHD1/FH/FXN/GOT1/GOT2/GPT/HCCS/HSCB/HSPA9/IDH2/IDH3A/IDH3B/IDH3G/ISCA2/L2HGDH/LDHB/LETM1/LYRM7/MDH1/MDH2/NDUFAF2/NDUFAF4/NNT/PDK2/PDP1/PDPR/SDHA/SDHB/SIRT3/SUCLA2/SUCLG1/SUCLG2/TACO1/TRAP1,47,9.087054493468425e-4,REACTOME_AEROBIC_RESPIRATION_AND_RESPIRATORY_ELECTRON_TRANSPORT
REACTOME_PROTEIN_LOCALIZATION,2.6425875673697045e-5,0.0010273059168149727,2.1758581235697942,27,76,Reactome,2.9786291875240662,turquoise,Protein Localization,ACAA1/ACO2/ACOT2/CHCHD4/CHCHD7/CRAT/CS/CYB5A/DHRS4/ECH1/ECI2/FXN/GRPEL1/GSTK1/HMGCL/HSCB/HSPA9/HSPD1/IDH3G/MLYCD/PEX11B/SGTA/TIMM10/TIMM13/TIMM44/TIMM50/TIMM9,27,0.0010273059168149727,REACTOME_PROTEIN_LOCALIZATION
GOBP_MODIFIED_AMINO_ACID_METABOLIC_PROCESS,2.3618855286227577e-5,0.001117959150214772,2.4734113712374586,21,52,GO:BP,3.631720430107527,turquoise,Modified Amino Acid Metabolic Process,ABHD16A/ACADM/ALDH4A1/ALDH7A1/ASS1/CHDH/CKB/CKM/CKMT2/CPT1B/CPT2/CRAT/CTSB/GOT2/GPX1/GSTK1/GSTO1/OPLAH/SHMT2/SOD2/SULT1A1,21,0.001117959150214772,GOBP_MODIFIED_AMINO_ACID_METABOLIC_PROCESS
GOBP_ALCOHOL_METABOLIC_PROCESS,4.682364666998068e-5,0.0021155774904527635,2.1518997258127692,26,74,GO:BP,2.9205851619644725,turquoise,Alcohol Metabolic Process,ACAA2/ACADVL/ACSS2/AKR7A2/ALDH2/ASAH1/CBR4/COQ3/DHRS4/FDX1/FECH/GALK1/GOT1/IDH2/IDH3A/IDH3B/IDH3G/IDI1/LSS/NPC2/NUDT3/PCBD2/RBP4/RDH13/SULT1A1/TKFC,26,0.0021155774904527635,GOBP_ALCOHOL_METABOLIC_PROCESS
GOBP_TEMPERATURE_HOMEOSTASIS,1.690113881179949e-4,0.007304231295186389,2.8435817805383024,13,28,GO:BP,4.576104417670683,turquoise,Temperature Homeostasis,ACADVL/ACOT13/ACSL1/ADIPOQ/CPT2/DECR1/FABP4/FABP5/FH/GPX1/HADH/MAP2K6/SLC27A1,13,0.007304231295186389,GOBP_TEMPERATURE_HOMEOSTASIS
GOBP_KETONE_METABOLIC_PROCESS,2.114744376753233e-4,0.00875856629371964,2.281727763569196,19,51,GO:BP,3.16180981595092,turquoise,Ketone Metabolic Process,ACADVL/ADIPOQ/AKR7A2/CBR4/COQ3/COQ5/COQ6/COQ7/COQ8A/COQ9/DHRS4/FABP3/FABP5/MLYCD/PDK2/PLIN5/PPTC7/RTN4IP1/SIRT5,19,0.00875856629371964,GOBP_KETONE_METABOLIC_PROCESS
GOBP_MITOCHONDRIAL_TRANSPORT,2.6337116009744e-4,0.010471637325474214,2.1053442028985505,22,64,GO:BP,2.7990564646911396,turquoise,Mitochondrial Transport,ACAA2/AFG3L2/ATP5IF1/CHCHD4/CPT1B/CPT2/GRPEL1/GSK3A/HSPA9/HSPD1/LETM1/MICU1/PPIF/SFXN1/SLC25A20/SLC25A46/TIMM10/TIMM13/TIMM44/TIMM50/TIMM9/TST,22,0.010471637325474214,GOBP_MITOCHONDRIAL_TRANSPORT
HALLMARK_PEROXISOME,0.0012239373505856452,0.011015436155270807,2.317430473952213,14,37,Hallmark,3.208984631551294,turquoise,Peroxisome,ACAA1/ACSL1/CRAT/ECH1/ECI2/GSTK1/HMGCL/IDH2/IDI1/ISOC1/MLYCD/PEX11B/SOD2/TTR,14,0.011015436155270807,HALLMARK_PEROXISOME
GOBP_KETONE_BIOSYNTHETIC_PROCESS,2.9293382260351227e-4,0.01119908537184197,3.445108695652174,9,16,GO:BP,6.738520408163265,turquoise,Ketone Biosynthetic Process,COQ3/COQ5/COQ6/COQ7/COQ8A/COQ9/PPTC7/RTN4IP1/SIRT5,9,0.01119908537184197,GOBP_KETONE_BIOSYNTHETIC_PROCESS
GOBP_GLUTAMINE_FAMILY_AMINO_ACID_METABOLIC_PROCESS,5.339024867034279e-4,0.018953538277971693,3.2424552429667517,9,17,GO:BP,5.892857142857143,turquoise,Glutamine Family Amino Acid Metabolic Process,ADHFE1/ALDH4A1/ALDH5A1/ASS1/DGLUCY/FAH/GLUD1/GOT1/GOT2,9,0.018953538277971693,GOBP_GLUTAMINE_FAMILY_AMINO_ACID_METABOLIC_PROCESS
GOBP_LONG_CHAIN_FATTY_ACID_TRANSPORT,5.339024867034279e-4,0.018953538277971693,3.2424552429667517,9,17,GO:BP,5.892857142857143,turquoise,Long Chain Fatty Acid Transport,ACSL1/CPT1B/CPT2/FABP3/FABP4/FABP5/PLIN2/SLC25A20/SLC27A1,9,0.018953538277971693,GOBP_LONG_CHAIN_FATTY_ACID_TRANSPORT
HALLMARK_CHOLESTEROL_HOMEOSTASIS,0.005696241370372232,0.041012937866680074,2.858164251207729,7,15,Hallmark,4.556213017751479,turquoise,Cholesterol Homeostasis,ACSS2/CLU/ECH1/FABP5/IDI1/LSS/PCYT2,7,0.041012937866680074,HALLMARK_CHOLESTEROL_HOMEOSTASIS
GOBP_MONOCARBOXYLIC_ACID_TRANSPORT,0.0014220344217793417,0.04559684565318276,2.5911928651059086,11,26,GO:BP,3.8489021956087823,turquoise,Monocarboxylic Acid Transport,ACSL1/CPT1B/CPT2/FABP3/FABP4/FABP5/GOT2/PLIN2/SLC16A1/SLC25A20/SLC27A1,11,0.04559684565318276,GOBP_MONOCARBOXYLIC_ACID_TRANSPORT
REACTOME_PEROXISOMAL_PROTEIN_IMPORT,0.0014937210731037914,0.04645472537352791,2.901144164759725,9,19,Reactome,4.708928571428571,turquoise,Peroxisomal Protein Import,ACAA1/ACOT2/CRAT/DHRS4/ECH1/ECI2/GSTK1/HMGCL/MLYCD,9,0.04645472537352791,REACTOME_PEROXISOMAL_PROTEIN_IMPORT
REACTOME_RESPONSE_OF_EIF2AK4_GCN2_TO_AMINO_ACID_DEFICIENCY,7.018014300925467e-41,2.1826024475878204e-38,11.919060737242555,43,77,Reactome,44.71638655462185,black,Response Of Eif2ak4 Gcn2 To Amino Acid Deficiency,EIF2S1/EIF2S2/RPL10/RPL10A/RPL11/RPL12/RPL13/RPL13A/RPL14/RPL15/RPL17/RPL18/RPL18A/RPL19/RPL23A/RPL24/RPL26/RPL27A/RPL28/RPL29/RPL3/RPL30/RPL31/RPL32/RPL35/RPL35A/RPL36/RPL36AL/RPL37A/RPL3L/RPL4/RPL5/RPL6/RPL7/RPL7A/RPL8/RPLP0/RPLP1/RPLP2/RPS10/RPS15A/RPS23/RPS24,43,2.1826024475878204e-38,REACTOME_RESPONSE_OF_EIF2AK4_GCN2_TO_AMINO_ACID_DEFICIENCY
REACTOME_RRNA_PROCESSING,6.322242035174173e-39,9.831086364695839e-37,11.492618492618494,42,78,Reactome,40.485380116959064,black,Rrna Processing,NCL/RPL10/RPL10A/RPL11/RPL12/RPL13/RPL13A/RPL14/RPL15/RPL17/RPL18/RPL18A/RPL19/RPL23A/RPL24/RPL26/RPL27A/RPL28/RPL29/RPL3/RPL30/RPL31/RPL32/RPL35/RPL35A/RPL36/RPL36AL/RPL37A/RPL3L/RPL4/RPL5/RPL6/RPL7/RPL7A/RPL8/RPLP0/RPLP1/RPLP2/RPS10/RPS15A/RPS23/RPS24,42,9.831086364695839e-37,REACTOME_RRNA_PROCESSING
KEGG_MEDICUS_REFERENCE_TRANSLATION_INITIATION,9.951885621233322e-37,2.0898959804589976e-35,11.891341991341992,39,70,KEGG,41.579032258064515,black,Reference Translation Initiation,RPL10/RPL10A/RPL11/RPL12/RPL13/RPL13A/RPL14/RPL15/RPL17/RPL18/RPL18A/RPL19/RPL23A/RPL24/RPL26/RPL27A/RPL28/RPL29/RPL3/RPL30/RPL31/RPL32/RPL35/RPL35A/RPL36/RPL37A/RPL4/RPL5/RPL6/RPL7/RPL7A/RPL8/RPLP0/RPLP1/RPLP2/RPS10/RPS15A/RPS23/RPS24,39,2.0898959804589976e-35,KEGG_MEDICUS_REFERENCE_TRANSLATION_INITIATION
GOBP_CYTOPLASMIC_TRANSLATION,8.767265834887776e-35,8.714662239878449e-32,8.320321862694744,46,118,GO:BP,23.40985324947589,black,Cytoplasmic Translation,CSDE1/DHX9/EIF2S2/EIF3H/EIF3K/RPL10/RPL10A/RPL11/RPL12/RPL13/RPL13A/RPL14/RPL15/RPL17/RPL18/RPL18A/RPL19/RPL23A/RPL24/RPL26/RPL27A/RPL28/RPL29/RPL3/RPL30/RPL31/RPL32/RPL35/RPL35A/RPL36/RPL37A/RPL4/RPL5/RPL6/RPL7/RPL7A/RPL8/RPLP0/RPLP1/RPLP2/RPS10/RPS15A/RPS23/RPS24/SYNCRIP/YBX1,46,8.714662239878449e-32,GOBP_CYTOPLASMIC_TRANSLATION
REACTOME_SIGNALING_BY_ROBO_RECEPTORS,6.388711520636026e-27,1.9868892829178042e-25,6.945085778419112,41,126,Reactome,16.042393509127788,black,Signaling By Robo Receptors,RPL10/RPL10A/RPL11/RPL12/RPL13/RPL13A/RPL14/RPL15/RPL17/RPL18/RPL18A/RPL19/RPL23A/RPL24/RPL26/RPL27A/RPL28/RPL29/RPL3/RPL30/RPL31/RPL32/RPL35/RPL35A/RPL36/RPL36AL/RPL37A/RPL3L/RPL4/RPL5/RPL6/RPL7/RPL7A/RPL8/RPLP0/RPLP1/RPLP2/RPS10/RPS15A/RPS23/RPS24,41,1.9868892829178042e-25,REACTOME_SIGNALING_BY_ROBO_RECEPTORS
REACTOME_TRANSLATION,1.560389530650566e-24,4.411646763930237e-23,5.3958120531154234,45,178,Reactome,11.785714285714286,black,Translation,EIF2S1/EIF2S2/EIF3H/EIF3K/RPL10/RPL10A/RPL11/RPL12/RPL13/RPL13A/RPL14/RPL15/RPL17/RPL18/RPL18A/RPL19/RPL23A/RPL24/RPL26/RPL27A/RPL28/RPL29/RPL3/RPL30/RPL31/RPL32/RPL35/RPL35A/RPL36/RPL36AL/RPL37A/RPL3L/RPL4/RPL5/RPL6/RPL7/RPL7A/RPL8/RPLP0/RPLP1/RPLP2/RPS10/RPS15A/RPS23/RPS24,45,4.411646763930237e-23,REACTOME_TRANSLATION
REACTOME_METABOLISM_OF_AMINO_ACIDS_AND_DERIVATIVES,3.274864761734978e-20,8.487357840829819e-19,4.861560044893378,41,180,Reactome,9.535475068221285,black,Metabolism Of Amino Acids And Derivatives,RPL10/RPL10A/RPL11/RPL12/RPL13/RPL13A/RPL14/RPL15/RPL17/RPL18/RPL18A/RPL19/RPL23A/RPL24/RPL26/RPL27A/RPL28/RPL29/RPL3/RPL30/RPL31/RPL32/RPL35/RPL35A/RPL36/RPL36AL/RPL37A/RPL3L/RPL4/RPL5/RPL6/RPL7/RPL7A/RPL8/RPLP0/RPLP1/RPLP2/RPS10/RPS15A/RPS23/RPS24,41,8.487357840829819e-19,REACTOME_METABOLISM_OF_AMINO_ACIDS_AND_DERIVATIVES
GOBP_RIBONUCLEOPROTEIN_COMPLEX_BIOGENESIS,3.639474867209219e-12,1.808819009002982e-9,5.122424242424242,24,100,GO:BP,8.16,black,Ribonucleoprotein Complex Biogenesis,DDX1/DHX9/EIF2S2/EIF3H/EIF3K/NPM1/PA2G4/PRKRA/RPL11/RPL13A/RPL14/RPL24/RPL26/RPL35/RPL35A/RPL5/RPL7/RPL7A/RPLP0/RPS15A/RPS23/RPS24/SNRPD3/SRSF1,24,1.808819009002982e-9,GOBP_RIBONUCLEOPROTEIN_COMPLEX_BIOGENESIS
GOBP_RNA_SPLICING,4.9776226923717124e-8,1.1241043277300068e-5,4.878499278499279,16,70,GO:BP,6.996876394466756,black,RNA Splicing,AHNAK/DDX1/DHX9/FUS/HNRNPA1/HNRNPR/NCL/NONO/NPM1/RTCB/RTRAF/SFPQ/SNRPD3/SRSF1/SYNCRIP/YBX1,16,1.1241043277300068e-5,GOBP_RNA_SPLICING
GOBP_RRNA_METABOLIC_PROCESS,5.6544483286217646e-8,1.1241043277300068e-5,6.7400318979266345,12,38,GO:BP,10.546419098143236,black,Rrna Metabolic Process,NCL/PA2G4/PELO/RPL11/RPL14/RPL26/RPL35/RPL35A/RPL5/RPL7/RPL7A/RPS24,12,1.1241043277300068e-5,GOBP_RRNA_METABOLIC_PROCESS
GOBP_REGULATION_OF_TRANSLATION,1.1747604070065593e-7,1.946186407607533e-5,3.899281274281274,19,104,GO:BP,5.38985294117647,black,Regulation Of Translation,CAPRIN1/CSDE1/CSNK2A1/DDX1/DHX9/EIF2S1/EIF3H/EIF3K/NCL/NPM1/PA2G4/PELO/PURB/RPL10/RPL13A/RPL26/RPL5/SYNCRIP/YBX1,19,1.946186407607533e-5,GOBP_REGULATION_OF_TRANSLATION
GOBP_NEGATIVE_REGULATION_OF_MRNA_METABOLIC_PROCESS,1.2727342138336255e-5,0.0015813722606882797,7.863370547581073,7,19,GO:BP,12.693840579710145,black,Negative Regulation Of Mrna Metabolic Process,CSDE1/DHX9/FUS/NPM1/SRSF1/SYNCRIP/YBX1,7,0.0015813722606882797,GOBP_NEGATIVE_REGULATION_OF_MRNA_METABOLIC_PROCESS
GOBP_PROTEIN_RNA_COMPLEX_ORGANIZATION,1.7594213668319506e-5,0.0018462820826084891,4.130987292277615,12,62,GO:BP,5.417931034482758,black,Protein RNA Complex Organization,DDX1/DHX9/EIF2S2/EIF3H/EIF3K/PRKRA/RPL11/RPL13A/RPL24/RPL5/SNRPD3/SRSF1,12,0.0018462820826084891,GOBP_PROTEIN_RNA_COMPLEX_ORGANIZATION
GOBP_REGULATION_OF_MRNA_CATABOLIC_PROCESS,1.8574266424632687e-5,0.0018462820826084891,6.323980546202769,8,27,GO:BP,9.23076923076923,black,Regulation Of Mrna Catabolic Process,CAPRIN1/CSDE1/DHX9/FUS/NPM1/SRSF1/SYNCRIP/YBX1,8,0.0018462820826084891,GOBP_REGULATION_OF_MRNA_CATABOLIC_PROCESS
GOBP_MEMBRANELESS_ORGANELLE_ASSEMBLY,4.6914589174236733e-5,0.0033309358313708083,2.995569732411838,16,114,GO:BP,3.76887140398328,black,Membraneless Organelle Assembly,CAPN3/CAPRIN1/CSDE1/DBNL/EIF2S1/FUS/G3BP1/GSN/LDB3/MYPN/NPM1/RPL11/RPL24/RPL5/RPS23/UBAP2L,16,0.0033309358313708083,GOBP_MEMBRANELESS_ORGANELLE_ASSEMBLY
GOBP_NEGATIVE_REGULATION_OF_TRANSLATION,7.237909138501532e-5,0.004326332062258404,5.3358585858585865,8,32,GO:BP,7.289377289377289,black,Negative Regulation Of Translation,CAPRIN1/CSNK2A1/EIF2S1/NCL/PURB/RPL13A/SYNCRIP/YBX1,8,0.004326332062258404,GOBP_NEGATIVE_REGULATION_OF_TRANSLATION
GOBP_NUCLEAR_TRANSCRIBED_MRNA_CATABOLIC_PROCESS,7.399159462614977e-5,0.004326332062258404,7.5329768270944735,6,17,GO:BP,11.747800586510264,black,Nuclear Transcribed Mrna Catabolic Process,CAPRIN1/CSDE1/DHX9/PELO/SYNCRIP/YBX1,6,0.004326332062258404,GOBP_NUCLEAR_TRANSCRIBED_MRNA_CATABOLIC_PROCESS
GOBP_REGULATION_OF_TRANSLATIONAL_INITIATION,2.1089890000353939e-4,0.011033342452816746,5.335858585858586,7,28,GO:BP,7.221014492753623,black,Regulation Of Translational Initiation,CSDE1/DDX1/EIF2S1/EIF3H/EIF3K/NPM1/RPL13A,7,0.011033342452816746,GOBP_REGULATION_OF_TRANSLATIONAL_INITIATION
HALLMARK_MYC_TARGETS_V1,6.502514313259642e-4,0.02340905152773471,2.5011837121212124,15,128,Hallmark,3.0041087231352717,black,MYC Targets V1,EIF2S1/EIF2S2/G3BP1/HNRNPA1/HNRNPR/NPM1/PA2G4/RPL14/RPL18/RPL6/RPLP0/RPS10/SNRPD3/SRSF1/SYNCRIP,15,0.02340905152773471,HALLMARK_MYC_TARGETS_V1
REACTOME_MRNA_SPLICING,0.0010909644173278748,0.026099225676074544,4.150112233445567,7,36,Reactome,5.208020989505247,black,Mrna Splicing,DHX9/FUS/HNRNPA1/HNRNPR/SNRPD3/SRSF1/YBX1,7,0.026099225676074544,REACTOME_MRNA_SPLICING
GOBP_REGULATION_OF_CYTOPLASMIC_TRANSLATION,8.057484081534299e-4,0.038138757985929014,6.277480689245395,5,17,GO:BP,8.874113475177305,black,Regulation Of Cytoplasmic Translation,CSDE1/DHX9/RPL13A/SYNCRIP/YBX1,5,0.038138757985929014,GOBP_REGULATION_OF_CYTOPLASMIC_TRANSLATION
GOBP_POSITIVE_REGULATION_OF_TRANSLATION,0.0010909644173278748,0.04714863612277859,4.150112233445567,7,36,GO:BP,5.208020989505247,black,Positive Regulation Of Translation,CSDE1/DHX9/NPM1/RPL26/RPL5/SYNCRIP/YBX1,7,0.04714863612277859,GOBP_POSITIVE_REGULATION_OF_TRANSLATION
KEGG_MEDICUS_VARIANT_MUTATION_CAUSED_ABERRANT_ABETA_TO_26S_PROTEASOME_MEDIATED_PROTEIN_DEGRADATION,1.9672836239004097e-13,1.3770985367302869e-12,7.894146948941469,18,33,KEGG,18.3,red,Variant Mutation Caused Aberrant Abeta To 26s Proteasome Mediated Protein Degradation,PSMA1/PSMA2/PSMA3/PSMA4/PSMA5/PSMA6/PSMA7/PSMB1/PSMB3/PSMB5/PSMB6/PSMB7/PSMC1/PSMC3/PSMC6/PSMD1/PSMD11/PSMD2,18,1.3770985367302869e-12,KEGG_MEDICUS_VARIANT_MUTATION_CAUSED_ABERRANT_ABETA_TO_26S_PROTEASOME_MEDIATED_PROTEIN_DEGRADATION
REACTOME_DEGRADATION_OF_DVL,1.0113347807925831e-14,1.3842644956541332e-12,8.332710668327106,19,33,Reactome,20.87007874015748,red,Degradation Of Dvl,CUL3/PSMA1/PSMA2/PSMA3/PSMA4/PSMA5/PSMA6/PSMA7/PSMB1/PSMB3/PSMB5/PSMB6/PSMB7/PSMC1/PSMC3/PSMC6/PSMD1/PSMD11/PSMD2,19,1.3842644956541332e-12,REACTOME_DEGRADATION_OF_DVL
REACTOME_HEDGEHOG_ON_STATE,1.0113347807925831e-14,1.3842644956541332e-12,8.332710668327106,19,33,Reactome,20.87007874015748,red,Hedgehog On State,CUL3/PSMA1/PSMA2/PSMA3/PSMA4/PSMA5/PSMA6/PSMA7/PSMB1/PSMB3/PSMB5/PSMB6/PSMB7/PSMC1/PSMC3/PSMC6/PSMD1/PSMD11/PSMD2,19,1.3842644956541332e-12,REACTOME_HEDGEHOG_ON_STATE
REACTOME_UCH_PROTEINASES,1.9920669512323586e-14,1.3842644956541332e-12,7.617159336697908,20,38,Reactome,17.18694885361552,red,Uch Proteinases,NEDD8/PSMA1/PSMA2/PSMA3/PSMA4/PSMA5/PSMA6/PSMA7/PSMB1/PSMB3/PSMB5/PSMB6/PSMB7/PSMC1/PSMC3/PSMC6/PSMD1/PSMD11/PSMD2/USP15,20,1.3842644956541332e-12,REACTOME_UCH_PROTEINASES
REACTOME_FORMATION_OF_PARAXIAL_MESODERM,4.409709902332731e-14,1.3842644956541332e-12,8.403446752098983,18,31,Reactome,21.13701923076923,red,Formation Of Paraxial Mesoderm,PSMA1/PSMA2/PSMA3/PSMA4/PSMA5/PSMA6/PSMA7/PSMB1/PSMB3/PSMB5/PSMB6/PSMB7/PSMC1/PSMC3/PSMC6/PSMD1/PSMD11/PSMD2,18,1.3842644956541332e-12,REACTOME_FORMATION_OF_PARAXIAL_MESODERM
REACTOME_GASTRULATION,4.409709902332731e-14,1.3842644956541332e-12,8.403446752098983,18,31,Reactome,21.13701923076923,red,Gastrulation,PSMA1/PSMA2/PSMA3/PSMA4/PSMA5/PSMA6/PSMA7/PSMB1/PSMB3/PSMB5/PSMB6/PSMB7/PSMC1/PSMC3/PSMC6/PSMD1/PSMD11/PSMD2,18,1.3842644956541332e-12,REACTOME_GASTRULATION
REACTOME_HEDGEHOG_OFF_STATE,5.3784256880342393e-14,1.3939086574822072e-12,6.907378580323786,21,44,Reactome,14.199652173913044,red,Hedgehog Off State,PRKACA/PRKAR1A/PRKAR2A/PSMA1/PSMA2/PSMA3/PSMA4/PSMA5/PSMA6/PSMA7/PSMB1/PSMB3/PSMB5/PSMB6/PSMB7/PSMC1/PSMC3/PSMC6/PSMD1/PSMD11/PSMD2,21,1.3939086574822072e-12,REACTOME_HEDGEHOG_OFF_STATE
REACTOME_SIGNALING_BY_NOTCH,5.3784256880342393e-14,1.3939086574822072e-12,6.907378580323786,21,44,Reactome,14.199652173913044,red,Signaling By Notch,ATP2A1/ATP2A2/PSMA1/PSMA2/PSMA3/PSMA4/PSMA5/PSMA6/PSMA7/PSMB1/PSMB3/PSMB5/PSMB6/PSMB7/PSMC1/PSMC3/PSMC6/PSMD1/PSMD11/PSMD2/TMED2,21,1.3939086574822072e-12,REACTOME_SIGNALING_BY_NOTCH
REACTOME_TRANSCRIPTIONAL_REGULATION_BY_RUNX3,9.49383544361603e-14,1.5539909594550448e-12,8.14083904109589,18,32,Reactome,19.6171875,red,Transcriptional Regulation By Runx3,PSMA1/PSMA2/PSMA3/PSMA4/PSMA5/PSMA6/PSMA7/PSMB1/PSMB3/PSMB5/PSMB6/PSMB7/PSMC1/PSMC3/PSMC6/PSMD1/PSMD11/PSMD2,18,1.5539909594550448e-12,REACTOME_TRANSCRIPTIONAL_REGULATION_BY_RUNX3
REACTOME_TRANSCRIPTIONAL_REGULATION_BY_RUNX2,1.3360287426409092e-13,2.077524694806614e-12,7.059806214500501,20,41,Reactome,14.708994708994709,red,Transcriptional Regulation By Runx2,MAPK1/PSMA1/PSMA2/PSMA3/PSMA4/PSMA5/PSMA6/PSMA7/PSMB1/PSMB3/PSMB5/PSMB6/PSMB7/PSMC1/PSMC3/PSMC6/PSMD1/PSMD11/PSMD2/STUB1,20,2.077524694806614e-12,REACTOME_TRANSCRIPTIONAL_REGULATION_BY_RUNX2
REACTOME_ABC_TRANSPORTER_DISORDERS,3.937507527853923e-13,3.309634705844784e-12,7.661966156325543,18,34,Reactome,17.1474609375,red,Abc Transporter Disorders,PSMA1/PSMA2/PSMA3/PSMA4/PSMA5/PSMA6/PSMA7/PSMB1/PSMB3/PSMB5/PSMB6/PSMB7/PSMC1/PSMC3/PSMC6/PSMD1/PSMD11/PSMD2,18,3.309634705844784e-12,REACTOME_ABC_TRANSPORTER_DISORDERS
REACTOME_ACTIVATION_OF_APC_C_AND_APC_C_CDC20_MEDIATED_DEGRADATION_OF_MITOTIC_PROTEINS,3.937507527853923e-13,3.309634705844784e-12,7.661966156325543,18,34,Reactome,17.1474609375,red,Activation Of Apc C And Apc C Cdc20 Mediated Degradation Of Mitotic Proteins,PSMA1/PSMA2/PSMA3/PSMA4/PSMA5/PSMA6/PSMA7/PSMB1/PSMB3/PSMB5/PSMB6/PSMB7/PSMC1/PSMC3/PSMC6/PSMD1/PSMD11/PSMD2,18,3.309634705844784e-12,REACTOME_ACTIVATION_OF_APC_C_AND_APC_C_CDC20_MEDIATED_DEGRADATION_OF_MITOTIC_PROTEINS
REACTOME_RUNX1_REGULATES_TRANSCRIPTION_OF_GENES_INVOLVED_IN_DIFFERENTIATION_OF_HSCS,3.937507527853923e-13,3.309634705844784e-12,7.661966156325543,18,34,Reactome,17.1474609375,red,Runx1 Regulates Transcription Of Genes Involved In Differentiation Of Hscs,PSMA1/PSMA2/PSMA3/PSMA4/PSMA5/PSMA6/PSMA7/PSMB1/PSMB3/PSMB5/PSMB6/PSMB7/PSMC1/PSMC3/PSMC6/PSMD1/PSMD11/PSMD2,18,3.309634705844784e-12,REACTOME_RUNX1_REGULATES_TRANSCRIPTION_OF_GENES_INVOLVED_IN_DIFFERENTIATION_OF_HSCS
REACTOME_CIRCADIAN_CLOCK,4.2339656023927043e-13,3.3763161598567465e-12,6.731443134756292,20,43,Reactome,13.416149068322982,red,Circadian Clock,PPP1CA/PPP1CB/PSMA1/PSMA2/PSMA3/PSMA4/PSMA5/PSMA6/PSMA7/PSMB1/PSMB3/PSMB5/PSMB6/PSMB7/PSMC1/PSMC3/PSMC6/PSMD1/PSMD11/PSMD2,20,3.3763161598567465e-12,REACTOME_CIRCADIAN_CLOCK
REACTOME_PTEN_REGULATION,4.2339656023927043e-13,3.3763161598567465e-12,6.731443134756292,20,43,Reactome,13.416149068322982,red,Pten Regulation,MAPK1/PSMA1/PSMA2/PSMA3/PSMA4/PSMA5/PSMA6/PSMA7/PSMB1/PSMB3/PSMB5/PSMB6/PSMB7/PSMC1/PSMC3/PSMC6/PSMD1/PSMD11/PSMD2/STUB1,20,3.3763161598567465e-12,REACTOME_PTEN_REGULATION
REACTOME_INTERLEUKIN_1_SIGNALING,7.314068130383812e-13,4.9470702632981e-12,6.578455790784558,20,44,Reactome,12.850529100529101,red,Interleukin 1 Signaling,MAP2K1/PSMA1/PSMA2/PSMA3/PSMA4/PSMA5/PSMA6/PSMA7/PSMB1/PSMB3/PSMB5/PSMB6/PSMB7/PSMC1/PSMC3/PSMC6/PSMD1/PSMD11/PSMD2/USP14,20,4.9470702632981e-12,REACTOME_INTERLEUKIN_1_SIGNALING
REACTOME_CYCLIN_A_CDK2_ASSOCIATED_EVENTS_AT_S_PHASE_ENTRY,7.635349602517967e-13,4.9470702632981e-12,7.4430528375733855,18,35,Reactome,16.13051470588235,red,Cyclin A Cdk2 Associated Events At S Phase Entry,PSMA1/PSMA2/PSMA3/PSMA4/PSMA5/PSMA6/PSMA7/PSMB1/PSMB3/PSMB5/PSMB6/PSMB7/PSMC1/PSMC3/PSMC6/PSMD1/PSMD11/PSMD2,18,4.9470702632981e-12,REACTOME_CYCLIN_A_CDK2_ASSOCIATED_EVENTS_AT_S_PHASE_ENTRY
REACTOME_SIGNALING_BY_NOTCH4,7.635349602517967e-13,4.9470702632981e-12,7.4430528375733855,18,35,Reactome,16.13051470588235,red,Signaling By Notch4,PSMA1/PSMA2/PSMA3/PSMA4/PSMA5/PSMA6/PSMA7/PSMB1/PSMB3/PSMB5/PSMB6/PSMB7/PSMC1/PSMC3/PSMC6/PSMD1/PSMD11/PSMD2,18,4.9470702632981e-12,REACTOME_SIGNALING_BY_NOTCH4
REACTOME_TNFR2_NON_CANONICAL_NF_KB_PATHWAY,7.635349602517967e-13,4.9470702632981e-12,7.4430528375733855,18,35,Reactome,16.13051470588235,red,Tnfr2 Non Canonical NF-kB Pathway,PSMA1/PSMA2/PSMA3/PSMA4/PSMA5/PSMA6/PSMA7/PSMB1/PSMB3/PSMB5/PSMB6/PSMB7/PSMC1/PSMC3/PSMC6/PSMD1/PSMD11/PSMD2,18,4.9470702632981e-12,REACTOME_TNFR2_NON_CANONICAL_NF_KB_PATHWAY
REACTOME_NEDDYLATION,8.800694985217628e-13,5.585747225311597e-12,5.095986880185221,25,71,Reactome,8.628278835788716,red,Neddylation,COPS2/COPS4/COPS7A/COPS8/CUL3/DCAF8/NEDD8/PSMA1/PSMA2/PSMA3/PSMA4/PSMA5/PSMA6/PSMA7/PSMB1/PSMB3/PSMB5/PSMB6/PSMB7/PSMC1/PSMC3/PSMC6/PSMD1/PSMD11/PSMD2,25,5.585747225311597e-12,REACTOME_NEDDYLATION
REACTOME_DOWNSTREAM_SIGNALING_EVENTS_OF_B_CELL_RECEPTOR_BCR,1.0680310759201442e-12,6.512895384532644e-12,6.8744863013698625,19,40,Reactome,13.863517060367455,red,Downstream Signaling Events Of B Cell Receptor Bcr,FKBP1A/PSMA1/PSMA2/PSMA3/PSMA4/PSMA5/PSMA6/PSMA7/PSMB1/PSMB3/PSMB5/PSMB6/PSMB7/PSMC1/PSMC3/PSMC6/PSMD1/PSMD11/PSMD2,19,6.512895384532644e-12,REACTOME_DOWNSTREAM_SIGNALING_EVENTS_OF_B_CELL_RECEPTOR_BCR
REACTOME_PCP_CE_PATHWAY,1.0680310759201442e-12,6.512895384532644e-12,6.8744863013698625,19,40,Reactome,13.863517060367455,red,Pcp Ce Pathway,PSMA1/PSMA2/PSMA3/PSMA4/PSMA5/PSMA6/PSMA7/PSMB1/PSMB3/PSMB5/PSMB6/PSMB7/PSMC1/PSMC3/PSMC6/PSMD1/PSMD11/PSMD2/RHOA,19,6.512895384532644e-12,REACTOME_PCP_CE_PATHWAY
REACTOME_MAPK6_MAPK4_SIGNALING,1.8750372500776537e-12,1.0602483359530004e-11,6.7068159037754755,19,41,Reactome,13.226556907659269,red,Mapk6 Mapk4 Signaling,PRKACA/PSMA1/PSMA2/PSMA3/PSMA4/PSMA5/PSMA6/PSMA7/PSMB1/PSMB3/PSMB5/PSMB6/PSMB7/PSMC1/PSMC3/PSMC6/PSMD1/PSMD11/PSMD2,19,1.0602483359530004e-11,REACTOME_MAPK6_MAPK4_SIGNALING
REACTOME_REGULATION_OF_MRNA_STABILITY_BY_PROTEINS_THAT_BIND_AU_RICH_ELEMENTS,2.067915435563704e-12,1.1484316079648429e-11,6.292435973793924,20,46,Reactome,11.84981684981685,red,Regulation Of Mrna Stability By Proteins That Bind Au Rich Elements,PSMA1/PSMA2/PSMA3/PSMA4/PSMA5/PSMA6/PSMA7/PSMB1/PSMB3/PSMB5/PSMB6/PSMB7/PSMC1/PSMC3/PSMC6/PSMD1/PSMD11/PSMD2/SET/YWHAB,20,1.1484316079648429e-11,REACTOME_REGULATION_OF_MRNA_STABILITY_BY_PROTEINS_THAT_BIND_AU_RICH_ELEMENTS
REACTOME_UB_SPECIFIC_PROCESSING_PROTEASES,3.194029013148728e-12,1.7427070580513234e-11,5.844704952581664,21,52,Reactome,10.491870967741935,red,Ub Specific Processing Proteases,PSMA1/PSMA2/PSMA3/PSMA4/PSMA5/PSMA6/PSMA7/PSMB1/PSMB3/PSMB5/PSMB6/PSMB7/PSMC1/PSMC3/PSMC6/PSMD1/PSMD11/PSMD2/PTRH2/USP14/USP15,21,1.7427070580513234e-11,REACTOME_UB_SPECIFIC_PROCESSING_PROTEASES
REACTOME_INTRACELLULAR_SIGNALING_BY_SECOND_MESSENGERS,3.331441995548727e-12,1.7863421734752657e-11,5.283648619265057,23,63,Reactome,9.008333333333333,red,Intracellular Signaling By Second Messengers,MAPK1/PRKACA/PRKAR1A/PRKAR2A/PSMA1/PSMA2/PSMA3/PSMA4/PSMA5/PSMA6/PSMA7/PSMB1/PSMB3/PSMB5/PSMB6/PSMB7/PSMC1/PSMC3/PSMC6/PSMD1/PSMD11/PSMD2/STUB1,23,1.7863421734752657e-11,REACTOME_INTRACELLULAR_SIGNALING_BY_SECOND_MESSENGERS
REACTOME_PROTEASOME_ASSEMBLY,4.720453383881653e-12,2.3678403264309585e-11,6.855443403028118,18,38,Reactome,13.68984375,red,Proteasome Assembly,PSMA1/PSMA2/PSMA3/PSMA4/PSMA5/PSMA6/PSMA7/PSMB1/PSMB3/PSMB5/PSMB6/PSMB7/PSMC1/PSMC3/PSMC6/PSMD1/PSMD11/PSMD2,18,2.3678403264309585e-11,REACTOME_PROTEASOME_ASSEMBLY
REACTOME_SIGNALING_BY_THE_B_CELL_RECEPTOR_BCR,5.443721153106641e-12,2.621093119802681e-11,6.394870978018477,19,43,Reactome,12.111876640419947,red,Signaling By The B Cell Receptor Bcr,FKBP1A/PSMA1/PSMA2/PSMA3/PSMA4/PSMA5/PSMA6/PSMA7/PSMB1/PSMB3/PSMB5/PSMB6/PSMB7/PSMC1/PSMC3/PSMC6/PSMD1/PSMD11/PSMD2,19,2.621093119802681e-11,REACTOME_SIGNALING_BY_THE_B_CELL_RECEPTOR_BCR
REACTOME_TCR_SIGNALING,5.443721153106641e-12,2.621093119802681e-11,6.394870978018477,19,43,Reactome,12.111876640419947,red,Tcr Signaling,LAT/PSMA1/PSMA2/PSMA3/PSMA4/PSMA5/PSMA6/PSMA7/PSMB1/PSMB3/PSMB5/PSMB6/PSMB7/PSMC1/PSMC3/PSMC6/PSMD1/PSMD11/PSMD2,19,2.621093119802681e-11,REACTOME_TCR_SIGNALING
REACTOME_DEGRADATION_OF_BETA_CATENIN_BY_THE_DESTRUCTION_COMPLEX,8.256375524870727e-12,3.776077629757053e-11,6.6796628029504745,18,39,Reactome,13.03125,red,Degradation Of Beta Catenin By The Destruction Complex,PSMA1/PSMA2/PSMA3/PSMA4/PSMA5/PSMA6/PSMA7/PSMB1/PSMB3/PSMB5/PSMB6/PSMB7/PSMC1/PSMC3/PSMC6/PSMD1/PSMD11/PSMD2,18,3.776077629757053e-11,REACTOME_DEGRADATION_OF_BETA_CATENIN_BY_THE_DESTRUCTION_COMPLEX
REACTOME_SYNTHESIS_OF_DNA,8.256375524870727e-12,3.776077629757053e-11,6.6796628029504745,18,39,Reactome,13.03125,red,Synthesis Of Dna,PSMA1/PSMA2/PSMA3/PSMA4/PSMA5/PSMA6/PSMA7/PSMB1/PSMB3/PSMB5/PSMB6/PSMB7/PSMC1/PSMC3/PSMC6/PSMD1/PSMD11/PSMD2,18,3.776077629757053e-11,REACTOME_SYNTHESIS_OF_DNA
REACTOME_ANTIGEN_PROCESSING_UB_ATP_INDEPENDENT_PROTEASOMAL_DEGRADATION,1.0964569126759281e-11,4.942001446988603e-11,10.854452054794521,12,16,Reactome,43.94776119402985,red,Antigen Processing Ub ATP Independent Proteasomal Degradation,PSMA1/PSMA2/PSMA3/PSMA4/PSMA5/PSMA6/PSMA7/PSMB1/PSMB3/PSMB5/PSMB6/PSMB7,12,4.942001446988603e-11,REACTOME_ANTIGEN_PROCESSING_UB_ATP_INDEPENDENT_PROTEASOMAL_DEGRADATION
REACTOME_MAPK1_MAPK3_SIGNALING,2.0623452304417508e-11,8.908185648158118e-11,4.6938171047760084,24,74,Reactome,7.542295081967213,red,Mapk1 Mapk3 Signaling,CUL3/LAT/MAP2K1/MAPK1/PPP1CB/PSMA1/PSMA2/PSMA3/PSMA4/PSMA5/PSMA6/PSMA7/PSMB1/PSMB3/PSMB5/PSMB6/PSMB7/PSMC1/PSMC3/PSMC6/PSMD1/PSMD11/PSMD2/YWHAB,24,8.908185648158118e-11,REACTOME_MAPK1_MAPK3_SIGNALING
REACTOME_TCF_DEPENDENT_SIGNALING_IN_RESPONSE_TO_WNT,2.361278602649838e-11,9.712469650123443e-11,5.977814175104228,19,46,Reactome,10.749489647127442,red,Tcf Dependent Signaling In Response To Wnt,CUL3/PSMA1/PSMA2/PSMA3/PSMA4/PSMA5/PSMA6/PSMA7/PSMB1/PSMB3/PSMB5/PSMB6/PSMB7/PSMC1/PSMC3/PSMC6/PSMD1/PSMD11/PSMD2,19,9.712469650123443e-11,REACTOME_TCF_DEPENDENT_SIGNALING_IN_RESPONSE_TO_WNT
REACTOME_DISORDERS_OF_TRANSMEMBRANE_TRANSPORTERS,2.3734652521201982e-11,9.712469650123443e-11,6.353825593050451,18,41,Reactome,11.88586956521739,red,Disorders Of Transmembrane Transporters,PSMA1/PSMA2/PSMA3/PSMA4/PSMA5/PSMA6/PSMA7/PSMB1/PSMB3/PSMB5/PSMB6/PSMB7/PSMC1/PSMC3/PSMC6/PSMD1/PSMD11/PSMD2,18,9.712469650123443e-11,REACTOME_DISORDERS_OF_TRANSMEMBRANE_TRANSPORTERS
REACTOME_THE_ROLE_OF_GTSE1_IN_G2_M_PROGRESSION_AFTER_G2_CHECKPOINT,2.3734652521201982e-11,9.712469650123443e-11,6.353825593050451,18,41,Reactome,11.88586956521739,red,The Role Of Gtse1 In G2 M Progression After G2 Checkpoint,PSMA1/PSMA2/PSMA3/PSMA4/PSMA5/PSMA6/PSMA7/PSMB1/PSMB3/PSMB5/PSMB6/PSMB7/PSMC1/PSMC3/PSMC6/PSMD1/PSMD11/PSMD2,18,9.712469650123443e-11,REACTOME_THE_ROLE_OF_GTSE1_IN_G2_M_PROGRESSION_AFTER_G2_CHECKPOINT
REACTOME_C_TYPE_LECTIN_RECEPTORS_CLRS,3.733425831176109e-11,1.4697410550579364e-10,5.850626639463713,19,47,Reactome,10.36023622047244,red,C Type Lectin Receptors Clrs,PRKACA/PSMA1/PSMA2/PSMA3/PSMA4/PSMA5/PSMA6/PSMA7/PSMB1/PSMB3/PSMB5/PSMB6/PSMB7/PSMC1/PSMC3/PSMC6/PSMD1/PSMD11/PSMD2,19,1.4697410550579364e-10,REACTOME_C_TYPE_LECTIN_RECEPTORS_CLRS
REACTOME_G2_M_CHECKPOINTS,3.733425831176109e-11,1.4697410550579364e-10,5.850626639463713,19,47,Reactome,10.36023622047244,red,G2 M Checkpoints,PSMA1/PSMA2/PSMA3/PSMA4/PSMA5/PSMA6/PSMA7/PSMB1/PSMB3/PSMB5/PSMB6/PSMB7/PSMC1/PSMC3/PSMC6/PSMD1/PSMD11/PSMD2/YWHAB,19,1.4697410550579364e-10,REACTOME_G2_M_CHECKPOINTS
REACTOME_M_PHASE,1.222631497128753e-10,4.4213766931051414e-10,3.907602739726027,27,100,Reactome,5.886727293657189,red,M Phase,CHMP2B/CHMP4B/DCTN3/MAPK1/PRKACA/PSMA1/PSMA2/PSMA3/PSMA4/PSMA5/PSMA6/PSMA7/PSMB1/PSMB3/PSMB5/PSMB6/PSMB7/PSMC1/PSMC3/PSMC6/PSMD1/PSMD11/PSMD2/RAB1A/RAB2A/SET/USO1,27,4.4213766931051414e-10,REACTOME_M_PHASE
REACTOME_PROGRAMMED_CELL_DEATH,1.7969856454567022e-10,6.350710633375391e-10,4.288178589548452,24,81,Reactome,6.591889559965487,red,Programmed Cell Death,ADD1/CHMP2B/CHMP4B/MAPK1/PSMA1/PSMA2/PSMA3/PSMA4/PSMA5/PSMA6/PSMA7/PSMB1/PSMB3/PSMB5/PSMB6/PSMB7/PSMC1/PSMC3/PSMC6/PSMD1/PSMD11/PSMD2/STUB1/YWHAB,24,6.350710633375391e-10,REACTOME_PROGRAMMED_CELL_DEATH
REACTOME_MITOTIC_G2_G2_M_PHASES,3.3515544975657306e-10,1.1711611783628563e-9,4.748822773972603,21,64,Reactome,7.517023255813953,red,Mitotic G2 G2 M Phases,DCTN3/PPP1CB/PRKACA/PSMA1/PSMA2/PSMA3/PSMA4/PSMA5/PSMA6/PSMA7/PSMB1/PSMB3/PSMB5/PSMB6/PSMB7/PSMC1/PSMC3/PSMC6/PSMD1/PSMD11/PSMD2,21,1.1711611783628563e-9,REACTOME_MITOTIC_G2_G2_M_PHASES
REACTOME_ANTIGEN_PROCESSING_CROSS_PRESENTATION,8.391909528555117e-10,2.8680042454732323e-9,5.316466312552418,18,49,Reactome,8.78225806451613,red,Antigen Processing Cross Presentation,PSMA1/PSMA2/PSMA3/PSMA4/PSMA5/PSMA6/PSMA7/PSMB1/PSMB3/PSMB5/PSMB6/PSMB7/PSMC1/PSMC3/PSMC6/PSMD1/PSMD11/PSMD2,18,2.8680042454732323e-9,REACTOME_ANTIGEN_PROCESSING_CROSS_PRESENTATION
REACTOME_NUCLEAR_EVENTS_MEDIATED_BY_NFE2L2,8.391909528555117e-10,2.8680042454732323e-9,5.316466312552418,18,49,Reactome,8.78225806451613,red,Nuclear Events Mediated By Nfe2l2,PSMA1/PSMA2/PSMA3/PSMA4/PSMA5/PSMA6/PSMA7/PSMB1/PSMB3/PSMB5/PSMB6/PSMB7/PSMC1/PSMC3/PSMC6/PSMD1/PSMD11/PSMD2,18,2.8680042454732323e-9,REACTOME_NUCLEAR_EVENTS_MEDIATED_BY_NFE2L2
REACTOME_ANTIGEN_PROCESSING_UBIQUITINATION_PROTEASOME_DEGRADATION,2.9400565033001835e-9,9.727208218365501e-9,4.280628979355585,21,71,Reactome,6.44112,red,Antigen Processing Ubiquitination Proteasome Degradation,CUL3/PSMA1/PSMA2/PSMA3/PSMA4/PSMA5/PSMA6/PSMA7/PSMB1/PSMB3/PSMB5/PSMB6/PSMB7/PSMC1/PSMC3/PSMC6/PSMD1/PSMD11/PSMD2/STUB1/UBA1,21,9.727208218365501e-9,REACTOME_ANTIGEN_PROCESSING_UBIQUITINATION_PROTEASOME_DEGRADATION
REACTOME_SIGNALING_BY_INTERLEUKINS,6.1214113344589806e-9,2.003956763175519e-8,3.5472065538544184,25,102,Reactome,5.07137490608565,red,Signaling By Interleukins,ARF1/CFL1/DUSP3/MAP2K1/MAPK1/PRKACA/PSMA1/PSMA2/PSMA3/PSMA4/PSMA5/PSMA6/PSMA7/PSMB1/PSMB3/PSMB5/PSMB6/PSMB7/PSMC1/PSMC3/PSMC6/PSMD1/PSMD11/PSMD2/USP14,25,2.003956763175519e-8,REACTOME_SIGNALING_BY_INTERLEUKINS
REACTOME_SEPARATION_OF_SISTER_CHROMATIDS,2.5760018028687017e-8,8.345172507210066e-8,4.415370327374042,18,59,Reactome,6.605945121951219,red,Separation Of Sister Chromatids,PSMA1/PSMA2/PSMA3/PSMA4/PSMA5/PSMA6/PSMA7/PSMB1/PSMB3/PSMB5/PSMB6/PSMB7/PSMC1/PSMC3/PSMC6/PSMD1/PSMD11/PSMD2,18,8.345172507210066e-8,REACTOME_SEPARATION_OF_SISTER_CHROMATIDS
REACTOME_CELLULAR_RESPONSE_TO_CHEMICAL_STRESS,6.453589881442799e-7,2.027339851645162e-6,3.233241037598368,21,94,Reactome,4.358794520547945,red,Cellular Response To Chemical Stress,BLVRB/CUL3/PSMA1/PSMA2/PSMA3/PSMA4/PSMA5/PSMA6/PSMA7/PSMB1/PSMB3/PSMB5/PSMB6/PSMB7/PSMC1/PSMC3/PSMC6/PSMD1/PSMD11/PSMD2/TXN2,21,2.027339851645162e-6,REACTOME_CELLULAR_RESPONSE_TO_CHEMICAL_STRESS
REACTOME_TGF_BETA_RECEPTOR_SIGNALING_ACTIVATES_SMADS,2.626527810651654e-5,8.036941360091853e-5,6.753881278538812,7,15,Reactome,12.331834532374101,red,TGF Beta Receptor Signaling Activates Smads,FKBP1A/NEDD8/PPP1CA/PPP1CB/STRAP/STUB1/USP15,7,8.036941360091853e-5,REACTOME_TGF_BETA_RECEPTOR_SIGNALING_ACTIVATES_SMADS
REACTOME_SIGNALING_BY_ROBO_RECEPTORS,2.6359100280687108e-5,8.036941360091853e-5,2.526962383126767,22,126,Reactome,3.178194789081886,red,Signaling By Robo Receptors,DAG1/PRKACA/PRKAR2A/PSMA1/PSMA2/PSMA3/PSMA4/PSMA5/PSMA6/PSMA7/PSMB1/PSMB3/PSMB5/PSMB6/PSMB7/PSMC1/PSMC3/PSMC6/PSMD1/PSMD11/PSMD2/RHOA,22,8.036941360091853e-5,REACTOME_SIGNALING_BY_ROBO_RECEPTORS
REACTOME_SIGNALING_BY_TGF_BETA_RECEPTOR_COMPLEX,3.1846172399493024e-5,9.615688947808088e-5,5.009747102212856,9,26,Reactome,7.5354229282954055,red,Signaling By TGF Beta Receptor Complex,FKBP1A/MAPK1/NEDD8/PPP1CA/PPP1CB/RHOA/STRAP/STUB1/USP15,9,9.615688947808088e-5,REACTOME_SIGNALING_BY_TGF_BETA_RECEPTOR_COMPLEX
GOBP_PROTEASOME_MEDIATED_UBIQUITIN_DEPENDENT_PROTEIN_CATABOLIC_PROCESS,2.533870918209068e-7,2.518667692699814e-4,3.282445982205903,22,97,GO:BP,4.475698924731183,red,Proteasome Mediated Ubiquitin Dependent Protein Catabolic Process,CUL3/PLAA/PSMA1/PSMA2/PSMA3/PSMA4/PSMA5/PSMA6/PSMA7/PSMB1/PSMB3/PSMB5/PSMB6/PSMB7/PSMC1/PSMC3/PSMC6/PSMD1/PSMD11/PSMD2/STUB1/USP14,22,2.518667692699814e-4,GOBP_PROTEASOME_MEDIATED_UBIQUITIN_DEPENDENT_PROTEIN_CATABOLIC_PROCESS
REACTOME_OPIOID_SIGNALLING,3.3293761295115283e-4,9.76826392715175e-4,4.8242009132420085,7,21,Reactome,7.025179856115108,red,Opioid Signalling,GNB1/GNB2/MAPK1/PPP1CA/PRKACA/PRKAR1A/PRKAR2A,7,9.76826392715175e-4,REACTOME_OPIOID_SIGNALLING
REACTOME_G_ALPHA_I_SIGNALLING_EVENTS,0.0017865014548478545,0.005192541611754045,3.7521562658548957,7,27,Reactome,4.902517985611511,red,G Alpha I Signalling Events,GNB1/GNB2/MAPK1/PPP1CA/PRKACA/PRKAR1A/PRKAR2A,7,0.005192541611754045,REACTOME_G_ALPHA_I_SIGNALLING_EVENTS
REACTOME_REGULATION_OF_INSULIN_SECRETION,0.004615533945091685,0.013291028304847354,4.256647864625301,5,17,Reactome,5.777186761229315,red,Regulation Of Insulin Secretion,GNB1/GNB2/PRKACA/PRKAR1A/PRKAR2A,5,0.013291028304847354,REACTOME_REGULATION_OF_INSULIN_SECRETION
REACTOME_COPII_MEDIATED_VESICLE_TRANSPORT,0.004666735679036618,0.013315181616333835,3.6181506849315066,6,24,Reactome,4.640476190476191,red,Copii Mediated Vesicle Transport,CD59/LMAN1/RAB1A/TFG/TMED2/USO1,6,0.013315181616333835,REACTOME_COPII_MEDIATED_VESICLE_TRANSPORT
REACTOME_NEUROTRANSMITTER_RECEPTORS_AND_POSTSYNAPTIC_SIGNAL_TRANSMISSION,0.006049327790838253,0.01710309948136997,3.06994603569946,7,33,Reactome,3.759546209186497,red,Neurotransmitter Receptors And Postsynaptic Signal Transmission,GNB1/GNB2/MAPK1/PRKAB2/PRKACA/PRKAR1A/PRKAR2A,7,0.01710309948136997,REACTOME_NEUROTRANSMITTER_RECEPTORS_AND_POSTSYNAPTIC_SIGNAL_TRANSMISSION
REACTOME_ER_TO_GOLGI_ANTEROGRADE_TRANSPORT,0.006836539450325872,0.01898360508081559,2.4121004566210047,10,60,Reactome,2.8191176470588237,red,Er To Golgi Anterograde Transport,ARF1/ARF4/CD59/COPG1/DCTN3/LMAN1/RAB1A/TFG/TMED2/USO1,10,0.01898360508081559,REACTOME_ER_TO_GOLGI_ANTEROGRADE_TRANSPORT
REACTOME_METABOLISM_OF_AMINO_ACIDS_AND_DERIVATIVES,0.009834768781690102,0.026829939395663346,1.688470319634703,21,180,Reactome,1.9103396226415095,red,Metabolism Of Amino Acids And Derivatives,AIMP1/KARS1/PSMA1/PSMA2/PSMA3/PSMA4/PSMA5/PSMA6/PSMA7/PSMB1/PSMB3/PSMB5/PSMB6/PSMB7/PSMC1/PSMC3/PSMC6/PSMD1/PSMD11/PSMD2/TXN2,21,0.026829939395663346,REACTOME_METABOLISM_OF_AMINO_ACIDS_AND_DERIVATIVES
REACTOME_NEUTROPHIL_DEGRANULATION,0.01165411951270119,0.031245096279741983,1.7186215753424656,19,160,Reactome,1.937454626682303,red,Neutrophil Degranulation,ALAD/APEH/APRT/CD59/IMPDH2/MAPK1/PGAM1/PRDX4/PSMA2/PSMA5/PSMB1/PSMB7/PSMC3/PSMD1/PSMD11/PSMD2/RAB14/RHOA/SLC44A2,19,0.031245096279741983,REACTOME_NEUTROPHIL_DEGRANULATION
REACTOME_ASPARAGINE_N_LINKED_GLYCOSYLATION,0.01447575217726072,0.03847828142844516,1.9962210675484175,12,87,Reactome,2.2591044776119404,red,Asparagine N Linked Glycosylation,ARF1/ARF4/CD59/COPG1/DCTN3/GMPPB/LMAN1/PSMC1/RAB1A/TFG/TMED2/USO1,12,0.03847828142844516,REACTOME_ASPARAGINE_N_LINKED_GLYCOSYLATION
GOBP_ERBB_SIGNALING_PATHWAY,8.651242309734583e-5,0.04299667427938088,5.033948779035139,8,23,GO:BP,7.543961352657004,red,Erbb Signaling Pathway,ARF4/DUSP3/MAP2K1/MAPK1/RTN4/SNX5/STUB1/TSG101,8,0.04299667427938088,GOBP_ERBB_SIGNALING_PATHWAY
REACTOME_TRANSCRIPTION_COUPLED_NUCLEOTIDE_EXCISION_REPAIR_TC_NER,0.016387269588381752,0.043190176627006145,3.859360730593607,4,15,Reactome,5.008962868117798,red,Transcription Coupled Nucleotide Excision Repair Tc Ner,COPS2/COPS4/COPS7A/COPS8,4,0.043190176627006145,REACTOME_TRANSCRIPTION_COUPLED_NUCLEOTIDE_EXCISION_REPAIR_TC_NER
REACTOME_CELLULAR_RESPONSES_TO_MECHANICAL_STIMULI,0.017923567653060326,0.04645191283418135,3.146217986896962,5,23,Reactome,3.839637509850276,red,Cellular Responses To Mechanical Stimuli,GNB1/GNB2/PRKACA/PRKAR1A/PRKAR2A,5,0.04645191283418135,REACTOME_CELLULAR_RESPONSES_TO_MECHANICAL_STIMULI
REACTOME_MITOTIC_PROPHASE,0.017923567653060326,0.04645191283418135,3.146217986896962,5,23,Reactome,3.839637509850276,red,Mitotic Prophase,MAPK1/RAB1A/RAB2A/SET/USO1,5,0.04645191283418135,REACTOME_MITOTIC_PROPHASE
REACTOME_FORMATION_OF_ATP_BY_CHEMIOSMOTIC_COUPLING,2.379960405858383e-17,7.40167686221957e-15,21.80079365079365,13,15,Reactome,185.57042253521126,pink,Formation Of ATP By Chemiosmotic Coupling,ATP5F1A/ATP5F1B/ATP5F1C/ATP5F1D/ATP5F1E/ATP5ME/ATP5MF/ATP5MG/ATP5PB/ATP5PD/ATP5PF/ATP5PO/MT-ATP8,13,7.40167686221957e-15,REACTOME_FORMATION_OF_ATP_BY_CHEMIOSMOTIC_COUPLING
HALLMARK_OXIDATIVE_PHOSPHORYLATION,1.1487065984545884e-13,4.135343754436519e-12,4.676205738705739,29,156,Hallmark,7.89663564781675,pink,OXPHOS,AIFM1/ATP1B1/ATP5F1A/ATP5F1B/ATP5F1C/ATP5F1D/ATP5F1E/ATP5ME/ATP5MF/ATP5MG/ATP5PB/ATP5PD/ATP5PF/ATP5PO/DLAT/DLD/HSD17B10/LRPPRC/MFN2/MPC1/MRPS15/NDUFA4/OGDH/PDHA1/PDHB/PDHX/SDHD/SLC25A3/SLC25A5,29,4.135343754436519e-12,HALLMARK_OXIDATIVE_PHOSPHORYLATION
REACTOME_MITOCHONDRIAL_BIOGENESIS,1.1497987379532901e-11,1.1919580250115775e-9,8.983843537414966,15,42,Reactome,16.11916264090177,pink,Mitochondrial Biogenesis,ATP5F1A/ATP5F1B/ATP5F1C/ATP5F1D/ATP5F1E/ATP5ME/ATP5MF/ATP5MG/ATP5PB/ATP5PD/ATP5PF/ATP5PO/MT-ATP8/MTX1/SSBP1,15,1.1919580250115775e-9,REACTOME_MITOCHONDRIAL_BIOGENESIS
REACTOME_AEROBIC_RESPIRATION_AND_RESPIRATORY_ELECTRON_TRANSPORT,1.9488688799487928e-11,1.5152455541601863e-9,4.166739702015776,27,163,Reactome,6.593266253869969,pink,Aerobic Respiration And Respiratory Electron Transport,ATP5F1A/ATP5F1B/ATP5F1C/ATP5F1D/ATP5F1E/ATP5ME/ATP5MF/ATP5MG/ATP5PB/ATP5PD/ATP5PF/ATP5PO/COQ10B/DLAT/DLD/ME2/MPC1/MPC2/MT-ATP8/NDUFA4/NFS1/OGDH/PDHA1/PDHB/PDHX/SCO1/SDHD,27,1.5152455541601863e-9,REACTOME_AEROBIC_RESPIRATION_AND_RESPIRATORY_ELECTRON_TRANSPORT
REACTOME_MITOCHONDRIAL_TRANSLATION,5.394433577874154e-10,3.355337685437724e-8,9.73732718894009,12,31,Reactome,17.63157894736842,pink,Mitochondrial Translation,MRPL1/MRPL13/MRPL21/MRPL50/MRPL54/MRPS15/MRPS18A/MRPS18B/MRPS21/MRPS25/MRPS5/PTCD3,12,3.355337685437724e-8,REACTOME_MITOCHONDRIAL_TRANSLATION
GOBP_MITOCHONDRIAL_GENE_EXPRESSION,7.477879652700206e-11,7.433012374784004e-8,8.028115501519757,15,47,GO:BP,13.566576086956522,pink,Mitochondrial Gene Expression,C1QBP/HSD17B10/LRPPRC/MRPL1/MRPL13/MRPL21/MRPL50/MRPL54/MRPS15/MRPS18A/MRPS18B/MRPS21/MRPS25/MRPS5/PTCD3,15,7.433012374784004e-8,GOBP_MITOCHONDRIAL_GENE_EXPRESSION
GOBP_PURINE_CONTAINING_COMPOUND_BIOSYNTHETIC_PROCESS,3.2985089185787624e-9,1.09290595502243e-6,4.294715447154472,21,123,GO:BP,6.2973856209150325,pink,Purine Containing Compound Biosynthetic Process,ATP5F1A/ATP5F1B/ATP5F1C/ATP5F1D/ATP5F1E/ATP5ME/ATP5MF/ATP5MG/ATP5PB/ATP5PD/ATP5PF/ATP5PO/DLAT/DLD/MPC2/MT-ATP8/PDHA1/PDHB/PDHX/SDHD/TMSB4X,21,1.09290595502243e-6,GOBP_PURINE_CONTAINING_COMPOUND_BIOSYNTHETIC_PROCESS
GOBP_AEROBIC_RESPIRATION,9.452062591501281e-9,1.9875529022878107e-6,4.063461538461539,21,130,GO:BP,5.871559633027523,pink,Aerobic Respiration,ATP5F1A/ATP5F1B/ATP5F1C/ATP5F1D/ATP5F1E/ATP5ME/ATP5MF/ATP5MG/ATP5PB/ATP5PD/ATP5PF/ATP5PO/DLAT/DLD/MFN2/MT-ATP8/NDUFA4/OGDH/PDHA1/PDHB/SDHD,21,1.9875529022878107e-6,GOBP_AEROBIC_RESPIRATION
GOBP_ATP_METABOLIC_PROCESS,1.771611927535777e-8,2.443451889381034e-6,4.123731459797034,20,122,GO:BP,5.903799019607843,pink,ATP Metabolic Process,ATP1B1/ATP5F1A/ATP5F1B/ATP5F1C/ATP5F1D/ATP5F1E/ATP5ME/ATP5MF/ATP5MG/ATP5PB/ATP5PD/ATP5PF/ATP5PO/FIS1/MT-ATP8/OGDH/PFKFB2/SDHD/TMSB4X/TSPO,20,2.443451889381034e-6,GOBP_ATP_METABOLIC_PROCESS
GOBP_PROTON_TRANSMEMBRANE_TRANSPORT,1.9665608767654197e-8,2.443451889381034e-6,4.859442640692641,17,88,GO:BP,6.997267185200757,pink,Proton Transmembrane Transport,ATP1B1/ATP5F1A/ATP5F1B/ATP5F1C/ATP5F1D/ATP5F1E/ATP5ME/ATP5MF/ATP5MG/ATP5PB/ATP5PD/ATP5PF/ATP5PO/MT-ATP8/NDUFA4/SLC25A3/SLC25A5,17,2.443451889381034e-6,GOBP_PROTON_TRANSMEMBRANE_TRANSPORT
GOBP_PROTON_MOTIVE_FORCE_DRIVEN_ATP_SYNTHESIS,3.276187535697093e-8,3.618367122758789e-6,5.8694444444444445,14,60,GO:BP,8.621739130434783,pink,Proton Motive Force Driven ATP Synthesis,ATP5F1A/ATP5F1B/ATP5F1C/ATP5F1D/ATP5F1E/ATP5ME/ATP5MF/ATP5MG/ATP5PB/ATP5PD/ATP5PF/ATP5PO/MT-ATP8/SDHD,14,3.618367122758789e-6,GOBP_PROTON_MOTIVE_FORCE_DRIVEN_ATP_SYNTHESIS
REACTOME_MITOCHONDRIAL_PROTEIN_DEGRADATION,1.124553187416539e-7,5.828934021442394e-6,4.964755639097744,15,76,Reactome,7.013542409123307,pink,Mitochondrial Protein Degradation,ATP5F1A/ATP5F1B/ATP5F1C/ATP5MG/ATP5PD/ATP5PF/ATP5PO/DLD/HSD17B10/ME2/OGDH/PDHA1/PDHB/SLC25A5/SSBP1,15,5.828934021442394e-6,REACTOME_MITOCHONDRIAL_PROTEIN_DEGRADATION
REACTOME_ORGANELLE_BIOGENESIS_AND_MAINTENANCE,1.352745096655839e-7,6.010053215142371e-6,4.900278293135436,15,77,Reactome,6.896914446002805,pink,Organelle Biogenesis And Maintenance,ATP5F1A/ATP5F1B/ATP5F1C/ATP5F1D/ATP5F1E/ATP5ME/ATP5MF/ATP5MG/ATP5PB/ATP5PD/ATP5PF/ATP5PO/MT-ATP8/MTX1/SSBP1,15,6.010053215142371e-6,REACTOME_ORGANELLE_BIOGENESIS_AND_MAINTENANCE
REACTOME_PYRUVATE_METABOLISM,1.9562849176333664e-6,7.605057617299712e-5,8.384920634920634,8,24,Reactome,13.243421052631579,pink,Pyruvate Metabolism,DLAT/DLD/ME2/MPC1/MPC2/PDHA1/PDHB/PDHX,8,7.605057617299712e-5,REACTOME_PYRUVATE_METABOLISM
GOBP_GENERATION_OF_PRECURSOR_METABOLITES_AND_ENERGY,7.598298598745277e-6,3.9751098985014766e-4,2.6061239811239814,23,222,GO:BP,3.4673366834170856,pink,Generation Of Precursor Metabolites And Energy,ATP5F1A/ATP5F1B/ATP5F1C/ATP5F1D/ATP5F1E/ATP5ME/ATP5MF/ATP5MG/ATP5PB/ATP5PD/ATP5PF/ATP5PO/COQ10B/DLAT/DLD/MFN2/MT-ATP8/NDUFA4/OGDH/PDHA1/PDHB/PFKFB2/SDHD,23,3.9751098985014766e-4,GOBP_GENERATION_OF_PRECURSOR_METABOLITES_AND_ENERGY
GOBP_ACETYL_COA_METABOLIC_PROCESS,1.2404378956133977e-5,6.164976341198586e-4,10.061904761904762,6,15,GO:BP,17.264957264957264,pink,Acetyl Coa Metabolic Process,DLAT/DLD/MPC2/PDHA1/PDHB/PDHX,6,6.164976341198586e-4,GOBP_ACETYL_COA_METABOLIC_PROCESS
GOBP_NUCLEOTIDE_METABOLIC_PROCESS,1.860948738549888e-5,8.808490695802804e-4,2.6281094527363185,21,201,GO:BP,3.424074074074074,pink,Nucleotide Metabolic Process,ATP1B1/ATP5F1A/ATP5F1B/ATP5F1C/ATP5F1D/ATP5F1E/ATP5ME/ATP5MF/ATP5MG/ATP5PB/ATP5PD/ATP5PF/ATP5PO/FIS1/ME2/MT-ATP8/OGDH/PFKFB2/SDHD/TMSB4X/TSPO,21,8.808490695802804e-4,GOBP_NUCLEOTIDE_METABOLIC_PROCESS
GOBP_MITOCHONDRION_ORGANIZATION,3.7058585825339326e-5,0.0016743742868357858,2.909054097829608,17,147,GO:BP,3.7064293915040185,pink,Mitochondrion Organization,AGK/AIFM1/ATP5F1D/CLUH/ENDOG/FAM162A/FIS1/HSD17B10/MFN2/MTX1/OPA3/ROMO1/SCO1/SLC25A5/SLIRP/SSBP1/TMEM70,17,0.0016743742868357858,GOBP_MITOCHONDRION_ORGANIZATION
GOBP_ACYL_COA_METABOLIC_PROCESS,4.373497150120577e-5,0.0018901113770521101,5.7496598639455785,8,35,GO:BP,7.8050682261208575,pink,Acyl Coa Metabolic Process,DLAT/DLD/MPC2/NUDT19/OGDH/PDHA1/PDHB/PDHX,8,0.0018901113770521101,GOBP_ACYL_COA_METABOLIC_PROCESS
GOBP_PYRUVATE_METABOLIC_PROCESS,1.7048146066923518e-4,0.00677834287620879,4.271563342318059,9,53,GO:BP,5.413636363636364,pink,Pyruvate Metabolic Process,DLAT/DLD/ME2/MPC2/OGDH/PDHA1/PDHB/PDHX/PFKFB2,9,0.00677834287620879,GOBP_PYRUVATE_METABOLIC_PROCESS
GOBP_AMIDE_BIOSYNTHETIC_PROCESS,6.677805405102404e-4,0.025529763741045347,4.514957264957265,7,39,GO:BP,5.673295454545454,pink,Amide Biosynthetic Process,AGK/DLAT/DLD/MPC2/PDHA1/PDHB/PDHX,7,0.025529763741045347,GOBP_AMIDE_BIOSYNTHETIC_PROCESS
REACTOME_TRANSLATION_OF_SARS_COV_2_STRUCTURAL_PROTEINS,1.354880302420758e-4,0.042136777405285576,9.02991452991453,5,15,Reactome,13.86986301369863,magenta,Translation Of Sars Cov 2 Structural Proteins,DDOST/PRMT1/RPN2/RPS27A/STT3A,5,0.042136777405285576,REACTOME_TRANSLATION_OF_SARS_COV_2_STRUCTURAL_PROTEINS
KEGG_MEDICUS_REFERENCE_26S_PROTEASOME_MEDIATED_PROTEIN_DEGRADATION,0.00723672319316899,0.04306588375309929,3.9837858220211153,5,34,KEGG,4.737836561171469,magenta,Reference 26s Proteasome Mediated Protein Degradation,PSMD12/PSMD14/PSMD3/PSMD6/RPS27A,5,0.04306588375309929,KEGG_MEDICUS_REFERENCE_26S_PROTEASOME_MEDIATED_PROTEIN_DEGRADATION
REACTOME_ACTIVATION_OF_THE_MRNA_UPON_BINDING_OF_THE_CAP_BINDING_COMPLEX_AND_EIFS_AND_SUBSEQUENT_BINDING_TO_43S,1.9944448065550163e-30,6.2027233483861005e-28,16.352681039248203,28,54,Reactome,55.77909270216963,purple,Activation Of The Mrna Upon Binding Of The Cap Binding Complex And Eifs And Subsequent Binding To 43s,EIF1AX/EIF3A/EIF3B/EIF3D/EIF3F/EIF3G/EIF3I/EIF3L/RPS12/RPS13/RPS14/RPS15/RPS16/RPS17/RPS18/RPS19/RPS20/RPS21/RPS25/RPS28/RPS3/RPS3A/RPS4X/RPS5/RPS6/RPS8/RPS9/RPSA,28,6.2027233483861005e-28,REACTOME_ACTIVATION_OF_THE_MRNA_UPON_BINDING_OF_THE_CAP_BINDING_COMPLEX_AND_EIFS_AND_SUBSEQUENT_BINDING_TO_43S
REACTOME_EUKARYOTIC_TRANSLATION_INITIATION,2.104210985046716e-25,3.272048081747643e-23,9.776567164179104,31,100,Reactome,24.67270531400966,purple,Eukaryotic Translation Initiation,EIF1AX/EIF2B3/EIF3A/EIF3B/EIF3D/EIF3F/EIF3G/EIF3I/EIF3L/RPL22/RPL23/RPS12/RPS13/RPS14/RPS15/RPS16/RPS17/RPS18/RPS19/RPS20/RPS21/RPS25/RPS28/RPS3/RPS3A/RPS4X/RPS5/RPS6/RPS8/RPS9/RPSA,31,3.272048081747643e-23,REACTOME_EUKARYOTIC_TRANSLATION_INITIATION
REACTOME_SARS_COV_2_MODULATES_HOST_TRANSLATION_MACHINERY,8.535984953626253e-24,6.636728301444411e-22,19.710820895522385,20,32,Reactome,72.12765957446808,purple,Sars Cov 2 Modulates Host Translation Machinery,RPS12/RPS13/RPS14/RPS15/RPS16/RPS17/RPS18/RPS19/RPS20/RPS21/RPS25/RPS28/RPS3/RPS3A/RPS4X/RPS5/RPS6/RPS8/RPS9/RPSA,20,6.636728301444411e-22,REACTOME_SARS_COV_2_MODULATES_HOST_TRANSLATION_MACHINERY
GOBP_CYTOPLASMIC_TRANSLATION,6.257420244138283e-23,5.472740647269773e-20,8.285226410321275,31,118,GO:BP,19.38984674329502,purple,Cytoplasmic Translation,EIF2B3/EIF3A/EIF3B/EIF3D/EIF3F/EIF3G/EIF3I/EIF3L/RACK1/RPL22/RPL23/RPS12/RPS13/RPS14/RPS15/RPS16/RPS17/RPS18/RPS19/RPS20/RPS21/RPS25/RPS28/RPS3/RPS3A/RPS4X/RPS5/RPS6/RPS8/RPS9/RPSA,31,5.472740647269773e-20,GOBP_CYTOPLASMIC_TRANSLATION
GOBP_RIBONUCLEOPROTEIN_COMPLEX_BIOGENESIS,1.1011550598128314e-22,5.472740647269773e-20,9.145820895522387,29,100,GO:BP,21.228687916975538,purple,Ribonucleoprotein Complex Biogenesis,ABCF1/DDX3X/EIF1AX/EIF2A/EIF3A/EIF3B/EIF3D/EIF3F/EIF3G/EIF3I/EIF3L/RPS12/RPS13/RPS14/RPS15/RPS16/RPS17/RPS19/RPS21/RPS25/RPS28/RPS3A/RPS4X/RPS5/RPS6/RPS8/RPS9/RPSA/RUVBL2,29,5.472740647269773e-20,GOBP_RIBONUCLEOPROTEIN_COMPLEX_BIOGENESIS
REACTOME_TRANSLATION,2.4436290874752234e-19,1.5199372924095892e-17,5.8468052993459665,33,178,Reactome,12.72474645030426,purple,Translation,EIF1AX/EIF2B3/EIF3A/EIF3B/EIF3D/EIF3F/EIF3G/EIF3I/EIF3L/RPL22/RPL23/RPN1/RPS12/RPS13/RPS14/RPS15/RPS16/RPS17/RPS18/RPS19/RPS20/RPS21/RPS25/RPS28/RPS3/RPS3A/RPS4X/RPS5/RPS6/RPS8/RPS9/RPSA/SRP14,33,1.5199372924095892e-17,REACTOME_TRANSLATION
GOBP_RIBOSOMAL_SMALL_SUBUNIT_BIOGENESIS,3.4116861755390953e-19,1.1304053528286201e-16,17.871144278606966,17,30,GO:BP,53.17076923076923,purple,Ribosomal Small Subunit Biogenesis,RPS12/RPS13/RPS14/RPS15/RPS16/RPS17/RPS19/RPS21/RPS25/RPS28/RPS3A/RPS4X/RPS5/RPS6/RPS8/RPS9/RPSA,17,1.1304053528286201e-16,GOBP_RIBOSOMAL_SMALL_SUBUNIT_BIOGENESIS
REACTOME_SARS_COV_1_HOST_INTERACTIONS,3.0793109044480325e-18,1.368093844690483e-16,12.129735935706083,20,52,Reactome,26.78191489361702,purple,Sars Cov 1 Host Interactions,RPS12/RPS13/RPS14/RPS15/RPS16/RPS17/RPS18/RPS19/RPS20/RPS21/RPS25/RPS28/RPS3/RPS3A/RPS4X/RPS5/RPS6/RPS8/RPS9/RPSA,20,1.368093844690483e-16,REACTOME_SARS_COV_1_HOST_INTERACTIONS
KEGG_MEDICUS_REFERENCE_TRANSLATION_INITIATION,7.581816276338131e-18,1.5921814180310077e-16,9.911727078891259,22,70,KEGG,20.35,purple,Reference Translation Initiation,RPL22/RPL23/RPS12/RPS13/RPS14/RPS15/RPS16/RPS17/RPS18/RPS19/RPS20/RPS21/RPS25/RPS28/RPS3/RPS3A/RPS4X/RPS5/RPS6/RPS8/RPS9/RPSA,22,1.5921814180310077e-16,KEGG_MEDICUS_REFERENCE_TRANSLATION_INITIATION
REACTOME_RRNA_PROCESSING,1.0557367788629603e-16,2.984855802058006e-15,8.895139686184462,22,78,Reactome,17.373015873015873,purple,Rrna Processing,RPL22/RPL23/RPS12/RPS13/RPS14/RPS15/RPS16/RPS17/RPS18/RPS19/RPS20/RPS21/RPS25/RPS28/RPS3/RPS3A/RPS4X/RPS5/RPS6/RPS8/RPS9/RPSA,22,2.984855802058006e-15,REACTOME_RRNA_PROCESSING
REACTOME_SARS_COV_2_HOST_INTERACTIONS,1.2511065037866308e-16,3.2424510223136847e-15,10.340102764864202,20,61,Reactome,20.809548521017124,purple,Sars Cov 2 Host Interactions,RPS12/RPS13/RPS14/RPS15/RPS16/RPS17/RPS18/RPS19/RPS20/RPS21/RPS25/RPS28/RPS3/RPS3A/RPS4X/RPS5/RPS6/RPS8/RPS9/RPSA,20,3.2424510223136847e-15,REACTOME_SARS_COV_2_HOST_INTERACTIONS
REACTOME_CELLULAR_RESPONSE_TO_STARVATION,1.067044724702528e-15,2.3703636384463303e-14,8.067684831655676,22,86,Reactome,15.140277777777778,purple,Cellular Response To Starvation,RPL22/RPL23/RPS12/RPS13/RPS14/RPS15/RPS16/RPS17/RPS18/RPS19/RPS20/RPS21/RPS25/RPS28/RPS3/RPS3A/RPS4X/RPS5/RPS6/RPS8/RPS9/RPSA,22,2.3703636384463303e-14,REACTOME_CELLULAR_RESPONSE_TO_STARVATION
REACTOME_REGULATION_OF_EXPRESSION_OF_SLITS_AND_ROBOS,3.7950424489318174e-14,7.868388010785301e-13,6.476412579957356,23,112,Reactome,11.494126659856997,purple,Regulation Of Expression Of Slits And Robos,PSMC5/RPL22/RPL23/RPS12/RPS13/RPS14/RPS15/RPS16/RPS17/RPS18/RPS19/RPS20/RPS21/RPS25/RPS28/RPS3/RPS3A/RPS4X/RPS5/RPS6/RPS8/RPS9/RPSA,23,7.868388010785301e-13,REACTOME_REGULATION_OF_EXPRESSION_OF_SLITS_AND_ROBOS
GOBP_TRANSLATIONAL_INITIATION,2.5826011607231787e-12,5.13421110751768e-10,9.010660980810234,16,56,GO:BP,15.733333333333333,purple,Translational Initiation,ABCF1/DDX3X/EIF1AX/EIF2A/EIF2B3/EIF3A/EIF3B/EIF3D/EIF3F/EIF3G/EIF3I/EIF3L/RPS17/RPS3/RPS3A/RPS5,16,5.13421110751768e-10,GOBP_TRANSLATIONAL_INITIATION
REACTOME_METABOLISM_OF_AMINO_ACIDS_AND_DERIVATIVES,1.8965927773329306e-10,3.469649139709067e-9,4.204975124378109,24,180,Reactome,6.762075134168158,purple,Metabolism Of Amino Acids And Derivatives,EEFSEC/PSMC5/RPL22/RPL23/RPS12/RPS13/RPS14/RPS15/RPS16/RPS17/RPS18/RPS19/RPS20/RPS21/RPS25/RPS28/RPS3/RPS3A/RPS4X/RPS5/RPS6/RPS8/RPS9/RPSA,24,3.469649139709067e-9,REACTOME_METABOLISM_OF_AMINO_ACIDS_AND_DERIVATIVES
GOBP_PROTEIN_RNA_COMPLEX_ORGANIZATION,1.9423370586694507e-10,3.2178050605290566e-8,7.629995185363505,15,62,GO:BP,12.268821603927988,purple,Protein RNA Complex Organization,EIF3A/EIF3B/EIF3D/EIF3F/EIF3G/EIF3I/EIF3L/RPS14/RPS15/RPS19/RPS28/RPS5/RPS6/RPSA/RUVBL2,15,3.2178050605290566e-8,GOBP_PROTEIN_RNA_COMPLEX_ORGANIZATION
GOBP_RIBOSOME_ASSEMBLY,2.482894076060653e-10,3.525709588006127e-8,14.335142469470826,10,22,GO:BP,29.736842105263158,purple,Ribosome Assembly,DDX3X/EIF1AX/EIF2A/RPS14/RPS15/RPS19/RPS28/RPS5/RPS6/RPSA,10,3.525709588006127e-8,GOBP_RIBOSOME_ASSEMBLY
GOBP_RRNA_PROCESSING,1.9283655229994017e-8,2.3959941623267567e-6,9.855410447761193,10,32,GO:BP,16.140350877192983,purple,Rrna Processing,RPS14/RPS15/RPS16/RPS17/RPS19/RPS21/RPS25/RPS28/RPS6/RPS8,10,2.3959941623267567e-6,GOBP_RRNA_PROCESSING
GOBP_CYTOPLASMIC_TRANSLATIONAL_INITIATION,2.251965609968033e-6,2.238453816308225e-4,8.40995024875622,8,30,GO:BP,12.474576271186441,purple,Cytoplasmic Translational Initiation,EIF2B3/EIF3A/EIF3B/EIF3D/EIF3F/EIF3G/EIF3I/EIF3L,8,2.238453816308225e-4,GOBP_CYTOPLASMIC_TRANSLATIONAL_INITIATION
REACTOME_SIGNALING_BY_BRAF_AND_RAF1_FUSIONS,8.938393169589925e-5,0.0015443557087458147,7.568955223880597,6,25,Reactome,10.493528904227782,purple,Signaling By Braf And Raf1 Fusions,CAMK2A/CAMK2B/CAMK2D/CAMK2G/FXR1/SND1,6,0.0015443557087458147,REACTOME_SIGNALING_BY_BRAF_AND_RAF1_FUSIONS
GOBP_VIRAL_GENE_EXPRESSION,3.0276145987845327e-5,0.002735862646538023,9.010660980810233,6,21,GO:BP,13.318032786885245,purple,Viral Gene Expression,EIF3A/EIF3B/EIF3D/EIF3F/EIF3G/EIF3L,6,0.002735862646538023,GOBP_VIRAL_GENE_EXPRESSION
GOBP_REGULATION_OF_TRANSLATION,6.620619003304633e-5,0.005484079407737337,3.6389207807118256,12,104,GO:BP,4.63399209486166,purple,Regulation Of Translation,ABCF1/DDX3X/EEFSEC/EIF2A/EIF3B/FXR1/RACK1/RPS14/RPS3/RPS4X/RPS9/SERBP1,12,0.005484079407737337,GOBP_REGULATION_OF_TRANSLATION
REACTOME_ION_HOMEOSTASIS,7.343673244413201e-4,0.011419411895062528,6.570273631840796,5,24,Reactome,8.603565365025467,purple,Ion Homeostasis,CAMK2A/CAMK2B/CAMK2D/CAMK2G/STIM1,5,0.011419411895062528,REACTOME_ION_HOMEOSTASIS
GOBP_MEMBRANELESS_ORGANELLE_ASSEMBLY,1.6458455961253376e-4,0.01258438863498912,3.319717203456402,12,114,GO:BP,4.158288770053476,purple,Membraneless Organelle Assembly,DDX3X/EIF1AX/EIF2A/FXR1/RPS14/RPS15/RPS19/RPS28/RPS3/RPS5/RPS6/RPSA,12,0.01258438863498912,GOBP_MEMBRANELESS_ORGANELLE_ASSEMBLY
REACTOME_CARDIAC_CONDUCTION,8.956131726276738e-4,0.013263604604152695,6.307462686567163,5,25,Reactome,8.169354838709678,purple,Cardiac Conduction,CAMK2A/CAMK2B/CAMK2D/CAMK2G/STIM1,5,0.013263604604152695,REACTOME_CARDIAC_CONDUCTION
REACTOME_INTERFERON_GAMMA_SIGNALING,9.689675480786491e-4,0.01369767761147545,8.40995024875622,4,15,Reactome,11.746031746031745,purple,Interferon Gamma Signaling,CAMK2A/CAMK2B/CAMK2D/CAMK2G,4,0.01369767761147545,REACTOME_INTERFERON_GAMMA_SIGNALING
REACTOME_HSF1_DEPENDENT_TRANSACTIVATION,0.0016103006126536627,0.020866812105637046,7.42054433713784,4,17,Reactome,9.92918192918193,purple,Hsf1 Dependent Transactivation,CAMK2A/CAMK2B/CAMK2D/CAMK2G,4,0.020866812105637046,REACTOME_HSF1_DEPENDENT_TRANSACTIVATION
REACTOME_ION_TRANSPORT_BY_P_TYPE_ATPASES,0.0016103006126536627,0.020866812105637046,7.42054433713784,4,17,Reactome,9.92918192918193,purple,Ion Transport By P Type Atpases,CAMK2A/CAMK2B/CAMK2D/CAMK2G,4,0.020866812105637046,REACTOME_ION_TRANSPORT_BY_P_TYPE_ATPASES
GOBP_POSITIVE_REGULATION_OF_SYNAPTIC_TRANSMISSION,2.956530627621082e-4,0.020991367456109685,7.884328358208955,5,20,GO:BP,10.919354838709678,purple,Positive Regulation Of Synaptic Transmission,CAMK2A/CAMK2B/CAMK2D/CAMK2G/FXR1,5,0.020991367456109685,GOBP_POSITIVE_REGULATION_OF_SYNAPTIC_TRANSMISSION
REACTOME_NEUROTRANSMITTER_RECEPTORS_AND_POSTSYNAPTIC_SIGNAL_TRANSMISSION,0.003286148081670828,0.039307386669216446,4.778380823156942,5,33,Reactome,5.81221198156682,purple,Neurotransmitter Receptors And Postsynaptic Signal Transmission,CAMK2A/CAMK2B/CAMK2D/CAMK2G/MYO6,5,0.039307386669216446,REACTOME_NEUROTRANSMITTER_RECEPTORS_AND_POSTSYNAPTIC_SIGNAL_TRANSMISSION
REACTOME_OPIOID_SIGNALLING,0.0036795339684437323,0.04238278015503707,6.007107320540156,4,21,Reactome,7.5779645191409895,purple,Opioid Signalling,CAMK2A/CAMK2B/CAMK2D/CAMK2G,4,0.04238278015503707,REACTOME_OPIOID_SIGNALLING
KEGG_MEDICUS_REFERENCE_GLYCOLYSIS,1.4830654115899058e-9,3.114437364338802e-8,8.804166666666667,11,16,KEGG,27.757142857142856,yellow,Reference Glycolysis,ALDOA/ENO2/ENO3/GAPDH/GPI/LDHA/PFKL/PFKM/PGAM2/PGK1/PKM,11,3.114437364338802e-8,KEGG_MEDICUS_REFERENCE_GLYCOLYSIS
GOBP_MONOSACCHARIDE_CATABOLIC_PROCESS,2.2145126809332948e-8,2.0988485890830893e-5,6.681422924901185,12,23,GO:BP,13.811051693404634,yellow,Monosaccharide Catabolic Process,ENO2/ENO3/GPI/LDHA/PFKL/PFKM/PGAM2/PGK1/PGM1/PKM/RBKS/TPI1,12,2.0988485890830893e-5,GOBP_MONOSACCHARIDE_CATABOLIC_PROCESS
GOBP_CARBOHYDRATE_CATABOLIC_PROCESS,7.361972984423359e-8,2.0988485890830893e-5,4.1162337662337665,18,56,GO:BP,6.154672395273899,yellow,Carbohydrate Catabolic Process,AGL/ALDOA/ENO2/ENO3/GAPDH/GPD1/GPD2/GPI/LDHA/PFKL/PFKM/PGAM2/PGK1/PGM1/PKM/RBKS/SCARB2/TPI1,18,2.0988485890830893e-5,GOBP_CARBOHYDRATE_CATABOLIC_PROCESS
GOBP_PYRIDINE_CONTAINING_COMPOUND_METABOLIC_PROCESS,8.446070781018469e-8,2.0988485890830893e-5,3.5856969696969694,21,75,GO:BP,5.114969135802469,yellow,Pyridine Containing Compound Metabolic Process,ALDOA/CD38/ENO2/ENO3/GAPDH/GPD1/GPD2/GPI/H6PD/IDH1/LDHA/ME1/PFKL/PFKM/PGAM2/PGK1/PGM1/PKM/PLPBP/RBKS/TPI1,21,2.0988485890830893e-5,GOBP_PYRIDINE_CONTAINING_COMPOUND_METABOLIC_PROCESS
GOBP_NADH_METABOLIC_PROCESS,1.2838198494922402e-7,2.5522338607905736e-5,5.91048951048951,12,26,GO:BP,10.834733893557424,yellow,NADH Metabolic Process,ENO2/ENO3/GPD1/GPD2/GPI/ME1/PFKL/PFKM/PGAM2/PGK1/PKM/TPI1,12,2.5522338607905736e-5,GOBP_NADH_METABOLIC_PROCESS
GOBP_NUCLEOSIDE_DIPHOSPHATE_METABOLIC_PROCESS,7.916139816078735e-7,9.835803721477828e-5,4.175889328063241,15,46,GO:BP,6.183870967741935,yellow,Nucleoside Diphosphate Metabolic Process,AK1/ALDOA/ENO2/ENO3/GAPDH/GPD1/GPI/LDHA/PFKL/PFKM/PGAM2/PGK1/PGM1/PKM/TPI1,15,9.835803721477828e-5,GOBP_NUCLEOSIDE_DIPHOSPHATE_METABOLIC_PROCESS
REACTOME_GLUCOSE_METABOLISM,3.5187783212398e-7,1.0943400579055778e-4,5.488311688311688,12,28,Reactome,9.470588235294118,yellow,Glucose Metabolism,ALDOA/ENO2/ENO3/GAPDH/GNPDA1/GPI/PFKL/PFKM/PGAM2/PGK1/PKM/TPI1,12,1.0943400579055778e-4,REACTOME_GLUCOSE_METABOLISM
GOBP_GLYCOLYTIC_PROCESS_THROUGH_FRUCTOSE_6_PHOSPHATE,1.231283671168541e-6,1.22389596914153e-4,6.7796791443850255,9,17,GO:BP,13.990384615384615,yellow,Glycolytic Process Through Fructose 6 Phosphate,ENO2/ENO3/GPI/PFKL/PFKM/PGAM2/PGK1/PKM/TPI1,9,1.22389596914153e-4,GOBP_GLYCOLYTIC_PROCESS_THROUGH_FRUCTOSE_6_PHOSPHATE
GOBP_CARBOHYDRATE_DERIVATIVE_CATABOLIC_PROCESS,1.7239091379542613e-6,1.4279714026054464e-4,3.5689021361152506,17,61,GO:BP,4.9705159705159705,yellow,Carbohydrate Derivative Catabolic Process,ALDOA/ENO2/ENO3/GAPDH/GNPDA1/GPD1/GPI/HINT1/LDHA/PFKL/PFKM/PGAM2/PGK1/PGM1/PKM/SCARB2/TPI1,17,1.4279714026054464e-4,GOBP_CARBOHYDRATE_DERIVATIVE_CATABOLIC_PROCESS
HALLMARK_GLYCOLYSIS,1.660010333309959e-5,5.976037199915853e-4,3.2015151515151516,16,64,Hallmark,4.250559284116331,yellow,Glycolysis,AGL/ALDH9A1/ALDOA/ENO2/GNPDA1/IDH1/LDHA/ME1/PGAM2/PGK1/PKM/SLC16A3/SOD1/TPI1/TXN/VCAN,16,5.976037199915853e-4,HALLMARK_GLYCOLYSIS
REACTOME_GLUCONEOGENESIS,4.6980600999641956e-6,7.305483455444324e-4,6.82989898989899,8,15,Reactome,14.129208371246587,yellow,Gluconeogenesis,ALDOA/ENO2/ENO3/GAPDH/GPI/PGAM2/PGK1/TPI1,8,7.305483455444324e-4,REACTOME_GLUCONEOGENESIS
REACTOME_METABOLISM_OF_CARBOHYDRATES_AND_CARBOHYDRATE_DERIVATIVES,8.866521439420801e-6,9.191627225532897e-4,3.201515151515151,17,68,Reactome,4.2725225225225225,yellow,Metabolism Of Carbohydrates And Carbohydrate Derivatives,AGL/AKR1B1/ALDOA/ENO2/ENO3/GAPDH/GNPDA1/GPI/PFKL/PFKM/PGAM2/PGK1/PGM1/PKM/RBKS/TPI1/VCAN,17,9.191627225532897e-4,REACTOME_METABOLISM_OF_CARBOHYDRATES_AND_CARBOHYDRATE_DERIVATIVES
GOBP_MONOSACCHARIDE_METABOLIC_PROCESS,1.3169020621525413e-5,9.350004641283043e-4,2.9936245572609206,18,77,GO:BP,3.9204427533725354,yellow,Monosaccharide Metabolic Process,AKR1B1/ALDOA/ENO2/ENO3/GAPDH/GPD1/GPD2/GPI/H6PD/LDHA/PFKL/PFKM/PGAM2/PGK1/PGM1/PKM/RBKS/TPI1,18,9.350004641283043e-4,GOBP_MONOSACCHARIDE_METABOLIC_PROCESS
GOBP_ORGANOPHOSPHATE_CATABOLIC_PROCESS,2.053794594612324e-5,0.0012759198919029063,3.1522610722610724,16,65,GO:BP,4.161621695658129,yellow,Organophosphate Catabolic Process,ALDOA/ENO2/ENO3/GAPDH/GPD1/GPI/HINT1/IDH1/LDHA/PFKL/PFKM/PGAM2/PGK1/PGM1/PKM/TPI1,16,0.0012759198919029063,GOBP_ORGANOPHOSPHATE_CATABOLIC_PROCESS
GOBP_SMALL_MOLECULE_CATABOLIC_PROCESS,6.151397494206045e-5,0.0033969383940226716,2.337614237614238,23,126,GO:BP,2.9013400793108164,yellow,Small Molecule Catabolic Process,ADH5/ATP2B4/DDAH1/ENO2/ENO3/GNPDA1/GPD2/GPI/KYAT1/KYAT3/LDHA/PARK7/PFKL/PFKM/PGAM2/PGK1/PGM1/PKM/QDPR/RBKS/SHMT1/SLC16A3/TPI1,23,0.0033969383940226716,GOBP_SMALL_MOLECULE_CATABOLIC_PROCESS
GOBP_MONOSACCHARIDE_BIOSYNTHETIC_PROCESS,1.229449924423577e-4,0.006431964341458082,3.8806244260789717,10,33,GO:BP,5.399719495091164,yellow,Monosaccharide Biosynthetic Process,AKR1B1/ENO2/ENO3/GPD1/GPD2/GPI/PGAM2/PGK1/PGM1/TPI1,10,0.006431964341458082,GOBP_MONOSACCHARIDE_BIOSYNTHETIC_PROCESS
HALLMARK_HYPOXIA,0.0012850856453994544,0.02313154161719018,2.6495297805642632,12,58,Hallmark,3.2429667519181584,yellow,Hypoxia,ALDOA/DTNA/ENO2/ENO3/GAPDH/GPI/LDHA/PFKL/PGAM2/PGK1/PGM1/TPI1,12,0.02313154161719018,HALLMARK_HYPOXIA
HALLMARK_MTORC1_SIGNALING,0.0020753397307830363,0.024904076769396436,2.233615221987315,15,86,Hallmark,2.6436619718309857,yellow,mTORC1 Signaling,ALDOA/GAPDH/GPI/IDH1/LDHA/LTA4H/ME1/PFKL/PGK1/PGM1/PRDX1/QDPR/TPI1/TXNRD1/UCHL5,15,0.024904076769396436,HALLMARK_MTORC1_SIGNALING
GOBP_NUCLEOTIDE_METABOLIC_PROCESS,5.363060291397551e-4,0.02570729091749912,1.8476405849540176,29,201,GO:BP,2.2017783857729136,yellow,Nucleotide Metabolic Process,ADSL/ADSS1/AK1/ALDOA/CD38/ENO2/ENO3/GAPDH/GPD1/GPD2/GPI/H6PD/HINT1/IDH1/LDHA/ME1/NT5C3A/OLA1/PARK7/PFKL/PFKM/PGAM2/PGK1/PGM1/PKM/PUDP/RBKS/SHMT1/TPI1,29,0.02570729091749912,GOBP_NUCLEOTIDE_METABOLIC_PROCESS
GOBP_CALCIUM_ION_TRANSPORT,5.431117799471645e-4,0.02570729091749912,2.527511961722488,15,76,GO:BP,3.09344262295082,yellow,Calcium Ion Transport,ANXA6/ATP2A3/ATP2B4/CACNA2D1/CACNB1/CACNB3/CACNG1/CUL5/MYLK/PPP3CA/PPP3CB/PPP3R1/RYR1/STAC3/UBQLN1,15,0.02570729091749912,GOBP_CALCIUM_ION_TRANSPORT
