gene,n_miss,pct_miss,mean_intensity,mnar_cluster,classification,imputation_reliable,group_miss_pval
MMP24OS,25,40.32258064516129,16.322754638061575,1,MNAR,TRUE,4.997501249375312e-4
ESYT2,18,29.03225806451613,17.09806079638167,1,MNAR,TRUE,4.997501249375312e-4
ILVBL,17,27.419354838709676,17.001980863558746,1,MNAR,TRUE,0.0734632683658171
FSD2,6,9.67741935483871,17.976770440275736,0,MAR,TRUE,NA
TARS3,22,35.483870967741936,15.490947457801061,1,MNAR,TRUE,4.997501249375312e-4
VWA8,34,54.83870967741935,21.47383309660273,1,MNAR,FALSE,4.997501249375312e-4
CARNS1,9,14.516129032258066,20.226615045547863,0,MAR,TRUE,NA
MAP1LC3B2,31,50,20.71353764221978,1,MNAR,FALSE,4.997501249375312e-4
PGP,0,0,23.015437078017477,NA,Complete,TRUE,NA
DHRS7C,0,0,21.642367226717024,NA,Complete,TRUE,NA
SMTNL1,0,0,23.416071097843005,NA,Complete,TRUE,NA
NUDT19,20,32.25806451612903,17.09791443790331,1,MNAR,TRUE,0.2943528235882059
NACA,0,0,23.676872986175763,NA,Complete,TRUE,NA
SLC35A4,10,16.129032258064516,18.642132469735323,0,MAR,TRUE,NA
PDLIM1,0,0,22.355881620964436,NA,Complete,TRUE,NA
MYO1C,12,19.35483870967742,18.516876203874236,0,MAR,TRUE,NA
FXYD1,6,9.67741935483871,19.839706011679205,0,MAR,TRUE,NA
STXBP3,10,16.129032258064516,18.288080753147845,0,MAR,TRUE,NA
NDUFS8,0,0,22.652322578046167,NA,Complete,TRUE,NA
PSMD11,0,0,21.814455198942156,NA,Complete,TRUE,NA
PSMD12,0,0,20.540032434070294,NA,Complete,TRUE,NA
PSMD9,0,0,18.066214507340916,NA,Complete,TRUE,NA
PGRMC1,30,48.38709677419355,18.919726629368466,1,MNAR,TRUE,0.248375812093953
CLIC1,1,1.6129032258064515,19.361113511648,0,MAR,TRUE,NA
EIF3F,0,0,19.648482229798645,NA,Complete,TRUE,NA
PDHX,0,0,23.42327342819488,NA,Complete,TRUE,NA
DCTN6,33,53.2258064516129,15.851338852853868,1,MNAR,FALSE,0.06196901549225387
IPO5,0,0,21.66446742487049,NA,Complete,TRUE,NA
EEF2K,12,19.35483870967742,16.354842732178202,1,MNAR,TRUE,0.018490754622688656
EML1,0,0,20.485682844770555,NA,Complete,TRUE,NA
DNM1L,0,0,20.235663017299274,NA,Complete,TRUE,NA
RTCA,0,0,20.818312226148507,NA,Complete,TRUE,NA
NDUFA4,0,0,26.116559230226343,NA,Complete,TRUE,NA
PSMD14,0,0,20.663527261759103,NA,Complete,TRUE,NA
BIN1,0,0,26.342846290919518,NA,Complete,TRUE,NA
KPNA3,1,1.6129032258064515,21.01352671343133,0,MAR,TRUE,NA
DDX3X,0,0,19.580336155500508,NA,Complete,TRUE,NA
KPNA4,0,0,22.955674440569005,NA,Complete,TRUE,NA
CES2,10,16.129032258064516,20.52383492903168,0,MAR,TRUE,NA
FBP2,0,0,26.022893436348287,NA,Complete,TRUE,NA
PDXK,1,1.6129032258064515,19.267403648994886,0,MAR,TRUE,NA
SDHD,1,1.6129032258064515,23.240403271339733,0,MAR,TRUE,NA
COX7A2L,29,46.774193548387096,16.514528748686246,1,MNAR,TRUE,0.005997001499250375
GAPDHS,24,38.70967741935484,19.680023293975438,1,MNAR,TRUE,0.06096951524237881
HSPB6,0,0,27.086898533911057,NA,Complete,TRUE,NA
NDUFAB1,0,0,23.440311678779256,NA,Complete,TRUE,NA
IMPA2,0,0,22.349149410802998,NA,Complete,TRUE,NA
PDCD5,0,0,20.86884256294058,NA,Complete,TRUE,NA
PRMT5,1,1.6129032258064515,20.03073803795995,0,MAR,TRUE,NA
PSMA7,0,0,23.64738948420613,NA,Complete,TRUE,NA
OPLAH,4,6.451612903225806,18.9450840106227,0,MAR,TRUE,NA
MGST3,0,0,24.549190789285152,NA,Complete,TRUE,NA
RGS12,3,4.838709677419355,20.53536203173077,0,MAR,TRUE,NA
HAT1,18,29.03225806451613,18.907332099263144,0,MAR,TRUE,NA
UQCRQ,0,0,25.025463031312604,NA,Complete,TRUE,NA
MYL12B,0,0,20.981718339785854,NA,Complete,TRUE,NA
UQCR11,0,0,21.528800713601452,NA,Complete,TRUE,NA
CASQ2,0,0,25.648945580980442,NA,Complete,TRUE,NA
HGS,16,25.806451612903224,16.34969337995917,1,MNAR,TRUE,0.010994502748625687
HNRNPDL,0,0,18.64365148395448,NA,Complete,TRUE,NA
XPO1,2,3.225806451612903,18.79344701236952,0,MAR,TRUE,NA
ATP2A1,0,0,28.305827802846444,NA,Complete,TRUE,NA
SYNJ2,0,0,22.912246699632803,NA,Complete,TRUE,NA
SYNM,0,0,21.19761716386644,NA,Complete,TRUE,NA
ARPC1B,13,20.967741935483872,17.154996493577244,1,MNAR,TRUE,0.02448775612193903
ARPC2,39,62.903225806451616,16.832492238686193,1,MNAR,FALSE,9.995002498750624e-4
PGRMC2,0,0,21.23856878528546,NA,Complete,TRUE,NA
PFDN6,0,0,20.45181575724457,NA,Complete,TRUE,NA
NDUFA1,15,24.193548387096776,20.909117570069856,0,MAR,TRUE,NA
SURF4,2,3.225806451612903,24.398244316094097,0,MAR,TRUE,NA
MAPK13,40,64.51612903225806,19.483422662807016,1,MNAR,FALSE,4.997501249375312e-4
TCAP,0,0,20.98592500794943,NA,Complete,TRUE,NA
PMM2,3,4.838709677419355,17.933872193265117,0,MAR,TRUE,NA
EIF3D,5,8.064516129032258,18.868719232361066,0,MAR,TRUE,NA
EIF3H,14,22.58064516129032,15.830155761995355,1,MNAR,TRUE,0.005997001499250375
BCAT2,1,1.6129032258064515,20.963866483511193,0,MAR,TRUE,NA
STX7,7,11.29032258064516,17.03911379145155,0,MAR,TRUE,NA
SLC16A3,2,3.225806451612903,20.282062128979895,0,MAR,TRUE,NA
YKT6,4,6.451612903225806,19.018965356896967,0,MAR,TRUE,NA
ARPC5,24,38.70967741935484,17.791085367261783,1,MNAR,TRUE,0.09995002498750624
TAPBP,34,54.83870967741935,15.367643317822694,1,MNAR,FALSE,9.995002498750624e-4
DHX15,19,30.64516129032258,16.623804553564355,1,MNAR,TRUE,0.04297851074462768
CYB5B,4,6.451612903225806,21.280290609386864,0,MAR,TRUE,NA
NDUFS4,0,0,24.706122079982734,NA,Complete,TRUE,NA
DYNC1LI2,10,16.129032258064516,16.65712230380949,1,MNAR,TRUE,0.050974512743628186
PSMD3,0,0,19.981559883255578,NA,Complete,TRUE,NA
RASA4,17,27.419354838709676,19.749795736067988,0,MAR,TRUE,NA
HNRNPR,2,3.225806451612903,19.248784015259464,0,MAR,TRUE,NA
TXNL1,0,0,21.09380765052336,NA,Complete,TRUE,NA
TPD52L2,2,3.225806451612903,19.98396440033644,0,MAR,TRUE,NA
ERI3,9,14.516129032258066,18.90651817912306,0,MAR,TRUE,NA
AKR7A2,0,0,21.112563354843815,NA,Complete,TRUE,NA
LAT,0,0,24.547563934866282,NA,Complete,TRUE,NA
DENR,0,0,20.95462291549792,NA,Complete,TRUE,NA
DNPH1,1,1.6129032258064515,21.71316402737332,0,MAR,TRUE,NA
TIMM44,0,0,20.837347493651833,NA,Complete,TRUE,NA
TRAPPC3,43,69.35483870967742,16.109047657896568,1,MNAR,FALSE,0.006496751624187906
CHMP2A,2,3.225806451612903,19.414717343236738,0,MAR,TRUE,NA
NDUFB5,0,0,23.47076261908982,NA,Complete,TRUE,NA
NDUFB3,0,0,23.907251558929214,NA,Complete,TRUE,NA
NDUFA2,0,0,24.547412926946382,NA,Complete,TRUE,NA
BUB3,28,45.16129032258064,16.052732834317403,1,MNAR,TRUE,4.997501249375312e-4
ACTN4,0,0,24.42823421907383,NA,Complete,TRUE,NA
GSTZ1,12,19.35483870967742,19.95317195238052,0,MAR,TRUE,NA
PRKAB2,0,0,19.88838991777242,NA,Complete,TRUE,NA
AP1G1,30,48.38709677419355,16.557112592969652,1,MNAR,TRUE,4.997501249375312e-4
SYNGR2,11,17.741935483870968,20.20047805424359,0,MAR,TRUE,NA
SGTA,0,0,22.26328278747868,NA,Complete,TRUE,NA
ENSA,3,4.838709677419355,21.596879597918168,0,MAR,TRUE,NA
SLC25A20,0,0,20.89762141434497,NA,Complete,TRUE,NA
NARS1,5,8.064516129032258,20.29269216378014,0,MAR,TRUE,NA
LANCL1,0,0,21.531222930812344,NA,Complete,TRUE,NA
SLC37A4,3,4.838709677419355,18.57069493000803,0,MAR,TRUE,NA
IDH3B,0,0,22.76686972142136,NA,Complete,TRUE,NA
CALU,0,0,21.557429532162832,NA,Complete,TRUE,NA
AHCYL1,0,0,19.524209763519263,NA,Complete,TRUE,NA
NDUFS5,0,0,22.691737646733603,NA,Complete,TRUE,NA
TIMM8A,14,22.58064516129032,19.69133343990378,0,MAR,TRUE,NA
PPP1R12B,29,46.774193548387096,15.587117234834826,1,MNAR,TRUE,0.23438280859570215
PRPSAP2,4,6.451612903225806,22.95622542530498,0,MAR,TRUE,NA
SPAG9,9,14.516129032258066,15.834944997529615,1,MNAR,TRUE,0.11144427786106946
OPA1,0,0,21.037833403134485,NA,Complete,TRUE,NA
TBC1D4,17,27.419354838709676,17.522069227661746,1,MNAR,TRUE,0.0024987506246876563
SNX3,0,0,20.771811801963842,NA,Complete,TRUE,NA
SYNCRIP,11,17.741935483870968,18.606462988651145,0,MAR,TRUE,NA
SELENOF,42,67.74193548387096,13.635040036446238,1,MNAR,FALSE,4.997501249375312e-4
KLHL41,0,0,25.34996407270615,NA,Complete,TRUE,NA
PLIN3,0,0,23.6504432329358,NA,Complete,TRUE,NA
KPNA6,17,27.419354838709676,19.989938315853838,0,MAR,TRUE,NA
SNX2,4,6.451612903225806,19.082072004659956,0,MAR,TRUE,NA
USO1,0,0,22.54663999879101,NA,Complete,TRUE,NA
TOM1,0,0,22.497462434436713,NA,Complete,TRUE,NA
PFKFB2,7,11.29032258064516,19.996753296553386,0,MAR,TRUE,NA
EDF1,1,1.6129032258064515,20.00009352126253,0,MAR,TRUE,NA
DNAJA2,0,0,22.853264946392436,NA,Complete,TRUE,NA
CUTA,0,0,21.935549579961233,NA,Complete,TRUE,NA
PFDN1,3,4.838709677419355,19.505545130728382,0,MAR,TRUE,NA
NOL3,0,0,21.63166311720057,NA,Complete,TRUE,NA
WDR1,0,0,23.677126005281327,NA,Complete,TRUE,NA
LDB3,0,0,27.066059647802188,NA,Complete,TRUE,NA
CLASP2,20,32.25806451612903,17.039282170058762,1,MNAR,TRUE,4.997501249375312e-4
COBL,32,51.61290322580645,17.79434741882459,1,MNAR,FALSE,0.02848575712143928
CPNE3,2,3.225806451612903,19.029508396056144,0,MAR,TRUE,NA
CLUH,34,54.83870967741935,17.21647732197638,1,MNAR,FALSE,0.00849575212393803
CAND2,0,0,22.940002761832385,NA,Complete,TRUE,NA
COQ9,0,0,25.05057370154217,NA,Complete,TRUE,NA
GGCT,0,0,20.97653180367425,NA,Complete,TRUE,NA
NDUFS7,0,0,22.696970438378653,NA,Complete,TRUE,NA
RTN2,0,0,25.9319473009454,NA,Complete,TRUE,NA
NDUFS2,0,0,24.61096732611693,NA,Complete,TRUE,NA
NIPSNAP2,0,0,25.829242681795566,NA,Complete,TRUE,NA
CILP,36,58.06451612903226,17.965971594308503,1,MNAR,FALSE,4.997501249375312e-4
TBCA,0,0,21.5384815962393,NA,Complete,TRUE,NA
ATP6V1G1,9,14.516129032258066,16.883089979166495,0,MAR,TRUE,NA
VPS4B,25,40.32258064516129,18.846431533029538,1,MNAR,TRUE,0.00399800099950025
SH3BGRL,7,11.29032258064516,17.088877865713066,0,MAR,TRUE,NA
FLNB,0,0,25.555005025254395,NA,Complete,TRUE,NA
NDUFS6,0,0,24.375863188171675,NA,Complete,TRUE,NA
CS,0,0,26.526116296140877,NA,Complete,TRUE,NA
SEC22B,0,0,18.320672058765734,NA,Complete,TRUE,NA
MTX2,0,0,21.502464283839114,NA,Complete,TRUE,NA
VPS26A,5,8.064516129032258,18.679724451231277,0,MAR,TRUE,NA
NDUFB1,5,8.064516129032258,23.13116930901718,0,MAR,TRUE,NA
PMPCB,9,14.516129032258066,20.015523928049273,0,MAR,TRUE,NA
NDUFS3,0,0,24.020585218128094,NA,Complete,TRUE,NA
ECI2,0,0,23.731510792128358,NA,Complete,TRUE,NA
BANF1,0,0,22.840607634585528,NA,Complete,TRUE,NA
CSDE1,0,0,19.573090524848162,NA,Complete,TRUE,NA
PRKRA,12,19.35483870967742,18.3376138853724,0,MAR,TRUE,NA
LYPLA1,0,0,21.82518442002028,NA,Complete,TRUE,NA
TIPRL,4,6.451612903225806,19.897216865031442,0,MAR,TRUE,NA
PPM1B,5,8.064516129032258,17.819077296274084,0,MAR,TRUE,NA
SLC25A12,0,0,25.13702722150853,NA,Complete,TRUE,NA
TCEA3,26,41.935483870967744,17.48200410198679,1,MNAR,TRUE,4.997501249375312e-4
EIF3G,0,0,19.865050234090244,NA,Complete,TRUE,NA
EIF3J,0,0,22.84597253552919,NA,Complete,TRUE,NA
PSMD10,6,9.67741935483871,20.664680387298848,0,MAR,TRUE,NA
IDH1,0,0,22.605560310918538,NA,Complete,TRUE,NA
SCO1,20,32.25806451612903,22.876060026125728,0,MAR,TRUE,NA
ALDH1L1,0,0,21.30108063124792,NA,Complete,TRUE,NA
ARL6IP5,0,0,24.292565608124008,NA,Complete,TRUE,NA
DYSF,0,0,23.21909663802609,NA,Complete,TRUE,NA
PIAS2,0,0,23.95962443710217,NA,Complete,TRUE,NA
DCTN3,28,45.16129032258064,17.203701406570655,1,MNAR,TRUE,0.01899050474762619
ATP5PD,0,0,26.133007258528014,NA,Complete,TRUE,NA
FLOT1,5,8.064516129032258,18.98642681148106,0,MAR,TRUE,NA
ATP5MG,0,0,26.00794809386541,NA,Complete,TRUE,NA
GLRX3,0,0,18.912091427987637,NA,Complete,TRUE,NA
SNCG,40,64.51612903225806,16.027990825038305,1,MNAR,FALSE,4.997501249375312e-4
DDAH1,0,0,22.297724717170965,NA,Complete,TRUE,NA
TPPP,40,64.51612903225806,16.035975502793402,1,MNAR,FALSE,4.997501249375312e-4
BAIAP3,2,3.225806451612903,23.104944903866308,0,MAR,TRUE,NA
TOMM70,2,3.225806451612903,19.779807187610917,0,MAR,TRUE,NA
UFL1,3,4.838709677419355,16.160078164385194,0,MAR,TRUE,NA
TMEM63A,5,8.064516129032258,19.781185913520773,0,MAR,TRUE,NA
PLPBP,0,0,20.25355190724104,NA,Complete,TRUE,NA
ERLIN2,0,0,23.555125957945553,NA,Complete,TRUE,NA
ENDOD1,0,0,21.106978233417454,NA,Complete,TRUE,NA
SEC31A,16,25.806451612903224,18.249905372002505,1,MNAR,TRUE,4.997501249375312e-4
NDUFB6,0,0,22.273532450392388,NA,Complete,TRUE,NA
MFN2,10,16.129032258064516,17.733263234356393,0,MAR,TRUE,NA
NDUFA3,0,0,22.57015756724004,NA,Complete,TRUE,NA
NDUFB4,0,0,24.017358078568982,NA,Complete,TRUE,NA
NDUFB8,0,0,23.572022069392542,NA,Complete,TRUE,NA
NDUFA7,0,0,23.372927773247614,NA,Complete,TRUE,NA
RTN3,12,19.35483870967742,19.135804698004662,0,MAR,TRUE,NA
LETM1,0,0,21.165654584852334,NA,Complete,TRUE,NA
STBD1,0,0,24.204174840143967,NA,Complete,TRUE,NA
ZRANB2,17,27.419354838709676,20.147321816562705,0,MAR,TRUE,NA
EPM2A,6,9.67741935483871,20.45967998515176,0,MAR,TRUE,NA
VAPB,0,0,23.345631642637205,NA,Complete,TRUE,NA
NDUFC2,0,0,23.15351515559841,NA,Complete,TRUE,NA
NDUFA10,0,0,24.17660363609616,NA,Complete,TRUE,NA
PGLS,7,11.29032258064516,17.633858010877315,0,MAR,TRUE,NA
TACC2,6,9.67741935483871,18.067136818273642,0,MAR,TRUE,NA
LYPLA2,22,35.483870967741936,19.945857417639356,0,MAR,TRUE,NA
IPO7,1,1.6129032258064515,20.152671493267917,0,MAR,TRUE,NA
ARIH2,20,32.25806451612903,19.243130257958043,1,MNAR,TRUE,4.997501249375312e-4
PGM3,4,6.451612903225806,17.317087465659522,0,MAR,TRUE,NA
SVIL,12,19.35483870967742,17.628890361178513,0,MAR,TRUE,NA
AHSA1,5,8.064516129032258,19.12656593977449,0,MAR,TRUE,NA
H6PD,2,3.225806451612903,18.818545190518268,0,MAR,TRUE,NA
MPC2,0,0,22.785808316929387,NA,Complete,TRUE,NA
ETHE1,26,41.935483870967744,17.397416439571426,1,MNAR,TRUE,9.995002498750624e-4
ACSL3,0,0,22.205029817039218,NA,Complete,TRUE,NA
ASMTL,33,53.2258064516129,17.637371625914433,1,MNAR,FALSE,4.997501249375312e-4
CDS2,10,16.129032258064516,18.452800757997423,0,MAR,TRUE,NA
SNAP29,33,53.2258064516129,16.511370827109747,1,MNAR,FALSE,4.997501249375312e-4
OXSR1,0,0,20.628277607018774,NA,Complete,TRUE,NA
LSM8,16,25.806451612903224,18.9447096631219,0,MAR,TRUE,NA
AP2A1,12,19.35483870967742,19.228226134205183,0,MAR,TRUE,NA
CAVIN2,0,0,19.742790928274342,NA,Complete,TRUE,NA
BAG2,14,22.58064516129032,14.612519858269232,1,MNAR,TRUE,0.07796101949025487
BAG3,0,0,23.39957814069958,NA,Complete,TRUE,NA
MLYCD,19,30.64516129032258,16.67530644120904,1,MNAR,TRUE,4.997501249375312e-4
AIFM1,0,0,24.28719991477215,NA,Complete,TRUE,NA
EML2,8,12.903225806451612,20.50174182975066,0,MAR,TRUE,NA
BPNT1,1,1.6129032258064515,18.37881050060905,0,MAR,TRUE,NA
DDAH2,6,9.67741935483871,16.210102807816387,0,MAR,TRUE,NA
ABHD16A,29,46.774193548387096,14.876350685245963,1,MNAR,TRUE,0.0034982508745627187
TXNDC12,40,64.51612903225806,19.114759612599503,1,MNAR,FALSE,0.0029985007496251873
NUDT3,4,6.451612903225806,18.229504971640296,0,MAR,TRUE,NA
NDUFB10,0,0,24.84605010772023,NA,Complete,TRUE,NA
CLPTM1,36,58.06451612903226,15.921432705409599,1,MNAR,FALSE,9.995002498750624e-4
MOCS2,16,25.806451612903224,18.45439778992854,0,MAR,TRUE,NA
TOMM40,1,1.6129032258064515,18.82606231832877,0,MAR,TRUE,NA
PEX11B,24,38.70967741935484,15.097750487300956,1,MNAR,TRUE,0.0074962518740629685
CYB5A,14,22.58064516129032,17.110294218250043,1,MNAR,TRUE,0.04397801099450275
ADH1B,1,1.6129032258064515,21.35327503461276,0,MAR,TRUE,NA
LDHA,0,0,29.159056552487954,NA,Complete,TRUE,NA
ALDH1A1,0,0,23.865133305344916,NA,Complete,TRUE,NA
GLUD1,0,0,21.674005007257552,NA,Complete,TRUE,NA
CYB5R3,0,0,24.517716572878548,NA,Complete,TRUE,NA
GSR,0,0,21.33448589840079,NA,Complete,TRUE,NA
MT-CO1,6,9.67741935483871,21.624058872191235,0,MAR,TRUE,NA
MT-CO2,0,0,26.95549424866777,NA,Complete,TRUE,NA
MT-CO3,5,8.064516129032258,22.67163486978067,0,MAR,TRUE,NA
SOD1,0,0,26.155454822335468,NA,Complete,TRUE,NA
CP,8,12.903225806451612,20.95456967858429,0,MAR,TRUE,NA
F13A1,16,25.806451612903224,18.086865465069614,1,MNAR,TRUE,4.997501249375312e-4
HPRT1,6,9.67741935483871,18.17149392807781,0,MAR,TRUE,NA
GOT2,0,0,27.368405490802658,NA,Complete,TRUE,NA
PGK1,0,0,29.030225877731404,NA,Complete,TRUE,NA
AK1,0,0,28.870402590040758,NA,Complete,TRUE,NA
MT-ATP6,0,0,25.32051962251631,NA,Complete,TRUE,NA
CA2,0,0,27.37127337112866,NA,Complete,TRUE,NA
ASS1,23,37.096774193548384,19.66000781365982,1,MNAR,TRUE,4.997501249375312e-4
CST3,1,1.6129032258064515,20.125226360763104,0,MAR,TRUE,NA
CSTA,18,29.03225806451613,18.218434897323974,1,MNAR,TRUE,0.5527236381809095
JCHAIN,23,37.096774193548384,16.481960663014164,1,MNAR,TRUE,4.997501249375312e-4
HLA-B,19,30.64516129032258,15.559151051174396,1,MNAR,TRUE,4.997501249375312e-4
HLA-DRB1,11,17.741935483870968,19.775061298610435,0,MAR,TRUE,NA
MB,0,0,33.61096493252315,NA,Complete,TRUE,NA
COL1A1,6,9.67741935483871,20.0822298623773,0,MAR,TRUE,NA
COL3A1,3,4.838709677419355,21.195019892413406,0,MAR,TRUE,NA
COL4A1,5,8.064516129032258,21.391539250195308,0,MAR,TRUE,NA
CRYAB,0,0,29.718616954718577,NA,Complete,TRUE,NA
KRT14,1,1.6129032258064515,21.735965224329206,0,MAR,TRUE,NA
LMNA,0,0,22.956568527232697,NA,Complete,TRUE,NA
TNNC2,0,0,27.841822529142622,NA,Complete,TRUE,NA
APOE,17,27.419354838709676,16.801825994950594,1,MNAR,TRUE,4.997501249375312e-4
LRG1,17,27.419354838709676,18.371409486469158,1,MNAR,TRUE,9.995002498750624e-4
FN1,37,59.67741935483871,17.067933140252784,1,MNAR,FALSE,0.001999000499750125
RBP4,28,45.16129032258064,20.393505650679625,1,MNAR,TRUE,4.997501249375312e-4
TTR,0,0,22.8824555593113,NA,Complete,TRUE,NA
TFRC,18,29.03225806451613,16.771769238406264,1,MNAR,TRUE,0.7896051974012993
FTL,7,11.29032258064516,21.382905966482635,0,MAR,TRUE,NA
FTH1,0,0,25.45896107787904,NA,Complete,TRUE,NA
MT2A,0,0,21.710708646101367,NA,Complete,TRUE,NA
MT-ND1,0,0,23.25525074750916,NA,Complete,TRUE,NA
MT-ND2,13,20.967741935483872,20.034533121323,0,MAR,TRUE,NA
MT-ND3,0,0,20.436437182832975,NA,Complete,TRUE,NA
MT-ND4,0,0,21.379824935071635,NA,Complete,TRUE,NA
MT-ND5,0,0,23.120577096166333,NA,Complete,TRUE,NA
MT-ATP8,0,0,22.946225981645487,NA,Complete,TRUE,NA
CAT,0,0,22.459891453190032,NA,Complete,TRUE,NA
ALDOA,0,0,31.48479921306399,NA,Complete,TRUE,NA
CSTB,0,0,24.390136006007474,NA,Complete,TRUE,NA
ANXA1,0,0,21.84232125862287,NA,Complete,TRUE,NA
SOD2,0,0,25.11762210570926,NA,Complete,TRUE,NA
KRT1,0,0,25.52222944287209,NA,Complete,TRUE,NA
VWF,37,59.67741935483871,17.1176624142175,1,MNAR,FALSE,0.0014992503748125937
GAPDH,0,0,31.407764443182003,NA,Complete,TRUE,NA
HLA-A,1,1.6129032258064515,18.237571845105343,0,MAR,TRUE,NA
CAPNS1,0,0,23.064487310633744,NA,Complete,TRUE,NA
HSPB1,0,0,29.53955525600387,NA,Complete,TRUE,NA
RPN1,0,0,21.348898193417792,NA,Complete,TRUE,NA
RPN2,1,1.6129032258064515,20.132359677927344,0,MAR,TRUE,NA
GNAI2,0,0,21.822377962162786,NA,Complete,TRUE,NA
ATP1A1,0,0,23.229659947688788,NA,Complete,TRUE,NA
ATP1B1,0,0,22.820340163821573,NA,Complete,TRUE,NA
APOD,0,0,21.72660555556279,NA,Complete,TRUE,NA
ALDH2,0,0,23.37099659598781,NA,Complete,TRUE,NA
S100A8,1,1.6129032258064515,21.66423984608185,0,MAR,TRUE,NA
SLC25A5,0,0,27.7668299705146,NA,Complete,TRUE,NA
SERPING1,9,14.516129032258066,19.62358577009002,0,MAR,TRUE,NA
PCCA,3,4.838709677419355,19.17906803811219,0,MAR,TRUE,NA
PCCB,6,9.67741935483871,18.298141772567416,0,MAR,TRUE,NA
EIF2S1,0,0,21.894383024774168,NA,Complete,TRUE,NA
RPLP1,0,0,21.113689770963596,NA,Complete,TRUE,NA
RPLP2,0,0,22.95696140398189,NA,Complete,TRUE,NA
RPLP0,0,0,21.259957499026534,NA,Complete,TRUE,NA
FABP3,0,0,28.96594999445978,NA,Complete,TRUE,NA
CLEC3B,15,24.193548387096776,18.676578153924574,0,MAR,TRUE,NA
SSB,14,22.58064516129032,16.550061248668417,1,MNAR,TRUE,0.47276361819090457
ITGB1,0,0,20.169025965423266,NA,Complete,TRUE,NA
KRT18,0,0,24.916836288774647,NA,Complete,TRUE,NA
KRT8,0,0,23.422402977607913,NA,Complete,TRUE,NA
MYL1,0,0,30.428444486090957,NA,Complete,TRUE,NA
GSN,0,0,23.52174178598839,NA,Complete,TRUE,NA
PTMA,16,25.806451612903224,15.021538520567674,1,MNAR,TRUE,4.997501249375312e-4
ATP5F1B,0,0,28.431121951324766,NA,Complete,TRUE,NA
S100A9,1,1.6129032258064515,21.635771569452878,0,MAR,TRUE,NA
S100A6,2,3.225806451612903,24.81538943752623,0,MAR,TRUE,NA
EIF4E,4,6.451612903225806,20.488082725400623,0,MAR,TRUE,NA
CKM,0,0,32.39161486511533,NA,Complete,TRUE,NA
ENO1,0,0,29.940150168529033,NA,Complete,TRUE,NA
PYGL,1,1.6129032258064515,24.318745314323994,0,MAR,TRUE,NA
GPI,0,0,27.4521162824566,NA,Complete,TRUE,NA
NPM1,0,0,22.11950225404832,NA,Complete,TRUE,NA
TPM3,0,0,25.6790564311953,NA,Complete,TRUE,NA
EPHX1,0,0,23.453830218901746,NA,Complete,TRUE,NA
DBI,0,0,25.446459950264625,NA,Complete,TRUE,NA
LDHB,0,0,25.050116027963337,NA,Complete,TRUE,NA
GPX1,0,0,21.750597745179117,NA,Complete,TRUE,NA
P4HB,0,0,24.36990709431378,NA,Complete,TRUE,NA
H1-0,0,0,22.64810722261038,NA,Complete,TRUE,NA
CTSD,0,0,23.26145006466006,NA,Complete,TRUE,NA
ANXA2,0,0,24.433835406521844,NA,Complete,TRUE,NA
CAPN1,0,0,22.831621376219545,NA,Complete,TRUE,NA
TUBB,0,0,26.25264847144285,NA,Complete,TRUE,NA
CA3,0,0,30.95026046042552,NA,Complete,TRUE,NA
DCN,0,0,23.38894276811243,NA,Complete,TRUE,NA
PSAP,0,0,24.127817230528315,NA,Complete,TRUE,NA
PFN1,0,0,25.498910184747857,NA,Complete,TRUE,NA
BPGM,0,0,21.33913362650808,NA,Complete,TRUE,NA
APRT,0,0,21.93934377179742,NA,Complete,TRUE,NA
EPRS1,0,0,21.48141831362606,NA,Complete,TRUE,NA
CTSB,1,1.6129032258064515,20.189031742035144,0,MAR,TRUE,NA
HSP90AA1,0,0,25.922801737178485,NA,Complete,TRUE,NA
UQCRH,0,0,25.05650360542018,NA,Complete,TRUE,NA
TPM2,0,0,27.391457670184746,NA,Complete,TRUE,NA
FH,0,0,25.289123976286987,NA,Complete,TRUE,NA
COL1A2,2,3.225806451612903,19.590201290467142,0,MAR,TRUE,NA
ANXA6,0,0,26.661487111239175,NA,Complete,TRUE,NA
PFKM,0,0,27.620456763337696,NA,Complete,TRUE,NA
HSP90AB1,0,0,24.767193907850736,NA,Complete,TRUE,NA
SOD3,23,37.096774193548384,18.480505137268054,1,MNAR,TRUE,0.019490254872563718
CTSG,38,61.29032258064516,17.97736539913279,1,MNAR,FALSE,0.0014992503748125937
PDHA1,0,0,25.583397956561463,NA,Complete,TRUE,NA
COL4A2,1,1.6129032258064515,21.369612955595052,0,MAR,TRUE,NA
CYC1,0,0,26.881721027468192,NA,Complete,TRUE,NA
MYL3,0,0,28.069919335576802,NA,Complete,TRUE,NA
SNRNP70,44,70.96774193548387,14.617313258075452,1,MNAR,FALSE,4.997501249375312e-4
NFIC,10,16.129032258064516,18.432817112266385,0,MAR,TRUE,NA
VIM,0,0,24.880053435563347,NA,Complete,TRUE,NA
SERPINF2,10,16.129032258064516,18.274489660938535,0,MAR,TRUE,NA
RPS17,5,8.064516129032258,20.81046280969265,0,MAR,TRUE,NA
KRT19,0,0,25.172149336512664,NA,Complete,TRUE,NA
ANXA5,0,0,23.860436404970308,NA,Complete,TRUE,NA
RPSA,0,0,22.21870708821348,NA,Complete,TRUE,NA
SNRPA,11,17.741935483870968,18.318653126116814,0,MAR,TRUE,NA
ENO2,0,0,30.087776464355827,NA,Complete,TRUE,NA
ACAA1,0,0,20.03509674999893,NA,Complete,TRUE,NA
GSTP1,0,0,25.35364198856952,NA,Complete,TRUE,NA
LGALS1,0,0,26.534550462367218,NA,Complete,TRUE,NA
QDPR,0,0,23.902605255182124,NA,Complete,TRUE,NA
HMGB1,0,0,21.42822278021813,NA,Complete,TRUE,NA
RBP1,48,77.41935483870968,19.608537871132206,1,MNAR,FALSE,9.995002498750624e-4
FBP1,0,0,25.846093228377658,NA,Complete,TRUE,NA
GSTM1,21,33.87096774193548,22.339651477724505,0,MAR,TRUE,NA
TPM1,0,0,28.464003819761384,NA,Complete,TRUE,NA
CLTB,2,3.225806451612903,18.982634717041744,0,MAR,TRUE,NA
ANXA4,1,1.6129032258064515,19.88644967130556,0,MAR,TRUE,NA
HMOX1,30,48.38709677419355,16.90187540225335,1,MNAR,TRUE,0.05647176411794103
DLD,0,0,25.65475554031737,NA,Complete,TRUE,NA
HNRNPA1,10,16.129032258064516,18.469332404611688,0,MAR,TRUE,NA
COX6C,0,0,26.5397102424785,NA,Complete,TRUE,NA
PARP1,3,4.838709677419355,19.463024712684682,0,MAR,TRUE,NA
IFIT2,0,0,25.723448358243807,NA,Complete,TRUE,NA
UCHL1,0,0,22.296859390753635,NA,Complete,TRUE,NA
LTA4H,0,0,23.563139234546018,NA,Complete,TRUE,NA
ALDOC,11,17.741935483870968,26.374429844477046,0,MAR,TRUE,NA
LIMS3,26,41.935483870967744,17.084106816428825,1,MNAR,TRUE,0.01249375312343828
HSPA1A,0,0,26.575298477675684,NA,Complete,TRUE,NA
CALM1,0,0,27.140643092654777,NA,Complete,TRUE,NA
FDX1,34,54.83870967741935,17.430380196780497,1,MNAR,FALSE,0.051974012993503245
COX8A,18,29.03225806451613,21.45660902998313,0,MAR,TRUE,NA
GAA,1,1.6129032258064515,18.14893945146235,0,MAR,TRUE,NA
RRAS,0,0,21.474096824128207,NA,Complete,TRUE,NA
ARAF,31,50,15.269026651760136,1,MNAR,FALSE,0.0014992503748125937
DLAT,0,0,24.93768261651037,NA,Complete,TRUE,NA
TXN,0,0,25.507357416157756,NA,Complete,TRUE,NA
COX5B,0,0,26.88795651862967,NA,Complete,TRUE,NA
MAPT,0,0,22.99250498393714,NA,Complete,TRUE,NA
PRKAR1A,0,0,24.170335055532146,NA,Complete,TRUE,NA
ESD,0,0,24.820815940363246,NA,Complete,TRUE,NA
HSPD1,0,0,24.462806220991318,NA,Complete,TRUE,NA
THRB,1,1.6129032258064515,22.83489656720689,0,MAR,TRUE,NA
CLU,1,1.6129032258064515,19.62325752143638,0,MAR,TRUE,NA
MYL2,0,0,28.292936728764317,NA,Complete,TRUE,NA
HSPA5,0,0,23.8624616927675,NA,Complete,TRUE,NA
LAMC1,3,4.838709677419355,20.05375071603709,0,MAR,TRUE,NA
MYH3,1,1.6129032258064515,25.51852733462697,0,MAR,TRUE,NA
HSPA8,0,0,26.872666478590567,NA,Complete,TRUE,NA
EPB41,24,38.70967741935484,18.35157943829531,1,MNAR,TRUE,0.13043478260869565
PDHB,0,0,25.479769711041126,NA,Complete,TRUE,NA
DBT,2,3.225806451612903,20.296549283613487,0,MAR,TRUE,NA
PYGB,0,0,29.10853984729644,NA,Complete,TRUE,NA
PYGM,0,0,29.263977596392564,NA,Complete,TRUE,NA
RALA,0,0,20.462414099986237,NA,Complete,TRUE,NA
SPTB,0,0,21.615661225348738,NA,Complete,TRUE,NA
LAMP1,8,12.903225806451612,18.791517706675695,0,MAR,TRUE,NA
ACADM,0,0,24.40238951734048,NA,Complete,TRUE,NA
UBL4A,19,30.64516129032258,16.305712555438408,1,MNAR,TRUE,0.01649175412293853
DMD,0,0,23.153223922938583,NA,Complete,TRUE,NA
MTHFD1,0,0,22.53285331235894,NA,Complete,TRUE,NA
ADH5,0,0,23.861167801110955,NA,Complete,TRUE,NA
PABPC1,0,0,20.131760411960922,NA,Complete,TRUE,NA
HARS1,1,1.6129032258064515,18.72833761746978,0,MAR,TRUE,NA
COL6A1,1,1.6129032258064515,20.44304593778042,0,MAR,TRUE,NA
COL6A2,8,12.903225806451612,19.31474508521785,0,MAR,TRUE,NA
COL6A3,0,0,20.76700040769872,NA,Complete,TRUE,NA
SLC25A4,0,0,27.06748125433886,NA,Complete,TRUE,NA
SLC25A6,0,0,26.89460509848519,NA,Complete,TRUE,NA
IMPDH2,0,0,22.18062320704624,NA,Complete,TRUE,NA
CKB,0,0,31.11681957542222,NA,Complete,TRUE,NA
ANXA3,18,29.03225806451613,19.036868237114643,0,MAR,TRUE,NA
BCKDHA,10,16.129032258064516,18.068713915169475,0,MAR,TRUE,NA
ACTN1,0,0,24.125757310398384,NA,Complete,TRUE,NA
MYH1,0,0,28.77499353792568,NA,Complete,TRUE,NA
MYH7,0,0,29.254678401551903,NA,Complete,TRUE,NA
PEPD,0,0,18.962162379757753,NA,Complete,TRUE,NA
XRCC6,2,3.225806451612903,19.65090609048952,0,MAR,TRUE,NA
XRCC5,0,0,19.7064858509292,NA,Complete,TRUE,NA
COX4I1,0,0,27.13610369215952,NA,Complete,TRUE,NA
IFITM1,12,19.35483870967742,15.933949310656871,1,MNAR,TRUE,4.997501249375312e-4
LAMP2,7,11.29032258064516,22.644001817542815,0,MAR,TRUE,NA
RNH1,0,0,24.144860578010938,NA,Complete,TRUE,NA
MYH8,24,38.70967741935484,19.913948666940033,1,MNAR,TRUE,0.9830084957521239
VCAN,25,40.32258064516129,21.639048123361594,0,MAR,TRUE,NA
EEF2,0,0,24.782328206569115,NA,Complete,TRUE,NA
KRT10,0,0,25.54719491112876,NA,Complete,TRUE,NA
KRT5,0,0,20.96811856285028,NA,Complete,TRUE,NA
PDIA4,12,19.35483870967742,21.36245490273516,0,MAR,TRUE,NA
TPT1,0,0,24.133886332792954,NA,Complete,TRUE,NA
ALAD,0,0,22.863812259182616,NA,Complete,TRUE,NA
LCP1,7,11.29032258064516,18.54138706336573,0,MAR,TRUE,NA
PLS3,15,24.193548387096776,19.484823271730363,0,MAR,TRUE,NA
APEH,0,0,24.28044788680189,NA,Complete,TRUE,NA
ETFA,0,0,24.809469692988056,NA,Complete,TRUE,NA
TNNT1,0,0,26.11217657245511,NA,Complete,TRUE,NA
GYS1,0,0,24.492620313548095,NA,Complete,TRUE,NA
PRKAR2A,0,0,23.579711612041994,NA,Complete,TRUE,NA
ENO3,0,0,30.13367702461266,NA,Complete,TRUE,NA
CD59,0,0,24.440806725391262,NA,Complete,TRUE,NA
MIF,0,0,25.285553493149145,NA,Complete,TRUE,NA
CD99,0,0,18.415684981770497,NA,Complete,TRUE,NA
PRKCSH,0,0,20.28508061897469,NA,Complete,TRUE,NA
FDPS,0,0,20.302236063953274,NA,Complete,TRUE,NA
COX7A2,0,0,22.585390034842725,NA,Complete,TRUE,NA
NID1,5,8.064516129032258,18.360116957899642,0,MAR,TRUE,NA
AKR1A1,0,0,26.740358178290833,NA,Complete,TRUE,NA
PKM,0,0,29.180826912780002,NA,Complete,TRUE,NA
ACYP2,0,0,25.237005451527576,NA,Complete,TRUE,NA
HSP90B1,0,0,24.464468363599618,NA,Complete,TRUE,NA
MYL6B,0,0,23.36378371861186,NA,Complete,TRUE,NA
SLC2A4,39,62.903225806451616,17.5707379713042,1,MNAR,FALSE,0.001999000499750125
IDE,8,12.903225806451612,18.386852030200995,0,MAR,TRUE,NA
COX6B1,0,0,25.33949386743809,NA,Complete,TRUE,NA
HNRNPL,1,1.6129032258064515,17.416430741005907,0,MAR,TRUE,NA
DARS1,0,0,20.942900813870686,NA,Complete,TRUE,NA
JUP,25,40.32258064516129,19.59761850035098,1,MNAR,TRUE,0.00399800099950025
UQCRB,0,0,25.91569755774302,NA,Complete,TRUE,NA
CPA3,14,22.58064516129032,19.85731010096384,0,MAR,TRUE,NA
FABP4,0,0,27.0984031165558,NA,Complete,TRUE,NA
GLUL,26,41.935483870967744,15.520182942030125,1,MNAR,TRUE,4.997501249375312e-4
AKR1B1,0,0,27.062936715707608,NA,Complete,TRUE,NA
GSPT1,7,11.29032258064516,18.36969367354563,0,MAR,TRUE,NA
PGAM2,0,0,29.083455517465786,NA,Complete,TRUE,NA
EZR,2,3.225806451612903,20.67329980464886,0,MAR,TRUE,NA
UCHL3,0,0,21.846731011378434,NA,Complete,TRUE,NA
NME1,3,4.838709677419355,21.696181078811122,0,MAR,TRUE,NA
RPS2,0,0,21.620112805156065,NA,Complete,TRUE,NA
RPA2,32,51.61290322580645,18.02048489031044,1,MNAR,FALSE,9.995002498750624e-4
COX7C,0,0,25.991005787528998,NA,Complete,TRUE,NA
NQO2,1,1.6129032258064515,22.41495031921326,0,MAR,TRUE,NA
PFKFB1,23,37.096774193548384,22.548756531099137,0,MAR,TRUE,NA
CBR1,0,0,22.866892297223238,NA,Complete,TRUE,NA
ANK1,20,32.25806451612903,19.321060263179124,0,MAR,TRUE,NA
ACADS,0,0,24.530031480501744,NA,Complete,TRUE,NA
PPP3CB,0,0,21.772820356366363,NA,Complete,TRUE,NA
ATP2A2,0,0,28.49406030131999,NA,Complete,TRUE,NA
CD36,0,0,23.58187427518863,NA,Complete,TRUE,NA
FAH,0,0,21.338605766956885,NA,Complete,TRUE,NA
YBX3,0,0,22.59494693985341,NA,Complete,TRUE,NA
TMEM11,0,0,23.020163125747768,NA,Complete,TRUE,NA
GOT1,0,0,26.9908104321149,NA,Complete,TRUE,NA
CKMT2,0,0,27.754618954102387,NA,Complete,TRUE,NA
NDUFB7,0,0,22.532737021306822,NA,Complete,TRUE,NA
PRKACA,0,0,23.627241978727287,NA,Complete,TRUE,NA
CAPN2,0,0,22.85824665248401,NA,Complete,TRUE,NA
DES,0,0,24.459005875469558,NA,Complete,TRUE,NA
PFKL,0,0,26.026928393960368,NA,Complete,TRUE,NA
LGALS3,7,11.29032258064516,20.266747406323876,0,MAR,TRUE,NA
FLT1,5,8.064516129032258,20.978302991203293,0,MAR,TRUE,NA
PSMC3,0,0,22.135205023250975,NA,Complete,TRUE,NA
TCP1,0,0,21.44776917053162,NA,Complete,TRUE,NA
RPL35A,19,30.64516129032258,20.058903980489376,0,MAR,TRUE,NA
ARF4,1,1.6129032258064515,17.163696627121535,0,MAR,TRUE,NA
RPL7,0,0,22.219115968857707,NA,Complete,TRUE,NA
VCL,0,0,24.10689136616539,NA,Complete,TRUE,NA
RPL17,0,0,20.864313031720815,NA,Complete,TRUE,NA
PGAM1,0,0,28.99997699617114,NA,Complete,TRUE,NA
ATP5PF,0,0,25.07792424404625,NA,Complete,TRUE,NA
TSPAN8,9,14.516129032258066,18.042874360619585,0,MAR,TRUE,NA
TNNI1,0,0,26.04470274348738,NA,Complete,TRUE,NA
NCL,0,0,21.850733082327412,NA,Complete,TRUE,NA
HK1,0,0,24.203365209142156,NA,Complete,TRUE,NA
NDUFV2,0,0,25.41338838954037,NA,Complete,TRUE,NA
SRM,29,46.774193548387096,20.364106366250397,1,MNAR,TRUE,0.0034982508745627187
TYMP,14,22.58064516129032,16.156388392832987,1,MNAR,TRUE,0.14142928535732133
ATP2B1,34,54.83870967741935,15.802373183885225,1,MNAR,FALSE,4.997501249375312e-4
EIF2S2,3,4.838709677419355,18.754503393447735,0,MAR,TRUE,NA
ANXA7,0,0,27.19542931974315,NA,Complete,TRUE,NA
TPSB2,3,4.838709677419355,21.224796669976158,0,MAR,TRUE,NA
BTF3,10,16.129032258064516,20.128304241089435,0,MAR,TRUE,NA
RAB6A,4,6.451612903225806,19.156278095085753,0,MAR,TRUE,NA
PVALB,35,56.451612903225815,22.536780780125213,1,MNAR,FALSE,0.09545227386306847
PSMB1,0,0,22.993833576700577,NA,Complete,TRUE,NA
COX5A,0,0,26.63796815952529,NA,Complete,TRUE,NA
CAPN3,1,1.6129032258064515,21.82331909100797,0,MAR,TRUE,NA
CAST,0,0,21.588038229874865,NA,Complete,TRUE,NA
NEB,0,0,24.648335966971516,NA,Complete,TRUE,NA
PTMS,14,22.58064516129032,20.623093343008122,0,MAR,TRUE,NA
GSTM3,0,0,25.401489539922782,NA,Complete,TRUE,NA
ATP6V1B2,0,0,19.68736427135755,NA,Complete,TRUE,NA
CSRP1,0,0,23.58662309910969,NA,Complete,TRUE,NA
FLNA,0,0,26.185764200663304,NA,Complete,TRUE,NA
MAOA,0,0,22.3729106036457,NA,Complete,TRUE,NA
ACO1,0,0,21.66542043531395,NA,Complete,TRUE,NA
GPD1,0,0,26.682794592051668,NA,Complete,TRUE,NA
VDAC1,0,0,27.4709378777933,NA,Complete,TRUE,NA
BGN,6,9.67741935483871,19.557129790068426,0,MAR,TRUE,NA
RYR1,0,0,24.38257016501725,NA,Complete,TRUE,NA
SDHB,0,0,25.202285431839766,NA,Complete,TRUE,NA
COMT,0,0,20.634423835061597,NA,Complete,TRUE,NA
TGM2,14,22.58064516129032,18.102894463248834,0,MAR,TRUE,NA
MMUT,5,8.064516129032258,17.91636399716229,0,MAR,TRUE,NA
OSBP,3,4.838709677419355,18.6622876036466,0,MAR,TRUE,NA
PCMT1,0,0,23.926056942860036,NA,Complete,TRUE,NA
GART,3,4.838709677419355,19.510659671231497,0,MAR,TRUE,NA
PAICS,0,0,19.403605461328713,NA,Complete,TRUE,NA
SCP2,8,12.903225806451612,17.915306006866825,0,MAR,TRUE,NA
UBA1,0,0,23.794068223501796,NA,Complete,TRUE,NA
GPX3,0,0,19.442604671736692,NA,Complete,TRUE,NA
NME2,0,0,24.688726928662952,NA,Complete,TRUE,NA
FDXR,39,62.903225806451616,18.01536673940028,1,MNAR,FALSE,4.997501249375312e-4
HNRNPA2B1,0,0,20.74867178161368,NA,Complete,TRUE,NA
UQCRC2,0,0,27.270276466501787,NA,Complete,TRUE,NA
FECH,0,0,21.81181954402419,NA,Complete,TRUE,NA
AMPD1,2,3.225806451612903,24.60202604865452,0,MAR,TRUE,NA
FBLN1,14,22.58064516129032,17.872068381349386,1,MNAR,TRUE,4.997501249375312e-4
SFPQ,7,11.29032258064516,17.07690782549325,0,MAR,TRUE,NA
PPIB,1,1.6129032258064515,19.67895531690142,0,MAR,TRUE,NA
S100A1,0,0,25.98031113550441,NA,Complete,TRUE,NA
HRC,0,0,23.533994901436788,NA,Complete,TRUE,NA
ME2,1,1.6129032258064515,20.34530498584909,0,MAR,TRUE,NA
WARS1,0,0,22.45707902296329,NA,Complete,TRUE,NA
RPS3,0,0,24.627403733645707,NA,Complete,TRUE,NA
GCSH,14,22.58064516129032,20.60643181113081,0,MAR,TRUE,NA
AHCY,0,0,23.551760416729447,NA,Complete,TRUE,NA
CFL1,0,0,26.282886790881914,NA,Complete,TRUE,NA
EIF4B,2,3.225806451612903,19.86825149062732,0,MAR,TRUE,NA
ATP2B4,6,9.67741935483871,18.34659625709651,0,MAR,TRUE,NA
CPT2,0,0,22.08865186038849,NA,Complete,TRUE,NA
LAMA2,7,11.29032258064516,18.947825658082923,0,MAR,TRUE,NA
GPT,0,0,23.017311869181906,NA,Complete,TRUE,NA
COX7A1,0,0,26.169321418377756,NA,Complete,TRUE,NA
COX7B,1,1.6129032258064515,20.25969783071607,0,MAR,TRUE,NA
EEF1B2,0,0,22.953192756029896,NA,Complete,TRUE,NA
ATP5PB,0,0,25.625374621100782,NA,Complete,TRUE,NA
ACP1,0,0,22.55008680970554,NA,Complete,TRUE,NA
ACAT1,0,0,26.222196867378592,NA,Complete,TRUE,NA
MYL9,41,66.12903225806451,18.39949384793993,1,MNAR,FALSE,0.0069965017491254375
AZGP1,0,0,20.35191381183553,NA,Complete,TRUE,NA
MPST,1,1.6129032258064515,22.100557492390198,0,MAR,TRUE,NA
RPS12,0,0,22.117702356873956,NA,Complete,TRUE,NA
DNAJB2,8,12.903225806451612,17.700046425045016,0,MAR,TRUE,NA
ATP5F1A,0,0,28.059772953990777,NA,Complete,TRUE,NA
PSMA1,0,0,23.13036144065947,NA,Complete,TRUE,NA
PSMA2,0,0,22.042646543294246,NA,Complete,TRUE,NA
PSMA3,0,0,23.56235125659222,NA,Complete,TRUE,NA
PSMA4,0,0,22.982297057535376,NA,Complete,TRUE,NA
MSN,0,0,24.133359573719932,NA,Complete,TRUE,NA
DDX6,12,19.35483870967742,17.463626523467383,0,MAR,TRUE,NA
U2AF2,4,6.451612903225806,17.55934169090721,0,MAR,TRUE,NA
RPL13,0,0,20.676195922104018,NA,Complete,TRUE,NA
IVD,0,0,20.22373246305295,NA,Complete,TRUE,NA
S100A4,0,0,23.61535879845834,NA,Complete,TRUE,NA
HMGB2,3,4.838709677419355,20.744221939310897,0,MAR,TRUE,NA
TARS1,12,19.35483870967742,16.625262693504226,1,MNAR,TRUE,0.04147926036981509
VARS1,0,0,21.902286036880582,NA,Complete,TRUE,NA
EEF1G,0,0,24.112201005099294,NA,Complete,TRUE,NA
PLN,0,0,24.973511591007284,NA,Complete,TRUE,NA
FKBP2,3,4.838709677419355,19.588916825650497,0,MAR,TRUE,NA
STOM,2,3.225806451612903,19.422777111086944,0,MAR,TRUE,NA
MAOB,0,0,22.996708058076784,NA,Complete,TRUE,NA
YWHAQ,1,1.6129032258064515,21.715055331853044,0,MAR,TRUE,NA
MAPK3,11,17.741935483870968,17.414210732566993,0,MAR,TRUE,NA
RPL10,0,0,21.33562857664052,NA,Complete,TRUE,NA
RPA1,10,16.129032258064516,17.430465120519834,0,MAR,TRUE,NA
APEX1,3,4.838709677419355,20.43534917179619,0,MAR,TRUE,NA
CALR,0,0,21.727532993854723,NA,Complete,TRUE,NA
MAP4,0,0,23.065164814918187,NA,Complete,TRUE,NA
CANX,0,0,22.603007744854732,NA,Complete,TRUE,NA
PSMA5,0,0,23.918969549820623,NA,Complete,TRUE,NA
PSMB4,0,0,22.30055229950669,NA,Complete,TRUE,NA
PSMB6,0,0,22.840583113287746,NA,Complete,TRUE,NA
PSMB5,0,0,22.737098532156054,NA,Complete,TRUE,NA
GSTM2,0,0,25.76140156289209,NA,Complete,TRUE,NA
TMOD1,9,14.516129032258066,21.15081872141722,0,MAR,TRUE,NA
NDUFS1,0,0,24.85883487168581,NA,Complete,TRUE,NA
MAPK1,0,0,20.103162891516533,NA,Complete,TRUE,NA
RBL1,26,41.935483870967744,21.393583763074485,0,MAR,TRUE,NA
LAP3,0,0,21.57411407437979,NA,Complete,TRUE,NA
CD38,2,3.225806451612903,19.847629846955655,0,MAR,TRUE,NA
TPP2,0,0,20.73423497889032,NA,Complete,TRUE,NA
IMPA1,0,0,22.58202308140685,NA,Complete,TRUE,NA
EPHA2,2,3.225806451612903,24.66357344960687,0,MAR,TRUE,NA
TKT,12,19.35483870967742,16.894363440874425,1,MNAR,TRUE,9.995002498750624e-4
EEF1D,0,0,23.55672300889491,NA,Complete,TRUE,NA
MARCKS,4,6.451612903225806,19.63527477169776,0,MAR,TRUE,NA
GNA11,23,37.096774193548384,18.01472885128924,1,MNAR,TRUE,0.04897551224387806
ALDH4A1,0,0,23.694597696693684,NA,Complete,TRUE,NA
ERP29,0,0,19.48400817085938,NA,Complete,TRUE,NA
PRDX6,0,0,27.46484538713761,NA,Complete,TRUE,NA
BLVRB,0,0,25.709213251163234,NA,Complete,TRUE,NA
PRDX5,0,0,25.012936002119016,NA,Complete,TRUE,NA
DDT,2,3.225806451612903,22.565618956768727,0,MAR,TRUE,NA
PRDX3,0,0,26.18233147911239,NA,Complete,TRUE,NA
ATP5F1D,0,0,25.578891967862756,NA,Complete,TRUE,NA
RPL12,0,0,20.875645663091557,NA,Complete,TRUE,NA
ECHS1,0,0,24.553792438549582,NA,Complete,TRUE,NA
CMPK1,2,3.225806451612903,18.96104533934048,0,MAR,TRUE,NA
PEBP1,0,0,27.25841248662221,NA,Complete,TRUE,NA
PDIA3,0,0,21.116258361419128,NA,Complete,TRUE,NA
PPP2R1A,0,0,23.750851849935085,NA,Complete,TRUE,NA
PPIF,0,0,22.200411023493732,NA,Complete,TRUE,NA
NMT1,29,46.774193548387096,18.94828768965135,1,MNAR,TRUE,4.997501249375312e-4
ADSS2,4,6.451612903225806,22.051217774659836,0,MAR,TRUE,NA
LRPAP1,17,27.419354838709676,18.002225790486573,1,MNAR,TRUE,4.997501249375312e-4
TSPO,2,3.225806451612903,20.31003128143304,0,MAR,TRUE,NA
ADSL,0,0,23.15689552688874,NA,Complete,TRUE,NA
CLIP1,0,0,20.737684385933896,NA,Complete,TRUE,NA
SRI,3,4.838709677419355,18.62799676992864,0,MAR,TRUE,NA
SERPINB1,0,0,21.828860509452984,NA,Complete,TRUE,NA
ALDH1B1,2,3.225806451612903,22.286241620399718,0,MAR,TRUE,NA
SDHA,0,0,24.888480257343325,NA,Complete,TRUE,NA
GDI1,0,0,21.415412238998094,NA,Complete,TRUE,NA
MAT2A,0,0,19.916711131240415,NA,Complete,TRUE,NA
CASQ1,0,0,29.015411737384937,NA,Complete,TRUE,NA
DNAJA1,37,59.67741935483871,16.19334993663824,1,MNAR,FALSE,0.04447776111944028
AKT2,23,37.096774193548384,17.430507811693214,1,MNAR,TRUE,0.01699150424787606
UQCRC1,0,0,26.691605942905397,NA,Complete,TRUE,NA
HIBADH,0,0,24.468199275244242,NA,Complete,TRUE,NA
ATIC,0,0,22.11045488566211,NA,Complete,TRUE,NA
HNRNPH3,4,6.451612903225806,16.532238664057576,0,MAR,TRUE,NA
HNRNPH1,0,0,19.83780100034683,NA,Complete,TRUE,NA
YWHAB,0,0,25.91460212919274,NA,Complete,TRUE,NA
STIP1,0,0,23.448945450068184,NA,Complete,TRUE,NA
S100A11,2,3.225806451612903,18.41886006182534,0,MAR,TRUE,NA
PRDX2,0,0,26.875897330454126,NA,Complete,TRUE,NA
GBP2,27,43.54838709677419,17.745575329623215,1,MNAR,TRUE,0.2303848075962019
ACSL1,0,0,24.95951637268251,NA,Complete,TRUE,NA
KIF5B,0,0,22.885146541857154,NA,Complete,TRUE,NA
MCM5,8,12.903225806451612,24.44577479826828,0,MAR,TRUE,NA
SHMT1,2,3.225806451612903,19.398294121682657,0,MAR,TRUE,NA
SHMT2,14,22.58064516129032,22.283749000358483,0,MAR,TRUE,NA
HSPA4,0,0,20.8408300004502,NA,Complete,TRUE,NA
MPI,0,0,22.57138057504228,NA,Complete,TRUE,NA
GPC1,6,9.67741935483871,17.857153062439338,0,MAR,TRUE,NA
PFN2,0,0,23.876637923296762,NA,Complete,TRUE,NA
CTNNA1,21,33.87096774193548,15.423164519996927,1,MNAR,TRUE,9.995002498750624e-4
SERPINB6,0,0,21.91512367873907,NA,Complete,TRUE,NA
RDX,0,0,22.071586142828064,NA,Complete,TRUE,NA
RPA3,13,20.967741935483872,18.053138044250147,0,MAR,TRUE,NA
RPL22,0,0,22.23732552894096,NA,Complete,TRUE,NA
SPR,2,3.225806451612903,20.984191629799714,0,MAR,TRUE,NA
THBS4,21,33.87096774193548,17.96878453566422,1,MNAR,TRUE,0.06196901549225387
FBN1,3,4.838709677419355,20.94596724071659,0,MAR,TRUE,NA
AGL,0,0,25.902780350816208,NA,Complete,TRUE,NA
MYH9,0,0,24.166756303420875,NA,Complete,TRUE,NA
COPB2,26,41.935483870967744,16.00592336793388,1,MNAR,TRUE,0.051974012993503245
ACTN2,0,0,25.17631210916578,NA,Complete,TRUE,NA
ADD1,20,32.25806451612903,17.122822305926995,1,MNAR,TRUE,4.997501249375312e-4
BSG,0,0,23.12519241948327,NA,Complete,TRUE,NA
FUS,1,1.6129032258064515,19.673053911550493,0,MAR,TRUE,NA
DEK,26,41.935483870967744,19.71533828079214,1,MNAR,TRUE,9.995002498750624e-4
MYH11,15,24.193548387096776,19.475012605280845,0,MAR,TRUE,NA
GLRX,1,1.6129032258064515,22.202817633153384,0,MAR,TRUE,NA
PPM1A,1,1.6129032258064515,19.637837863202204,0,MAR,TRUE,NA
KRT2,0,0,23.402417037406014,NA,Complete,TRUE,NA
HMGCL,3,4.838709677419355,21.411870253394504,0,MAR,TRUE,NA
PSMC2,0,0,22.568559603444896,NA,Complete,TRUE,NA
ARL3,25,40.32258064516129,17.32954932197839,1,MNAR,TRUE,4.997501249375312e-4
MAP2K2,4,6.451612903225806,18.219399534612485,0,MAR,TRUE,NA
ATP5F1C,0,0,26.24200675587685,NA,Complete,TRUE,NA
ATP6V1E1,9,14.516129032258066,19.404641720335743,0,MAR,TRUE,NA
RPL4,2,3.225806451612903,20.28493863726909,0,MAR,TRUE,NA
LONP1,0,0,21.240701926488985,NA,Complete,TRUE,NA
PGM1,0,0,27.5731970853787,NA,Complete,TRUE,NA
PPP1CC,32,51.61290322580645,15.68627712843987,1,MNAR,FALSE,4.997501249375312e-4
SERPINF1,2,3.225806451612903,19.36214181178445,0,MAR,TRUE,NA
DLST,0,0,24.878393836110916,NA,Complete,TRUE,NA
GMPR,0,0,20.378317895906918,NA,Complete,TRUE,NA
GPX4,0,0,21.712064146058882,NA,Complete,TRUE,NA
SRP14,4,6.451612903225806,19.03313987705105,0,MAR,TRUE,NA
TAGLN2,0,0,19.956612927308672,NA,Complete,TRUE,NA
TALDO1,0,0,22.124434530867692,NA,Complete,TRUE,NA
SNCA,33,53.2258064516129,18.846794363148927,1,MNAR,FALSE,0.03798100949525238
ETFB,0,0,24.16152027561659,NA,Complete,TRUE,NA
ATP6V1A,0,0,20.33529054492717,NA,Complete,TRUE,NA
HSPA9,0,0,24.331731139721516,NA,Complete,TRUE,NA
RPS19,0,0,21.48965706539571,NA,Complete,TRUE,NA
RPL3,15,24.193548387096776,18.092040323016747,1,MNAR,TRUE,0.5952023988005997
COL15A1,13,20.967741935483872,17.04166145284467,1,MNAR,TRUE,0.33383308345827084
COL18A1,23,37.096774193548384,15.925620569720085,1,MNAR,TRUE,4.997501249375312e-4
DDOST,3,4.838709677419355,21.462841624623415,0,MAR,TRUE,NA
ANP32A,1,1.6129032258064515,21.614963542851193,0,MAR,TRUE,NA
CAPG,35,56.451612903225815,15.450678411684837,1,MNAR,FALSE,0.011494252873563218
CAP2,0,0,23.648343977467153,NA,Complete,TRUE,NA
CCT6A,0,0,24.845535160813636,NA,Complete,TRUE,NA
RPL13A,1,1.6129032258064515,23.611963973597984,0,MAR,TRUE,NA
ARL1,32,51.61290322580645,17.73538870115333,1,MNAR,FALSE,0.6561719140429785
STAT3,5,8.064516129032258,17.924195954887946,0,MAR,TRUE,NA
MDH1,0,0,28.364587593895138,NA,Complete,TRUE,NA
MDH2,0,0,27.709463539894795,NA,Complete,TRUE,NA
HADHA,0,0,26.087209168969775,NA,Complete,TRUE,NA
EIF2S3,0,0,19.5206790530995,NA,Complete,TRUE,NA
NAA10,18,29.03225806451613,16.71686162281216,1,MNAR,TRUE,4.997501249375312e-4
PPP1R2,0,0,21.110491922754246,NA,Complete,TRUE,NA
GARS1,2,3.225806451612903,19.553959983014146,0,MAR,TRUE,NA
IARS1,9,14.516129032258066,17.21561834131595,0,MAR,TRUE,NA
EIF1,2,3.225806451612903,20.796635299142846,0,MAR,TRUE,NA
ECI1,0,0,24.554685177860467,NA,Complete,TRUE,NA
TMPO,32,51.61290322580645,15.597531547484497,1,MNAR,FALSE,4.997501249375312e-4
AKR1C3,0,0,21.333057904456062,NA,Complete,TRUE,NA
RPS27,0,0,21.40373734756584,NA,Complete,TRUE,NA
LRPPRC,0,0,22.697746919587004,NA,Complete,TRUE,NA
ACAA2,0,0,24.41700253697327,NA,Complete,TRUE,NA
RPL35,1,1.6129032258064515,20.799453416201253,0,MAR,TRUE,NA
SLC1A4,24,38.70967741935484,18.331713200455308,1,MNAR,TRUE,0.2978510744627686
PAFAH1B1,0,0,21.35218688459157,NA,Complete,TRUE,NA
CRAT,0,0,25.446845186701417,NA,Complete,TRUE,NA
GPD2,0,0,22.128769722649796,NA,Complete,TRUE,NA
NAMPT,0,0,21.115997514878362,NA,Complete,TRUE,NA
PSMC4,0,0,21.036199419462292,NA,Complete,TRUE,NA
TSFM,2,3.225806451612903,17.701382806052667,0,MAR,TRUE,NA
TNNT3,0,0,27.23702906913768,NA,Complete,TRUE,NA
ASPA,16,25.806451612903224,18.809526045018576,0,MAR,TRUE,NA
PPIC,23,37.096774193548384,16.589738613052543,1,MNAR,TRUE,0.2623688155922039
VDAC2,0,0,25.658379409844795,NA,Complete,TRUE,NA
ACADSB,2,3.225806451612903,22.196211314046145,0,MAR,TRUE,NA
USP5,0,0,21.24918125565315,NA,Complete,TRUE,NA
MAP2K4,8,12.903225806451612,17.988121786319795,0,MAR,TRUE,NA
PHKA2,0,0,22.090232845958056,NA,Complete,TRUE,NA
PHKA1,0,0,23.02686385829238,NA,Complete,TRUE,NA
CRKL,0,0,20.83262010605925,NA,Complete,TRUE,NA
MTIF2,34,54.83870967741935,20.61115601561419,1,MNAR,FALSE,0.0024987506246876563
BAG6,27,43.54838709677419,16.08334235544124,1,MNAR,TRUE,4.997501249375312e-4
NSF,2,3.225806451612903,20.358118473831745,0,MAR,TRUE,NA
MAP2K3,0,0,21.069555451853578,NA,Complete,TRUE,NA
RPL27A,2,3.225806451612903,21.3099211684182,0,MAR,TRUE,NA
RPL5,0,0,20.653350284942864,NA,Complete,TRUE,NA
RPL28,0,0,19.86688836255039,NA,Complete,TRUE,NA
RPS9,0,0,22.02270927028244,NA,Complete,TRUE,NA
RPS5,0,0,21.477853693076213,NA,Complete,TRUE,NA
RPS10,0,0,21.764072548211907,NA,Complete,TRUE,NA
GNPDA1,1,1.6129032258064515,22.10149790043373,0,MAR,TRUE,NA
UTRN,1,1.6129032258064515,20.53522601593528,0,MAR,TRUE,NA
IQGAP1,17,27.419354838709676,17.374057627748048,1,MNAR,TRUE,4.997501249375312e-4
GYG1,0,0,25.925466155491684,NA,Complete,TRUE,NA
STT3A,6,9.67741935483871,16.26301273940518,0,MAR,TRUE,NA
CAPZA2,0,0,21.82905121481724,NA,Complete,TRUE,NA
CAPZB,0,0,22.30675796953201,NA,Complete,TRUE,NA
EIF1AX,0,0,18.671909746031343,NA,Complete,TRUE,NA
QARS1,0,0,20.263572546057713,NA,Complete,TRUE,NA
RPL29,0,0,19.921687746893046,NA,Complete,TRUE,NA
UQCRFS1,0,0,25.648507310195594,NA,Complete,TRUE,NA
ATP5PO,0,0,26.316298692890605,NA,Complete,TRUE,NA
LIMS1,10,16.129032258064516,19.218990843561503,0,MAR,TRUE,NA
PREP,0,0,23.637651291907073,NA,Complete,TRUE,NA
ME1,0,0,21.56260069820851,NA,Complete,TRUE,NA
PIP4K2A,19,30.64516129032258,17.528982221915463,1,MNAR,TRUE,4.997501249375312e-4
ARCN1,7,11.29032258064516,16.677908095749757,0,MAR,TRUE,NA
LSS,5,8.064516129032258,19.602368502492375,0,MAR,TRUE,NA
GCLM,5,8.064516129032258,17.21668992783707,0,MAR,TRUE,NA
CD151,8,12.903225806451612,17.02058188030389,0,MAR,TRUE,NA
PSMD8,1,1.6129032258064515,22.200367865251128,0,MAR,TRUE,NA
GSS,0,0,20.547059876178356,NA,Complete,TRUE,NA
CCT5,0,0,22.115214001465596,NA,Complete,TRUE,NA
NES,36,58.06451612903226,20.180682673679637,1,MNAR,FALSE,0.004497751124437781
IDH2,0,0,27.91507362424052,NA,Complete,TRUE,NA
TNNI2,0,0,26.67357802952199,NA,Complete,TRUE,NA
PXN,21,33.87096774193548,14.511689412969318,1,MNAR,TRUE,4.997501249375312e-4
ALDH9A1,0,0,23.80991220530142,NA,Complete,TRUE,NA
RPL34,11,17.741935483870968,17.309355050353435,0,MAR,TRUE,NA
LMAN1,2,3.225806451612903,18.703670002329677,0,MAR,TRUE,NA
FNTA,6,9.67741935483871,17.25063676046045,0,MAR,TRUE,NA
CCT3,0,0,22.340072066245927,NA,Complete,TRUE,NA
MRPL19,23,37.096774193548384,18.069735293275198,1,MNAR,TRUE,0.025487256371814093
TUFM,0,0,24.234341687708657,NA,Complete,TRUE,NA
ALDH7A1,2,3.225806451612903,17.957912170922768,0,MAR,TRUE,NA
CDC34,2,3.225806451612903,24.051299254311918,0,MAR,TRUE,NA
PCYT1A,8,12.903225806451612,17.14687163083865,0,MAR,TRUE,NA
AARS1,1,1.6129032258064515,19.470530821748937,0,MAR,TRUE,NA
CARS1,19,30.64516129032258,17.998178329635255,1,MNAR,TRUE,0.7861069465267366
SARS1,6,9.67741935483871,17.72537078145651,0,MAR,TRUE,NA
PSMB3,0,0,21.6783331435468,NA,Complete,TRUE,NA
PSMB2,0,0,23.00223555144424,NA,Complete,TRUE,NA
ACADVL,0,0,25.700699215382514,NA,Complete,TRUE,NA
ACOT2,0,0,24.187278271414748,NA,Complete,TRUE,NA
TMED10,13,20.967741935483872,20.467379974366363,0,MAR,TRUE,NA
HINT1,0,0,25.44563008500519,NA,Complete,TRUE,NA
NDUFV1,0,0,24.490674076662312,NA,Complete,TRUE,NA
GSK3A,10,16.129032258064516,16.13543349784203,1,MNAR,TRUE,0.00399800099950025
GSK3B,6,9.67741935483871,17.328109156456122,0,MAR,TRUE,NA
IDH3A,0,0,24.349266081658218,NA,Complete,TRUE,NA
SULT1A1,7,11.29032258064516,16.93322808713805,0,MAR,TRUE,NA
GDI2,0,0,23.61362376854251,NA,Complete,TRUE,NA
EMD,5,8.064516129032258,17.947669997312392,0,MAR,TRUE,NA
CPT1A,10,16.129032258064516,18.803183284915097,0,MAR,TRUE,NA
SERPINH1,39,62.903225806451616,20.20974586249611,1,MNAR,FALSE,0.008995502248875561
CSRP3,0,0,27.40944181695441,NA,Complete,TRUE,NA
ST13,0,0,24.255522465605992,NA,Complete,TRUE,NA
DNM2,0,0,20.107118077728163,NA,Complete,TRUE,NA
METAP2,6,9.67741935483871,18.84675313195709,0,MAR,TRUE,NA
NUDT2,30,48.38709677419355,19.715495501230457,1,MNAR,TRUE,0.5657171414292853
LRBA,11,17.741935483870968,21.010601721354686,0,MAR,TRUE,NA
BCAM,3,4.838709677419355,16.172457184842703,0,MAR,TRUE,NA
RPL14,10,16.129032258064516,20.59226049852197,0,MAR,TRUE,NA
CCT8,0,0,22.631214367566812,NA,Complete,TRUE,NA
CCT4,0,0,22.115987403708555,NA,Complete,TRUE,NA
ATP1A2,0,0,23.407203122330532,NA,Complete,TRUE,NA
ANXA11,0,0,23.505052239497704,NA,Complete,TRUE,NA
FXR1,2,3.225806451612903,20.25345003779769,0,MAR,TRUE,NA
RAB5C,0,0,21.95714282925406,NA,Complete,TRUE,NA
RAB7A,0,0,23.21838028651604,NA,Complete,TRUE,NA
DUSP3,0,0,24.50567379937744,NA,Complete,TRUE,NA
IDH3G,0,0,22.320126014952333,NA,Complete,TRUE,NA
GALK1,8,12.903225806451612,20.16568668137629,0,MAR,TRUE,NA
SSR4,30,48.38709677419355,13.068063144066336,1,MNAR,TRUE,4.997501249375312e-4
BCAP31,0,0,21.884799678936705,NA,Complete,TRUE,NA
MECP2,19,30.64516129032258,16.234105070183258,1,MNAR,TRUE,9.995002498750624e-4
CAV2,39,62.903225806451616,15.977051310811255,1,MNAR,FALSE,4.997501249375312e-4
ALDH3A2,0,0,20.455642613459585,NA,Complete,TRUE,NA
ALDH5A1,0,0,22.87600378005447,NA,Complete,TRUE,NA
HSD17B4,0,0,17.99289019193023,NA,Complete,TRUE,NA
PSMD7,0,0,20.2124275537951,NA,Complete,TRUE,NA
UBE2D1,0,0,21.91641175638406,NA,Complete,TRUE,NA
SUOX,0,0,20.557562741886724,NA,Complete,TRUE,NA
STAT5B,3,4.838709677419355,19.015148210792812,0,MAR,TRUE,NA
RPS6KA3,0,0,20.66470307854924,NA,Complete,TRUE,NA
HDGF,0,0,21.165827410568195,NA,Complete,TRUE,NA
LUM,0,0,23.376188791207763,NA,Complete,TRUE,NA
PRELP,4,6.451612903225806,19.49956711927029,0,MAR,TRUE,NA
NDUFA8,0,0,24.255132936958315,NA,Complete,TRUE,NA
HNRNPA3,12,19.35483870967742,17.440379844385824,0,MAR,TRUE,NA
MYOM1,0,0,24.790219417623153,NA,Complete,TRUE,NA
PGD,0,0,21.259795819524552,NA,Complete,TRUE,NA
HNRNPM,17,27.419354838709676,18.3200710770183,1,MNAR,TRUE,4.997501249375312e-4
KPNA1,2,3.225806451612903,21.267863975704586,0,MAR,TRUE,NA
MAP2K6,0,0,21.729151858221723,NA,Complete,TRUE,NA
ARHGDIA,0,0,23.612688837957677,NA,Complete,TRUE,NA
ARHGDIB,5,8.064516129032258,17.950004643357673,0,MAR,TRUE,NA
RIDA,0,0,22.9547140718011,NA,Complete,TRUE,NA
MRPL12,17,27.419354838709676,17.65643512948209,1,MNAR,TRUE,0.025987006496751622
THOP1,6,9.67741935483871,17.555648098184577,0,MAR,TRUE,NA
AKR1C2,21,33.87096774193548,20.93146667341832,0,MAR,TRUE,NA
CAPZA1,0,0,22.050796213154836,NA,Complete,TRUE,NA
CRIP2,8,12.903225806451612,17.67045750212487,0,MAR,TRUE,NA
BLVRA,0,0,20.41754478991269,NA,Complete,TRUE,NA
PPP5C,3,4.838709677419355,20.55082937878382,0,MAR,TRUE,NA
NUBP1,24,38.70967741935484,15.866857585136122,1,MNAR,TRUE,0.005497251374312844
SUCLG1,0,0,24.966212691945806,NA,Complete,TRUE,NA
COPA,5,8.064516129032258,17.804428286620244,0,MAR,TRUE,NA
HCCS,6,9.67741935483871,18.68237689728719,0,MAR,TRUE,NA
MAPK12,2,3.225806451612903,21.275776227388025,0,MAR,TRUE,NA
SMTN,4,6.451612903225806,19.421778354530836,0,MAR,TRUE,NA
SLC16A1,1,1.6129032258064515,23.36467157808262,0,MAR,TRUE,NA
IST1,1,1.6129032258064515,19.393866800194033,0,MAR,TRUE,NA
SEC24C,3,4.838709677419355,21.872081772651164,0,MAR,TRUE,NA
SUB1,2,3.225806451612903,18.996492471426272,0,MAR,TRUE,NA
RARS1,0,0,19.66996431557893,NA,Complete,TRUE,NA
CACNB3,0,0,22.402356094860675,NA,Complete,TRUE,NA
CACNA2D1,0,0,23.208949043598405,NA,Complete,TRUE,NA
MYOM2,0,0,25.74630399804595,NA,Complete,TRUE,NA
YARS1,5,8.064516129032258,19.271780878139992,0,MAR,TRUE,NA
USP14,0,0,22.401703276603097,NA,Complete,TRUE,NA
PRKAG1,0,0,21.460462216185967,NA,Complete,TRUE,NA
PRKAA2,0,0,20.709582565127103,NA,Complete,TRUE,NA
HSPA2,0,0,24.305579291111435,NA,Complete,TRUE,NA
RAD23A,0,0,21.886495887676794,NA,Complete,TRUE,NA
RAD23B,0,0,22.187088931521576,NA,Complete,TRUE,NA
AK2,0,0,23.278229242188782,NA,Complete,TRUE,NA
NAPA,0,0,23.462178304524492,NA,Complete,TRUE,NA
EIF5,0,0,21.606856213443926,NA,Complete,TRUE,NA
PSMD4,0,0,22.532498751659478,NA,Complete,TRUE,NA
DRG2,36,58.06451612903226,16.926754746202686,1,MNAR,FALSE,0.062468765617191405
RRAD,29,46.774193548387096,18.879398502709194,1,MNAR,TRUE,0.20039980009995004
CSE1L,0,0,22.137050573188635,NA,Complete,TRUE,NA
VCP,0,0,23.256395222255236,NA,Complete,TRUE,NA
HADHB,0,0,26.00502822029642,NA,Complete,TRUE,NA
NAP1L1,2,3.225806451612903,21.41963184633219,0,MAR,TRUE,NA
ADK,5,8.064516129032258,19.869944892843936,0,MAR,TRUE,NA
LAMB2,7,11.29032258064516,19.76202361142398,0,MAR,TRUE,NA
CDH13,0,0,21.862649649068274,NA,Complete,TRUE,NA
TPD52,29,46.774193548387096,17.651783715411778,1,MNAR,TRUE,0.46026986506746626
SEC13,8,12.903225806451612,17.82943591972077,0,MAR,TRUE,NA
SNU13,5,8.064516129032258,17.592363435634223,0,MAR,TRUE,NA
NPEPPS,0,0,24.81972266689604,NA,Complete,TRUE,NA
HNRNPH2,37,59.67741935483871,19.071181750379015,1,MNAR,FALSE,0.008995502248875561
OXCT1,24,38.70967741935484,18.082066024635036,1,MNAR,TRUE,9.995002498750624e-4
SH3BGR,0,0,24.118703688508713,NA,Complete,TRUE,NA
EIF3B,0,0,18.85908036099332,NA,Complete,TRUE,NA
ATP5MF,0,0,25.54388605859961,NA,Complete,TRUE,NA
NDUFV3,0,0,21.869062770601747,NA,Complete,TRUE,NA
MARS1,32,51.61290322580645,17.57375652073067,1,MNAR,FALSE,0.00399800099950025
ARPP19,6,9.67741935483871,20.170015367956125,0,MAR,TRUE,NA
ATP5F1E,0,0,24.18375291631283,NA,Complete,TRUE,NA
ATP5ME,0,0,25.191535821238578,NA,Complete,TRUE,NA
EIF6,2,3.225806451612903,20.687354812551565,0,MAR,TRUE,NA
NDUFA6,0,0,23.703269934098547,NA,Complete,TRUE,NA
SYNJ2BP,0,0,20.75093149253022,NA,Complete,TRUE,NA
EEFSEC,27,43.54838709677419,16.115955509759296,1,MNAR,TRUE,0.008995502248875561
MTPN,0,0,21.085168976584093,NA,Complete,TRUE,NA
DEFA3,0,0,22.06112592854796,NA,Complete,TRUE,NA
ARPC4,6,9.67741935483871,19.01341235578311,0,MAR,TRUE,NA
CD81,21,33.87096774193548,17.474817214213527,1,MNAR,TRUE,0.01699150424787606
TPI1,0,0,29.337760235864405,NA,Complete,TRUE,NA
EIF3E,1,1.6129032258064515,19.311481488380252,0,MAR,TRUE,NA
SEC61B,32,51.61290322580645,16.189881293822058,1,MNAR,FALSE,0.015992003998001
GABARAPL2,15,24.193548387096776,18.784708977567348,0,MAR,TRUE,NA
ROMO1,0,0,18.91462956444733,NA,Complete,TRUE,NA
MYL6,0,0,28.819132647783434,NA,Complete,TRUE,NA
ACTB,0,0,30.93104866705219,NA,Complete,TRUE,NA
EIF4A1,0,0,22.85321780404892,NA,Complete,TRUE,NA
RPS20,0,0,22.55305649363964,NA,Complete,TRUE,NA
PRPS1,0,0,22.074192781848836,NA,Complete,TRUE,NA
PSMA6,0,0,23.761228734704112,NA,Complete,TRUE,NA
S100A10,0,0,22.007728470867818,NA,Complete,TRUE,NA
CDC42,0,0,22.254937860395398,NA,Complete,TRUE,NA
DSTN,2,3.225806451612903,21.664562052364907,0,MAR,TRUE,NA
RAB2A,0,0,21.20617168147179,NA,Complete,TRUE,NA
RAB5B,2,3.225806451612903,20.238824627948265,0,MAR,TRUE,NA
RAB10,0,0,22.247284918029322,NA,Complete,TRUE,NA
UBE2D3,0,0,23.420612798307065,NA,Complete,TRUE,NA
UBE2M,0,0,21.65360290625484,NA,Complete,TRUE,NA
UBE2K,2,3.225806451612903,18.94396418412265,0,MAR,TRUE,NA
UBE2N,0,0,23.924602387427772,NA,Complete,TRUE,NA
RAB14,3,4.838709677419355,19.67023968798311,0,MAR,TRUE,NA
ACTR3,0,0,19.21433706039763,NA,Complete,TRUE,NA
ACTR2,0,0,19.099808107503492,NA,Complete,TRUE,NA
ACTR1A,0,0,22.13371195461014,NA,Complete,TRUE,NA
COPS2,0,0,22.538568070414357,NA,Complete,TRUE,NA
ABCE1,0,0,19.155940066118635,NA,Complete,TRUE,NA
RAP1B,0,0,23.108551456151623,NA,Complete,TRUE,NA
RPS3A,0,0,22.490889056862997,NA,Complete,TRUE,NA
RPL26,0,0,20.85828163176706,NA,Complete,TRUE,NA
RPL15,4,6.451612903225806,21.86196990260735,0,MAR,TRUE,NA
RPL27,33,53.2258064516129,18.791600325977335,1,MNAR,FALSE,0.1664167916041979
PCBD1,0,0,22.86647044665434,NA,Complete,TRUE,NA
RPL37A,11,17.741935483870968,18.393101493843176,0,MAR,TRUE,NA
RHOA,0,0,23.266449252564765,NA,Complete,TRUE,NA
HSPE1,0,0,24.63375272981711,NA,Complete,TRUE,NA
SEC61A1,36,58.06451612903226,16.931266036430678,1,MNAR,FALSE,0.008995502248875561
VBP1,0,0,23.247535880942937,NA,Complete,TRUE,NA
B2M,7,11.29032258064516,21.21343895338755,0,MAR,TRUE,NA
DAD1,37,59.67741935483871,16.142991264441548,1,MNAR,FALSE,4.997501249375312e-4
NPC2,30,48.38709677419355,14.564244751843681,1,MNAR,TRUE,4.997501249375312e-4
PKIA,0,0,21.135875470896814,NA,Complete,TRUE,NA
SUMO2,4,6.451612903225806,18.63490955879974,0,MAR,TRUE,NA
UFM1,21,33.87096774193548,18.79658858894374,1,MNAR,TRUE,0.5792103948025987
NUTF2,0,0,24.365769540330614,NA,Complete,TRUE,NA
HNRNPK,0,0,21.884951185887026,NA,Complete,TRUE,NA
YWHAG,0,0,25.549294135230426,NA,Complete,TRUE,NA
RRAS2,2,3.225806451612903,19.702941095986123,0,MAR,TRUE,NA
TIMM10,0,0,20.000490801603405,NA,Complete,TRUE,NA
RPS7,1,1.6129032258064515,20.418693440206727,0,MAR,TRUE,NA
PPP1CA,0,0,22.55428184315826,NA,Complete,TRUE,NA
PPP1CB,0,0,22.73437159785069,NA,Complete,TRUE,NA
PSMC1,0,0,21.38523318833361,NA,Complete,TRUE,NA
PSMC5,0,0,20.781587981198783,NA,Complete,TRUE,NA
RPS8,0,0,20.8874686611181,NA,Complete,TRUE,NA
RPS15A,1,1.6129032258064515,22.242574820303364,0,MAR,TRUE,NA
RPS16,0,0,23.338987194844446,NA,Complete,TRUE,NA
UBE2G1,32,51.61290322580645,14.960153620460922,1,MNAR,FALSE,0.0079960019990005
YWHAE,0,0,26.931891185377626,NA,Complete,TRUE,NA
RPS14,0,0,21.171561582030687,NA,Complete,TRUE,NA
RPS23,1,1.6129032258064515,18.752406239146413,0,MAR,TRUE,NA
RPS18,0,0,22.06453373776069,NA,Complete,TRUE,NA
RPS13,0,0,22.379830576699224,NA,Complete,TRUE,NA
RPS11,1,1.6129032258064515,22.826655144341064,0,MAR,TRUE,NA
SNRPD2,13,20.967741935483872,17.94191663112194,0,MAR,TRUE,NA
SNRPD3,1,1.6129032258064515,20.182252707049205,0,MAR,TRUE,NA
TMSB4X,1,1.6129032258064515,19.75243628606557,0,MAR,TRUE,NA
PSMC6,0,0,22.416891802455172,NA,Complete,TRUE,NA
RPL7A,4,6.451612903225806,19.947851883162595,0,MAR,TRUE,NA
ETF1,3,4.838709677419355,18.172547667908596,0,MAR,TRUE,NA
CNBP,0,0,21.10314049838799,NA,Complete,TRUE,NA
RPS4X,0,0,21.66506211663144,NA,Complete,TRUE,NA
RPL23A,0,0,21.776943621303303,NA,Complete,TRUE,NA
RPS6,2,3.225806451612903,20.21996249064239,0,MAR,TRUE,NA
H2BC4,0,0,25.921476241910838,NA,Complete,TRUE,NA
RAB1A,3,4.838709677419355,18.296303514892905,0,MAR,TRUE,NA
RAN,0,0,24.01416702533729,NA,Complete,TRUE,NA
RPL23,1,1.6129032258064515,21.221987003687374,0,MAR,TRUE,NA
RAP1A,33,53.2258064516129,14.604257915988638,1,MNAR,FALSE,0.01899050474762619
RPS15,0,0,21.82474446816174,NA,Complete,TRUE,NA
RPS24,5,8.064516129032258,20.572038376949514,0,MAR,TRUE,NA
RPS25,0,0,22.874144673950788,NA,Complete,TRUE,NA
RPS26,0,0,20.412306932340005,NA,Complete,TRUE,NA
RPS28,0,0,21.183701647992397,NA,Complete,TRUE,NA
GNB1,0,0,22.446514073181877,NA,Complete,TRUE,NA
GNB2,0,0,19.835599755075425,NA,Complete,TRUE,NA
RPL30,0,0,20.078213217964713,NA,Complete,TRUE,NA
RPL31,0,0,20.623692954608007,NA,Complete,TRUE,NA
RPL10A,0,0,21.40241402951405,NA,Complete,TRUE,NA
RPL32,17,27.419354838709676,18.191299276297162,1,MNAR,TRUE,1
RPL11,8,12.903225806451612,19.017409582339695,0,MAR,TRUE,NA
RPL8,2,3.225806451612903,21.21692580431295,0,MAR,TRUE,NA
PPIA,0,0,25.507464016847184,NA,Complete,TRUE,NA
FKBP1A,0,0,22.00989948082612,NA,Complete,TRUE,NA
RPS27A,0,0,26.398905791862422,NA,Complete,TRUE,NA
GRB2,1,1.6129032258064515,20.409508215199505,0,MAR,TRUE,NA
RAC1,0,0,22.36083176053697,NA,Complete,TRUE,NA
AP2B1,5,8.064516129032258,19.42404283810919,0,MAR,TRUE,NA
VAMP2,38,61.29032258064516,17.625859511430196,1,MNAR,FALSE,0.025487256371814093
PPP3R1,0,0,21.59102047476227,NA,Complete,TRUE,NA
YWHAZ,0,0,22.38947895883745,NA,Complete,TRUE,NA
UBE2B,17,27.419354838709676,18.70559065381425,0,MAR,TRUE,NA
PPP2R2A,0,0,21.677629948027523,NA,Complete,TRUE,NA
DYNLL1,1,1.6129032258064515,22.414890126965904,0,MAR,TRUE,NA
DYNLT1,5,8.064516129032258,21.63636350691471,0,MAR,TRUE,NA
RPL38,12,19.35483870967742,20.736985512017874,0,MAR,TRUE,NA
SKP1,0,0,22.2710493590484,NA,Complete,TRUE,NA
RPS21,0,0,23.05120102960704,NA,Complete,TRUE,NA
EIF5A,0,0,25.074065829559682,NA,Complete,TRUE,NA
RACK1,0,0,21.81040714294809,NA,Complete,TRUE,NA
UBE2I,0,0,20.39778417918856,NA,Complete,TRUE,NA
SELENOW,7,11.29032258064516,18.932733003358436,0,MAR,TRUE,NA
TNNC1,0,0,26.20577651458186,NA,Complete,TRUE,NA
PPP2CA,0,0,22.632222228065675,NA,Complete,TRUE,NA
YBX1,0,0,22.710426759605983,NA,Complete,TRUE,NA
CSNK2B,2,3.225806451612903,19.074578285783012,0,MAR,TRUE,NA
TPM4,6,9.67741935483871,18.164318362206835,0,MAR,TRUE,NA
UBE2L3,0,0,22.307674484817397,NA,Complete,TRUE,NA
EEF1A1,0,0,28.018308969694427,NA,Complete,TRUE,NA
ACTA1,0,0,31.371932842456783,NA,Complete,TRUE,NA
TUBA1B,0,0,25.74368974892886,NA,Complete,TRUE,NA
TUBA4A,0,0,25.21872703629338,NA,Complete,TRUE,NA
TUBB4B,0,0,25.486868865789873,NA,Complete,TRUE,NA
CSNK2A1,1,1.6129032258064515,19.52817947302922,0,MAR,TRUE,NA
PAFAH1B2,21,33.87096774193548,19.44271042792945,1,MNAR,TRUE,4.997501249375312e-4
EIF4G2,9,14.516129032258066,18.23472242299083,0,MAR,TRUE,NA
PIP4K2B,6,9.67741935483871,16.417989800990256,0,MAR,TRUE,NA
CCT2,0,0,24.900635991211757,NA,Complete,TRUE,NA
GSTO1,0,0,24.0509768542752,NA,Complete,TRUE,NA
PRKDC,9,14.516129032258066,18.588833753044224,0,MAR,TRUE,NA
DCD,0,0,22.85088474304396,NA,Complete,TRUE,NA
MRPS25,8,12.903225806451612,18.08299435809991,0,MAR,TRUE,NA
MRPS35,33,53.2258064516129,15.310404491586485,1,MNAR,FALSE,0.035982008995502246
MRPS5,18,29.03225806451613,17.220197711918818,1,MNAR,TRUE,0.0024987506246876563
MRPS36,4,6.451612903225806,22.22205191663758,0,MAR,TRUE,NA
MRPS15,24,38.70967741935484,17.169371653565815,1,MNAR,TRUE,0.7161419290354822
MRPS21,16,25.806451612903224,15.30219431529152,1,MNAR,TRUE,0.10194902548725637
SARNP,21,33.87096774193548,15.869184863714947,1,MNAR,TRUE,9.995002498750624e-4
LACTB,0,0,21.593631829249656,NA,Complete,TRUE,NA
RPL24,2,3.225806451612903,19.680204443325444,0,MAR,TRUE,NA
ARF1,0,0,22.175896289395453,NA,Complete,TRUE,NA
ARF5,7,11.29032258064516,18.602912997547435,0,MAR,TRUE,NA
ERH,22,35.483870967741936,16.57422054980258,1,MNAR,TRUE,4.997501249375312e-4
RHOG,29,46.774193548387096,14.352529192990433,1,MNAR,TRUE,4.997501249375312e-4
RPL19,0,0,21.72909944217981,NA,Complete,TRUE,NA
SRSF3,27,43.54838709677419,20.002308538694827,1,MNAR,TRUE,0.0544727636181909
MXRA7,33,53.2258064516129,15.809267288976889,1,MNAR,FALSE,0.06746626686656672
H3-3A,0,0,24.562508237229352,NA,Complete,TRUE,NA
FBLN2,27,43.54838709677419,17.570249512391236,1,MNAR,TRUE,4.997501249375312e-4
HSPG2,0,0,21.936781087250473,NA,Complete,TRUE,NA
RBM3,4,6.451612903225806,19.142133930860396,0,MAR,TRUE,NA
CYCS,0,0,26.718771299744983,NA,Complete,TRUE,NA
MPP1,30,48.38709677419355,15.433997615933999,1,MNAR,TRUE,0.3548225887056472
TFAM,2,3.225806451612903,21.127981888712444,0,MAR,TRUE,NA
PITPNA,23,37.096774193548384,16.80536206463623,1,MNAR,TRUE,4.997501249375312e-4
SLC25A3,0,0,26.21345566281521,NA,Complete,TRUE,NA
HDLBP,31,50,15.899202004099081,1,MNAR,FALSE,0.0034982508745627187
PURA,1,1.6129032258064515,18.343644484726216,0,MAR,TRUE,NA
CLTC,0,0,21.107119648356022,NA,Complete,TRUE,NA
FKBP3,0,0,25.125099520792183,NA,Complete,TRUE,NA
REEP5,0,0,24.497085571677,NA,Complete,TRUE,NA
SORD,17,27.419354838709676,17.712024590184765,1,MNAR,TRUE,0.027486256871564217
HNRNPU,0,0,19.66262955268134,NA,Complete,TRUE,NA
MYBPC1,0,0,27.97941070647011,NA,Complete,TRUE,NA
PLIN5,14,22.58064516129032,17.48373783897551,1,MNAR,TRUE,4.997501249375312e-4
SPTBN1,0,0,20.40978271316702,NA,Complete,TRUE,NA
TIAL1,16,25.806451612903224,20.421686360920138,0,MAR,TRUE,NA
SET,8,12.903225806451612,19.98717651610406,0,MAR,TRUE,NA
AMPD3,1,1.6129032258064515,24.431921255261337,0,MAR,TRUE,NA
FABP5,0,0,22.879282134405425,NA,Complete,TRUE,NA
ANK2,12,19.35483870967742,22.64569352691262,0,MAR,TRUE,NA
CAP1,2,3.225806451612903,21.275462003423222,0,MAR,TRUE,NA
EWSR1,21,33.87096774193548,17.124942950634047,1,MNAR,TRUE,0.011494252873563218
TAGLN,2,3.225806451612903,21.755725472154932,0,MAR,TRUE,NA
OGDH,0,0,25.11102883977652,NA,Complete,TRUE,NA
COX6A2,13,20.967741935483872,23.13280961891061,0,MAR,TRUE,NA
ALDH6A1,1,1.6129032258064515,19.825905103319716,0,MAR,TRUE,NA
BDH1,2,3.225806451612903,20.036364829517236,0,MAR,TRUE,NA
COL7A1,7,11.29032258064516,20.12225829585415,0,MAR,TRUE,NA
RPL18A,19,30.64516129032258,19.185648829484652,0,MAR,TRUE,NA
CACNB1,0,0,22.688860020321375,NA,Complete,TRUE,NA
MAP2K1,0,0,21.597549187977748,NA,Complete,TRUE,NA
FKBP4,0,0,20.39965132953311,NA,Complete,TRUE,NA
RPL6,0,0,20.674296848249643,NA,Complete,TRUE,NA
AKAP12,11,17.741935483870968,16.152186207950432,1,MNAR,TRUE,0.0014992503748125937
SLC25A11,0,0,24.417655362193063,NA,Complete,TRUE,NA
CAV1,0,0,22.214790239528032,NA,Complete,TRUE,NA
ACY1,0,0,20.80893079687266,NA,Complete,TRUE,NA
LMNB2,3,4.838709677419355,19.950384612779995,0,MAR,TRUE,NA
UBXN1,1,1.6129032258064515,16.306720852265578,0,MAR,TRUE,NA
GBE1,0,0,22.769085602272902,NA,Complete,TRUE,NA
EIF4G1,0,0,20.83795128522401,NA,Complete,TRUE,NA
PRKCQ,19,30.64516129032258,18.23603671004247,1,MNAR,TRUE,0.005997001499250375
GLO1,0,0,25.55111029016273,NA,Complete,TRUE,NA
AKR1C1,2,3.225806451612903,22.81610065298108,0,MAR,TRUE,NA
SSBP1,0,0,21.911697384492744,NA,Complete,TRUE,NA
YWHAH,0,0,21.768942947187718,NA,Complete,TRUE,NA
PLP2,30,48.38709677419355,15.82579402695962,1,MNAR,TRUE,0.13043478260869565
UBE3A,6,9.67741935483871,16.812590484194867,0,MAR,TRUE,NA
SRSF11,31,50,16.67160836528065,1,MNAR,FALSE,9.995002498750624e-4
EEF1A2,0,0,27.12678313494836,NA,Complete,TRUE,NA
CALD1,28,45.16129032258064,16.89328645343744,1,MNAR,TRUE,0.010494752623688156
COL14A1,6,9.67741935483871,24.231729451985426,0,MAR,TRUE,NA
PTPN11,8,12.903225806451612,17.875723651914306,0,MAR,TRUE,NA
PSME1,0,0,21.58802911790676,NA,Complete,TRUE,NA
CACNG1,2,3.225806451612903,17.01480860674216,0,MAR,TRUE,NA
ZNF33A,0,0,22.53106619341453,NA,Complete,TRUE,NA
PRDX1,0,0,26.624702012023235,NA,Complete,TRUE,NA
RPL18,9,14.516129032258066,20.982576875435942,0,MAR,TRUE,NA
C1QBP,0,0,23.557708231734328,NA,Complete,TRUE,NA
CKAP4,28,45.16129032258064,17.938251684126982,1,MNAR,TRUE,0.001999000499750125
DPT,26,41.935483870967744,18.01155939497832,1,MNAR,TRUE,4.997501249375312e-4
KLC1,17,27.419354838709676,16.909180206360666,1,MNAR,TRUE,4.997501249375312e-4
SRSF1,23,37.096774193548384,18.142337727959013,1,MNAR,TRUE,4.997501249375312e-4
ARHGAP1,6,9.67741935483871,17.03425971095794,0,MAR,TRUE,NA
ACTN3,8,12.903225806451612,23.77646957082148,0,MAR,TRUE,NA
PPP3CA,0,0,23.23118577780168,NA,Complete,TRUE,NA
DHX9,6,9.67741935483871,18.834300595836574,0,MAR,TRUE,NA
CRYZ,0,0,22.812220542647953,NA,Complete,TRUE,NA
SLC20A2,7,11.29032258064516,21.170261793171097,0,MAR,TRUE,NA
PUDP,5,8.064516129032258,21.16697256322771,0,MAR,TRUE,NA
CD47,1,1.6129032258064515,18.93467727723857,0,MAR,TRUE,NA
PPID,30,48.38709677419355,19.06177343674679,1,MNAR,TRUE,0.22688655672163918
AHNAK,0,0,24.85111646928934,NA,Complete,TRUE,NA
LMOD3,23,37.096774193548384,16.314323193270134,1,MNAR,TRUE,0.17491254372813594
HSPA14,29,46.774193548387096,15.565420951244201,1,MNAR,TRUE,0.02348825587206397
SCRN3,20,32.25806451612903,18.35218235626525,1,MNAR,TRUE,0.2413793103448276
NEXN,3,4.838709677419355,20.735564079769354,0,MAR,TRUE,NA
AP1B1,22,35.483870967741936,15.779109844715311,1,MNAR,TRUE,0.18840579710144928
BST2,9,14.516129032258066,18.700226787295207,0,MAR,TRUE,NA
PMPCA,25,40.32258064516129,17.637497976446323,1,MNAR,TRUE,9.995002498750624e-4
ASPH,7,11.29032258064516,18.92953351168296,0,MAR,TRUE,NA
EFEMP1,36,58.06451612903226,17.57307435884115,1,MNAR,FALSE,0.008995502248875561
STX4,32,51.61290322580645,14.954163400959084,1,MNAR,FALSE,4.997501249375312e-4
GRSF1,13,20.967741935483872,19.693079019597572,0,MAR,TRUE,NA
AIMP1,0,0,20.578862598618556,NA,Complete,TRUE,NA
ILF3,12,19.35483870967742,19.908189861017767,0,MAR,TRUE,NA
TRAP1,0,0,20.799517074164772,NA,Complete,TRUE,NA
ANK3,5,8.064516129032258,16.789694735464426,0,MAR,TRUE,NA
HSPB3,0,0,21.352778964765267,NA,Complete,TRUE,NA
ECH1,0,0,25.221965059328898,NA,Complete,TRUE,NA
STRN3,6,9.67741935483871,19.31223711453867,0,MAR,TRUE,NA
COASY,14,22.58064516129032,18.794278894029727,0,MAR,TRUE,NA
TRDN,1,1.6129032258064515,22.526187110484184,0,MAR,TRUE,NA
ACACA,0,0,24.175770942129038,NA,Complete,TRUE,NA
GPS1,0,0,21.61860775773458,NA,Complete,TRUE,NA
MTAP,7,11.29032258064516,18.2430561777455,0,MAR,TRUE,NA
PRKAA1,0,0,20.658118491658026,NA,Complete,TRUE,NA
TARDBP,5,8.064516129032258,20.165132128147864,0,MAR,TRUE,NA
PAK1,41,66.12903225806451,16.0124908181861,1,MNAR,FALSE,0.005997001499250375
AIMP2,0,0,20.202160114343457,NA,Complete,TRUE,NA
PRDX4,5,8.064516129032258,19.920303643947847,0,MAR,TRUE,NA
PAK2,0,0,19.77304010070078,NA,Complete,TRUE,NA
CBX3,26,41.935483870967744,15.867001744552331,1,MNAR,TRUE,4.997501249375312e-4
PSMD2,0,0,21.739196896913334,NA,Complete,TRUE,NA
MYBPH,9,14.516129032258066,20.638642179566013,0,MAR,TRUE,NA
SELENBP1,0,0,24.64177508638943,NA,Complete,TRUE,NA
TRIM28,9,14.516129032258066,17.5416479288987,0,MAR,TRUE,NA
G3BP1,15,24.193548387096776,16.30030782916627,1,MNAR,TRUE,0.01249375312343828
PABPC4,17,27.419354838709676,20.2724850601917,0,MAR,TRUE,NA
SGCG,0,0,22.606580470757198,NA,Complete,TRUE,NA
EIF3I,4,6.451612903225806,19.09305639238274,0,MAR,TRUE,NA
CTBP1,6,9.67741935483871,19.858111590537295,0,MAR,TRUE,NA
UBE2V1,0,0,22.349389089915793,NA,Complete,TRUE,NA
DYNC1I2,0,0,20.03510481735388,NA,Complete,TRUE,NA
ILK,0,0,20.25459912195702,NA,Complete,TRUE,NA
NNT,0,0,25.755184634978768,NA,Complete,TRUE,NA
SNTA1,0,0,21.236793228632838,NA,Complete,TRUE,NA
SNTB2,0,0,22.67992690984354,NA,Complete,TRUE,NA
SF3B2,8,12.903225806451612,21.744341300381464,0,MAR,TRUE,NA
PDAP1,0,0,21.823679433819574,NA,Complete,TRUE,NA
TMED1,14,22.58064516129032,16.36861306456433,1,MNAR,TRUE,0.031984007996002
FKBP5,5,8.064516129032258,19.24449487084081,0,MAR,TRUE,NA
PICALM,32,51.61290322580645,15.55488499754245,1,MNAR,FALSE,4.997501249375312e-4
MTM1,10,16.129032258064516,20.36707052452043,0,MAR,TRUE,NA
SQSTM1,1,1.6129032258064515,16.296550758908516,0,MAR,TRUE,NA
MTX1,1,1.6129032258064515,17.708584934269496,0,MAR,TRUE,NA
ART3,2,3.225806451612903,20.887957685202647,0,MAR,TRUE,NA
ASAH1,5,8.064516129032258,19.82071095770034,0,MAR,TRUE,NA
PIN1,11,17.741935483870968,20.788504757263873,0,MAR,TRUE,NA
CAMK2B,0,0,21.801232443756916,NA,Complete,TRUE,NA
CAMK2G,2,3.225806451612903,21.463708060780586,0,MAR,TRUE,NA
CAMK2D,0,0,24.138110775801394,NA,Complete,TRUE,NA
DCTN2,0,0,21.497109328843628,NA,Complete,TRUE,NA
NAE1,1,1.6129032258064515,17.543919664653288,0,MAR,TRUE,NA
STIM1,1,1.6129032258064515,19.87351322051917,0,MAR,TRUE,NA
CUL1,4,6.451612903225806,18.68287069239076,0,MAR,TRUE,NA
CUL2,5,8.064516129032258,18.598822133904676,0,MAR,TRUE,NA
CUL3,0,0,20.187977243361793,NA,Complete,TRUE,NA
CUL4A,0,0,18.914326800094567,NA,Complete,TRUE,NA
FHL1,0,0,30.747715278284545,NA,Complete,TRUE,NA
FHL3,0,0,24.57423134959718,NA,Complete,TRUE,NA
ITGA7,1,1.6129032258064515,17.9770138858573,0,MAR,TRUE,NA
AAMP,23,37.096774193548384,16.862232491891874,1,MNAR,TRUE,0.001999000499750125
CACNA1S,0,0,19.11382307263164,NA,Complete,TRUE,NA
MOGS,25,40.32258064516129,15.673267067893995,1,MNAR,TRUE,4.997501249375312e-4
SPTAN1,4,6.451612903225806,19.34497444421022,0,MAR,TRUE,NA
AUH,0,0,20.280120730310287,NA,Complete,TRUE,NA
DDX39B,2,3.225806451612903,20.581978178722185,0,MAR,TRUE,NA
BLMH,8,12.903225806451612,20.245978133555038,0,MAR,TRUE,NA
SNTB1,1,1.6129032258064515,19.20206704353155,0,MAR,TRUE,NA
TUBB2A,0,0,22.961003058869633,NA,Complete,TRUE,NA
IDI1,2,3.225806451612903,20.16531793820062,0,MAR,TRUE,NA
PRKG1,2,3.225806451612903,18.94794093500279,0,MAR,TRUE,NA
COX17,0,0,20.79840600187418,NA,Complete,TRUE,NA
HNRNPD,0,0,22.453188946758203,NA,Complete,TRUE,NA
SCARB2,8,12.903225806451612,18.300468377211676,0,MAR,TRUE,NA
NID2,25,40.32258064516129,18.151520790186975,1,MNAR,TRUE,0.3268365817091454
IL18,12,19.35483870967742,17.350523353545096,1,MNAR,TRUE,0.005497251374312844
DAG1,0,0,22.349409413558877,NA,Complete,TRUE,NA
EIF3A,0,0,20.70554544619263,NA,Complete,TRUE,NA
UBAP2L,26,41.935483870967744,16.788994695021778,1,MNAR,TRUE,0.17641179410294852
MLEC,0,0,20.854722683886912,NA,Complete,TRUE,NA
DPYSL3,0,0,22.328716565152945,NA,Complete,TRUE,NA
DCTN1,0,0,20.744157387120556,NA,Complete,TRUE,NA
DYNC1H1,0,0,21.33817270259567,NA,Complete,TRUE,NA
EIF2B1,18,29.03225806451613,17.811822185358633,1,MNAR,TRUE,0.0014992503748125937
EIF4A2,0,0,24.094679528428944,NA,Complete,TRUE,NA
CTTN,35,56.451612903225815,15.160553182635935,1,MNAR,FALSE,0.02448775612193903
ENDOG,0,0,20.082492185948084,NA,Complete,TRUE,NA
FLOT2,14,22.58064516129032,18.060459794891152,0,MAR,TRUE,NA
TRIM25,20,32.25806451612903,18.156747373320734,1,MNAR,TRUE,0.026486756621689155
FLNC,0,0,27.53947840575661,NA,Complete,TRUE,NA
MYBPC2,0,0,23.517076321501502,NA,Complete,TRUE,NA
GAMT,0,0,23.727205256438538,NA,Complete,TRUE,NA
CAPRIN1,22,35.483870967741936,15.610744600886784,1,MNAR,TRUE,0.18790604697651175
PRPSAP1,10,16.129032258064516,15.252174322710792,1,MNAR,TRUE,0.6506746626686657
CLINT1,15,24.193548387096776,16.279440974943547,1,MNAR,TRUE,0.296351824087956
GANAB,0,0,19.911194734852234,NA,Complete,TRUE,NA
SSPN,0,0,21.60361233456156,NA,Complete,TRUE,NA
MVP,35,56.451612903225815,17.684147595593817,1,MNAR,FALSE,0.047476261869065464
LASP1,29,46.774193548387096,17.94809554757267,1,MNAR,TRUE,0.22938530734632684
PTGR1,5,8.064516129032258,18.941824050044552,0,MAR,TRUE,NA
KPNB1,0,0,22.777568177530274,NA,Complete,TRUE,NA
NUMA1,6,9.67741935483871,20.88570313641616,0,MAR,TRUE,NA
PSME4,22,35.483870967741936,14.894688237873122,1,MNAR,TRUE,0.15892053973013492
SLMAP,0,0,22.51277970744393,NA,Complete,TRUE,NA
EMC2,5,8.064516129032258,16.314250952869664,0,MAR,TRUE,NA
PSMD6,0,0,20.719742770553164,NA,Complete,TRUE,NA
ABRAXAS2,7,11.29032258064516,16.920675493649664,0,MAR,TRUE,NA
SEPTIN2,1,1.6129032258064515,18.201225490640596,0,MAR,TRUE,NA
KARS1,0,0,21.45157898780418,NA,Complete,TRUE,NA
EIF4H,0,0,21.53859601691399,NA,Complete,TRUE,NA
EEA1,11,17.741935483870968,17.545480039152896,0,MAR,TRUE,NA
PDIA6,0,0,24.204437469605317,NA,Complete,TRUE,NA
PAFAH1B3,11,17.741935483870968,18.92332708346463,0,MAR,TRUE,NA
PLCL1,24,38.70967741935484,15.629946156839848,1,MNAR,TRUE,0.008995502248875561
PDK1,8,12.903225806451612,18.50617392772173,0,MAR,TRUE,NA
PDK2,20,32.25806451612903,18.98726586766233,1,MNAR,TRUE,0.09995002498750624
PEA15,37,59.67741935483871,18.6687024317458,1,MNAR,FALSE,4.997501249375312e-4
PGM5,0,0,21.680032922844063,NA,Complete,TRUE,NA
PLEC,0,0,23.943104877484952,NA,Complete,TRUE,NA
PPP2R5A,25,40.32258064516129,16.790832738598752,1,MNAR,TRUE,0.10294852573713144
PPA1,0,0,20.322875605231204,NA,Complete,TRUE,NA
PTGES3,0,0,21.681587397882474,NA,Complete,TRUE,NA
STK38,24,38.70967741935484,16.62813105884882,1,MNAR,TRUE,0.029985007496251874
NONO,1,1.6129032258064515,18.256363735114622,0,MAR,TRUE,NA
PTPA,20,32.25806451612903,19.93311003932152,0,MAR,TRUE,NA
RABEP1,33,53.2258064516129,16.81566592996945,1,MNAR,FALSE,0.14342828585707146
RAB35,29,46.774193548387096,15.90021511130303,1,MNAR,TRUE,0.13093453273363317
TMED2,5,8.064516129032258,19.917726155744532,0,MAR,TRUE,NA
PCBP1,0,0,23.848193792001958,NA,Complete,TRUE,NA
PCBP2,0,0,21.517983862619033,NA,Complete,TRUE,NA
ELOC,0,0,21.185691564553547,NA,Complete,TRUE,NA
ELOB,0,0,21.638965372716797,NA,Complete,TRUE,NA
UBE3C,38,61.29032258064516,16.697355825817898,1,MNAR,FALSE,0.005997001499250375
DHCR24,36,58.06451612903226,16.582740235480976,1,MNAR,FALSE,9.995002498750624e-4
RSU1,1,1.6129032258064515,20.633205789948033,0,MAR,TRUE,NA
PPP1R7,0,0,19.814406508236896,NA,Complete,TRUE,NA
SEC23A,1,1.6129032258064515,18.562367544875347,0,MAR,TRUE,NA
MAPRE2,0,0,21.28502251245862,NA,Complete,TRUE,NA
TGFBI,27,43.54838709677419,15.338253503356242,1,MNAR,TRUE,0.01699150424787606
TSN,2,3.225806451612903,21.490856542875747,0,MAR,TRUE,NA
SF1,18,29.03225806451613,14.758913355338215,1,MNAR,TRUE,0.01249375312343828
TRIP10,1,1.6129032258064515,19.518697816281705,0,MAR,TRUE,NA
MAPRE1,13,20.967741935483872,18.339308199592494,0,MAR,TRUE,NA
TSC22D1,43,69.35483870967742,15.006799107616745,1,MNAR,FALSE,4.997501249375312e-4
ELAVL1,38,61.29032258064516,16.794019873151708,1,MNAR,FALSE,0.008995502248875561
MYLK,3,4.838709677419355,22.978966206350428,0,MAR,TRUE,NA
SPEG,2,3.225806451612903,18.75714412239856,0,MAR,TRUE,NA
TBCE,20,32.25806451612903,15.024165887596382,1,MNAR,TRUE,9.995002498750624e-4
UBE2V2,0,0,23.55274971698111,NA,Complete,TRUE,NA
NEDD8,0,0,22.340361169640502,NA,Complete,TRUE,NA
ADIRF,42,67.74193548387096,19.303999882666933,1,MNAR,FALSE,4.997501249375312e-4
ADIPOQ,5,8.064516129032258,21.64369921537727,0,MAR,TRUE,NA
RAB11B,0,0,22.61368823149873,NA,Complete,TRUE,NA
ZYX,0,0,18.61834371875251,NA,Complete,TRUE,NA
HSPB2,0,0,24.880433261212126,NA,Complete,TRUE,NA
ETFDH,0,0,25.02640430878954,NA,Complete,TRUE,NA
SEPTIN7,1,1.6129032258064515,17.87201146907055,0,MAR,TRUE,NA
ADRM1,2,3.225806451612903,18.05571719502511,0,MAR,TRUE,NA
DDB1,0,0,24.14179593643377,NA,Complete,TRUE,NA
CDC37,1,1.6129032258064515,21.210720727902146,0,MAR,TRUE,NA
DPYSL2,0,0,21.581247780059712,NA,Complete,TRUE,NA
SYPL1,0,0,20.852259575690873,NA,Complete,TRUE,NA
RBBP7,26,41.935483870967744,17.564727743549298,1,MNAR,TRUE,4.997501249375312e-4
SGCB,0,0,21.015431040364806,NA,Complete,TRUE,NA
SGCA,0,0,21.404737883706712,NA,Complete,TRUE,NA
FXN,1,1.6129032258064515,20.337721525916326,0,MAR,TRUE,NA
FSCN1,10,16.129032258064516,17.584948387217544,0,MAR,TRUE,NA
DECR1,0,0,25.093549385896065,NA,Complete,TRUE,NA
NDUFA5,0,0,23.92407352871616,NA,Complete,TRUE,NA
CLPP,19,30.64516129032258,17.786087411222116,1,MNAR,TRUE,0.04147926036981509
TST,0,0,21.905272642197016,NA,Complete,TRUE,NA
KYAT1,11,17.741935483870968,17.82390608368688,0,MAR,TRUE,NA
GUK1,30,48.38709677419355,15.098182091068175,1,MNAR,TRUE,4.997501249375312e-4
HAGH,0,0,24.61488125974745,NA,Complete,TRUE,NA
NDUFA9,0,0,24.34626221369228,NA,Complete,TRUE,NA
PHKG1,0,0,23.263434719030144,NA,Complete,TRUE,NA
PPP1R3A,0,0,20.65374611602731,NA,Complete,TRUE,NA
HADH,0,0,25.388388761997785,NA,Complete,TRUE,NA
UGP2,0,0,26.154519086588003,NA,Complete,TRUE,NA
TXNRD1,0,0,20.754646468682544,NA,Complete,TRUE,NA
IMMT,0,0,24.53192157802043,NA,Complete,TRUE,NA
IAH1,2,3.225806451612903,18.967899870887745,0,MAR,TRUE,NA
KLHL40,0,0,23.13419994017541,NA,Complete,TRUE,NA
TKFC,21,33.87096774193548,16.683804500980298,1,MNAR,TRUE,4.997501249375312e-4
TIMM50,1,1.6129032258064515,19.466302885469688,0,MAR,TRUE,NA
NADK2,12,19.35483870967742,17.08391817194885,1,MNAR,TRUE,0.006496751624187906
FAM98B,5,8.064516129032258,18.28941841000213,0,MAR,TRUE,NA
HIKESHI,4,6.451612903225806,20.54772448565674,0,MAR,TRUE,NA
PDLIM3,0,0,27.38077596129241,NA,Complete,TRUE,NA
HSD17B12,6,9.67741935483871,19.816210509076264,0,MAR,TRUE,NA
AGK,28,45.16129032258064,17.372978258809574,1,MNAR,TRUE,0.10644677661169415
LACTB2,12,19.35483870967742,17.66907376170569,0,MAR,TRUE,NA
DCAF6,0,0,18.73999597167269,NA,Complete,TRUE,NA
CAVIN4,1,1.6129032258064515,22.69750837048987,0,MAR,TRUE,NA
FLG2,14,22.58064516129032,17.346515411047786,1,MNAR,TRUE,0.4687656171914043
RABL3,12,19.35483870967742,15.87463207926229,1,MNAR,TRUE,0.32983508245877063
COQ5,0,0,21.42142328620534,NA,Complete,TRUE,NA
NOMO2,13,20.967741935483872,20.769972364210346,0,MAR,TRUE,NA
PITRM1,16,25.806451612903224,21.96670402499957,0,MAR,TRUE,NA
WDR44,26,41.935483870967744,16.154355548941425,1,MNAR,TRUE,4.997501249375312e-4
COA6,0,0,20.12391596552572,NA,Complete,TRUE,NA
TOR1AIP1,26,41.935483870967744,19.074407582985547,1,MNAR,TRUE,0.02848575712143928
GNAS,0,0,19.641738540321118,NA,Complete,TRUE,NA
TTC38,33,53.2258064516129,16.385106478248932,1,MNAR,FALSE,4.997501249375312e-4
C6orf136,18,29.03225806451613,18.764164951592594,1,MNAR,TRUE,0.4107946026986507
HP1BP3,19,30.64516129032258,22.890646344096705,0,MAR,TRUE,NA
IBA57,11,17.741935483870968,21.140604932244813,0,MAR,TRUE,NA
UBR4,15,24.193548387096776,16.46083467912253,1,MNAR,TRUE,4.997501249375312e-4
DCAF8,3,4.838709677419355,16.59327301797295,0,MAR,TRUE,NA
DDI2,0,0,24.471855990818643,NA,Complete,TRUE,NA
MICOS10,23,37.096774193548384,18.770531335050958,1,MNAR,TRUE,0.912543728135932
LYRM7,2,3.225806451612903,19.6967978904507,0,MAR,TRUE,NA
OBSCN,0,0,23.722961641685682,NA,Complete,TRUE,NA
MYOM3,0,0,23.336428517582217,NA,Complete,TRUE,NA
PDE4DIP,0,0,25.39749057201395,NA,Complete,TRUE,NA
BROX,18,29.03225806451613,17.743284284111596,1,MNAR,TRUE,4.997501249375312e-4
LYPLAL1,39,62.903225806451616,17.887084221573897,1,MNAR,FALSE,0.0024987506246876563
SYPL2,0,0,24.993858131878046,NA,Complete,TRUE,NA
ECPAS,0,0,20.905484089176433,NA,Complete,TRUE,NA
MICOS13,2,3.225806451612903,22.19102206815427,0,MAR,TRUE,NA
RNF123,2,3.225806451612903,19.599699375550077,0,MAR,TRUE,NA
TMEM198,0,0,25.6677630036708,NA,Complete,TRUE,NA
CRYBG3,16,25.806451612903224,23.26864374583118,0,MAR,TRUE,NA
NXN,4,6.451612903225806,17.446865609931535,0,MAR,TRUE,NA
PTRHD1,1,1.6129032258064515,20.72047051641312,0,MAR,TRUE,NA
ABLIM2,22,35.483870967741936,14.449687546239522,1,MNAR,TRUE,0.2688655672163918
LAMTOR1,18,29.03225806451613,15.760006372570182,1,MNAR,TRUE,0.0024987506246876563
DHRS7B,0,0,20.63897884248644,NA,Complete,TRUE,NA
TWF2,1,1.6129032258064515,19.784358768675194,0,MAR,TRUE,NA
ETFRF1,21,33.87096774193548,18.23854066090553,1,MNAR,TRUE,0.6071964017991005
RAB12,6,9.67741935483871,17.856225542455988,0,MAR,TRUE,NA
DENND5A,14,22.58064516129032,22.33736004839272,0,MAR,TRUE,NA
RCSD1,0,0,19.650387964845052,NA,Complete,TRUE,NA
SLC25A24,2,3.225806451612903,19.0451434977914,0,MAR,TRUE,NA
HIBCH,0,0,24.210221445607846,NA,Complete,TRUE,NA
CAVIN1,0,0,24.242949628515866,NA,Complete,TRUE,NA
MRPL54,41,66.12903225806451,16.93785616068078,1,MNAR,FALSE,0.017491254372813594
LPCAT3,18,29.03225806451613,19.287228507671376,0,MAR,TRUE,NA
TATDN1,10,16.129032258064516,18.79199108361462,0,MAR,TRUE,NA
SFXN4,20,32.25806451612903,18.48157857589266,1,MNAR,TRUE,4.997501249375312e-4
FAHD1,7,11.29032258064516,20.00711011326313,0,MAR,TRUE,NA
LMOD2,12,19.35483870967742,20.55532641964426,0,MAR,TRUE,NA
SLC27A1,32,51.61290322580645,15.848394609881275,1,MNAR,FALSE,0.01649175412293853
CCDC137,2,3.225806451612903,21.205094795235166,0,MAR,TRUE,NA
CORO6,6,9.67741935483871,19.859108527196266,0,MAR,TRUE,NA
TMEM205,0,0,22.437845190082907,NA,Complete,TRUE,NA
DHRS11,21,33.87096774193548,18.277256709803886,1,MNAR,TRUE,4.997501249375312e-4
APOOL,0,0,22.15170206427645,NA,Complete,TRUE,NA
NAPRT,14,22.58064516129032,19.115695917906073,0,MAR,TRUE,NA
HSDL2,0,0,23.84659769513774,NA,Complete,TRUE,NA
KYAT3,22,35.483870967741936,17.239351802055346,1,MNAR,TRUE,0.026486756621689155
TRIM72,0,0,26.4934762670079,NA,Complete,TRUE,NA
UBN2,0,0,24.686634487428925,NA,Complete,TRUE,NA
TOM1L2,7,11.29032258064516,17.23188830506626,0,MAR,TRUE,NA
XIRP1,0,0,22.96581390286981,NA,Complete,TRUE,NA
VPS13C,19,30.64516129032258,17.95747019187273,1,MNAR,TRUE,0.004997501249375313
UBE2R2,11,17.741935483870968,18.02136862521377,0,MAR,TRUE,NA
SND1,6,9.67741935483871,22.79178595582839,0,MAR,TRUE,NA
TRMT10C,10,16.129032258064516,19.268564446852967,0,MAR,TRUE,NA
BZW1,3,4.838709677419355,20.379680571713248,0,MAR,TRUE,NA
EIF3M,13,20.967741935483872,19.15249067195932,0,MAR,TRUE,NA
COPS6,0,0,21.532727873947135,NA,Complete,TRUE,NA
CHMP1B,2,3.225806451612903,18.727224757952737,0,MAR,TRUE,NA
RRM2B,39,62.903225806451616,16.296261979948206,1,MNAR,FALSE,4.997501249375312e-4
ERMP1,33,53.2258064516129,14.453727162624691,1,MNAR,FALSE,4.997501249375312e-4
MRPL21,33,53.2258064516129,17.073077338693157,1,MNAR,FALSE,0.04447776111944028
DGLUCY,3,4.838709677419355,22.312873839397955,0,MAR,TRUE,NA
MYH14,4,6.451612903225806,21.59727964449931,0,MAR,TRUE,NA
SZRD1,6,9.67741935483871,17.218585381280132,0,MAR,TRUE,NA
MAVS,0,0,19.748645171505473,NA,Complete,TRUE,NA
COMMD6,36,58.06451612903226,15.04832345421879,1,MNAR,FALSE,0.0014992503748125937
HDDC2,14,22.58064516129032,18.090989093292446,0,MAR,TRUE,NA
HDGFL2,25,40.32258064516129,16.20443390973021,1,MNAR,TRUE,4.997501249375312e-4
DCXR,0,0,22.55341097839805,NA,Complete,TRUE,NA
SPRED2,0,0,23.146015321434906,NA,Complete,TRUE,NA
HUWE1,0,0,22.560807717860392,NA,Complete,TRUE,NA
GLRX5,17,27.419354838709676,21.40539152436853,0,MAR,TRUE,NA
MYPN,2,3.225806451612903,20.23210583432639,0,MAR,TRUE,NA
SRL,0,0,25.302625324893548,NA,Complete,TRUE,NA
PRUNE1,33,53.2258064516129,17.11210214762704,1,MNAR,FALSE,4.997501249375312e-4
ACOT1,14,22.58064516129032,16.916850948472128,1,MNAR,TRUE,0.15442278860569716
ISCA2,10,16.129032258064516,20.265798536145443,0,MAR,TRUE,NA
MTDH,7,11.29032258064516,19.295748342163176,0,MAR,TRUE,NA
KTN1,11,17.741935483870968,17.024489535411572,1,MNAR,TRUE,0.02798600699650175
NLRX1,5,8.064516129032258,18.449928771854612,0,MAR,TRUE,NA
ALYREF,19,30.64516129032258,17.557874565401935,1,MNAR,TRUE,0.5102448775612194
MDP1,17,27.419354838709676,17.06659585476433,1,MNAR,TRUE,4.997501249375312e-4
SLC25A42,44,70.96774193548387,17.011536852390954,1,MNAR,FALSE,4.997501249375312e-4
NRAP,0,0,21.547508711431696,NA,Complete,TRUE,NA
VPS36,20,32.25806451612903,16.701145795760695,1,MNAR,TRUE,0.001999000499750125
CAND1,0,0,20.962369524265778,NA,Complete,TRUE,NA
COMMD7,28,45.16129032258064,15.649648967527853,1,MNAR,TRUE,4.997501249375312e-4
LDHD,18,29.03225806451613,19.08878013769813,0,MAR,TRUE,NA
CARM1,14,22.58064516129032,17.89504506351864,0,MAR,TRUE,NA
NIT1,2,3.225806451612903,19.16513035423737,0,MAR,TRUE,NA
NDUFA11,0,0,22.496555425994387,NA,Complete,TRUE,NA
ECHDC2,5,8.064516129032258,18.28836174654158,0,MAR,TRUE,NA
PHYKPL,22,35.483870967741936,16.450548335154796,1,MNAR,TRUE,0.025987006496751622
MUSTN1,0,0,22.49274853428965,NA,Complete,TRUE,NA
NAXD,0,0,22.118781916531415,NA,Complete,TRUE,NA
MFN1,28,45.16129032258064,21.13304697264537,1,MNAR,TRUE,0.13493253373313344
SLC44A2,7,11.29032258064516,19.844085809917587,0,MAR,TRUE,NA
HSCB,36,58.06451612903226,14.957044555363403,1,MNAR,FALSE,0.009495252373813094
ADHFE1,3,4.838709677419355,21.11857315331223,0,MAR,TRUE,NA
UNC45B,0,0,22.53712350346224,NA,Complete,TRUE,NA
MSRB3,35,56.451612903225815,16.973102696292734,1,MNAR,FALSE,4.997501249375312e-4
KLHDC8B,15,24.193548387096776,21.523615159282045,0,MAR,TRUE,NA
SUPV3L1,26,41.935483870967744,16.223148154804754,1,MNAR,TRUE,4.997501249375312e-4
THNSL1,32,51.61290322580645,15.107552079959971,1,MNAR,FALSE,4.997501249375312e-4
PM20D2,9,14.516129032258066,18.999234405155256,0,MAR,TRUE,NA
MICU2,18,29.03225806451613,17.334826670433177,1,MNAR,TRUE,4.997501249375312e-4
ELMOD2,37,59.67741935483871,14.256270743506255,1,MNAR,FALSE,4.997501249375312e-4
ALDH16A1,36,58.06451612903226,17.829360997173694,1,MNAR,FALSE,9.995002498750624e-4
FAM185A,30,48.38709677419355,15.175238239159464,1,MNAR,TRUE,4.997501249375312e-4
ADSS1,0,0,25.11791945443434,NA,Complete,TRUE,NA
NDUFAF2,16,25.806451612903224,16.99694597255501,1,MNAR,TRUE,4.997501249375312e-4
LRRC47,0,0,22.21030135848507,NA,Complete,TRUE,NA
GPD1L,0,0,25.860327269315828,NA,Complete,TRUE,NA
EHBP1L1,4,6.451612903225806,19.86582490600877,0,MAR,TRUE,NA
CMYA5,0,0,25.2824049339941,NA,Complete,TRUE,NA
TXLNB,0,0,21.22109879609662,NA,Complete,TRUE,NA
SYNPO,5,8.064516129032258,19.298451694639038,0,MAR,TRUE,NA
TOMM5,23,37.096774193548384,18.859175195053737,1,MNAR,TRUE,0.10194902548725637
CHCHD4,21,33.87096774193548,17.255578536950985,1,MNAR,TRUE,0.02048975512243878
CBR4,1,1.6129032258064515,20.594486513038486,0,MAR,TRUE,NA
MMGT1,18,29.03225806451613,15.626422251236507,1,MNAR,TRUE,0.0079960019990005
SMIM20,4,6.451612903225806,19.484978720417256,0,MAR,TRUE,NA
CISD2,31,50,17.923203687854457,1,MNAR,FALSE,0.02148925537231384
ATPAF2,20,32.25806451612903,17.627679135776344,1,MNAR,TRUE,9.995002498750624e-4
JAGN1,20,32.25806451612903,22.141993460189344,0,MAR,TRUE,NA
MRPL50,32,51.61290322580645,17.077625388923884,1,MNAR,FALSE,0.2893553223388306
EMC1,23,37.096774193548384,17.093842880237847,1,MNAR,TRUE,0.7301349325337332
PTGR2,0,0,23.231748286025965,NA,Complete,TRUE,NA
SMYD1,0,0,23.756926634222463,NA,Complete,TRUE,NA
NHLRC2,4,6.451612903225806,20.094282548215464,0,MAR,TRUE,NA
RDH13,29,46.774193548387096,17.30260084086355,1,MNAR,TRUE,0.4007996001999001
TXNDC5,6,9.67741935483871,17.277445922850028,0,MAR,TRUE,NA
ATAD1,0,0,19.031083056900446,NA,Complete,TRUE,NA
SCCPDH,0,0,22.253365509985688,NA,Complete,TRUE,NA
SERBP1,0,0,19.167024506536897,NA,Complete,TRUE,NA
FAM98A,19,30.64516129032258,18.09569128384345,1,MNAR,TRUE,0.2913543228385807
PDPR,11,17.741935483870968,16.26706450244719,1,MNAR,TRUE,0.005497251374312844
NAXE,0,0,23.23326671450505,NA,Complete,TRUE,NA
NPEPL1,0,0,20.483921060611145,NA,Complete,TRUE,NA
ADPRHL1,0,0,24.078584953257614,NA,Complete,TRUE,NA
CHDH,19,30.64516129032258,16.118375899673676,1,MNAR,TRUE,4.997501249375312e-4
ABCF1,1,1.6129032258064515,18.995030064677135,0,MAR,TRUE,NA
MCU,1,1.6129032258064515,20.89673541028001,0,MAR,TRUE,NA
TOR1AIP2,31,50,15.888905179123208,1,MNAR,FALSE,4.997501249375312e-4
ABHD11,5,8.064516129032258,17.924658610494284,0,MAR,TRUE,NA
ATL2,3,4.838709677419355,17.926413193289893,0,MAR,TRUE,NA
PPTC7,17,27.419354838709676,18.42917480624408,1,MNAR,TRUE,4.997501249375312e-4
COQ8A,0,0,24.680139202138662,NA,Complete,TRUE,NA
NPLOC4,5,8.064516129032258,19.531074484080147,0,MAR,TRUE,NA
SPATA20,20,32.25806451612903,17.400535110696154,1,MNAR,TRUE,0.025987006496751622
NUBPL,33,53.2258064516129,18.98844655619142,1,MNAR,FALSE,0.005497251374312844
DEPTOR,2,3.225806451612903,21.503783098792802,0,MAR,TRUE,NA
RDH11,34,54.83870967741935,16.55702861205593,1,MNAR,FALSE,0.009495252373813094
LRRC20,0,0,24.143739473740343,NA,Complete,TRUE,NA
NT5C,2,3.225806451612903,18.039273639507382,0,MAR,TRUE,NA
PNPT1,11,17.741935483870968,18.25246824488385,0,MAR,TRUE,NA
SPPL2A,14,22.58064516129032,18.62190344135684,0,MAR,TRUE,NA
PREX1,29,46.774193548387096,14.926124019706357,1,MNAR,TRUE,0.4172913543228386
NEK9,22,35.483870967741936,16.776324276387662,1,MNAR,TRUE,4.997501249375312e-4
GPT2,36,58.06451612903226,15.300660856696554,1,MNAR,FALSE,4.997501249375312e-4
MYOZ3,32,51.61290322580645,19.37079623810784,1,MNAR,FALSE,4.997501249375312e-4
NEK7,0,0,20.65138689992583,NA,Complete,TRUE,NA
DTD1,7,11.29032258064516,16.189349569076494,1,MNAR,TRUE,0.010994502748625687
UTP15,12,19.35483870967742,26.74942224173984,0,MAR,TRUE,NA
SETD7,0,0,20.600215145398476,NA,Complete,TRUE,NA
NUP133,14,22.58064516129032,18.95936163067024,0,MAR,TRUE,NA
PDCD6IP,0,0,20.502886609325127,NA,Complete,TRUE,NA
THEM6,35,56.451612903225815,16.532847855429583,1,MNAR,FALSE,0.0399800099950025
SMIM4,15,24.193548387096776,17.342278785964893,1,MNAR,TRUE,0.4707646176911544
NUDCD2,3,4.838709677419355,18.71446402185011,0,MAR,TRUE,NA
SCFD1,11,17.741935483870968,16.30288267194676,1,MNAR,TRUE,0.2013993003498251
PCNP,34,54.83870967741935,16.455755246044607,1,MNAR,FALSE,0.009995002498750625
DNAJA4,4,6.451612903225806,19.690727450569636,0,MAR,TRUE,NA
SPRYD4,6,9.67741935483871,19.918881410489604,0,MAR,TRUE,NA
RTN4IP1,19,30.64516129032258,18.32377460760648,1,MNAR,TRUE,0.0014992503748125937
PALLD,2,3.225806451612903,19.636648584530942,0,MAR,TRUE,NA
SYNE2,7,11.29032258064516,17.929615837959346,0,MAR,TRUE,NA
THAP4,5,8.064516129032258,21.935016269106395,0,MAR,TRUE,NA
IFT81,37,59.67741935483871,22.26782184378091,1,MNAR,FALSE,0.063968015992004
TTN,0,0,26.17338161848349,NA,Complete,TRUE,NA
DDX1,0,0,21.12222675359794,NA,Complete,TRUE,NA
HSD17B8,1,1.6129032258064515,20.47157366776205,0,MAR,TRUE,NA
CPT1B,0,0,23.369350266047423,NA,Complete,TRUE,NA
PSMF1,9,14.516129032258066,20.85750509688575,0,MAR,TRUE,NA
UBXN4,9,14.516129032258066,16.05642317234155,1,MNAR,TRUE,0.004997501249375313
MYO18A,4,6.451612903225806,19.69966322838654,0,MAR,TRUE,NA
GCN1,23,37.096774193548384,17.05973603264294,1,MNAR,TRUE,0.0014992503748125937
SGCD,0,0,21.382431509600213,NA,Complete,TRUE,NA
AKAP1,10,16.129032258064516,16.435512481355747,1,MNAR,TRUE,0.04247876061969016
RABGGTA,9,14.516129032258066,18.060591112903822,0,MAR,TRUE,NA
TFG,2,3.225806451612903,21.14952463112426,0,MAR,TRUE,NA
ARPC1A,11,17.741935483870968,18.19386326811305,0,MAR,TRUE,NA
P3H4,9,14.516129032258066,22.45071729943352,0,MAR,TRUE,NA
DDX17,8,12.903225806451612,19.93226973184982,0,MAR,TRUE,NA
CELF1,14,22.58064516129032,16.36466729850672,1,MNAR,TRUE,0.37681159420289856
UFD1,8,12.903225806451612,20.259920738148704,0,MAR,TRUE,NA
RPL3L,2,3.225806451612903,17.786390918068694,0,MAR,TRUE,NA
COPS5,0,0,21.20076325321787,NA,Complete,TRUE,NA
KHSRP,7,11.29032258064516,17.577962525532783,0,MAR,TRUE,NA
GCDH,7,11.29032258064516,19.39753625320217,0,MAR,TRUE,NA
TNPO1,6,9.67741935483871,16.657948781830136,0,MAR,TRUE,NA
USP13,33,53.2258064516129,16.827628122886182,1,MNAR,FALSE,0.07396301849075462
USP9X,14,22.58064516129032,17.732292066710883,1,MNAR,TRUE,4.997501249375312e-4
CUL5,0,0,22.44327480978612,NA,Complete,TRUE,NA
LPP,5,8.064516129032258,16.933126934870085,0,MAR,TRUE,NA
ATP2A3,0,0,27.83907814516044,NA,Complete,TRUE,NA
PHKB,0,0,22.373323596137975,NA,Complete,TRUE,NA
UBE2F,35,56.451612903225815,17.25250474533464,1,MNAR,FALSE,0.03398300849575212
RPL36AL,0,0,20.38647428280408,NA,Complete,TRUE,NA
WBP2,6,9.67741935483871,19.541429022276763,0,MAR,TRUE,NA
ERGIC1,13,20.967741935483872,17.55999726742865,1,MNAR,TRUE,0.3583208395802099
MTARC2,3,4.838709677419355,17.822137530144996,0,MAR,TRUE,NA
FAM162A,0,0,22.9087132399782,NA,Complete,TRUE,NA
CCDC47,23,37.096774193548384,16.290441449047705,1,MNAR,TRUE,0.06546726636681659
TMEM230,19,30.64516129032258,18.46061894666188,1,MNAR,TRUE,0.05247376311844078
ISOC2,0,0,21.873629743416515,NA,Complete,TRUE,NA
FERMT2,1,1.6129032258064515,19.318848067047803,0,MAR,TRUE,NA
FUBP1,3,4.838709677419355,18.107041286894308,0,MAR,TRUE,NA
SLC25A46,29,46.774193548387096,17.032440464739114,1,MNAR,TRUE,4.997501249375312e-4
TMEM143,1,1.6129032258064515,21.243877497719915,0,MAR,TRUE,NA
PBXIP1,0,0,24.169890257062512,NA,Complete,TRUE,NA
PTER,39,62.903225806451616,15.961504380651693,1,MNAR,FALSE,4.997501249375312e-4
ZBTB9,19,30.64516129032258,18.71217244273149,1,MNAR,TRUE,0.0014992503748125937
FAM136A,24,38.70967741935484,18.93595806644864,1,MNAR,TRUE,0.054972513743128434
FGGY,35,56.451612903225815,20.990735075192486,1,MNAR,FALSE,4.997501249375312e-4
GALM,0,0,19.42278795951405,NA,Complete,TRUE,NA
DCPS,22,35.483870967741936,15.97721644445185,1,MNAR,TRUE,4.997501249375312e-4
PPP1R14B,0,0,17.8742512292913,NA,Complete,TRUE,NA
ACSF2,0,0,20.051948547307017,NA,Complete,TRUE,NA
ISOC1,20,32.25806451612903,20.690652349225484,0,MAR,TRUE,NA
CCDC124,8,12.903225806451612,18.113224407217082,0,MAR,TRUE,NA
OPTN,8,12.903225806451612,17.553832335601378,0,MAR,TRUE,NA
AP2M1,3,4.838709677419355,17.517828224941617,0,MAR,TRUE,NA
KCTD12,37,59.67741935483871,17.09998382144273,1,MNAR,FALSE,4.997501249375312e-4
RMDN1,0,0,19.90078170811052,NA,Complete,TRUE,NA
ECHDC3,7,11.29032258064516,19.9995739405799,0,MAR,TRUE,NA
NUDT16,15,24.193548387096776,16.9824411117314,1,MNAR,TRUE,0.001999000499750125
CMBL,0,0,25.65355016785281,NA,Complete,TRUE,NA
MSI2,15,24.193548387096776,19.689373092888133,0,MAR,TRUE,NA
MRPL38,11,17.741935483870968,16.734768018638935,1,MNAR,TRUE,0.07296351824087956
MRRF,17,27.419354838709676,17.58883144641264,1,MNAR,TRUE,0.0014992503748125937
MRPL53,24,38.70967741935484,18.888391288823314,1,MNAR,TRUE,0.026986506746626688
DAZAP1,40,64.51612903225806,16.810083975395948,1,MNAR,FALSE,0.01699150424787606
DNAJA3,16,25.806451612903224,17.34368759729863,1,MNAR,TRUE,0.7026486756621689
PTCD3,2,3.225806451612903,17.187719914309504,0,MAR,TRUE,NA
MMAB,22,35.483870967741936,16.571146682093968,1,MNAR,TRUE,0.0069965017491254375
DYNLL2,9,14.516129032258066,19.017339810032887,0,MAR,TRUE,NA
S100A16,28,45.16129032258064,17.464794491475246,1,MNAR,TRUE,0.010494752623688156
SCRN2,1,1.6129032258064515,20.073724073329235,0,MAR,TRUE,NA
OTUB1,1,1.6129032258064515,21.26788699934722,0,MAR,TRUE,NA
CHMP6,9,14.516129032258066,15.827772208935091,1,MNAR,TRUE,0.0074962518740629685
PDXP,24,38.70967741935484,16.720060375803637,1,MNAR,TRUE,4.997501249375312e-4
DCUN1D1,5,8.064516129032258,17.242383102068423,0,MAR,TRUE,NA
FAHD2A,15,24.193548387096776,18.727748549154636,0,MAR,TRUE,NA
SNF8,20,32.25806451612903,17.17167068028701,1,MNAR,TRUE,0.001999000499750125
PDLIM5,0,0,27.46103566292883,NA,Complete,TRUE,NA
CRELD1,31,50,22.389017299050646,0,MAR,FALSE,NA
ERO1A,6,9.67741935483871,16.54189068388637,0,MAR,TRUE,NA
AHCYL2,4,6.451612903225806,18.934844248157383,0,MAR,TRUE,NA
PGAM5,14,22.58064516129032,19.444664728591885,0,MAR,TRUE,NA
DDRGK1,1,1.6129032258064515,17.405397194283314,0,MAR,TRUE,NA
PYURF,21,33.87096774193548,19.274950486466178,1,MNAR,TRUE,0.3288355822088955
SUCLG2,0,0,20.689608796059797,NA,Complete,TRUE,NA
ABHD14B,0,0,22.65449763133975,NA,Complete,TRUE,NA
NGLY1,7,11.29032258064516,17.280838018089682,0,MAR,TRUE,NA
TMX3,37,59.67741935483871,18.24658372286622,1,MNAR,FALSE,0.0029985007496251873
BTF3L4,6,9.67741935483871,20.159990625706282,0,MAR,TRUE,NA
USP47,16,25.806451612903224,18.239705550076145,1,MNAR,TRUE,0.005497251374312844
CNDP2,0,0,19.061204207310052,NA,Complete,TRUE,NA
ALPK3,9,14.516129032258066,18.213835813469295,0,MAR,TRUE,NA
STAC3,13,20.967741935483872,24.67334615869907,0,MAR,TRUE,NA
COQ10A,0,0,21.843008010952495,NA,Complete,TRUE,NA
JSRP1,0,0,23.98881638318835,NA,Complete,TRUE,NA
MCEE,26,41.935483870967744,20.04894292152723,1,MNAR,TRUE,4.997501249375312e-4
QKI,32,51.61290322580645,17.51797844997993,1,MNAR,FALSE,0.42528735632183906
PLIN4,0,0,24.545133249933837,NA,Complete,TRUE,NA
ALKBH3,41,66.12903225806451,13.886132330170854,1,MNAR,FALSE,4.997501249375312e-4
VPS35,5,8.064516129032258,17.904446868384213,0,MAR,TRUE,NA
PURB,11,17.741935483870968,16.76586205528521,1,MNAR,TRUE,0.1294352823588206
BBS4,0,0,22.762969691526912,NA,Complete,TRUE,NA
VPS13A,44,70.96774193548387,17.219782220350744,1,MNAR,FALSE,4.997501249375312e-4
GFM1,15,24.193548387096776,19.480413186892136,0,MAR,TRUE,NA
MCCC1,8,12.903225806451612,18.752826731166834,0,MAR,TRUE,NA
METTL26,5,8.064516129032258,19.373840943998562,0,MAR,TRUE,NA
CLCC1,33,53.2258064516129,16.908078877916523,1,MNAR,FALSE,0.022488755622188907
PEBP4,17,27.419354838709676,17.949862711628008,1,MNAR,TRUE,0.01899050474762619
PLEKHF1,22,35.483870967741936,17.257156172679345,1,MNAR,TRUE,4.997501249375312e-4
MYCBP,10,16.129032258064516,15.887182374702936,1,MNAR,TRUE,0.0014992503748125937
TBCB,1,1.6129032258064515,19.281078722893376,0,MAR,TRUE,NA
PSMB7,0,0,22.20981989508748,NA,Complete,TRUE,NA
PCYT2,13,20.967741935483872,16.55043891480985,1,MNAR,TRUE,0.0814592703648176
PSMD1,0,0,21.340550310945,NA,Complete,TRUE,NA
PFDN5,4,6.451612903225806,20.099060886413515,0,MAR,TRUE,NA
PAFAH2,5,8.064516129032258,20.954162035650782,0,MAR,TRUE,NA
PARK7,0,0,26.92813482143563,NA,Complete,TRUE,NA
VAT1,0,0,19.13704679568377,NA,Complete,TRUE,NA
PLIN2,12,19.35483870967742,22.543401442640498,0,MAR,TRUE,NA
S100A13,0,0,22.810981090078585,NA,Complete,TRUE,NA
TSNAX,27,43.54838709677419,17.39264387046269,1,MNAR,TRUE,0.36431784107946025
EIF3C,0,0,23.906750904530135,NA,Complete,TRUE,NA
PHB2,0,0,24.495340579870707,NA,Complete,TRUE,NA
COPS8,3,4.838709677419355,22.534801887428877,0,MAR,TRUE,NA
SDHC,4,6.451612903225806,23.29393986611383,0,MAR,TRUE,NA
CHP1,11,17.741935483870968,18.574728687371298,0,MAR,TRUE,NA
HSD17B10,0,0,21.516438161811944,NA,Complete,TRUE,NA
NAP1L4,0,0,22.301877217228313,NA,Complete,TRUE,NA
MGST2,9,14.516129032258066,19.70886299153404,0,MAR,TRUE,NA
TXN2,3,4.838709677419355,19.589514937707072,0,MAR,TRUE,NA
DMAC2L,11,17.741935483870968,18.810185167873925,0,MAR,TRUE,NA
ACO2,0,0,26.935651620316754,NA,Complete,TRUE,NA
COQ7,0,0,22.6822924824142,NA,Complete,TRUE,NA
SLC29A1,21,33.87096774193548,16.79480915501925,1,MNAR,TRUE,4.997501249375312e-4
TSG101,13,20.967741935483872,17.730848958655336,0,MAR,TRUE,NA
CPNE1,5,8.064516129032258,18.184146364874312,0,MAR,TRUE,NA
CCT7,0,0,22.557831062115465,NA,Complete,TRUE,NA
PRMT1,0,0,18.785698810139756,NA,Complete,TRUE,NA
NIPSNAP1,0,0,20.439589589228166,NA,Complete,TRUE,NA
ARPC5L,33,53.2258064516129,18.92666625164482,1,MNAR,FALSE,4.997501249375312e-4
MICU1,10,16.129032258064516,18.554461865261057,0,MAR,TRUE,NA
MACROD1,0,0,24.703999446897118,NA,Complete,TRUE,NA
WDR77,3,4.838709677419355,18.831523098497193,0,MAR,TRUE,NA
APOL2,10,16.129032258064516,17.323981558276845,0,MAR,TRUE,NA
FYCO1,3,4.838709677419355,19.390801760275494,0,MAR,TRUE,NA
JPH2,0,0,20.628633163210782,NA,Complete,TRUE,NA
CORO1B,40,64.51612903225806,14.46546089495425,1,MNAR,FALSE,4.997501249375312e-4
TXNDC17,0,0,20.506306398548944,NA,Complete,TRUE,NA
PLCD4,1,1.6129032258064515,20.97469680327082,0,MAR,TRUE,NA
CPPED1,3,4.838709677419355,18.83069077015383,0,MAR,TRUE,NA
VPS25,8,12.903225806451612,19.52059668994426,0,MAR,TRUE,NA
MIEN1,25,40.32258064516129,20.83343630152078,0,MAR,TRUE,NA
PELO,8,12.903225806451612,16.526789461746223,0,MAR,TRUE,NA
PRXL2A,0,0,20.249497576587682,NA,Complete,TRUE,NA
ERP44,11,17.741935483870968,18.98619703368188,0,MAR,TRUE,NA
LXN,40,64.51612903225806,15.065407966630328,1,MNAR,FALSE,4.997501249375312e-4
NIPSNAP3B,4,6.451612903225806,23.140611222433996,0,MAR,TRUE,NA
NTPCR,4,6.451612903225806,17.710537164767928,0,MAR,TRUE,NA
AGMAT,13,20.967741935483872,20.874663263423606,0,MAR,TRUE,NA
TACO1,4,6.451612903225806,19.324891443500583,0,MAR,TRUE,NA
ESYT1,0,0,22.518529120773497,NA,Complete,TRUE,NA
UBAC1,0,0,21.064556351163727,NA,Complete,TRUE,NA
COPS4,0,0,21.19479351681663,NA,Complete,TRUE,NA
DCTN5,15,24.193548387096776,15.266243055497812,1,MNAR,TRUE,0.0034982508745627187
AARSD1,4,6.451612903225806,17.161081305059405,0,MAR,TRUE,NA
TMEM43,0,0,20.84836410768902,NA,Complete,TRUE,NA
DHRS4,27,43.54838709677419,18.80183210604548,1,MNAR,TRUE,0.001999000499750125
TMEM70,4,6.451612903225806,20.54964887640927,0,MAR,TRUE,NA
TUBB6,1,1.6129032258064515,18.671473325245625,0,MAR,TRUE,NA
CHCHD7,2,3.225806451612903,18.360831143670733,0,MAR,TRUE,NA
APOO,0,0,22.58421246709707,NA,Complete,TRUE,NA
MRI1,30,48.38709677419355,15.529346523721058,1,MNAR,TRUE,0.36931534232883556
ABHD6,5,8.064516129032258,20.018986092471028,0,MAR,TRUE,NA
ADI1,31,50,19.262022295590672,1,MNAR,FALSE,0.24537731134432783
MECR,0,0,21.148934301807063,NA,Complete,TRUE,NA
NTMT1,12,19.35483870967742,16.91674594704935,1,MNAR,TRUE,0.014992503748125937
TMEM109,0,0,21.45432782536341,NA,Complete,TRUE,NA
TMED9,7,11.29032258064516,20.760910269633662,0,MAR,TRUE,NA
TIMM21,6,9.67741935483871,18.185843131174398,0,MAR,TRUE,NA
TPPP3,18,29.03225806451613,21.008444009146576,0,MAR,TRUE,NA
NUDT9,12,19.35483870967742,16.130138372541623,1,MNAR,TRUE,0.01199400299850075
FUNDC2,0,0,24.403938171317666,NA,Complete,TRUE,NA
SORBS1,34,54.83870967741935,18.147059870831455,1,MNAR,FALSE,0.012993503248375811
HINT2,0,0,21.78947132753227,NA,Complete,TRUE,NA
OSBPL11,27,43.54838709677419,14.366462425788475,1,MNAR,TRUE,0.020989505247376312
NT5C1A,0,0,23.024450933110025,NA,Complete,TRUE,NA
TMEM120A,31,50,15.201149458633626,1,MNAR,FALSE,4.997501249375312e-4
NAA15,30,48.38709677419355,18.381689939275596,1,MNAR,TRUE,4.997501249375312e-4
BCL2L13,0,0,22.173062701837758,NA,Complete,TRUE,NA
AP1M1,14,22.58064516129032,19.57948716882546,0,MAR,TRUE,NA
OSBPL1A,5,8.064516129032258,17.43147422431341,0,MAR,TRUE,NA
HDHD5,2,3.225806451612903,20.251211467173963,0,MAR,TRUE,NA
EIF2A,8,12.903225806451612,16.765293101439802,0,MAR,TRUE,NA
MRPL13,20,32.25806451612903,19.13613627255837,1,MNAR,TRUE,0.053973013493253376
MRPL9,21,33.87096774193548,17.028077284829564,1,MNAR,TRUE,0.5932033983008496
MRPL4,32,51.61290322580645,20.27048060094087,1,MNAR,FALSE,4.997501249375312e-4
MRPL1,11,17.741935483870968,17.997296553867724,0,MAR,TRUE,NA
NLN,24,38.70967741935484,17.196860246215067,1,MNAR,TRUE,0.08195902048975512
TRIM54,1,1.6129032258064515,20.8737755883867,0,MAR,TRUE,NA
BCO2,31,50,17.18333207155782,1,MNAR,FALSE,0.005497251374312844
MRPL37,21,33.87096774193548,20.88461265227573,0,MAR,TRUE,NA
ASPSCR1,34,54.83870967741935,17.551111707776688,1,MNAR,FALSE,0.1504247876061969
UBL5,1,1.6129032258064515,21.782429940538822,0,MAR,TRUE,NA
NIBAN1,2,3.225806451612903,19.966800634228395,0,MAR,TRUE,NA
UBXN6,15,24.193548387096776,17.72548819959044,1,MNAR,TRUE,0.0014992503748125937
UBE2O,37,59.67741935483871,14.379938353926565,1,MNAR,FALSE,4.997501249375312e-4
LNPK,1,1.6129032258064515,18.71073020552045,0,MAR,TRUE,NA
PITHD1,24,38.70967741935484,18.468841867336472,1,MNAR,TRUE,0.001999000499750125
SLIRP,3,4.838709677419355,18.374562108010903,0,MAR,TRUE,NA
NIF3L1,0,0,20.24786643247511,NA,Complete,TRUE,NA
EGLN1,24,38.70967741935484,15.448613572151386,1,MNAR,TRUE,4.997501249375312e-4
ANKRD2,0,0,26.508443140564534,NA,Complete,TRUE,NA
NAA50,2,3.225806451612903,19.54203735124839,0,MAR,TRUE,NA
TMEM126A,1,1.6129032258064515,19.951492566081434,0,MAR,TRUE,NA
PAIP1,4,6.451612903225806,16.81378239606941,0,MAR,TRUE,NA
CLPB,24,38.70967741935484,16.321631630988467,1,MNAR,TRUE,0.04297851074462768
TOLLIP,0,0,21.71261843372459,NA,Complete,TRUE,NA
PCBD2,0,0,23.143701294778538,NA,Complete,TRUE,NA
NT5C3A,0,0,23.681007455597005,NA,Complete,TRUE,NA
HDHD2,1,1.6129032258064515,19.73638581857642,0,MAR,TRUE,NA
RAB1B,0,0,24.24989147788926,NA,Complete,TRUE,NA
C11orf54,0,0,22.241979110192087,NA,Complete,TRUE,NA
NUCKS1,0,0,21.383180485549204,NA,Complete,TRUE,NA
TMX4,2,3.225806451612903,18.78096873427014,0,MAR,TRUE,NA
MYLK2,0,0,21.899881598874707,NA,Complete,TRUE,NA
EHD4,26,41.935483870967744,16.539518910912374,1,MNAR,TRUE,4.997501249375312e-4
SH3BGRL3,10,16.129032258064516,19.9690175137029,0,MAR,TRUE,NA
SLK,21,33.87096774193548,17.123748798864213,1,MNAR,TRUE,0.014992503748125937
PPIL3,5,8.064516129032258,19.486658991369886,0,MAR,TRUE,NA
LRMDA,0,0,24.286599366947815,NA,Complete,TRUE,NA
TNMD,1,1.6129032258064515,24.293395468999414,0,MAR,TRUE,NA
PPA2,0,0,20.93598797877428,NA,Complete,TRUE,NA
MRPL46,14,22.58064516129032,16.865349962032422,1,MNAR,TRUE,0.012993503248375811
TMEM245,24,38.70967741935484,21.409140791638674,0,MAR,TRUE,NA
C11orf68,12,19.35483870967742,18.741957654920547,0,MAR,TRUE,NA
GHITM,0,0,19.439692399820036,NA,Complete,TRUE,NA
BOLA2,6,9.67741935483871,18.97481659459687,0,MAR,TRUE,NA
TMX1,2,3.225806451612903,18.385785108226806,0,MAR,TRUE,NA
CHMP4B,0,0,20.517537388020475,NA,Complete,TRUE,NA
RBKS,5,8.064516129032258,17.886446666200428,0,MAR,TRUE,NA
FN3K,0,0,21.654444362711427,NA,Complete,TRUE,NA
RNPEP,0,0,20.659944496777342,NA,Complete,TRUE,NA
GLIPR2,25,40.32258064516129,15.946770437106709,1,MNAR,TRUE,0.01249375312343828
EHD1,0,0,23.486513395633004,NA,Complete,TRUE,NA
TMEM38A,0,0,22.79842062269594,NA,Complete,TRUE,NA
OPA3,18,29.03225806451613,18.89961532266507,0,MAR,TRUE,NA
DCTPP1,19,30.64516129032258,17.88002655980489,1,MNAR,TRUE,4.997501249375312e-4
AAMDC,0,0,25.237402958059377,NA,Complete,TRUE,NA
PTGES2,0,0,22.170533863365062,NA,Complete,TRUE,NA
UBE2Z,23,37.096774193548384,16.84188108421476,1,MNAR,TRUE,0.033483258370814596
ACAD9,11,17.741935483870968,17.91033343610406,0,MAR,TRUE,NA
METTL7A,0,0,21.82730037128641,NA,Complete,TRUE,NA
COQ10B,11,17.741935483870968,21.661597306140475,0,MAR,TRUE,NA
MOB1A,27,43.54838709677419,17.569936944577258,1,MNAR,TRUE,0.11244377811094453
GORASP2,4,6.451612903225806,16.333163626278573,0,MAR,TRUE,NA
JPT2,28,45.16129032258064,15.587288316389467,1,MNAR,TRUE,9.995002498750624e-4
SYNPO2L,4,6.451612903225806,17.745155315335868,0,MAR,TRUE,NA
ARMT1,7,11.29032258064516,19.128354085880407,0,MAR,TRUE,NA
LRRC40,39,62.903225806451616,14.236841490757199,1,MNAR,FALSE,4.997501249375312e-4
SFXN1,2,3.225806451612903,19.110764997277766,0,MAR,TRUE,NA
L2HGDH,0,0,21.17510382840998,NA,Complete,TRUE,NA
COPS7B,38,61.29032258064516,15.055188694040284,1,MNAR,FALSE,0.02348825587206397
FN3KRP,26,41.935483870967744,19.39490885538337,1,MNAR,TRUE,0.043478260869565216
TBC1D17,2,3.225806451612903,17.98650261767092,0,MAR,TRUE,NA
CARS2,41,66.12903225806451,15.887573111317275,1,MNAR,FALSE,4.997501249375312e-4
CACYBP,3,4.838709677419355,19.990903805074428,0,MAR,TRUE,NA
RDH14,6,9.67741935483871,16.99628167806024,0,MAR,TRUE,NA
PARVB,13,20.967741935483872,18.859037281147323,0,MAR,TRUE,NA
TNS1,1,1.6129032258064515,20.44490324435507,0,MAR,TRUE,NA
PLGRKT,3,4.838709677419355,21.00079112314198,0,MAR,TRUE,NA
GLOD4,0,0,21.78434371232458,NA,Complete,TRUE,NA
MCCC2,14,22.58064516129032,17.39269588537208,1,MNAR,TRUE,0.0034982508745627187
HHATL,0,0,23.1343756896655,NA,Complete,TRUE,NA
PREB,13,20.967741935483872,18.46608569914182,0,MAR,TRUE,NA
MRPL47,26,41.935483870967744,17.50128994572559,1,MNAR,TRUE,0.09995002498750624
JPH1,0,0,22.390954556111872,NA,Complete,TRUE,NA
APMAP,26,41.935483870967744,17.4639892996958,1,MNAR,TRUE,0.12193903048475763
TXNRD2,5,8.064516129032258,20.35110512552137,0,MAR,TRUE,NA
RAB18,1,1.6129032258064515,19.55540911132258,0,MAR,TRUE,NA
PALMD,14,22.58064516129032,17.183729048302748,1,MNAR,TRUE,0.45177411294352826
SSU72,22,35.483870967741936,14.750954300348479,1,MNAR,TRUE,4.997501249375312e-4
VTA1,1,1.6129032258064515,19.18524790004973,0,MAR,TRUE,NA
SARS2,4,6.451612903225806,17.74286586144653,0,MAR,TRUE,NA
DYNLRB1,12,19.35483870967742,17.91806386560139,0,MAR,TRUE,NA
MYOZ1,0,0,22.845775946532793,NA,Complete,TRUE,NA
MYOZ2,22,35.483870967741936,20.468940740632494,0,MAR,TRUE,NA
OSGEP,13,20.967741935483872,16.796251496450406,1,MNAR,TRUE,4.997501249375312e-4
ACOT13,0,0,22.531694880952074,NA,Complete,TRUE,NA
MRPL40,14,22.58064516129032,16.66005897097921,1,MNAR,TRUE,0.011494252873563218
TIGAR,38,61.29032258064516,15.451016892214724,1,MNAR,FALSE,0.04697651174412794
RTN4,0,0,25.853705675533696,NA,Complete,TRUE,NA
HINT3,6,9.67741935483871,19.023985156794062,0,MAR,TRUE,NA
PFDN4,2,3.225806451612903,17.970661483901118,0,MAR,TRUE,NA
NIT2,0,0,20.19979708088942,NA,Complete,TRUE,NA
XPNPEP1,0,0,18.22175988788358,NA,Complete,TRUE,NA
GPHN,11,17.741935483870968,15.91102371310313,1,MNAR,TRUE,9.995002498750624e-4
PDLIM7,0,0,21.986877110107347,NA,Complete,TRUE,NA
ACSS2,6,9.67741935483871,17.600030107896234,0,MAR,TRUE,NA
DIABLO,3,4.838709677419355,20.188419136379476,0,MAR,TRUE,NA
SAR1A,0,0,24.080678535761322,NA,Complete,TRUE,NA
SH3GLB2,25,40.32258064516129,17.379195450746522,1,MNAR,TRUE,0.0024987506246876563
EIF2B3,39,62.903225806451616,17.602043704867402,1,MNAR,FALSE,4.997501249375312e-4
MBNL1,7,11.29032258064516,20.240065115676476,0,MAR,TRUE,NA
SDR39U1,11,17.741935483870968,21.477348511982964,0,MAR,TRUE,NA
AASDHPPT,33,53.2258064516129,16.762536104938164,1,MNAR,FALSE,0.04597701149425287
OSTC,23,37.096774193548384,18.107194798578437,1,MNAR,TRUE,0.0024987506246876563
CMC2,6,9.67741935483871,18.12889064686762,0,MAR,TRUE,NA
HEBP1,2,3.225806451612903,19.959844775891973,0,MAR,TRUE,NA
PHPT1,0,0,25.48884744847208,NA,Complete,TRUE,NA
LTBP3,7,11.29032258064516,18.94294116199934,0,MAR,TRUE,NA
TOMM22,0,0,19.395314947563623,NA,Complete,TRUE,NA
LANCL2,6,9.67741935483871,18.293872199454647,0,MAR,TRUE,NA
FARSB,0,0,23.2069857500835,NA,Complete,TRUE,NA
IARS2,0,0,21.480009044752705,NA,Complete,TRUE,NA
SIRT3,7,11.29032258064516,18.842394320627992,0,MAR,TRUE,NA
MAN2C1,3,4.838709677419355,23.067137110095565,0,MAR,TRUE,NA
OLA1,0,0,23.417888841468756,NA,Complete,TRUE,NA
CUTC,0,0,22.484993813584996,NA,Complete,TRUE,NA
ACSS1,26,41.935483870967744,17.74776924656344,1,MNAR,TRUE,4.997501249375312e-4
ABHD10,13,20.967741935483872,18.374568415980573,0,MAR,TRUE,NA
DDX19A,0,0,20.66265235259207,NA,Complete,TRUE,NA
SEPTIN11,12,19.35483870967742,17.747583305187746,0,MAR,TRUE,NA
PARVA,20,32.25806451612903,17.216489148626778,1,MNAR,TRUE,0.04397801099450275
PANK4,0,0,19.252881753666998,NA,Complete,TRUE,NA
DNAJC11,14,22.58064516129032,18.64319801827095,0,MAR,TRUE,NA
TMLHE,18,29.03225806451613,20.277318161486356,0,MAR,TRUE,NA
ATAD3A,7,11.29032258064516,17.61280294287025,0,MAR,TRUE,NA
ARL8B,0,0,21.71335042504837,NA,Complete,TRUE,NA
MRPS18A,19,30.64516129032258,16.036652058854138,1,MNAR,TRUE,0.22988505747126436
PNPO,4,6.451612903225806,21.528661211798894,0,MAR,TRUE,NA
OXSM,23,37.096774193548384,17.401799838138267,1,MNAR,TRUE,4.997501249375312e-4
MRPL22,16,25.806451612903224,16.372569193237972,1,MNAR,TRUE,0.00399800099950025
CZIB,0,0,22.945337076191596,NA,Complete,TRUE,NA
BABAM1,11,17.741935483870968,17.128503375560904,1,MNAR,TRUE,9.995002498750624e-4
NDUFB11,0,0,23.28757639006594,NA,Complete,TRUE,NA
OCIAD1,1,1.6129032258064515,20.033982438294125,0,MAR,TRUE,NA
MARCHF5,8,12.903225806451612,16.726115561137185,0,MAR,TRUE,NA
CHCHD3,0,0,23.74473602327868,NA,Complete,TRUE,NA
SIRT5,0,0,20.37001062917189,NA,Complete,TRUE,NA
BABAM2,11,17.741935483870968,21.38074714967223,0,MAR,TRUE,NA
DPP3,0,0,20.378386128385454,NA,Complete,TRUE,NA
TUBA8,0,0,22.03351152050555,NA,Complete,TRUE,NA
MAP3K20,0,0,21.88379481963746,NA,Complete,TRUE,NA
UGGT1,14,22.58064516129032,17.911117646458635,0,MAR,TRUE,NA
TECR,2,3.225806451612903,20.11855637376356,0,MAR,TRUE,NA
ERAP1,6,9.67741935483871,20.371824043871488,0,MAR,TRUE,NA
CISD1,0,0,25.9994821943103,NA,Complete,TRUE,NA
CLIC5,0,0,22.020974217250078,NA,Complete,TRUE,NA
FAM120A,27,43.54838709677419,15.709164338749298,1,MNAR,TRUE,0.06346826586706647
GLTP,25,40.32258064516129,14.125637247848953,1,MNAR,TRUE,4.997501249375312e-4
COQ3,0,0,22.30839809832259,NA,Complete,TRUE,NA
HSPBP1,11,17.741935483870968,17.38445583215198,0,MAR,TRUE,NA
MAT2B,8,12.903225806451612,23.403957965241062,0,MAR,TRUE,NA
MYOF,0,0,20.483395788354496,NA,Complete,TRUE,NA
EHD2,0,0,22.90077778833359,NA,Complete,TRUE,NA
TMOD4,3,4.838709677419355,21.51166975687126,0,MAR,TRUE,NA
LMCD1,0,0,25.538034164940658,NA,Complete,TRUE,NA
CHMP5,24,38.70967741935484,16.937752991775742,1,MNAR,TRUE,4.997501249375312e-4
CNIH4,17,27.419354838709676,20.213081255007204,0,MAR,TRUE,NA
NDUFAF4,10,16.129032258064516,18.468759966339523,0,MAR,TRUE,NA
EMC3,9,14.516129032258066,17.19238589566666,0,MAR,TRUE,NA
NDUFA13,0,0,25.224939652232155,NA,Complete,TRUE,NA
PDP1,5,8.064516129032258,20.800225251902706,0,MAR,TRUE,NA
MRPL36,1,1.6129032258064515,23.378003001518763,0,MAR,TRUE,NA
VAPA,0,0,22.44012342789817,NA,Complete,TRUE,NA
RNF181,30,48.38709677419355,16.574862472458438,1,MNAR,TRUE,0.04397801099450275
TMEM14C,42,67.74193548387096,20.027726674675655,1,MNAR,FALSE,9.995002498750624e-4
LARS1,6,9.67741935483871,17.730772400409112,0,MAR,TRUE,NA
SUCLA2,0,0,24.64664648125039,NA,Complete,TRUE,NA
GMPR2,0,0,19.94529988868276,NA,Complete,TRUE,NA
DPM3,29,46.774193548387096,18.97901140761113,1,MNAR,TRUE,4.997501249375312e-4
IMPACT,20,32.25806451612903,18.736793956529635,1,MNAR,TRUE,0.063968015992004
ATXN10,13,20.967741935483872,16.86685200210262,1,MNAR,TRUE,0.07946026986506746
EPS15L1,20,32.25806451612903,15.856113033647732,1,MNAR,TRUE,0.37881059470264866
SAE1,43,69.35483870967742,16.688013768763376,1,MNAR,FALSE,4.997501249375312e-4
RNF7,0,0,20.763971926882437,NA,Complete,TRUE,NA
MYOT,0,0,24.65734974203063,NA,Complete,TRUE,NA
GNG12,0,0,19.060187698982546,NA,Complete,TRUE,NA
VPS29,44,70.96774193548387,16.064623398460448,1,MNAR,FALSE,9.995002498750624e-4
EIF3K,0,0,22.679110300701616,NA,Complete,TRUE,NA
GRHPR,0,0,23.55310879858145,NA,Complete,TRUE,NA
CTSZ,12,19.35483870967742,17.328232362871223,1,MNAR,TRUE,0.00849575212393803
UBA2,25,40.32258064516129,16.28669196189774,1,MNAR,TRUE,0.1469265367316342
COPS7A,2,3.225806451612903,20.23498097155361,0,MAR,TRUE,NA
HSPB7,0,0,26.701320798179236,NA,Complete,TRUE,NA
CLIP2,25,40.32258064516129,19.529317165253804,1,MNAR,TRUE,0.025487256371814093
UQCR10,0,0,25.80083633601272,NA,Complete,TRUE,NA
DNAJB4,5,8.064516129032258,18.020729427196848,0,MAR,TRUE,NA
NIPSNAP3A,13,20.967741935483872,21.357650859955964,0,MAR,TRUE,NA
TES,40,64.51612903225806,16.139036464265555,1,MNAR,FALSE,0.0069965017491254375
KDM5B,4,6.451612903225806,19.839676655072267,0,MAR,TRUE,NA
WARS2,40,64.51612903225806,15.150868334661316,1,MNAR,FALSE,4.997501249375312e-4
MLX,22,35.483870967741936,19.939768607649114,0,MAR,TRUE,NA
SEPTIN9,21,33.87096774193548,17.59409120835482,1,MNAR,TRUE,9.995002498750624e-4
UBQLN2,8,12.903225806451612,16.125389228839897,1,MNAR,TRUE,0.014992503748125937
PCYOX1,0,0,23.395379386756566,NA,Complete,TRUE,NA
DPP7,31,50,14.177078026761116,1,MNAR,FALSE,4.997501249375312e-4
SMPX,0,0,24.38954595969653,NA,Complete,TRUE,NA
BCAP29,11,17.741935483870968,19.367326629976695,0,MAR,TRUE,NA
CYB5R1,0,0,26.123427113967423,NA,Complete,TRUE,NA
PFDN2,1,1.6129032258064515,20.81567024227885,0,MAR,TRUE,NA
PUF60,30,48.38709677419355,16.522999204669922,1,MNAR,TRUE,0.004497751124437781
ENOPH1,1,1.6129032258064515,19.726524209974404,0,MAR,TRUE,NA
NDUFA12,0,0,23.185573246516764,NA,Complete,TRUE,NA
EIF2B4,27,43.54838709677419,15.026364977603968,1,MNAR,TRUE,0.3183408295852074
ATP6V1H,22,35.483870967741936,17.061938559239074,1,MNAR,TRUE,0.19890054972513743
TRMT112,32,51.61290322580645,17.29979838364535,1,MNAR,FALSE,0.03398300849575212
XPO7,23,37.096774193548384,16.4218193838559,1,MNAR,TRUE,4.997501249375312e-4
LCMT1,5,8.064516129032258,18.6881446596867,0,MAR,TRUE,NA
ATP5IF1,0,0,24.119862310769186,NA,Complete,TRUE,NA
AK3,0,0,23.817106511001253,NA,Complete,TRUE,NA
NAGK,2,3.225806451612903,17.563397019175884,0,MAR,TRUE,NA
SLC25A13,0,0,24.847136119469855,NA,Complete,TRUE,NA
DBNL,27,43.54838709677419,16.596101778895854,1,MNAR,TRUE,4.997501249375312e-4
DCTN4,7,11.29032258064516,18.289239103705068,0,MAR,TRUE,NA
HSPB8,2,3.225806451612903,20.468966448466027,0,MAR,TRUE,NA
STOML2,0,0,19.794571062238937,NA,Complete,TRUE,NA
VPS28,6,9.67741935483871,17.00414527185877,0,MAR,TRUE,NA
JPT1,7,11.29032258064516,17.873469515884636,0,MAR,TRUE,NA
APPL1,6,9.67741935483871,20.109059949930863,0,MAR,TRUE,NA
PACSIN3,0,0,23.588213716925935,NA,Complete,TRUE,NA
ACAD8,9,14.516129032258066,20.780899143435928,0,MAR,TRUE,NA
AGO2,5,8.064516129032258,17.56583697852989,0,MAR,TRUE,NA
MYH2,0,0,29.90213198541756,NA,Complete,TRUE,NA
MYH13,19,30.64516129032258,22.53851923188031,0,MAR,TRUE,NA
CDV3,4,6.451612903225806,19.493734473479016,0,MAR,TRUE,NA
RAB21,3,4.838709677419355,19.627007888966848,0,MAR,TRUE,NA
PSME2,7,11.29032258064516,20.06866554701199,0,MAR,TRUE,NA
DNPEP,0,0,21.511968538290116,NA,Complete,TRUE,NA
MCTS1,0,0,21.868279945875365,NA,Complete,TRUE,NA
TBC1D24,21,33.87096774193548,15.722534429103458,1,MNAR,TRUE,4.997501249375312e-4
TMCO1,0,0,20.351029984381217,NA,Complete,TRUE,NA
EPDR1,4,6.451612903225806,21.25615363053994,0,MAR,TRUE,NA
MYO6,0,0,25.27122072529048,NA,Complete,TRUE,NA
NFU1,34,54.83870967741935,16.553833647489846,1,MNAR,FALSE,0.00399800099950025
SYNPO2,0,0,23.361816791101887,NA,Complete,TRUE,NA
UBQLN1,27,43.54838709677419,16.85362739041811,1,MNAR,TRUE,0.03398300849575212
SNX12,17,27.419354838709676,19.94791355205286,0,MAR,TRUE,NA
NDRG2,0,0,24.84290785244453,NA,Complete,TRUE,NA
VPS4A,4,6.451612903225806,20.666562152021157,0,MAR,TRUE,NA
G3BP2,20,32.25806451612903,18.747687878869847,1,MNAR,TRUE,0.09345327336331834
STUB1,0,0,18.2412662012478,NA,Complete,TRUE,NA
PACSIN2,21,33.87096774193548,17.06075072035418,1,MNAR,TRUE,4.997501249375312e-4
SNX6,7,11.29032258064516,17.497234210508317,0,MAR,TRUE,NA
PSMD13,0,0,21.652243912458623,NA,Complete,TRUE,NA
COPS3,0,0,21.25099098099457,NA,Complete,TRUE,NA
NSFL1C,0,0,23.272506443173647,NA,Complete,TRUE,NA
PPP6R1,26,41.935483870967744,17.526601474837545,1,MNAR,TRUE,0.0079960019990005
LIMCH1,16,25.806451612903224,19.139593269020292,0,MAR,TRUE,NA
USP24,21,33.87096774193548,16.77826685542759,1,MNAR,TRUE,9.995002498750624e-4
MAPRE3,17,27.419354838709676,18.86506257432687,0,MAR,TRUE,NA
PA2G4,0,0,21.6128426625835,NA,Complete,TRUE,NA
CAMK2A,4,6.451612903225806,21.545993254760273,0,MAR,TRUE,NA
CHMP2B,11,17.741935483870968,17.47150833707441,0,MAR,TRUE,NA
RTRAF,32,51.61290322580645,17.155167134078894,1,MNAR,FALSE,0.006496751624187906
RUVBL2,5,8.064516129032258,18.686957176607102,0,MAR,TRUE,NA
APOBEC2,0,0,25.770023509728595,NA,Complete,TRUE,NA
PIN4,7,11.29032258064516,18.703883857428696,0,MAR,TRUE,NA
EIF3L,1,1.6129032258064515,19.25652583993596,0,MAR,TRUE,NA
PLAA,1,1.6129032258064515,18.612678525022343,0,MAR,TRUE,NA
NUDC,0,0,19.612198371276385,NA,Complete,TRUE,NA
BCS1L,34,54.83870967741935,16.848895289088198,1,MNAR,FALSE,0.0239880059970015
VDAC3,0,0,26.13446389112594,NA,Complete,TRUE,NA
CFL2,0,0,26.858355201725313,NA,Complete,TRUE,NA
FARSA,1,1.6129032258064515,19.1749003060066,0,MAR,TRUE,NA
CNPY2,21,33.87096774193548,16.638137563331696,1,MNAR,TRUE,0.0014992503748125937
FNDC3A,32,51.61290322580645,21.22358155434251,1,MNAR,FALSE,0.04847576211894053
PADI2,0,0,25.36842659249411,NA,Complete,TRUE,NA
GSTK1,0,0,22.18502480412667,NA,Complete,TRUE,NA
LAMTOR2,37,59.67741935483871,16.33837822184919,1,MNAR,FALSE,4.997501249375312e-4
COA3,4,6.451612903225806,21.558609089047337,0,MAR,TRUE,NA
TMA7,0,0,22.593658360529652,NA,Complete,TRUE,NA
SUGT1,15,24.193548387096776,20.08651261375092,0,MAR,TRUE,NA
COQ6,0,0,21.384580981329734,NA,Complete,TRUE,NA
ACOT9,0,0,21.547753268025957,NA,Complete,TRUE,NA
MEMO1,0,0,18.136736231780894,NA,Complete,TRUE,NA
TMX2,10,16.129032258064516,16.585690807460743,1,MNAR,TRUE,0.6516741629185407
SH3GLB1,2,3.225806451612903,20.156386049690845,0,MAR,TRUE,NA
CAB39,0,0,22.664963508413486,NA,Complete,TRUE,NA
LUC7L2,7,11.29032258064516,17.15627211034472,0,MAR,TRUE,NA
DHRS7,0,0,23.92024354394792,NA,Complete,TRUE,NA
MOB4,15,24.193548387096776,17.6237384625691,1,MNAR,TRUE,0.0034982508745627187
SBDS,0,0,22.232216614037505,NA,Complete,TRUE,NA
MRPL11,29,46.774193548387096,19.00432536830128,1,MNAR,TRUE,0.009995002498750625
PPIL1,2,3.225806451612903,19.949137763544716,0,MAR,TRUE,NA
MSRB2,20,32.25806451612903,17.509554282759115,1,MNAR,TRUE,4.997501249375312e-4
FIS1,0,0,23.040587578303807,NA,Complete,TRUE,NA
PTRH2,38,61.29032258064516,17.341434074576046,1,MNAR,FALSE,0.03798100949525238
STRAP,0,0,21.46876085656468,NA,Complete,TRUE,NA
RTCB,0,0,20.834501212486355,NA,Complete,TRUE,NA
RPL36,0,0,18.230207022762713,NA,Complete,TRUE,NA
SAMHD1,37,59.67741935483871,15.668380602318082,1,MNAR,FALSE,4.997501249375312e-4
HBS1L,4,6.451612903225806,17.512924599501755,0,MAR,TRUE,NA
TLN1,0,0,20.53880714659899,NA,Complete,TRUE,NA
USP15,2,3.225806451612903,17.75809129679482,0,MAR,TRUE,NA
TLN2,1,1.6129032258064515,18.033887887327563,0,MAR,TRUE,NA
DTNA,0,0,21.006843567042402,NA,Complete,TRUE,NA
HYOU1,3,4.838709677419355,16.81084955201891,0,MAR,TRUE,NA
AFG3L2,0,0,22.317178747152948,NA,Complete,TRUE,NA
ARIH1,29,46.774193548387096,17.205746220238684,1,MNAR,TRUE,0.02948525737131434
RNF114,2,3.225806451612903,17.606569287147988,0,MAR,TRUE,NA
SAMM50,0,0,24.2734532376051,NA,Complete,TRUE,NA
PPME1,33,53.2258064516129,16.937916412609997,1,MNAR,FALSE,0.136431784107946
TIMM9,8,12.903225806451612,19.724211370245158,0,MAR,TRUE,NA
TIMM8B,8,12.903225806451612,16.370465065140145,1,MNAR,TRUE,0.00399800099950025
UCHL5,4,6.451612903225806,18.07014504500473,0,MAR,TRUE,NA
TIMM13,0,0,21.155972051812014,NA,Complete,TRUE,NA
SRPRB,4,6.451612903225806,18.192579180084774,0,MAR,TRUE,NA
GMPPB,4,6.451612903225806,17.39203273855431,0,MAR,TRUE,NA
MPC1,2,3.225806451612903,22.186466104449543,0,MAR,TRUE,NA
SNX5,31,50,18.57113469354806,1,MNAR,FALSE,0.001999000499750125
HEBP2,0,0,24.08038604550381,NA,Complete,TRUE,NA
HCFC2,0,0,22.237293264833948,NA,Complete,TRUE,NA
FHOD1,0,0,21.5524665259345,NA,Complete,TRUE,NA
MYH4,3,4.838709677419355,23.457360095934824,0,MAR,TRUE,NA
MRPS18B,2,3.225806451612903,18.630303186715512,0,MAR,TRUE,NA
COPG1,9,14.516129032258066,17.975284885671027,0,MAR,TRUE,NA
CLIC4,2,3.225806451612903,19.743532353872975,0,MAR,TRUE,NA
NFS1,35,56.451612903225815,17.33151312526657,1,MNAR,FALSE,4.997501249375312e-4
SPCS1,23,37.096774193548384,17.693614992930453,1,MNAR,TRUE,0.9025487256371814
SAR1B,0,0,23.593022169866035,NA,Complete,TRUE,NA
MTCH2,0,0,23.32071655007874,NA,Complete,TRUE,NA
BZW2,0,0,22.09047142300491,NA,Complete,TRUE,NA
DYNC1LI1,7,11.29032258064516,16.883340343598082,0,MAR,TRUE,NA
CHCHD2,1,1.6129032258064515,21.649368262805435,0,MAR,TRUE,NA
NDUFB9,0,0,23.652216190356047,NA,Complete,TRUE,NA
COX11,10,16.129032258064516,18.540669105496708,0,MAR,TRUE,NA
SQOR,23,37.096774193548384,17.702814684475957,1,MNAR,TRUE,4.997501249375312e-4
SESN1,15,24.193548387096776,19.207057872796103,0,MAR,TRUE,NA
SEC23IP,11,17.741935483870968,17.02644301656447,1,MNAR,TRUE,0.1359320339830085
